topology,K,seed,R_mean,R_std,cluster_mean,cluster_std,dominant_cluster,dominant_fraction,switching_rate,memory_score,reorganization_score
all_to_all,0.4,0,0.08648299896064761,0.048070746687975854,0.034,0.18932511719262185,0,0.9675,0.022,0.6075,0.0001353674649457908
all_to_all,0.4,1,0.13641221594154926,0.056823185104891656,0.105,0.31933524703671534,0,0.899,0.052,0.194,0.0016771487496896884
all_to_all,0.4,2,0.10333499007978904,0.049973401775231956,0.0535,0.22942918297374462,0,0.9475,0.0305,0.487,0.00036737349128174065
all_to_all,0.4,3,0.09700860243418268,0.03918848399744372,0.0405,0.1971287650242856,0,0.9595,0.027,0.5735,0.0002155603125377712
all_to_all,0.4,4,0.09243248529395501,0.03822245286283461,0.0295,0.16920328011004987,0,0.9705,0.025,0.7705,0.0001247874240726584
all_to_all,0.4,5,0.10910756282335402,0.04200982799423483,0.059,0.23562470159132295,0,0.941,0.039,0.445,0.000542172452263492
all_to_all,0.4,6,0.07604572399307136,0.040376761475673706,0.0485,0.21482027371735654,0,0.9515,0.0335,0.546,0.00034902925014105825
all_to_all,0.4,7,0.23203076129147882,0.03978303577080506,0.2345,0.48837460007662153,0,0.794,0.12,0.1275,0.01207262021449925
all_to_all,0.4,8,0.07891041747369183,0.027110276309010466,0.03,0.1705872210923198,0,0.97,0.021,0.7245,0.0001074699544057782
all_to_all,0.4,9,0.07898437617581286,0.04951201722763427,0.0595,0.24891715489294827,0,0.9435,0.042,0.657,0.0005906804226247855
all_to_all,0.4,10,0.09247655210525557,0.06024061528413117,0.0605,0.24049896049671401,0,0.94,0.037,0.595,0.0005339077067326432
all_to_all,0.4,11,0.14785905532418553,0.04822631597042828,0.068,0.26148804944012255,0,0.9345,0.042,0.374,0.0007193536411372445
all_to_all,0.4,12,0.07879696423090325,0.04972641807983079,0.041,0.19829019138626097,0,0.959,0.023,0.628,0.0001869876586071421
all_to_all,0.4,13,0.09809163567143964,0.05721917768917533,0.0475,0.2241511766643218,0,0.955,0.0315,0.682,0.0003177343030084794
all_to_all,0.4,14,0.08585256033674445,0.05205419636422321,0.042,0.203066491573573,0,0.9585,0.035,0.783,0.0002949540874378741
all_to_all,0.4,15,0.08176505401005288,0.053288321118377245,0.0485,0.24929450455234664,0,0.9575,0.025,0.7245,0.00026487542168188464
all_to_all,0.4,16,0.09169674981494882,0.041329902664168416,0.043,0.20285709255532572,0,0.957,0.027,0.5515,0.00023551709317958834
all_to_all,0.4,17,0.13329335391109512,0.03227624039255509,0.0675,0.2548406364769952,0,0.9335,0.039,0.4845,0.0006609292076499893
all_to_all,0.4,18,0.10022628007357824,0.04866064697427489,0.0315,0.17466467874186814,0,0.9685,0.024,0.727,0.00013204650263078959
all_to_all,0.4,19,0.11400885686316135,0.060131086601273524,0.0665,0.25115284191105625,0,0.934,0.044,0.374,0.0007293478694857942
all_to_all,0.45,0,0.10298565214575245,0.04902022976563661,0.0435,0.20397977840952766,0,0.9565,0.034,0.6275,0.00030168610114081167
all_to_all,0.45,1,0.19759532197885107,0.07568295286368718,0.1965,0.47104962583574994,0,0.8345,0.0965,0.3035,0.007523015889775015
all_to_all,0.45,2,0.11264058705094541,0.06055546918620138,0.034,0.1945353438324255,0,0.968,0.027,0.8305,0.00016807854329634677
all_to_all,0.45,3,0.12556271231966462,0.04555748442497704,0.0945,0.29760670355353225,0,0.907,0.0545,0.2565,0.0015084196046385012
all_to_all,0.45,4,0.23433780172508084,0.03929315520430072,0.1915,0.42758361755333896,0,0.822,0.11,0.1095,0.008372087307804263
all_to_all,0.45,5,0.18954207932648837,0.05112084652922208,0.1795,0.42341439512609863,0,0.8355,0.083,0.186,0.005781088513505854
all_to_all,0.45,6,0.07917068151962384,0.055409984363118954,0.0405,0.19712876502428558,0,0.9595,0.022,0.6145,0.00017564173762035337
all_to_all,0.45,7,0.29168243603623245,0.03067614047118748,0.3575,0.5680613963296574,0,0.688,0.1605,0.0995,0.028446242659839083
all_to_all,0.45,8,0.10906716443411167,0.046990138466883484,0.039,0.19359493795035035,0,0.961,0.035,0.648,0.0002642570978524311
all_to_all,0.45,9,0.11615488261560873,0.07069170800847065,0.075,0.2745450782658469,0,0.928,0.046,0.533,0.0009092933189837299
all_to_all,0.45,10,0.18198673845844213,0.04589493011659683,0.0995,0.3187471568500651,0,0.9065,0.061,0.27,0.0018179744388972059
all_to_all,0.45,11,0.194098947017589,0.04974133249118647,0.1905,0.44967738435460597,0,0.832,0.095,0.338,0.007176851129845314
all_to_all,0.45,12,0.10727849074384971,0.07302933268167633,0.0625,0.24818088161661447,0,0.939,0.039,0.6455,0.0005904223325049601
all_to_all,0.45,13,0.0977652580785841,0.05337643535638124,0.0485,0.23053795782907419,0,0.9545,0.032,0.718,0.000335663277088609
all_to_all,0.45,14,0.14183915039826303,0.07183286903815088,0.0815,0.2825911357420823,0,0.921,0.047,0.3895,0.0010492609093350508
all_to_all,0.45,15,0.14344411697961232,0.06457124086589759,0.1125,0.3253363643984484,0,0.8905,0.0655,0.2995,0.002333393775181104
all_to_all,0.45,16,0.15263784502008895,0.05718945829725186,0.0975,0.31143819611601914,0,0.907,0.0585,0.2995,0.001694379534932954
all_to_all,0.45,17,0.2009515315865072,0.051201825925194185,0.1345,0.3706882113043251,0,0.8755,0.0805,0.201,0.003715129971895456
all_to_all,0.45,18,0.14081557529235975,0.04820765757011852,0.0655,0.25141549276049,0,0.9355,0.039,0.428,0.0006324356882553119
all_to_all,0.45,19,0.11709204287814994,0.06594712981185998,0.0485,0.21482027371735654,0,0.9515,0.036,0.4945,0.0003750762083292877
all_to_all,0.5,0,0.14160893092948168,0.049229059171968306,0.0785,0.2798888172114063,0,0.9245,0.052,0.566,0.0010988435175035868
all_to_all,0.5,1,0.29393250828507184,0.07459175016850318,0.664,0.9955420634006381,0,0.5845,0.1945,0.1015,0.08045448338185444
all_to_all,0.5,2,0.11837498708351524,0.05450372348569226,0.0785,0.28519773842020557,0,0.926,0.0485,0.549,0.0010235747042947499
all_to_all,0.5,3,0.2263852802796398,0.06101730892332011,0.2385,0.4976120476837353,0,0.7925,0.1255,0.173,0.012958439839998573
all_to_all,0.5,4,0.30682859356825476,0.05160979424808655,0.4235,0.6573794566306435,0,0.6595,0.1905,0.0995,0.04264108302304855
all_to_all,0.5,5,0.21621019171698294,0.07534729647547139,0.24,0.5023942674832188,0,0.7925,0.1175,0.179,0.012249000338322038
all_to_all,0.5,6,0.17611666587065336,0.07865822546257441,0.163,0.39170269337853675,0,0.845,0.0955,0.3345,0.005798179179449708
all_to_all,0.5,7,0.38233021887655166,0.0428055489835762,1.073,1.1263529642168124,0,0.3635,0.334,0.0995,0.23945250373274007
all_to_all,0.5,8,0.18303704466146303,0.0616708092286448,0.1345,0.36388150543824016,0,0.873,0.079,0.23,0.0036508231902748147
all_to_all,0.5,9,0.2030092963278467,0.04970110265902404,0.2355,0.48686728171032395,0,0.7915,0.1075,0.175,0.010912521636946603
all_to_all,0.5,10,0.25022933311922074,0.04881556589167021,0.272,0.5366712215127619,0,0.7675,0.147,0.0995,0.01834208079802848
all_to_all,0.5,11,0.3326318019981905,0.06594678550232802,0.8815,0.8902009604578058,0,0.4065,0.2975,0.0995,0.15717944586276733
all_to_all,0.5,12,0.1523952476274812,0.07534070547145515,0.118,0.34939376067697603,0,0.89,0.061,0.4105,0.0023444321725758226
all_to_all,0.5,13,0.20221657097141213,0.09218634285224382,0.274,0.534718617592468,0,0.7665,0.133,0.2915,0.01660595415349969
all_to_all,0.5,14,0.2041194877980206,0.08207459535093752,0.233,0.4855007723989736,0,0.795,0.118,0.182,0.011744263783858828
all_to_all,0.5,15,0.1980682509498962,0.06909379167805649,0.1655,0.39001249979968583,0,0.841,0.0835,0.2445,0.005178001015602517
all_to_all,0.5,16,0.17995690135653403,0.07623575124414644,0.134,0.36884142934328834,0,0.876,0.082,0.2845,0.003750379699298893
all_to_all,0.5,17,0.30993390801480236,0.05321038155575312,0.6525,0.784055961012988,0,0.5185,0.266,0.0995,0.10042110380810546
all_to_all,0.5,18,0.20657766605195274,0.05568260270475748,0.147,0.3967253457998367,0,0.8675,0.092,0.2385,0.004836082017866116
all_to_all,0.5,19,0.1250824966493072,0.0556779114176398,0.0395,0.19984931823751614,0,0.9615,0.031,0.6095,0.00023852016901067412
all_to_all,0.55,0,0.2072480123651235,0.08649503870000888,0.302,0.5601749726647915,0,0.7465,0.146,0.137,0.02073263605530095
all_to_all,0.55,1,0.42356650702194404,0.05873266487360812,2.4105,1.50731209442504,2,0.244,0.4225,0.0995,0.48145055721983
all_to_all,0.55,2,0.1360732354272721,0.06241652172136912,0.1595,0.44951056717278626,0,0.8675,0.0765,0.3785,0.0045563515460653025
all_to_all,0.55,3,0.32968090707646397,0.12997966162269844,1.5085,1.787156330598977,0,0.438,0.31,0.157,0.3113583769213357
all_to_all,0.55,4,0.349895362635311,0.09569831461550948,1.06,1.47220922426128,0,0.511,0.254,0.104,0.1828572196285069
all_to_all,0.55,5,0.29647753402730415,0.040940151582144924,0.5615,0.726785903825879,0,0.562,0.2375,0.0995,0.07560390396381927
all_to_all,0.55,6,0.2272334861659976,0.06575285924308595,0.2235,0.48430130084483564,0,0.806,0.12,0.275,0.011274534377622223
all_to_all,0.55,7,0.42719381980953697,0.06276470948220679,2.1215,1.6543088435960198,1,0.235,0.424,0.0995,0.5365916177743513
all_to_all,0.55,8,0.28992475327397993,0.05967461935004859,0.5915,0.7633005633431696,0,0.55,0.225,0.0995,0.07728418238198118
all_to_all,0.55,9,0.2940316625848277,0.06201027476793618,0.6515,0.8677832390637652,0,0.5525,0.2555,0.179,0.09921908175573745
all_to_all,0.55,10,0.39381298904618633,0.0772696241893814,1.6605,1.4557608835244888,1,0.2935,0.3905,0.0995,0.4016273236025202
all_to_all,0.55,11,0.42339633050643505,0.06979759192432206,2.3065,1.6185047883772232,2,0.2505,0.4385,0.0995,0.531930906315777
all_to_all,0.55,12,0.2963317339600553,0.09925646676149827,0.847,1.1758362981299735,0,0.5565,0.256,0.1875,0.1334997504659681
all_to_all,0.55,13,0.3386868769534679,0.07568220124757415,0.9725,1.0764496040224085,0,0.433,0.306,0.0995,0.18676615980744285
all_to_all,0.55,14,0.3848257923714766,0.06462665147971997,1.3415,1.3597344409847094,0,0.3355,0.362,0.0995,0.3270827609479744
all_to_all,0.55,15,0.2795236535519441,0.054734521274680835,0.4065,0.6513507119824158,0,0.6745,0.1745,0.0995,0.036996557814937873
all_to_all,0.55,16,0.29342296954923275,0.06953952052257882,0.648,0.841484402707501,0,0.5515,0.24,0.0995,0.09057738148484115
all_to_all,0.55,17,0.4190286738603419,0.04480796411796696,2.0755,1.4116655942538232,1,0.2775,0.454,0.0995,0.46304749091909625
all_to_all,0.55,18,0.32763300710433485,0.07017678858711046,1.0115,1.0882866120650387,0,0.407,0.3095,0.0995,0.19973705156079277
all_to_all,0.55,19,0.23136381015585528,0.07196141157960909,0.2975,0.5366504914746655,0,0.7395,0.14,0.1725,0.019571643563878503
all_to_all,0.6,0,0.394802119614129,0.11761344406314113,2.51,2.0944927786936867,0,0.2435,0.3915,0.0995,0.6203254042269983
all_to_all,0.6,1,0.6123076655622977,0.01202149797404486,5.3485,1.393932476843839,5,0.3115,0.3425,0.0995,0.3287049607398643
all_to_all,0.6,2,0.311539635526813,0.09425392883332895,1.314,1.496129673524324,0,0.424,0.309,0.0995,0.266287144674324
all_to_all,0.6,3,0.3757144876262843,0.09489126274752717,2.6715,1.9203092849851036,1,0.21,0.468,0.0995,0.7099767503617369
all_to_all,0.6,4,0.3760063386640461,0.07701140103490484,2.106,1.8721014929752073,0,0.2395,0.3815,0.0995,0.5431542116567498
all_to_all,0.6,5,0.4125845772303775,0.09098130202713196,3.2385,1.862422548725181,4,0.1935,0.425,0.0995,0.6383686103594587
all_to_all,0.6,6,0.370198198244535,0.10742506767553649,1.899,1.7927071707336923,0,0.2885,0.358,0.0995,0.4566329936832851
all_to_all,0.6,7,0.485467067842529,0.03186852535965163,4.404,1.3452821265444657,5,0.308,0.4315,0.0995,0.40169855335285953
all_to_all,0.6,8,0.3871725667040404,0.11067710140377869,1.931,2.06233823608059,0,0.3715,0.357,0.0995,0.462736111847644
all_to_all,0.6,9,0.4061718902804715,0.09392333235745799,2.5405,2.1038915727765057,1,0.2145,0.423,0.0995,0.6990526909185516
all_to_all,0.6,10,0.46913231316939913,0.036079147119341994,4.0555,1.7393733785475733,3,0.228,0.5075,0.0995,0.6814690973239499
all_to_all,0.6,11,0.5320889882712245,0.02465362824427835,4.7235,1.3849360093520566,4,0.273,0.4655,0.0995,0.46868796788775746
all_to_all,0.6,12,0.4099668203888437,0.08073549160798527,2.7985,1.771975662925425,3,0.211,0.4655,0.0995,0.6508103368895075
all_to_all,0.6,13,0.4219299786858996,0.12646803648026106,2.89,2.2411827234743713,1,0.1975,0.468,0.0995,0.8417209972538188
all_to_all,0.6,14,0.43081793797442175,0.05568770422548549,3.276,1.5635932975041815,3,0.2495,0.481,0.0995,0.56444232743616
all_to_all,0.6,15,0.3450033468619853,0.10463430562439564,1.735,1.8225737296471711,0,0.338,0.3355,0.0995,0.40479544913491017
all_to_all,0.6,16,0.4193035217658443,0.09206176199505949,2.9635,1.9437509485528233,4,0.168,0.446,0.0995,0.721271553598594
all_to_all,0.6,17,0.4805566303012703,0.028474869206281866,4.311,1.6535655414890575,4,0.2155,0.545,0.0995,0.7069860824747225
all_to_all,0.6,18,0.39171539491369384,0.07629889531807496,2.228,1.7888588541301969,1,0.232,0.427,0.0995,0.5866312185618838
all_to_all,0.6,19,0.3518482324231671,0.14195827926601812,2.247,2.0300224136693665,0,0.2705,0.3515,0.166,0.5205368262771901
all_to_all,0.65,0,0.46598799366813787,0.09863348272029461,4.546,1.7854646454074636,5,0.22,0.406,0.0995,0.5654209453002982
all_to_all,0.65,1,0.7414466914874711,0.0030727805545362444,2.8405,0.9649143744395147,3,0.4245,0.0765,0.0995,0.042481079575788686
all_to_all,0.65,2,0.38523638607674954,0.10569876964382022,3.0745,1.9884541106095457,1,0.1855,0.398,0.0995,0.644599159110003
all_to_all,0.65,3,0.6037734502539808,0.008882491350506073,5.6295,1.4202921354425646,6,0.267,0.407,0.0995,0.4237171740997898
all_to_all,0.65,4,0.5322384990898396,0.01813876775796617,5.847,1.3170387238042776,6,0.306,0.462,0.0995,0.42227949284994276
all_to_all,0.65,5,0.6197365438709113,0.007878943863799216,4.63,1.3546586285850766,5,0.2775,0.225,0.0995,0.22021669428810234
all_to_all,0.65,6,0.4169661946558723,0.13023341990035195,3.573,2.167180426268196,5,0.2115,0.375,0.0995,0.640808164000999
all_to_all,0.65,7,0.6840687341275576,0.0026387239542492906,2.7945,0.8326282183543866,3,0.4505,0.0655,0.0995,0.029968163449594878
all_to_all,0.65,8,0.42554676796716884,0.06733008791685091,3.9025,1.613069666815417,4,0.238,0.4955,0.0995,0.6090483283983229
all_to_all,0.65,9,0.47407531478247245,0.055316883497933664,4.931,1.3100530523608576,5,0.304,0.452,0.0995,0.41213221076010387
all_to_all,0.65,10,0.6388191886068536,0.005790782414439226,3.998,1.254589972859659,4,0.301,0.2195,0.0995,0.19249236770780231
all_to_all,0.65,11,0.6761838750376262,0.004313682644306113,4.3065,1.2035604471733026,4,0.347,0.2175,0.0995,0.1709386821968312
all_to_all,0.65,12,0.604433097941733,0.01120015574338283,4.7355,1.4298740329133892,4,0.2875,0.281,0.0995,0.28627865583345724
all_to_all,0.65,13,0.49315097765298044,0.01590970933259383,5.477,1.286262414906072,6,0.3005,0.518,0.0995,0.4660656105792215
all_to_all,0.65,14,0.6053462755513395,0.005818096047363466,4.443,1.1030643680221022,4,0.344,0.2115,0.0995,0.1530435634004688
all_to_all,0.65,15,0.40417344757639706,0.06783181529947234,3.489,1.6863804434349918,4,0.216,0.475,0.0995,0.6280080784573132
all_to_all,0.65,16,0.5435276590035877,0.012293422019917741,5.931,1.2892784803912611,6,0.313,0.448,0.0995,0.39680897446663516
all_to_all,0.65,17,0.6155365997130107,0.005739691772514564,5.5775,1.3949887992381875,5,0.2725,0.3715,0.0995,0.3770183925769622
all_to_all,0.65,18,0.5228060689460298,0.01357816136948498,5.373,1.3931514634094888,5,0.2725,0.5325,0.0995,0.5396981707417073
all_to_all,0.65,19,0.3890056802312328,0.09040942427223914,3.711,1.7738317282087384,4,0.207,0.435,0.0995,0.611892125210894
all_to_all,0.7,0,0.7217877457970587,0.003305628594109063,2.985,1.110754248247559,3,0.3385,0.085,0.0995,0.06245493522810356
all_to_all,0.7,1,0.8022296452747967,0.0008001767364264544,1.374,0.49104378623499556,1,0.6295,0.0155,0.0995,0.002819941885332744
all_to_all,0.7,2,0.6626209833716501,0.002977715251145115,2.4985,0.9974957393392716,2,0.4145,0.061,0.0995,0.03562605966240551
all_to_all,0.7,3,0.7222358185339038,0.0024665353590148874,2.541,0.8416168962182259,3,0.45,0.0585,0.0995,0.027079024098710713
all_to_all,0.7,4,0.7062104412775945,0.0026275117626611503,3.0045,0.9200433413703945,3,0.3655,0.0955,0.0995,0.05574979684327122
all_to_all,0.7,5,0.7428730925067453,0.001091353203892699,1.425,0.5834166607151359,1,0.623,0.022,0.0995,0.0048388580039194174
all_to_all,0.7,6,0.6367688566313456,0.005162572349954668,3.5835,1.2004281527854967,4,0.344,0.1555,0.0995,0.12245327579682383
all_to_all,0.7,7,0.7758084380775901,0.0010542250720404931,1.422,0.4938785275753544,1,0.578,0.0115,0.0995,0.0023967927027399335
all_to_all,0.7,8,0.6352986154784552,0.0036468998421906183,3.7405,1.2017319792699204,3,0.3,0.157,0.0995,0.13207034536297663
all_to_all,0.7,9,0.70041252218955,0.002698017475347099,2.14,0.8991106717195609,2,0.4505,0.0635,0.0995,0.031372893940039885
all_to_all,0.7,10,0.7468358872097063,0.0018589337421060813,1.6335,0.6929485911667618,1,0.477,0.0265,0.0995,0.009603921361687848
all_to_all,0.7,11,0.7625005937100395,0.0019469405483961647,1.7985,0.7549157237731905,2,0.466,0.037,0.0995,0.014915625273435694
all_to_all,0.7,12,0.7206686323186332,0.0016560710398068718,1.7955,0.7153179363052488,2,0.448,0.0295,0.0995,0.011648237669650173
all_to_all,0.7,13,0.6713386865477803,0.0034309955215998666,3.3725,1.1170245073408194,3,0.363,0.1545,0.0995,0.10993364313825235
all_to_all,0.7,14,0.7430586664587481,0.0010729083013423276,1.488,0.5411617133537812,1,0.5335,0.014,0.0995,0.003534327402365484
all_to_all,0.7,15,0.6583224422107726,0.002475826524078198,2.1255,0.8641468335879037,2,0.434,0.0385,0.0995,0.018830624139821117
all_to_all,0.7,16,0.7137853891063837,0.0017464401347645573,1.44,0.4963869458396342,1,0.56,0.012,0.0995,0.0026209232924435245
all_to_all,0.7,17,0.7196710932823748,0.0022319810173671846,2.26,0.893532316147547,2,0.477,0.0605,0.0995,0.02827270324870001
all_to_all,0.7,18,0.6719542568749712,0.004502234339782556,3.568,1.053269196359601,4,0.359,0.1365,0.0995,0.0921573689144234
all_to_all,0.7,19,0.7141529525402779,0.003178906892425713,2.6685,1.1504815296214017,3,0.3325,0.079,0.0995,0.060667768028706985
all_to_all,0.75,0,0.7898344442539846,0.0011726317342454068,1.415,0.4927220311697053,1,0.585,0.014,0.0995,0.0028627152055756312
all_to_all,0.75,1,0.8405849889497179,1.8181856234998608e-05,1.0,0.0,1,1.0,0.0,1.0,0.0
all_to_all,0.75,2,0.7604847035390028,3.606566539767062e-05,1.0,0.0,1,1.0,0.0,1.0,0.0
all_to_all,0.75,3,0.7845180064010049,0.00026944175917694585,1.0905,0.2868967584341099,1,0.9095,0.0045,0.6685,0.00011683873083644793
all_to_all,0.75,4,0.7769242337682031,0.00019559742108916337,1.0155,0.12353036064061339,1,0.9845,0.002,0.874,3.829443094579594e-06
all_to_all,0.75,5,0.8020900324336443,1.0135151274787368e-05,1.0,0.0,1,1.0,0.0,1.0,0.0
all_to_all,0.75,6,0.754426342392633,0.00014887692297634863,1.1675,0.373421678535138,1,0.8325,0.0085,0.585,0.0005316591773625339
all_to_all,0.75,7,0.8247098390382195,2.8569879513185575e-05,1.0,0.0,1,1.0,0.0,1.0,0.0
all_to_all,0.75,8,0.746781490788482,0.0005816242707051597,1.5845,0.4968498264063298,2,0.5805,0.0205,0.0995,0.004272784503066337
all_to_all,0.75,9,0.7773729526765689,8.087008201506323e-05,1.0,0.0,1,1.0,0.0,1.0,0.0
all_to_all,0.75,10,0.8035693158148981,0.00013757404582773235,1.0295,0.1692032801100499,1,0.9705,0.0025,0.9125,1.247874689961293e-05
all_to_all,0.75,11,0.8126943995611827,0.00046108989806252097,2.0615,0.795435572501004,2,0.3635,0.0345,0.0995,0.017467169101737418
all_to_all,0.75,12,0.7853680316905074,5.450721199415209e-05,1.0,0.0,1,1.0,0.0,1.0,0.0
all_to_all,0.75,13,0.7512102677507397,0.00027438763417388773,1.0755,0.2641964231400569,1,0.9245,0.004,0.721,7.978733973512716e-05
all_to_all,0.75,14,0.8037703797980543,1.6195367035042502e-05,1.976,0.15304901175767188,2,0.976,0.0015,0.9185,5.5097680964524745e-06
all_to_all,0.75,15,0.7638022655252475,8.911670739745747e-05,1.0305,0.17195857059187253,1,0.9695,0.0015,0.9045,7.867109849314564e-06
all_to_all,0.75,16,0.7837140115931396,0.0001799236580116199,1.1755,0.38039420342586716,1,0.8245,0.0075,0.425,0.0005006939370184802
all_to_all,0.75,17,0.7817952026490202,0.0007259394519351318,1.4045,0.4907950183121259,1,0.5955,0.013,0.0995,0.0025808458023208985
all_to_all,0.75,18,0.7505900981688853,0.0002691342873048844,1.0,0.0,1,1.0,0.0,1.0,0.0
all_to_all,0.75,19,0.7888505757433484,1.063311715099701e-05,1.0,0.0,1,1.0,0.0,1.0,0.0
all_to_all,0.8,0,0.8300835323668189,6.458143729407145e-05,1.0,0.0,1,1.0,0.0,1.0,0.0
all_to_all,0.8,1,0.8673014958060333,5.121361512789466e-07,2.0,0.0,2,1.0,0.0,1.0,0.0
all_to_all,0.8,2,0.8114100590141545,2.743110795715127e-07,1.0,0.0,1,1.0,0.0,1.0,0.0
all_to_all,0.8,3,0.8246478014832295,7.334009139750433e-06,1.0,0.0,1,1.0,0.0,1.0,0.0
all_to_all,0.8,4,0.8201235851990466,5.595796789619957e-06,1.0,0.0,1,1.0,0.0,1.0,0.0
all_to_all,0.8,5,0.8392519475901252,5.096484865841709e-08,1.0,0.0,1,1.0,0.0,1.0,0.0
all_to_all,0.8,6,0.807904786824865,1.1375216250189802e-06,1.0,0.0,1,1.0,0.0,1.0,0.0
all_to_all,0.8,7,0.8565737792463083,6.241800653142083e-07,1.0,0.0,1,1.0,0.0,1.0,0.0
all_to_all,0.8,8,0.8019297380662808,7.9523997657901e-06,1.0,0.0,1,1.0,0.0,1.0,0.0
all_to_all,0.8,9,0.8218746997826658,9.370696699368129e-07,1.0,0.0,1,1.0,0.0,1.0,0.0
all_to_all,0.8,10,0.8398367482223469,3.3905160804014016e-06,1.0,0.0,1,1.0,0.0,1.0,0.0
all_to_all,0.8,11,0.8460102220820905,1.1320529003844825e-05,2.0,0.0,2,1.0,0.0,1.0,0.0
all_to_all,0.8,12,0.8262822767383461,7.144608598075024e-07,1.0,0.0,1,1.0,0.0,1.0,0.0
all_to_all,0.8,13,0.800059466899307,4.033176672560118e-06,1.0,0.0,1,1.0,0.0,1.0,0.0
all_to_all,0.8,14,0.8412040101550995,1.9612159568111823e-07,2.0,0.0,2,1.0,0.0,1.0,0.0
all_to_all,0.8,15,0.8154461890465439,1.1296308754390344e-06,1.0,0.0,1,1.0,0.0,1.0,0.0
all_to_all,0.8,16,0.8260673495377393,2.217763868924895e-06,1.0,0.0,1,1.0,0.0,1.0,0.0
all_to_all,0.8,17,0.8222380398385291,2.24371657900293e-05,1.0,0.0,1,1.0,0.0,1.0,0.0
all_to_all,0.8,18,0.7999115396347606,4.051931778404906e-06,1.0,0.0,1,1.0,0.0,1.0,0.0
all_to_all,0.8,19,0.8306555871380754,1.8478240093921974e-07,1.0,0.0,1,1.0,0.0,1.0,0.0
all_to_all,0.85,0,0.8578260861189619,2.5523823617462574e-06,2.0,0.0,2,1.0,0.0,1.0,0.0
all_to_all,0.85,1,0.887100436554908,1.4792664808796703e-08,2.0,0.0,2,1.0,0.0,1.0,0.0
all_to_all,0.85,2,0.8446692218008475,1.339833173166761e-08,1.0,0.0,1,1.0,0.0,1.0,0.0
all_to_all,0.85,3,0.8529649003727231,1.9491573982221467e-07,1.0,0.0,1,1.0,0.0,1.0,0.0
all_to_all,0.85,4,0.8498874279873594,1.305390875951884e-07,1.0,0.0,1,1.0,0.0,1.0,0.0
all_to_all,0.85,5,0.8653574127618743,3.4811099983108548e-09,1.0,0.0,1,1.0,0.0,1.0,0.0
all_to_all,0.85,6,0.8419213089468366,5.2817074232337094e-08,2.0,0.0,2,1.0,0.0,1.0,0.0
all_to_all,0.85,7,0.8792822184551943,1.3088374216608273e-08,2.0,0.0,2,1.0,0.0,1.0,0.0
all_to_all,0.85,8,0.8373000316282453,1.6807779308547388e-07,1.0,0.0,1,1.0,0.0,1.0,0.0
all_to_all,0.85,9,0.8520055690251709,1.2853513630873439e-08,1.0,0.0,1,1.0,0.0,1.0,0.0
all_to_all,0.85,10,0.8654625032993738,7.87717785099834e-08,1.0,0.0,1,1.0,0.0,1.0,0.0
all_to_all,0.85,11,0.8700077983766009,2.5698558812318613e-07,2.0,0.0,2,1.0,0.0,1.0,0.0
all_to_all,0.85,12,0.8549246343062359,1.5957888412984678e-08,1.0,0.0,1,1.0,0.0,1.0,0.0
all_to_all,0.85,13,0.833628714065012,5.6062772642007025e-08,1.0,0.0,1,1.0,0.0,1.0,0.0
all_to_all,0.85,14,0.8672415972117713,2.4789440751029337e-09,2.0,0.0,2,1.0,0.0,1.0,0.0
all_to_all,0.85,15,0.8484822829690588,4.992749495277144e-08,1.0,0.0,1,1.0,0.0,1.0,0.0
all_to_all,0.85,16,0.8552401781509227,2.910628633530358e-08,2.0,0.0,2,1.0,0.0,1.0,0.0
all_to_all,0.85,17,0.8509695337443852,6.173479688642102e-07,1.0,0.0,1,1.0,0.0,1.0,0.0
all_to_all,0.85,18,0.8336667784969874,6.494900267254979e-08,1.0,0.0,1,1.0,0.0,1.0,0.0
all_to_all,0.85,19,0.8589279932791519,7.824343684878003e-09,1.0,0.0,1,1.0,0.0,1.0,0.0
all_to_all,0.9,0,0.8783607996221097,9.580219179329373e-08,2.0,0.0,2,1.0,0.0,1.0,0.0
all_to_all,0.9,1,0.9023850963341286,3.164560238960406e-10,2.0,0.0,2,1.0,0.0,1.0,0.0
all_to_all,0.9,2,0.8685533910653818,1.0389996794742732e-09,1.0,0.0,1,1.0,0.0,1.0,0.0
all_to_all,0.9,3,0.8741655541251572,4.146591135994488e-09,1.0,0.0,1,1.0,0.0,1.0,0.0
all_to_all,0.9,4,0.8719001383980007,3.2438771414902906e-09,1.0,0.0,1,1.0,0.0,1.0,0.0
all_to_all,0.9,5,0.8848454483815245,2.8907251624929517e-10,1.0,0.0,1,1.0,0.0,1.0,0.0
all_to_all,0.9,6,0.8661930794903407,4.4899120261771554e-09,2.0,0.0,2,1.0,0.0,1.0,0.0
all_to_all,0.9,7,0.8963802957549111,2.872822458034047e-10,2.0,0.0,2,1.0,0.0,1.0,0.0
all_to_all,0.9,8,0.8624899975003093,4.637883960270159e-09,2.0,0.0,2,1.0,0.0,1.0,0.0
all_to_all,0.9,9,0.8740729090014008,1.4789156323643277e-09,1.0,0.0,1,1.0,0.0,1.0,0.0
all_to_all,0.9,10,0.8846823541976332,1.6217613712763261e-09,1.0,0.0,1,1.0,0.0,1.0,0.0
all_to_all,0.9,11,0.8881983173228583,6.282901693536991e-09,2.0,0.0,2,1.0,0.0,1.0,0.0
all_to_all,0.9,12,0.8762160708477353,1.879386980188976e-09,1.0,0.0,1,1.0,0.0,1.0,0.0
all_to_all,0.9,13,0.8584233115280718,5.986756373279967e-10,1.0,0.0,1,1.0,0.0,1.0,0.0
all_to_all,0.9,14,0.8865697804412773,1.648747742941137e-10,2.0,0.0,2,1.0,0.0,1.0,0.0
all_to_all,0.9,15,0.8719688611718477,4.305242777475158e-09,2.0,0.0,2,1.0,0.0,1.0,0.0
all_to_all,0.9,16,0.8767257355653665,1.2203838463974445e-09,2.0,0.0,2,1.0,0.0,1.0,0.0
all_to_all,0.9,17,0.8725065629448964,1.8112289632461525e-08,1.0,0.0,1,1.0,0.0,1.0,0.0
all_to_all,0.9,18,0.8584885605239237,1.2236647534598938e-09,1.0,0.0,1,1.0,0.0,1.0,0.0
all_to_all,0.9,19,0.8797010544334086,5.618782644156017e-10,1.0,0.0,1,1.0,0.0,1.0,0.0
all_to_all,0.95,0,0.8942603744565218,3.3575559701420048e-09,2.0,0.0,2,1.0,0.0,1.0,0.0
all_to_all,0.95,1,0.914530000717239,2.1953630326129347e-11,2.0,0.0,2,1.0,0.0,1.0,0.0
all_to_all,0.95,2,0.8866529007391246,9.621358183031343e-11,1.0,0.0,1,1.0,0.0,1.0,0.0
all_to_all,0.95,3,0.8906574927662786,6.61176343645788e-11,1.0,0.0,1,1.0,0.0,1.0,0.0
all_to_all,0.95,4,0.8889018139269742,1.7320651515586065e-10,1.0,0.0,1,1.0,0.0,1.0,0.0
all_to_all,0.95,5,0.8999745519655289,2.6373818941787726e-11,1.0,0.0,1,1.0,0.0,1.0,0.0
all_to_all,0.95,6,0.8845644954834291,4.536798124950115e-10,2.0,0.0,2,1.0,0.0,1.0,0.0
all_to_all,0.95,7,0.909737561634807,9.431684058795799e-12,2.0,0.0,2,1.0,0.0,1.0,0.0
all_to_all,0.95,8,0.8815030387651493,1.9408032252063925e-10,2.0,0.0,2,1.0,0.0,1.0,0.0
all_to_all,0.95,9,0.8910060801707747,1.6846304201036423e-10,1.0,0.0,1,1.0,0.0,1.0,0.0
all_to_all,0.95,10,0.8996630767697171,3.363804265940458e-11,1.0,0.0,1,1.0,0.0,1.0,0.0
all_to_all,0.95,11,0.902477365485189,1.7653651858718172e-10,2.0,0.0,2,1.0,0.0,1.0,0.0
all_to_all,0.95,12,0.8926803062297994,2.30266273234243e-10,1.0,0.0,1,1.0,0.0,1.0,0.0
all_to_all,0.95,13,0.8775276355223329,8.047175226878854e-11,1.0,0.0,1,1.0,0.0,1.0,0.0
all_to_all,0.95,14,0.9015256637352314,1.9471997832311776e-11,2.0,0.0,2,1.0,0.0,1.0,0.0
all_to_all,0.95,15,0.8896747342851499,4.182285454684394e-10,2.0,0.0,2,1.0,0.0,1.0,0.0
all_to_all,0.95,16,0.8932457901838754,1.3409318749483905e-10,2.0,0.0,2,1.0,0.0,1.0,0.0
all_to_all,0.95,17,0.8892571215306366,5.420561266505889e-10,1.0,0.0,1,1.0,0.0,1.0,0.0
all_to_all,0.95,18,0.8775712971907155,1.7687731628726707e-10,1.0,0.0,1,1.0,0.0,1.0,0.0
all_to_all,0.95,19,0.8956997007740982,5.1815656145647657e-11,1.0,0.0,1,1.0,0.0,1.0,0.0
all_to_all,1.0,0,0.9069522144126185,1.0953904913718695e-10,2.0,0.0,2,1.0,0.0,1.0,0.0
all_to_all,1.0,1,0.9243933646737068,2.9139018155270753e-12,2.0,0.0,2,1.0,0.0,1.0,0.0
all_to_all,1.0,2,0.9008686916664507,1.0404564327516043e-11,1.0,0.0,1,1.0,0.0,1.0,0.0
all_to_all,1.0,3,0.9038435865216402,8.552001358549349e-12,1.0,0.0,1,1.0,0.0,1.0,0.0
all_to_all,1.0,4,0.9024330793718809,1.733250618036975e-11,1.0,0.0,1,1.0,0.0,1.0,0.0
all_to_all,1.0,5,0.912053898870023,2.803438588593842e-12,1.0,0.0,1,1.0,0.0,1.0,0.0
all_to_all,1.0,6,0.8989987819900743,5.083152130881972e-11,2.0,0.0,2,1.0,0.0,1.0,0.0
all_to_all,1.0,7,0.9204560834921656,5.443188375234037e-13,2.0,0.0,2,1.0,0.0,1.0,0.0
all_to_all,1.0,8,0.8964054983799971,1.3552006095664018e-11,2.0,0.0,2,1.0,0.0,1.0,0.0
all_to_all,1.0,9,0.9044201620405246,2.041416445555141e-11,1.0,0.0,1,1.0,0.0,1.0,0.0
all_to_all,1.0,10,0.9116638007003544,2.109562581422293e-12,1.0,0.0,1,1.0,0.0,1.0,0.0
all_to_all,1.0,11,0.9139748150287371,5.402023735160127e-12,3.0,0.0,3,1.0,0.0,1.0,0.0
all_to_all,1.0,12,0.9057815519906474,3.108527668420034e-11,1.0,0.0,1,1.0,0.0,1.0,0.0
all_to_all,1.0,13,0.8926848368528876,9.615953086032071e-12,1.0,0.0,1,1.0,0.0,1.0,0.0
all_to_all,1.0,14,0.9134438001356796,2.4777939673482606e-12,2.0,0.0,2,1.0,0.0,1.0,0.0
all_to_all,1.0,15,0.9035429529968657,4.525381080013952e-11,2.0,0.0,2,1.0,0.0,1.0,0.0
all_to_all,1.0,16,0.9063448925114514,1.5488201535227178e-11,2.0,0.0,2,1.0,0.0,1.0,0.0
all_to_all,1.0,17,0.9026415794120287,1.410434332141911e-11,1.0,0.0,1,1.0,0.0,1.0,0.0
all_to_all,1.0,18,0.8927001869262541,2.0907256047657014e-11,1.0,0.0,1,1.0,0.0,1.0,0.0
all_to_all,1.0,19,0.9084145710349127,5.582543503730825e-12,1.0,0.0,1,1.0,0.0,1.0,0.0
all_to_all,1.05,0,0.9173132609633039,2.8101245079209203e-12,2.0,0.0,2,1.0,0.0,1.0,0.0
all_to_all,1.05,1,0.9325440737650401,4.0265370886281215e-13,1.0,0.0,1,1.0,0.0,1.0,0.0
all_to_all,1.05,2,0.9123287540554997,1.2595123875007326e-12,1.0,0.0,1,1.0,0.0,1.0,0.0
all_to_all,1.05,3,0.9146101194257437,1.3089564502674882e-12,1.0,0.0,1,1.0,0.0,1.0,0.0
all_to_all,1.05,4,0.9134462783065882,2.1791512312803575e-12,1.0,0.0,1,1.0,0.0,1.0,0.0
all_to_all,1.05,5,0.9219072571414422,3.387148124993206e-13,1.0,0.0,1,1.0,0.0,1.0,0.0
all_to_all,1.05,6,0.9106435234699731,6.216297563362172e-12,2.0,0.0,2,1.0,0.0,1.0,0.0
all_to_all,1.05,7,0.9292360043626636,4.085210146196629e-14,2.0,0.0,2,1.0,0.0,1.0,0.0
all_to_all,1.05,8,0.9084055022711831,1.3478279441855485e-12,2.0,0.0,2,1.0,0.0,1.0,0.0
all_to_all,1.05,9,0.9153005065187144,2.6900420686859928e-12,1.0,0.0,1,1.0,0.0,1.0,0.0
all_to_all,1.05,10,0.921479605309861,3.042571996000836e-13,1.0,0.0,1,1.0,0.0,1.0,0.0
all_to_all,1.05,11,0.9234159836206081,2.689664720479046e-13,3.0,0.0,3,1.0,0.0,1.0,0.0
all_to_all,1.05,12,0.9164386225553819,4.5695618386933975e-12,1.0,0.0,1,1.0,0.0,1.0,0.0
all_to_all,1.05,13,0.9049806427743401,1.1519748544467547e-12,1.0,0.0,1,1.0,0.0,1.0,0.0
all_to_all,1.05,14,0.9231546278663769,3.366300898086935e-13,2.0,0.0,2,1.0,0.0,1.0,0.0
all_to_all,1.05,15,0.9147061866489121,5.362181913691505e-12,2.0,0.0,2,1.0,0.0,1.0,0.0
all_to_all,1.05,16,0.9169763786736149,1.927163378213439e-12,2.0,0.0,2,1.0,0.0,1.0,0.0
all_to_all,1.05,17,0.9135626602913651,4.648433549287413e-13,1.0,0.0,1,1.0,0.0,1.0,0.0
all_to_all,1.05,18,0.9049727710879117,2.4882649356793655e-12,1.0,0.0,1,1.0,0.0,1.0,0.0
all_to_all,1.05,19,0.9187553506893693,6.695341669285841e-13,1.0,0.0,1,1.0,0.0,1.0,0.0
all_to_all,1.1,0,0.9259202626613319,2.1163947855174335e-13,2.0,0.0,2,1.0,0.0,1.0,0.0
all_to_all,1.1,1,0.9393761614105206,5.883401408156145e-14,1.0,0.0,1,1.0,0.0,1.0,0.0
all_to_all,1.1,2,0.9217543333916075,1.6559008948523385e-13,1.0,0.0,1,1.0,0.0,1.0,0.0
all_to_all,1.1,3,0.9235495360255291,1.8802148460661412e-13,1.0,0.0,1,1.0,0.0,1.0,0.0
all_to_all,1.1,4,0.9225691832836467,3.04138293268196e-13,1.0,0.0,1,1.0,0.0,1.0,0.0
all_to_all,1.1,5,0.9300833563583384,4.521495174701034e-14,1.0,0.0,1,1.0,0.0,1.0,0.0
all_to_all,1.1,6,0.9202281861950646,8.193362966517412e-13,2.0,0.0,2,1.0,0.0,1.0,0.0
all_to_all,1.1,7,0.9365469950507169,2.8304645563901147e-15,2.0,0.0,2,1.0,0.0,1.0,0.0
all_to_all,1.1,8,0.9182685742985961,1.6103350303100466e-13,2.0,0.0,2,1.0,0.0,1.0,0.0
all_to_all,1.1,9,0.9242901281021391,3.8126385750242055e-13,1.0,0.0,1,1.0,0.0,1.0,0.0
all_to_all,1.1,10,0.9296424139337487,4.5128384508058085e-14,1.0,0.0,1,1.0,0.0,1.0,0.0
all_to_all,1.1,11,0.9312917519824712,4.383238740593014e-14,3.0,0.0,3,1.0,0.0,1.0,0.0
all_to_all,1.1,12,0.9252610980548557,7.158614889898867e-13,1.0,0.0,1,1.0,0.0,1.0,0.0
all_to_all,1.1,13,0.9151338552874798,1.4719715340926714e-13,1.0,0.0,1,1.0,0.0,1.0,0.0
all_to_all,1.1,14,0.9312069869365596,4.8293282442855964e-14,2.0,0.0,2,1.0,0.0,1.0,0.0
all_to_all,1.1,15,0.9238802736297261,6.855677729238773e-13,2.0,0.0,2,1.0,0.0,1.0,0.0
all_to_all,1.1,16,0.9257650018114284,2.5710696053613784e-13,2.0,0.0,2,1.0,0.0,1.0,0.0
all_to_all,1.1,17,0.922625042957554,9.800947336704182e-14,1.0,0.0,1,1.0,0.0,1.0,0.0
all_to_all,1.1,18,0.9151094767432574,3.1422858820098615e-13,1.0,0.0,1,1.0,0.0,1.0,0.0
all_to_all,1.1,19,0.9273176948404689,8.697024022857478e-14,1.0,0.0,1,1.0,0.0,1.0,0.0
all_to_all,1.15,0,0.9331715502708742,4.5359628334710905e-14,2.0,0.0,2,1.0,0.0,1.0,0.0
all_to_all,1.15,1,0.9451719593070274,9.044793879519873e-15,1.0,0.0,1,1.0,0.0,1.0,0.0
all_to_all,1.15,2,0.9296318942463119,2.320264472744525e-14,1.0,0.0,1,1.0,0.0,1.0,0.0
all_to_all,1.15,3,0.9310748908932404,2.790160424091685e-14,1.0,0.0,1,1.0,0.0,1.0,0.0
all_to_all,1.15,4,0.9302353579078522,4.5390278899130694e-14,1.0,0.0,1,1.0,0.0,1.0,0.0
all_to_all,1.15,5,0.9369635580717367,6.524638181704422e-15,1.0,0.0,1,1.0,0.0,1.0,0.0
all_to_all,1.15,6,0.9282439403887158,1.1512833559839933e-13,2.0,0.0,2,1.0,0.0,1.0,0.0
all_to_all,1.15,7,0.9427174602365862,2.0702012913352237e-16,2.0,0.0,2,1.0,0.0,1.0,0.0
all_to_all,1.15,8,0.9265082106254647,2.1299934130613556e-14,2.0,0.0,2,1.0,0.0,1.0,0.0
all_to_all,1.15,9,0.9318294811030794,5.741323953402889e-14,1.0,0.0,1,1.0,0.0,1.0,0.0
all_to_all,1.15,10,0.9365235998553765,6.939756715599122e-15,1.0,0.0,1,1.0,0.0,1.0,0.0
all_to_all,1.15,11,0.9379477951047968,7.452505505784402e-15,2.0,0.0,2,1.0,0.0,1.0,0.0
all_to_all,1.15,12,0.9326708501606255,1.177545864877815e-13,1.0,0.0,1,1.0,0.0,1.0,0.0
all_to_all,1.15,13,0.923641342245832,2.0030525231077397e-14,1.0,0.0,1,1.0,0.0,1.0,0.0
all_to_all,1.15,14,0.9379802725426809,7.258704445814634e-15,2.0,0.0,2,1.0,0.0,1.0,0.0
all_to_all,1.15,15,0.9315443988166141,9.358444707276235e-14,2.0,0.0,2,1.0,0.0,1.0,0.0
all_to_all,1.15,16,0.9331393139267177,3.637065440145748e-14,2.0,0.0,2,1.0,0.0,1.0,0.0
all_to_all,1.15,17,0.9302502995147154,1.580813598460704e-14,1.0,0.0,1,1.0,0.0,1.0,0.0
all_to_all,1.15,18,0.9236060578480095,4.212747455159876e-14,1.0,0.0,1,1.0,0.0,1.0,0.0
all_to_all,1.15,19,0.9345113429776516,1.202828813444514e-14,1.0,0.0,1,1.0,0.0,1.0,0.0
all_to_all,1.2,0,0.9393525878804078,7.680424266775368e-15,2.0,0.0,2,1.0,0.0,1.0,0.0
all_to_all,1.2,1,0.9501393278406866,1.4639270465008785e-15,1.0,0.0,1,1.0,0.0,1.0,0.0
all_to_all,1.2,2,0.9363030962598841,3.421905661721349e-15,1.0,0.0,1,1.0,0.0,1.0,0.0
all_to_all,1.2,3,0.9374837760235842,4.3326764696041006e-15,1.0,0.0,1,1.0,0.0,1.0,0.0
all_to_all,1.2,4,0.9367550653588179,7.135967882973796e-15,1.0,0.0,1,1.0,0.0,1.0,0.0
all_to_all,1.2,5,0.9428218523983519,1.0369774271435293e-15,1.0,0.0,1,1.0,0.0,1.0,0.0
all_to_all,1.2,6,0.9350358121025871,1.710020612729941e-14,2.0,0.0,2,1.0,0.0,1.0,0.0
all_to_all,1.2,7,0.9479846588378256,2.158805761671487e-16,2.0,0.0,2,1.0,0.0,1.0,0.0
all_to_all,1.2,8,0.9334838754742425,3.026808832459081e-15,2.0,0.0,2,1.0,0.0,1.0,0.0
all_to_all,1.2,9,0.9382316280098254,9.099981472373497e-15,1.0,0.0,1,1.0,0.0,1.0,0.0
all_to_all,1.2,10,0.9423911487510609,1.1323322413921348e-15,1.0,0.0,1,1.0,0.0,1.0,0.0
all_to_all,1.2,11,0.9436352439030886,1.2633806311727493e-15,2.0,0.0,2,1.0,0.0,1.0,0.0
all_to_all,1.2,12,0.9389697766881677,2.0147759147930666e-14,1.0,0.0,1,1.0,0.0,1.0,0.0
all_to_all,1.2,13,0.9308581462309069,2.8815977087613686e-15,1.0,0.0,1,1.0,0.0,1.0,0.0
all_to_all,1.2,14,0.9437460784062587,1.1437883788530042e-15,2.0,0.0,2,1.0,0.0,1.0,0.0
all_to_all,1.2,15,0.9380334762520675,1.3536761129056466e-14,2.0,0.0,2,1.0,0.0,1.0,0.0
all_to_all,1.2,16,0.9394040757349049,5.40945673080227e-15,2.0,0.0,2,1.0,0.0,1.0,0.0
all_to_all,1.2,17,0.9367418758432979,2.4225336065023944e-15,1.0,0.0,1,1.0,0.0,1.0,0.0
all_to_all,1.2,18,0.9308160683437213,5.958285221810348e-15,1.0,0.0,1,1.0,0.0,1.0,0.0
all_to_all,1.2,19,0.9406287279466584,1.77340361988205e-15,1.0,0.0,1,1.0,0.0,1.0,0.0
small_world,0.4,0,0.089817767818844,0.03961908281088135,0.03,0.1705872210923198,0,0.97,0.0185,0.681,9.46759128238542e-05
small_world,0.4,1,0.09517084021619593,0.033544555330358,0.0325,0.17732385626305333,0,0.9675,0.021,0.7555,0.00012102353766255912
small_world,0.4,2,0.08670275878343943,0.04377584181663872,0.0415,0.19944360105052258,0,0.9585,0.029,0.722,0.0002400303821412133
small_world,0.4,3,0.10664517790304785,0.053894334454728694,0.047,0.21398831743812557,0,0.9535,0.037,0.5235,0.0003681669101027517
small_world,0.4,4,0.1122708520743154,0.04406009680209705,0.047,0.21398831743812557,0,0.9535,0.032,0.687,0.00031841462629838755
small_world,0.4,5,0.09018277767007575,0.04657123117214149,0.0275,0.1635351644142629,0,0.9725,0.024,0.6945,0.00010793321301063043
small_world,0.4,6,0.06759273136505073,0.021498584995133782,0.0335,0.18541237822756065,0,0.9675,0.0215,0.674,0.00012955690531241018
small_world,0.4,7,0.08658557603867377,0.05179870076055781,0.0625,0.2521780125229002,0,0.94,0.032,0.519,0.0004841817991746495
small_world,0.4,8,0.053307357459558294,0.02513264593078511,0.0315,0.17466467874186814,0,0.9685,0.019,0.717,0.00010453681572894536
small_world,0.4,9,0.08122444615029425,0.04201869326914611,0.0465,0.21757240174250042,0,0.955,0.0305,0.745,0.00029861813118234017
small_world,0.4,10,0.07525331328544876,0.03563454895789414,0.0305,0.1719585705918725,0,0.9695,0.022,0.7235,0.00011538420611188273
small_world,0.4,11,0.06687172844536698,0.033988337367853304,0.0175,0.13112494041943354,0,0.9825,0.017,0.985,3.900967206946785e-05
small_world,0.4,12,0.06619756874933089,0.030294438007196462,0.024,0.15304901175767194,0,0.976,0.018,0.869,6.61171767524906e-05
small_world,0.4,13,0.07078168117958966,0.0350796862363378,0.0315,0.17750422530182206,0,0.969,0.027,0.713,0.00014857104208025617
small_world,0.4,14,0.07085675962275183,0.03767544113389994,0.0395,0.19478128760227456,0,0.9605,0.024,0.726,0.00018465266834081706
small_world,0.4,15,0.1020426716674846,0.03824399023484552,0.032,0.17600000000000002,0,0.968,0.025,0.738,0.00014080000563200016
small_world,0.4,16,0.09091532010223272,0.032242661222958734,0.056,0.22992172581119863,0,0.944,0.038,0.487,0.0004892734454018477
small_world,0.4,17,0.0907103147971699,0.04483437446660948,0.0455,0.2083980566128197,0,0.9545,0.026,0.649,0.0002465349104550772
small_world,0.4,18,0.09539791816826391,0.04997265460452637,0.0355,0.18503986057063487,0,0.9645,0.028,0.6405,0.00018392962797612598
small_world,0.4,19,0.11279286476065777,0.04074273788878898,0.0585,0.2346864930071605,0,0.9415,0.043,0.573,0.0005903538868886719
small_world,0.45,0,0.11127190802611962,0.05464308642266587,0.0715,0.26151051604094244,0,0.9295,0.034,0.5065,0.0006268407253866305
small_world,0.45,1,0.09554397178081402,0.02846232134053515,0.0395,0.20961810513407472,0,0.9635,0.0265,0.8375,0.00020275311984199447
small_world,0.45,2,0.07112536895033834,0.05607970950479068,0.0415,0.20682782694792304,0,0.96,0.028,0.695,0.00023164717445478707
small_world,0.45,3,0.12469981483647949,0.06549776201693477,0.082,0.2833301960610623,0,0.9205,0.047,0.2945,0.00105866330010691
small_world,0.45,4,0.08419624992214554,0.03683859890917048,0.0545,0.23351605940491543,0,0.947,0.0245,0.469,0.00030322061551363413
small_world,0.45,5,0.09036318365174022,0.033680225206521586,0.0345,0.1825095887891921,0,0.9655,0.024,0.709,0.00015111794581403176
small_world,0.45,6,0.09659499864293494,0.04087663457820133,0.047,0.21861152760090213,0,0.9545,0.0335,0.542,0.0003332186308924995
small_world,0.45,7,0.09908472987442654,0.048288055857520384,0.0385,0.19239997401247227,0,0.9615,0.024,0.732,0.00017777758339492327
small_world,0.45,8,0.11039469950407778,0.04992433968523784,0.083,0.2830388665890252,0,0.919,0.0515,0.3535,0.0011806966549022663
small_world,0.45,9,0.0954444385510399,0.05188666178066461,0.041,0.2007959162931358,0,0.9595,0.029,0.7675,0.00023583481181852254
small_world,0.45,10,0.07446797653298959,0.03641567623510517,0.0285,0.17517919397006027,0,0.973,0.0155,0.6865,7.331249740630852e-05
small_world,0.45,11,0.13043893534568127,0.06497157582505894,0.079,0.27885300787332384,0,0.9235,0.0465,0.4105,0.0009919498835896366
small_world,0.45,12,0.08007066886275073,0.033594452742802684,0.0525,0.22303306929690944,0,0.9475,0.041,0.5445,0.00048007869337083367
small_world,0.45,13,0.10387965990754765,0.04749781562966504,0.0495,0.2214717814982306,0,0.9515,0.03,0.5935,0.00032224145282130684
small_world,0.45,14,0.08889952204142625,0.03725568184410803,0.0625,0.24206145913796356,0,0.9375,0.037,0.415,0.0005597671393853819
small_world,0.45,15,0.11828092233586907,0.05354482895495419,0.063,0.24501224459197957,0,0.9375,0.04,0.5225,0.0006125306267932142
small_world,0.45,16,0.09213807186108698,0.04232232011081064,0.068,0.27271963625672424,0,0.9375,0.0345,0.437,0.000588051732723539
small_world,0.45,17,0.14200825095781217,0.053841409284701096,0.1045,0.3279935212774789,0,0.9015,0.06,0.308,0.0019384417430572626
small_world,0.45,18,0.09579006852452611,0.048590348580926215,0.037,0.1913922673464108,0,0.9635,0.036,0.7055,0.00025148944627900136
small_world,0.45,19,0.10260105190225674,0.04613264741305558,0.056,0.23635566420122028,0,0.9455,0.03,0.5365,0.00038644152385037883
small_world,0.5,0,0.12342527732767576,0.05499385538232536,0.0615,0.24024518725668575,0,0.9385,0.035,0.5285,0.0005171277803450951
small_world,0.5,1,0.1161674722421061,0.05223265295414149,0.0375,0.18998355191963334,0,0.9625,0.023,0.67,0.00016386082065506687
small_world,0.5,2,0.09902308415848975,0.07202329050880592,0.0515,0.22549445669461587,0,0.9495,0.039,0.587,0.0004441113438475159
small_world,0.5,3,0.10228056394791164,0.04529793304844524,0.0435,0.2227279730972291,0,0.9605,0.0295,0.595,0.000259533779449301
small_world,0.5,4,0.11513214600180957,0.03476540745206748,0.0605,0.23841088481862568,0,0.9395,0.032,0.428,0.00046156348743271784
small_world,0.5,5,0.08388646330651528,0.03147878288301942,0.0375,0.18998355191963334,0,0.9625,0.025,0.624,0.00017810958704903937
small_world,0.5,6,0.10265348922628173,0.06456837908123651,0.045,0.21673716801693246,0,0.957,0.029,0.4885,0.00027027125783681325
small_world,0.5,7,0.14292705420241164,0.06207945224977874,0.075,0.2745450782658469,0,0.928,0.0425,0.4495,0.0008401079592607366
small_world,0.5,8,0.1552848402567662,0.058844565569530334,0.1135,0.32957207102544356,0,0.8905,0.06,0.303,0.0021652885427253066
small_world,0.5,9,0.08563827557628667,0.0425239689187015,0.0715,0.26151051604094244,0,0.9295,0.044,0.2815,0.0008112056391954948
small_world,0.5,10,0.0894975768827241,0.03334728847707725,0.0575,0.2412338077467584,0,0.9445,0.0295,0.357,0.00039496006512185645
small_world,0.5,11,0.10056920378809237,0.04821422685567096,0.028,0.16497272501841023,0,0.972,0.019,0.81,8.776549432903061e-05
small_world,0.5,12,0.11684028131483695,0.049889557139665634,0.078,0.2844573781781728,0,0.9265,0.0435,0.4065,0.0009094813732877803
small_world,0.5,13,0.10137723972837875,0.04887692988407439,0.041,0.2007959162931358,0,0.9595,0.0295,0.527,0.0002399009291234585
small_world,0.5,14,0.14188474473682328,0.05005637166601351,0.062,0.25525673350570005,0,0.9415,0.026,0.4785,0.0003882455065946886
small_world,0.5,15,0.11621874496452006,0.0397484946858417,0.052,0.22426769718352219,0,0.9485,0.037,0.499,0.0004273421085329878
small_world,0.5,16,0.12222036185393574,0.0615553819986304,0.072,0.27169100095512916,0,0.9315,0.04,0.481,0.0007444333612278875
small_world,0.5,17,0.1642050240986757,0.06923411873643816,0.105,0.3270703288285258,0,0.9015,0.0675,0.3595,0.002174608881015089
small_world,0.5,18,0.06974903411409741,0.03868204103655982,0.0225,0.14830289949963893,0,0.9775,0.015,0.9,5.00522319179433e-05
small_world,0.5,19,0.089383071105371,0.03909595624987855,0.062,0.2432200649617543,0,0.9385,0.035,0.4635,0.0005235312047882101
small_world,0.55,0,0.15817078231596637,0.05696499207845863,0.1315,0.3717630293614469,0,0.8785,0.061,0.296,0.002755321737281573
small_world,0.55,1,0.13838847778417931,0.03998485739220329,0.051,0.21999772726098782,0,0.949,0.029,0.538,0.0003253766498388854
small_world,0.55,2,0.12313635098937464,0.05709606262113586,0.0565,0.23304023257798212,0,0.944,0.0395,0.461,0.0005154850075127499
small_world,0.55,3,0.1331197674173751,0.05795258898293972,0.056,0.23208619088605853,0,0.9445,0.041,0.512,0.0005281121402420097
small_world,0.55,4,0.13772671715075563,0.04920465298670379,0.0415,0.2019350142991552,0,0.959,0.0265,0.62,0.00021940240131536787
small_world,0.55,5,0.11318272995683255,0.04611774271418501,0.0735,0.2628645088253643,0,0.927,0.0405,0.319,0.000777158939531298
small_world,0.55,6,0.1473430301953737,0.07536077898955187,0.09,0.2981610303175115,0,0.913,0.053,0.362,0.0013748205367340547
small_world,0.55,7,0.22556245587267523,0.05406627191258211,0.2525,0.5125853587452533,0,0.784,0.0925,0.1455,0.010241455578448598
small_world,0.55,8,0.13213375864913887,0.05352265043082709,0.0945,0.29252307601281646,0,0.9055,0.044,0.2905,0.0012163109777047218
small_world,0.55,9,0.1012971826158304,0.061654790611612144,0.0555,0.2332804106649335,0,0.9455,0.031,0.6745,0.00039412726653218746
small_world,0.55,10,0.15767664580287435,0.0511730015467258,0.0815,0.2861079341786941,0,0.922,0.0475,0.46,0.0010600299184484801
small_world,0.55,11,0.12828113663524016,0.05997568850318414,0.0735,0.2628645088253643,0,0.927,0.035,0.494,0.0006716188392379144
small_world,0.55,12,0.15577414389773697,0.08416993424283113,0.148,0.4038514578406273,0,0.869,0.0625,0.3155,0.0033065338639746773
small_world,0.55,13,0.0782909916312991,0.04109676290165668,0.026,0.15913516267626082,0,0.974,0.019,0.834,7.861277449958714e-05
small_world,0.55,14,0.14837603458417534,0.05904857825645338,0.092,0.300892007205243,0,0.9115,0.041,0.5305,0.0010917866747731672
small_world,0.55,15,0.11559335731013926,0.051939789951038824,0.0745,0.2663639427550208,0,0.9265,0.0325,0.4595,0.0006362768878338058
small_world,0.55,16,0.14599078160562676,0.07192612542178248,0.079,0.30944951122921494,0,0.93,0.0365,0.506,0.0007906435228521093
small_world,0.55,17,0.1374429251285524,0.05292688647127315,0.071,0.2587643715815607,0,0.9295,0.045,0.405,0.0008209299870853895
small_world,0.55,18,0.06624935387899022,0.04055767182124482,0.022,0.14668333238647124,0,0.978,0.017,0.899,5.485956953957361e-05
small_world,0.55,19,0.1015329582572759,0.04492852144853998,0.0485,0.21482027371735654,0,0.9515,0.03,0.6035,0.00031256350867753696
small_world,0.6,0,0.13802857816544992,0.0805206043877184,0.117,0.34541424406066407,0,0.891,0.0545,0.522,0.002051933354492527
small_world,0.6,1,0.15958187540172536,0.056276884497514855,0.096,0.2979664410634191,0,0.905,0.044,0.443,0.0012454997519519033
small_world,0.6,2,0.14893851137105485,0.05381836217557204,0.086,0.29258161254596976,0,0.9175,0.0435,0.418,0.001050002286162332
small_world,0.6,3,0.203299038057431,0.056244507852284166,0.194,0.4431297778303779,0,0.8255,0.085,0.148,0.006572722506995227
small_world,0.6,4,0.13999814212573017,0.04239290984611444,0.1025,0.31303953424447845,0,0.9005,0.061,0.298,0.0018999934842442961
small_world,0.6,5,0.17398161637351595,0.04972473725092776,0.1465,0.36883295677040573,0,0.859,0.067,0.2325,0.00348436499461547
small_world,0.6,6,0.14575493075859844,0.0782135171044541,0.1495,0.40018714372153436,0,0.8665,0.071,0.5225,0.0037931738951895453
small_world,0.6,7,0.2307307272925934,0.04660664737084295,0.2535,0.49217654352884393,0,0.772,0.0965,0.0995,0.010828868422937876
small_world,0.6,8,0.1457243244929944,0.0737083851958155,0.1195,0.34237369934035533,0,0.8865,0.059,0.3355,0.002292705516492105
small_world,0.6,9,0.11700325511187533,0.03302438534020136,0.088,0.30701140043978825,0,0.919,0.039,0.318,0.000969849038857214
small_world,0.6,10,0.20934019829462186,0.0787042707384006,0.235,0.47725779197410706,0,0.7865,0.0895,0.124,0.00911956130538377
small_world,0.6,11,0.2501824190190935,0.08070422659209966,0.302,0.5502690251140799,0,0.7375,0.119,0.2045,0.017189028816446687
small_world,0.6,12,0.14314849522342496,0.06768547123626896,0.0975,0.30658400153954546,0,0.9055,0.048,0.2855,0.001390665059955567
small_world,0.6,13,0.1396269794892088,0.0787835586873315,0.1265,0.3556652218027509,0,0.8815,0.054,0.326,0.0022759017964621327
small_world,0.6,14,0.1910698531909121,0.0926427507221697,0.332,0.6194965698048698,0,0.742,0.095,0.325,0.015183861085747473
small_world,0.6,15,0.11178325793097997,0.059792424796435435,0.0435,0.20882468723788383,0,0.9575,0.022,0.7365,0.00019525109144247048
small_world,0.6,16,0.20700202029062506,0.08273832616960256,0.3,0.552268050859363,0,0.743,0.103,0.2625,0.014619087716231088
small_world,0.6,17,0.10511051120481026,0.05635844335529609,0.0765,0.269532465576969,0,0.9245,0.0405,0.309,0.0008241629169676784
small_world,0.6,18,0.0965665083957183,0.04126613423138328,0.04,0.19595917942265426,0,0.96,0.03,0.7355,0.0002351510231455525
small_world,0.6,19,0.18482193780437878,0.051006880018608425,0.118,0.350821892133316,0,0.8915,0.0545,0.3425,0.002074497591721507
small_world,0.65,0,0.17055536592392923,0.08066664635623533,0.1525,0.4015516778697357,0,0.862,0.0575,0.4505,0.003186312619310485
small_world,0.65,1,0.10455008945113696,0.041623497217504295,0.062,0.2591447471973916,0,0.9425,0.0245,0.6415,0.00036507017751514836
small_world,0.65,2,0.10235237975175945,0.051432216614359344,0.052,0.22868318696397427,0,0.9495,0.0285,0.648,0.00032913228838640085
small_world,0.65,3,0.2805745273535481,0.08548656012808567,0.5225,0.7378981975855478,0,0.604,0.1565,0.1055,0.045730503189374425
small_world,0.65,4,0.1330266169048371,0.053378035392970986,0.0995,0.30265450599652405,0,0.9015,0.039,0.3625,0.0011626473145971163
small_world,0.65,5,0.18615533996307432,0.09639691212448791,0.2005,0.4640040409306798,0,0.8265,0.073,0.3235,0.0058768432609122255
small_world,0.65,6,0.1571705751638471,0.11356424996451756,0.196,0.5143772934335262,0,0.848,0.075,0.5135,0.005863901223327548
small_world,0.65,7,0.18935855432042714,0.07125004294947009,0.208,0.45137124409957713,0,0.8115,0.067,0.214,0.005700593212439089
small_world,0.65,8,0.1884420041512729,0.059165372929786846,0.2785,0.5185920843977471,0,0.7535,0.1065,0.134,0.013614209175463705
small_world,0.65,9,0.15953574679514435,0.03466955580968442,0.0795,0.277812436726652,0,0.9225,0.032,0.353,0.000688974864612561
small_world,0.65,10,0.16620597144137947,0.036905469222634955,0.152,0.3922958067581146,0,0.8605,0.055,0.2295,0.003009889632076898
small_world,0.65,11,0.2983464678263013,0.03433244401314589,0.4745,0.6552478538690532,0,0.6115,0.1445,0.0995,0.036784468087028156
small_world,0.65,12,0.1376200587761345,0.045552597913556064,0.055,0.24077998255669014,0,0.948,0.033,0.508,0.00041317846258783977
small_world,0.65,13,0.1783197842337693,0.06498097591375905,0.167,0.4075671723777567,0,0.8465,0.0745,0.326,0.00466083635408049
small_world,0.65,14,0.18532558361114349,0.08813571152604588,0.2365,0.4914954221556901,0,0.792,0.08,0.2395,0.00817848392690173
small_world,0.65,15,0.13453428335197107,0.03804483832761959,0.0595,0.23655813239032808,0,0.9405,0.031,0.386,0.000436331489269169
small_world,0.65,16,0.12051915776041085,0.08402292581970491,0.0685,0.28072718072890623,0,0.939,0.0335,0.7155,0.0005736660109438784
small_world,0.65,17,0.12029172455018568,0.048114460969973884,0.0885,0.28925378130631235,0,0.913,0.045,0.257,0.0011324285789792914
small_world,0.65,18,0.1453149300776548,0.08200732682456084,0.109,0.334841753668804,0,0.8985,0.051,0.473,0.0017333083718530022
small_world,0.65,19,0.17013187753046402,0.06012100811030418,0.1155,0.3334062836840362,0,0.889,0.054,0.2985,0.00199843730141021
small_world,0.7,0,0.17593501365167966,0.09309307937193503,0.2895,0.638505873113161,0,0.7885,0.078,0.4895,0.010533431523791811
small_world,0.7,1,0.15346609507056475,0.06362008038186791,0.133,0.38511167211602404,0,0.8835,0.0405,0.404,0.001817053191826941
small_world,0.7,2,0.1437126142821319,0.08807427644799154,0.149,0.41808970329344397,0,0.8735,0.0605,0.4765,0.003199745074618896
small_world,0.7,3,0.2925090378361,0.077517500101429,0.553,0.7951043956613496,0,0.599,0.1375,0.0995,0.043840068934614534
small_world,0.7,4,0.21373944780346596,0.060106373391136975,0.215,0.46019017807858525,0,0.8065,0.0665,0.315,0.0059216122530175155
small_world,0.7,5,0.22412098492872679,0.08845398938678586,0.404,0.6291136622264693,0,0.6675,0.11,0.184,0.023009832405113406
small_world,0.7,6,0.1562180876366391,0.09952251317329824,0.196,0.4545151262609419,0,0.827,0.0515,0.34,0.0040495025960529795
small_world,0.7,7,0.19883069529657066,0.10803809657590249,0.335,0.6291065092653231,0,0.746,0.078,0.525,0.012463858321357634
small_world,0.7,8,0.23994731632075814,0.06684968629204135,0.383,0.6590227613671625,0,0.702,0.133,0.0995,0.02611970832041491
small_world,0.7,9,0.15324405378104705,0.05370194978742111,0.094,0.3227444809752756,0,0.9155,0.033,0.4405,0.0008999730124714648
small_world,0.7,10,0.2658014097813606,0.06090509048701299,0.4885,0.7013328382444387,0,0.6195,0.126,0.132,0.033624000530810265
small_world,0.7,11,0.3685633698703442,0.06914714100334954,1.0495,1.031043039838784,1,0.385,0.2175,0.0995,0.1379148952505268
small_world,0.7,12,0.17802159205544385,0.07423118812239492,0.217,0.5813011267837006,0,0.8435,0.069,0.34,0.006277180308547417
small_world,0.7,13,0.21981047295504047,0.09286262624056953,0.326,0.5689674858900111,0,0.7245,0.0975,0.267,0.0152831780371136
small_world,0.7,14,0.23109900118633034,0.09733355105369483,0.4085,0.6439159494840923,0,0.669,0.096,0.227,0.020461073423942693
small_world,0.7,15,0.10288318382735673,0.05568161399428948,0.12,0.3340658617698013,0,0.883,0.042,0.2315,0.0016415996838225093
small_world,0.7,16,0.28045216518559096,0.05132475755242343,0.4225,0.6519154469714612,0,0.657,0.127,0.0995,0.028398089009130816
small_world,0.7,17,0.21158108903872114,0.07440905168770169,0.26,0.5407402333838309,0,0.7855,0.0865,0.1655,0.010033029591250724
small_world,0.7,18,0.19272001903875013,0.07157784115151798,0.2035,0.4517607220642362,0,0.815,0.0745,0.3055,0.006226392235426071
small_world,0.7,19,0.19159957323108645,0.07730009889284772,0.2405,0.4905708409597945,0,0.7845,0.0675,0.1465,0.007135966201029427
small_world,0.75,0,0.22221017823719996,0.13399413102103302,0.7725,1.1927882251263215,0,0.5865,0.125,0.205,0.061652241879434674
small_world,0.75,1,0.287621272373351,0.08184646307189151,0.606,0.8141031875628544,0,0.578,0.0975,0.2235,0.03349627599582519
small_world,0.75,2,0.1784108814452392,0.06043696133749428,0.1115,0.3406871732249396,0,0.897,0.042,0.399,0.0014738127464618673
small_world,0.75,3,0.3152573354159828,0.07760399832749809,0.8945,0.9645567634929527,0,0.429,0.146,0.0995,0.0804112396961154
small_world,0.75,4,0.1961680674568943,0.08397293099709031,0.2255,0.4864665970033297,0,0.802,0.061,0.2065,0.005875543654926601
small_world,0.75,5,0.19221257327697397,0.06200356287305718,0.22,0.4578209256903839,0,0.799,0.0595,0.1825,0.005475309452816151
small_world,0.75,6,0.2397728779736445,0.07256292613186652,0.3805,0.6330242886335405,0,0.691,0.1055,0.144,0.020636275492913612
small_world,0.75,7,0.1731148572114906,0.06351424643116615,0.254,0.5800724092731873,0,0.8075,0.05,0.386,0.0055831970509183666
small_world,0.75,8,0.21322246189907607,0.0817713647553044,0.2485,0.4967371035064725,0,0.7805,0.084,0.2455,0.009158838823486136
small_world,0.75,9,0.18558693733731677,0.0902790830074836,0.3035,0.596144068158025,0,0.7625,0.079,0.202,0.011185153220399164
small_world,0.75,10,0.23880877732570696,0.09370951060455919,0.3565,0.5894130555052204,0,0.698,0.0755,0.189,0.013439207256577273
small_world,0.75,11,0.384249671989255,0.08452252158667431,1.389,1.2967956662481566,0,0.314,0.2235,0.0995,0.19882600923443544
small_world,0.75,12,0.2689537628008309,0.12103502441921447,0.851,1.328833699151252,0,0.563,0.136,0.1845,0.07897524498865754
small_world,0.75,13,0.2304089284042476,0.0819979415684483,0.2895,0.596397308847047,0,0.7785,0.086,0.187,0.011360772468329403
small_world,0.75,14,0.20285802301174705,0.07753551871029148,0.3495,0.685820494006996,0,0.744,0.0785,0.3,0.013782248823134637
small_world,0.75,15,0.12891267823199276,0.05909249181903829,0.09,0.28618176042508375,0,0.91,0.031,0.4715,0.0007984471373423418
small_world,0.75,16,0.28636955545030435,0.08928500316117907,0.559,0.749345714607083,0,0.581,0.1175,0.1935,0.03689216320836907
small_world,0.75,17,0.23021839700475982,0.09570649863867116,0.4125,0.8481413502477048,0,0.7465,0.096,0.221,0.02064036811463197
small_world,0.75,18,0.22097572841364285,0.06301286912395093,0.2535,0.4819105207401059,0,0.768,0.0715,0.2115,0.007993931829840116
small_world,0.75,19,0.2124610249466343,0.11117352854932896,0.4375,0.7765911086279574,0,0.6945,0.104,0.366,0.024673852940576044
small_world,0.8,0,0.3040288809721184,0.09947516612840615,1.008,1.3888614041724971,0,0.5175,0.1285,0.117,0.08611114380557568
small_world,0.8,1,0.3752474751600428,0.09878135725648472,1.873,1.430688994855276,2,0.2435,0.154,0.0995,0.16667669967195073
small_world,0.8,2,0.32700326348968434,0.08942324384896529,0.844,1.0670820024721623,0,0.5115,0.111,0.0995,0.057860921482318854
small_world,0.8,3,0.3120192821966042,0.07595439243964888,1.011,1.3747287005078492,0,0.519,0.098,0.147,0.0648019621457835
small_world,0.8,4,0.19509738526204243,0.07707805320390727,0.1735,0.396733852853522,0,0.8335,0.0425,0.3015,0.002807387992310921
small_world,0.8,5,0.23840855149328022,0.09103268464433992,0.4325,0.696737934951155,0,0.672,0.0775,0.2305,0.0177110785349884
small_world,0.8,6,0.3397824218926963,0.06819401284457535,0.805,0.9060767075695081,0,0.455,0.164,0.1775,0.08098513661637444
small_world,0.8,7,0.12515837187570109,0.06658579712042156,0.062,0.24931105069771772,0,0.94,0.021,0.5215,0.00031413193883778767
small_world,0.8,8,0.2571204241133989,0.07640297035129807,0.6335,0.8391529955854297,0,0.56,0.1145,0.0995,0.04227652828682126
small_world,0.8,9,0.16731421835014537,0.08106618209085491,0.2025,0.4631346996285206,0,0.824,0.039,0.398,0.0031789566597618733
small_world,0.8,10,0.25320126123327974,0.0847871506579946,0.711,0.8851434911922473,0,0.5295,0.1075,0.1245,0.0447694517715999
small_world,0.8,11,0.4532528377406776,0.09869685343934174,2.571,1.6428508757644438,3,0.244,0.2355,0.0995,0.2924898854613453
small_world,0.8,12,0.31212003001180255,0.14056964868019795,1.45,1.8845423847714329,0,0.4725,0.1785,0.182,0.17744615626619328
small_world,0.8,13,0.27434241210101534,0.07554993453486278,0.551,0.805852964255887,0,0.6095,0.1285,0.0995,0.0404370976713228
small_world,0.8,14,0.3010922926530541,0.14264479217883627,1.403,1.5380477885943598,0,0.422,0.1465,0.339,0.13023727348379624
small_world,0.8,15,0.16065715773037567,0.05352266974741528,0.179,0.4253927596939092,0,0.838,0.0455,0.231,0.003135570100617432
small_world,0.8,16,0.19618824295654927,0.11747710626153297,0.288,0.5532232822287941,0,0.759,0.0605,0.477,0.008066272199863745
small_world,0.8,17,0.23870395430791377,0.11558146440415876,0.5425,0.9365862213378968,0,0.669,0.0985,0.1845,0.030535989177400157
small_world,0.8,18,0.18759040306980423,0.07750707584100376,0.2475,0.5120974028444198,0,0.786,0.0545,0.1735,0.005972592118963312
small_world,0.8,19,0.20190245306002924,0.1307705324145799,0.4085,0.8594345524820374,0,0.7645,0.0895,0.3095,0.01811451712369886
small_world,0.85,0,0.3508689278789907,0.092866056354529,1.276,1.7052342947524837,0,0.4545,0.1315,0.0995,0.1223219989042589
small_world,0.85,1,0.38920567215712065,0.12553893649428036,2.1875,1.4263042277158124,2,0.2715,0.1095,0.0995,0.11377735901212377
small_world,0.85,2,0.38548592424580824,0.0395192254468015,1.3685,1.1544296210683438,1,0.383,0.177,0.0995,0.12607410519953582
small_world,0.85,3,0.31926095232463125,0.14187668285546728,1.635,1.6259689418928027,0,0.3295,0.137,0.212,0.1493590691390722
small_world,0.85,4,0.19882645625029574,0.06252538402972338,0.174,0.45686321804233715,0,0.853,0.035,0.4505,0.0023505613239867182
small_world,0.85,5,0.17672828702260676,0.07415379600449677,0.293,0.6141262085272049,0,0.782,0.067,0.2545,0.008969927535627868
small_world,0.85,6,0.38551618451412706,0.10419373487042202,1.4335,1.5262954333942038,0,0.401,0.189,0.0995,0.17279343322424218
small_world,0.85,7,0.2919863034472502,0.1691782340606616,1.319,1.9455690684218847,0,0.5955,0.0955,0.3405,0.07515684750785298
small_world,0.85,8,0.19026457288162674,0.08304617306486159,0.305,0.5966364051916377,0,0.764,0.0515,0.2975,0.007251519009505356
small_world,0.85,9,0.26554670442408734,0.1043034917758817,0.8645,1.1163062975724898,0,0.499,0.114,0.1665,0.06375671843882465
small_world,0.85,10,0.33031510677393466,0.15934085558402092,1.8865,1.7057601677844398,0,0.318,0.1745,0.2265,0.2030008129711868
small_world,0.85,11,0.4628123026463808,0.0879940802246158,2.762,2.1364353488931043,1,0.218,0.197,0.0995,0.32912641290907074
small_world,0.85,12,0.3671118570264404,0.16510831751617172,2.34,2.2229259996680053,0,0.3005,0.2105,0.1015,0.32731418464455225
small_world,0.85,13,0.3689056969817955,0.06794002455328665,1.1445,1.1205443989418715,0,0.35,0.164,0.0995,0.11945003365555737
small_world,0.85,14,0.3453249389165336,0.1461219039735979,1.824,1.5359114557812246,0,0.2805,0.1385,0.157,0.15305472960727917
small_world,0.85,15,0.21041645862079897,0.08570932317839455,0.35,0.5945586598477899,0,0.708,0.084,0.1555,0.014583334982357721
small_world,0.85,16,0.21718293628786772,0.11642284334217759,0.4935,1.019292769522084,0,0.726,0.0695,0.2455,0.019410392489295266
small_world,0.85,17,0.28061446086108943,0.10954606474321765,0.6445,0.943991392969237,0,0.5865,0.1115,0.1625,0.04352295956103536
small_world,0.85,18,0.1798065740883245,0.05492749735542383,0.2095,0.4545434522683172,0,0.811,0.057,0.148,0.004896796697195293
small_world,0.85,19,0.2493483489818583,0.16568669757901283,0.9635,1.4398499053720843,0,0.58,0.1175,0.2565,0.07105659343484932
small_world,0.9,0,0.39608518149467353,0.09420046500387247,1.9035,1.839887972133086,1,0.3325,0.148,0.0995,0.1817625339951528
small_world,0.9,1,0.3854528782675359,0.09211249496570086,1.7165,1.7271733410402095,0,0.3375,0.07,0.1045,0.08009766483499206
small_world,0.9,2,0.4607002919146346,0.04179259729013381,2.976,1.4150703162740712,3,0.2815,0.206,0.0995,0.20944597359876957
small_world,0.9,3,0.3718323347606107,0.09780018844078253,2.2105,1.5994341968333676,3,0.2515,0.123,0.1035,0.14725271024573888
small_world,0.9,4,0.21572654380504255,0.06238556151127384,0.1945,0.42739881843542804,0,0.8185,0.048,0.3555,0.0037234985837823345
small_world,0.9,5,0.11200042607180423,0.04918763252487513,0.077,0.3115621928283341,0,0.936,0.0205,0.6195,0.0004087696169307543
small_world,0.9,6,0.3865793709064599,0.10324620737140115,1.4925,1.3453414993970862,0,0.2925,0.15,0.0995,0.1427743675753449
small_world,0.9,7,0.3728391321395791,0.14533707790730033,2.0335,2.2005403313731837,0,0.3645,0.1355,0.0995,0.1894890794680711
small_world,0.9,8,0.16821206071219913,0.1007434361820055,0.232,0.4451696305904077,0,0.778,0.0505,0.2375,0.004990796827376719
small_world,0.9,9,0.2945668753173526,0.14231769009597206,1.516,1.5826383035930858,0,0.3465,0.151,0.169,0.15617237487536445
small_world,0.9,10,0.4242184772450822,0.12662082730350613,2.4635,1.9946598080875846,0,0.2175,0.176,0.117,0.27470455033064345
small_world,0.9,11,0.5386767288829842,0.09079942105103406,3.6285,1.8712262690546007,3,0.2085,0.1655,0.0995,0.24511801194991217
small_world,0.9,12,0.4010724384932029,0.17662449324894414,2.873,2.400598050486587,0,0.2385,0.1585,0.0995,0.2897467851761729
small_world,0.9,13,0.2628386704491023,0.0850470066621675,0.537,0.8016426884840901,0,0.62,0.0735,0.2595,0.02238988059398486
small_world,0.9,14,0.3690553548210777,0.14241345779323994,1.7835,1.6265385793149818,0,0.3115,0.093,0.125,0.10414807962269976
small_world,0.9,15,0.2602996535010007,0.0830012931260346,0.682,0.9251356657269247,0,0.5585,0.103,0.1905,0.04207008223954643
small_world,0.9,16,0.23225879649541742,0.09087468078624221,0.34,0.6126989472816156,0,0.728,0.0565,0.154,0.009415957588477982
small_world,0.9,17,0.3098722133883791,0.11288247294428039,0.8665,1.1919218724396328,0,0.5375,0.1295,0.138,0.07138867119869513
small_world,0.9,18,0.1992874339402326,0.07611946871343846,0.2885,0.5833247380319131,0,0.775,0.058,0.2845,0.007612387962564531
small_world,0.9,19,0.3371168005239608,0.15405453944850614,1.522,1.848111468499668,0,0.425,0.1065,0.1005,0.11317372711491251
small_world,0.95,0,0.43803988517448483,0.09802602116863668,2.499,2.281008329664756,0,0.2415,0.1545,0.0995,0.26730737611898064
small_world,0.95,1,0.5597583651501596,0.02971332674956658,4.462,1.0883730977932153,4,0.348,0.093,0.0995,0.06599459186740866
small_world,0.95,2,0.4880214536162349,0.02369485776623844,3.3215,1.2038013748123066,3,0.3295,0.23,0.0995,0.1856442298238287
small_world,0.95,3,0.4542339455735273,0.05093757077495039,2.938,1.6362016990579127,4,0.2195,0.153,0.0995,0.19538948147260465
small_world,0.95,4,0.23977912029420106,0.09291628955807806,0.4305,0.7156603593884462,0,0.6805,0.055,0.2605,0.012575941894006955
small_world,0.95,5,0.24364666474007005,0.07662063393899933,0.428,0.6346778710495585,0,0.6445,0.074,0.1165,0.01669647097932872
small_world,0.95,6,0.42809137082202003,0.09598946981220324,2.2335,1.5092971046152577,3,0.248,0.2095,0.0995,0.2377807041844976
small_world,0.95,7,0.3517686976405029,0.09030186594110316,1.333,1.447449826418864,0,0.395,0.0825,0.3555,0.0722458403368387
small_world,0.95,8,0.14572912727978593,0.05984640789497307,0.124,0.3295815528818322,0,0.876,0.025,0.387,0.0010217028548017925
small_world,0.95,9,0.41075573956195816,0.14291503757032267,2.708,1.9379721360226003,0,0.1895,0.1475,0.1435,0.23168214796705824
small_world,0.95,10,0.4945226533574866,0.11876573505739021,3.441,1.9234133721069946,4,0.197,0.161,0.0995,0.24866465253060951
small_world,0.95,11,0.5744991631171873,0.09351824770296369,3.7795,1.5905595713458833,4,0.2915,0.1435,0.0995,0.16171179510575456
small_world,0.95,12,0.48714424908572385,0.17933025631849525,3.344,2.3444965344397506,4,0.2015,0.129,0.1615,0.24149838414684865
small_world,0.95,13,0.23559191792491072,0.1448808012160444,0.725,1.0678834206035788,0,0.586,0.0705,0.3505,0.031168313839260386
small_world,0.95,14,0.38363005751087864,0.10313810391262017,2.152,1.9418795019259047,0,0.3125,0.097,0.214,0.12949909061972592
small_world,0.95,15,0.3098485037554616,0.1438288665405041,1.087,1.366539790858649,0,0.4875,0.111,0.1815,0.07773903305282304
small_world,0.95,16,0.35057743427771026,0.07535621159365119,1.1115,1.091360504141505,0,0.353,0.1295,0.184,0.09144127758636247
small_world,0.95,17,0.3996494160924208,0.17515820257843903,2.3375,2.1703902298895468,0,0.3265,0.16,0.1175,0.2338812526346554
small_world,0.95,18,0.3054953475414117,0.07404410495191192,0.758,0.790212629613068,0,0.4395,0.126,0.0995,0.05580718698407788
small_world,0.95,19,0.3967034403265061,0.1300389775587082,2.4605,2.1427645110930875,0,0.2775,0.179,0.0995,0.2771183788565386
small_world,1.0,0,0.4814312722221144,0.1057206258373694,3.2725,2.310463968556965,0,0.1725,0.1765,0.0995,0.3374519287595357
small_world,1.0,1,0.6666223896592784,0.02517255424856936,4.9925,2.094145111972902,4,0.2245,0.043,0.1305,0.06983241160041391
small_world,1.0,2,0.5471245595697248,0.07402003566771552,3.2135,1.5096084757313732,3,0.242,0.167,0.0995,0.19109529965321487
small_world,1.0,3,0.5108733101710933,0.029711716979948576,3.79,1.2976517252329303,4,0.314,0.152,0.0995,0.13530874158367717
small_world,1.0,4,0.2417519951217905,0.1324394192599671,0.344,0.6400499980470276,0,0.7375,0.0445,0.131,0.007476584207699964
small_world,1.0,5,0.2891384595842135,0.0948017946656278,0.8945,1.1284368613263218,0,0.4875,0.098,0.2455,0.0566757419384384
small_world,1.0,6,0.536683334725809,0.04435713655660471,4.4915,1.7346261124519025,4,0.249,0.253,0.0995,0.3295841665469031
small_world,1.0,7,0.4150332274661564,0.05633241105610842,2.1795,0.9911002724245414,2,0.3585,0.1105,0.0995,0.07025488677180874
small_world,1.0,8,0.13145417085861102,0.06069983462147276,0.1455,0.4258283104726599,0,0.8825,0.0305,0.322,0.001526062257691222
small_world,1.0,9,0.41336565057315905,0.15186037667831975,2.4255,2.1143438107365604,0,0.2665,0.149,0.106,0.231079808141986
small_world,1.0,10,0.543776658560796,0.1034232994051136,3.8515,1.6752455790122236,3,0.2465,0.1525,0.0995,0.19250037668961842
small_world,1.0,11,0.5909478071713541,0.10364422579317395,3.5085,1.6697088818114372,5,0.24,0.0875,0.112,0.11103564190943932
small_world,1.0,12,0.594274124628859,0.11266404104679857,4.6345,1.7620754098505547,4,0.313,0.107,0.0995,0.12952840251325023
small_world,1.0,13,0.2606512223613761,0.16962448735444965,1.2105,1.4128657933434443,0,0.4625,0.089,0.2155,0.06758796814848238
small_world,1.0,14,0.40848099598505083,0.08279229092623588,3.0,1.7731328207441202,4,0.235,0.115,0.0995,0.15599136126141058
small_world,1.0,15,0.35313294906682596,0.18345533808124176,1.6005,1.690828125505369,0,0.3885,0.1385,0.1545,0.14320088476033624
small_world,1.0,16,0.402177716203666,0.10209786659150967,1.736,1.5307854193191155,0,0.2995,0.134,0.0995,0.1436902360275426
small_world,1.0,17,0.410664933331588,0.17287664963203173,2.4195,2.1578970665905266,0,0.2965,0.1595,0.191,0.24213385504033705
small_world,1.0,18,0.3412894134063554,0.07717117769706938,1.051,1.0244017766482056,0,0.373,0.1345,0.0995,0.08638933906970807
small_world,1.0,19,0.4489154836829133,0.13155266910074534,3.0035,2.036538177889135,1,0.23,0.129,0.0995,0.2022893387778622
small_world,1.05,0,0.561656564506445,0.06015857770174097,4.2085,1.6700382480649958,4,0.244,0.181,0.0995,0.22852135497477066
small_world,1.05,1,0.7224335520710619,0.033102499025147225,3.4525,0.690466327926279,4,0.564,0.008,0.5745,0.0024083468528501802
small_world,1.05,2,0.5794751701758517,0.04320089705726599,4.2005,1.5634256458175426,4,0.237,0.1305,0.0995,0.15567263788541522
small_world,1.05,3,0.5456995677438999,0.03625132294733088,3.819,1.3828373006250592,4,0.3015,0.1135,0.0995,0.1096309964501414
small_world,1.05,4,0.2602493436634344,0.15122342364613073,0.689,0.9376987789263671,0,0.5775,0.059,0.311,0.023374486707864746
small_world,1.05,5,0.32501609036049994,0.09868632172120528,1.132,1.0288712261502895,1,0.3385,0.137,0.126,0.09324196998608138
small_world,1.05,6,0.5722147641105748,0.04059905711785022,4.3755,1.7246738097391054,4,0.2355,0.208,0.0995,0.27425073184798665
small_world,1.05,7,0.5120981673183597,0.047930259329231735,3.434,1.221328784562126,3,0.354,0.097,0.0995,0.07653090508721033
small_world,1.05,8,0.19415563251090567,0.03149514510430941,0.2205,0.418186262328164,0,0.781,0.043,0.157,0.003938060123927111
small_world,1.05,9,0.40575541937028514,0.16978449350835995,2.5685,2.1737773000010834,0,0.2105,0.1935,0.1025,0.3320841557270877
small_world,1.05,10,0.569049822790994,0.10746780867971496,3.9915,1.7451153973305031,3,0.2675,0.109,0.0995,0.1393343773896577
small_world,1.05,11,0.6168162012503678,0.06867531042489476,4.16,1.392982411949268,4,0.35,0.08,0.1455,0.07243508632680051
small_world,1.05,12,0.6769723570176708,0.06079111476490238,4.6825,1.7397395638428184,3,0.292,0.074,0.1105,0.09114843646058854
small_world,1.05,13,0.39193248066749964,0.11520322307910724,2.4835,1.6681509973620494,4,0.224,0.156,0.115,0.20193968843114543
small_world,1.05,14,0.4721221163788405,0.0803971063606064,4.2055,1.5634160514719042,4,0.3315,0.102,0.0995,0.10660465134685834
small_world,1.05,15,0.35226535243060486,0.17739299233149441,1.595,1.8992037805354118,0,0.461,0.119,0.325,0.12181683071099265
small_world,1.05,16,0.45656593428209646,0.1819312296870312,2.8025,2.2506651794525103,0,0.217,0.142,0.1845,0.25024246040487763
small_world,1.05,17,0.4074319334740374,0.1425504286335597,2.151,1.9215095628177343,0,0.2675,0.1615,0.0995,0.22731218080189017
small_world,1.05,18,0.36603565627723633,0.08022406144851292,1.083,1.1009591273067316,0,0.3575,0.153,0.0995,0.10822703531943623
small_world,1.05,19,0.5144902569394851,0.11633796127903091,3.267,1.8310409607652147,4,0.2885,0.1265,0.0995,0.1648023852162186
small_world,1.1,0,0.6334846279095907,0.07172684698332571,4.3775,1.7609638695896064,4,0.2195,0.0965,0.0995,0.13263271834514967
small_world,1.1,1,0.78339273473355,0.037430755832507503,3.262,1.566,3,0.7095,0.0175,0.665,0.007961152954923
small_world,1.1,2,0.6361137515788311,0.03305961137586119,4.27,1.0512373661547616,5,0.367,0.083,0.1125,0.055230960645838274
small_world,1.1,3,0.5750762790046523,0.03847861905062266,3.7185,1.27132126152283,4,0.2735,0.083,0.0995,0.07666003733281078
small_world,1.1,4,0.33875161157378714,0.13589568360617726,1.443,1.6284197861730865,0,0.441,0.1005,0.1865,0.09148381028759757
small_world,1.1,5,0.22046485770976834,0.07185081352826571,0.3815,0.6032891097972846,0,0.6745,0.0625,0.114,0.012273163023809115
small_world,1.1,6,0.605619526674607,0.039940325493956166,4.7995,1.619042849957962,5,0.271,0.154,0.0995,0.18176346577366279
small_world,1.1,7,0.5845580803891526,0.049450053337851484,3.18,1.3124785712536415,3,0.376,0.099,0.0995,0.08107967703675159
small_world,1.1,8,0.34321184806947463,0.07052854716425894,1.527,1.3027935369812058,0,0.273,0.1205,0.0995,0.11412927456406396
small_world,1.1,9,0.37835940357364656,0.14899892236850845,2.8265,1.9736762019135763,3,0.189,0.1815,0.115,0.2905182306556231
small_world,1.1,10,0.5840944616541731,0.1081126678071504,4.059,1.7200345926753917,3,0.2365,0.107,0.0995,0.1405173673445662
small_world,1.1,11,0.6540292784181367,0.0532652546838097,5.5905,1.742644470338112,7,0.2995,0.0545,0.123,0.06652937482593814
small_world,1.1,12,0.7234687337701811,0.04548846489272405,4.471,2.0303100748407865,3,0.2885,0.073,0.102,0.10545329157675865
small_world,1.1,13,0.494118850718914,0.03709843023915557,3.471,1.3349752806700204,4,0.315,0.126,0.0995,0.11522171738908754
small_world,1.1,14,0.660822379405739,0.010776348408839407,2.7885,0.4083720729922653,3,0.7885,0.004,0.6575,0.00034548286012215
small_world,1.1,15,0.42441067866156645,0.2011896726698394,2.2735,2.225241054357932,0,0.366,0.0975,0.2795,0.1375532771859384
small_world,1.1,16,0.3542849757561603,0.14061917601086812,1.4225,1.214904831663781,1,0.316,0.1155,0.124,0.09597991234209692
small_world,1.1,17,0.3256826679178121,0.11857636207012354,1.399,1.2336121756856975,1,0.3575,0.176,0.0995,0.1394968656191345
small_world,1.1,18,0.38098269622992254,0.06632747467937473,1.3335,1.1332597892804632,1,0.343,0.1555,0.0995,0.11577778722670629
small_world,1.1,19,0.5545721547305937,0.11410742779418827,3.6385,1.547842934538256,3,0.2615,0.1155,0.0995,0.13202597296965798
small_world,1.15,0,0.648337672244139,0.10673263214053545,4.2645,2.4399876536572886,2,0.1885,0.081,0.1235,0.16038405043642406
small_world,1.15,1,0.8056308019517833,0.04151973666142485,3.338,1.3497244163161606,3,0.673,0.018,0.6435,0.007944478355796803
small_world,1.15,2,0.6731081177963696,0.03144275662887787,4.947,1.182874042322343,5,0.354,0.058,0.181,0.04431992538187018
small_world,1.15,3,0.5974192056894704,0.04017121977839812,4.3425,1.4890244289466847,6,0.2485,0.061,0.0995,0.06825911447856131
small_world,1.15,4,0.458403479480697,0.07215990365039547,1.94,1.4315725619052635,1,0.2385,0.1595,0.0995,0.1738777307797344
small_world,1.15,5,0.4511993188418831,0.04133509414380411,2.2785,1.3068809241855204,2,0.3695,0.146,0.0995,0.12030231053803814
small_world,1.15,6,0.6362818917722176,0.04454225055074187,4.936,1.5237795116092092,6,0.2795,0.1235,0.0995,0.13558856865501587
small_world,1.15,7,0.6436210771166077,0.030767527885101745,3.9505,1.413170106533534,4,0.31,0.0685,0.0995,0.06679348606039487
small_world,1.15,8,0.4384279767901038,0.0815618713848,2.799,1.738274719369755,3,0.255,0.155,0.0995,0.20072727451423714
small_world,1.15,9,0.41276542317252723,0.10849594818885473,3.1265,1.6674824586783512,3,0.2845,0.1695,0.0995,0.20222768820483278
small_world,1.15,10,0.5914970499865277,0.11526829284088759,4.362,1.530998367079469,5,0.2835,0.1095,0.0995,0.12011715723332246
small_world,1.15,11,0.71974626557681,0.03447917920870222,4.892,1.241505537643711,4,0.489,0.0255,0.4415,0.016177438542675705
small_world,1.15,12,0.7431362161436751,0.05023939982494626,4.288,2.023624471091413,2,0.2285,0.076,0.1075,0.11865319879920017
small_world,1.15,13,0.5546859123426383,0.023188955480163906,4.0355,1.300092208268321,3,0.2965,0.05,0.0995,0.045730744340453065
small_world,1.15,14,0.7269741700992053,0.004656861056700104,2.111,0.3141321378019129,2,0.889,0.0005,0.9085,1.743436851667346e-05
small_world,1.15,15,0.47074127142711303,0.20587777930971152,2.1735,2.055577230366205,0,0.353,0.0865,0.254,0.11504140881601832
small_world,1.15,16,0.4835948547383335,0.14870814505671426,3.347,2.5780983301650853,0,0.208,0.14,0.0995,0.2858595448905586
small_world,1.15,17,0.31933476082027634,0.15132945891893648,1.688,1.5803974183729865,0,0.3015,0.1345,0.0995,0.14847557286456753
small_world,1.15,18,0.39412498602384743,0.06372597486006157,1.617,1.236248761374506,1,0.3075,0.15,0.0995,0.12841534094387907
small_world,1.15,19,0.6179161347867457,0.08509899435209561,4.168,1.1986559139302655,4,0.297,0.071,0.1175,0.059828513474656446
small_world,1.2,0,0.6427059655252886,0.14400041379219455,4.3595,2.6069637032379256,2,0.1845,0.0865,0.122,0.1838971769751596
small_world,1.2,1,0.8219404676748909,0.04494299779475259,3.567,1.9430674203434115,3,0.4725,0.025,0.544,0.02562420263074681
small_world,1.2,2,0.7125572302420533,0.02462144723946313,4.389,1.2015319388181074,4,0.569,0.035,0.442,0.01812510981493142
small_world,1.2,3,0.6118335563305826,0.04385849506440195,3.8835,1.821517979598335,5,0.4335,0.032,0.194,0.033020478966048546
small_world,1.2,4,0.4969085014855586,0.0654445774490476,2.371,1.7167874067571673,2,0.248,0.1565,0.0995,0.20204527761746163
small_world,1.2,5,0.4582645753034957,0.04921214636268686,2.77,1.663760800115209,2,0.2815,0.145,0.0995,0.1733347607534149
small_world,1.2,6,0.6663345742256418,0.04856982129757334,4.272,1.4113879693408187,4,0.3185,0.0975,0.0995,0.09378143881967328
small_world,1.2,7,0.6971113049370209,0.02815080870504497,3.9215,1.8059174261299988,2,0.2545,0.0615,0.1595,0.08279815497887616
small_world,1.2,8,0.5065161053500676,0.08518635540307928,3.4195,1.9471825158417995,2,0.1995,0.1345,0.0995,0.2096477882874876
small_world,1.2,9,0.5127993446691252,0.061980508133613,3.521,1.3800576074932525,3,0.278,0.1965,0.0995,0.1957929139442918
small_world,1.2,10,0.6107214874947585,0.11406600858453275,4.385,1.6351681870682293,4,0.2915,0.0825,0.0995,0.0955776256528885
small_world,1.2,11,0.7621894071832599,0.024910498166659203,4.348,0.7562380577569473,4,0.772,0.0145,0.7285,0.002500123191366745
small_world,1.2,12,0.7340280093611544,0.04337674544244457,3.3395,1.4245138644463942,2,0.381,0.0535,0.2195,0.04717491427371309
small_world,1.2,13,0.6239543085590878,0.015986672655549802,5.0925,1.489276250398159,5,0.5515,0.0315,0.2245,0.02104012321450299
small_world,1.2,14,0.7650632908274044,0.0036463827783331944,3.0,0.0,3,1.0,0.0,1.0,0.0
small_world,1.2,15,0.46277477387181654,0.1889883202883044,2.47,2.309783539641756,0,0.2995,0.0985,0.0995,0.15937333351562982
small_world,1.2,16,0.5057093136260663,0.1383377938023686,2.5625,1.9186176664463401,1,0.2865,0.112,0.0995,0.15332057632999363
small_world,1.2,17,0.3791501457994763,0.13764220268578542,2.272,2.0032513571691397,2,0.2225,0.1215,0.1685,0.18923964507670718
small_world,1.2,18,0.42243666122778667,0.06783253975826284,2.086,1.4186627506211615,2,0.2485,0.155,0.0995,0.16524938491535454
small_world,1.2,19,0.6600780825667932,0.056766932709807524,4.471,1.464977474229553,5,0.293,0.069,0.139,0.07146599716107938
scale_free,0.4,0,0.07136110734702876,0.029896813469067203,0.029,0.16780643611018023,0,0.971,0.023,0.8365,0.00011192689775187695
scale_free,0.4,1,0.10205692243162114,0.04503387698705252,0.0445,0.21568437588290904,0,0.9575,0.027,0.513,0.000247497830492224
scale_free,0.4,2,0.08588718761107147,0.042059332933295,0.045,0.2097021697551077,0,0.9555,0.0285,0.543,0.00026595478612366177
scale_free,0.4,3,0.12804161238839054,0.06036313983388792,0.0735,0.2758582063307162,0,0.9305,0.0465,0.4935,0.0008915047774814375
scale_free,0.4,4,0.1149034005782633,0.06009449715678853,0.0675,0.250885930255166,0,0.9325,0.045,0.507,0.0007620660300848669
scale_free,0.4,5,0.12505020208215428,0.0576618345834151,0.0415,0.20923133130580612,0,0.9605,0.03,0.6255,0.0002479391358620177
scale_free,0.4,6,0.09151947602951249,0.05267818065276309,0.0515,0.2254944566946159,0,0.9495,0.0315,0.5265,0.00035870531837443024
scale_free,0.4,7,0.11338947117545999,0.05046613882625794,0.068,0.2576354012941544,0,0.9335,0.041,0.428,0.0007024429387612663
scale_free,0.4,8,0.08237558699588655,0.03364288233957939,0.0445,0.20620317650317613,0,0.9555,0.0305,0.512,0.00027986927048497705
scale_free,0.4,9,0.11673070018301406,0.05637956822486085,0.1085,0.3387148505749342,0,0.9005,0.0475,0.406,0.001600851096231911
scale_free,0.4,10,0.09468162491268364,0.045002542588029104,0.0295,0.16920328011004987,0,0.9705,0.023,0.785,0.00011480443054616547
scale_free,0.4,11,0.11270745543005278,0.04794746040032905,0.0755,0.2660822241338192,0,0.925,0.039,0.4645,0.0007782905255475875
scale_free,0.4,12,0.1454319387148152,0.04022138393410538,0.103,0.32154470917743305,0,0.9025,0.061,0.277,0.0019123871891833927
scale_free,0.4,13,0.11113271316318979,0.05659478217399256,0.0435,0.2064164479880419,0,0.957,0.03,0.6495,0.00026627722678048153
scale_free,0.4,14,0.10377035827668658,0.03466386255122014,0.0705,0.2674504627029088,0,0.9325,0.037,0.3525,0.0006679575486534209
scale_free,0.4,15,0.09478700373582927,0.05562151869118556,0.0535,0.22502833154960727,0,0.9465,0.037,0.408,0.00044544359434146326
scale_free,0.4,16,0.1013389984364634,0.04785334390996375,0.0305,0.1719585705918725,0,0.9695,0.0195,0.7125,0.00010227236510425247
scale_free,0.4,17,0.1274326757721511,0.05307302888561181,0.057,0.23611649667060533,0,0.944,0.043,0.3185,0.0005685685372053419
scale_free,0.4,18,0.09051956040396152,0.04964565142589682,0.049,0.2181719505344351,0,0.9515,0.0295,0.601,0.0003121495288084825
scale_free,0.4,19,0.09706953786148334,0.05837138210476103,0.0495,0.2281441430324259,0,0.953,0.029,0.9125,0.00031096047767597147
scale_free,0.45,0,0.08831462526196593,0.051023076118639245,0.056,0.22992172581119863,0,0.944,0.032,0.372,0.00041201974552928497
scale_free,0.45,1,0.14262800727305594,0.07242932606087023,0.106,0.3343112322372672,0,0.9025,0.0565,0.4565,0.0018416370331823916
scale_free,0.45,2,0.10423007017950627,0.049455203468358515,0.048,0.21609257275528929,0,0.9525,0.031,0.4615,0.0003181963236465606
scale_free,0.45,3,0.12337467854494079,0.05444652938612245,0.081,0.30073077660924563,0,0.926,0.0435,0.5545,0.0009680523921592385
scale_free,0.45,4,0.10122001349261996,0.05074170393565419,0.057,0.2339893159954103,0,0.9435,0.037,0.4775,0.0004891546783088015
scale_free,0.45,5,0.12648028677355136,0.04707021514117919,0.0625,0.2521780125229002,0,0.94,0.0435,0.3375,0.0006581846278154508
scale_free,0.45,6,0.1117939569418493,0.05724289401400448,0.052,0.22648620267027306,0,0.949,0.04,0.576,0.00046203186499815384
scale_free,0.45,7,0.19086816436685597,0.07604051213449561,0.2045,0.4697656330554631,0,0.8215,0.091,0.131,0.00763063814438958
scale_free,0.45,8,0.08892880246468056,0.04078465683526813,0.044,0.20991426821443085,0,0.957,0.028,0.517,0.0002527367879564885
scale_free,0.45,9,0.12250974235750846,0.060922159463739786,0.0725,0.28150266428579324,0,0.9335,0.045,0.6895,0.0008423967415951635
scale_free,0.45,10,0.11638552038481638,0.06056412319748545,0.05,0.21794494717703364,0,0.95,0.037,0.6115,0.00040319816317475996
scale_free,0.45,11,0.1417017641856622,0.0592035840521856,0.104,0.33642829845302846,0,0.905,0.061,0.369,0.0019496020214959879
scale_free,0.45,12,0.1642514446133135,0.06408911554669351,0.17,0.4325505750776434,0,0.851,0.0795,0.2755,0.0051237779015322615
scale_free,0.45,13,0.12209503724203051,0.06470688601184758,0.042,0.21032356025894958,0,0.96,0.0335,0.6515,0.0002818335791599351
scale_free,0.45,14,0.12017377595952711,0.04240591552755824,0.0825,0.28230081473492064,0,0.9195,0.043,0.3405,0.0009771842929301435
scale_free,0.45,15,0.08878762840388567,0.05340419852661101,0.037,0.18876175460087244,0,0.963,0.03,0.5805,0.0002095255545911535
scale_free,0.45,16,0.13455461299372143,0.06726072004937929,0.054,0.23039965277751612,0,0.947,0.041,0.677,0.0005006584576967246
scale_free,0.45,17,0.11450109851651931,0.04172658574770768,0.052,0.22868318696397427,0,0.9495,0.029,0.5335,0.0003349065388572412
scale_free,0.45,18,0.10933968993781215,0.05593460135306053,0.06,0.23958297101421883,0,0.9405,0.046,0.487,0.0006557386059211037
scale_free,0.45,19,0.14042724003626816,0.07275620452440955,0.065,0.2525371259834878,0,0.9365,0.0495,0.452,0.0007937873372837056
scale_free,0.5,0,0.12509712498196218,0.0504745058361025,0.0415,0.20923133130580612,0,0.9605,0.03,0.6,0.0002479391358620177
scale_free,0.5,1,0.183154767300844,0.06399192756559258,0.1935,0.42901952170035335,0,0.8205,0.0895,0.172,0.006892305948005604
scale_free,0.5,2,0.11916843306852057,0.07189760344082664,0.0715,0.259591506024369,0,0.929,0.042,0.5745,0.0007741018893956648
scale_free,0.5,3,0.09840897832561496,0.04641341406147482,0.059,0.24190700692621533,0,0.9425,0.037,0.4825,0.000514657171145176
scale_free,0.5,4,0.11742886615812032,0.05811041295866348,0.063,0.26082752922189795,0,0.9415,0.038,0.5705,0.0005798196127186896
scale_free,0.5,5,0.15912521762919943,0.06878902550265228,0.108,0.3396115427955887,0,0.9015,0.0515,0.353,0.0017227644871680601
scale_free,0.5,6,0.14339949810383637,0.06473043060330708,0.085,0.28770644761631603,0,0.9175,0.056,0.3155,0.0013292038117231624
scale_free,0.5,7,0.28397339667031146,0.03986741284244875,0.3865,0.5780291947644167,0,0.6615,0.167,0.0995,0.03267570156109798
scale_free,0.5,8,0.09683904424369282,0.042892276174116124,0.059,0.24600609748540786,0,0.9435,0.0365,0.6275,0.0005073260884386268
scale_free,0.5,9,0.15125924651603814,0.05776549577687911,0.1025,0.32556681341930416,0,0.9045,0.0605,0.481,0.0018810436873250157
scale_free,0.5,10,0.13939217241036306,0.08590456756630843,0.1315,0.4039897894749322,0,0.89,0.062,0.3965,0.002755210408657914
scale_free,0.5,11,0.1583834704697946,0.07496101468367017,0.171,0.4144381739174131,0,0.844,0.0815,0.256,0.005269167007838347
scale_free,0.5,12,0.11241773079080464,0.06865674699389128,0.0455,0.2083980566128197,0,0.9545,0.0295,0.632,0.00027972230097066873
scale_free,0.5,13,0.14700666241938948,0.04777283859295675,0.05,0.2269361143582043,0,0.952,0.034,0.5235,0.00037035974952552325
scale_free,0.5,14,0.14456110398447253,0.057938009598132105,0.0685,0.26231231385506854,0,0.934,0.041,0.327,0.0007098171386044276
scale_free,0.5,15,0.11851744479202626,0.0696910082191572,0.0815,0.28081622104144904,0,0.9205,0.0465,0.5345,0.0010381073874598666
scale_free,0.5,16,0.17629776333060912,0.06391543696979642,0.135,0.37386494887860244,0,0.8765,0.0725,0.4405,0.003347493332194109
scale_free,0.5,17,0.094230661597089,0.032846460681189564,0.0415,0.19944360105052256,0,0.9585,0.032,0.613,0.0002648611104720033
scale_free,0.5,18,0.12743467261244154,0.05730801344357007,0.077,0.2882204017761407,0,0.9285,0.048,0.363,0.0009891724395034737
scale_free,0.5,19,0.22201373312198575,0.07480815871061423,0.3025,0.537581389186791,0,0.735,0.1255,0.0995,0.01787861319333877
scale_free,0.55,0,0.21379059298810102,0.0441838279796448,0.194,0.4487360025672111,0,0.8285,0.0955,0.188,0.007349510511004649
scale_free,0.55,1,0.26332948323338073,0.10286200137238763,0.662,0.9862839347774048,0,0.591,0.1955,0.0995,0.07886277068622405
scale_free,0.55,2,0.16796689430100062,0.06765742437277558,0.1585,0.41758561996314003,0,0.8605,0.072,0.3645,0.004194230025162971
scale_free,0.55,3,0.22481023672530118,0.08348930435084514,0.3155,0.6212565895022765,0,0.757,0.138,0.2305,0.02083321862333469
scale_free,0.55,4,0.14461520506784775,0.06132052888012456,0.111,0.3502556209399073,0,0.8995,0.055,0.451,0.001936037979946028
scale_free,0.55,5,0.20591140420690557,0.07146811421163236,0.262,0.5209184197165617,0,0.775,0.111,0.1285,0.013009937649627773
scale_free,0.55,6,0.184305520904714,0.08886926422360446,0.137,0.3717942979659586,0,0.8725,0.066,0.327,0.003128649064787313
scale_free,0.55,7,0.34568013849568147,0.05269481685362556,0.9665,0.9199879075292241,1,0.381,0.274,0.0995,0.15603546961387413
scale_free,0.55,8,0.10527069855715229,0.04544824976495404,0.044,0.20509509989270833,0,0.956,0.034,0.693,0.0003068222784636764
scale_free,0.55,9,0.16669279774993823,0.11125906742859133,0.2145,0.5435896890118502,0,0.8415,0.0965,0.453,0.008314340277017466
scale_free,0.55,10,0.1322862141842313,0.0550702523280413,0.084,0.2809697492613751,0,0.917,0.046,0.3485,0.0010727425260004188
scale_free,0.55,11,0.2771252910931591,0.09015389345919037,0.6155,0.9469211952427721,0,0.62,0.1925,0.1895,0.06926728579183883
scale_free,0.55,12,0.11609128499072847,0.04315023581047427,0.052,0.23726778120933317,0,0.9515,0.033,0.646,0.00037974709533302505
scale_free,0.55,13,0.1516067492584293,0.08084159006739805,0.126,0.39890349710174267,0,0.896,0.075,0.6325,0.003111447318879556
scale_free,0.55,14,0.17316405952009087,0.09087886577129657,0.196,0.4675296782023575,0,0.8325,0.0895,0.294,0.007008854366662313
scale_free,0.55,15,0.18985366519244515,0.07830394176576273,0.2205,0.4867029381460523,0,0.8105,0.1075,0.216,0.009914747320937974
scale_free,0.55,16,0.19039780265155087,0.06126338791018651,0.12,0.357211421989835,0,0.89,0.0685,0.3015,0.002691588103986663
scale_free,0.55,17,0.14298442185049434,0.06022794077511151,0.082,0.3021191817809654,0,0.926,0.0565,0.414,0.0012631603213830351
scale_free,0.55,18,0.1741233788433181,0.06040598249504086,0.133,0.36098614931877926,0,0.874,0.08,0.294,0.00363874043061755
scale_free,0.55,19,0.20292175990634845,0.0762483595475335,0.232,0.5578315157823194,0,0.8185,0.0955,0.2995,0.009669033222180308
scale_free,0.6,0,0.3273262372221815,0.08407566325075924,0.8305,0.9873042844027367,0,0.479,0.253,0.0995,0.13013954015436346
scale_free,0.6,1,0.3485922557465433,0.0646937259360454,1.0695,1.2036069748883977,0,0.388,0.2785,0.0995,0.2051451807505358
scale_free,0.6,2,0.2037840752003579,0.10021294866487444,0.2905,0.6380515261324903,0,0.7885,0.1175,0.342,0.015856378123747947
scale_free,0.6,3,0.27383807150539247,0.09744534166383143,0.5125,0.8116919058361984,0,0.643,0.184,0.1845,0.053318418200342214
scale_free,0.6,4,0.2783012806229358,0.0468200554237585,0.4985,0.6992837406947197,0,0.6075,0.2125,0.0995,0.05832463477178783
scale_free,0.6,5,0.21437010246907587,0.0736122842406233,0.2925,0.5991191450788399,0,0.77,0.1165,0.174,0.01605339763018492
scale_free,0.6,6,0.28117715032675045,0.048840761606228446,0.4765,0.6770876974218333,0,0.617,0.185,0.0995,0.047975049060148586
scale_free,0.6,7,0.41800859330840257,0.03944762424018573,1.6915,1.1055893224882374,2,0.323,0.3655,0.0995,0.2735708922676022
scale_free,0.6,8,0.12604788105295084,0.068395549471521,0.0875,0.30305733780920074,0,0.9185,0.041,0.5455,0.0010126661189886175
scale_free,0.6,9,0.19247366615482314,0.10118199654607948,0.3645,0.8262201583113303,0,0.7855,0.12,0.3475,0.021266907052157866
scale_free,0.6,10,0.2563521481221111,0.05628107763274112,0.351,0.5751512844461012,0,0.696,0.1475,0.121,0.02578978376940917
scale_free,0.6,11,0.31997315920684266,0.07912004094142007,0.9255,1.0212491126067136,0,0.4295,0.2565,0.0995,0.149442702289979
scale_free,0.6,12,0.22543319993689648,0.12857082064879227,0.464,0.9421804498077849,0,0.746,0.137,0.326,0.03278599553172514
scale_free,0.6,13,0.2970315375604072,0.06388414225625283,0.458,0.6717410215254089,0,0.633,0.191,0.1115,0.04708703063239554
scale_free,0.6,14,0.2620228362042906,0.07772702017134323,0.4505,0.7011060904028719,0,0.6545,0.148,0.0995,0.035850359068892605
scale_free,0.6,15,0.20238201275515091,0.08921717099434992,0.2085,0.47961208283361667,0,0.822,0.1105,0.219,0.00943349014262536
scale_free,0.6,16,0.2049285667434914,0.05249965258639238,0.2135,0.4437541549101259,0,0.801,0.09,0.198,0.00794763700274743
scale_free,0.6,17,0.22297011172902728,0.08336880365114663,0.321,0.5890322571812175,0,0.7385,0.1305,0.268,0.020101167704533865
scale_free,0.6,18,0.23676573050202973,0.07214502901603029,0.3505,0.6313871633158217,0,0.721,0.15,0.1135,0.026423552960924156
scale_free,0.6,19,0.277228580040751,0.1197347081337198,0.758,1.203094343765276,0,0.612,0.186,0.1065,0.08682491306765304
scale_free,0.65,0,0.3900778232504256,0.038748169519735524,1.674,1.1915217161260638,1,0.3185,0.349,0.0995,0.28339569610145154
scale_free,0.65,1,0.5299463385400807,0.025305123674374035,4.221,1.4192106961265478,4,0.292,0.462,0.0995,0.4642181428650105
scale_free,0.65,2,0.2735941562305435,0.07033443492352294,0.5665,0.8047221570206702,0,0.595,0.219,0.0995,0.07137483204286083
scale_free,0.65,3,0.28627740342367197,0.03766868425243219,0.504,0.6655704320355585,0,0.584,0.196,0.0995,0.054267951023328605
scale_free,0.65,4,0.35735400600719425,0.04430390743289667,1.091,1.096685460831865,0,0.367,0.3045,0.0995,0.21138447824135267
scale_free,0.65,5,0.32567550379550064,0.07391939408461834,0.9585,1.133039165254229,0,0.4485,0.2645,0.0995,0.16527840647904474
scale_free,0.65,6,0.29869995859829046,0.11615069758893955,0.888,1.1603689068567806,0,0.504,0.254,0.154,0.14618791693698766
scale_free,0.65,7,0.523063894635844,0.027401442319027695,3.53,1.2958009106340371,3,0.279,0.4445,0.0995,0.41528410787836656
scale_free,0.65,8,0.18116760100256735,0.0835389098100664,0.165,0.4390614991091794,0,0.8595,0.088,0.266,0.005428556436674033
scale_free,0.65,9,0.2687245205986419,0.12376246245733413,0.8475,1.1341268668010647,0,0.543,0.218,0.0995,0.11298852375021882
scale_free,0.65,10,0.303801156825095,0.10902360498236519,0.985,1.204066028089822,0,0.481,0.243,0.107,0.15185319588951435
scale_free,0.65,11,0.4150987112577191,0.07596101781358046,1.8465,1.476799834100749,0,0.229,0.331,0.0995,0.376880795600958
scale_free,0.65,12,0.31999619010062313,0.15214756042259175,1.334,1.553204429558453,0,0.4425,0.264,0.1965,0.22860062880832463
scale_free,0.65,13,0.36901471426365984,0.07491024012468452,1.308,1.2522523707304372,1,0.3335,0.3485,0.0995,0.29086723330913117
scale_free,0.65,14,0.35698930707752596,0.06377004844340671,1.0165,0.9747962607642686,0,0.3615,0.309,0.0995,0.19232389108428496
scale_free,0.65,15,0.26431036952513876,0.11740770607914618,0.696,1.0082579035147703,0,0.5885,0.2035,0.1885,0.08443176931970087
scale_free,0.65,16,0.2711093919537933,0.11630119188142106,0.7545,0.9773585575417039,0,0.5275,0.216,0.141,0.09974921484450822
scale_free,0.65,17,0.30934137707268805,0.11405758050177502,1.059,1.2729960722641684,0,0.455,0.254,0.129,0.1762208469773117
scale_free,0.65,18,0.2769696816600557,0.08759084975461881,0.568,0.7565553515771335,0,0.5775,0.2085,0.11,0.0666459069342638
scale_free,0.65,19,0.2953422140259685,0.11330880991370826,0.9835,1.2321638486824713,0,0.4925,0.2205,0.119,0.13788375590732427
scale_free,0.7,0,0.48812462876503215,0.03496697005009254,3.8465,1.4463532590622528,4,0.254,0.427,0.0995,0.4607242609271877
scale_free,0.7,1,0.6415194530214544,0.01168735165109335,4.9475,1.5187968099782145,5,0.2605,0.318,0.0995,0.35716177775443725
scale_free,0.7,2,0.30825840882615557,0.09527650631189301,1.0595,1.4580671280843005,0,0.494,0.2625,0.0995,0.19366776702557922
scale_free,0.7,3,0.39116149059052613,0.0487481750988767,2.0595,1.3812891623407462,2,0.241,0.37,0.0995,0.38790743650855025
scale_free,0.7,4,0.42884481039356404,0.04954141911362692,2.334,1.521329681561495,2,0.2765,0.4145,0.0995,0.45623270030142
scale_free,0.7,5,0.43463674506102634,0.03966672298655506,2.184,1.2116699220497307,2,0.301,0.396,0.0995,0.335395081950011
scale_free,0.7,6,0.39259669616577025,0.08878354901463166,1.991,1.6385722443639767,0,0.251,0.363,0.0995,0.4455064930306792
scale_free,0.7,7,0.5650161938827746,0.02436433840576963,4.251,1.2214741094268025,4,0.313,0.372,0.0995,0.3121648101407041
scale_free,0.7,8,0.25569512183583853,0.07360722610309565,0.4375,0.6746063667057998,0,0.654,0.1725,0.0995,0.04026388123024945
scale_free,0.7,9,0.4050607319061666,0.13372376280885057,2.5815,2.0423902051273157,0,0.2275,0.3725,0.0995,0.5877105480419136
scale_free,0.7,10,0.3834142318282735,0.05435168410948476,1.6215,1.272492730824031,2,0.2735,0.3205,0.0995,0.2962913439709085
scale_free,0.7,11,0.457834485080212,0.05619452602196225,2.8295,1.5551301392488024,3,0.237,0.358,0.0995,0.42479001924293175
scale_free,0.7,12,0.49518557143936626,0.027197468341267607,3.6,1.572259520562684,3,0.241,0.402,0.0995,0.47972468158839005
scale_free,0.7,13,0.4851776051975637,0.03965681739879625,3.2545,1.5964741620207952,3,0.24,0.491,0.0995,0.5957402995130003
scale_free,0.7,14,0.43678177827646314,0.08493036124200637,2.2495,1.8642021751945255,1,0.2085,0.374,0.0995,0.5518429935787746
scale_free,0.7,15,0.24445379707471954,0.13077935260877466,0.691,1.0865169119714613,0,0.6135,0.187,0.273,0.07852855349113214
scale_free,0.7,16,0.35538996330676276,0.06498257753406174,1.506,1.2413557105036412,1,0.291,0.3285,0.0995,0.2891198146685376
scale_free,0.7,17,0.3400225516689169,0.14483690142284977,1.4085,1.4807524269775822,0,0.3785,0.2825,0.1135,0.25998125734634286
scale_free,0.7,18,0.40006917630876776,0.04732955297627324,1.7525,1.2892803225055443,1,0.3115,0.391,0.0995,0.3470787761872908
scale_free,0.7,19,0.3325975641329735,0.12618268907844313,1.4555,1.4926552683054453,0,0.39,0.2495,0.124,0.22717466947026693
scale_free,0.75,0,0.6330985687154529,0.008668847267449365,5.1705,1.2383173058630812,5,0.3225,0.302,0.0995,0.25336591320507573
scale_free,0.75,1,0.728708305485859,0.004271894124132055,3.347,1.3815176437526957,3,0.2945,0.116,0.0995,0.11306064190409382
scale_free,0.75,2,0.4047965705898333,0.05420368750436919,2.1435,1.4825342323197803,2,0.3045,0.3705,0.0995,0.38202349898440247
scale_free,0.75,3,0.543016923517694,0.012312219433413454,4.1195,1.0766706785270974,4,0.364,0.3345,0.0995,0.22905307417597434
scale_free,0.75,4,0.4957503324196059,0.03228892357610949,3.6855,1.4389543946908117,4,0.277,0.4275,0.0995,0.4447556227373868
scale_free,0.75,5,0.5623107889327958,0.01979168858492579,4.735,1.2517088319573366,5,0.3045,0.3595,0.0995,0.3129675764697283
scale_free,0.75,6,0.42259431574543294,0.061608268851418756,2.3665,1.4071878872417856,2,0.2765,0.3685,0.0995,0.3751700118386611
scale_free,0.75,7,0.6345460709259008,0.010680822592887659,4.609,1.325563653696042,4,0.311,0.191,0.0995,0.17444285217605882
scale_free,0.75,8,0.2553840037905345,0.14970249318893458,0.9265,1.413540855440691,0,0.6015,0.191,0.267,0.10758954246388105
scale_free,0.75,9,0.5662277214345465,0.01799414873716631,4.712,1.214930450684318,5,0.3055,0.3855,0.0995,0.325273026672869
scale_free,0.75,10,0.5609002903655971,0.025890410899657667,4.808,1.164961801948888,5,0.3385,0.305,0.0995,0.23503978152732502
scale_free,0.75,11,0.6620214332641562,0.004500412625956355,4.171,1.2648157968652984,4,0.342,0.1375,0.0995,0.11443421005363667
scale_free,0.75,12,0.6503890644360988,0.003785790528895518,4.5975,1.2415690677525757,4,0.3065,0.154,0.0995,0.13259833572793547
scale_free,0.75,13,0.5331421589173947,0.03513159775189317,3.9825,1.573910337344539,4,0.252,0.476,0.0995,0.5603876289681333
scale_free,0.75,14,0.476961193878867,0.07309586795603853,2.805,1.8782904461238152,2,0.196,0.406,0.0995,0.6131190820956659
scale_free,0.75,15,0.3656632059558515,0.08945769823269023,1.7345,1.654391051112161,0,0.2805,0.303,0.0995,0.3606713126567199
scale_free,0.75,16,0.41076960826108555,0.055518671777707,2.6425,1.6098738304600146,2,0.251,0.3765,0.0995,0.45398200658477394
scale_free,0.75,17,0.41321359482957165,0.11782786772037727,2.182,1.7730978540396467,0,0.233,0.3155,0.0995,0.42906929141223915
scale_free,0.75,18,0.4879008345585571,0.02458163979780444,3.3815,1.3593960975374322,4,0.2705,0.4245,0.0995,0.4209679288553644
scale_free,0.75,19,0.4123437814215997,0.16684956767618334,2.77,2.215874545185264,0,0.2655,0.251,0.1005,0.4085175248406425
scale_free,0.8,0,0.7125853573290143,0.003483389194826074,4.5075,0.9148462985660488,4,0.399,0.13,0.0995,0.07147694185678802
scale_free,0.8,1,0.7837606032286137,0.0025055133152754403,3.291,1.0565599840993412,3,0.335,0.0705,0.0995,0.049534174157149745
scale_free,0.8,2,0.6237527633066009,0.009957607254494053,4.7065,1.5291689736585685,5,0.2515,0.2105,0.0995,0.24093471775749675
scale_free,0.8,3,0.6275930503584551,0.004126824236651849,4.0435,0.9631239536009891,4,0.3865,0.131,0.0995,0.07740482805585763
scale_free,0.8,4,0.5587990145647448,0.011096953851014744,4.0855,1.3035297273173327,4,0.297,0.279,0.0995,0.2556704110432212
scale_free,0.8,5,0.6820583434142136,0.008137913544464803,4.33,1.2938701635017325,5,0.296,0.1385,0.0995,0.12615751733295752
scale_free,0.8,6,0.5715653278938703,0.012882483422173333,4.4565,1.2381872838952916,5,0.2875,0.297,0.0995,0.26201590749550085
scale_free,0.8,7,0.7109011257996898,0.002874548170738609,6.028,1.0036015145464856,6,0.437,0.1325,0.0995,0.07486616454640911
scale_free,0.8,8,0.303985052617,0.13124089160612162,1.236,1.5133750361361191,0,0.47,0.225,0.138,0.180469973861321
scale_free,0.8,9,0.6566266453358477,0.004880284816330302,4.7195,0.9725326472669182,5,0.3625,0.151,0.0995,0.09361842457752127
scale_free,0.8,10,0.6948952407927375,0.0029161824310052465,5.3155,1.517550575763457,4,0.2665,0.0655,0.0995,0.07290958036274682
scale_free,0.8,11,0.739313965327673,0.00012776424311391704,1.008,0.08908422980528036,1,0.992,0.001,0.9005,7.126745511160819e-07
scale_free,0.8,12,0.7331417753687083,0.0015012130072198007,3.5045,0.9088342808235175,4,0.5125,0.059,0.0995,0.026140346445243132
scale_free,0.8,13,0.5963831583673884,0.014238858375319628,4.7745,1.3147812555706748,5,0.2785,0.3405,0.0995,0.32300329809060413
scale_free,0.8,14,0.5418242556369579,0.018076905664281176,4.0695,1.3578180106332365,4,0.287,0.377,0.0995,0.3649828400443489
scale_free,0.8,15,0.4403228295021453,0.0594949425234226,3.093,1.532106719520543,3,0.249,0.327,0.0995,0.37625017301030855
scale_free,0.8,16,0.5235982948228193,0.015338179108652747,4.6525,1.2376363561240433,5,0.2915,0.29,0.0995,0.25429095478789193
scale_free,0.8,17,0.4842825344193147,0.03321021304836028,3.188,1.366622113094911,3,0.281,0.388,0.0995,0.38124930511691485
scale_free,0.8,18,0.5793682941476376,0.011738601775178504,4.098,1.2698015592997198,4,0.276,0.2465,0.0995,0.2266164060013201
scale_free,0.8,19,0.6522604363298637,0.006107350109203468,4.5985,1.4196118307481098,4,0.273,0.127,0.0995,0.13107134175320004
scale_free,0.85,0,0.7668876744654199,0.0004052804471387015,2.923,0.26659144772479104,3,0.923,0.013,0.473,0.00026685805970005715
scale_free,0.85,1,0.8183672380075091,0.00029069513651677894,2.499,0.6228956573937565,3,0.568,0.0235,0.0995,0.006323636982952341
scale_free,0.85,2,0.7086144404747756,0.0005305252441671337,3.0,0.0,3,1.0,0.0,1.0,0.0
scale_free,0.85,3,0.7039808440751052,0.002186836123830539,3.327,0.4920071137697096,3,0.684,0.0245,0.0995,0.003809119230279339
scale_free,0.85,4,0.6832193212032929,0.0020382703995271588,2.431,0.6026931225756603,2,0.598,0.024,0.0995,0.0058147834888926065
scale_free,0.85,5,0.7542149289616455,0.0019501560944354427,6.206,1.2155509039114734,6,0.3235,0.074,0.0995,0.06085169462303245
scale_free,0.85,6,0.695610627027196,0.0037719316648813224,3.3895,1.0216602908990837,3,0.351,0.049,0.0995,0.03248981957393929
scale_free,0.85,7,0.769024256872651,0.00044027603901294475,3.367,0.5179874515854607,3,0.603,0.0145,0.0995,0.002981794970692723
scale_free,0.85,8,0.3754890435492144,0.21445461091723364,2.13,2.0216577356219325,0,0.359,0.1675,0.1695,0.21706033822527046
scale_free,0.85,9,0.7387488313993344,0.0013536037812300749,5.1475,0.4204090270201153,5,0.8015,0.027,0.0995,0.0022531822637654997
scale_free,0.85,10,0.7533616842184953,0.0002309626654399229,4.0,0.0,4,1.0,0.0,1.0,0.0
scale_free,0.85,11,0.7879903243733047,1.6885578633458807e-05,1.0,0.0,1,1.0,0.0,1.0,0.0
scale_free,0.85,12,0.7820542108866989,2.8530295328425353e-05,2.0,0.0,2,1.0,0.0,1.0,0.0
scale_free,0.85,13,0.66571090797297,0.005525446250732351,4.8395,0.8858553775871093,5,0.4835,0.1585,0.0995,0.07252077240755739
scale_free,0.85,14,0.6645533019916874,0.004571054807683036,3.8075,0.8027725393908289,3,0.41,0.0785,0.0995,0.03718041063552205
scale_free,0.85,15,0.6205317438695108,0.00878518029392475,4.0965,0.9105974686984365,4,0.402,0.054,0.0995,0.029405014003747194
scale_free,0.85,16,0.676435061900981,0.0041379872113541365,3.4315,0.5525466043692605,3,0.5985,0.046,0.0995,0.010204983457943333
scale_free,0.85,17,0.6611811692056403,0.010608952328619171,4.89,1.6213882940245992,5,0.2385,0.1665,0.0995,0.20557541768699264
scale_free,0.85,18,0.669796178934133,0.00405296391259063,2.8155,1.0814156231532814,3,0.3635,0.086,0.0995,0.05919561048410852
scale_free,0.85,19,0.7497113090464529,0.00018288015066368743,3.582,0.4932301693935602,4,0.582,0.01,0.0995,0.0020617023142352926
scale_free,0.9,0,0.8040747126365803,1.99397228577065e-05,3.0,0.0,3,1.0,0.0,1.0,0.0
scale_free,0.9,1,0.8443898381105187,1.2043388901393756e-05,3.0,0.0,3,1.0,0.0,1.0,0.0
scale_free,0.9,2,0.7667136364806031,7.967311669451265e-05,3.0,0.0,3,1.0,0.0,1.0,0.0
scale_free,0.9,3,0.753894218481545,0.0014919062333677148,3.475,0.4993746088859544,3,0.525,0.0085,0.0995,0.00201622522057998
scale_free,0.9,4,0.7488019312166189,6.387854059630195e-05,1.928,0.2584879107424562,2,0.928,0.0005,0.932,9.305583397857992e-06
scale_free,0.9,5,0.8010813615992486,9.679058806992425e-05,4.1815,0.3854319005998335,4,0.8185,0.005,0.5125,0.00034977951975023893
scale_free,0.9,6,0.7638433211067557,0.00013261329297428658,2.0,0.0,2,1.0,0.0,1.0,0.0
scale_free,0.9,7,0.8122267447695244,2.8329884723243518e-05,3.0,0.0,3,1.0,0.0,1.0,0.0
scale_free,0.9,8,0.46012582868207313,0.22893549543628414,2.5785,1.915943044560563,0,0.2595,0.1115,0.0995,0.1581912758501821
scale_free,0.9,9,0.7872438087514165,7.753631383812211e-05,3.0,0.0,3,1.0,0.0,1.0,0.0
scale_free,0.9,10,0.7929108765248902,6.846825818277221e-05,3.0,0.0,3,1.0,0.0,1.0,0.0
scale_free,0.9,11,0.8210018112295835,3.495790221049542e-06,1.0,0.0,1,1.0,0.0,1.0,0.0
scale_free,0.9,12,0.8155808108179822,6.445661094514926e-06,3.0,0.0,3,1.0,0.0,1.0,0.0
scale_free,0.9,13,0.7248696098205964,0.00027186872707476203,3.8285,0.37694528780712994,4,0.8285,0.0055,0.555,0.0003555537073701922
scale_free,0.9,14,0.7440486972910926,0.0023669477468422676,4.124,0.49358281979825835,4,0.741,0.0245,0.0995,0.003132029910867799
scale_free,0.9,15,0.7476861830730709,0.0003353158076012783,3.0,0.0,3,1.0,0.0,1.0,0.0
scale_free,0.9,16,0.7525905803129715,0.0005446732748236647,5.0,0.0,5,1.0,0.0,1.0,0.0
scale_free,0.9,17,0.7273882148781103,0.003309757133463318,3.4605,0.7172445538308395,3,0.467,0.029,0.131,0.011086449450854631
scale_free,0.9,18,0.7367319546496851,0.00032389039188288694,2.0,0.0,2,1.0,0.0,1.0,0.0
scale_free,0.9,19,0.7955532842423766,1.4496708888326e-05,3.0,0.0,3,1.0,0.0,1.0,0.0
scale_free,0.95,0,0.8313840594871457,2.073730700335264e-06,2.0,0.0,2,1.0,0.0,1.0,0.0
scale_free,0.95,1,0.8645554947325591,5.944899333768604e-07,2.0,0.0,2,1.0,0.0,1.0,0.0
scale_free,0.95,2,0.8057873736577453,1.7774859445981484e-05,3.0,0.0,3,1.0,0.0,1.0,0.0
scale_free,0.95,3,0.7899906021118827,3.969230823849124e-05,2.017,0.12927103310486848,2,0.983,0.001,0.915,2.1976097603903286e-06
scale_free,0.95,4,0.7915184977943975,1.503694648289721e-06,2.0,0.0,2,1.0,0.0,1.0,0.0
scale_free,0.95,5,0.8331909338415244,4.5787346742044866e-06,3.0,0.0,3,1.0,0.0,1.0,0.0
scale_free,0.95,6,0.8050653030931687,1.7607411179163345e-05,2.0,0.0,2,1.0,0.0,1.0,0.0
scale_free,0.95,7,0.8406833202664653,3.5625336092367055e-06,4.0,0.0,4,1.0,0.0,1.0,0.0
scale_free,0.95,8,0.6085373994927621,0.02385167108123111,2.8305,0.37519295036021133,3,0.8305,0.001,0.817,6.35952686812609e-05
scale_free,0.95,9,0.8201237007894024,2.3194868091270476e-05,2.0,0.0,2,1.0,0.0,1.0,0.0
scale_free,0.95,10,0.8220238156420757,2.3464923740287313e-05,2.0,0.0,2,1.0,0.0,1.0,0.0
scale_free,0.95,11,0.8453342200465823,8.755296031979596e-07,2.0,0.0,2,1.0,0.0,1.0,0.0
scale_free,0.95,12,0.8406645299172326,2.2466307538879873e-06,3.0,0.0,3,1.0,0.0,1.0,0.0
scale_free,0.95,13,0.7686048196956293,9.947910585924969e-06,2.0105,0.10193012312363803,2,0.9895,0.001,0.9785,1.0702673630644874e-06
scale_free,0.95,14,0.7896156274794297,0.0011622887203032806,1.885,0.31902194281898544,2,0.885,0.015,0.232,0.0005503128880502731
scale_free,0.95,15,0.7984842122995556,2.497864292158393e-05,1.019,0.13652472303579302,1,0.981,0.0005,0.985,1.2969874628097725e-06
scale_free,0.95,16,0.7950767316498573,7.900834801750515e-05,3.0,0.0,3,1.0,0.0,1.0,0.0
scale_free,0.95,17,0.7796303128645502,1.253234547232925e-05,2.0,0.0,2,1.0,0.0,1.0,0.0
scale_free,0.95,18,0.7837853715502231,5.4004851414314234e-05,1.0,0.0,1,1.0,0.0,1.0,0.0
scale_free,0.95,19,0.8262050241354647,3.0197033537765317e-06,4.0,0.0,4,1.0,0.0,1.0,0.0
scale_free,1.0,0,0.8525162648827291,7.072254596111192e-07,4.0,0.0,4,1.0,0.0,1.0,0.0
scale_free,1.0,1,0.8806974300731524,8.912005719868812e-08,2.0,0.0,2,1.0,0.0,1.0,0.0
scale_free,1.0,2,0.8338194065974088,4.207406084024412e-06,2.0,0.0,2,1.0,0.0,1.0,0.0
scale_free,1.0,3,0.8176644840739727,6.479691630203503e-07,2.0,0.0,2,1.0,0.0,1.0,0.0
scale_free,1.0,4,0.8218366559728519,3.0062231574511417e-07,2.0,0.0,2,1.0,0.0,1.0,0.0
scale_free,1.0,5,0.8566736220744071,1.1267146893404462e-06,2.0,0.0,2,1.0,0.0,1.0,0.0
scale_free,1.0,6,0.833645636250809,3.7304962315431536e-06,2.0,0.0,2,1.0,0.0,1.0,0.0
scale_free,1.0,7,0.8618405444628461,7.643258700627686e-07,2.0,0.0,2,1.0,0.0,1.0,0.0
scale_free,1.0,8,0.7505145223164945,9.731326112674786e-05,2.0,0.0,2,1.0,0.0,1.0,0.0
scale_free,1.0,9,0.8444518520412096,1.031375033544212e-05,3.0,0.0,3,1.0,0.0,1.0,0.0
scale_free,1.0,10,0.8444792099090032,8.186254037369817e-06,2.0,0.0,2,1.0,0.0,1.0,0.0
scale_free,1.0,11,0.8642416789185986,2.5321170261774066e-07,2.0,0.0,2,1.0,0.0,1.0,0.0
scale_free,1.0,12,0.860337134335827,9.023817576822691e-07,2.0,0.0,2,1.0,0.0,1.0,0.0
scale_free,1.0,13,0.8010992465457775,5.955267680065175e-06,2.0,0.0,2,1.0,0.0,1.0,0.0
scale_free,1.0,14,0.8210789263094688,9.230326852849699e-06,1.0,0.0,1,1.0,0.0,1.0,0.0
scale_free,1.0,15,0.8302698382036068,4.164996013614575e-06,2.0,0.0,2,1.0,0.0,1.0,0.0
scale_free,1.0,16,0.8246516945884409,2.0725744520178028e-05,3.0,0.0,3,1.0,0.0,1.0,0.0
scale_free,1.0,17,0.8146215984166174,3.9722381332948694e-07,2.0,0.0,2,1.0,0.0,1.0,0.0
scale_free,1.0,18,0.8157626879880415,1.1774244010114304e-05,1.0,0.0,1,1.0,0.0,1.0,0.0
scale_free,1.0,19,0.8490210673471714,8.545181940849005e-07,3.0,0.0,3,1.0,0.0,1.0,0.0
scale_free,1.05,0,0.8694399610231842,2.654256979054989e-07,4.0,0.0,4,1.0,0.0,1.0,0.0
scale_free,1.05,1,0.893911888289563,6.390713981301532e-09,1.0,0.0,1,1.0,0.0,1.0,0.0
scale_free,1.05,2,0.8551031675420642,1.178585002855331e-06,2.0,0.0,2,1.0,0.0,1.0,0.0
scale_free,1.05,3,0.8394919755324473,6.287833635284768e-07,2.0,0.0,2,1.0,0.0,1.0,0.0
scale_free,1.05,4,0.8446804070651409,2.3726516674530124e-07,2.0,0.0,2,1.0,0.0,1.0,0.0
scale_free,1.05,5,0.8747620657571281,3.355162570641694e-07,1.0,0.0,1,1.0,0.0,1.0,0.0
scale_free,1.05,6,0.8551459840564766,1.0115583618546666e-06,3.0,0.0,3,1.0,0.0,1.0,0.0
scale_free,1.05,7,0.8784058132541125,2.0827316929360222e-07,3.0,0.0,3,1.0,0.0,1.0,0.0
scale_free,1.05,8,0.7968548650531186,7.222802288402964e-06,2.0,0.0,2,1.0,0.0,1.0,0.0
scale_free,1.05,9,0.8634013717402008,4.683925332898499e-06,2.0,0.0,2,1.0,0.0,1.0,0.0
scale_free,1.05,10,0.8623881372401797,2.5334966135947296e-06,2.0,0.0,2,1.0,0.0,1.0,0.0
scale_free,1.05,11,0.8794464151831439,8.020720162372892e-08,2.0,0.0,2,1.0,0.0,1.0,0.0
scale_free,1.05,12,0.8762096591776795,3.871346859933708e-07,1.0,0.0,1,1.0,0.0,1.0,0.0
scale_free,1.05,13,0.8263470852054072,2.17240078256002e-06,2.0,0.0,2,1.0,0.0,1.0,0.0
scale_free,1.05,14,0.8448760222878511,1.5546332336745921e-06,1.0,0.0,1,1.0,0.0,1.0,0.0
scale_free,1.05,15,0.8532247589571547,1.0789524391720105e-06,2.0,0.0,2,1.0,0.0,1.0,0.0
scale_free,1.05,16,0.8470129694358965,6.4932746333671066e-06,3.0,0.0,3,1.0,0.0,1.0,0.0
scale_free,1.05,17,0.8399767980871187,1.115059017477023e-07,1.0,0.0,1,1.0,0.0,1.0,0.0
scale_free,1.05,18,0.8395608998512846,3.0122274658622776e-06,1.0,0.0,1,1.0,0.0,1.0,0.0
scale_free,1.05,19,0.8669228759393067,2.926902520166829e-07,3.0,0.0,3,1.0,0.0,1.0,0.0
scale_free,1.1,0,0.8833236720897234,1.0773143092518729e-07,4.0,0.0,4,1.0,0.0,1.0,0.0
scale_free,1.1,1,0.9049125977139585,1.655603102406291e-08,1.0,0.0,1,1.0,0.0,1.0,0.0
scale_free,1.1,2,0.8719303980254098,3.8071877225001906e-07,2.0,0.0,2,1.0,0.0,1.0,0.0
scale_free,1.1,3,0.8571983401199872,3.3475826068537894e-07,2.0,0.0,2,1.0,0.0,1.0,0.0
scale_free,1.1,4,0.8626713962433773,1.1971717107626126e-07,2.0,0.0,2,1.0,0.0,1.0,0.0
scale_free,1.1,5,0.889165601875465,1.1364713287318324e-07,2.0,0.0,2,1.0,0.0,1.0,0.0
scale_free,1.1,6,0.8720744055775094,3.2096107559096284e-07,4.0,0.0,4,1.0,0.0,1.0,0.0
scale_free,1.1,7,0.8917895312439195,6.513846876142334e-08,3.0,0.0,3,1.0,0.0,1.0,0.0
scale_free,1.1,8,0.8267541454765305,9.413845583521509e-07,2.0,0.0,2,1.0,0.0,1.0,0.0
scale_free,1.1,9,0.8786546330975296,2.207166375728439e-06,2.0,0.0,2,1.0,0.0,1.0,0.0
scale_free,1.1,10,0.8770344136807757,6.079825299230189e-07,2.0,0.0,2,1.0,0.0,1.0,0.0
scale_free,1.1,11,0.8919700780811999,2.6755130120608643e-08,2.0,0.0,2,1.0,0.0,1.0,0.0
scale_free,1.1,12,0.8892841641059592,1.7270850140887938e-07,1.0,0.0,1,1.0,0.0,1.0,0.0
scale_free,1.1,13,0.8465439004328753,6.973933367430897e-07,2.0,0.0,2,1.0,0.0,1.0,0.0
scale_free,1.1,14,0.863598476956341,4.794483035818773e-07,2.0,0.0,2,1.0,0.0,1.0,0.0
scale_free,1.1,15,0.8709246604334071,3.595825296575921e-07,2.0,0.0,2,1.0,0.0,1.0,0.0
scale_free,1.1,16,0.864701207072053,2.2506922708490726e-06,3.0,0.0,3,1.0,0.0,1.0,0.0
scale_free,1.1,17,0.8594666033191457,7.209950739524576e-08,1.0,0.0,1,1.0,0.0,1.0,0.0
scale_free,1.1,18,0.8582445760061385,8.735569091884311e-07,1.0,0.0,1,1.0,0.0,1.0,0.0
scale_free,1.1,19,0.8814262670160352,1.12346330373566e-07,3.0,0.0,3,1.0,0.0,1.0,0.0
scale_free,1.15,0,0.8949213566994288,4.67175000297016e-08,3.0,0.0,3,1.0,0.0,1.0,0.0
scale_free,1.15,1,0.914193427695871,1.2177933549568722e-08,1.0,0.0,1,1.0,0.0,1.0,0.0
scale_free,1.15,2,0.8856180776374986,1.3516052080838332e-07,1.0,0.0,1,1.0,0.0,1.0,0.0
scale_free,1.15,3,0.8718573404651202,1.6350153711172557e-07,2.0,0.0,2,1.0,0.0,1.0,0.0
scale_free,1.15,4,0.8772828351025813,5.6464263801557154e-08,2.0,0.0,2,1.0,0.0,1.0,0.0
scale_free,1.15,5,0.9009261464186088,4.2070091647654446e-08,2.0,0.0,2,1.0,0.0,1.0,0.0
scale_free,1.15,6,0.8858119830636131,1.1362294167070763e-07,4.0,0.0,4,1.0,0.0,1.0,0.0
scale_free,1.15,7,0.9028484515342609,2.2328610955799643e-08,3.0,0.0,3,1.0,0.0,1.0,0.0
scale_free,1.15,8,0.8487127557356803,1.1282709743615568e-07,2.0,0.0,2,1.0,0.0,1.0,0.0
scale_free,1.15,9,0.8912211697963719,1.0801810626950748e-06,2.0,0.0,2,1.0,0.0,1.0,0.0
scale_free,1.15,10,0.8892438672857663,8.050510055436128e-08,3.0,0.0,3,1.0,0.0,1.0,0.0
scale_free,1.15,11,0.9024713775359243,9.131056877548941e-09,2.0,0.0,2,1.0,0.0,1.0,0.0
scale_free,1.15,12,0.9002313290706063,7.919280384709059e-08,1.0,0.0,1,1.0,0.0,1.0,0.0
scale_free,1.15,13,0.8630593735459257,2.1442057179344783e-07,2.0,0.0,2,1.0,0.0,1.0,0.0
scale_free,1.15,14,0.8787270896455136,1.6221588932620353e-07,2.0,0.0,2,1.0,0.0,1.0,0.0
scale_free,1.15,15,0.8851111464942478,1.3956105884449268e-07,2.0,0.0,2,1.0,0.0,1.0,0.0
scale_free,1.15,16,0.8791069427714262,8.390169345283815e-07,3.0,0.0,3,1.0,0.0,1.0,0.0
scale_free,1.15,17,0.8750456986211427,3.4835606082255e-08,1.0,0.0,1,1.0,0.0,1.0,0.0
scale_free,1.15,18,0.8734016490332542,2.883091468612311e-07,1.0,0.0,1,1.0,0.0,1.0,0.0
scale_free,1.15,19,0.8934398010761111,4.631352099621945e-08,3.0,0.0,3,1.0,0.0,1.0,0.0
scale_free,1.2,0,0.9047485414142474,2.1247330146440596e-08,3.0,0.0,3,1.0,0.0,1.0,0.0
scale_free,1.2,1,0.9221108970311735,7.301737602843995e-09,1.0,0.0,1,1.0,0.0,1.0,0.0
scale_free,1.2,2,0.8969879564445892,5.11553423977818e-08,1.0,0.0,1,1.0,0.0,1.0,0.0
scale_free,1.2,3,0.8841852646878192,7.837948735349448e-08,2.0,0.0,2,1.0,0.0,1.0,0.0
scale_free,1.2,4,0.889415338492334,2.640623634037341e-08,2.0,0.0,2,1.0,0.0,1.0,0.0
scale_free,1.2,5,0.9107179212217784,1.6596402590468846e-08,2.0,0.0,2,1.0,0.0,1.0,0.0
scale_free,1.2,6,0.897205680640204,4.354809138089815e-08,4.0,0.0,4,1.0,0.0,1.0,0.0
scale_free,1.2,7,0.9121442678425922,8.176160746944852e-09,4.0,0.0,4,1.0,0.0,1.0,0.0
scale_free,1.2,8,0.8658549255661818,1.0023997945779107e-08,2.0,0.0,2,1.0,0.0,1.0,0.0
scale_free,1.2,9,0.9017574924157706,5.507007924819137e-07,2.0,0.0,2,1.0,0.0,1.0,0.0
scale_free,1.2,10,0.899576128328266,1.3342369099755158e-08,3.0,0.0,3,1.0,0.0,1.0,0.0
scale_free,1.2,11,0.9114009851151975,3.106147111320522e-09,2.0,0.0,2,1.0,0.0,1.0,0.0
scale_free,1.2,12,0.9095205795787034,3.7093459302955406e-08,1.0,0.0,1,1.0,0.0,1.0,0.0
scale_free,1.2,13,0.876803177649724,6.473687859141986e-08,2.0,0.0,2,1.0,0.0,1.0,0.0
scale_free,1.2,14,0.8912015156782459,5.8165597291430176e-08,2.0,0.0,2,1.0,0.0,1.0,0.0
scale_free,1.2,15,0.8967829939160444,5.923737903615704e-08,2.0,0.0,2,1.0,0.0,1.0,0.0
scale_free,1.2,16,0.8910868656677043,3.306500334577999e-07,3.0,0.0,3,1.0,0.0,1.0,0.0
scale_free,1.2,17,0.8878364000619383,1.6168843680806338e-08,1.0,0.0,1,1.0,0.0,1.0,0.0
scale_free,1.2,18,0.8859780151046275,1.088578661162743e-07,1.0,0.0,1,1.0,0.0,1.0,0.0
scale_free,1.2,19,0.9035580877082807,2.0024876813123207e-08,3.0,0.0,3,1.0,0.0,1.0,0.0
modular,0.4,0,0.06974764367399101,0.031066062152947133,0.0355,0.18503986057063487,0,0.9645,0.02,0.7465,0.00013137830757406572
modular,0.4,1,0.04841157574538817,0.026198310739250753,0.0165,0.12738818626544612,0,0.9835,0.015,0.876,3.152857820260291e-05
modular,0.4,2,0.10168608772562783,0.051116407017678854,0.0615,0.24024518725668575,0,0.9385,0.0395,0.5225,0.0005836156359183828
modular,0.4,3,0.07675771571129736,0.041628214859960315,0.0455,0.21547563667384767,0,0.956,0.029,0.617,0.00027494692187675785
modular,0.4,4,0.06690786010850577,0.023747997355688267,0.0185,0.1347506957310425,0,0.9815,0.016,0.978,3.9886208429276365e-05
modular,0.4,5,0.10768225281359585,0.06255890089117132,0.0465,0.2152620496046621,0,0.9545,0.0385,0.5345,0.00037708530518939
modular,0.4,6,0.08947296966755093,0.04764428836918409,0.0285,0.16639636414297038,0,0.9715,0.022,0.6985,0.00010433052505993868
modular,0.4,7,0.1043929232169479,0.04725561456208595,0.044,0.20509509989270833,0,0.956,0.034,0.6095,0.0003068222784636764
modular,0.4,8,0.07598052427029023,0.036280111147932975,0.0395,0.1947812876022746,0,0.9605,0.028,0.7015,0.00021542811178197645
modular,0.4,9,0.09361712284490192,0.051191140406326004,0.0465,0.21292663055616132,0,0.954,0.033,0.5925,0.0003232226349788782
modular,0.4,10,0.08361370187895521,0.03565064304032854,0.0435,0.2064164479880419,0,0.957,0.025,0.699,0.00022189769046305252
modular,0.4,11,0.17429941973221363,0.07199460294472708,0.159,0.38564102478859796,0,0.8485,0.084,0.252,0.004907667739884312
modular,0.4,12,0.09761703129123661,0.04780072480276093,0.052,0.22426769718352219,0,0.9485,0.0275,0.49,0.0003176191376859496
modular,0.4,13,0.10263636499760766,0.042223272609051545,0.07,0.26664583251946766,0,0.933,0.0455,0.3865,0.0008128698383008672
modular,0.4,14,0.10530522528094309,0.04395550238410457,0.0545,0.23136497141961657,0,0.9465,0.034,0.569,0.0004208528953903085
modular,0.4,15,0.09612248904071197,0.037766566627850155,0.036,0.18629009635512025,0,0.964,0.026,0.7325,0.00017436753689483619
modular,0.4,16,0.06260062450211246,0.032501710625116705,0.041,0.19829019138626097,0,0.959,0.021,0.664,0.0001707278629134687
modular,0.4,17,0.06899780563087975,0.041052204290387945,0.0305,0.1719585705918725,0,0.9695,0.02,0.77,0.00010489473330577853
modular,0.4,18,0.06263136136964151,0.03185584577304179,0.0325,0.1882651056356435,0,0.9695,0.022,0.7575,0.0001263258916236024
modular,0.4,19,0.08323104877473832,0.04521439414283444,0.037,0.18876175460087244,0,0.963,0.025,0.711,0.00017460462998999208
modular,0.45,0,0.0960568458369334,0.04854901922950652,0.033,0.18414939587193874,0,0.968,0.028,0.659,0.00016499786459403792
modular,0.45,1,0.09971790302501628,0.06557933572934316,0.07,0.27037011669191546,0,0.934,0.0355,0.6515,0.000633477201253585
modular,0.45,2,0.1008253249162272,0.06147585595018865,0.039,0.19616064844917291,0,0.9615,0.025,0.572,0.0001888046316845138
modular,0.45,3,0.07514005018975922,0.035280933890581845,0.0385,0.19239997401247227,0,0.9615,0.025,0.683,0.00018518498239440345
modular,0.45,4,0.11153411967032105,0.05281506241869485,0.0545,0.22700165197636776,0,0.9455,0.0355,0.569,0.00043919145853286745
modular,0.45,5,0.13304793363249842,0.060011709480515645,0.079,0.2770541463324453,0,0.923,0.0505,0.4015,0.0010773250693468823
modular,0.45,6,0.1419081972176431,0.06293965405774328,0.053,0.23492764843670486,0,0.949,0.0365,0.495,0.0004373178295462365
modular,0.45,7,0.14969700148807924,0.05221964155786324,0.0785,0.2798888172114063,0,0.9245,0.0465,0.4355,0.0009826196861565505
modular,0.45,8,0.0713598391604828,0.04045672190043566,0.0255,0.16077857444323854,0,0.975,0.0165,0.861,6.632116597730031e-05
modular,0.45,9,0.08131103031024708,0.041804508955468486,0.035,0.19176808910765106,0,0.9665,0.0195,0.608,0.00012527251063380393
modular,0.45,10,0.11240933857527219,0.04295527918774414,0.029,0.17076006558911833,0,0.9715,0.026,0.6905,0.0001265332134681984
modular,0.45,11,0.18671003351212548,0.06861107256700452,0.1675,0.4188600601632961,0,0.8495,0.0865,0.2665,0.005452825041259266
modular,0.45,12,0.1136769975052983,0.05059475090098723,0.0685,0.2603992127484259,0,0.9335,0.039,0.515,0.0006753453755795903
modular,0.45,13,0.09603316832367026,0.04397341572749723,0.037,0.18876175460087244,0,0.963,0.027,0.7045,0.00018857299983045665
modular,0.45,14,0.12203153852119343,0.06188190553892649,0.0585,0.24099325716708342,0,0.943,0.0415,0.579,0.000570069563565352
modular,0.45,15,0.11620344801890482,0.04769014773697992,0.078,0.27187497126436627,0,0.923,0.044,0.3385,0.0009211124235780451
modular,0.45,16,0.08800209937729807,0.03849154595715798,0.04,0.1984943324127921,0,0.9605,0.028,0.5455,0.0002195347394890741
modular,0.45,17,0.08949196688147848,0.04828215011482292,0.076,0.28848570155208736,0,0.9305,0.041,0.4185,0.0008220400266224293
modular,0.45,18,0.07416805865505877,0.04696236826759209,0.044,0.21923503369671557,0,0.959,0.0265,0.7125,0.00023819887310011804
modular,0.45,19,0.0960781468889278,0.04492310433650389,0.024,0.15304901175767194,0,0.976,0.017,0.892,6.244400047030649e-05
modular,0.5,0,0.15360436539427919,0.06360036821046464,0.0915,0.2900478408814656,0,0.909,0.0395,0.2795,0.0010425769904427813
modular,0.5,1,0.23176321567573088,0.0644537457792246,0.276,0.5116874045743162,0,0.7535,0.1125,0.119,0.014189731464232453
modular,0.5,2,0.12668691310563474,0.04400170422585552,0.073,0.2714240225182731,0,0.93,0.048,0.271,0.0009119847346610785
modular,0.5,3,0.09651446836183686,0.04014223271012505,0.049,0.2249422148019353,0,0.953,0.032,0.749,0.0003383131016343951
modular,0.5,4,0.11576407236711019,0.04298213389211274,0.047,0.21861152760090216,0,0.9545,0.028,0.5965,0.00027851109611037373
modular,0.5,5,0.15958796526331107,0.06916429894233601,0.127,0.38970629966681314,0,0.892,0.059,0.312,0.0024832085835652133
modular,0.5,6,0.20043761133498486,0.08613125495805113,0.2125,0.4736493956504114,0,0.813,0.11,0.184,0.009742968157101402
modular,0.5,7,0.3033818076772135,0.03664968278856022,0.455,0.6519010661135629,0,0.6285,0.1985,0.0995,0.0480729775853272
modular,0.5,8,0.09693318908366222,0.03713695772684786,0.038,0.19119623427254,0,0.962,0.027,0.583,0.00019616734362908314
modular,0.5,9,0.07948276987423517,0.03530392706676465,0.0265,0.1606167799453096,0,0.9735,0.019,0.7705,8.087055295880794e-05
modular,0.5,10,0.13875906331979837,0.04289196310630582,0.0835,0.28022803214525127,0,0.9175,0.042,0.3075,0.0009709901545021085
modular,0.5,11,0.22822084366308956,0.06527562588851626,0.2895,0.5689373867131602,0,0.7655,0.1375,0.134,0.01834467499624828
modular,0.5,12,0.1746438370364847,0.061015833411800564,0.107,0.32488613389924786,0,0.898,0.063,0.17,0.002087718329574952
modular,0.5,13,0.11998351535096279,0.027707524569505065,0.0435,0.20397977840952766,0,0.9565,0.034,0.59,0.00030168610114081167
modular,0.5,14,0.14997509464285086,0.08801918945793645,0.116,0.3735558860465191,0,0.9015,0.054,0.6215,0.0019869437946766905
modular,0.5,15,0.13039102051281232,0.058332322949469356,0.067,0.25789726636783106,0,0.935,0.0485,0.459,0.000813021148987909
modular,0.5,16,0.12546419521782554,0.070892035068548,0.1105,0.3496995138686927,0,0.9005,0.059,0.469,0.0020529110309612623
modular,0.5,17,0.14363808033299238,0.052005869165176216,0.0875,0.3047027239786346,0,0.9185,0.059,0.59,0.001465163073084537
modular,0.5,18,0.07958279065967523,0.051879629019885576,0.0385,0.19239997401247227,0,0.9615,0.022,0.614,0.0001629627853959629
modular,0.5,19,0.12612463273365132,0.05953384072171566,0.0795,0.2741892594541223,0,0.9215,0.0365,0.418,0.0007856207971747808
modular,0.55,0,0.16877235405698618,0.06490406153925267,0.1105,0.3350966278553098,0,0.8965,0.064,0.421,0.002219680097596074
modular,0.55,1,0.2551853618387698,0.05726557475090985,0.3965,0.5943801393048055,0,0.6565,0.1625,0.0995,0.033177556604989694
modular,0.55,2,0.168501732331939,0.07935744273058896,0.1935,0.46374319402013864,0,0.834,0.098,0.206,0.007544174357300987
modular,0.55,3,0.20771614343593517,0.06013975935197166,0.206,0.4555919226676435,0,0.814,0.099,0.1885,0.008389269748742089
modular,0.55,4,0.21275365200757806,0.058396585162555886,0.235,0.4906882920959089,0,0.793,0.12,0.1885,0.012188697277234851
modular,0.55,5,0.11732346923802742,0.05585775688890128,0.0735,0.26475979679702133,0,0.9275,0.0425,0.444,0.0008157911430759074
modular,0.55,6,0.17036477232936353,0.08478288339942519,0.176,0.4393449669678714,0,0.8465,0.0865,0.263,0.005833512702597106
modular,0.55,7,0.3494724282030928,0.05511180357085477,0.7675,0.9640766307716415,0,0.5015,0.239,0.0995,0.11486153638567173
modular,0.55,8,0.14799544134700524,0.0651438193365267,0.093,0.3005844307345276,0,0.91,0.055,0.438,0.00148789295918851
modular,0.55,9,0.1468242438584377,0.053707710555859114,0.0685,0.258471952056698,0,0.933,0.047,0.3605,0.0008139281943441622
modular,0.55,10,0.1689300722186233,0.0671957801926011,0.188,0.46974035381261425,0,0.8425,0.0815,0.3585,0.006029704690611275
modular,0.55,11,0.3185998951746093,0.06510481950513586,0.753,0.91213540661461,0,0.4845,0.252,0.0995,0.11849186260188337
modular,0.55,12,0.2956637345034722,0.06343032544148153,0.538,0.746696725585428,0,0.595,0.2115,0.1185,0.06396017507424596
modular,0.55,13,0.12786252591716407,0.04076102686960853,0.0595,0.24486680052632698,0,0.9425,0.0415,0.35,0.0005843134168357887
modular,0.55,14,0.24279662334447016,0.0775428541713804,0.319,0.5985307009669596,0,0.7425,0.13,0.1535,0.020035815368990625
modular,0.55,15,0.13330965182785048,0.04880938200816618,0.0655,0.2474060427717965,0,0.9345,0.05,0.323,0.0008102548062827293
modular,0.55,16,0.15089024452129093,0.05072489743614443,0.1285,0.3563534060451787,0,0.879,0.0625,0.2935,0.002694922676335426
modular,0.55,17,0.2636998351179634,0.04910736598717491,0.378,0.5950764656747904,0,0.6795,0.1745,0.0995,0.03328099045563243
modular,0.55,18,0.1021661537028871,0.05361974677979313,0.0425,0.20172691937369194,0,0.9575,0.0325,0.559,0.00027863531595830596
modular,0.55,19,0.11805268768961973,0.07010583951537416,0.067,0.25982878978281065,0,0.9355,0.0465,0.4275,0.0007792915145150518
modular,0.6,0,0.2710162150222977,0.1131511877214352,0.6785,1.0895585115082165,0,0.612,0.1945,0.135,0.08222462305222777
modular,0.6,1,0.37734137623092356,0.08037599316920571,1.644,1.4516418291024822,1,0.2675,0.3485,0.0995,0.37056968353975017
modular,0.6,2,0.19680125027721787,0.12285464501665645,0.488,0.9299763437851525,0,0.711,0.1315,0.2415,0.03534235624980221
modular,0.6,3,0.2770031780677948,0.08994083496970275,0.646,0.8328769416906677,0,0.5465,0.2,0.0995,0.07554193898905326
modular,0.6,4,0.18311878126939693,0.06524467557464236,0.157,0.4187493283576703,0,0.8645,0.0795,0.2595,0.004510872509141447
modular,0.6,5,0.23117462945288486,0.07221759903338187,0.382,0.7085732142834641,0,0.722,0.145,0.1115,0.02856258646474979
modular,0.6,6,0.16471563741399495,0.04926888707364934,0.1195,0.3690795984608199,0,0.8945,0.069,0.383,0.002686714975933437
modular,0.6,7,0.421703732390898,0.05935671476444607,1.963,1.4895069654083528,1,0.264,0.379,0.0995,0.4154890320551447
modular,0.6,8,0.17190680337063072,0.0549368466229541,0.0995,0.31080500317723336,0,0.904,0.061,0.2875,0.0018200741284431585
modular,0.6,9,0.19464995790020764,0.0642894732371902,0.234,0.4735440845370154,0,0.7885,0.108,0.1135,0.010816694079149081
modular,0.6,10,0.3475537736630491,0.050596240290495906,1.1145,1.1038069351113897,1,0.367,0.3255,0.0995,0.22743003731946324
modular,0.6,11,0.43009883452969566,0.045596619940112514,2.15,1.3444329659748753,2,0.281,0.424,0.0995,0.4098584572418839
modular,0.6,12,0.34983113226124773,0.07907958450005406,1.1675,1.1926624627278248,0,0.3635,0.325,0.0995,0.24671713945516438
modular,0.6,13,0.2902973604522976,0.029327352379409477,0.3805,0.572468121383191,0,0.664,0.175,0.0995,0.03366112572968091
modular,0.6,14,0.34798012942908535,0.09602335255932062,1.2135,1.1678688924703835,0,0.3515,0.317,0.117,0.24008406439251587
modular,0.6,15,0.20890391396637645,0.0981184108276794,0.3465,0.6167963602356941,0,0.7185,0.1345,0.321,0.023352989765781967
modular,0.6,16,0.24210751843601525,0.061351215713038025,0.261,0.48464316770176386,0,0.7595,0.1295,0.19,0.015094090413836195
modular,0.6,17,0.35994975373286375,0.06965995271884283,1.2365,1.3044415471764153,0,0.3695,0.3185,0.0995,0.2619504517875219
modular,0.6,18,0.13456757807831857,0.09225403952269591,0.197,0.46817838480647517,0,0.83,0.083,0.3125,0.006605997089209692
modular,0.6,19,0.22849798576373526,0.0849954021684224,0.3535,0.6507977796520207,0,0.721,0.1275,0.1175,0.023150504198244087
modular,0.65,0,0.2869083542174027,0.1308319879889727,1.0285,1.6497538452751062,0,0.5915,0.19,0.1565,0.1280456453749518
modular,0.65,1,0.4828876805658586,0.032516369753383206,3.5305,1.350581263752759,3,0.2885,0.4465,0.0995,0.4290590720909179
modular,0.65,2,0.27432438291170663,0.08292106387016164,0.727,1.0283340896809752,0,0.577,0.21,0.147,0.09134691762134635
modular,0.65,3,0.30971872142605256,0.07638674124503073,0.9695,1.1439273359789948,0,0.453,0.285,0.0995,0.1783325526681736
modular,0.65,4,0.16219951689114898,0.09723346659051528,0.177,0.46762271116788157,0,0.8555,0.0755,0.406,0.005101646940735276
modular,0.65,5,0.3054654374244328,0.08496145978193258,0.832,1.0510832507465808,0,0.494,0.239,0.0995,0.1271117023776351
modular,0.65,6,0.3525225045446297,0.04121155922571153,0.9955,0.9568070599655921,1,0.3755,0.326,0.0995,0.19479347951474107
modular,0.65,7,0.4736981932739486,0.04189808619792231,3.209,1.5799743668806783,3,0.2445,0.4125,0.0995,0.492389137792241
modular,0.65,8,0.22906173382660455,0.10233154766410908,0.533,0.8977254591466145,0,0.6745,0.1555,0.3785,0.04543859883828032
modular,0.65,9,0.27102017796466604,0.09707274301897462,0.639,0.8692979926354368,0,0.575,0.2005,0.13,0.07407505556689882
modular,0.65,10,0.41267891853924926,0.06395404543783718,2.0825,1.507877233066406,2,0.244,0.3775,0.0995,0.4303330846847769
modular,0.65,11,0.4821283511206932,0.02954153930001921,3.1,1.3118688958886098,3,0.305,0.4365,0.0995,0.3979783881852368
modular,0.65,12,0.43177190060350246,0.05629771537305743,2.241,1.5145689155664066,2,0.2375,0.431,0.0995,0.49774414314431376
modular,0.65,13,0.34148039181601786,0.045669680522252724,0.843,0.9145222796629943,0,0.4315,0.2885,0.0995,0.14999285728256287
modular,0.65,14,0.3932332268742987,0.07791216618507216,1.9985,1.6951394485410338,1,0.2505,0.3595,0.0995,0.45674727376750807
modular,0.65,15,0.2531516080896861,0.08191847412599303,0.477,0.6938811137363518,0,0.626,0.181,0.12,0.04697158837278013
modular,0.65,16,0.35538775482563834,0.07901899809331303,1.49,1.4859004004306613,0,0.3195,0.3285,0.0995,0.3321644916001272
modular,0.65,17,0.4116435862420039,0.030131109987068274,1.683,1.1621148824449328,1,0.332,0.4035,0.0995,0.313234121960735
modular,0.65,18,0.20211645320641047,0.09501362493062084,0.356,0.7108192456595419,0,0.757,0.143,0.4515,0.024700258140152496
modular,0.65,19,0.28562165415538493,0.07973721131721914,0.6565,0.9932309650831472,0,0.5905,0.2025,0.0995,0.08236243664754171
modular,0.7,0,0.3865125516526844,0.14303578498475303,1.9805,1.8860328072438188,0,0.301,0.299,0.0995,0.3941827440651024
modular,0.7,1,0.6107566588418418,0.022805279734106596,3.956,1.18239756427354,4,0.328,0.204,0.0995,0.16209251808570221
modular,0.7,2,0.3702231656666004,0.11580718195980347,1.678,1.9147626484763065,0,0.363,0.282,0.0995,0.34395647481609665
modular,0.7,3,0.4933711670447508,0.016641083253825524,3.9975,1.2310539183967533,4,0.3095,0.494,0.0995,0.41992110979260405
modular,0.7,4,0.28713111535641556,0.09067079747818814,0.942,1.068473677729124,0,0.4255,0.2445,0.0995,0.15008342287447896
modular,0.7,5,0.3596686261495721,0.04781068666547249,1.3545,1.1505780069165237,1,0.333,0.3245,0.0995,0.24903283045145835
modular,0.7,6,0.4217581626970608,0.03789907089836037,2.039,1.2893715523463358,1,0.3025,0.4115,0.0995,0.3700770355682224
modular,0.7,7,0.5577716202140984,0.026365408853768358,4.113,1.3450765777456688,4,0.303,0.346,0.0995,0.32438135857981937
modular,0.7,8,0.3704188652563994,0.13048604373460268,2.136,2.0607047338228734,0,0.3135,0.333,0.0995,0.4710863767378849
modular,0.7,9,0.29573913840845967,0.07659237285733285,0.7245,0.9610409720714305,0,0.5365,0.2275,0.0995,0.10133816704672957
modular,0.7,10,0.4671435098113499,0.060708728281976904,3.184,1.7375684159192122,4,0.2195,0.389,0.0995,0.5275509671712758
modular,0.7,11,0.6069474050043788,0.012186287378552561,4.288,1.1785821990849854,4,0.329,0.2665,0.0995,0.2107558375045044
modular,0.7,12,0.5161452970499454,0.03150678062028309,4.071,1.3213474183574885,4,0.2805,0.456,0.0995,0.4335235181344546
modular,0.7,13,0.43876445091449306,0.043054744904285215,2.5005,1.4268846309355216,3,0.257,0.4665,0.0995,0.494571769546421
modular,0.7,14,0.5100741287831853,0.027938624469678344,4.3855,1.0944814982447169,4,0.3585,0.3725,0.0995,0.2615359314207946
modular,0.7,15,0.3496258448815588,0.058427335703620326,1.4295,1.3065334859849556,1,0.3435,0.305,0.0995,0.26161046709022184
modular,0.7,16,0.4549988573852846,0.03007851962507415,3.552,1.3846645803226136,4,0.28,0.4375,0.0995,0.4361693437985818
modular,0.7,17,0.483922419914566,0.02617461386324584,3.1465,1.2763376316633464,3,0.289,0.4015,0.0995,0.3643516374367008
modular,0.7,18,0.34727928194693675,0.14824897828929778,1.8695,1.9563920235985426,0,0.369,0.316,0.1875,0.3900967451719384
modular,0.7,19,0.27841830310208404,0.12725099588691832,1.125,1.5438183183263503,0,0.5145,0.231,0.208,0.17313999705898317
modular,0.75,0,0.49753643853034196,0.061135333882581966,3.647,1.2955273057716692,3,0.314,0.317,0.0995,0.2817279598564505
modular,0.75,1,0.7233255728806496,0.003178099263858705,3.834,0.9292168745777274,4,0.421,0.023,0.0995,0.012374381656768164
modular,0.75,2,0.5066301149066179,0.0817936624753048,3.362,1.7311718574422355,4,0.245,0.2855,0.0995,0.3731584231083522
modular,0.75,3,0.6212064599660054,0.005785486152341125,4.072,1.101733180039523,4,0.358,0.206,0.0995,0.14570641723389968
modular,0.75,4,0.33536159882703837,0.13426933673957173,2.015,1.7171997554157756,0,0.308,0.232,0.1635,0.2756861187217725
modular,0.75,5,0.4836665590275093,0.043781334921809814,3.6995,1.6053659240185707,3,0.2355,0.3975,0.0995,0.4878526451699007
modular,0.75,6,0.4793248973519128,0.014235609813057942,3.6825,1.1492144055832227,4,0.3415,0.3985,0.0995,0.30156793865826376
modular,0.75,7,0.6566441039394567,0.007149166101371236,4.793,1.1332038651540155,5,0.336,0.188,0.0995,0.1414601056473534
modular,0.75,8,0.42742339355416525,0.042655202717249055,3.0245,1.4191193572071379,3,0.2795,0.4185,0.0995,0.42790599646162586
modular,0.75,9,0.32320371860444136,0.15588498427534336,1.734,1.9150049608290836,0,0.4035,0.2525,0.1645,0.28843086707377397
modular,0.75,10,0.5767570856854825,0.018816189148348067,4.3545,1.3216768704944488,4,0.276,0.298,0.0995,0.28515442911981237
modular,0.75,11,0.7119632301734369,0.0037710317649875644,2.688,0.9373665238315267,2,0.402,0.057,0.0995,0.031951075891866604
modular,0.75,12,0.6207986033497226,0.009911679191621307,3.7505,1.2309548123306557,4,0.3325,0.176,0.0995,0.14461257217426776
modular,0.75,13,0.5367529996787559,0.019064325788712817,4.302,1.1352515139826944,4,0.322,0.386,0.0995,0.2971044039910835
modular,0.75,14,0.6282673294499025,0.010908872301221952,4.1115,1.168361138518395,4,0.2965,0.127,0.0995,0.10438664256229879
modular,0.75,15,0.5351185832448696,0.03046061146027035,4.454,1.29648910523768,4,0.3035,0.312,0.0995,0.2817374553839944
modular,0.75,16,0.6462921057126462,0.00965260458719925,4.5985,1.2570989420089413,4,0.3125,0.192,0.0995,0.16593706120943577
modular,0.75,17,0.591200750078051,0.007500373921438256,3.9755,1.133975198141476,4,0.348,0.1895,0.0995,0.14010717237052375
modular,0.75,18,0.45763251074119055,0.035594535994190935,3.096,1.4169629494097578,3,0.2585,0.4095,0.0995,0.4302526531019919
modular,0.75,19,0.46724294923972876,0.07396058954200672,3.3375,1.615114160051852,3,0.254,0.3325,0.0995,0.40062099303493687
modular,0.8,0,0.6998311752643165,0.006132009146148993,2.567,0.7385871647950565,2,0.4375,0.0605,0.0995,0.025135044867387046
modular,0.8,1,0.7809984308750124,0.0011791349803018665,2.836,0.38872097962420293,3,0.822,0.0025,0.8555,0.0001729809051251047
modular,0.8,2,0.5912297470496785,0.00841504951263027,3.83,1.1683749398202616,4,0.317,0.1705,0.0995,0.1360590151024793
modular,0.8,3,0.7160785207949766,0.0006328638928906808,2.1015,0.6694757277153519,2,0.546,0.0465,0.0995,0.014133302391740774
modular,0.8,4,0.5620477912235338,0.020522429657294065,3.875,0.8212033852828421,4,0.477,0.0935,0.0995,0.04015725657151299
modular,0.8,5,0.6005566374559995,0.023304014931054984,3.964,1.0661632145220543,4,0.342,0.062,0.0995,0.04349519520117712
modular,0.8,6,0.5923260640332908,0.0072974352522978715,4.6245,1.3905034160332006,4,0.2895,0.2015,0.0995,0.19907246542190787
modular,0.8,7,0.7555748541756035,0.0012082424892187627,1.518,0.6431764921077262,1,0.564,0.019,0.0995,0.005328074341045355
modular,0.8,8,0.6699635054974534,0.0005904965828534308,3.4155,0.8245360816847253,4,0.634,0.01,0.294,0.0030178023607463
modular,0.8,9,0.5658868657342745,0.02847757240666122,3.835,1.1733605583962672,4,0.289,0.1665,0.0995,0.13890418377804709
modular,0.8,10,0.7162915681276916,0.0013140791507607894,2.931,0.6761944986466543,3,0.538,0.0325,0.0995,0.010153060709581371
modular,0.8,11,0.7721075109179962,0.0006639574936458302,1.864,0.3427885645700568,2,0.864,0.0055,0.509,0.0002564058929176473
modular,0.8,12,0.707915205967405,0.0010756269862710484,2.926,0.4853081495297601,3,0.759,0.006,0.6125,0.0007017557011792971
modular,0.8,13,0.6496264415629487,0.005507387969955194,4.6245,1.1842718226826137,5,0.344,0.1985,0.0995,0.15421114043932155
modular,0.8,14,0.7226501534807382,0.0020479785111241133,2.7295,0.4442181333534236,3,0.7295,0.01,0.179,0.0012016101708820157
modular,0.8,15,0.6915098717751508,0.002177374958454314,3.731,0.628202992670363,4,0.5345,0.0185,0.1065,0.005409927414557491
modular,0.8,16,0.7183929551800419,0.002973300164698767,3.088,1.0640751853135193,3,0.3065,0.056,0.0995,0.041324424634771977
modular,0.8,17,0.6787468261672364,0.002561338025737031,2.4045,0.6669930659309735,2,0.5775,0.032,0.0995,0.009017746533191331
modular,0.8,18,0.6076234014358052,0.01354770899675138,2.996,1.1432340092911861,3,0.3575,0.099,0.0995,0.07271825798051698
modular,0.8,19,0.6867465845700043,0.0025291568521964274,2.467,0.7687073565408361,2,0.539,0.058,0.0995,0.020553697653562967
modular,0.85,0,0.763085581216119,0.00890275205694899,1.937,0.4450067415219684,2,0.798,0.0075,0.706,0.0006741853032971437
modular,0.85,1,0.8195376313830857,0.0024247208022139402,1.0455,0.2107836568617216,1,0.955,0.001,0.959,9.48527404404204e-06
modular,0.85,2,0.7026279314360038,0.002629277674866185,5.207,0.5283474235765706,5,0.678,0.0115,0.46,0.001956470679631911
modular,0.85,3,0.7724109253874901,0.00014233703245679005,2.0,0.0,2,1.0,0.0,1.0,0.0
modular,0.85,4,0.6878953721580449,0.003913185380268735,3.0,0.0,3,1.0,0.0,1.0,0.0
modular,0.85,5,0.7197052147617012,0.0017499884589130636,2.8085,0.425238462512506,3,0.8215,0.001,0.8995,7.590514146354788e-05
modular,0.85,6,0.6974103402229975,0.0012261328921446524,5.357,0.7032432011758095,6,0.4895,0.027,0.0995,0.009693153022412424
modular,0.85,7,0.8058969436639509,3.766160747121316e-05,1.9815,0.13475069573104254,2,0.9815,0.001,0.93,2.4928903639121526e-06
modular,0.85,8,0.7496484646271354,0.00010440972692388584,2.0,0.0,2,1.0,0.0,1.0,0.0
modular,0.85,9,0.7232918670684629,0.0006504036198008646,2.406,0.49108451411136966,2,0.594,0.0005,0.9085,9.969035574492079e-05
modular,0.85,10,0.7782123030994055,0.0008842973952386799,2.1445,0.35159600395908935,2,0.8555,0.0005,0.9085,2.5402862091666773e-05
modular,0.85,11,0.8122783245976529,0.00027622636332120664,1.0,0.0,1,1.0,0.0,1.0,0.0
modular,0.85,12,0.7680448081052943,0.0004102369860691191,2.935,0.24652586071242102,3,0.935,0.001,0.9375,1.6024196970488298e-05
modular,0.85,13,0.7236811220017678,0.0016520886793356157,2.597,0.49050076452539815,3,0.597,0.021,0.0995,0.004151108167850253
modular,0.85,14,0.7791320915016717,0.0006844636031916879,2.973,0.16208331191088116,3,0.973,0.0005,0.977,2.188129087046319e-06
modular,0.85,15,0.765144223974474,0.00017109144856677582,3.7585,0.42799269853585126,4,0.7585,0.0005,0.9085,5.168022170844075e-05
modular,0.85,16,0.7680102862709302,0.0014427969648913488,3.595,0.9679746897517517,3,0.5685,0.0355,0.0995,0.014827678708970848
modular,0.85,17,0.7411743475807857,0.0002867418075037923,3.8795,0.32554531174630674,4,0.8795,0.0045,0.696,0.00017652698452264498
modular,0.85,18,0.7254945493292069,0.0003916987580124873,1.0,0.0,1,1.0,0.0,1.0,0.0
modular,0.85,19,0.7622559229802239,0.00013743895938835208,2.0,0.0,2,1.0,0.0,1.0,0.0
modular,0.9,0,0.8074486170792458,0.0028091314665881807,2.905,0.293214938227915,3,0.905,0.001,0.8445,2.7855446987071048e-05
modular,0.9,1,0.8480344193781871,0.0006154749718302152,1.0,0.0,1,1.0,0.0,1.0,0.0
modular,0.9,2,0.7647873312635711,0.001784252704342411,3.3595,0.5378287366811112,3,0.5815,0.0075,0.564,0.001688110172339164
modular,0.9,3,0.8092578900382612,8.849844925267309e-05,2.0,0.0,2,1.0,0.0,1.0,0.0
modular,0.9,4,0.7497055875846126,0.0014140761951410622,3.0,0.0,3,1.0,0.0,1.0,0.0
modular,0.9,5,0.777003484734319,0.00034525710666135604,1.0,0.0,1,1.0,0.0,1.0,0.0
modular,0.9,6,0.7570853041907345,0.00035268075313868696,2.0,0.0,2,1.0,0.0,1.0,0.0
modular,0.9,7,0.838107721941628,1.9563190551348472e-05,2.0,0.0,2,1.0,0.0,1.0,0.0
modular,0.9,8,0.7958954493871295,2.1987766337291908e-05,2.0,0.0,2,1.0,0.0,1.0,0.0
modular,0.9,9,0.7840050728375233,9.16221734485521e-05,2.0,0.0,2,1.0,0.0,1.0,0.0
modular,0.9,10,0.816416628661155,0.00018242083125074072,2.0,0.0,2,1.0,0.0,1.0,0.0
modular,0.9,11,0.8407780176323167,0.00013079825297222463,1.0,0.0,1,1.0,0.0,1.0,0.0
modular,0.9,12,0.8076883834701134,0.00037238102242842795,2.0,0.0,2,1.0,0.0,1.0,0.0
modular,0.9,13,0.7720538532643009,8.209108469965614e-05,2.992,0.08908422980528036,3,0.992,0.0005,0.996,3.563376318949602e-07
modular,0.9,14,0.8155044705280368,0.00028694041696625684,4.0,0.0,4,1.0,0.0,1.0,0.0
modular,0.9,15,0.8067766846134937,9.011460334856596e-05,4.0,0.0,4,1.0,0.0,1.0,0.0
modular,0.9,16,0.8041865495533337,5.776860543746123e-05,1.0,0.0,1,1.0,0.0,1.0,0.0
modular,0.9,17,0.7845592580643838,0.0001333443278280531,4.0,0.0,4,1.0,0.0,1.0,0.0
modular,0.9,18,0.7810082800065383,4.217566333584355e-05,1.0,0.0,1,1.0,0.0,1.0,0.0
modular,0.9,19,0.8044678106730476,3.158847363683986e-05,3.0,0.0,3,1.0,0.0,1.0,0.0
modular,0.95,0,0.8371398383729589,0.0006280008312015638,2.047,0.21163884331568247,2,0.953,0.0005,0.957,4.973522764944178e-06
modular,0.95,1,0.8689979157952362,9.614541074752744e-05,1.073,0.2601365026289083,1,0.927,0.0005,0.931,9.495001335919839e-06
modular,0.95,2,0.8044123339975674,0.00174417288481599,3.436,0.5346999158406517,3,0.524,0.0065,0.5345,0.001654361794128136
modular,0.95,3,0.8359801582044656,5.5848980465762586e-05,3.0,0.0,3,1.0,0.0,1.0,0.0
modular,0.95,4,0.7900226571079689,0.0006733307961138688,2.94,0.23748684174075835,3,0.94,0.0015,0.9375,2.1373830005878772e-05
modular,0.95,5,0.8142148548227239,0.00023733361509426046,1.0,0.0,1,1.0,0.0,1.0,0.0
modular,0.95,6,0.7964553766190083,0.00016507250007872352,3.0,0.0,3,1.0,0.0,1.0,0.0
modular,0.95,7,0.8613210770735076,8.946429723559498e-06,2.0,0.0,2,1.0,0.0,1.0,0.0
modular,0.95,8,0.8276331936106424,8.062660941224768e-06,3.0,0.0,3,1.0,0.0,1.0,0.0
modular,0.95,9,0.8213887575736962,1.827662590667453e-05,1.0,0.0,1,1.0,0.0,1.0,0.0
modular,0.95,10,0.8436683722659994,4.8405872566311755e-05,2.0,0.0,2,1.0,0.0,1.0,0.0
modular,0.95,11,0.8622923702745252,5.8643604210258765e-05,2.0,0.0,2,1.0,0.0,1.0,0.0
modular,0.95,12,0.8361741369164242,0.0002990104986088102,2.0,0.0,2,1.0,0.0,1.0,0.0
modular,0.95,13,0.8065053453033738,2.2732865673743614e-05,3.0,0.0,3,1.0,0.0,1.0,0.0
modular,0.95,14,0.8417814106881638,0.00013971062497541054,4.0,0.0,4,1.0,0.0,1.0,0.0
modular,0.95,15,0.8355741022702182,6.443848561466009e-05,4.0,0.0,4,1.0,0.0,1.0,0.0
modular,0.95,16,0.8319088590278481,3.545410106705158e-05,1.0,0.0,1,1.0,0.0,1.0,0.0
modular,0.95,17,0.8160820205210029,5.4897927606304146e-05,3.0,0.0,3,1.0,0.0,1.0,0.0
modular,0.95,18,0.8164816962851849,6.620695438601491e-06,1.0,0.0,1,1.0,0.0,1.0,0.0
modular,0.95,19,0.8336447483589504,1.0273815744192945e-05,2.0,0.0,2,1.0,0.0,1.0,0.0
modular,1.0,0,0.859039191142884,0.00011416914206413714,3.0315,0.17466467874186817,3,0.9685,0.001,0.9655,5.501942882306223e-06
modular,1.0,1,0.8852276060370632,8.639773078953292e-06,1.001,0.031606961258558226,1,0.999,0.0005,1.0,1.5803512236240388e-08
modular,1.0,2,0.8325912057779854,0.001750818231145585,3.484,0.5419815495014567,4,0.506,0.006,0.577,0.0016064335804612032
modular,1.0,3,0.8565309555312777,3.610474439338685e-05,3.0,0.0,3,1.0,0.0,1.0,0.0
modular,1.0,4,0.8193069764292154,0.0003644377517737821,2.0,0.0,2,1.0,0.0,1.0,0.0
modular,1.0,5,0.8409315984973487,0.00012744499416369635,1.0,0.0,1,1.0,0.0,1.0,0.0
modular,1.0,6,0.8250906786375083,8.715515014211497e-05,3.0,0.0,3,1.0,0.0,1.0,0.0
modular,1.0,7,0.8790867348136711,4.067199806963855e-06,1.0,0.0,1,1.0,0.0,1.0,0.0
modular,1.0,8,0.8511811290191447,4.767885968186009e-06,3.0,0.0,3,1.0,0.0,1.0,0.0
modular,1.0,9,0.8476803657613775,2.015794029298594e-06,1.0,0.0,1,1.0,0.0,1.0,0.0
modular,1.0,10,0.8643432509530161,1.6119998028498294e-05,2.0,0.0,2,1.0,0.0,1.0,0.0
modular,1.0,11,0.8791923505565975,2.4188272225634043e-05,2.0,0.0,2,1.0,0.0,1.0,0.0
modular,1.0,12,0.857824998505963,0.00022201490102001124,2.0,0.0,2,1.0,0.0,1.0,0.0
modular,1.0,13,0.8324868447203976,1.1068715470334975e-05,2.0,0.0,2,1.0,0.0,1.0,0.0
modular,1.0,14,0.8619509200949924,7.373429922659638e-05,4.0,0.0,4,1.0,0.0,1.0,0.0
modular,1.0,15,0.8572061942908283,6.40529979299865e-05,4.0,0.0,4,1.0,0.0,1.0,0.0
modular,1.0,16,0.8535545299625535,2.1700538729776076e-05,1.0,0.0,1,1.0,0.0,1.0,0.0
modular,1.0,17,0.8400843486154885,2.4426238710747166e-05,3.0,0.0,3,1.0,0.0,1.0,0.0
modular,1.0,18,0.8420622828628377,1.3382270766175868e-05,1.0,0.0,1,1.0,0.0,1.0,0.0
modular,1.0,19,0.8555782682134024,3.959818769450327e-06,2.0,0.0,2,1.0,0.0,1.0,0.0
modular,1.05,0,0.8759636656647201,0.00013435509658550176,4.0,0.0,4,1.0,0.0,1.0,0.0
modular,1.05,1,0.8982659140770833,8.1938946651281e-06,1.0,0.0,1,1.0,0.0,1.0,0.0
modular,1.05,2,0.85392036007016,0.001757041065952206,3.511,0.5512522108799202,4,0.538,0.006,0.577,0.0015280713832376601
modular,1.05,3,0.8729332298920063,2.3656353378835195e-05,3.0,0.0,3,1.0,0.0,1.0,0.0
modular,1.05,4,0.8418503341060991,0.00021088204197515582,2.0,0.0,2,1.0,0.0,1.0,0.0
modular,1.05,5,0.8613075273918921,6.944226848277482e-05,1.0,0.0,1,1.0,0.0,1.0,0.0
modular,1.05,6,0.8471231374678814,4.9193005209693416e-05,3.0,0.0,3,1.0,0.0,1.0,0.0
modular,1.05,7,0.8932045242566119,1.8405942688207444e-06,1.0,0.0,1,1.0,0.0,1.0,0.0
modular,1.05,8,0.8694972957000694,3.3836149421093434e-06,3.0,0.0,3,1.0,0.0,1.0,0.0
modular,1.05,9,0.8675061497968743,1.4864065160699895e-06,2.0,0.0,2,1.0,0.0,1.0,0.0
modular,1.05,10,0.8806605065446501,5.446208882317509e-06,2.0,0.0,2,1.0,0.0,1.0,0.0
modular,1.05,11,0.8928410214961953,8.289060363482867e-06,2.0,0.0,2,1.0,0.0,1.0,0.0
modular,1.05,12,0.8749019316131432,0.00015956371647550034,2.0,0.0,2,1.0,0.0,1.0,0.0
modular,1.05,13,0.8528866467412914,5.79488896936769e-06,2.0,0.0,2,1.0,0.0,1.0,0.0
modular,1.05,14,0.8780153487332106,4.114774732671837e-05,4.0,0.0,4,1.0,0.0,1.0,0.0
modular,1.05,15,0.8742114514007446,5.736652709549988e-05,3.9805,0.13827418414150924,4,0.9805,0.0005,0.9845,1.3481759917263033e-06
modular,1.05,16,0.8708480565419531,1.3144547376289292e-05,1.0,0.0,1,1.0,0.0,1.0,0.0
modular,1.05,17,0.8590367196908036,1.2686350322187522e-05,2.0,0.0,2,1.0,0.0,1.0,0.0
modular,1.05,18,0.8617166812478376,1.1996177341767189e-05,1.0,0.0,1,1.0,0.0,1.0,0.0
modular,1.05,19,0.8728312121599053,1.6729563987966077e-06,2.0,0.0,2,1.0,0.0,1.0,0.0
modular,1.1,0,0.8896414760820143,0.00010187294442781422,3.0,0.0,3,1.0,0.0,1.0,0.0
modular,1.1,1,0.9089916259010603,8.990701799687876e-06,1.0,0.0,1,1.0,0.0,1.0,0.0
modular,1.1,2,0.8707424418171759,0.001761052663949003,2.5565,0.5106934011713878,3,0.5635,0.004,0.627,0.0008916709013629129
modular,1.1,3,0.8863667523734085,1.560499660078949e-05,4.0,0.0,4,1.0,0.0,1.0,0.0
modular,1.1,4,0.859853119994267,0.00012682716243778112,2.0,0.0,2,1.0,0.0,1.0,0.0
modular,1.1,5,0.8774590293626975,3.895065864112918e-05,1.0,0.0,1,1.0,0.0,1.0,0.0
modular,1.1,6,0.8646936731152919,2.8941961495853238e-05,3.0,0.0,3,1.0,0.0,1.0,0.0
modular,1.1,7,0.9047216949290083,8.07939066074073e-07,2.0,0.0,2,1.0,0.0,1.0,0.0
modular,1.1,8,0.8842078936035611,2.4863740594403344e-06,2.0,0.0,2,1.0,0.0,1.0,0.0
modular,1.1,9,0.8831143578635982,1.8087617198739384e-06,2.0,0.0,2,1.0,0.0,1.0,0.0
modular,1.1,10,0.8938941162169824,1.7025572826910659e-06,2.0,0.0,2,1.0,0.0,1.0,0.0
modular,1.1,11,0.9040957906680699,1.5458311978123339e-06,2.0,0.0,2,1.0,0.0,1.0,0.0
modular,1.1,12,0.8887360896056153,0.00011288980827170066,2.0,0.0,2,1.0,0.0,1.0,0.0
modular,1.1,13,0.8693571160889381,3.105998541956784e-06,2.0,0.0,2,1.0,0.0,1.0,0.0
modular,1.1,14,0.8911405487149994,2.3902488554265835e-05,3.0,0.0,3,1.0,0.0,1.0,0.0
modular,1.1,15,0.8879881763918688,4.569292743096755e-05,3.0,0.0,3,1.0,0.0,1.0,0.0
modular,1.1,16,0.8849495495329427,7.931951825087973e-06,1.0,0.0,1,1.0,0.0,1.0,0.0
modular,1.1,17,0.8744148337548133,7.481444535337747e-06,3.1415,0.348536583445698,3,0.8585,0.0005,0.9085,2.465901259670968e-05
modular,1.1,18,0.8774084611660845,9.140490925924902e-06,1.0,0.0,1,1.0,0.0,1.0,0.0
modular,1.1,19,0.8868088624724899,7.460461308650737e-07,2.0,0.0,2,1.0,0.0,1.0,0.0
modular,1.15,0,0.9009565851225465,6.895842046978015e-05,3.0,0.0,3,1.0,0.0,1.0,0.0
modular,1.15,1,0.9179707932846366,7.060340776063067e-06,1.0,0.0,1,1.0,0.0,1.0,0.0
modular,1.15,2,0.8843967662901696,0.0017635528241715577,2.578,0.5098195759285827,3,0.586,0.004,0.626,0.0008442614288030376
modular,1.15,3,0.897581560585337,1.0334873828740654e-05,4.0,0.0,4,1.0,0.0,1.0,0.0
modular,1.15,4,0.8746013994842741,7.819145274498608e-05,2.0,0.0,2,1.0,0.0,1.0,0.0
modular,1.15,5,0.8906119076779607,2.2360819357633566e-05,1.0,0.0,1,1.0,0.0,1.0,0.0
modular,1.15,6,0.8790628461049561,1.7504575580629864e-05,3.0,0.0,3,1.0,0.0,1.0,0.0
modular,1.15,7,0.9143025976492573,3.287322118222224e-07,2.0,0.0,2,1.0,0.0,1.0,0.0
modular,1.15,8,0.8963012459928344,1.8217368595302272e-06,2.0,0.0,2,1.0,0.0,1.0,0.0
modular,1.15,9,0.8957691302452361,1.4307014315715424e-06,2.0,0.0,2,1.0,0.0,1.0,0.0
modular,1.15,10,0.9048455107726928,4.635118937452052e-07,2.0,0.0,2,1.0,0.0,1.0,0.0
modular,1.15,11,0.9135295056192693,8.63666256748126e-07,2.0,0.0,2,1.0,0.0,1.0,0.0
modular,1.15,12,0.9001742186179735,7.932042756528786e-05,2.0,0.0,2,1.0,0.0,1.0,0.0
modular,1.15,13,0.8829374411478395,1.6915868439824261e-06,1.0,0.0,1,1.0,0.0,1.0,0.0
modular,1.15,14,0.9020700159296653,1.4301024832899306e-05,2.0,0.0,2,1.0,0.0,1.0,0.0
modular,1.15,15,0.899394657031136,3.40542752340909e-05,2.0,0.0,2,1.0,0.0,1.0,0.0
modular,1.15,16,0.8966541818311966,4.789878751801454e-06,1.0,0.0,1,1.0,0.0,1.0,0.0
modular,1.15,17,0.8871545885151433,4.6605467550698345e-06,3.0,0.0,3,1.0,0.0,1.0,0.0
modular,1.15,18,0.8902672237578174,6.5372972822962245e-06,1.0,0.0,1,1.0,0.0,1.0,0.0
modular,1.15,19,0.8983769578972465,3.435634703635703e-07,1.0,0.0,1,1.0,0.0,1.0,0.0
modular,1.2,0,0.9104741136105483,4.536196789970475e-05,3.0,0.0,3,1.0,0.0,1.0,0.0
modular,1.2,1,0.9255923303655641,5.0335224769619185e-06,1.0,0.0,1,1.0,0.0,1.0,0.0
modular,1.2,2,0.8957179482932514,0.001765027413823664,2.597,0.5085184362439578,3,0.606,0.004,0.591,0.0008014252558767415
modular,1.2,3,0.9070845930503257,6.863730876554563e-06,4.0,0.0,4,1.0,0.0,1.0,0.0
modular,1.2,4,0.8869151671588722,4.9066104124168896e-05,1.0,0.0,1,1.0,0.0,1.0,0.0
modular,1.2,5,0.9015406176514256,1.3050404589910484e-05,1.0,0.0,1,1.0,0.0,1.0,0.0
modular,1.2,6,0.8910386606377267,1.0793089512979102e-05,3.0,0.0,3,1.0,0.0,1.0,0.0
modular,1.2,7,0.9223952408554473,1.1313114956319109e-07,2.0,0.0,2,1.0,0.0,1.0,0.0
modular,1.2,8,0.9064218613515292,1.322527484046401e-06,2.0,0.0,2,1.0,0.0,1.0,0.0
modular,1.2,9,0.9062528661821528,9.986238986284836e-07,2.0,0.0,2,1.0,0.0,1.0,0.0
modular,1.2,10,0.9140525103027332,3.989399878475683e-07,1.0,0.0,1,1.0,0.0,1.0,0.0
modular,1.2,11,0.9215424131033785,1.445309665892514e-06,2.0,0.0,2,1.0,0.0,1.0,0.0
modular,1.2,12,0.9097854486948889,5.5604869932294994e-05,1.1315,0.33794637148518114,1,0.8685,0.0005,0.9085,2.2220018365098502e-05
modular,1.2,13,0.8943218003255986,9.35836040476122e-07,1.0,0.0,1,1.0,0.0,1.0,0.0
modular,1.2,14,0.9113077970258987,8.752291404950636e-06,2.0,0.0,2,1.0,0.0,1.0,0.0
modular,1.2,15,0.9089961087430966,2.3191882455332503e-05,2.0,0.0,2,1.0,0.0,1.0,0.0
modular,1.2,16,0.9065157308809954,2.9015379567449842e-06,1.0,0.0,1,1.0,0.0,1.0,0.0
modular,1.2,17,0.8978818645166929,2.957059541450131e-06,3.0,0.0,3,1.0,0.0,1.0,0.0
modular,1.2,18,0.9010081113784493,4.5311851270785e-06,1.0,0.0,1,1.0,0.0,1.0,0.0
modular,1.2,19,0.908109100141248,1.6087039454175712e-07,1.0,0.0,1,1.0,0.0,1.0,0.0
spatial_lattice,0.4,0,0.06211517374022222,0.03850634005912,0.031,0.1733176274935703,0,0.969,0.016,0.749,8.596554860965738e-05
spatial_lattice,0.4,1,0.06690586627214472,0.03815414044302972,0.0245,0.15459543977750442,0,0.9755,0.015,0.76,5.681382790582107e-05
spatial_lattice,0.4,2,0.06540025790035342,0.03335301176921564,0.022,0.14668333238647124,0,0.978,0.015,0.8965,4.8405502914568864e-05
spatial_lattice,0.4,3,0.07755216998629126,0.030927664342779198,0.0445,0.21335357976842106,0,0.957,0.028,0.6635,0.0002568777192153831
spatial_lattice,0.4,4,0.08000511340341783,0.03855390164445089,0.0255,0.15763803475050048,0,0.9745,0.019,0.88,7.637563185638727e-05
spatial_lattice,0.4,5,0.10107267753941862,0.036872205189671936,0.0545,0.23136497141961657,0,0.9465,0.028,0.417,0.0003465847395646115
spatial_lattice,0.4,6,0.07352881212305845,0.03856083261615029,0.0215,0.1450439588538592,0,0.9785,0.014,0.756,4.365823473345666e-05
spatial_lattice,0.4,7,0.1111553963979482,0.06538849459278115,0.0755,0.27166109401237415,0,0.9265,0.043,0.554,0.000858584907593199
spatial_lattice,0.4,8,0.09161403635070615,0.043361942031592465,0.044,0.2050950998927083,0,0.956,0.027,0.546,0.00024365298769672206
spatial_lattice,0.4,9,0.07470997352558405,0.04290876082171506,0.0285,0.16639636414297038,0,0.9715,0.017,0.716,8.061904316956544e-05
spatial_lattice,0.4,10,0.07092715807852251,0.0450917820139735,0.05,0.22248595461286985,0,0.951,0.03,0.518,0.00032705436418273076
spatial_lattice,0.4,11,0.10742890449304178,0.05440886762720361,0.0485,0.21482027371735654,0,0.9515,0.0295,0.3425,0.00030735411703989104
spatial_lattice,0.4,12,0.08322898637924386,0.04152136782200641,0.036,0.19417517864031952,0,0.9655,0.021,0.708,0.00014067992362395507
spatial_lattice,0.4,13,0.07204357877886144,0.029088121873391985,0.0275,0.1635351644142629,0,0.9725,0.018,0.8315,8.094991088227706e-05
spatial_lattice,0.4,14,0.0830445010169879,0.03639947546611884,0.052,0.22426769718352219,0,0.9485,0.028,0.35,0.0003233940308884253
spatial_lattice,0.4,15,0.08460091799710706,0.037860103538803064,0.044,0.20509509989270833,0,0.956,0.032,0.6655,0.000288773909673118
spatial_lattice,0.4,16,0.06954242690651541,0.026262502121834272,0.0215,0.1484511704231395,0,0.979,0.0155,0.816,4.832085909020652e-05
spatial_lattice,0.4,17,0.07752555224151883,0.04353727193640017,0.029,0.16780643611018023,0,0.971,0.022,0.777,0.00010706051110468171
spatial_lattice,0.4,18,0.06558165703228518,0.028220131240987018,0.0475,0.21735627435158159,0,0.9535,0.026,0.6275,0.0002627837457981288
spatial_lattice,0.4,19,0.06065744836358389,0.037711507900914105,0.0205,0.14170303454760594,0,0.9795,0.018,0.919,5.22884226529787e-05
spatial_lattice,0.45,0,0.06532456117929362,0.03596806097336646,0.031,0.1733176274935703,0,0.969,0.015,0.6265,8.05927021573567e-05
spatial_lattice,0.45,1,0.07757394661962286,0.038374687261882784,0.0355,0.19297603478152406,0,0.966,0.0195,0.6275,0.00012794311762133573
spatial_lattice,0.45,2,0.074835998629316,0.0330461556037545,0.0225,0.14830289949963896,0,0.9775,0.016,0.807,5.338904715668518e-05
spatial_lattice,0.45,3,0.09144965315375342,0.052583536096439475,0.0275,0.16953981833185974,0,0.9735,0.022,0.7945,9.884171858027928e-05
spatial_lattice,0.45,4,0.09603127100597564,0.045931628907471135,0.0865,0.28463617127835317,0,0.9145,0.0535,0.27,0.0013019970308064
spatial_lattice,0.45,5,0.07210274505821894,0.03751098484430969,0.0305,0.17767878320159672,0,0.9705,0.0175,0.7165,9.172667706934832e-05
spatial_lattice,0.45,6,0.08018021580861626,0.041492305482066616,0.033,0.18414939587193874,0,0.968,0.0175,0.7475,0.00010312366758106646
spatial_lattice,0.45,7,0.13262144265801215,0.0686543642200379,0.0735,0.26664161340645987,0,0.928,0.04,0.3825,0.0007679278658088
spatial_lattice,0.45,8,0.11014966244556286,0.02906368532169725,0.0385,0.19752911177849206,0,0.9625,0.025,0.66,0.0001851835496996779
spatial_lattice,0.45,9,0.08135922360455106,0.03967016866521765,0.039,0.19359493795035035,0,0.961,0.026,0.7175,0.000196305274631858
spatial_lattice,0.45,10,0.07863738584763875,0.029977763504654076,0.042,0.20058913230780973,0,0.958,0.028,0.572,0.00023589282801872802
spatial_lattice,0.45,11,0.11422233542510725,0.05836375980774932,0.1005,0.32618974539368956,0,0.9075,0.043,0.47,0.0012974197424759518
spatial_lattice,0.45,12,0.0709549318639343,0.03264671704048566,0.0205,0.14170303454760594,0,0.9795,0.016,0.9035,4.647859823652687e-05
spatial_lattice,0.45,13,0.0888806310905113,0.035561788932340035,0.0265,0.1637001832619622,0,0.974,0.021,0.8905,8.938030431723622e-05
spatial_lattice,0.45,14,0.06408058235265508,0.02517890131927303,0.023,0.14990330216509576,0,0.977,0.018,0.8265,6.205997054412564e-05
spatial_lattice,0.45,15,0.07567350561435646,0.03480931975278945,0.045,0.2097021697551077,0,0.9555,0.029,0.6335,0.0002706206594007129
spatial_lattice,0.45,16,0.052993893227085,0.03156590676425541,0.0385,0.2000443700782404,0,0.9625,0.023,0.7595,0.0001725382766941461
spatial_lattice,0.45,17,0.10441543584358916,0.03626307677907309,0.025,0.1592953232207399,0,0.9755,0.0195,0.8085,7.610334457144379e-05
spatial_lattice,0.45,18,0.06947098405680681,0.03147966576257147,0.015,0.12155245781143217,0,0.985,0.011,0.8935,2.005615736217319e-05
spatial_lattice,0.45,19,0.06548081976674139,0.03570548210238286,0.027,0.16208331191088116,0,0.973,0.017,0.798,7.439624454334395e-05
spatial_lattice,0.5,0,0.06724854007377078,0.02720286999128332,0.036,0.18629009635512025,0,0.964,0.02,0.551,0.00013412887608213017
spatial_lattice,0.5,1,0.07844874768019373,0.049855877298390944,0.051,0.22449721601837289,0,0.95,0.0225,0.568,0.0002525593792455305
spatial_lattice,0.5,2,0.0849580395178198,0.03049577996259508,0.0645,0.24564150707891366,0,0.9355,0.03,0.409,0.00047531633204157516
spatial_lattice,0.5,3,0.06725798730628818,0.030918999525551598,0.0245,0.1640114325283454,0,0.977,0.017,0.8385,6.412847389084606e-05
spatial_lattice,0.5,4,0.11063561915065341,0.041596543973185636,0.039,0.20119393629033655,0,0.9625,0.027,0.6735,0.00020370886803873826
spatial_lattice,0.5,5,0.05841312870114308,0.034727601308399504,0.03,0.17349351572897473,0,0.9705,0.023,0.778,0.00011771535554016795
spatial_lattice,0.5,6,0.06611780830692268,0.02996370868198069,0.043,0.20285709255532575,0,0.957,0.023,0.568,0.00020062567326007232
spatial_lattice,0.5,7,0.1260012258924612,0.05970663649148631,0.074,0.2693028035502045,0,0.928,0.0385,0.3935,0.0007465073908309682
spatial_lattice,0.5,8,0.08350615019821214,0.03271020331948009,0.0675,0.250885930255166,0,0.9325,0.032,0.4685,0.0005419136262859588
spatial_lattice,0.5,9,0.11084357166241056,0.03609130366507475,0.047,0.22536858698585302,0,0.956,0.027,0.6855,0.0002677378912554114
spatial_lattice,0.5,10,0.10623306669964563,0.041001449871097564,0.0505,0.21897431356211622,0,0.9495,0.025,0.6425,0.0002764550819303745
spatial_lattice,0.5,11,0.09943234567561643,0.04650774072653179,0.0515,0.22101527096560544,0,0.9485,0.033,0.508,0.00037561546438833284
spatial_lattice,0.5,12,0.06197299251805989,0.03494631588495585,0.028,0.16497272501841023,0,0.972,0.016,0.8205,7.390778542748416e-05
spatial_lattice,0.5,13,0.09013024575910968,0.03796563165765172,0.054,0.22821919288263204,0,0.9465,0.033,0.471,0.00040292099724401363
spatial_lattice,0.5,14,0.0632717764662644,0.03266956598540282,0.033,0.1786365024288149,0,0.967,0.019,0.8055,0.00011200509291787161
spatial_lattice,0.5,15,0.07198017522987941,0.04006598420904717,0.024,0.15304901175767194,0,0.976,0.018,0.874,6.61171767524906e-05
spatial_lattice,0.5,16,0.0762178754280447,0.025026553623843543,0.0285,0.18354222947321963,0,0.9745,0.0155,0.777,7.254507087961682e-05
spatial_lattice,0.5,17,0.07534803184013596,0.047889706324355415,0.0425,0.21376096463105698,0,0.96,0.028,0.7185,0.00023941228893722264
spatial_lattice,0.5,18,0.093630143629761,0.03786239848702864,0.052,0.2308592644881292,0,0.95,0.0345,0.4485,0.0003982322427849865
spatial_lattice,0.5,19,0.07239303629775216,0.030565661050951473,0.033,0.1786365024288149,0,0.967,0.025,0.7595,0.000147375120398777
spatial_lattice,0.55,0,0.09891984814951624,0.036920697358496915,0.042,0.20058913230780973,0,0.958,0.026,0.6435,0.00021904334090487197
spatial_lattice,0.55,1,0.11436003090019423,0.05106149288336092,0.0605,0.24049896049671401,0,0.94,0.0255,0.5,0.00036796342398991036
spatial_lattice,0.55,2,0.09521015939689076,0.02984015184600109,0.029,0.16780643611018023,0,0.971,0.023,0.764,0.00011192689775187695
spatial_lattice,0.55,3,0.07273690870643984,0.03556855511874467,0.0275,0.1635351644142629,0,0.9725,0.018,0.793,8.094991088227706e-05
spatial_lattice,0.55,4,0.08404550126025086,0.04673132566006491,0.0245,0.15459543977750442,0,0.9755,0.017,0.7855,6.438900445491878e-05
spatial_lattice,0.55,5,0.0961476869347781,0.053591205603338236,0.0665,0.27762879893843867,0,0.941,0.0255,0.656,0.0004176925443829805
spatial_lattice,0.55,6,0.058303834831328304,0.03262060714678591,0.047,0.21163884331568247,0,0.953,0.025,0.6915,0.00024867565084295273
spatial_lattice,0.55,7,0.1425174787627364,0.06076694980588899,0.084,0.28274370019507067,0,0.9175,0.0315,0.364,0.0007347802142082953
spatial_lattice,0.55,8,0.09633452533060512,0.04663097549184814,0.0595,0.2386624184910561,0,0.941,0.038,0.4695,0.0005350811563380309
spatial_lattice,0.55,9,0.1406304132185653,0.06594638675805561,0.0825,0.27512497160381494,0,0.9175,0.041,0.4765,0.0009306102391477143
spatial_lattice,0.55,10,0.09685168063976482,0.04024664867970392,0.028,0.16497272501841023,0,0.972,0.02,0.7275,9.238473062954611e-05
spatial_lattice,0.55,11,0.10285902274495216,0.045889571175146845,0.038,0.20138520303140445,0,0.964,0.023,0.7385,0.00016674695535987035
spatial_lattice,0.55,12,0.0975770638561535,0.05682598479471172,0.034,0.18122913673027305,0,0.966,0.022,0.733,0.000135559400436035
spatial_lattice,0.55,13,0.10268695974092784,0.043740939144249924,0.0475,0.2196445992962267,0,0.954,0.0355,0.5995,0.00035867964075439007
spatial_lattice,0.55,14,0.07688338665855775,0.034685859132304674,0.0245,0.15459543977750442,0,0.9755,0.02,0.9655,7.575176927856533e-05
spatial_lattice,0.55,15,0.10574492360263661,0.04171278772749098,0.0525,0.22747252581355842,0,0.9485,0.0285,0.5585,0.0003338728114776854
spatial_lattice,0.55,16,0.1160515492203968,0.03856670209950062,0.049,0.22045180879276086,0,0.952,0.0275,0.6695,0.0002909963981881314
spatial_lattice,0.55,17,0.08105610246250212,0.05003998926751895,0.06,0.25573423705088844,0,0.944,0.0285,0.654,0.0004081518566543356
spatial_lattice,0.55,18,0.11981366741581091,0.058270438024825094,0.0685,0.25847195205669804,0,0.933,0.0455,0.465,0.0007879517631624642
spatial_lattice,0.55,19,0.10637146723033188,0.04909903653077094,0.0535,0.23587655669862573,0,0.949,0.029,0.541,0.0003488614393869722
spatial_lattice,0.6,0,0.14644496897483014,0.053096607545081,0.1125,0.3344304860505394,0,0.8935,0.0475,0.3655,0.0016918002569250134
spatial_lattice,0.6,1,0.135975596377973,0.04209877243685162,0.0695,0.2677120654733365,0,0.934,0.0365,0.4665,0.0006449183833942634
spatial_lattice,0.6,2,0.07566584173450044,0.02872191463221743,0.0545,0.22700165197636776,0,0.9455,0.026,0.5735,0.0003216613532221031
spatial_lattice,0.6,3,0.07283610431088162,0.028176309217560244,0.0545,0.22700165197636776,0,0.9455,0.029,0.4275,0.00035877612332023927
spatial_lattice,0.6,4,0.06781900727901691,0.03700576125523603,0.049,0.21586801523152982,0,0.951,0.024,0.541,0.00025386079648981205
spatial_lattice,0.6,5,0.07559449194300126,0.04929348742140873,0.07,0.26851443164195105,0,0.9335,0.032,0.482,0.0005713987283902816
spatial_lattice,0.6,6,0.05827922605977233,0.03073030835502585,0.029,0.16780643611018023,0,0.971,0.02,0.63,9.732773781029127e-05
spatial_lattice,0.6,7,0.16992644845034693,0.048600639884457196,0.114,0.3331726279273254,0,0.891,0.0555,0.148,0.002015527848962171
spatial_lattice,0.6,8,0.10293343337704869,0.047995350203018115,0.051,0.22890827857462906,0,0.951,0.023,0.422,0.00025797964117011286
spatial_lattice,0.6,9,0.10420051047522838,0.04837602023471036,0.076,0.27968553770261345,0,0.928,0.0355,0.3935,0.0007148762545052382
spatial_lattice,0.6,10,0.1019836971172551,0.04709846234374069,0.0615,0.250435121338841,0,0.941,0.025,0.561,0.000369391818750463
spatial_lattice,0.6,11,0.13714800417663475,0.07527518485125768,0.1075,0.3239502276585093,0,0.897,0.0555,0.402,0.0018518615097767412
spatial_lattice,0.6,12,0.1104313923465028,0.05033010868624474,0.0395,0.21198997617812027,0,0.964,0.0215,0.6485,0.00016408024919350436
spatial_lattice,0.6,13,0.10102194633874925,0.04113017495067165,0.065,0.246525860712421,0,0.935,0.032,0.4655,0.0005127738063060162
spatial_lattice,0.6,14,0.08457405438459832,0.03465766591324988,0.0285,0.17230133487585056,0,0.9725,0.0205,0.728,9.713488227454735e-05
spatial_lattice,0.6,15,0.10151692072851691,0.04660031727590424,0.058,0.23374344910606584,0,0.942,0.027,0.4705,0.00036604225485721944
spatial_lattice,0.6,16,0.10723649719529203,0.03364452376990567,0.0415,0.20682782694792307,0,0.96,0.028,0.826,0.00023164717445478712
spatial_lattice,0.6,17,0.10091678384881911,0.04194266069948393,0.053,0.23492764843670486,0,0.9495,0.027,0.55,0.00032032386050729326
spatial_lattice,0.6,18,0.14345454607483904,0.0872791091068931,0.05,0.22248595461286985,0,0.951,0.026,0.517,0.00028344711707860824
spatial_lattice,0.6,19,0.08451387619410533,0.036574870902233936,0.0385,0.19239997401247227,0,0.9615,0.021,0.6765,0.00015555538639648275
spatial_lattice,0.65,0,0.13042304683935174,0.07315600419862635,0.099,0.3133671967516702,0,0.9055,0.045,0.33,0.0013325940337996778
spatial_lattice,0.65,1,0.12182564891495017,0.03912867154649599,0.0705,0.2617818748500361,0,0.931,0.03,0.587,0.0005418884990025238
spatial_lattice,0.65,2,0.11203922443615777,0.04455095372272132,0.063,0.25304347452562376,0,0.9395,0.032,0.506,0.0004898921819907378
spatial_lattice,0.65,3,0.11022066777216115,0.03991740554726769,0.0695,0.2620491366137275,0,0.9325,0.027,0.3825,0.00047758456916683505
spatial_lattice,0.65,4,0.09988366972732862,0.04767832869892587,0.0765,0.28044206175251246,0,0.9275,0.0405,0.2965,0.0008234480241528643
spatial_lattice,0.65,5,0.06810840796135513,0.04761776578414729,0.06,0.23748684174075838,0,0.94,0.029,0.498,0.00041322711887813044
spatial_lattice,0.65,6,0.10795461793650034,0.06118499933735295,0.037,0.18876175460087244,0,0.963,0.021,0.654,0.00014666789030906295
spatial_lattice,0.65,7,0.14809385024676613,0.07643169914589568,0.0945,0.31554674772527763,0,0.9125,0.0405,0.4175,0.0011182188148617933
spatial_lattice,0.65,8,0.14381295457540824,0.054750698767172264,0.1005,0.31208933016045265,0,0.903,0.041,0.3085,0.001241179296320785
spatial_lattice,0.65,9,0.08516751124629847,0.045516055980857346,0.05,0.22022715545545238,0,0.9505,0.023,0.5195,0.00025072862738727665
spatial_lattice,0.65,10,0.11141240882344428,0.0443168876833132,0.0735,0.2628645088253643,0,0.927,0.035,0.5355,0.0006716188392379144
spatial_lattice,0.65,11,0.17798981102986852,0.05238102262044464,0.1325,0.37409056390130985,0,0.88,0.063,0.1555,0.00282812470798477
spatial_lattice,0.65,12,0.12210987719403636,0.05894930557123994,0.052,0.22426769718352219,0,0.9485,0.028,0.498,0.0003233940308884253
spatial_lattice,0.65,13,0.1234958017068883,0.038579836823391576,0.051,0.231082236444085,0,0.9515,0.032,0.644,0.0003586396421687083
spatial_lattice,0.65,14,0.10006180800060198,0.03854365163619496,0.0365,0.18753066415922492,0,0.9635,0.018,0.642,0.00012320765319747993
spatial_lattice,0.65,15,0.10259731456764767,0.04149067349931259,0.0345,0.18522891242999834,0,0.966,0.02,0.6035,0.000125955666750182
spatial_lattice,0.65,16,0.10625862092899999,0.03872370632128412,0.049,0.2181719505344351,0,0.9515,0.029,0.633,0.0003068588590080225
spatial_lattice,0.65,17,0.09378801982111266,0.046447745003665185,0.069,0.2593048399085524,0,0.9325,0.0335,0.5535,0.000586353086746291
spatial_lattice,0.65,18,0.1436562777031138,0.07832655673465609,0.097,0.3234053184473007,0,0.9115,0.0585,0.438,0.0016743502135526589
spatial_lattice,0.65,19,0.07791626057843595,0.03879699435414109,0.046,0.2094850830011531,0,0.954,0.0235,0.7075,0.00022645338436056052
spatial_lattice,0.7,0,0.14840749228449557,0.08212506819332104,0.124,0.3487463261455237,0,0.8825,0.0545,0.308,0.0022332843270320914
spatial_lattice,0.7,1,0.11780183804191449,0.0405785467699853,0.0615,0.2484305738028232,0,0.9405,0.025,0.42,0.0003695404933133187
spatial_lattice,0.7,2,0.09332276476377586,0.04028015026862329,0.0575,0.23279551112510738,0,0.9425,0.027,0.3595,0.00036141504440747105
spatial_lattice,0.7,3,0.12320638111237224,0.04949834008532371,0.0935,0.3029154172372215,0,0.91,0.0355,0.3925,0.0009678147853353097
spatial_lattice,0.7,4,0.12901134419848043,0.05722148850793835,0.09,0.2981610303175115,0,0.9135,0.045,0.4135,0.0011605918363018428
spatial_lattice,0.7,5,0.10758150051078573,0.04935443958934035,0.0515,0.22101527096560544,0,0.9485,0.027,0.693,0.00030732174565996075
spatial_lattice,0.7,6,0.0991320287816125,0.06752692975077565,0.064,0.24880514464134376,0,0.937,0.04,0.5245,0.0006269889801709098
spatial_lattice,0.7,7,0.1376203194122813,0.08044445785523373,0.1095,0.3339307562953733,0,0.8975,0.036,0.4525,0.0012322045249578302
spatial_lattice,0.7,8,0.13788335209561692,0.047686640144648566,0.0935,0.3205584970017173,0,0.9145,0.0345,0.3745,0.0009455674539385674
spatial_lattice,0.7,9,0.12172541735718585,0.05703531002936732,0.0835,0.285530646341159,0,0.919,0.036,0.532,0.0008326073878588015
spatial_lattice,0.7,10,0.10322239953148216,0.03483620928165255,0.049,0.21586801523152982,0,0.951,0.025,0.774,0.00026443832923615703
spatial_lattice,0.7,11,0.15929327941223054,0.05399842259919614,0.122,0.35230100766248174,0,0.886,0.0475,0.199,0.0019077099966546532
spatial_lattice,0.7,12,0.10652628649956343,0.04507191248719058,0.069,0.263133046195266,0,0.9335,0.026,0.6025,0.00045495705436996245
spatial_lattice,0.7,13,0.11447360850311082,0.03606868618991091,0.0565,0.23304023257798212,0,0.944,0.027,0.486,0.00035235684470816226
spatial_lattice,0.7,14,0.11823291321406819,0.0498794605314509,0.0955,0.2989644627710792,0,0.906,0.036,0.381,0.0010116957701199912
spatial_lattice,0.7,15,0.16522736746078218,0.05197074226247454,0.1415,0.3584379304705349,0,0.862,0.0535,0.2505,0.002646347290128394
spatial_lattice,0.7,16,0.10293725460618582,0.05493217596882653,0.0355,0.19036740792478107,0,0.9655,0.0225,0.7125,0.00014777270696928678
spatial_lattice,0.7,17,0.08002229332790768,0.045480694019770736,0.0285,0.16639636414297038,0,0.9715,0.015,0.759,7.113445041341613e-05
spatial_lattice,0.7,18,0.12702383986113633,0.059557198274635785,0.0835,0.29073656460789377,0,0.9205,0.035,0.4685,0.0008089745141350215
spatial_lattice,0.7,19,0.08026139489628252,0.03781849401277364,0.055,0.2365903632864196,0,0.947,0.0205,0.661,0.00025705544224998437
spatial_lattice,0.75,0,0.16531536195037813,0.0973244372661072,0.1785,0.43317173268808756,0,0.8415,0.058,0.328,0.003982147807259308
spatial_lattice,0.75,1,0.12234059197399429,0.04010999559631036,0.0365,0.19536568275928093,0,0.965,0.017,0.7345,0.00011624258807957115
spatial_lattice,0.75,2,0.12102548318614402,0.06203290242660277,0.0615,0.26404118996853504,0,0.944,0.0225,0.67,0.00033269191414666107
spatial_lattice,0.75,3,0.12354517807145925,0.05420375277395311,0.0665,0.25705592776670216,0,0.9355,0.024,0.5585,0.00039792259276296235
spatial_lattice,0.75,4,0.12913752324865108,0.0499571528861277,0.05,0.23979157616563596,0,0.9535,0.024,0.542,0.00026760741015115794
spatial_lattice,0.75,5,0.1410055258196731,0.043171341702551415,0.1045,0.31871578247711546,0,0.8995,0.037,0.3735,0.00118514466917209
spatial_lattice,0.75,6,0.12596154873344478,0.04891422051915859,0.111,0.32199223593124104,0,0.8915,0.048,0.3255,0.0016769355996660614
spatial_lattice,0.75,7,0.14562294304638568,0.06623173161671463,0.093,0.3245781878068827,0,0.917,0.031,0.459,0.0008351397041670984
spatial_lattice,0.75,8,0.15228194321129673,0.06315114801143006,0.111,0.3573219836506005,0,0.901,0.031,0.478,0.0010966212031985692
spatial_lattice,0.75,9,0.16009591087856706,0.062020053750447536,0.135,0.365752648657532,0,0.8735,0.042,0.2065,0.0019432438685851768
spatial_lattice,0.75,10,0.0857929513337926,0.03577526708768954,0.0745,0.26823450561029616,0,0.927,0.031,0.3665,0.0006070147057772187
spatial_lattice,0.75,11,0.11911665303052776,0.06584589338513616,0.056,0.2299217258111986,0,0.944,0.026,0.7065,0.00033476604565672207
spatial_lattice,0.75,12,0.10397409898592874,0.05359301343089229,0.1035,0.314305186085117,0,0.8995,0.048,0.395,0.001516208249262276
spatial_lattice,0.75,13,0.11131792637820494,0.05810062277265365,0.0515,0.2320511796996516,0,0.951,0.025,0.5695,0.0002842627065025813
spatial_lattice,0.75,14,0.13562456973069392,0.06485328414870228,0.2085,0.48479660683631026,0,0.824,0.057,0.5315,0.004863479645106069
spatial_lattice,0.75,15,0.13964930142441198,0.09225322713131828,0.1105,0.336585427492041,0,0.897,0.039,0.5485,0.0013520636969038275
spatial_lattice,0.75,16,0.11580293118804273,0.04906844635461438,0.0745,0.27009211391671545,0,0.9275,0.031,0.469,0.0006070320456094963
spatial_lattice,0.75,17,0.13558282013853462,0.06486717591173922,0.1095,0.3369120805195326,0,0.8985,0.0475,0.429,0.0016243374024013733
spatial_lattice,0.75,18,0.10307589452934057,0.03617939591033561,0.0645,0.2614187254195842,0,0.9395,0.032,0.5495,0.0005061066682281479
spatial_lattice,0.75,19,0.10759775708872384,0.05582842743618548,0.072,0.2807418743258654,0,0.934,0.0305,0.356,0.0005651334115469302
spatial_lattice,0.8,0,0.20687694771273332,0.09736624245600577,0.268,0.5340187262634148,0,0.7725,0.0875,0.296,0.010630310391170364
spatial_lattice,0.8,1,0.2518857921245638,0.13230129392627774,0.6965,0.9759035556857041,0,0.5765,0.1135,0.4155,0.046909000600328814
spatial_lattice,0.8,2,0.16656454097797838,0.07789563656506603,0.106,0.33876835743616907,0,0.9025,0.045,0.3715,0.001486346201281107
spatial_lattice,0.8,3,0.14037716662672056,0.03510567900210395,0.0685,0.2526019596123514,0,0.9315,0.031,0.598,0.0005364002785400625
spatial_lattice,0.8,4,0.15698066526427307,0.05796193557112664,0.091,0.3077645203723133,0,0.915,0.0305,0.408,0.0007978795452252061
spatial_lattice,0.8,5,0.2092215700150147,0.04079627806489497,0.1805,0.42652051533308455,0,0.835,0.058,0.1225,0.004081801402113505
spatial_lattice,0.8,6,0.08807984816737878,0.04108887789995319,0.047,0.21163884331568247,0,0.953,0.022,0.596,0.00021883457393544146
spatial_lattice,0.8,7,0.16243267938030903,0.028956673872515316,0.1685,0.39636820003627943,0,0.84,0.041,0.215,0.002600175455656906
spatial_lattice,0.8,8,0.1224267183910771,0.06381235555852781,0.132,0.35857495729623956,0,0.875,0.032,0.341,0.0014342998740068278
spatial_lattice,0.8,9,0.1364267691287712,0.08400846788551909,0.164,0.45837102875290886,0,0.8645,0.0395,0.43,0.0024533164007520297
spatial_lattice,0.8,10,0.15427414721004834,0.07893032171105338,0.0955,0.29896446277107924,0,0.906,0.038,0.2505,0.0010679010891209541
spatial_lattice,0.8,11,0.12738439837141313,0.085146872062179,0.084,0.27738781516137295,0,0.916,0.027,0.379,0.00062911558808657
spatial_lattice,0.8,12,0.16302670654221382,0.04407498014468389,0.1115,0.3392163763735471,0,0.895,0.03,0.4155,0.0010685316211943928
spatial_lattice,0.8,13,0.09264801438897785,0.06686285192404846,0.0485,0.21482027371735654,0,0.9515,0.016,0.655,0.00016670054282345192
spatial_lattice,0.8,14,0.1154483389439443,0.05065159177652605,0.066,0.25227762485008454,0,0.935,0.0195,0.73,0.0003197619058955275
spatial_lattice,0.8,15,0.18809031922863167,0.046541958744620825,0.1795,0.41385957763473347,0,0.8325,0.0505,0.337,0.003500734771639281
spatial_lattice,0.8,16,0.09634554556864941,0.07049344776766454,0.043,0.20285709255532575,0,0.957,0.019,0.6095,0.00016573425334055625
spatial_lattice,0.8,17,0.12490860860700326,0.061485060258913586,0.0895,0.29578666298533474,0,0.9135,0.035,0.3385,0.0008954941477736475
spatial_lattice,0.8,18,0.12324701531489078,0.045728319787257325,0.0545,0.22700165197636776,0,0.9455,0.0255,0.6685,0.00031547555820574704
spatial_lattice,0.8,19,0.11896367891846661,0.037860211025883495,0.0645,0.24766862942246037,0,0.936,0.033,0.4615,0.0005230761611910281
spatial_lattice,0.85,0,0.21023333458966484,0.12575286694881851,0.5795,1.072231201747086,0,0.714,0.0995,0.521,0.030512483614774957
spatial_lattice,0.85,1,0.24177702734382445,0.13399702909655567,0.648,0.9121929620425712,0,0.592,0.088,0.3235,0.03275137648135121
spatial_lattice,0.85,2,0.18892370769233813,0.057479942315658165,0.1375,0.38025484875278054,0,0.874,0.042,0.3355,0.0020123087075118256
spatial_lattice,0.85,3,0.13931269264338994,0.03823775934555167,0.0595,0.23866241849105607,0,0.941,0.021,0.494,0.00029570275059150145
spatial_lattice,0.85,4,0.16733911974455196,0.09567430647150335,0.2825,0.5547014963022905,0,0.767,0.0645,0.192,0.008336331566424422
spatial_lattice,0.85,5,0.22840024535390915,0.038708078353600024,0.209,0.4246398474001233,0,0.7985,0.0645,0.1045,0.005518938022262482
spatial_lattice,0.85,6,0.10338968469816555,0.042958649805109723,0.0535,0.22723941119444926,0,0.947,0.0225,0.5085,0.0002709830098930698
spatial_lattice,0.85,7,0.19310982978615931,0.03176496546201044,0.1525,0.3758240944910265,0,0.8535,0.0395,0.341,0.002174800133854177
spatial_lattice,0.85,8,0.10452726904636886,0.07238051820728549,0.066,0.2562108506679606,0,0.936,0.032,0.4335,0.0005247198385654775
spatial_lattice,0.85,9,0.12128118302600502,0.07687586020201041,0.123,0.3433234626412823,0,0.882,0.0405,0.2425,0.0016407428684748564
spatial_lattice,0.85,10,0.2039904257660117,0.09202154607059115,0.229,0.48224371431880786,0,0.798,0.0575,0.198,0.005601260839226183
spatial_lattice,0.85,11,0.1606241819446149,0.09455655356206724,0.138,0.3714242856895601,0,0.8715,0.032,0.325,0.0015272967104834913
spatial_lattice,0.85,12,0.18305282007544815,0.0670342689837462,0.1515,0.3788769589193832,0,0.856,0.062,0.2125,0.0033826135437905356
spatial_lattice,0.85,13,0.16142384744958804,0.06808265806092559,0.205,0.4636539657977704,0,0.821,0.0535,0.4725,0.004440182286456409
spatial_lattice,0.85,14,0.11578504935450228,0.061164080728047195,0.1055,0.32460707016329754,0,0.9,0.0335,0.3525,0.0010874337175077536
spatial_lattice,0.85,15,0.2175005454067019,0.06131889532012694,0.3285,0.6867224694154108,0,0.77,0.084,0.1845,0.013267478267051904
spatial_lattice,0.85,16,0.12516855451509284,0.044072929067973325,0.102,0.30918602814486945,0,0.9,0.028,0.3815,0.0008657209097242371
spatial_lattice,0.85,17,0.12210410326969405,0.054080220708225046,0.1075,0.32854794170714263,0,0.8985,0.0425,0.355,0.001417273716886803
spatial_lattice,0.85,18,0.15251103174569064,0.05784314641157127,0.1155,0.33490259778030984,0,0.8895,0.041,0.424,0.0015172762562504314
spatial_lattice,0.85,19,0.11556280000220742,0.0525461419486562,0.071,0.26638130565037776,0,0.9315,0.024,0.5275,0.0004379308847363405
spatial_lattice,0.9,0,0.25462882622025645,0.14538647655638384,0.8235,1.2920324105841925,0,0.626,0.115,0.3315,0.055570314462446244
spatial_lattice,0.9,1,0.1647901120272179,0.051120922100406856,0.0705,0.2636849445834934,0,0.9315,0.0165,0.552,0.00029802992667791214
spatial_lattice,0.9,2,0.1880463482347427,0.052344841843263865,0.133,0.3719018687772354,0,0.8785,0.0385,0.3805,0.0017396640118587906
spatial_lattice,0.9,3,0.19644530946107708,0.04318902116111891,0.219,0.43936203750437974,0,0.792,0.0455,0.222,0.004158122414328753
spatial_lattice,0.9,4,0.21175834776591418,0.06813629356835112,0.207,0.46920251491227116,0,0.8175,0.0515,0.1905,0.0044099172226611675
spatial_lattice,0.9,5,0.25046838852570497,0.09502564180055059,0.5545,0.992990307102743,0,0.6715,0.1025,0.167,0.033435225204230555
spatial_lattice,0.9,6,0.11412228521249757,0.030235223198344582,0.0975,0.30494876618868294,0,0.905,0.032,0.3315,0.0009270442781837287
spatial_lattice,0.9,7,0.23835924995515187,0.0760657666587903,0.2625,0.5409193562815071,0,0.778,0.066,0.2385,0.00792555052832074
spatial_lattice,0.9,8,0.11885938116760564,0.061428965257879456,0.0575,0.23279551112510738,0,0.9425,0.0165,0.5835,0.0002208647545656875
spatial_lattice,0.9,9,0.10703159310161862,0.06309866566738681,0.036,0.18629009635512025,0,0.964,0.006,0.7435,4.023866751914948e-05
spatial_lattice,0.9,10,0.19565995015952498,0.05544341701592756,0.218,0.49444514357004254,0,0.8165,0.0505,0.2375,0.0045818996249083754
spatial_lattice,0.9,11,0.15916107502786725,0.08939028768919309,0.1485,0.37073946377476463,0,0.857,0.0335,0.4245,0.0017760274542287537
spatial_lattice,0.9,12,0.19014361591392162,0.07116318567080841,0.1875,0.4328322423295196,0,0.83,0.054,0.3425,0.003973400058166472
spatial_lattice,0.9,13,0.19452982247479086,0.08761873650251256,0.272,0.4980120480470327,0,0.752,0.08,0.151,0.009880559156760118
spatial_lattice,0.9,14,0.2220979229960879,0.07405527198608797,0.363,0.5560854250922245,0,0.676,0.0655,0.0995,0.011801245071478865
spatial_lattice,0.9,15,0.2748604157810298,0.08913303033051732,0.538,0.815203042192557,0,0.6195,0.112,0.1215,0.03474069315626276
spatial_lattice,0.9,16,0.14683005641774002,0.0684836086196308,0.176,0.4266427076606373,0,0.8415,0.0355,0.3565,0.002400611922952359
spatial_lattice,0.9,17,0.1543435851992227,0.036550728735908485,0.0815,0.2808162210414491,0,0.9205,0.033,0.483,0.0007367213782271314
spatial_lattice,0.9,18,0.15974070671895907,0.04557277795615822,0.0875,0.2825663638864329,0,0.9125,0.026,0.5635,0.0006428385025661919
spatial_lattice,0.9,19,0.14865730978341735,0.10137329769831806,0.3175,0.5997447373674903,0,0.7445,0.0675,0.2445,0.01034334783005886
spatial_lattice,0.95,0,0.321608825164388,0.15479244049598212,1.299,1.6726024632290841,0,0.502,0.151,0.224,0.12577636086285668
spatial_lattice,0.95,1,0.18189795833567524,0.0495270167360902,0.2455,0.45959737814743895,0,0.7675,0.0385,0.18,0.004113971137998654
spatial_lattice,0.95,2,0.23155109233124235,0.09753173557607633,0.3535,0.5635048801918223,0,0.689,0.0695,0.2405,0.012179876408156164
spatial_lattice,0.95,3,0.2326976612334504,0.07812275375679442,0.278,0.49771075937737175,0,0.7455,0.063,0.296,0.007980045587144477
spatial_lattice,0.95,4,0.2217867625356473,0.07936679712249187,0.484,0.8165439363561521,0,0.6815,0.088,0.194,0.022886093708259475
spatial_lattice,0.95,5,0.27303990123050614,0.09763633282077674,0.6645,0.9684728958520213,0,0.5865,0.1205,0.0995,0.04825585726385824
spatial_lattice,0.95,6,0.14705779694222826,0.051133830967955665,0.135,0.3616282621698697,0,0.872,0.034,0.4755,0.0015738062432516906
spatial_lattice,0.95,7,0.18529728890521266,0.07376847260452263,0.2375,0.465933203367178,0,0.7805,0.041,0.4105,0.004193165965975257
spatial_lattice,0.95,8,0.22140335486024412,0.13053847780703337,0.5205,0.9097141034412953,0,0.686,0.0805,0.146,0.02299484367833585
spatial_lattice,0.95,9,0.11782997384687427,0.06734733833011779,0.103,0.33673580148240845,0,0.907,0.024,0.4745,0.000751594340225165
spatial_lattice,0.95,10,0.19701098645303994,0.08429012675943558,0.246,0.5064424942676117,0,0.788,0.0575,0.336,0.006173534112487994
spatial_lattice,0.95,11,0.14437576617025202,0.05867960338264913,0.1085,0.33723545187302,0,0.9,0.0205,0.4085,0.0006913327100632361
spatial_lattice,0.95,12,0.17410775588983138,0.07446770969389564,0.193,0.4286618714091563,0,0.821,0.0475,0.2905,0.003644697638386827
spatial_lattice,0.95,13,0.2726100794572987,0.08466482128754552,0.655,0.8520416656478719,0,0.55,0.113,0.1785,0.04332631908161303
spatial_lattice,0.95,14,0.21253174060904098,0.08119254580957878,0.311,0.5694550026121467,0,0.739,0.057,0.279,0.008471782222488662
spatial_lattice,0.95,15,0.252273978935333,0.09002132095841515,0.393,0.6273364328651733,0,0.6735,0.092,0.1665,0.01884393197522942
spatial_lattice,0.95,16,0.12890245513753038,0.041296487340344724,0.0605,0.23841088481862566,0,0.9395,0.0135,0.629,0.00019472210459947102
spatial_lattice,0.95,17,0.15762112546592277,0.04426818126933297,0.1255,0.3312849981511387,0,0.8745,0.036,0.277,0.0014967456632231113
spatial_lattice,0.95,18,0.22225005641247453,0.11317423855929834,0.4545,0.7771291720171107,0,0.6785,0.084,0.2325,0.020987150669341124
spatial_lattice,0.95,19,0.14647753353619175,0.08830284698141848,0.2105,0.5623075226244088,0,0.849,0.042,0.631,0.003566154393392437
spatial_lattice,1.0,0,0.34402137797624427,0.18556308421591022,2.1375,2.0073848036686934,0,0.355,0.188,0.164,0.24341548258762896
spatial_lattice,1.0,1,0.17177982700482738,0.060357282815786714,0.3355,0.5449217833781285,0,0.6975,0.0455,0.253,0.007500167360809554
spatial_lattice,1.0,2,0.3059251341210685,0.10486467407290909,0.8295,0.9415039829974168,0,0.4695,0.115,0.1915,0.05743880474218276
spatial_lattice,1.0,3,0.2951954875465956,0.13802175104576062,1.136,1.395530006843278,0,0.502,0.1045,0.3275,0.07262477778110497
spatial_lattice,1.0,4,0.19050070005657113,0.06871132275287116,0.2825,0.5279145290669693,0,0.7535,0.0585,0.2145,0.0076126596179088984
spatial_lattice,1.0,5,0.2468940798205116,0.10967704099195213,0.673,1.178588562646015,0,0.644,0.0925,0.1105,0.038810921787510805
spatial_lattice,1.0,6,0.14049387880768852,0.06597028254564244,0.1175,0.33270670266768,0,0.886,0.03,0.6295,0.0011378569610520294
spatial_lattice,1.0,7,0.20157168690677987,0.08824481489837191,0.242,0.4779497881577101,0,0.7805,0.039,0.3595,0.0040914892664340565
spatial_lattice,1.0,8,0.3349960319393379,0.1241325709244395,1.089,1.3293152372556332,0,0.47,0.135,0.17,0.09511250593017764
spatial_lattice,1.0,9,0.13117776977131246,0.06739220428809789,0.1225,0.3612391866893734,0,0.889,0.0245,0.5645,0.0009823900082993006
spatial_lattice,1.0,10,0.16319753005326396,0.07264278160756847,0.173,0.40874319566201955,0,0.838,0.0395,0.2625,0.0026155477752576616
spatial_lattice,1.0,11,0.14410685891444622,0.06650553217435583,0.1455,0.40165874819304015,0,0.872,0.027,0.531,0.0013881326851674666
spatial_lattice,1.0,12,0.19104576358311423,0.06000534253962654,0.18,0.41904653679513926,0,0.834,0.0515,0.2585,0.0035824289126233713
spatial_lattice,1.0,13,0.2960143574266755,0.10596549211475012,0.708,0.9400723376421625,0,0.5585,0.119,0.21,0.049389990926254686
spatial_lattice,1.0,14,0.2416049148334294,0.060125756182324686,0.234,0.4724870368592137,0,0.785,0.043,0.16,0.004368142757348143
spatial_lattice,1.0,15,0.2126190894756798,0.09715926008133316,0.4845,0.8250816626249792,0,0.6875,0.08,0.2895,0.0206270418234625
spatial_lattice,1.0,16,0.1308742712212021,0.04688376665893497,0.0625,0.24206145913796356,0,0.9375,0.015,0.686,0.00022693263307068203
spatial_lattice,1.0,17,0.14017113943757464,0.10271443478459481,0.129,0.3825689480342073,0,0.8855,0.0295,0.434,0.0012922223080266888
spatial_lattice,1.0,18,0.21825474057426605,0.1368170690641227,0.409,0.7561210220592997,0,0.7235,0.0715,0.492,0.014948323784924299
spatial_lattice,1.0,19,0.12258149283371954,0.05264546709006439,0.0915,0.3180058961717534,0,0.9175,0.023,0.6755,0.0006034162142213886
spatial_lattice,1.05,0,0.2744337831931532,0.15124203906625777,0.7265,0.9897968225853222,0,0.5655,0.1135,0.381,0.04881257308347882
spatial_lattice,1.05,1,0.18166335411782267,0.09495932096310238,0.423,0.6253566982131078,0,0.6505,0.044,0.316,0.009616735523683338
spatial_lattice,1.05,2,0.33741423290986355,0.09040963249712793,1.2305,1.1306501448281867,0,0.3275,0.1565,0.0995,0.11899668856548576
spatial_lattice,1.05,3,0.34003315632165676,0.15686041784933685,1.7745,1.7336809827647068,0,0.3755,0.1315,0.2435,0.14237291732904137
spatial_lattice,1.05,4,0.18636576242752337,0.05387780393369859,0.266,0.47774888801545107,0,0.7505,0.044,0.229,0.00524472741183197
spatial_lattice,1.05,5,0.2525527276820614,0.14206702297291607,0.878,1.2514455641377296,0,0.583,0.108,0.299,0.05636010294835959
spatial_lattice,1.05,6,0.15617624894646334,0.06743786969723674,0.1395,0.3742188530793177,0,0.8705,0.04,0.2645,0.0019384537074122062
spatial_lattice,1.05,7,0.1584609775841566,0.060913745400458574,0.1675,0.39299332055392494,0,0.84,0.0345,0.376,0.002169323192336598
spatial_lattice,1.05,8,0.31743098964816896,0.08059751970914739,0.711,0.8783387729116825,0,0.5305,0.1015,0.15,0.04185657588140661
spatial_lattice,1.05,9,0.1486177953946715,0.06747084964385325,0.233,0.4875561506124192,0,0.7965,0.036,0.4115,0.0035718364586042597
spatial_lattice,1.05,10,0.13241811888032884,0.06927111067481481,0.088,0.3053784537258646,0,0.9185,0.02,0.5005,0.0004977669044615034
spatial_lattice,1.05,11,0.17383623654503097,0.07372454323339629,0.2395,0.7219000969663324,0,0.868,0.0245,0.655,0.002334625008879932
spatial_lattice,1.05,12,0.18258558676956377,0.1006595975737148,0.473,0.8557283447449898,0,0.6885,0.0635,0.2045,0.016926520857701466
spatial_lattice,1.05,13,0.28249889544532003,0.08932431218946821,1.043,1.110473322507119,0,0.4165,0.136,0.1765,0.08812272162883614
spatial_lattice,1.05,14,0.25988650134056934,0.06400337817602034,0.3155,0.5319396112342077,0,0.7165,0.061,0.1385,0.00919909781768365
spatial_lattice,1.05,15,0.19823682964496267,0.09172197423175078,0.334,0.5669603160715924,0,0.7135,0.0685,0.3545,0.011126738105418149
spatial_lattice,1.05,16,0.10476662509485865,0.0310975696073957,0.058,0.23374344910606584,0,0.942,0.02,0.45,0.00027114241452015663
spatial_lattice,1.05,17,0.16957324123823952,0.10052873603841683,0.288,0.5486857023834318,0,0.7585,0.0665,0.3515,0.008811755341359919
spatial_lattice,1.05,18,0.17368637376805124,0.11760011751116843,0.192,0.5321052527461084,0,0.86,0.036,0.578,0.002681810548335122
spatial_lattice,1.05,19,0.2739737703040638,0.07881631036929543,0.5445,0.7707267674085285,0,0.5995,0.087,0.1315,0.02685481842887513
spatial_lattice,1.1,0,0.16381047970074927,0.09463780196449473,0.1285,0.3728106087546329,0,0.885,0.021,0.489,0.0009003376630156584
spatial_lattice,1.1,1,0.26553289125625495,0.06935586868116868,0.8085,0.9580332718648137,0,0.4565,0.0595,0.126,0.030981119974573392
spatial_lattice,1.1,2,0.38550646714617404,0.09693184760265808,1.8565,1.5032989556305827,1,0.2375,0.1815,0.1605,0.20804718098706537
spatial_lattice,1.1,3,0.38343336050366766,0.1752706709799937,2.7515,2.3651105153882344,0,0.2965,0.1315,0.1695,0.21879696672004967
spatial_lattice,1.1,4,0.18847700691979627,0.07774283741076836,0.465,0.7312831189081285,0,0.6535,0.0665,0.2335,0.016850408700050428
spatial_lattice,1.1,5,0.26827346670257113,0.13503764415608593,0.806,1.054212502297331,0,0.557,0.091,0.3575,0.04249846907212843
spatial_lattice,1.1,6,0.17531337163775407,0.08848386554479212,0.174,0.3895176504344829,0,0.83,0.0425,0.384,0.0028142650906071405
spatial_lattice,1.1,7,0.13348543902436966,0.05913524415812316,0.193,0.4546988014059417,0,0.8325,0.036,0.293,0.002741833848639877
spatial_lattice,1.1,8,0.28340325970107144,0.0942300697059571,0.617,0.919951629163186,0,0.59,0.0825,0.1245,0.031117364233624937
spatial_lattice,1.1,9,0.16759283083381502,0.08368755012609079,0.4795,0.7756157231516133,0,0.674,0.0585,0.3345,0.014791767709075141
spatial_lattice,1.1,10,0.1863476120717201,0.09471572960191899,0.4055,0.6588396997752943,0,0.675,0.065,0.3275,0.013917988871875994
spatial_lattice,1.1,11,0.19912202821086583,0.07726926845135228,0.2505,0.5863017567771737,0,0.8065,0.0205,0.5295,0.0023257126071452435
spatial_lattice,1.1,12,0.20169119202662641,0.0873277919488056,0.377,0.601557146080071,0,0.685,0.06,0.1975,0.011369430250403842
spatial_lattice,1.1,13,0.30048500289392377,0.09489162500522534,0.973,1.2141956185063425,0,0.5,0.1215,0.21,0.07376238443135812
spatial_lattice,1.1,14,0.2733650822346366,0.09157429351528137,0.419,0.715848447647964,0,0.6895,0.0615,0.1935,0.01366966321644455
spatial_lattice,1.1,15,0.17081719132795753,0.09577093957060916,0.208,0.4761680375665717,0,0.8215,0.0315,0.3915,0.0026773739182234355
spatial_lattice,1.1,16,0.10056875244722568,0.025686473066455846,0.0595,0.2365581323903281,0,0.9405,0.011,0.672,0.00015482731172467858
spatial_lattice,1.1,17,0.2789031264376026,0.11447051705872546,0.736,0.9936317225209751,0,0.56,0.1235,0.242,0.05399394823898774
spatial_lattice,1.1,18,0.21062155958088885,0.09085822132008947,0.2955,0.5433044726486246,0,0.7445,0.0495,0.372,0.006871307630519609
spatial_lattice,1.1,19,0.13199908326172222,0.08794912732742066,0.1785,0.5202285555407353,0,0.8695,0.0295,0.3005,0.0020027499495827716
spatial_lattice,1.15,0,0.14056788455069233,0.06182567619334854,0.107,0.31709777671879064,0,0.8955,0.023,0.4785,0.0007621445394803311
spatial_lattice,1.15,1,0.296680854403544,0.04810139513566431,1.3515,1.1361988162289203,1,0.3925,0.0785,0.0995,0.0541839019876777
spatial_lattice,1.15,2,0.35540470806083,0.08824472838065794,1.3055,1.157225021333362,1,0.363,0.125,0.0995,0.09214404306082129
spatial_lattice,1.15,3,0.3935414612588362,0.1749787532118656,2.548,2.227710932773819,0,0.323,0.1185,0.288,0.17871699723447357
spatial_lattice,1.15,4,0.23062967733080592,0.05754595978462205,0.463,0.6431415085344748,0,0.617,0.063,0.1555,0.015518361705751542
spatial_lattice,1.15,5,0.36390921233100293,0.15917472532637147,1.794,2.058291524541652,0,0.448,0.1275,0.1195,0.1448625586334184
spatial_lattice,1.15,6,0.2090940745923203,0.12549372713559598,0.617,1.0818091328880526,0,0.6655,0.086,0.2575,0.03112040368765576
spatial_lattice,1.15,7,0.12949316052472534,0.07062567319317821,0.26,0.5003998401278721,0,0.768,0.0345,0.443,0.004005200436476251
spatial_lattice,1.15,8,0.20691001123307384,0.12304775027800581,0.6345,1.3103090284356589,0,0.7095,0.047,0.304,0.01789030470039104
spatial_lattice,1.15,9,0.19860118014133166,0.099232723002726,0.665,0.9147540653093594,0,0.576,0.0485,0.2285,0.018811002986877393
spatial_lattice,1.15,10,0.19346236226449456,0.0953294766031961,0.5775,0.9186913246569818,0,0.63,0.0595,0.276,0.020224989852239243
spatial_lattice,1.15,11,0.21275036596088584,0.08321191356992691,0.38,0.7941032678436729,0,0.767,0.03,0.488,0.005550782027253334
spatial_lattice,1.15,12,0.20655649786288394,0.08109839829491296,0.352,0.609996721302664,0,0.715,0.068,0.2575,0.011821736632694696
spatial_lattice,1.15,13,0.3255515324660859,0.1304892365776815,1.672,1.9095591114181305,0,0.433,0.1335,0.1555,0.1445431232419597
spatial_lattice,1.15,14,0.23002210305062265,0.07535205180642267,0.32,0.5211525688318153,0,0.707,0.047,0.206,0.007176792178080631
spatial_lattice,1.15,15,0.1985126325098324,0.08231544454324352,0.37,0.5840376700179536,0,0.6805,0.064,0.18,0.01194240246312715
spatial_lattice,1.15,16,0.1316447636178396,0.04291851740272292,0.1095,0.31226551202462305,0,0.8905,0.0205,0.3345,0.0007009580423103464
spatial_lattice,1.15,17,0.2735488791038374,0.11812850612980529,0.732,0.9783537192651746,0,0.5415,0.116,0.205,0.05203472136141276
spatial_lattice,1.15,18,0.28653818050889185,0.11450875451110747,1.118,1.4450176469510676,0,0.465,0.094,0.1465,0.07266993823825361
spatial_lattice,1.15,19,0.167181451523078,0.09259081670210856,0.3615,0.6275490020707547,0,0.7135,0.04,0.3975,0.0071917117435236376
spatial_lattice,1.2,0,0.07763250663570827,0.028495092635829403,0.0575,0.23279551112510738,0,0.9425,0.011,0.6945,0.00014724317417237227
spatial_lattice,1.2,1,0.32197277922527534,0.06687092316276537,1.6525,1.2360193161921054,2,0.3015,0.071,0.0995,0.06129852482093266
spatial_lattice,1.2,2,0.3908836940878592,0.06471068873147025,1.3675,1.2265576831115608,1,0.2975,0.1325,0.0995,0.11416952320278474
spatial_lattice,1.2,3,0.3866226955029829,0.16179661041147317,2.4615,2.0850702026550567,0,0.2995,0.123,0.2045,0.17965277772665533
spatial_lattice,1.2,4,0.24649898709423643,0.06391981593979452,0.5515,0.7657334719078173,0,0.5935,0.0715,0.1005,0.022255852238903386
spatial_lattice,1.2,5,0.39146677490865095,0.19615244097248288,2.4305,2.697437626711691,0,0.3645,0.137,0.136,0.2348483625274349
spatial_lattice,1.2,6,0.23030598246738232,0.14414158669157037,0.9315,1.556858294771878,0,0.646,0.1045,0.3385,0.05759285944962391
spatial_lattice,1.2,7,0.13943688268201687,0.07770300543313333,0.4535,0.7076989119675118,0,0.6635,0.0475,0.2005,0.011311682722301401
spatial_lattice,1.2,8,0.19695111192314343,0.08258293156659834,0.237,0.4948040016006338,0,0.7925,0.031,0.2625,0.0031828268429679074
spatial_lattice,1.2,9,0.20417994118272645,0.08328832712657641,0.6715,0.8127654950845293,0,0.5075,0.074,0.2175,0.02962123886864268
spatial_lattice,1.2,10,0.18985323394771428,0.09942092826990638,0.6295,1.0115481946007319,0,0.654,0.0595,0.3885,0.020824743032240942
spatial_lattice,1.2,11,0.22159164326867323,0.08560517455015748,0.4795,0.9309026533424427,0,0.7045,0.0435,0.276,0.011966055706808826
spatial_lattice,1.2,12,0.22530807528286056,0.04627860391740115,0.481,0.7318736229705235,0,0.64,0.0555,0.1425,0.014622835250425563
spatial_lattice,1.2,13,0.3605155517771232,0.1302134688784343,1.7695,1.849694501802933,0,0.3995,0.134,0.2425,0.14883936858731817
spatial_lattice,1.2,14,0.2275929321994953,0.08288464511084992,0.2985,0.5633806439699539,0,0.7475,0.04,0.3505,0.005690144646350146
spatial_lattice,1.2,15,0.23271042930895625,0.04710693784206226,0.3915,0.5875608479127928,0,0.659,0.0665,0.161,0.013323823768052695
spatial_lattice,1.2,16,0.13613492404280952,0.03852701202535264,0.115,0.32058540203820884,0,0.8855,0.025,0.3505,0.0009176757500414018
spatial_lattice,1.2,17,0.25587589706168723,0.09307195956573439,0.5845,0.7320244189916072,0,0.547,0.0925,0.1865,0.03067365354840288
spatial_lattice,1.2,18,0.3046821657895115,0.06494198040765578,0.7115,0.7926334272537338,0,0.4705,0.0855,0.0995,0.03588429909668726
spatial_lattice,1.2,19,0.1898298806317105,0.07571055800990541,0.4885,0.783497128265318,0,0.6535,0.063,0.3375,0.017103350832949518
