topology,K,seed,R_mean,R_std,cluster_mean,cluster_std,dominant_cluster,dominant_fraction,switching_rate,memory_score,reorganization_score
all_to_all,0.2,0,0.0400922115825893,0.0255009257479091,0.0352173913043478,0.1912742071117749,0,0.9660869565217391,0.0243478260869565,0.6330434782608696,0.0001579368187105
all_to_all,0.2,1,0.055990964228045,0.0270151923941731,0.0339130434782608,0.1810053837881693,0,0.9660869565217391,0.02,0.591304347826087,0.0001227688751425
all_to_all,0.2,2,0.0531659403247245,0.0283660768761093,0.0230434782608695,0.1500415821381206,0,0.9769565217391304,0.0178260869565217,0.8247826086956521,6.163334145107856e-05
all_to_all,0.2,3,0.0594207695739303,0.0315316720564928,0.0321739130434782,0.176461758925125,0,0.9678260869565216,0.02,0.6708695652173913,0.0001135493114205
all_to_all,0.2,4,0.0511527765925192,0.0296451645952521,0.0469565217391304,0.2196129952321998,0,0.954782608695652,0.0260869565217391,0.5982608695652174,0.0002590520118677
all_to_all,0.2,5,0.0571118480866649,0.0281259913119145,0.0182608695652173,0.1338932791738984,0,0.9817391304347826,0.0147826086956521,0.9121739130434784,3.614359463032481e-05
all_to_all,0.2,6,0.0552743178462123,0.024812044925257,0.0343478260869565,0.1821209843210186,0,0.9656521739130436,0.0208695652173913,0.79,0.0001305487345248
all_to_all,0.2,7,0.0699692762128987,0.0346730200357753,0.0295652173913043,0.1693845191034566,0,0.9704347826086956,0.02,0.6513043478260869,0.0001001578076081
all_to_all,0.2,8,0.0482966330980836,0.0225575165634593,0.0408695652173913,0.1979879891719008,0,0.9591304347826088,0.0291304347826086,0.7465217391304347,0.0002357142530452
all_to_all,0.2,9,0.0512279537911944,0.022614568371224,0.048695652173913,0.2251048904849178,0,0.9534782608695652,0.0278260869565217,0.5930434782608696,0.0002914023337313
all_to_all,0.2,10,0.06976382433523,0.0305252968070176,0.0317391304347826,0.1753047575909634,0,0.9682608695652174,0.0243478260869565,0.8034782608695652,0.000135471810674
all_to_all,0.2,11,0.0577238680202025,0.020800349326639,0.0169565217391304,0.1291084741976328,0,0.9830434782608696,0.0147826086956521,0.9743478260869564,3.236254222440288e-05
all_to_all,0.2,12,0.0475983825128561,0.0226715660653373,0.0165217391304347,0.1274706682595672,0,0.9834782608695652,0.0130434782608695,0.9034782608695652,2.7470051598647036e-05
all_to_all,0.2,13,0.0536692771019981,0.0270692309433246,0.0404347826086956,0.1969766761931045,0,0.9595652173913044,0.0226086956521739,0.5065217391304347,0.0001800716915317
all_to_all,0.2,14,0.058873779761412,0.0345006887091799,0.0308695652173913,0.1729642597783731,0,0.9691304347826089,0.0191304347826086,0.7234782608695652,0.0001021437383351
all_to_all,0.2,15,0.0579678154042227,0.0294669132616564,0.0182608695652173,0.1338932791738984,0,0.9817391304347826,0.017391304347826,0.8973913043478261,4.2521875604204304e-05
all_to_all,0.2,16,0.0491595325318554,0.0234297569779897,0.0321739130434782,0.176461758925125,0,0.9678260869565216,0.0226086956521739,0.7573913043478261,0.0001283600904305
all_to_all,0.2,17,0.0515110358666568,0.0442940229414479,0.0295652173913043,0.1693845191034566,0,0.9704347826086956,0.0269565217391304,0.8121739130434783,0.0001349953041648
all_to_all,0.2,18,0.0523073189700187,0.0261615967922097,0.0239130434782608,0.1527783028766443,0,0.9760869565217392,0.0191304347826086,0.8326086956521739,6.989102311681175e-05
all_to_all,0.2,19,0.0612445897736455,0.0299918749152216,0.0252173913043478,0.1567848030905777,0,0.974782608695652,0.017391304347826,0.81,6.876006882518592e-05
all_to_all,0.3,0,0.0473668845296599,0.0308754707595072,0.0260869565217391,0.162098712020063,0,0.9743478260869564,0.0169565217391304,0.7478260869565218,7.05083475151155e-05
all_to_all,0.3,1,0.0640688828083567,0.0318001287003048,0.0260869565217391,0.1647590897521427,0,0.974782608695652,0.0147826086956521,0.7186956521739131,6.141870453120764e-05
all_to_all,0.3,2,0.0597674859222952,0.0308690013430625,0.0469565217391304,0.2176242230485083,0,0.9543478260869566,0.0304347826086956,0.5621739130434783,0.0003023701497094
all_to_all,0.3,3,0.0705556140808928,0.0384215668264705,0.0395652173913043,0.1993462851393669,0,0.961304347826087,0.0247826086956521,0.6560869565217391,0.0001911689499656
all_to_all,0.3,4,0.0589057302139285,0.0360279150924793,0.0326086956521739,0.1824403986369806,0,0.9682608695652174,0.0269565217391304,0.7282608695652174,0.0001560917343785
all_to_all,0.3,5,0.0726363796579535,0.0323474163069156,0.0439130434782608,0.2049016546803301,0,0.9560869565217393,0.0265217391304347,0.5430434782608695,0.0002386387792219
all_to_all,0.3,6,0.0611242418827245,0.0272660620803823,0.0369565217391304,0.1886550747795447,0,0.9630434782608696,0.027391304347826,0.7069565217391305,0.0001909731497781
all_to_all,0.3,7,0.0945911158008707,0.0443975705037986,0.0495652173913043,0.2268398834050432,0,0.952608695652174,0.0330434782608695,0.5721739130434783,0.0003552252648385
all_to_all,0.3,8,0.0551233071048153,0.0260080630738234,0.0317391304347826,0.1801968048240841,0,0.9691304347826089,0.0291304347826086,0.7321739130434782,0.0001620408752314
all_to_all,0.3,9,0.0584037086641582,0.0276312394394662,0.0395652173913043,0.1949354020286801,0,0.9604347826086956,0.0208695652173913,0.6182608695652174,0.0001609599011079
all_to_all,0.3,10,0.0793329935265399,0.0347338478257508,0.0447826086956521,0.2089179070148262,0,0.9556521739130436,0.0278260869565217,0.5434782608695652,0.0002578102355396
all_to_all,0.3,11,0.0809680770034773,0.0268151563268197,0.0395652173913043,0.1993462851393669,0,0.961304347826087,0.028695652173913,0.5739130434782609,0.0002213535197948
all_to_all,0.3,12,0.0532510629055888,0.0222910951789256,0.0139130434782608,0.117130144281619,0,0.9860869565217392,0.0121739130434782,0.9139130434782607,1.983905820361229e-05
all_to_all,0.3,13,0.0622593356278784,0.029002010058076,0.0239130434782608,0.1527783028766443,0,0.9760869565217392,0.0208695652173913,0.8521739130434782,7.624475215894064e-05
all_to_all,0.3,14,0.0677720773083426,0.0404488490241374,0.0317391304347826,0.1753047575909634,0,0.9682608695652174,0.0182608695652173,0.75,0.0001016038593965
all_to_all,0.3,15,0.0648600236075476,0.0346894882710996,0.0321739130434782,0.176461758925125,0,0.9678260869565216,0.0226086956521739,0.8078260869565217,0.0001283600904305
all_to_all,0.3,16,0.0544376512749187,0.0266484509760973,0.0317391304347826,0.1753047575909634,0,0.9682608695652174,0.02,0.74,0.0001112804169043
all_to_all,0.3,17,0.061080359908599,0.0552095802156835,0.0395652173913043,0.1993462851393669,0,0.961304347826087,0.027391304347826,0.6921739130434783,0.0002112919965184
all_to_all,0.3,18,0.0740009890453023,0.0302753611316755,0.0221739130434782,0.147248873081659,0,0.9778260869565216,0.02,0.8295652173913044,6.530167741434119e-05
all_to_all,0.3,19,0.0731165464586062,0.031675954854564,0.0404347826086956,0.2034908022890889,0,0.9608695652173912,0.0256521739130434,0.6308695652173913,0.0002042601516592
all_to_all,0.4,0,0.0589501635936036,0.0355402535818202,0.0408695652173913,0.1979879891719008,0,0.9591304347826088,0.0265217391304347,0.6695652173913044,0.0002146055146912
all_to_all,0.4,1,0.0720992038169561,0.0343585582516834,0.0360869565217391,0.1888233388861889,0,0.9643478260869566,0.0208695652173913,0.7643478260869565,0.0001404931375176
all_to_all,0.4,2,0.068920381381993,0.0357397662443369,0.0269565217391304,0.1619563758388604,0,0.9730434782608696,0.0217391304347826,0.7760869565217391,9.49082775416723e-05
all_to_all,0.4,3,0.0855782253804094,0.0483328775227723,0.0404347826086956,0.1969766761931045,0,0.9595652173913044,0.0330434782608695,0.6326086956521739,0.0002631816993319
all_to_all,0.4,4,0.0726810220379428,0.031946050668829,0.0413043478260869,0.2054434090666392,0,0.96,0.028695652173913,0.6543478260869565,0.0002358133125377
all_to_all,0.4,5,0.0923952048201165,0.037463943384566,0.0413043478260869,0.1989932126399003,0,0.9586956521739132,0.0269565217391304,0.6752173913043479,0.000221563339495
all_to_all,0.4,6,0.0662661690881638,0.0302282379901097,0.0221739130434782,0.147248873081659,0,0.9778260869565216,0.017391304347826,0.8004347826086956,5.678406774269892e-05
all_to_all,0.4,7,0.1542149161582034,0.0549653912359368,0.0782608695652174,0.2827758702871147,0,0.9256521739130434,0.0447826086956521,0.4669565217391304,0.0009414993411309
all_to_all,0.4,8,0.0661553814113909,0.0307691055888532,0.0243478260869565,0.1541266020250749,0,0.9756521739130436,0.0204347826086956,0.9139130434782607,7.668454373941464e-05
all_to_all,0.4,9,0.0626753585694582,0.0363302332104948,0.0304347826086956,0.1863488607977116,0,0.9721739130434782,0.0208695652173913,0.7256521739130435,0.0001082162056334
all_to_all,0.4,10,0.0900758841517403,0.0402208868664739,0.03,0.1705872210923198,0,0.97,0.0247826086956521,0.8386956521739131,0.0001268278955819
all_to_all,0.4,11,0.1137796972494034,0.060881352793455,0.0660869565217391,0.2718333749614111,0,0.9395652173913044,0.0434782608695652,0.5056521739130435,0.0007142691869317
all_to_all,0.4,12,0.0614005522451494,0.0232839820955773,0.0313043478260869,0.1741389836689944,0,0.9686956521739132,0.0208695652173913,0.7304347826086957,0.0001137664189787
all_to_all,0.4,13,0.0736867979194082,0.0289480254776959,0.0334782608695652,0.1798818137520148,0,0.9665217391304348,0.028695652173913,0.7373913043478261,0.0001728089620689
all_to_all,0.4,14,0.0767953601238022,0.0402914301730127,0.0352173913043478,0.1912742071117749,0,0.9660869565217391,0.02,0.6926086956521739,0.0001297338165277
all_to_all,0.4,15,0.075266506270056,0.0419216092493795,0.0460869565217391,0.2117368984794426,0,0.9543478260869566,0.0308695652173913,0.5817391304347826,0.0002983929355952
all_to_all,0.4,16,0.0606770593636283,0.029210241724992,0.0234782608695652,0.1514167498531977,0,0.9765217391304348,0.0208695652173913,0.9017391304347826,7.41913486626556e-05
all_to_all,0.4,17,0.0729045169807771,0.0646948487565342,0.0517391304347826,0.2234541519731205,0,0.948695652173913,0.0360869565217391,0.6108695652173913,0.000413706999068
all_to_all,0.4,18,0.1158653673602242,0.028604149455935,0.0443478260869565,0.2079679341285788,0,0.9560869565217393,0.0313043478260869,0.5621739130434783,0.0002858871200933
all_to_all,0.4,19,0.0910126625259357,0.0338208065434571,0.0360869565217391,0.1865065363217526,0,0.9639130434782608,0.0239130434782608,0.7778260869565218,0.0001609456283389
all_to_all,0.5,0,0.0788025800693465,0.0311413950644345,0.0365217391304347,0.1898880378505043,0,0.9639130434782608,0.0278260869565217,0.6895652173913044,0.0001906777492082
all_to_all,0.5,1,0.1456563146276533,0.0559802489408636,0.1121739130434782,0.3369035021400836,0,0.8947826086956522,0.0556521739130434,0.3678260869565217,0.0019727642854086
all_to_all,0.5,2,0.0901625850626822,0.0382638523114711,0.02,0.1460791923402597,0,0.9808695652173912,0.0165217391304347,0.9117391304347826,4.617096869113956e-05
all_to_all,0.5,3,0.1163832813653062,0.0386850522773779,0.0508695652173913,0.2197313190057004,0,0.9491304347826088,0.0321739130434782,0.5669565217391305,0.0003596283211873
all_to_all,0.5,4,0.2352851695087763,0.0412297317437391,0.2130434782608695,0.4642004325589343,0,0.808695652173913,0.1221739130434782,0.0904347826086956,0.0108494786297462
all_to_all,0.5,5,0.118492846419182,0.0608153913262293,0.0930434782608695,0.2964197197953501,0,0.908695652173913,0.057391304347826,0.2291304347826087,0.0015532617723814
all_to_all,0.5,6,0.0849356730180526,0.0412053468972354,0.0508695652173913,0.2197313190057004,0,0.9491304347826088,0.0356521739130434,0.6543478260869565,0.0003985070574046
all_to_all,0.5,7,0.2460094952595082,0.0698693964125286,0.2247826086956521,0.4485665048382011,0,0.788695652173913,0.1208695652173913,0.0865217391304347,0.0114565073416044
all_to_all,0.5,8,0.0740688113513387,0.0465912903315473,0.0426086956521739,0.2019732524543641,0,0.957391304347826,0.0339130434782608,0.6669565217391304,0.0002918494493924
all_to_all,0.5,9,0.1170473078161894,0.0581798530991873,0.0656521739130434,0.2579910023196212,0,0.9369565217391304,0.0360869565217391,0.4034782608695652,0.0005869417389332
all_to_all,0.5,10,0.164784077777829,0.0679705930789747,0.0882608695652173,0.3043760856445317,0,0.9178260869565218,0.0530434782608695,0.3617391304347826,0.0013267115151425
all_to_all,0.5,11,0.2157822444621624,0.0304385268537591,0.1534782608695652,0.3734807916095863,0,0.851304347826087,0.0913043478260869,0.1047826086956521,0.0050705842622269
all_to_all,0.5,12,0.0791614104046397,0.0349941439561295,0.0308695652173913,0.1729642597783731,0,0.9691304347826089,0.0182608695652173,0.7839130434782609,9.750084138075075e-05
all_to_all,0.5,13,0.1000005576646434,0.0372878953307984,0.0439130434782608,0.2049016546803301,0,0.9560869565217393,0.0330434782608695,0.6095652173913043,0.0002973204440311
all_to_all,0.5,14,0.0809346664026822,0.0486072593058145,0.0365217391304347,0.1898880378505043,0,0.9639130434782608,0.0291304347826086,0.7839130434782609,0.0001996157683811
all_to_all,0.5,15,0.1000133650515113,0.0555116970033044,0.0547826086956521,0.2294581436723101,0,0.9456521739130436,0.04,0.5126086956521739,0.000498822063932
all_to_all,0.5,16,0.0896272346896357,0.0405128354116307,0.0465217391304347,0.2167167796246716,0,0.954782608695652,0.0321739130434782,0.6947826086956522,0.0003152840052608
all_to_all,0.5,17,0.0879175838135467,0.0664037367775311,0.0691304347826086,0.2587665229923493,0,0.9321739130434784,0.0478260869565217,0.3443478260869565,0.0008394014418514
all_to_all,0.5,18,0.1705726316914378,0.0398077063428942,0.1304347826086956,0.348206313916103,0,0.8734782608695653,0.0795652173913043,0.2382608695652174,0.0035052988786443
all_to_all,0.5,19,0.1173222272547145,0.0434332422203799,0.0634782608695652,0.2455979162858104,0,0.9369565217391304,0.0408695652173913,0.3865217391304348,0.0006327976712443
all_to_all,0.6,0,0.0991219189188668,0.0392249694824409,0.0365217391304347,0.1988359318339614,0,0.9656521739130436,0.0269565217391304,0.7704347826086957,0.0001841017826561
all_to_all,0.6,1,0.3852645516582249,0.034074837313271,0.98,0.8775162577460862,1,0.4165217391304348,0.3234782608695652,0.0865217391304347,0.1656246418190181
all_to_all,0.6,2,0.1146307429974682,0.0484473639941673,0.0447826086956521,0.2268761310230261,0,0.9595652173913044,0.03,0.7508695652173913,0.0002752106202842
all_to_all,0.6,3,0.1850990742498099,0.0867060582854561,0.178695652173913,0.4209492827844568,0,0.8352173913043478,0.0943478260869565,0.3143478260869565,0.0065444484368588
all_to_all,0.6,4,0.3193084490561071,0.0460612723984217,0.4491304347826087,0.6557598516124385,0,0.6304347826086957,0.1982608695652173,0.0865217391304347,0.0480477353056695
all_to_all,0.6,5,0.1079653616306186,0.0494917338957407,0.0830434782608695,0.2942482652249656,0,0.9221739130434784,0.0443478260869565,0.4273913043478261,0.0010155737141057
all_to_all,0.6,6,0.1281513534577865,0.0489329648943987,0.0804347826086956,0.2767195764805255,0,0.9208695652173912,0.0521739130434782,0.3217391304347826,0.0011424490862324
all_to_all,0.6,7,0.4384658258853705,0.0397433433877047,1.2560869565217392,1.0417720652411564,1,0.37,0.3721739130434782,0.0865217391304347,0.2442638438490341
all_to_all,0.6,8,0.216178896050248,0.0853269489941003,0.1939130434782608,0.4420873328086518,0,0.8252173913043478,0.1047826086956521,0.2052173913043478,0.008096466046488
all_to_all,0.6,9,0.2256116129939103,0.04761807344922,0.1660869565217391,0.3959330106978988,0,0.8430434782608696,0.097391304347826,0.2147826086956521,0.0060523113999656
all_to_all,0.6,10,0.3431544905834126,0.0377509500186741,0.7482608695652174,0.8025077660407814,0,0.45,0.2730434782608695,0.0865217391304347,0.1205157319155035
all_to_all,0.6,11,0.4050038063484775,0.0363584248834849,1.1395652173913045,0.9731614918526896,1,0.4073913043478261,0.3756521739130434,0.0865217391304347,0.2166400977361494
all_to_all,0.6,12,0.1732347570158988,0.0507154527153295,0.1017391304347826,0.3135997473090298,0,0.9017391304347826,0.0626086956521739,0.3739130434782609,0.0019292609337304
all_to_all,0.6,13,0.1836073601132007,0.0692294524717427,0.1591304347826087,0.3965932429808554,0,0.8526086956521739,0.0926086956521739,0.0878260869565217,0.0054133853695921
all_to_all,0.6,14,0.3396778169914085,0.0507644287450517,0.7386956521739131,0.7939872102125427,0,0.4482608695652174,0.2817391304347826,0.0865217391304347,0.1234225355617593
all_to_all,0.6,15,0.2101246251883834,0.0664482007725085,0.1465217391304347,0.3842678945017415,0,0.8634782608695653,0.0878260869565217,0.2030434782608695,0.0046074374839271
all_to_all,0.6,16,0.1670595441600151,0.063530815426679,0.1043478260869565,0.3406876178114736,0,0.9056521739130434,0.0682608695652173,0.4026086956521739,0.0021941184539236
all_to_all,0.6,17,0.314791496287383,0.077260381139993,0.532608695652174,0.7004825503912617,0,0.5769565217391305,0.2165217391304348,0.0865217391304347,0.0641628777485628
all_to_all,0.6,18,0.2310590323497143,0.0542365981966533,0.2104347826086956,0.44436058860256,0,0.8043478260869565,0.1217391304347826,0.0904347826086956,0.0105840141065852
all_to_all,0.6,19,0.1228051987609918,0.0472404595659605,0.0595652173913043,0.2421278544913924,0,0.9417391304347826,0.0391304347826087,0.5343478260869565,0.0005519965973137
all_to_all,0.7,0,0.386426150603776,0.1108299830883272,1.3547826086956525,1.3227930580707443,0,0.3360869565217391,0.3630434782608696,0.0865217391304347,0.3188318864600366
all_to_all,0.7,1,0.7210866028019006,0.016843719760059,7.151304347826087,1.321946208034812,7,0.2852173913043478,0.5495652173913044,0.0865217391304347,0.5192864605735747
all_to_all,0.7,2,0.2639456344224106,0.066236523695632,0.4017391304347826,0.6576615501576518,0,0.6817391304347826,0.1526086956521739,0.0952173913043478,0.0319422114390065
all_to_all,0.7,3,0.5790396575744003,0.0315035378150097,3.9769565217391305,1.3868604982433892,4,0.2882608695652174,0.5904347826086956,0.0865217391304347,0.582808069640764
all_to_all,0.7,4,0.4947368834110582,0.0322157960333465,2.3395652173913044,1.2168740360693606,2,0.3104347826086956,0.4930434782608696,0.0865217391304347,0.4137196906023674
all_to_all,0.7,5,0.5573468895647516,0.0296602184250681,3.6508695652173913,1.4299054789177297,3,0.2621739130434782,0.5534782608695652,0.0865217391304347,0.5839315016035794
all_to_all,0.7,6,0.3055334617321423,0.0705755958933492,0.54,0.7050501061441754,0,0.5695652173913044,0.2269565217391304,0.0865217391304347,0.0688763318447232
all_to_all,0.7,7,0.6398569893342829,0.0146471814860722,5.268695652173913,1.441307692303812,5,0.2843478260869565,0.5769565217391305,0.0865217391304347,0.5951162196426399
all_to_all,0.7,8,0.4253308842077884,0.032986509967536,1.1521739130434785,0.9936185801391456,1,0.3834782608695652,0.3773913043478261,0.0865217391304347,0.2311851793046826
all_to_all,0.7,9,0.4826823535727712,0.0388442157190199,2.295217391304348,1.323786957656994,2,0.2839130434782608,0.4852173913043478,0.0865217391304347,0.4599601644820398
all_to_all,0.7,10,0.6139801229890502,0.0261684753517011,4.588260869565217,1.4333122241671803,4,0.2756521739130435,0.54,0.0865217391304347,0.5606369616250697
all_to_all,0.7,11,0.6495607152760945,0.0177584635283801,5.342608695652174,1.4604978823237684,5,0.2604347826086956,0.5943478260869566,0.0865217391304347,0.6419749593669656
all_to_all,0.7,12,0.6118318750653186,0.0256137353606468,4.930869565217392,1.517436090032985,5,0.2726086956521739,0.6104347826086957,0.0865217391304347,0.6737794892681854
all_to_all,0.7,13,0.4999026742989214,0.0231615782573368,2.1778260869565216,1.1880325589219352,2,0.3247826086956522,0.5060869565217392,0.0865217391304347,0.4059729596873807
all_to_all,0.7,14,0.5531656598072852,0.0568538383181528,3.307391304347826,1.5533518243975408,3,0.2634782608695652,0.5117391304347826,0.0865217391304347,0.5854691684131027
all_to_all,0.7,15,0.3096006948069931,0.1351060724875409,0.8482608695652174,1.0906804903119292,0,0.5252173913043479,0.258695652173913,0.1556521739130434,0.1339619554848064
all_to_all,0.7,16,0.5006922318287204,0.0272958190273134,2.4565217391304346,1.2766553063636794,2,0.2956521739130435,0.4913043478260869,0.0865217391304347,0.4417854836646822
all_to_all,0.7,17,0.5995130803048133,0.0229306662495975,3.896521739130435,1.4162676260713738,4,0.2708695652173913,0.5717391304347826,0.0865217391304347,0.5904028864262217
all_to_all,0.7,18,0.5131904258376417,0.0337545582313564,2.7469565217391305,1.4317409128707268,3,0.2669565217391304,0.5334782608695652,0.0865217391304347,0.559900553933414
all_to_all,0.7,19,0.3345170929794258,0.0560844241317046,0.7221739130434782,0.8550283825532604,0,0.4908695652173913,0.2560869565217391,0.0865217391304347,0.111480023306068
all_to_all,0.8,0,0.7432426283886191,0.0126218168154559,7.373478260869565,1.4043692958380385,8,0.2891304347826087,0.5165217391304348,0.0865217391304347,0.5156557349964119
all_to_all,0.8,1,0.8184902615945053,0.0105411730537858,7.274782608695652,1.8101570183279376,8,0.22,0.4056521739130435,0.0865217391304347,0.5727494225066937
all_to_all,0.8,2,0.6999624859467705,0.0145088778852181,6.9534782608695656,1.4616878531212445,7,0.2656521739130434,0.5760869565217391,0.0865217391304347,0.6183644223770471
all_to_all,0.8,3,0.7394082359492657,0.0107502717706564,7.479565217391304,1.5039136719583388,7,0.2591304347826087,0.5539130434782609,0.0865217391304347,0.6171720568419297
all_to_all,0.8,4,0.7178795667739715,0.0181658359747602,6.838695652173913,1.5144458144033102,7,0.2521739130434782,0.57,0.0865217391304347,0.6455489908895008
all_to_all,0.8,5,0.7635946994328031,0.0145695328718232,7.567826086956522,1.6909502255851374,8,0.2291304347826087,0.4878260869565217,0.0865217391304347,0.6358823131102823
all_to_all,0.8,6,0.6522470870575217,0.0160816159391088,5.944347826086957,1.3703183574469633,6,0.297391304347826,0.5573913043478261,0.0865217391304347,0.5366550075683105
all_to_all,0.8,7,0.7778707000334625,0.0109119071315368,7.026521739130435,1.595834547094818,7,0.2556521739130434,0.4047826086956522,0.0865217391304347,0.4808234418772911
all_to_all,0.8,8,0.6594884039025846,0.0239978118099914,5.903043478260869,1.4890000577645,6,0.2630434782608695,0.5830434782608696,0.0865217391304347,0.6397901119287875
all_to_all,0.8,9,0.7231862854723219,0.0163275117463543,7.253913043478261,1.5664574797666309,7,0.2534782608695652,0.5530434782608695,0.0865217391304347,0.6467260372355261
all_to_all,0.8,10,0.7505563201923239,0.0102162348329158,7.308260869565218,1.5019470035631377,7,0.2669565217391304,0.5134782608695653,0.0865217391304347,0.5653356924614458
all_to_all,0.8,11,0.7585640486874594,0.0104389418286181,7.376086956521739,1.6231591288767575,8,0.2373913043478261,0.5160869565217391,0.0865217391304347,0.6388306363991115
all_to_all,0.8,12,0.7261290620024268,0.020376003152841,6.961304347826087,1.6494473497345448,7,0.2430434782608695,0.5452173913043479,0.0865217391304347,0.6807365884325589
all_to_all,0.8,13,0.6886187574344091,0.017818666013365,6.271739130434782,1.5411970282131864,6,0.2439130434782608,0.6065217391304348,0.0865217391304347,0.7067670289020485
all_to_all,0.8,14,0.7526907450706536,0.0136140583260507,7.773478260869565,1.6435621671702891,8,0.2617391304347826,0.5134782608695653,0.0865217391304347,0.6230430388672402
all_to_all,0.8,15,0.670540323009332,0.0237759232832953,6.161304347826087,1.471047554422494,6,0.2682608695652174,0.5482608695652174,0.0865217391304347,0.5901606430407605
all_to_all,0.8,16,0.7400933325250237,0.0149515019440953,7.570869565217391,1.5988376567219027,8,0.2495652173913043,0.5360869565217391,0.0865217391304347,0.6432096703593642
all_to_all,0.8,17,0.7272997211111296,0.0149343392142868,7.257826086956522,1.566234633213042,7,0.2591304347826087,0.5752173913043478,0.0865217391304347,0.6674682104682047
all_to_all,0.8,18,0.6964371829294514,0.0143807592808473,6.728695652173913,1.5100685396129947,7,0.2565217391304348,0.6117391304347826,0.0865217391304347,0.6868014385995795
all_to_all,0.8,19,0.7347281381163524,0.0139805829033895,7.4943478260869565,1.5831897523861411,8,0.2478260869565217,0.5078260869565218,0.0865217391304347,0.6047365874406512
all_to_all,0.9,0,0.8352681963908829,0.0081919925847597,7.06391304347826,1.5974986946458156,7,0.2517391304347826,0.3547826086956521,0.0865217391304347,0.4240878890675812
all_to_all,0.9,1,0.8695379770571817,0.0064178389331153,7.145217391304348,1.8227424859623824,7,0.1904347826086956,0.2895652173913043,0.0865217391304347,0.4272908095856597
all_to_all,0.9,2,0.798048607792941,0.0086732511351623,6.968260869565217,1.5652035627408454,7,0.2643478260869565,0.3578260869565217,0.0865217391304347,0.4120172042466498
all_to_all,0.9,3,0.8161108763007102,0.0096547267321426,7.661739130434783,1.5261251079090954,8,0.2560869565217391,0.4339130434782609,0.0865217391304347,0.4926233772247557
all_to_all,0.9,4,0.8143614021404721,0.0092073540195453,7.629565217391304,1.618156434262983,8,0.2369565217391304,0.4156521739130435,0.0865217391304347,0.5132155971284379
all_to_all,0.9,5,0.8349319480410652,0.0092914840559556,6.944347826086957,1.828622256584963,8,0.2226086956521739,0.3121739130434782,0.0865217391304347,0.4437724012415305
all_to_all,0.9,6,0.8118382434249078,0.0060886548086892,6.782608695652174,1.4752014376564022,6,0.2673913043478261,0.3352173913043478,0.0865217391304347,0.3622846550901499
all_to_all,0.9,7,0.8574285578070662,0.0061465221286796,5.70695652173913,1.388538282989357,5,0.2843478260869565,0.1813043478260869,0.0865217391304347,0.1801640243878127
all_to_all,0.9,8,0.7916794010005067,0.009050014598553,6.770869565217391,1.6105964680784468,7,0.2439130434782608,0.3726086956521739,0.0865217391304347,0.4537446061508465
all_to_all,0.9,9,0.8155025039654304,0.0083186323840373,6.671304347826087,1.6040039692779309,7,0.2634782608695652,0.3052173913043478,0.0865217391304347,0.360578880617619
all_to_all,0.9,10,0.8369501309037686,0.0069465420884166,6.671304347826087,1.680515718845094,7,0.2752173913043478,0.3052173913043478,0.0865217391304347,0.3717573985198932
all_to_all,0.9,11,0.8418780388013016,0.0081303714975914,7.426956521739131,1.7521078852593244,8,0.2395652173913043,0.3539130434782608,0.0865217391304347,0.4715409213197563
all_to_all,0.9,12,0.8154706012643749,0.0094680639389541,7.055652173913043,1.7371736818050587,7,0.2117391304347826,0.3508695652173913,0.0865217391304347,0.4804618500056117
all_to_all,0.9,13,0.7862204635035149,0.0095691469541608,7.461739130434783,1.5661685515764483,7,0.2508695652173913,0.4869565217391304,0.0865217391304347,0.5713288148008954
all_to_all,0.9,14,0.8369863000852095,0.0061519919915277,7.227391304347826,1.5477998898613543,7,0.2595652173913043,0.3026086956521739,0.0865217391304347,0.3468031459199551
all_to_all,0.9,15,0.8092692997631318,0.0080493565952415,6.309565217391304,1.4725886059142352,6,0.2852173913043478,0.2591304347826087,0.0865217391304347,0.2727557020358151
all_to_all,0.9,16,0.8156194305039117,0.0096664262408626,7.468695652173913,1.838802314238989,7,0.2260869565217391,0.3869565217391304,0.0865217391304347,0.5506674165870441
all_to_all,0.9,17,0.8076185913038402,0.011162949463189,7.584782608695652,1.7438671907080474,7,0.2365217391304347,0.4452173913043478,0.0865217391304347,0.5927645241609948
all_to_all,0.9,18,0.7778373151143411,0.0137911935012358,7.249130434782609,1.6960629937118907,7,0.2295652173913043,0.4939130434782608,0.0865217391304347,0.6453991010870626
all_to_all,0.9,19,0.8400393578776956,0.0071429626275355,7.724347826086957,1.755393740265938,7,0.2147826086956521,0.3308695652173913,0.0865217391304347,0.4560592590786184
all_to_all,1.0,0,0.879239026515318,0.0047226382065712,6.550434782608695,1.4094632905775952,6,0.2647826086956522,0.2260869565217391,0.0865217391304347,0.2342853055108727
all_to_all,1.0,1,0.9030853105834902,0.0041941855994004,4.136521739130435,1.406681598334402,3,0.2908695652173913,0.0843478260869565,0.0865217391304347,0.0841387063388026
all_to_all,1.0,2,0.8663585555577734,0.0055220284666497,5.274347826086957,1.3315382607670645,5,0.3482608695652174,0.1308695652173913,0.0865217391304347,0.1135706495861215
all_to_all,1.0,3,0.8647106555544435,0.0059683950444334,6.789565217391305,1.534834584659999,6,0.2630434782608695,0.2856521739130435,0.0865217391304347,0.323102990922438
all_to_all,1.0,4,0.864677924424421,0.0059977595467534,6.553913043478261,1.744097472172517,6,0.2147826086956521,0.247391304347826,0.0865217391304347,0.3388013207965446
all_to_all,1.0,5,0.8840545082246466,0.0057219207136217,5.4369565217391305,1.578642605649078,6,0.238695652173913,0.13,0.0865217391304347,0.1562375735165664
all_to_all,1.0,6,0.866176470657596,0.0062171080783519,6.428695652173913,1.80305370039354,5,0.1965217391304347,0.2160869565217391,0.0865217391304347,0.3130482981308786
all_to_all,1.0,7,0.9002978619353843,0.0033225557909537,4.064347826086957,0.90469224210781,4,0.3691304347826087,0.0517391304347826,0.0865217391304347,0.0295297368188549
all_to_all,1.0,8,0.8590509768381451,0.0045667586572017,5.96,1.4176404155589268,6,0.2734782608695652,0.1878260869565217,0.0865217391304347,0.1934508369581798
all_to_all,1.0,9,0.871763937868555,0.0054184301994484,6.243478260869566,1.4896238471671797,6,0.2482608695652174,0.1860869565217391,0.0865217391304347,0.2083817633863262
all_to_all,1.0,10,0.8844062610997016,0.0037180931731959,6.173478260869565,1.2218628283348916,6,0.3108695652173913,0.1878260869565217,0.0865217391304347,0.1581538601647954
all_to_all,1.0,11,0.8876431118933769,0.0061717440518569,5.946086956521739,1.592552610912908,5,0.2317391304347826,0.1817391304347826,0.0865217391304347,0.2223570737633709
all_to_all,1.0,12,0.8680191285765199,0.0047243403853703,5.943913043478261,1.3024666869826012,6,0.3365217391304347,0.1626086956521739,0.0865217391304347,0.1405196601196324
all_to_all,1.0,13,0.8434137351636799,0.0065008870513715,7.715217391304348,1.5737614027358215,7,0.2395652173913043,0.3604347826086956,0.0865217391304347,0.4313477718614169
all_to_all,1.0,14,0.8879128951194452,0.0035659216457896,4.629565217391304,1.214833959886913,4,0.3373913043478261,0.0921739130434782,0.0865217391304347,0.074196271964117
all_to_all,1.0,15,0.8761044466213435,0.0045277754712672,3.391739130434783,1.064045406737534,3,0.3434782608695652,0.0543478260869565,0.0865217391304347,0.0379657040108013
all_to_all,1.0,16,0.8693652955531193,0.003877154230423,5.127391304347826,1.0866130761755493,5,0.4369565217391304,0.1239130434782608,0.0865217391304347,0.075811290042716
all_to_all,1.0,17,0.8605793667375683,0.0064641191709914,6.766521739130435,1.4998003017667332,7,0.3391304347826087,0.2682608695652174,0.0865217391304347,0.2658927637527816
all_to_all,1.0,18,0.8448264840139692,0.0078300325715755,6.880434782608695,1.7997728800211803,7,0.2030434782608695,0.3030434782608696,0.0865217391304347,0.4346676065927415
all_to_all,1.0,19,0.8818082541106912,0.0055362249760969,6.237826086956522,1.6022957891229728,7,0.2191304347826086,0.1834782608695652,0.0865217391304347,0.2295650685717456
all_to_all,1.1,0,0.9081053767624274,0.0034174516373887,5.162173913043478,0.9918163246933206,5,0.3943478260869565,0.1260869565217391,0.0865217391304347,0.0757398948703291
all_to_all,1.1,1,0.9246033885332888,0.0033827812046886,4.663913043478261,1.0671385514968228,5,0.3778260869565217,0.0604347826086956,0.0865217391304347,0.0401254188377986
all_to_all,1.1,2,0.9020117881815428,0.0027307107110942,4.231304347826087,1.2312853105872956,5,0.2978260869565217,0.0439130434782608,0.0865217391304347,0.0379661829886684
all_to_all,1.1,3,0.899610390901964,0.0049330501445342,5.463913043478261,1.3055075279300543,5,0.3104347826086956,0.1204347826086956,0.0865217391304347,0.1084193162471677
all_to_all,1.1,4,0.9001932456906843,0.0046122596085968,5.329565217391305,1.394116451566834,6,0.2413043478260869,0.107391304347826,0.0865217391304347,0.1135888672906172
all_to_all,1.1,5,0.9125611314617964,0.0028476039265811,5.030869565217391,1.0510467372368997,5,0.3404347826086956,0.0565217391304347,0.0865217391304347,0.0391827846347251
all_to_all,1.1,6,0.898949352930287,0.0040445833961984,5.04304347826087,1.347903153476955,5,0.3204347826086957,0.0834782608695652,0.0865217391304347,0.0764650944407178
all_to_all,1.1,7,0.9254570845878692,0.0016267653616938,4.447391304347826,0.6347318323944533,5,0.5252173913043479,0.028695652173913,0.0865217391304347,0.0086477115725
all_to_all,1.1,8,0.8963561708940446,0.0031508619991688,4.880434782608695,1.0504904786558953,5,0.3882608695652174,0.0834782608695652,0.0865217391304347,0.0536453125265615
all_to_all,1.1,9,0.903715453269204,0.0032467326426544,4.214347826086956,0.9485289575784388,4,0.4513043478260869,0.0413043478260869,0.0865217391304347,0.0214970017915461
all_to_all,1.1,10,0.9113975334340086,0.0040169339645427,5.517391304347826,1.057952153891841,6,0.43,0.0782608695652174,0.0865217391304347,0.0471938662505557
all_to_all,1.1,11,0.9127394333902296,0.0042095580629523,5.591739130434783,1.2412551577857305,6,0.29,0.1104347826086956,0.0865217391304347,0.0973251987748036
all_to_all,1.1,12,0.904801384565747,0.0027845404950433,3.232173913043478,0.7383940065335635,3,0.5091304347826087,0.0308695652173913,0.0865217391304347,0.0111888330977526
all_to_all,1.1,13,0.8804238377257818,0.0048265703137505,5.958695652173913,1.454390068925731,6,0.2556521739130434,0.1639130434782608,0.0865217391304347,0.1774476864977556
all_to_all,1.1,14,0.9169307991560072,0.0021547422062726,2.943043478260869,0.7716551087145688,3,0.5330434782608696,0.0230434782608695,0.1030434782608695,0.0083032427229476
all_to_all,1.1,15,0.9092795081567346,0.0021621996335169,4.1695652173913045,0.826693141434304,5,0.4078260869565217,0.0321739130434782,0.0865217391304347,0.0157506145422645
all_to_all,1.1,16,0.9085820549864988,0.0016757314009074,2.4456521739130435,0.5949813741107803,3,0.4991304347826087,0.0160869565217391,0.0865217391304347,0.004794043037157
all_to_all,1.1,17,0.8962962664912183,0.0033466414205497,4.918260869565217,1.077160729090555,5,0.4091304347826087,0.1,0.0865217391304347,0.0636461498031599
all_to_all,1.1,18,0.8863352479379316,0.0058140190742659,5.2791304347826085,1.5340764479660585,6,0.2743478260869565,0.1391304347826087,0.0865217391304347,0.1548808232927357
all_to_all,1.1,19,0.9095810479761266,0.004413333818417,5.336086956521739,1.3770170632343537,6,0.3273913043478261,0.087391304347826,0.0865217391304347,0.0809412721476553
all_to_all,1.2,0,0.9260332311051844,0.0030775739308344,6.217826086956522,0.9509421256185848,6,0.4591304347826087,0.097391304347826,0.0865217391304347,0.0500918207329315
all_to_all,1.2,1,0.9407597690070216,0.0019967382594123,4.216521739130434,0.648802299194796,4,0.5373913043478261,0.0217391304347826,0.0865217391304347,0.0065248173733293
all_to_all,1.2,2,0.9252456228793324,0.0012397871354852,3.6156521739130434,0.5839284209183037,4,0.6678260869565218,0.0082608695652173,0.4969565217391304,0.0016023262729922
all_to_all,1.2,3,0.9222053429305824,0.0025424224037318,4.435652173913043,0.8815688884619114,5,0.4017391304347826,0.057391304347826,0.0865217391304347,0.0302686433155204
all_to_all,1.2,4,0.921688476449801,0.0029672359911789,5.3078260869565215,0.8954132226628501,6,0.4152173913043478,0.0460869565217391,0.0865217391304347,0.0241321485680535
all_to_all,1.2,5,0.9324830908908188,0.0010469735712586,3.649565217391305,0.5306065295724816,4,0.6765217391304348,0.0047826086956521,0.6873913043478261,0.0008208855852542
all_to_all,1.2,6,0.9221055841863312,0.0021403184093569,3.1826086956521737,0.6370121655469545,3,0.5634782608695652,0.0256521739130434,0.1256521739130434,0.0071330915140506
all_to_all,1.2,7,0.9409188868734076,0.0014847660496239,2.693043478260869,0.5180602179418804,3,0.7208695652173913,0.0104347826086956,0.2882608695652174,0.0015089362198518
all_to_all,1.2,8,0.9206977923560518,0.0023021681929998,3.2017391304347824,0.7349631885127371,3,0.4582608695652174,0.0304347826086956,0.088695652173913,0.0121178622700072
all_to_all,1.2,9,0.9262348558405836,0.0019014109211661,2.907391304347826,0.7916066073460674,3,0.4847826086956521,0.0152173913043478,0.0969565217391304,0.0062064057083557
all_to_all,1.2,10,0.9305210944761528,0.001577952403339,4.49695652173913,0.5465220850194333,5,0.5213043478260869,0.0221739130434782,0.0865217391304347,0.005801089410186
all_to_all,1.2,11,0.930924359889662,0.0024908675955314,4.633478260869565,0.91033251782284,4,0.3739130434782609,0.0447826086956521,0.117391304347826,0.0255237281774111
all_to_all,1.2,12,0.927127157096482,0.0013961446803646,3.559565217391304,0.5582735675110138,4,0.5921739130434782,0.0082608695652173,0.2773913043478261,0.0018808228212855
all_to_all,1.2,13,0.9109396991747588,0.0028459472369855,3.578695652173913,0.9611487888609768,4,0.5256521739130435,0.0339130434782608,0.1404347826086956,0.0154615958499625
all_to_all,1.2,14,0.9352796723085164,0.0014210736559037,2.7982608695652176,0.4119904196217594,3,0.802608695652174,0.008695652173913,0.4660869565217391,0.0007071594405228
all_to_all,1.2,15,0.9292103142489314,0.0013815034668723,2.787826086956522,0.4141303777245196,3,0.79,0.0069565217391304,0.4660869565217391,0.0006049905518171
all_to_all,1.2,16,0.9295256716091852,0.0015568181499864,1.7043478260869565,0.4563353656835452,2,0.7043478260869566,0.0060869565217391,0.1830434782608695,0.0008212312655984
all_to_all,1.2,17,0.9217493919860944,0.0020326702025184,3.943478260869565,0.9161953878173832,4,0.4052173913043478,0.0360869565217391,0.0865217391304347,0.0196651213605017
all_to_all,1.2,18,0.9091293172389192,0.002905427936447,5.515217391304348,0.958818881954874,5,0.3626086956521739,0.0595652173913043,0.0865217391304347,0.0364028554106855
all_to_all,1.2,19,0.9284954013156472,0.0016907263149899,4.202173913043478,0.6590471153028712,4,0.5247826086956522,0.0113043478260869,0.3117391304347826,0.0035404163666267
all_to_all,1.3,0,0.9394247875857616,0.0019805839351419,4.214347826086956,0.7044351797683546,4,0.5126086956521739,0.0343478260869565,0.0865217391304347,0.011792831172278
all_to_all,1.3,1,0.95169132415437,0.0011345394254061,3.691304347826087,0.5144968360728008,4,0.7169565217391304,0.0078260869565217,0.4782608695652174,0.0011396738554739
all_to_all,1.3,2,0.9404705322876318,7.048736727515539e-08,2.0,0.0,2,1.0,0.0,1.0,0.0
all_to_all,1.3,3,0.9372994920001668,0.0018804952473215,4.425217391304348,0.7089911360531177,5,0.5378260869565218,0.0221739130434782,0.2265217391304347,0.0072658862367221
all_to_all,1.3,4,0.9372777867347624,0.0012835361893055,3.4969565217391305,0.5683609904813535,4,0.5334782608695652,0.01,0.3017391304347826,0.0026515278424853
all_to_all,1.3,5,0.9463666785489784,1.195333783315026e-09,2.0,0.0,2,1.0,0.0,1.0,0.0
all_to_all,1.3,6,0.9370578068418174,0.0011662929697155,3.5256521739130435,0.5045387569631127,4,0.5282608695652173,0.0078260869565217,0.3434782608695652,0.0018626924730748
all_to_all,1.3,7,0.9512973396989298,0.0011300585864317,1.963478260869565,0.3664946609214545,2,0.8643478260869565,0.0052173913043478,0.6543478260869565,0.0002593868191845
all_to_all,1.3,8,0.9355512268404966,0.0016825405983086,2.615217391304348,0.5040994515855446,3,0.6239130434782608,0.0130434782608695,0.278695652173913,0.0024728509965124
all_to_all,1.3,9,0.9413711662954476,5.564340021316094e-07,1.0,0.0,1,1.0,0.0,1.0,0.0
all_to_all,1.3,10,0.9443368484431212,0.0013746118185948,4.679565217391304,0.5652392972343627,5,0.7304347826086957,0.017391304347826,0.4021739130434782,0.0026498932660573
all_to_all,1.3,11,0.9451681988025756,0.0015494795959054,4.57695652173913,0.5997748474843357,5,0.6347826086956522,0.0291304347826086,0.0865217391304347,0.0063809696739477
all_to_all,1.3,12,0.941795373720017,1.1530911039314373e-07,3.0,0.0,3,1.0,0.0,1.0,0.0
all_to_all,1.3,13,0.9307238103183628,0.0010131842177548,2.816521739130435,0.3892982392621723,3,0.8173913043478261,0.0039130434782608,0.6591304347826087,0.0002781753724901
all_to_all,1.3,14,0.9475658385152768,1.1012099954401429e-07,2.0,0.0,2,1.0,0.0,1.0,0.0
all_to_all,1.3,15,0.9428253409999876,3.5458829941057054e-08,3.0,0.0,3,1.0,0.0,1.0,0.0
all_to_all,1.3,16,0.942540551803676,0.0012832362730237,1.8495652173913044,0.3574970752190431,2,0.8495652173913043,0.0034782608695652,0.5313043478260869,0.0001870609052367
all_to_all,1.3,17,0.9374771905499044,0.0015454920256109,2.5817391304347828,0.5379643771454619,3,0.6047826086956521,0.0126086956521739,0.0865217391304347,0.0026807712798967
all_to_all,1.3,18,0.9293981737542608,0.0007398035499186,4.494782608695652,0.5981629090678384,5,0.548695652173913,0.0039130434782608,0.7239130434782609,0.0010563401369689
all_to_all,1.3,19,0.9439348358261862,3.107168851937295e-09,3.0,0.0,3,1.0,0.0,1.0,0.0
all_to_all,1.4,0,0.9506002687404148,0.0015238469377633,3.645217391304348,0.5049741238761636,4,0.6582608695652173,0.0204347826086956,0.148695652173913,0.0035264187140123
all_to_all,1.4,1,0.9603149888232434,2.2848963851338036e-10,4.0,0.0,4,1.0,0.0,1.0,0.0
all_to_all,1.4,2,0.9507655789818332,1.1305408155856068e-12,1.0,0.0,1,1.0,0.0,1.0,0.0
all_to_all,1.4,3,0.9490101241890772,1.2513383581620873e-07,4.0,0.0,4,1.0,0.0,1.0,0.0
all_to_all,1.4,4,0.9490971538115408,1.3699404470242845e-07,2.0,0.0,2,1.0,0.0,1.0,0.0
all_to_all,1.4,5,0.9555120762285704,6.107054590352131e-13,1.0,0.0,1,1.0,0.0,1.0,0.0
all_to_all,1.4,6,0.948904381849728,2.6634293291144953e-10,2.0,0.0,2,1.0,0.0,1.0,0.0
all_to_all,1.4,7,0.9597113032067864,2.0619125977146472e-10,2.0,0.0,2,1.0,0.0,1.0,0.0
all_to_all,1.4,8,0.9472359171508968,8.884355560309442e-09,3.0,0.0,3,1.0,0.0,1.0,0.0
all_to_all,1.4,9,0.951691526037912,6.604025674214389e-11,1.0,0.0,1,1.0,0.0,1.0,0.0
all_to_all,1.4,10,0.9539986882035169,3.3570261759122054e-08,4.0,0.0,4,1.0,0.0,1.0,0.0
all_to_all,1.4,11,0.9542633589908004,0.0013869004217626,3.735217391304348,0.4950833883667204,4,0.7604347826086957,0.0156521739130434,0.3765217391304348,0.0018564224421666
all_to_all,1.4,12,0.95204773929084,1.6813142895130004e-10,3.0,0.0,3,1.0,0.0,1.0,0.0
all_to_all,1.4,13,0.9440127418267776,2.2518685490900215e-10,3.0,0.0,3,1.0,0.0,1.0,0.0
all_to_all,1.4,14,0.9565056938733442,5.128791176294559e-12,2.0,0.0,2,1.0,0.0,1.0,0.0
all_to_all,1.4,15,0.9526179289570034,9.522056056934868e-12,2.0,0.0,2,1.0,0.0,1.0,0.0
all_to_all,1.4,16,0.9524796179805518,6.8224799472712476e-09,2.0,0.0,2,1.0,0.0,1.0,0.0
all_to_all,1.4,17,0.9482165360381706,0.0013177013140693,2.042608695652174,0.4557956959495391,2,0.7904347826086957,0.0082608695652173,0.3482608695652174,0.0007890694685824
all_to_all,1.4,18,0.9436488043633472,8.755417524271442e-11,2.0,0.0,2,1.0,0.0,1.0,0.0
all_to_all,1.4,19,0.9537004780259064,4.99701810550289e-13,3.0,0.0,3,1.0,0.0,1.0,0.0
all_to_all,1.5,0,0.9579858834064144,0.0011695059670477,3.760869565217391,0.5802841361255203,4,0.8382608695652174,0.0121739130434782,0.5,0.0011425784609403
all_to_all,1.5,1,0.9664311778857236,1.7274336882441513e-15,2.0,0.0,2,1.0,0.0,1.0,0.0
all_to_all,1.5,2,0.9583434801409892,3.4295243727309983e-16,1.0,0.0,1,1.0,0.0,1.0,0.0
all_to_all,1.5,3,0.957419325066582,1.801932583064754e-11,3.0,0.0,3,1.0,0.0,1.0,0.0
all_to_all,1.5,4,0.9572972959330712,6.534045678813456e-11,1.0,0.0,1,1.0,0.0,1.0,0.0
all_to_all,1.5,5,0.9622875477271152,2.6009030406085103e-15,1.0,0.0,1,1.0,0.0,1.0,0.0
all_to_all,1.5,6,0.9569957125530874,2.0205750937721585e-13,2.0,0.0,2,1.0,0.0,1.0,0.0
all_to_all,1.5,7,0.9657897779919502,2.95393749837061e-14,2.0,0.0,2,1.0,0.0,1.0,0.0
all_to_all,1.5,8,0.9557763064567164,2.997489273452367e-13,3.0,0.0,3,1.0,0.0,1.0,0.0
all_to_all,1.5,9,0.9591794211048676,2.1487749518944394e-13,1.0,0.0,1,1.0,0.0,1.0,0.0
all_to_all,1.5,10,0.9613069036349176,1.3058527768392754e-12,3.0,0.0,3,1.0,0.0,1.0,0.0
all_to_all,1.5,11,0.9612174153972864,5.306792178881981e-08,3.0,0.0,3,1.0,0.0,1.0,0.0
all_to_all,1.5,12,0.959480988652634,9.035783201092451e-15,1.0,0.0,1,1.0,0.0,1.0,0.0
all_to_all,1.5,13,0.9531227397944896,4.962334512595735e-13,1.0,0.0,1,1.0,0.0,1.0,0.0
all_to_all,1.5,14,0.963094784433138,2.779947676571627e-15,2.0,0.0,2,1.0,0.0,1.0,0.0
all_to_all,1.5,15,0.9598305086345515,4.223498460197021e-14,2.0,0.0,2,1.0,0.0,1.0,0.0
all_to_all,1.5,16,0.9599207646025634,4.0358535215224827e-13,2.0,0.0,2,1.0,0.0,1.0,0.0
all_to_all,1.5,17,0.956587212608836,1.2996865944041398e-08,2.0,0.0,2,1.0,0.0,1.0,0.0
all_to_all,1.5,18,0.9529029424154896,2.4869020068966854e-13,1.0,0.0,1,1.0,0.0,1.0,0.0
all_to_all,1.5,19,0.9608313594135226,7.405454251662019e-15,1.0,0.0,1,1.0,0.0,1.0,0.0
all_to_all,1.6,0,0.9642803447316498,1.672183283082971e-10,3.0,0.0,3,1.0,0.0,1.0,0.0
all_to_all,1.6,1,0.9711051600815274,1.9401645419688782e-16,1.0,0.0,1,1.0,0.0,1.0,0.0
all_to_all,1.6,2,0.9641778009573666,1.303805777330624e-16,1.0,0.0,1,1.0,0.0,1.0,0.0
all_to_all,1.6,3,0.9635858539713326,1.2924305134295188e-14,2.0,0.0,2,1.0,0.0,1.0,0.0
all_to_all,1.6,4,0.9634374740307454,7.625992301248652e-14,1.0,0.0,1,1.0,0.0,1.0,0.0
all_to_all,1.6,5,0.9675244372512892,1.4045241806368364e-16,1.0,0.0,1,1.0,0.0,1.0,0.0
all_to_all,1.6,6,0.963116176797826,9.787089141818253e-16,2.0,0.0,2,1.0,0.0,1.0,0.0
all_to_all,1.6,7,0.9704898430930832,1.9084157710925091e-16,2.0,0.0,2,1.0,0.0,1.0,0.0
all_to_all,1.6,8,0.9621253778834836,1.1655617682275994e-16,3.0,0.0,3,1.0,0.0,1.0,0.0
all_to_all,1.6,9,0.9649193667751036,3.111467684230698e-16,1.0,0.0,1,1.0,0.0,1.0,0.0
all_to_all,1.6,10,0.9667856634739328,1.936063875857885e-15,2.0,0.0,2,1.0,0.0,1.0,0.0
all_to_all,1.6,11,0.9669826484487164,6.522933996187655e-13,2.0,0.0,2,1.0,0.0,1.0,0.0
all_to_all,1.6,12,0.965180497338829,1.8953129129083823e-16,1.0,0.0,1,1.0,0.0,1.0,0.0
all_to_all,1.6,13,0.95994516672495,2.6163314870237366e-16,1.0,0.0,1,1.0,0.0,1.0,0.0
all_to_all,1.6,14,0.9681948629284736,1.7494534530300452e-16,2.0,0.0,2,1.0,0.0,1.0,0.0
all_to_all,1.6,15,0.965406081622017,2.8185712320392034e-16,2.0,0.0,2,1.0,0.0,1.0,0.0
all_to_all,1.6,16,0.9655599153947726,5.700106010750188e-16,2.0,0.0,2,1.0,0.0,1.0,0.0
all_to_all,1.6,17,0.9630028068663978,1.1213808850897113e-12,2.0,0.0,2,1.0,0.0,1.0,0.0
all_to_all,1.6,18,0.9597921151693248,3.075607910709447e-16,1.0,0.0,1,1.0,0.0,1.0,0.0
all_to_all,1.6,19,0.9663103699600544,1.1788202026325167e-16,1.0,0.0,1,1.0,0.0,1.0,0.0
all_to_all,1.7,0,0.9691240891960984,4.9199232604215956e-15,3.0,0.0,3,1.0,0.0,1.0,0.0
all_to_all,1.7,1,0.9748080636404866,1.5259531574883636e-16,1.0,0.0,1,1.0,0.0,1.0,0.0
all_to_all,1.7,2,0.9688019044898548,1.2543661837412744e-16,1.0,0.0,1,1.0,0.0,1.0,0.0
all_to_all,1.7,3,0.9683932895535258,1.8838264919074843e-16,1.0,0.0,1,1.0,0.0,1.0,0.0
all_to_all,1.7,4,0.9682442899283852,1.5333105681409346e-16,1.0,0.0,1,1.0,0.0,1.0,0.0
all_to_all,1.7,5,0.9716866037614031,1.420836554612672e-16,1.0,0.0,1,1.0,0.0,1.0,0.0
all_to_all,1.7,6,0.9679295556481026,1.1609547866876261e-16,2.0,0.0,2,1.0,0.0,1.0,0.0
all_to_all,1.7,7,0.974235674253848,1.4846554147430406e-16,2.0,0.0,2,1.0,0.0,1.0,0.0
all_to_all,1.7,8,0.9670961875426072,2.0729047072438972e-16,3.0,0.0,3,1.0,0.0,1.0,0.0
all_to_all,1.7,9,0.9694593447096782,1.073409764838572e-16,1.0,0.0,1,1.0,0.0,1.0,0.0
all_to_all,1.7,10,0.9710972045043202,4.427839864681103e-16,2.0,0.0,2,1.0,0.0,1.0,0.0
all_to_all,1.7,11,0.9713363109738296,8.013292017406924e-16,2.0,0.0,2,1.0,0.0,1.0,0.0
all_to_all,1.7,12,0.969688651072334,1.595150509541529e-16,1.0,0.0,1,1.0,0.0,1.0,0.0
all_to_all,1.7,13,0.9652688921691954,2.230199417957085e-16,1.0,0.0,1,1.0,0.0,1.0,0.0
all_to_all,1.7,14,0.972254424650106,1.5767342374403146e-16,2.0,0.0,2,1.0,0.0,1.0,0.0
all_to_all,1.7,15,0.9698388823367567,1.7532784028342222e-16,2.0,0.0,2,1.0,0.0,1.0,0.0
all_to_all,1.7,16,0.9700133286908492,1.3860882813345894e-16,2.0,0.0,2,1.0,0.0,1.0,0.0
all_to_all,1.7,17,0.9679220021485796,2.9335986218862864e-15,2.0,0.0,2,1.0,0.0,1.0,0.0
all_to_all,1.7,18,0.9651534941729994,1.3591486356497606e-16,1.0,0.0,1,1.0,0.0,1.0,0.0
all_to_all,1.7,19,0.970650994720468,2.34178920053295e-16,1.0,0.0,1,1.0,0.0,1.0,0.0
all_to_all,1.8,0,0.9729308786061316,2.467919740388213e-16,3.0,0.0,3,1.0,0.0,1.0,0.0
all_to_all,1.8,1,0.9778097977532482,1.6959463495637534e-16,1.0,0.0,1,1.0,0.0,1.0,0.0
all_to_all,1.8,2,0.9725464822625758,1.884679738644935e-16,1.0,0.0,1,1.0,0.0,1.0,0.0
all_to_all,1.8,3,0.9722509992740244,1.1874264970491223e-16,1.0,0.0,1,1.0,0.0,1.0,0.0
all_to_all,1.8,4,0.9721088875356632,1.0058826257056611e-16,1.0,0.0,1,1.0,0.0,1.0,0.0
all_to_all,1.8,5,0.97506421059245,2.1819791017011392e-16,1.0,0.0,1,1.0,0.0,1.0,0.0
all_to_all,1.8,6,0.9718101968315106,2.712079951968317e-16,2.0,0.0,2,1.0,0.0,1.0,0.0
all_to_all,1.8,7,0.9772833710030168,2.8998238870604955e-16,2.0,0.0,2,1.0,0.0,1.0,0.0
all_to_all,1.8,8,0.9710947183397804,1.9675925996310015e-16,2.0,0.0,2,1.0,0.0,1.0,0.0
all_to_all,1.8,9,0.9731315694293524,1.358557058413619e-16,1.0,0.0,1,1.0,0.0,1.0,0.0
all_to_all,1.8,10,0.974577649017794,4.393881160342637e-16,2.0,0.0,2,1.0,0.0,1.0,0.0
all_to_all,1.8,11,0.974819249520481,1.2947314098277876e-16,2.0,0.0,2,1.0,0.0,1.0,0.0
all_to_all,1.8,12,0.9733349566228618,2.032041781255059e-16,1.0,0.0,1,1.0,0.0,1.0,0.0
all_to_all,1.8,13,0.9695361235814066,1.0285369208864344e-16,1.0,0.0,1,1.0,0.0,1.0,0.0
all_to_all,1.8,14,0.9755528148231924,1.5546569860009128e-16,2.0,0.0,2,1.0,0.0,1.0,0.0
all_to_all,1.8,15,0.9734368901738678,1.0726606128816598e-16,2.0,0.0,2,1.0,0.0,1.0,0.0
all_to_all,1.8,16,0.9736149165269596,1.939335706954065e-16,2.0,0.0,2,1.0,0.0,1.0,0.0
all_to_all,1.8,17,0.9718537802644176,1.7479211294873346e-16,2.0,0.0,2,1.0,0.0,1.0,0.0
all_to_all,1.8,18,0.9694446360125364,1.0887768373710498e-16,1.0,0.0,1,1.0,0.0,1.0,0.0
all_to_all,1.8,19,0.97416637327401,2.9523874163340343e-16,1.0,0.0,1,1.0,0.0,1.0,0.0
all_to_all,1.9,0,0.9760279993722882,1.0471264419266291e-16,2.0,0.0,2,1.0,0.0,1.0,0.0
all_to_all,1.9,1,0.9802856369615414,1.4653993110326142e-16,1.0,0.0,1,1.0,0.0,1.0,0.0
all_to_all,1.9,2,0.9756307982541503,1.2142038538976785e-16,1.0,0.0,1,1.0,0.0,1.0,0.0
all_to_all,1.9,3,0.9754099127306664,1.162799769634173e-16,1.0,0.0,1,1.0,0.0,1.0,0.0
all_to_all,1.9,4,0.9752769832835213,1.6976834336678133e-16,1.0,0.0,1,1.0,0.0,1.0,0.0
all_to_all,1.9,5,0.9778508493172942,1.2573532821320764e-16,1.0,0.0,1,1.0,0.0,1.0,0.0
all_to_all,1.9,6,0.9749974540590847,1.2866347177399738e-16,2.0,0.0,2,1.0,0.0,1.0,0.0
all_to_all,1.9,7,0.9798033549107213,1.950907353852295e-16,2.0,0.0,2,1.0,0.0,1.0,0.0
all_to_all,1.9,8,0.9743741309323524,9.903115783003832e-17,2.0,0.0,2,1.0,0.0,1.0,0.0
all_to_all,1.9,9,0.9761541300919658,2.791825339555802e-16,1.0,0.0,1,1.0,0.0,1.0,0.0
all_to_all,1.9,10,0.9774396088037655,2.8347812192474415e-16,1.0,0.0,1,1.0,0.0,1.0,0.0
all_to_all,1.9,11,0.9776714295842256,1.3752198773121518e-16,2.0,0.0,2,1.0,0.0,1.0,0.0
all_to_all,1.9,12,0.9763359559991396,1.3522307979231819e-16,1.0,0.0,1,1.0,0.0,1.0,0.0
all_to_all,1.9,13,0.9730254343638144,1.420270672125728e-16,1.0,0.0,1,1.0,0.0,1.0,0.0
all_to_all,1.9,14,0.9782767405110925,2.0809037468510682e-16,2.0,0.0,2,1.0,0.0,1.0,0.0
all_to_all,1.9,15,0.976405727605423,1.7949642273799944e-16,1.0,0.0,1,1.0,0.0,1.0,0.0
all_to_all,1.9,16,0.976579751241242,1.5343587468447387e-16,2.0,0.0,2,1.0,0.0,1.0,0.0
all_to_all,1.9,17,0.9750675679008423,1.392645574311235e-16,2.0,0.0,2,1.0,0.0,1.0,0.0
all_to_all,1.9,18,0.9729503654067612,1.068405496255921e-16,1.0,0.0,1,1.0,0.0,1.0,0.0
all_to_all,1.9,19,0.9770627379805651,1.1926053989222202e-16,1.0,0.0,1,1.0,0.0,1.0,0.0
all_to_all,2.0,0,0.978596790375697,1.8718401995267974e-16,2.0,0.0,2,1.0,0.0,1.0,0.0
all_to_all,2.0,1,0.9823564152096276,2.0132298545217274e-16,1.0,0.0,1,1.0,0.0,1.0,0.0
all_to_all,2.0,2,0.9782069885982899,1.2740777999914324e-16,1.0,0.0,1,1.0,0.0,1.0,0.0
all_to_all,2.0,3,0.9780376086431124,1.0466145247892506e-16,1.0,0.0,1,1.0,0.0,1.0,0.0
all_to_all,2.0,4,0.9779142619461819,1.2020049488510423e-16,1.0,0.0,1,1.0,0.0,1.0,0.0
all_to_all,2.0,5,0.9801814809822135,1.0143712371760229e-16,1.0,0.0,1,1.0,0.0,1.0,0.0
all_to_all,2.0,6,0.9776543164169478,1.054012988909619e-16,1.0,0.0,1,1.0,0.0,1.0,0.0
all_to_all,2.0,7,0.9819147965323843,1.1425756221757084e-16,2.0,0.0,2,1.0,0.0,1.0,0.0
all_to_all,2.0,8,0.9771050721173359,1.1701506118337015e-16,2.0,0.0,2,1.0,0.0,1.0,0.0
all_to_all,2.0,9,0.9786775406103231,1.058325973785008e-16,1.0,0.0,1,1.0,0.0,1.0,0.0
all_to_all,2.0,10,0.9798277451040864,2.507877749039259e-16,1.0,0.0,1,1.0,0.0,1.0,0.0
all_to_all,2.0,11,0.9800457500461776,2.3633162775199204e-16,2.0,0.0,2,1.0,0.0,1.0,0.0
all_to_all,2.0,12,0.9788411630581808,1.361315552743052e-16,1.0,0.0,1,1.0,0.0,1.0,0.0
all_to_all,2.0,13,0.9759240617652959,1.0316584361692147e-16,1.0,0.0,1,1.0,0.0,1.0,0.0
all_to_all,2.0,14,0.9805566836579969,1.1343377669167002e-16,2.0,0.0,2,1.0,0.0,1.0,0.0
all_to_all,2.0,15,0.9788888899726851,1.907292182080722e-16,1.0,0.0,1,1.0,0.0,1.0,0.0
all_to_all,2.0,16,0.9790554888224703,3.0582213365206585e-16,2.0,0.0,2,1.0,0.0,1.0,0.0
all_to_all,2.0,17,0.9777381083754604,1.3796940467359163e-16,2.0,0.0,2,1.0,0.0,1.0,0.0
all_to_all,2.0,18,0.9758609080663977,1.174265238910541e-16,1.0,0.0,1,1.0,0.0,1.0,0.0
all_to_all,2.0,19,0.9794827709959361,1.023051351528633e-16,1.0,0.0,1,1.0,0.0,1.0,0.0
all_to_all,2.1,0,0.9807579276697511,1.316486226037181e-16,2.0,0.0,2,1.0,0.0,1.0,0.0
all_to_all,2.1,1,0.984108731735136,1.0831015880108509e-16,1.0,0.0,1,1.0,0.0,1.0,0.0
all_to_all,2.1,2,0.9803842475406633,1.4178159047869573e-16,1.0,0.0,1,1.0,0.0,1.0,0.0
all_to_all,2.1,3,0.9802516830902882,1.1073230030642678e-16,1.0,0.0,1,1.0,0.0,1.0,0.0
all_to_all,2.1,4,0.9801375734868598,2.0441373748705215e-16,1.0,0.0,1,1.0,0.0,1.0,0.0
all_to_all,2.1,5,0.9821533357834652,1.5254262702685982e-16,1.0,0.0,1,1.0,0.0,1.0,0.0
all_to_all,2.1,6,0.9798964602776603,1.7897317381767635e-16,1.0,0.0,1,1.0,0.0,1.0,0.0
all_to_all,2.1,7,0.9837038899790819,2.0229226247768349e-16,1.0,0.0,1,1.0,0.0,1.0,0.0
all_to_all,2.1,8,0.9794079939117946,9.992007221626409e-17,2.0,0.0,2,1.0,0.0,1.0,0.0
all_to_all,2.1,9,0.9808094854701931,2.1271332998330953e-16,1.0,0.0,1,1.0,0.0,1.0,0.0
all_to_all,2.1,10,0.9818448535048018,2.4201179051239187e-16,1.0,0.0,1,1.0,0.0,1.0,0.0
all_to_all,2.1,11,0.982048107165517,2.6364303338753466e-16,2.0,0.0,2,1.0,0.0,1.0,0.0
all_to_all,2.1,12,0.980957563989643,1.273867469358552e-16,1.0,0.0,1,1.0,0.0,1.0,0.0
all_to_all,2.1,13,0.9783634995933853,1.0130495802796529e-16,1.0,0.0,1,1.0,0.0,1.0,0.0
all_to_all,2.1,14,0.9824868575946448,1.2550068747767037e-16,2.0,0.0,2,1.0,0.0,1.0,0.0
all_to_all,2.1,15,0.9809898390484009,2.5630443451787354e-16,1.0,0.0,1,1.0,0.0,1.0,0.0
all_to_all,2.1,16,0.9811476008741635,3.57361969509169e-16,2.0,0.0,2,1.0,0.0,1.0,0.0
all_to_all,2.1,17,0.9799867047148589,9.927437839569774e-17,1.0,0.0,1,1.0,0.0,1.0,0.0
all_to_all,2.1,18,0.9783093549424849,1.1919311660978107e-16,1.0,0.0,1,1.0,0.0,1.0,0.0
all_to_all,2.1,19,0.9815287607546815,3.222225717084747e-16,1.0,0.0,1,1.0,0.0,1.0,0.0
all_to_all,2.2,0,0.9825971086646108,1.2611834414656533e-16,2.0,0.0,2,1.0,0.0,1.0,0.0
all_to_all,2.2,1,0.9856064534628849,2.6904551809536336e-16,1.0,0.0,1,1.0,0.0,1.0,0.0
all_to_all,2.2,2,0.9822430686494116,2.8757916548727064e-16,1.0,0.0,1,1.0,0.0,1.0,0.0
all_to_all,2.2,3,0.9821375506322781,1.6533849250190198e-16,1.0,0.0,1,1.0,0.0,1.0,0.0
all_to_all,2.2,4,0.9820320470446796,1.3609218244476895e-16,1.0,0.0,1,1.0,0.0,1.0,0.0
all_to_all,2.2,5,0.9838383051010888,1.63496904372586e-16,1.0,0.0,1,1.0,0.0,1.0,0.0
all_to_all,2.2,6,0.981808530133458,1.4750587854896987e-16,1.0,0.0,1,1.0,0.0,1.0,0.0
all_to_all,2.2,7,0.9852346065789235,1.952829295276374e-16,1.0,0.0,1,1.0,0.0,1.0,0.0
all_to_all,2.2,8,0.9813707335660721,1.2347739174757386e-16,2.0,0.0,2,1.0,0.0,1.0,0.0
all_to_all,2.2,9,0.982629181556336,1.8410966031475738e-16,1.0,0.0,1,1.0,0.0,1.0,0.0
all_to_all,2.2,10,0.9835662772891842,2.3642231525638584e-16,1.0,0.0,1,1.0,0.0,1.0,0.0
all_to_all,2.2,11,0.9837551136483572,1.2770187914066358e-16,2.0,0.0,2,1.0,0.0,1.0,0.0
all_to_all,2.2,12,0.9827638636721155,2.4313851177236744e-16,1.0,0.0,1,1.0,0.0,1.0,0.0
all_to_all,2.2,13,0.9804391583382953,1.0029480726064532e-16,1.0,0.0,1,1.0,0.0,1.0,0.0
all_to_all,2.2,14,0.9841370540006158,2.088230669082917e-16,2.0,0.0,2,1.0,0.0,1.0,0.0
all_to_all,2.2,15,0.9827851170504962,2.465312552682256e-16,1.0,0.0,1,1.0,0.0,1.0,0.0
all_to_all,2.2,16,0.9829336465880296,1.3111835488894759e-16,2.0,0.0,2,1.0,0.0,1.0,0.0
all_to_all,2.2,17,0.9819010001155944,2.029666820891397e-16,1.0,0.0,1,1.0,0.0,1.0,0.0
all_to_all,2.2,18,0.9803920434259464,2.0495048074902066e-16,1.0,0.0,1,1.0,0.0,1.0,0.0
all_to_all,2.2,19,0.9832760828251008,2.022790160865173e-16,1.0,0.0,1,1.0,0.0,1.0,0.0
small_world,0.2,0,0.04534435124447041,0.025060861037635836,0.04521739130434783,0.20986267901980243,0,0.9552173913043478,0.03260869565217391,0.6026086956521739,0.0003064629953014071
small_world,0.2,1,0.04762075133051999,0.021512551133010625,0.035652173913043476,0.18542140223910933,0,0.9643478260869566,0.018260869565217393,0.508695652173913,0.00012071670024233802
small_world,0.2,2,0.053855158620427286,0.024903726797278362,0.029130434782608697,0.17073786272932018,0,0.971304347826087,0.020869565217391306,0.73,0.00010224906900652047
small_world,0.2,3,0.05694253411656316,0.03282167369611884,0.024782608695652172,0.15546199214563786,0,0.9752173913043478,0.01565217391304348,0.8360869565217391,6.030397509714862e-05
small_world,0.2,4,0.05263170778850799,0.028196053906260562,0.026956521739130435,0.16195637583886044,0,0.9730434782608696,0.02434782608695652,0.9273913043478261,0.00010629727032277931
small_world,0.2,5,0.06331902165017045,0.03257449980229317,0.03826086956521739,0.1940786970347908,0,0.9621739130434782,0.022608695652173914,0.5678260869565217,0.00016597581554263555
small_world,0.2,6,0.05389902470721245,0.027856489425879677,0.014782608695652174,0.12423223572485005,0,0.9856521739130435,0.014347826086956521,0.9121739130434783,2.557446391939286e-05
small_world,0.2,7,0.06131039325606078,0.02652830414733731,0.02217391304347826,0.1613383299491322,0,0.98,0.015217391304347827,0.798695652173913,4.910297321128514e-05
small_world,0.2,8,0.050973192226600725,0.028524263444613028,0.023043478260869565,0.1500415821381206,0,0.9769565217391304,0.019130434782608695,0.8960869565217391,6.614309788963454e-05
small_world,0.2,9,0.055338260277685035,0.01940100797390033,0.023478260869565216,0.15426145777055644,0,0.9769565217391304,0.016956521739130436,0.8878260869565218,6.0275699814028824e-05
small_world,0.2,10,0.07242301305898692,0.03829328465196377,0.04173913043478261,0.19999243842038336,0,0.9582608695652174,0.026956521739130435,0.5721739130434783,0.00022501985588590782
small_world,0.2,11,0.06709814822994047,0.033732914504123954,0.04043478260869565,0.20349080228908895,0,0.9608695652173913,0.027391304347826086,0.7052173913043478,0.000218108296994656
small_world,0.2,12,0.048344575843825746,0.028423270239221244,0.03260869565217391,0.18004147810276694,0,0.9678260869565217,0.02217391304347826,0.672608695652174,0.0001284454761820231
small_world,0.2,13,0.05689693012645113,0.02335916878735631,0.02826086956521739,0.1657172073643385,0,0.9717391304347827,0.021739130434782608,0.7969565217391305,0.0001018111434232177
small_world,0.2,14,0.06303904635356322,0.031128930162473117,0.023478260869565216,0.15141674985319778,0,0.9765217391304348,0.02,0.8156521739130435,7.110004261650338e-05
small_world,0.2,15,0.05240550550826974,0.03102637977020834,0.028695652173913042,0.1669497281226503,0,0.971304347826087,0.021739130434782608,0.7230434782608696,0.00010414633802414255
small_world,0.2,16,0.05039439346318534,0.031750720265781,0.017826086956521738,0.1323189993173326,0,0.9821739130434782,0.021739130434782608,0.9447826086956522,5.127674122461511e-05
small_world,0.2,17,0.05999794878030997,0.027940847975143162,0.049130434782608694,0.2201267035038301,0,0.9517391304347826,0.02826086956521739,0.4356521739130435,0.0003002295315649301
small_world,0.2,18,0.06129512770029573,0.023907815272346523,0.03173913043478261,0.17530475759096345,0,0.9682608695652174,0.022608695652173914,0.7656521739130435,0.00012579525316615614
small_world,0.2,19,0.0652299735188634,0.03692894224075563,0.03391304347826087,0.18339169604345165,0,0.9665217391304348,0.02782608695652174,0.7165217391304348,0.0001708420246844609
small_world,0.3,0,0.06949448237126903,0.026694775550148833,0.028695652173913042,0.1669497281226503,0,0.971304347826087,0.01652173913043478,0.7626086956521739,7.915121804812386e-05
small_world,0.3,1,0.04560442749794876,0.03171624921683786,0.017391304347826087,0.13072431633367745,0,0.9826086956521739,0.01391304347826087,0.8621739130434782,3.163083873983825e-05
small_world,0.3,2,0.06438264447687243,0.039350404415750724,0.028695652173913042,0.1669497281226503,0,0.971304347826087,0.020869565217391306,0.7617391304347826,9.998048469480612e-05
small_world,0.3,3,0.06046348343956968,0.04236048198932409,0.022608695652173914,0.14865242188770855,0,0.9773913043478261,0.019130434782608695,0.8704347826086957,6.429428337578585e-05
small_world,0.3,4,0.08072370586980325,0.028509881552368572,0.02434782608695652,0.15412660202507494,0,0.9756521739130435,0.018260869565217393,0.8121739130434783,6.852661395358838e-05
small_world,0.3,5,0.057968854997252836,0.034547776897344146,0.029565217391304348,0.16938451910345662,0,0.9704347826086956,0.018260869565217393,0.7917391304347826,9.144843346903799e-05
small_world,0.3,6,0.04592647768192389,0.030621216077818602,0.012608695652173913,0.1115782973795745,0,0.9873913043478261,0.009565217391304347,0.9760869565217392,1.3456892470782807e-05
small_world,0.3,7,0.06246242568545604,0.03311948416340326,0.026521739130434784,0.1660044183710619,0,0.9743478260869565,0.018695652173913044,0.7656521739130435,7.961308732215207e-05
small_world,0.3,8,0.045541301185329355,0.03545999296803707,0.023043478260869565,0.1529118752350572,0,0.9773913043478261,0.019130434782608695,0.8686956521739131,6.613655743403999e-05
small_world,0.3,9,0.0642173685059289,0.03305031765771534,0.024782608695652172,0.15546199214563786,0,0.9752173913043478,0.01652173913043478,0.8004347826086956,6.365419572183723e-05
small_world,0.3,10,0.08083929352762648,0.05480028834461301,0.044782608695652176,0.2089179070148262,0,0.9556521739130435,0.03130434782608696,0.5795652173913044,0.00029003651382401234
small_world,0.3,11,0.08417926758050365,0.03806077126886406,0.04608695652173913,0.21173689847944258,0,0.9543478260869566,0.021304347826086957,0.5626086956521739,0.00020593315572990396
small_world,0.3,12,0.06972340396335823,0.03543304892998354,0.035652173913043476,0.18542140223910933,0,0.9643478260869566,0.02608695652173913,0.6560869565217391,0.00017245242608447884
small_world,0.3,13,0.066449287519788,0.022722184149374332,0.026956521739130435,0.16195637583886044,0,0.9730434782608696,0.01652173913043478,0.8308695652173913,7.213029197945829e-05
small_world,0.3,14,0.05421234725261171,0.02438201234197765,0.02217391304347826,0.1558554659804796,0,0.9791304347826087,0.015217391304347827,0.8260869565217391,4.949663517082203e-05
small_world,0.3,15,0.06083198080662587,0.020281803178336645,0.033478260869565214,0.17988181375201484,0,0.9665217391304348,0.02434782608695652,0.7356521739130435,0.0001466257869103509
small_world,0.3,16,0.07266360257818247,0.03647008086850965,0.04043478260869565,0.19697667619310458,0,0.9595652173913043,0.022608695652173914,0.5778260869565217,0.00018007169153178945
small_world,0.3,17,0.07094013259419998,0.03530037014251023,0.04173913043478261,0.19999243842038333,0,0.9582608695652174,0.02782608695652174,0.7930434782608695,0.0002322785606452109
small_world,0.3,18,0.05727068192275573,0.027644896208239567,0.02391304347826087,0.15277830287664435,0,0.9760869565217392,0.014782608695652174,0.8017391304347826,5.4006700511489586e-05
small_world,0.3,19,0.07074888115536582,0.03990614005861312,0.02826086956521739,0.16571720736433848,0,0.9717391304347827,0.02,0.7560869565217392,9.366625232402526e-05
small_world,0.4,0,0.07055580486385796,0.04399711650719136,0.022608695652173914,0.14865242188770855,0,0.9773913043478261,0.01652173913043478,0.8626086956521739,5.55268815555656e-05
small_world,0.4,1,0.07242206213408281,0.035176799858825394,0.030434782608695653,0.17178040230555142,0,0.9695652173913043,0.01608695652173913,0.7078260869565217,8.410420975955079e-05
small_world,0.4,2,0.07207907021247667,0.034078146245466914,0.01,0.09949874371066199,0,0.99,0.009565217391304347,1.0,9.517272132529026e-06
small_world,0.4,3,0.09079059643685698,0.04224977594158225,0.0391304347826087,0.19833903874707903,0,0.9617391304347827,0.02608695652173913,0.7673913043478261,0.00019796411431538706
small_world,0.4,4,0.09541594457501901,0.04527920573149149,0.05391304347826087,0.22776301815387706,0,0.9465217391304348,0.03130434782608696,0.6152173913043478,0.00038129855448107604
small_world,0.4,5,0.07574182467853652,0.045918737350571566,0.023478260869565216,0.15426145777055644,0,0.9769565217391304,0.019130434782608695,0.7904347826086957,6.80033531806068e-05
small_world,0.4,6,0.07704697440713211,0.032382155958550735,0.036521739130434785,0.192164076081108,0,0.9643478260869566,0.023478260869565216,0.6734782608695652,0.00016085114652727593
small_world,0.4,7,0.08156991416391778,0.03606525805010171,0.03956521739130435,0.1993462851393669,0,0.961304347826087,0.02217391304347826,0.5213043478260869,0.00017104590341281102
small_world,0.4,8,0.054755605609963835,0.02776543373319122,0.0391304347826087,0.19390524453024138,0,0.9608695652173913,0.025217391304347827,0.6273913043478261,0.0001913393982204623
small_world,0.4,9,0.08026145013643152,0.04009706993189333,0.029130434782608697,0.1732656428342546,0,0.9717391304347827,0.024782608695652172,0.7039130434782609,0.00012135146173991034
small_world,0.4,10,0.09961573336140601,0.04245671329008196,0.03869565217391304,0.19510987646487787,0,0.9617391304347827,0.028695652173913042,0.6617391304347826,0.00021421516105827001
small_world,0.4,11,0.09387611952148917,0.0449507446731226,0.07086956521739131,0.25997346091105494,0,0.93,0.03695652173913044,0.37869565217391304,0.0006725400583810883
small_world,0.4,12,0.06740846433001235,0.03554474207326151,0.04217391304347826,0.2094601035320202,0,0.9595652173913043,0.03,0.5443478260869565,0.0002540842210148377
small_world,0.4,13,0.05544416780911845,0.027767902995818047,0.022608695652173914,0.1599243677575325,0,0.9791304347826087,0.014782608695652174,0.8995652173913044,4.933772889148252e-05
small_world,0.4,14,0.08366243626675743,0.03192355351718149,0.03434782608695652,0.1868346417687023,0,0.9665217391304348,0.022608695652173914,0.698695652173913,0.00014141511129117169
small_world,0.4,15,0.06361495673914343,0.03429188412829048,0.043478260869565216,0.20393111999232305,0,0.9565217391304348,0.02782608695652174,0.5508695652173913,0.0002467219687816681
small_world,0.4,16,0.07743544339977572,0.03877954921078628,0.034782608695652174,0.18322876091917803,0,0.9652173913043478,0.022608695652173914,0.65,0.0001440891642982747
small_world,0.4,17,0.06945549302797047,0.041526351899534804,0.049565217391304345,0.22101501544248006,0,0.951304347826087,0.03304347826086956,0.5573913043478261,0.0003556294647220903
small_world,0.4,18,0.07827120692028756,0.028875481761891326,0.03304347826086956,0.17875012393084658,0,0.9669565217391304,0.019130434782608695,0.7582608695652174,0.00011299441317018403
small_world,0.4,19,0.07228705155118319,0.03780901451273848,0.03217391304347826,0.17646175892512508,0,0.9678260869565217,0.01652173913043478,0.7969565217391305,9.380160607395904e-05
small_world,0.5,0,0.10128152228141588,0.04247933123823516,0.05565217391304348,0.22924879378482202,0,0.9443478260869566,0.03304347826086956,0.48739130434782607,0.0004215751102891478
small_world,0.5,1,0.06389321041088784,0.02993775472545683,0.04608695652173913,0.20967343408334416,0,0.9539130434782609,0.02608695652173913,0.5626086956521739,0.00025208376028137074
small_world,0.5,2,0.07451928015089758,0.04504949994344848,0.04173913043478261,0.19999243842038333,0,0.9582608695652174,0.029565217391304348,0.66,0.0002467959701638172
small_world,0.5,3,0.13395029673907446,0.06613300812192947,0.07434782608695652,0.27209854491975516,0,0.9282608695652174,0.0408695652173913,0.36043478260869566,0.0007977785510334219
small_world,0.5,4,0.06944484137838139,0.031738001294443895,0.043043478260869565,0.20295501284786147,0,0.9569565217391305,0.028695652173913042,0.6056521739130435,0.0002506820605218869
small_world,0.5,5,0.10920563776542157,0.04772320837317794,0.07,0.2568454111277663,0,0.9304347826086956,0.03956521739130435,0.40391304347826085,0.0007069318110660475
small_world,0.5,6,0.056254116868505885,0.031854193074526686,0.023478260869565216,0.15141674985319775,0,0.9765217391304348,0.019130434782608695,0.8343478260869566,6.800873657035113e-05
small_world,0.5,7,0.12057827967406752,0.051057096017952594,0.06130434782608696,0.24348563653424757,0,0.9395652173913044,0.033478260869565214,0.3734782608695652,0.0004926326740393966
small_world,0.5,8,0.07681903549220746,0.037272203078776565,0.03,0.17058722109231983,0,0.97,0.021739130434782608,0.801304347826087,0.00011125254061260791
small_world,0.5,9,0.08098355248654258,0.04541732263250055,0.050434782608695654,0.2188403877530591,0,0.9495652173913044,0.029565217391304348,0.42782608695652175,0.0003263162640799138
small_world,0.5,10,0.12389964303313056,0.047400813588198025,0.06565217391304348,0.25799100231962124,0,0.9369565217391305,0.03391304347826087,0.4852173913043478,0.000551583803832687
small_world,0.5,11,0.111582585588713,0.06437404244207041,0.06130434782608696,0.24526479652791391,0,0.94,0.04,0.3869565217391304,0.0005886355263828817
small_world,0.5,12,0.0836056088214029,0.04799797251349551,0.03695652173913044,0.1886550747795447,0,0.9630434782608696,0.02608695652173913,0.5660869565217391,0.00018187919059692726
small_world,0.5,13,0.10325194762282344,0.043157484062074924,0.07652173913043478,0.2706932917954606,0,0.9247826086956522,0.044782608695652176,0.44956521739130434,0.0009118116964484256
small_world,0.5,14,0.11171661341217892,0.027465791306664884,0.05478260869565217,0.22755543166479508,0,0.9452173913043478,0.0391304347826087,0.41695652173913045,0.0004878031495320118
small_world,0.5,15,0.07830921850168243,0.030729543553796104,0.04434782608695652,0.205866695723999,0,0.9556521739130435,0.028695652173913042,0.5734782608695652,0.0002619838646333248
small_world,0.5,16,0.08776418969263737,0.041156020540056,0.036521739130434785,0.1875843855477402,0,0.9634782608695652,0.022608695652173914,0.7421739130434782,0.00015489010062643332
small_world,0.5,17,0.08185079912736044,0.04031068890746016,0.06304347826086956,0.26198132662643187,0,0.9417391304347826,0.03130434782608696,0.57,0.00047780641210481257
small_world,0.5,18,0.06989579610005868,0.03555311813060316,0.03304347826086956,0.17875012393084658,0,0.9669565217391304,0.027391304347826086,0.7813043478260869,0.00016178745267040007
small_world,0.5,19,0.09314101038503567,0.04034104083234682,0.043043478260869565,0.20295501284786147,0,0.9569565217391305,0.028695652173913042,0.6721739130434783,0.0002506820605218869
small_world,0.6,0,0.09194101432386513,0.05927644180213851,0.07434782608695652,0.267261898697278,0,0.9269565217391305,0.034782608695652174,0.54,0.0006790170173462029
small_world,0.6,1,0.14849472827048485,0.08175812374753241,0.09304347826086956,0.32308882588846777,0,0.9169565217391304,0.0391304347826087,0.5391304347826087,0.0010498860224868963
small_world,0.6,2,0.120060334569163,0.03963752271834326,0.07173913043478261,0.2630614438708527,0,0.9295652173913044,0.041304347826086954,0.4578260869565217,0.000765314880754086
small_world,0.6,3,0.08192066151837779,0.05442578146181496,0.04652173913043478,0.21061212433930426,0,0.9534782608695652,0.029565217391304348,0.5221739130434783,0.00028968126059062787
small_world,0.6,4,0.07979335119671607,0.03619914098822104,0.04782608695652174,0.22139786185172203,0,0.9539130434782609,0.02782608695652174,0.5886956521739131,0.00028392498086557286
small_world,0.6,5,0.09857970027661724,0.051355142896590586,0.07,0.2618745135929902,0,0.9317391304347826,0.036521739130434785,0.5321739130434783,0.0006528546653737696
small_world,0.6,6,0.09870561583657851,0.05891200630113253,0.05565217391304348,0.23113756654682324,0,0.9447826086956522,0.03130434782608696,0.5973913043478261,0.00039953156446492116
small_world,0.6,7,0.12324407689221654,0.05972719359362871,0.07260869565217391,0.26773961054506,0,0.9295652173913044,0.03826086956521739,0.44478260869565217,0.0007215304324556054
small_world,0.6,8,0.09763689801797507,0.043242219471416016,0.06217391304347826,0.24681372172655672,0,0.9391304347826087,0.03217391304347826,0.5026086956521739,0.00048336299367885544
small_world,0.6,9,0.07000022550333387,0.05360139737913625,0.06260869565217392,0.25451091018391825,0,0.9404347826086956,0.03434782608695652,0.538695652173913,0.0005207129794171903
small_world,0.6,10,0.10245418894261986,0.047864732768602015,0.06695652173913043,0.2516801763212969,0,0.9334782608695652,0.03391304347826087,0.5243478260869565,0.0005677790761407584
small_world,0.6,11,0.12237053509852133,0.05943959600729861,0.049565217391304345,0.21704494146663977,0,0.9504347826086956,0.028695652173913042,0.6339130434782608,0.00030870438497243515
small_world,0.6,12,0.08908649418365529,0.052694761768082694,0.03,0.1780693562974099,0,0.971304347826087,0.02043478260869565,0.778695652173913,0.00010441799059839189
small_world,0.6,13,0.10577544809039165,0.04470349507359049,0.06304347826086956,0.25695431471133395,0,0.9404347826086956,0.03956521739130435,0.33608695652173914,0.0006055670174806251
small_world,0.6,14,0.1264801035176495,0.05907333676918765,0.08739130434782609,0.2885001302283535,0,0.9143478260869565,0.04391304347826087,0.45130434782608697,0.001085120457820975
small_world,0.6,15,0.12768011183459674,0.045914030433108606,0.08478260869565217,0.2907766147707593,0,0.918695652173913,0.04652173913043478,0.4491304347826087,0.0010998392079416156
small_world,0.6,16,0.13405452849494243,0.04199792618332365,0.04826086956521739,0.22031898167475353,0,0.9530434782608695,0.035652173913043476,0.6752173913043479,0.0003688364756973257
small_world,0.6,17,0.1327324215666953,0.05197868892891092,0.07434782608695652,0.267261898697278,0,0.9269565217391305,0.03434782608695652,0.30782608695652175,0.000670529304873397
small_world,0.6,18,0.12493936667094312,0.06705357509563895,0.08478260869565217,0.28777058442926357,0,0.9178260869565218,0.04869565217391304,0.46,0.0011515175531743894
small_world,0.6,19,0.1481973469747864,0.06166061046350563,0.07304347826086957,0.27004725484398334,0,0.9295652173913044,0.04043478260869565,0.43521739130434783,0.0007690986847068164
small_world,0.7,0,0.09610664819594414,0.050107931977025205,0.08391304347826087,0.28651184254202167,0,0.9182608695652174,0.04173913043478261,0.5230434782608696,0.0009774982718499302
small_world,0.7,1,0.19779769188737442,0.06163765043479674,0.1673913043478261,0.4336670471115745,0,0.8547826086956521,0.056956521739130433,0.35391304347826086,0.0035868938208814477
small_world,0.7,2,0.13155726010813062,0.06275369128063016,0.06,0.26186621210740085,0,0.9460869565217391,0.03304347826086956,0.5878260869565217,0.0004665079882012078
small_world,0.7,3,0.15055104767521033,0.08938242411660949,0.25478260869565217,0.5574387824858275,0,0.7960869565217391,0.09173913043478261,0.3034782608695652,0.010427898880401553
small_world,0.7,4,0.10090823697454655,0.05754402811500234,0.04608695652173913,0.21173689847944258,0,0.9543478260869566,0.02782608695652174,0.548695652173913,0.0002689739147289818
small_world,0.7,5,0.11592732953145836,0.05980084183996115,0.057391304347826085,0.24884458903018772,0,0.9465217391304348,0.03391304347826087,0.46608695652173915,0.0004513071942445661
small_world,0.7,6,0.12366582813525497,0.04839337633797163,0.07565217391304348,0.2772822465186052,0,0.9278260869565217,0.03695652173913044,0.3352173913043478,0.0007395940650744583
small_world,0.7,7,0.19750285705665885,0.06549465672245815,0.1391304347826087,0.3773351991956023,0,0.8721739130434782,0.05956521739130435,0.2791304347826087,0.0028730259751142784
small_world,0.7,8,0.14183140351381548,0.04594725699527484,0.08391304347826087,0.295476610277653,0,0.9204347826086956,0.04217391304347826,0.44565217391304346,0.0009914944108515551
small_world,0.7,9,0.1337751076414612,0.06674976753140634,0.12608695652173912,0.4104264921786136,0,0.8991304347826087,0.04869565217391304,0.542608695652174,0.0020159777300137382
small_world,0.7,10,0.1005652744653616,0.05091648553411244,0.05608695652173913,0.23569027447487434,0,0.9452173913043478,0.024782608695652172,0.5243478260869565,0.00031998631750124575
small_world,0.7,11,0.11038101817724134,0.04981686992256035,0.044782608695652176,0.20682632002253548,0,0.9552173913043478,0.026521739130434784,0.6534782608695652,0.0002456502490923907
small_world,0.7,12,0.12051206876238997,0.06614798309907877,0.06391304347826086,0.24812758167198867,0,0.9369565217391305,0.03217391304347826,0.6743478260869565,0.0005032909327204132
small_world,0.7,13,0.07155759763625723,0.04053295326739997,0.05565217391304348,0.23113756654682324,0,0.9447826086956522,0.026956521739130435,0.6895652173913044,0.00034404107117296174
small_world,0.7,14,0.11714930598706766,0.04569009944950479,0.06956521739130435,0.2709641121892675,0,0.9347826086956522,0.027391304347826086,0.4143478260869565,0.00048404743925731475
small_world,0.7,15,0.14001718267189806,0.053614098931239265,0.08478260869565217,0.2907766147707593,0,0.918695652173913,0.04173913043478261,0.2917391304347826,0.0009867716282472012
small_world,0.7,16,0.12429030918827802,0.05249892108604232,0.08739130434782609,0.3046268906926657,0,0.9191304347826087,0.03826086956521739,0.5169565217391304,0.0009425582376515946
small_world,0.7,17,0.11725704460233521,0.05570915531515583,0.07695652173913044,0.2761369348806729,0,0.9256521739130434,0.036521739130434785,0.5730434782608695,0.0007497979283989876
small_world,0.7,18,0.10018676997337998,0.04756247806179789,0.07608695652173914,0.28413467612682153,0,0.9291304347826087,0.04043478260869565,0.34347826086956523,0.0008142150589657046
small_world,0.7,19,0.17993723231701866,0.053755844909421785,0.12260869565217392,0.3279875049489637,0,0.8773913043478261,0.052608695652173916,0.25565217391304346,0.0021156124492629938
small_world,0.8,0,0.1322600041484439,0.05100632456697224,0.07608695652173914,0.271617364022559,0,0.9256521739130434,0.03,0.5360869565217391,0.0006058248364705642
small_world,0.8,1,0.2513207808893606,0.09454111504165705,0.5021739130434782,0.7669785809703534,0,0.6182608695652174,0.11478260869565217,0.17391304347826086,0.03360671092421865
small_world,0.8,2,0.2105010302665504,0.05643571806772179,0.21217391304347827,0.4589492396081096,0,0.8082608695652174,0.08521739130434783,0.22391304347826088,0.0074990050926803
small_world,0.8,3,0.11293735429032624,0.0597996094506999,0.07739130434782608,0.27364237834943156,0,0.9243478260869565,0.03695652173913044,0.4682608695652174,0.0007650606588468378
small_world,0.8,4,0.2775245836099844,0.06541549856114066,0.3973913043478261,0.6278965394650712,0,0.672608695652174,0.13391304347826086,0.08652173913043479,0.02752821892369587
small_world,0.8,5,0.1350428176782211,0.06391182335573134,0.08521739130434783,0.3115859789949448,0,0.9217391304347826,0.029130434782608697,0.5408695652173913,0.000710345375364013
small_world,0.8,6,0.11544335210002267,0.03824994184430592,0.06956521739130435,0.2677357272754896,0,0.9339130434782609,0.03956521739130435,0.46217391304347827,0.0007000606187665373
small_world,0.8,7,0.20200075887824814,0.08168161917323617,0.18695652173913044,0.4311807326360923,0,0.83,0.06652173913043478,0.19434782608695653,0.004876091749763666
small_world,0.8,8,0.12190084177628131,0.08764468683278274,0.11652173913043479,0.3628223747432988,0,0.8960869565217391,0.04782608695652174,0.34652173913043477,0.0018031380777778431
small_world,0.8,9,0.2194275313353557,0.09946764291582387,0.21913043478260869,0.4537564280869702,0,0.7982608695652174,0.09260869565217392,0.19608695652173913,0.008477439656888526
small_world,0.8,10,0.1867248061592856,0.08761939737321359,0.21913043478260869,0.5080047333182282,0,0.8195652173913044,0.08478260869565217,0.36869565217391304,0.007771320137744447
small_world,0.8,11,0.10929468548754877,0.07359359277419375,0.08043478260869565,0.30081018514309366,0,0.9265217391304348,0.034782608695652174,0.46043478260869564,0.0007688003440566247
small_world,0.8,12,0.1637908498517593,0.06120398187805514,0.06913043478260869,0.2553839912499753,0,0.931304347826087,0.03869565217391304,0.3182608695652174,0.0006788676328475793
small_world,0.8,13,0.13181763636938845,0.08380837102765401,0.12347826086956522,0.3747069428308889,0,0.8926086956521739,0.05,0.42,0.00201201340718004
small_world,0.8,14,0.26745006320222786,0.1005074557840943,0.5817391304347826,0.8412291843741051,0,0.6056521739130435,0.16956521739130434,0.21043478260869566,0.05625103991371274
small_world,0.8,15,0.129097256745446,0.04243238548509715,0.06521739130434782,0.26882788360192544,0,0.9391304347826087,0.03608695652173913,0.4608695652173913,0.0005905066340296693
small_world,0.8,16,0.10650485682694247,0.05229999593574958,0.07565217391304348,0.2677088958739637,0,0.9252173913043479,0.034782608695652174,0.37521739130434784,0.0006963467888717158
small_world,0.8,17,0.14555004354701653,0.05555889144116952,0.08826086956521739,0.28367391221049754,0,0.9117391304347826,0.04173913043478261,0.2773913043478261,0.0010450354127798725
small_world,0.8,18,0.08965856423369635,0.03671777646874112,0.058260869565217394,0.239739934710294,0,0.9430434782608695,0.02826086956521739,0.46608695652173915,0.0003858952015674474
small_world,0.8,19,0.16114915491502071,0.06829798760266997,0.10782608695652174,0.3157180431931814,0,0.8939130434782608,0.049565217391304345,0.33217391304347826,0.001660115929422023
small_world,0.9,0,0.22628823263148415,0.06906625744888928,0.28695652173913044,0.5527042985068071,0,0.7604347826086957,0.09608695652173913,0.2608695652173913,0.012722751575409178
small_world,0.9,1,0.5105423454253283,0.13356416090314874,3.8482608695652174,2.3943813799845324,5,0.18608695652173912,0.3517391304347826,0.08652173913043479,0.685475633736118
small_world,0.9,2,0.40681549990722504,0.07288091681712998,1.7769565217391305,1.4362660973710504,1,0.25782608695652176,0.3378260869565217,0.08652173913043479,0.3601088364763603
small_world,0.9,3,0.14774583488149132,0.07935752888581442,0.09652173913043478,0.3138624552758071,0,0.908695652173913,0.03260869565217391,0.5882608695652174,0.0009344676412456575
small_world,0.9,4,0.20660626877082786,0.09002620868591805,0.23043478260869565,0.4735938294698414,0,0.792608695652174,0.07608695652173914,0.29130434782608694,0.00747320329576083
small_world,0.9,5,0.19945821265168834,0.0832216964966717,0.29782608695652174,0.6564029549898984,0,0.7895652173913044,0.06739130434782609,0.35391304347826086,0.009308761893015114
small_world,0.9,6,0.18435955626711717,0.08995782843537163,0.30826086956521737,0.5750020958291713,0,0.7404347826086957,0.09521739130434782,0.14695652173913043,0.014211247600099945
small_world,0.9,7,0.22252747828075375,0.09478365819939168,0.27695652173913043,0.5326629963446478,0,0.7582608695652174,0.07086956521739131,0.23608695652173914,0.009125554388259391
small_world,0.9,8,0.15040902447675722,0.08229621144169873,0.14478260869565218,0.3883003047308414,0,0.8686956521739131,0.04869565217391304,0.2908695652173913,0.002482773114731449
small_world,0.9,9,0.23343447367170014,0.08974905251771044,0.33260869565217394,0.6038119300584474,0,0.7295652173913043,0.10478260869565217,0.21391304347826087,0.017110135501594466
small_world,0.9,10,0.28618141573911654,0.1407435390567999,0.76,1.1838625067053221,0,0.5795652173913044,0.13826086956521738,0.3,0.06881754756520894
small_world,0.9,11,0.2872830569715413,0.06352219070850351,0.6004347826086956,0.8021166469485029,0,0.5573913043478261,0.1617391304347826,0.08652173913043479,0.05742124151434521
small_world,0.9,12,0.1187755837944571,0.057993479897382266,0.06695652173913043,0.26017443617710717,0,0.9356521739130435,0.027391304347826086,0.4334782608695652,0.00045857590387121477
small_world,0.9,13,0.17458295250874709,0.07620206442058329,0.14608695652173914,0.3735346922999345,0,0.861304347826087,0.06782608695652174,0.27652173913043476,0.0035139093954019546
small_world,0.9,14,0.287848994413222,0.07578070355707335,0.46652173913043476,0.6680348122642826,0,0.6186956521739131,0.1265217391304348,0.08652173913043479,0.03222819691512737
small_world,0.9,15,0.19539682315138113,0.0937485589895527,0.2426086956521739,0.5825820889446981,0,0.82,0.07217391304347825,0.31,0.007568501329937637
small_world,0.9,16,0.17347317765871845,0.10129744771189499,0.20565217391304347,0.4461070848920988,0,0.8108695652173913,0.07391304347826087,0.36869565217391304,0.006236222944064433
small_world,0.9,17,0.20921530255692156,0.08346223488670794,0.28130434782608693,0.5559934653027473,0,0.7665217391304348,0.09826086956521739,0.14869565217391303,0.012755478189561352
small_world,0.9,18,0.1367741008287947,0.053902974366372064,0.1082608695652174,0.31210578159270247,0,0.8921739130434783,0.04782608695652174,0.2691304347826087,0.00160949827974935
small_world,0.9,19,0.1417122232884369,0.08957863896670455,0.1565217391304348,0.45475849965192633,0,0.8756521739130435,0.05347826086956522,0.4726086956521739,0.0030241010963885824
small_world,1.0,0,0.23622651935497155,0.08162090257684317,0.5347826086956522,1.0434510866026856,0,0.6947826086956522,0.10565217391304348,0.08652173913043479,0.033648043240824536
small_world,1.0,1,0.5755652990581901,0.08868817189645659,5.193478260869565,1.5212840934571266,5,0.28043478260869564,0.32,0.08652173913043479,0.3502921993098345
small_world,1.0,2,0.5126895591621572,0.10466774294876231,3.1426086956521737,2.0537584155614805,5,0.16521739130434782,0.35391304347826086,0.08652173913043479,0.6067633197697777
small_world,1.0,3,0.1978641675075391,0.1385412244523183,0.5660869565217391,0.9905981466218969,0,0.6791304347826087,0.1082608695652174,0.28391304347826085,0.03441102047277397
small_world,1.0,4,0.21302275538744317,0.045315611483059876,0.1656521739130435,0.41277771770579447,0,0.8504347826086956,0.057391304347826085,0.3191304347826087,0.0035431778699762653
small_world,1.0,5,0.21169454815824673,0.10972779236251469,0.5047826086956522,0.973328531895521,0,0.6969565217391305,0.0908695652173913,0.2682608695652174,0.026802965744264495
small_world,1.0,6,0.34617298930285945,0.1256319784415989,1.3004347826086957,1.3382986547198472,0,0.36086956521739133,0.23304347826086957,0.08652173913043479,0.19933313431978256
small_world,1.0,7,0.26577906283036823,0.10438197211363766,0.5669565217391305,0.9176265925348023,0,0.648695652173913,0.10043478260869565,0.2791304347826087,0.032376780708648974
small_world,1.0,8,0.21878546877489513,0.12202990845379226,0.5760869565217391,0.9216442732158687,0,0.6417391304347826,0.11043478260869566,0.23347826086956522,0.036464359461944935
small_world,1.0,9,0.09638971179203769,0.0514586964676717,0.11652173913043479,0.3456387746924359,0,0.8913043478260869,0.04173913043478261,0.37869565217391304,0.0015681154615048696
small_world,1.0,10,0.24988370668934412,0.08594985174901544,0.478695652173913,0.7040121314902495,0,0.6308695652173913,0.08043478260869565,0.34956521739130436,0.020902772553353592
small_world,1.0,11,0.2428697590110048,0.056624329419275594,0.4256521739130435,0.6284164092103574,0,0.6426086956521739,0.10608695652173913,0.08652173913043479,0.02382612921561191
small_world,1.0,12,0.26031027901322096,0.09345405848889299,0.551304347826087,0.8206429311313653,0,0.6052173913043478,0.11608695652173913,0.11521739130434783,0.037609336742078336
small_world,1.0,13,0.28479422621133366,0.08659162778912877,0.5778260869565217,0.8164262341701238,0,0.591304347826087,0.1426086956521739,0.08652173913043479,0.047584222738080544
small_world,1.0,14,0.2846922172551291,0.13891791414715288,0.9817391304347826,1.1727398324248075,0,0.49130434782608695,0.13826086956521738,0.3273913043478261,0.08248196317728104
small_world,1.0,15,0.24453372313662183,0.08689434880610196,0.4721739130434783,0.7304611796472449,0,0.6452173913043479,0.11652173913043479,0.1991304347826087,0.030197182575732746
small_world,1.0,16,0.27464530122236125,0.08699557240586148,0.5282608695652173,0.7619092275839063,0,0.6108695652173913,0.1208695652173913,0.23347826086956522,0.03583565907061283
small_world,1.0,17,0.13357043792104017,0.07575406451462464,0.05652173913043478,0.24552709397383476,0,0.9469565217391305,0.02,0.6817391304347826,0.0002604722344567225
small_world,1.0,18,0.1358416775657938,0.03767850169357011,0.1356521739130435,0.3524303950638187,0,0.8678260869565217,0.04782608695652174,0.32913043478260867,0.002227839821805941
small_world,1.0,19,0.16761990460488796,0.07732877451387028,0.2308695652173913,0.47749721641326837,0,0.7943478260869565,0.05521739130434783,0.16434782608695653,0.005422256296149465
small_world,1.1,0,0.2468370355228888,0.08890345119855625,0.8339130434782609,1.2237779676794698,0,0.551304347826087,0.11478260869565217,0.1117391304347826,0.06302757327846797
small_world,1.1,1,0.698720715263326,0.04784062857994993,4.084782608695652,1.216636023472339,4,0.3234782608695652,0.14304347826086958,0.08652173913043479,0.11773632968509466
small_world,1.1,2,0.5655278466113746,0.07955664594462342,3.4695652173913043,2.0469350964857074,3,0.19217391304347825,0.3095652173913043,0.08652173913043479,0.5118870056990413
small_world,1.1,3,0.3728512219100915,0.07187413560208,1.1543478260869566,1.0887181377036204,0,0.33304347826086955,0.19695652173913045,0.08652173913043479,0.14301557942679333
small_world,1.1,4,0.18200688498662668,0.08673533546460796,0.1591304347826087,0.3820757157318231,0,0.8469565217391304,0.04782608695652174,0.30782608695652175,0.0027965920647381273
small_world,1.1,5,0.25441793154167935,0.11848450032730642,1.0408695652173914,1.1014137675436029,0,0.3908695652173913,0.15260869565217391,0.15478260869565216,0.10238588377172399
small_world,1.1,6,0.3954666941873485,0.06747904517533453,1.4860869565217392,1.3052660536072456,1,0.2965217391304348,0.21565217391304348,0.08652173913043479,0.19801749722622544
small_world,1.1,7,0.37982747365947583,0.15188765594246087,2.4039130434782607,2.146560928211804,0,0.2752173913043478,0.18130434782608695,0.08652173913043479,0.2820714981675528
small_world,1.1,8,0.15603965948289436,0.055860295392293084,0.14695652173913043,0.38692134671587125,0,0.8643478260869565,0.041304347826086954,0.3521739130434783,0.002167929866599846
small_world,1.1,9,0.3450514744339552,0.1017103304745309,1.2147826086956521,1.1992565434838565,0,0.348695652173913,0.19260869565217392,0.08652173913043479,0.1504429935688874
small_world,1.1,10,0.31636467932614354,0.06137504215057831,0.9195652173913044,1.1225203716980492,0,0.46608695652173915,0.1373913043478261,0.08652173913043479,0.08234249307507205
small_world,1.1,11,0.26053538046900243,0.12229390148687694,0.5021739130434782,0.715356138253431,0,0.6069565217391304,0.08869565217391304,0.21521739130434783,0.024938207765503442
small_world,1.1,12,0.31905253518301757,0.13572308857344112,0.9052173913043479,1.098880337534202,0,0.4891304347826087,0.13434782608695653,0.17478260869565218,0.07542079045745832
small_world,1.1,13,0.15220504339256444,0.07962340293886043,0.13391304347826086,0.3993226779613393,0,0.8843478260869565,0.0408695652173913,0.2921739130434783,0.001887460204924564
small_world,1.1,14,0.3193411207482433,0.054163245880561595,1.0665217391304347,1.0621598532590262,0,0.3656521739130435,0.13304347826086957,0.08652173913043479,0.08964187498888376
small_world,1.1,15,0.35797350902548397,0.18234166779103098,1.9765217391304348,2.667903604111617,0,0.48869565217391303,0.15391304347826087,0.14,0.2099544327452228
small_world,1.1,16,0.33312831730588277,0.07436649089604205,0.8421739130434782,0.9846008086341129,0,0.47347826086956524,0.14,0.09869565217391305,0.07257792273399091
small_world,1.1,17,0.16281904632114533,0.08178842781569641,0.19086956521739132,0.4723706452194382,0,0.8421739130434782,0.049565217391304345,0.4956521739130435,0.003695206509424017
small_world,1.1,18,0.27414426501063516,0.06255504759004211,0.5878260869565217,0.8025121238241127,0,0.5778260869565217,0.12304347826086956,0.09260869565217392,0.04168709184012283
small_world,1.1,19,0.1937394724681135,0.07188374311393592,0.26304347826086955,0.49425336560714356,0,0.7617391304347826,0.07,0.19478260869565217,0.008243286685017772
small_world,1.2,0,0.23678209186211618,0.10760185438989323,0.698695652173913,0.9198761936914266,0,0.5443478260869565,0.10086956521739131,0.3447826086956522,0.04227883184246281
small_world,1.2,1,0.7723854270974573,0.029119543348739688,3.8443478260869566,1.4383378876387192,4,0.3269565217391304,0.06565217391304348,0.09347826086956522,0.06355550277520484
small_world,1.2,2,0.7305127478193245,0.052512231504895514,5.339565217391304,1.7287592390544895,5,0.26869565217391306,0.20608695652173914,0.08652173913043479,0.2605452604329627
small_world,1.2,3,0.30852189811799213,0.12334727505595798,0.9752173913043478,1.1690924371725548,0,0.4926086956521739,0.1282608695652174,0.24869565217391304,0.07608272420059936
small_world,1.2,4,0.24110005254131595,0.06959238457880895,0.46652173913043476,0.6967072162534159,0,0.6430434782608696,0.08956521739130435,0.11478260869565217,0.022274348954946586
small_world,1.2,5,0.327356586672939,0.12499848064464834,1.3756521739130434,1.464275532657277,0,0.39565217391304347,0.16130434782608696,0.11565217391304349,0.14274333726225333
small_world,1.2,6,0.4496080133016257,0.06631654561606101,2.2804347826086957,1.6529446142931121,1,0.21956521739130436,0.26,0.08652173913043479,0.33540402367723093
small_world,1.2,7,0.37797992156549415,0.08940131653203444,1.7969565217391303,1.5511816948003072,1,0.2573913043478261,0.1356521739130435,0.09173913043478261,0.15626059102570258
small_world,1.2,8,0.17643513801380065,0.11300303370937928,0.5608695652173913,1.0657673824158582,0,0.69,0.08391304347826087,0.21217391304347827,0.027723853586883892
small_world,1.2,9,0.2947705264587336,0.10716573437178822,1.5126086956521738,1.4635624120062078,0,0.3373913043478261,0.17869565217391303,0.11347826086956522,0.1732935371954509
small_world,1.2,10,0.39785980554406686,0.12075924980800108,1.8721739130434782,1.6527209620652559,0,0.2565217391304348,0.1882608695652174,0.08652173913043479,0.23132782390210374
small_world,1.2,11,0.44350118851075393,0.03873330399625145,1.8239130434782609,1.2175679219708755,2,0.2856521739130435,0.19,0.08652173913043479,0.16525573052265752
small_world,1.2,12,0.3325025674573166,0.06755511389866865,0.9282608695652174,0.8903255495160087,0,0.3826086956521739,0.15869565217391304,0.08652173913043479,0.08723170798146514
small_world,1.2,13,0.18321042758551945,0.09882525313710408,0.29043478260869565,0.5656814148776643,0,0.7630434782608696,0.06217391304347826,0.3126086956521739,0.008333909598784956
small_world,1.2,14,0.3797585884454824,0.09558496934476068,1.7934782608695652,1.4721918255670832,1,0.28043478260869564,0.17521739130434782,0.08652173913043479,0.18561444736167254
small_world,1.2,15,0.3469594619214363,0.15785751831675437,1.7330434782608695,2.358895162870531,0,0.4747826086956522,0.11565217391304349,0.09913043478260869,0.1432852687048802
small_world,1.2,16,0.2974314353421482,0.13249844674559244,1.1295652173913044,1.593927275251343,0,0.538695652173913,0.12043478260869565,0.12260869565217392,0.08855395998189124
small_world,1.2,17,0.27266413287774943,0.0891128759281142,0.4860869565217391,0.7668554601659882,0,0.6491304347826087,0.09739130434782609,0.1808695652173913,0.02620471252299542
small_world,1.2,18,0.29589270927993866,0.07380275888798132,0.561304347826087,0.78028871104854,0,0.5860869565217391,0.13304347826086957,0.08652173913043479,0.04296927536890216
small_world,1.2,19,0.3360868298869836,0.09225241417997641,1.4804347826086957,1.16770297839249,2,0.29,0.15,0.10782608695652174,0.12436036802786929
small_world,1.3,0,0.45624266524466256,0.07974004206665292,2.8521739130434782,1.9617803726777927,3,0.17956521739130435,0.22826086956521738,0.08652173913043479,0.3673888051449707
small_world,1.3,1,0.8106905294210577,0.01304130884505085,3.0843478260869563,1.9921188765099958,2,0.6356521739130435,0.02782608695652174,0.29130434782608694,0.02019684752827864
small_world,1.3,2,0.7763964344727707,0.048168729650215916,5.1060869565217395,1.7445710551168752,4,0.23608695652173914,0.1608695652173913,0.08652173913043479,0.2143909648905322
small_world,1.3,3,0.2575234043029412,0.0742160416760328,0.42782608695652175,0.6734141210651181,0,0.6569565217391304,0.06304347826086956,0.24913043478260868,0.014563694469281557
small_world,1.3,4,0.2660684071207829,0.08344299987768639,0.6591304347826087,0.8342552682194969,0,0.542608695652174,0.09434782608695652,0.19217391304347825,0.036001348141547006
small_world,1.3,5,0.38575789085862594,0.09540314507873864,1.6230434782608696,1.705767543117502,1,0.29782608695652174,0.19391304347826088,0.10521739130434783,0.2322584706934176
small_world,1.3,6,0.5496330189841409,0.03962184712322315,4.14,1.4525719319163868,5,0.24739130434782608,0.28956521739130436,0.08652173913043479,0.3165579862391689
small_world,1.3,7,0.5288039363443034,0.036999638577027205,3.242608695652174,1.2508474254134738,3,0.33869565217391306,0.1391304347826087,0.08652173913043479,0.11508742216882524
small_world,1.3,8,0.22598600903676178,0.123812736844271,0.8347826086956521,1.1265988428633418,0,0.5447826086956522,0.1126086956521739,0.18043478260869567,0.057751075752125444
small_world,1.3,9,0.3364582297474814,0.20647691189259057,1.8008695652173914,2.1246788259455944,0,0.44130434782608696,0.1726086956521739,0.1782608695652174,0.20489495008346
small_world,1.3,10,0.43342024979667243,0.13819132825438551,2.8265217391304347,1.965991527018878,4,0.20478260869565218,0.1582608695652174,0.08652173913043479,0.24742356584731884
small_world,1.3,11,0.5474314106765004,0.11648115062270603,4.203043478260869,2.1256383895966486,5,0.23217391304347826,0.17739130434782607,0.08652173913043479,0.28952400495523856
small_world,1.3,12,0.48127216338593787,0.08733634362039411,3.2330434782608695,1.8260302268620825,3,0.21043478260869566,0.2391304347826087,0.08652173913043479,0.34477107716763916
small_world,1.3,13,0.2965886144067902,0.07672534829462642,0.8282608695652174,0.9594298677222347,0,0.45260869565217393,0.12565217391304348,0.08652173913043479,0.06599045738730129
small_world,1.3,14,0.2630953134954581,0.16306805709409386,1.1982608695652175,1.5358885041449009,0,0.5013043478260869,0.09260869565217392,0.30043478260869566,0.07093279024347304
small_world,1.3,15,0.3965570757857432,0.16131713027287278,1.9782608695652173,1.621447694993349,0,0.23130434782608697,0.14304347826086958,0.10478260869565217,0.1782893629935021
small_world,1.3,16,0.293455542541098,0.12959619305784859,0.8991304347826087,1.3449742620568854,0,0.5756521739130435,0.0908695652173913,0.1882608695652174,0.05186261491315878
small_world,1.3,17,0.3410137755490875,0.08127328439478207,1.1252173913043477,1.0591090167035497,1,0.35956521739130437,0.1634782608695652,0.08652173913043479,0.11088571158249205
small_world,1.3,18,0.20530872036541967,0.06514900897494506,0.3717391304347826,0.6591044792411637,0,0.7165217391304348,0.07695652173913044,0.1491304347826087,0.014378694576699493
small_world,1.3,19,0.5781483318488759,0.07054686860387584,4.618260869565217,1.6616954468355585,5,0.26217391304347826,0.22304347826086957,0.08652173913043479,0.2734607289940216
small_world,1.4,0,0.43125898352755565,0.18120914127898372,2.634782608695652,2.029266026156978,0,0.20869565217391303,0.1517391304347826,0.08652173913043479,0.2436576943268236
small_world,1.4,1,0.8130644319088378,0.031324669988860056,3.114782608695652,1.92756857333661,2,0.65,0.011739130434782608,0.6439130434782608,0.007919793291184201
small_world,1.4,2,0.7794148043165012,0.06168333253780464,3.842608695652174,2.0081382625863977,2,0.25869565217391305,0.12,0.08652173913043479,0.17863699649958814
small_world,1.4,3,0.4333640059453397,0.1511854733168378,2.3356521739130436,2.1766424604780967,0,0.24869565217391304,0.15782608695652173,0.08652173913043479,0.2580963071796183
small_world,1.4,4,0.2527237322328118,0.09166953547678199,0.5930434782608696,0.8142984966140498,0,0.5856521739130435,0.07695652173913044,0.20173913043478262,0.025965347162989684
small_world,1.4,5,0.49083615847433104,0.10795702224100269,3.1669565217391304,2.264651686016904,1,0.1826086956521739,0.20869565217391303,0.08652173913043479,0.3863179000480166
small_world,1.4,6,0.658643348290216,0.049396303600484366,5.544347826086956,1.4425937572935184,5,0.29043478260869565,0.21130434782608695,0.08652173913043479,0.21629416430997891
small_world,1.4,7,0.5995313875231346,0.053384732207966974,3.67,1.4204301246912623,4,0.25608695652173913,0.11956521739130435,0.08652173913043479,0.1263417561455907
small_world,1.4,8,0.4218378198027949,0.10448376468646162,2.2291304347826086,1.98715967946273,1,0.27,0.19608695652173913,0.08652173913043479,0.28444894982867636
small_world,1.4,9,0.4879911248796559,0.07202231319682835,2.8926086956521737,1.6432304275984106,2,0.21478260869565216,0.24869565217391304,0.08652173913043479,0.32089028769536715
small_world,1.4,10,0.40812615262054674,0.11517912609941228,2.0156521739130433,1.81340857548036,0,0.24956521739130436,0.15304347826086956,0.11869565217391305,0.20826843365767733
small_world,1.4,11,0.157633080418376,0.15621849411125843,0.8173913043478261,1.3225969756219715,0,0.6226086956521739,0.056956521739130433,0.41130434782608694,0.028429084980048345
small_world,1.4,12,0.7361764124435406,0.026056006370821443,5.055217391304348,1.886794773672646,4,0.24304347826086956,0.16521739130434782,0.08652173913043479,0.23596704989066944
small_world,1.4,13,0.48824900216656814,0.0675788862494403,3.5956521739130434,1.647917859094124,3,0.21739130434782608,0.22304347826086957,0.08652173913043479,0.2876535648222862
small_world,1.4,14,0.568455181364432,0.031994900285778796,4.569565217391304,1.2161717493872162,4,0.3026086956521739,0.16130434782608696,0.08652173913043479,0.13680989674840133
small_world,1.4,15,0.46858401360533564,0.04512485759004627,2.608260869565217,1.3545483835033054,2,0.27608695652173915,0.14347826086956522,0.08652173913043479,0.14069123147507262
small_world,1.4,16,0.24053708268375124,0.10792089703425979,0.49217391304347824,0.9616243346851207,0,0.7291304347826087,0.04739130434782609,0.2165217391304348,0.0123442391443051
small_world,1.4,17,0.34383033582982114,0.04075541936245116,0.9208695652173913,0.9572601892606258,0,0.40608695652173915,0.12,0.08652173913043479,0.06822351805705183
small_world,1.4,18,0.2782556194040651,0.10015627117157343,0.5995652173913043,0.8959327336011316,0,0.621304347826087,0.0782608695652174,0.32608695652173914,0.026552804493158305
small_world,1.4,19,0.39985584139558106,0.07166342732596334,1.9195652173913043,1.4975515618933795,1,0.22869565217391305,0.1482608695652174,0.08652173913043479,0.17125139180580706
small_world,1.5,0,0.540919752664445,0.13279311337059263,3.6330434782608694,2.2243991563578,1,0.17347826086956522,0.17043478260869566,0.08652173913043479,0.31334677993389837
small_world,1.5,1,0.8636931966826096,0.012403488430130323,1.9356521739130435,0.48296031061124367,2,0.8578260869565217,0.005652173913043478,0.8573913043478261,0.000388102957210368
small_world,1.5,2,0.7894720517910772,0.055551632179705886,5.082608695652174,2.1823705049312667,4,0.25608695652173913,0.1265217391304348,0.08652173913043479,0.20540727133536207
small_world,1.5,3,0.3039730542769551,0.12709213121933666,1.0208695652173914,1.3760368834903727,0,0.5043478260869565,0.08304347826086957,0.18565217391304348,0.05663861523991729
small_world,1.5,4,0.46105705324339336,0.058983571300356676,2.8,1.2204774546837416,3,0.30826086956521737,0.17521739130434782,0.08652173913043479,0.14792763620378674
small_world,1.5,5,0.6752418564978115,0.10271992005895424,3.5382608695652173,1.570880816816706,3,0.3191304347826087,0.09652173913043478,0.12260869565217392,0.10323626907106995
small_world,1.5,6,0.6930213976798711,0.05750574994307995,5.45,1.8899332861471478,5,0.22391304347826088,0.19869565217391305,0.08652173913043479,0.2914373603529728
small_world,1.5,7,0.625743379163532,0.044501831672932396,3.5756521739130434,1.3884361740648345,4,0.2843478260869565,0.12608695652173912,0.08652173913043479,0.12528471239781658
small_world,1.5,8,0.48485221590613453,0.096220811785214,3.5252173913043476,1.8329754133060538,5,0.19086956521739132,0.23043478260869565,0.08652173913043479,0.34176155902681377
small_world,1.5,9,0.6333679222498151,0.043125353439745,6.051304347826087,1.9928072930849088,5,0.22304347826086957,0.24739130434782608,0.08652173913043479,0.3830420495692347
small_world,1.5,10,0.3935569467861181,0.14016208993314497,2.3926086956521737,1.8655310874346895,0,0.25565217391304346,0.14347826086956522,0.08652173913043479,0.1992344896980751
small_world,1.5,11,0.5967171341686532,0.15794947376203577,3.3091304347826087,1.959060140771763,4,0.24434782608695652,0.07869565217391304,0.1,0.11649853096310901
small_world,1.5,12,0.8064605224994857,0.00813255960790442,3.1808695652173915,1.2976162527914432,3,0.38,0.03217391304347826,0.23130434782608697,0.025884624142813995
small_world,1.5,13,0.5578283234765373,0.05941975080037761,4.275217391304348,1.4813019231485622,4,0.26,0.20217391304347826,0.08652173913043479,0.22161564968547656
small_world,1.5,14,0.7228270073621679,0.014744143019730205,3.6782608695652175,1.3943851759480204,3,0.3939130434782609,0.04043478260869565,0.1617391304347826,0.034172190444410395
small_world,1.5,15,0.5691182550959013,0.03512400503832872,4.389565217391304,1.5823688303653827,5,0.24913043478260868,0.15130434782608695,0.08652173913043479,0.17977265479387539
small_world,1.5,16,0.3197841744368476,0.10811948729719703,0.8265217391304348,1.2860086844512102,0,0.5539130434782609,0.05391304347826087,0.16695652173913045,0.03092838788380795
small_world,1.5,17,0.41154387683911076,0.08279990266326433,2.3895652173913042,1.7728568893440095,1,0.2326086956521739,0.16782608695652174,0.08652173913043479,0.22832319042307994
small_world,1.5,18,0.2645300697710422,0.1297869296715765,0.8626086956521739,1.3267456667621762,0,0.5965217391304348,0.08,0.17695652173913043,0.04282504327462779
small_world,1.5,19,0.4891762960984059,0.18436685999318303,3.5991304347826087,2.7897637628573473,1,0.16869565217391305,0.1091304347826087,0.08652173913043479,0.25308905845532337
small_world,1.6,0,0.6526079085517795,0.09586102292091275,5.073478260869566,1.864844342952101,5,0.2308695652173913,0.17478260869565218,0.08652173913043479,0.25069218978180785
small_world,1.6,1,0.8840280794706479,0.01039669287842804,1.7647826086956522,0.5372018450324219,2,0.7108695652173913,0.00391304347826087,0.8595652173913043,0.0006077795584440959
small_world,1.6,2,0.8190125865336344,0.051717870855943655,4.3334782608695654,2.067052319852033,4,0.3134782608695652,0.058695652173913045,0.11608695652173913,0.08329361347224434
small_world,1.6,3,0.5142759877726533,0.04924663563959547,2.9669565217391303,1.352532037015434,3,0.28608695652173916,0.09739130434782609,0.08652173913043479,0.09404009613961156
small_world,1.6,4,0.30910461882391604,0.19154242605826974,1.5943478260869566,1.9500865668342646,0,0.4656521739130435,0.06478260869565218,0.2639130434782609,0.06750506762146825
small_world,1.6,5,0.5006349511907872,0.12053273290943078,3.9565217391304346,2.6129819858206185,3,0.17130434782608694,0.17608695652173914,0.08652173913043479,0.38129285364258986
small_world,1.6,6,0.7563070133209013,0.04485820156494227,5.769565217391304,2.039807063043548,6,0.19652173913043477,0.12347826086956522,0.09391304347826086,0.20237354048795222
small_world,1.6,7,0.6559652478064874,0.05089050396810704,4.095217391304348,1.7353294877347902,5,0.22869565217391305,0.14347826086956522,0.08652173913043479,0.19204094438377925
small_world,1.6,8,0.5921005630581606,0.06964065586275892,4.3273913043478265,1.4978933536987273,5,0.28391304347826085,0.1617391304347826,0.08652173913043479,0.17348493330656348
small_world,1.6,9,0.6325556942528431,0.08566509861849418,5.279565217391304,1.8894719259068578,5,0.23347826086956522,0.15,0.08652173913043479,0.2172481974509598
small_world,1.6,10,0.47404119125303634,0.20906999749336153,2.90695652173913,2.242290045976112,0,0.28782608695652173,0.09826086956521739,0.2543478260869565,0.15691283099951012
small_world,1.6,11,0.6301833345111384,0.18593942963877527,2.893913043478261,2.1360380617241392,2,0.3204347826086957,0.08434782608695653,0.21391304347826087,0.12243738011927412
small_world,1.6,12,0.8435400241996713,0.016617566438066545,2.347391304347826,0.9365603924040551,2,0.8365217391304348,0.014782608695652174,0.7269565217391304,0.002263324927491657
small_world,1.6,13,0.6794901001945318,0.03052708697999349,5.546956521739131,1.9278202035563576,5,0.22782608695652173,0.13434782608695653,0.08652173913043479,0.19999185074919323
small_world,1.6,14,0.7684652524617068,0.016788623731068264,3.6969565217391303,1.816324369571951,2,0.3417391304347826,0.02826086956521739,0.31043478260869567,0.033789128078332786
small_world,1.6,15,0.6055476898158942,0.04686245842029705,4.586956521739131,1.7247064899195197,5,0.21956521739130436,0.1608695652173913,0.08652173913043479,0.21653380385642718
small_world,1.6,16,0.40554762488248347,0.14345797580820493,2.2182608695652175,1.8156844491550814,0,0.23782608695652174,0.07304347826086957,0.11130434782608696,0.10108248399520346
small_world,1.6,17,0.47642758367314836,0.08034347466456813,3.1508695652173913,1.68763382862175,2,0.18956521739130436,0.1743478260869565,0.08652173913043479,0.2384585140476657
small_world,1.6,18,0.18323464135099124,0.07088652740669016,0.15782608695652173,0.3716643708197787,0,0.8447826086956521,0.03304347826086956,0.31130434782608696,0.001906237809878233
small_world,1.6,19,0.47054428481428384,0.1103333351909614,1.7869565217391303,1.162382990025639,2,0.3308695652173913,0.07478260869565218,0.08652173913043479,0.05816485456298562
small_world,1.7,0,0.6196860471984507,0.09010317588526463,5.188260869565218,1.93384984843573,7,0.20956521739130435,0.17739130434782607,0.08652173913043479,0.27115718904807407
small_world,1.7,1,0.9005251771743064,0.005617679302274286,1.017391304347826,0.13072431633367748,1,0.9826086956521739,0.0004347826086956522,0.9860869565217392,9.884659130404925e-07
small_world,1.7,2,0.8285490869476444,0.054869279181730034,4.235652173913043,1.9649401497400603,4,0.27652173913043476,0.06173913043478261,0.18391304347826087,0.0877678233689978
small_world,1.7,3,0.7549227191502516,0.03211187832028664,5.463478260869565,2.6748370266415535,2,0.21130434782608695,0.06086956521739131,0.17608695652173914,0.12841240499921436
small_world,1.7,4,0.5631464365332568,0.09648280589146745,3.6534782608695653,2.385902634216701,2,0.2252173913043478,0.09304347826086956,0.08652173913043479,0.17199606947677337
small_world,1.7,5,0.7549676506315605,0.044331419449928425,5.852608695652174,2.4046182330841854,6,0.23434782608695653,0.06130434782608696,0.3060869565217391,0.11286750881521014
small_world,1.7,6,0.7775329008334625,0.04484665573288537,5.493913043478261,2.5439540246229067,7,0.17608695652173914,0.09826086956521739,0.08652173913043479,0.20595448038054362
small_world,1.7,7,0.7056863413241762,0.05607552055314353,3.737391304347826,2.14327911589229,1,0.23173913043478261,0.07478260869565218,0.13652173913043478,0.12313685647050075
small_world,1.7,8,0.4992929972516718,0.08107112955593461,3.7282608695652173,1.7635393073217307,5,0.21391304347826087,0.14521739130434783,0.08652173913043479,0.2013141807040624
small_world,1.7,9,0.7542406461412996,0.0507591760599261,3.953478260869565,1.6608041758127223,3,0.23304347826086957,0.05521739130434783,0.21434782608695652,0.07033395928869325
small_world,1.7,10,0.4955507966285499,0.22473818848829857,3.4813043478260868,2.4391905363439306,5,0.25521739130434784,0.09695652173913044,0.08652173913043479,0.17613768531247861
small_world,1.7,11,0.6478049213433961,0.23825398640219533,2.2495652173913046,1.6708172388824256,1,0.43,0.05565217391304348,0.3391304347826087,0.05300122953882747
small_world,1.7,12,0.8721080230305812,0.0011932967398333133,1.0734782608695652,0.2609199226758075,1,0.9265217391304348,0.0004347826086956522,0.93,8.335646191263783e-06
small_world,1.7,13,0.742560208986571,0.01226911348102641,4.606521739130435,0.9100650177234217,5,0.43043478260869567,0.00391304347826087,0.4956521739130435,0.002028292873532144
small_world,1.7,14,0.7924156995371805,0.01643966988766786,3.8921739130434783,2.124725980330966,2,0.3482608695652174,0.023043478260869565,0.3126086956521739,0.03190985109352968
small_world,1.7,15,0.6078490464496152,0.08028308628445412,3.360869565217391,1.4641332590915594,3,0.24347826086956523,0.0908695652173913,0.08652173913043479,0.10065155139143625
small_world,1.7,16,0.47180628754683707,0.1656917457098214,2.3191304347826085,1.6808070345326953,3,0.3191304347826087,0.04434782608695652,0.28391304347826085,0.05075211253192954
small_world,1.7,17,0.48227560645235057,0.054902161823298996,2.8508695652173914,1.4406894878418708,3,0.2982608695652174,0.14608695652173914,0.08652173913043479,0.14769218853737723
small_world,1.7,18,0.4674616970009861,0.10317660701894513,2.7943478260869563,1.908302970401477,3,0.1826086956521739,0.14608695652173914,0.08652173913043479,0.22787085606705237
small_world,1.7,19,0.5817922756950282,0.20124214534594873,3.4330434782608696,1.7493711535555425,4,0.23782608695652174,0.05347826086956522,0.16043478260869565,0.07130390658067715
small_world,1.8,0,0.7277824430046788,0.16255799040518112,2.938695652173913,1.9258376028600628,2,0.6169565217391304,0.03260869565217391,0.4230434782608696,0.024054768149584762
small_world,1.8,1,0.8957893339486754,0.01964143086692664,5.1582608695652175,4.148776301695753,1,0.46652173913043476,0.010869565217391304,0.5821739130434782,0.024057414888994103
small_world,1.8,2,0.8321133481947323,0.018502725795379697,4.448695652173913,1.0477607773260247,5,0.36130434782608695,0.0026086956521739132,0.6147826086956522,0.001745740459625883
small_world,1.8,3,0.8493835869593045,0.0021131836166713904,1.8747826086956523,0.3309652492623382,2,0.8747826086956522,0.0008695652173913044,0.8408695652173913,3.603708937740793e-05
small_world,1.8,4,0.7402920854059866,0.04863947822182225,4.83,2.14643587291159,5,0.22782608695652173,0.08608695652173913,0.14173913043478262,0.14268239898022234
small_world,1.8,5,0.84822522660481,0.025189832661968677,2.274782608695652,1.9049520582012998,2,0.5239130434782608,0.017391304347826087,0.7873913043478261,0.015772571823598997
small_world,1.8,6,0.777580438311481,0.02923135320268214,5.4626086956521736,1.9246438798573133,5,0.2026086956521739,0.04869565217391304,0.08652173913043479,0.07473294105713872
small_world,1.8,7,0.7281690976931665,0.06402619770738115,3.8808695652173912,2.3952269803370605,1,0.29869565217391303,0.06826086956521739,0.2165217391304348,0.11466345644869377
small_world,1.8,8,0.7417088402743621,0.03687283506719191,4.647391304347826,2.451710525134405,3,0.20434782608695654,0.05434782608695652,0.13782608695652174,0.1060167850555283
small_world,1.8,9,0.823361119405973,0.008493615772361955,2.0,0.0,2,1.0,0.0,1.0,0.0
small_world,1.8,10,0.46639197067666405,0.16222044783955594,2.8030434782608697,2.1288677022684652,1,0.20652173913043478,0.10652173913043478,0.08652173913043479,0.17993761442584302
small_world,1.8,11,0.5846845535170488,0.26662986832009244,2.4582608695652173,3.3626460235613793,0,0.35478260869565215,0.050434782608695654,0.418695652173913,0.10942520766679271
small_world,1.8,12,0.8890638654978065,0.00041954643289456066,1.0,0.0,1,1.0,0.0,1.0,0.0
small_world,1.8,13,0.7869212241725217,0.005260621012736365,4.352173913043479,0.7128446170205137,5,0.49217391304347824,0.0008695652173913044,0.8408695652173913,0.00031478392067026454
small_world,1.8,14,0.8104162591226439,0.0052159880145509,2.2330434782608695,0.4248215459881099,2,0.7652173913043478,0.0013043478260869566,0.8817391304347826,0.00013009667904141742
small_world,1.8,15,0.7076911629530523,0.04063927324156254,4.437826086956521,1.6333626464969881,5,0.29739130434782607,0.059130434782608696,0.11739130434782609,0.06785896315073807
small_world,1.8,16,0.6857037745743815,0.04292067599924522,3.632608695652174,0.985228807639447,3,0.6378260869565218,0.004347826086956522,0.6152173913043478,0.0015514098025021677
small_world,1.8,17,0.3799752725351056,0.10687758586252637,1.9295652173913043,1.436873048946973,1,0.28347826086956524,0.1117391304347826,0.08652173913043479,0.11504110947166896
small_world,1.8,18,0.5245477210036273,0.05672463452949981,4.02,1.8145642667761508,5,0.23434782608695653,0.17043478260869566,0.08652173913043479,0.23678931861555916
small_world,1.8,19,0.7164405325653861,0.1144329906763082,5.998695652173913,1.4357237361354849,7,0.4221739130434783,0.030869565217391304,0.29869565217391303,0.025609349793305283
small_world,1.9,0,0.7681820094896796,0.13136200011387494,3.2686956521739132,1.9798930677049997,2,0.55,0.07043478260869565,0.5191304347826087,0.06275400290647122
small_world,1.9,1,0.9223865433726753,0.006180743856005622,1.0747826086956522,0.4329561637135364,1,0.9652173913043478,0.002173913043478261,0.9686956521739131,3.273772120025497e-05
small_world,1.9,2,0.8646157348171086,0.007156639055601313,3.09,0.6751392770964083,3,0.5360869565217391,0.0008695652173913044,0.8408695652173913,0.00027235328434461917
small_world,1.9,3,0.8697486470563108,0.0013955627621719613,1.0408695652173914,0.19798798917190077,1,0.9591304347826087,0.0004347826086956522,0.9626086956521739,3.5181311506922342e-06
small_world,1.9,4,0.7755238785515473,0.03537540679800869,5.176086956521739,2.4483965278638906,4,0.23,0.05956521739130435,0.09434782608695652,0.11229624089585742
small_world,1.9,5,0.8685308342869366,0.015214511313528464,2.101304347826087,0.41040599567433733,2,0.9334782608695652,0.0013043478260869566,0.9369565217391305,3.560992371198313e-05
small_world,1.9,6,0.8049768245460406,0.02138365006850718,5.1665217391304346,1.7669947680728926,6,0.4,0.030434782608695653,0.26217391304347826,0.03226686204239751
small_world,1.9,7,0.8010081593870197,0.02003137315819804,1.1456521739130434,0.35275716597604084,1,0.8543478260869565,0.0013043478260869566,0.7843478260869565,6.701724453786721e-05
small_world,1.9,8,0.8006028204289095,0.03550167304554942,3.022608695652174,2.818018448718122,1,0.5165217391304348,0.035652173913043476,0.47,0.04857432919381423
small_world,1.9,9,0.8525439467062117,0.007652015714101201,2.0,0.0,2,1.0,0.0,1.0,0.0
small_world,1.9,10,0.47340815183147844,0.15196084021413123,3.1456521739130436,2.4974949642408326,1,0.2465217391304348,0.07130434782608695,0.08652173913043479,0.13418110562033658
small_world,1.9,11,0.3035385194699606,0.2624312029011766,1.8456521739130434,2.9681063002277726,0,0.6434782608695652,0.06565217391304348,0.4252173913043478,0.06947276515917795
small_world,1.9,12,0.9023003041024719,0.00034723406908959047,1.0,0.0,1,1.0,0.0,1.0,0.0
small_world,1.9,13,0.8159992274775182,0.0015947803266277913,3.102608695652174,0.42415355496005835,3,0.8095652173913044,0.0013043478260869566,0.8004347826086956,0.00010535693733644761
small_world,1.9,14,0.8181947496825294,0.03024818548649631,2.86,1.9970543525293751,2,0.7456521739130435,0.009130434782608696,0.7382608695652174,0.0046377722888204164
small_world,1.9,15,0.7707969134966876,0.027252618404066377,3.4669565217391303,1.0555214445234031,3,0.35782608695652174,0.007391304347826087,0.42391304347826086,0.005010036207230629
small_world,1.9,16,0.7628072559538093,0.010345854085901093,2.8834782608695653,0.32084953395704613,3,0.8834782608695653,0.0008695652173913044,0.9204347826086956,3.25095553823496e-05
small_world,1.9,17,0.576666303334162,0.07202107933711145,4.380869565217392,2.1366733856394173,2,0.20043478260869566,0.14782608695652175,0.08652173913043479,0.2525475255467655
small_world,1.9,18,0.5865248371086723,0.09970041567732674,4.007826086956522,2.2017640289820957,3,0.21217391304347827,0.13434782608695653,0.08652173913043479,0.23304070002181076
small_world,1.9,19,0.7726243292746559,0.034163551488458975,6.340434782608695,1.690695710314877,7,0.26608695652173914,0.06695652173913043,0.14608695652173914,0.08308123588879582
small_world,2.0,0,0.8763640514610751,0.017733974009287543,2.6743478260869566,1.8433295161484204,2,0.8652173913043478,0.012608695652173913,0.8669565217391304,0.003132615059445793
small_world,2.0,1,0.9325488485301922,0.0004915250538821192,1.0,0.0,1,1.0,0.0,1.0,0.0
small_world,2.0,2,0.884137775848815,0.004243499566970026,2.0,0.0,2,1.0,0.0,1.0,0.0
small_world,2.0,3,0.8853877007349079,0.0009302241090437015,1.0043478260869565,0.06579454761052851,1,0.9956521739130435,0.0004347826086956522,0.9991304347826087,1.2437561235914488e-07
small_world,2.0,4,0.7834421106159576,0.03004763248796915,4.832608695652174,2.3856959924977947,4,0.3056521739130435,0.03695652173913044,0.1108695652173913,0.06121858436002137
small_world,2.0,5,0.8511376512724089,0.0629087186995937,2.8104347826086955,2.1640691909312872,2,0.42043478260869566,0.014347826086956521,0.658695652173913,0.01799532065684237
small_world,2.0,6,0.8007103778227465,0.07823733051809884,5.6726086956521735,1.7258236027330467,6,0.28956521739130436,0.08304347826086957,0.15130434782608695,0.10181837390498255
small_world,2.0,7,0.8518161949919858,0.0012157298504441225,1.0,0.0,1,1.0,0.0,1.0,0.0
small_world,2.0,8,0.8198503107416406,0.0366834751599416,3.238695652173913,2.7379741866027216,1,0.38608695652173913,0.03826086956521739,0.45521739130434785,0.0643118581138663
small_world,2.0,9,0.871823480571918,0.00875014611970045,2.006521739130435,0.08049351557205921,2,0.9934782608695653,0.0013043478260869566,0.9969565217391304,6.847279731132194e-07
small_world,2.0,10,0.6743654994994915,0.04048532829141017,5.251739130434783,2.1224722094230484,5,0.17565217391304347,0.08695652173913043,0.08652173913043479,0.152143945381644
small_world,2.0,11,0.865485691409631,0.0829503377734642,1.7704347826086957,1.7048255763410787,1,0.7691304347826087,0.017391304347826087,0.7695652173913043,0.006845084560224573
small_world,2.0,12,0.9131679283454852,0.00021039759192449748,1.0,0.0,1,1.0,0.0,1.0,0.0
small_world,2.0,13,0.8393466292089079,0.0018269320896210214,2.0,0.0,2,1.0,0.0,1.0,0.0
small_world,2.0,14,0.839166640453867,0.027471642767144623,2.0917391304347825,2.2168958952120277,1,0.7865217391304348,0.00782608695652174,0.79,0.0037037671881709707
small_world,2.0,15,0.7842586522108939,0.030370641673286486,3.4243478260869566,1.4849735060935,3,0.5278260869565218,0.01565217391304348,0.5152173913043478,0.010974768979848452
small_world,2.0,16,0.5657322621940868,0.034117453840721595,3.7447826086956524,1.780716440003164,3,0.34782608695652173,0.049130434782608694,0.08652173913043479,0.057056983501702845
small_world,2.0,17,0.6175310555286717,0.05260643085607436,5.342608695652174,1.6410527304971685,6,0.24913043478260868,0.1308695652173913,0.08652173913043479,0.16125964541674426
small_world,2.0,18,0.6099840932512065,0.127782109768003,4.3826086956521735,2.3341793407334825,5,0.14521739130434783,0.08,0.08652173913043479,0.159617274478069
small_world,2.0,19,0.8400404106623431,0.015057603193393332,4.779565217391304,0.5745469160914277,5,0.827391304347826,0.009130434782608696,0.7026086956521739,0.0009054816945317625
small_world,2.1,0,0.8881273281398301,0.018355200592351684,2.3617391304347826,1.2756981112620276,2,0.9030434782608696,0.009130434782608696,0.9004347826086957,0.0011293185083829174
small_world,2.1,1,0.9161592868262775,0.01836196038986955,6.237826086956522,4.065705411302371,1,0.3560869565217391,0.006521739130434782,0.6621739130434783,0.017073659652380817
small_world,2.1,2,0.8985031843090014,0.0028926260440711176,2.0,0.0,2,1.0,0.0,1.0,0.0
small_world,2.1,3,0.8976710097916705,0.00013546425357291434,1.0121739130434784,0.10966179318563092,1,0.9878260869565217,0.0004347826086956522,0.991304347826087,5.804418282452072e-07
small_world,2.1,4,0.7871568155724395,0.04610573766135266,4.312173913043479,2.3334858353260466,3,0.22391304347826088,0.029130434782608697,0.14478260869565218,0.05275486730736194
small_world,2.1,5,0.8878261797048235,0.034188260616337666,2.1317391304347826,2.2359788288915925,1,0.6130434782608696,0.017826086956521738,0.7765217391304348,0.015423605301191468
small_world,2.1,6,0.8403527385849867,0.0223382023853885,4.849130434782609,1.6168472086224615,5,0.4330434782608696,0.02782608695652174,0.28391304347826085,0.025507675896416688
small_world,2.1,7,0.8728605773705932,0.0006423207598955625,1.0,0.0,1,1.0,0.0,1.0,0.0
small_world,2.1,8,0.8275015801874773,0.03510999370848014,3.4147826086956523,2.7086253044113615,2,0.38956521739130434,0.02434782608695652,0.5221739130434783,0.04025764927802112
small_world,2.1,9,0.881467591096939,0.018482903438573842,1.8343478260869566,0.5340112853957834,2,0.7343478260869565,0.0026086956521739132,0.8682608695652174,0.00037007299105992465
small_world,2.1,10,0.7234770325733304,0.0013569664044114202,5.059565217391304,0.9741974545898283,6,0.47043478260869565,0.006521739130434782,0.6226086956521739,0.0033645728212614206
small_world,2.1,11,0.8982979380534921,0.0361995689625232,1.434782608695652,1.203115049488717,1,0.8465217391304348,0.01652173913043478,0.85,0.0030507724481381383
small_world,2.1,12,0.9222339853940352,7.960691040218374e-05,1.0,0.0,1,1.0,0.0,1.0,0.0
small_world,2.1,13,0.8325039480311346,0.06268814700841505,2.643478260869565,1.5672812480205889,2,0.8117391304347826,0.01217391304347826,0.8152173913043478,0.003592007450256524
small_world,2.1,14,0.863520679038891,0.019347081666431492,1.576086956521739,1.7051947208212979,1,0.8665217391304347,0.00782608695652174,0.87,0.0017812679076174836
small_world,2.1,15,0.8322236059731918,0.012131997379441367,2.0873913043478263,0.28240762077573567,2,0.912608695652174,0.0004347826086956522,0.9204347826086956,1.073044656577806e-05
small_world,2.1,16,0.6240005274086968,0.040742006314823824,4.713478260869565,1.4380213117355638,5,0.2817391304347826,0.044782608695652176,0.08652173913043479,0.04625481281353164
small_world,2.1,17,0.6739044949497198,0.03318905994477657,5.305217391304348,2.1217033140241406,6,0.20608695652173914,0.10565217391304348,0.08652173913043479,0.17796558790224823
small_world,2.1,18,0.5335725762254617,0.19203209031578763,2.8265217391304347,2.2145548354223763,2,0.1808695652173913,0.1108695652173913,0.08652173913043479,0.20111842034588412
small_world,2.1,19,0.8648248526771873,0.004365976653092826,4.210434782608695,0.7319270470944703,4,0.4747826086956522,0.006956521739130435,0.6495652173913044,0.002674232136073352
small_world,2.2,0,0.8854566459095082,0.05620958617290453,2.1530434782608694,0.9713568939895085,2,0.8304347826086956,0.01391304347826087,0.8452173913043478,0.0022915945006231004
small_world,2.2,1,0.9153967256537046,0.016550772791889358,7.417826086956522,3.498538150020028,9,0.3982608695652174,0.006956521739130435,0.6021739130434782,0.014644922482153145
small_world,2.2,2,0.9097976742481712,0.0020628266735537217,2.0,0.0,2,1.0,0.0,1.0,0.0
small_world,2.2,3,0.907792482913798,0.0010068046656314259,1.0,0.0,1,1.0,0.0,1.0,0.0
small_world,2.2,4,0.7918194674659315,0.008374782366853272,4.859565217391304,2.2166994231747372,5,0.22826086956521738,0.018695652173913044,0.16521739130434782,0.03198290973978964
small_world,2.2,5,0.8988752322034073,0.02751342852084304,2.611304347826087,3.225072030672272,1,0.6647826086956522,0.008695652173913044,0.7378260869565217,0.009400872671453054
small_world,2.2,6,0.8439391178046467,0.0209633078990911,5.616086956521739,1.6266803730041204,5,0.4426086956521739,0.018695652173913044,0.5895652173913043,0.01695130189766633
small_world,2.2,7,0.8880425222443311,0.00039952278761589555,1.0,0.0,1,1.0,0.0,1.0,0.0
small_world,2.2,8,0.8727620969301623,0.001006634202410717,1.1886956521739132,0.3912666648522139,1,0.811304347826087,0.0004347826086956522,0.9204347826086956,3.210021230779692e-05
small_world,2.2,9,0.8842510544696603,0.046878624515903085,2.2204347826086956,1.1623139524274677,2,0.7356521739130435,0.014782608695652174,0.7856521739130434,0.004542033204151312
small_world,2.2,10,0.600480099931699,0.14172729400003575,4.403043478260869,2.312290290905099,5,0.26956521739130435,0.07086956521739131,0.1708695652173913,0.11969708548131229
small_world,2.2,11,0.8870256167342433,0.059584059702682976,1.4439130434782608,1.3720446156088262,1,0.88,0.00782608695652174,0.8582608695652174,0.001288529021043208
small_world,2.2,12,0.9298503814164842,5.439043784207755e-05,1.0,0.0,1,1.0,0.0,1.0,0.0
small_world,2.2,13,0.8718956917627957,0.003503046997331255,2.0,0.0,2,1.0,0.0,1.0,0.0
small_world,2.2,14,0.86337349976187,0.02699326723013998,2.9256521739130434,2.694784537788498,1,0.6517391304347826,0.006956521739130435,0.697391304347826,0.006528613157069744
small_world,2.2,15,0.8529710285871701,0.010508329230655054,2.0939130434782607,0.2917077025772737,2,0.9060869565217391,0.0004347826086956522,0.9204347826086956,1.1910965723455158e-05
small_world,2.2,16,0.7362672536877484,0.06012356661606872,3.7030434782608697,0.8241408426624804,3,0.43434782608695655,0.006521739130434782,0.4465217391304348,0.003040285635280709
small_world,2.2,17,0.7081590369736154,0.030651245238108818,5.8,2.2490577737277486,7,0.27304347826086955,0.08478260869565217,0.09652173913043478,0.13861678737148805
small_world,2.2,18,0.682931107311119,0.1031949788831975,4.410869565217391,2.675551813126761,2,0.15739130434782608,0.08826086956521739,0.11869565217391305,0.19897912153789343
small_world,2.2,19,0.8821121979749961,0.00370012019617173,3.7378260869565216,0.4858471447020378,4,0.7591304347826087,0.004347826086956522,0.7830434782608696,0.0005088079018366204
scale_free,0.2,0,0.05194545116865914,0.028409970333458937,0.030869565217391304,0.1729642597783731,0,0.9691304347826087,0.017391304347826087,0.6956521739130435,9.285794442639745e-05
scale_free,0.2,1,0.06255028701564104,0.028772201914370254,0.02434782608695652,0.15412660202507494,0,0.9756521739130435,0.018260869565217393,0.8143478260869565,6.852661395358838e-05
scale_free,0.2,2,0.05147502694407385,0.029090284962040535,0.02826086956521739,0.1657172073643385,0,0.9717391304347827,0.02,0.7530434782608696,9.366625232402527e-05
scale_free,0.2,3,0.07498089611862906,0.03021440380410644,0.03695652173913044,0.19320938816439076,0,0.9639130434782609,0.027391304347826086,0.5721739130434783,0.00019098146079305682
scale_free,0.2,4,0.07323646071108303,0.03874520280349223,0.04043478260869565,0.19697667619310458,0,0.9595652173913043,0.02608695652173913,0.5091304347826087,0.0002077750274651864
scale_free,0.2,5,0.04938700012652244,0.02551516938685787,0.03260869565217391,0.18004147810276694,0,0.9678260869565217,0.02217391304347826,0.71,0.0001284454761820231
scale_free,0.2,6,0.05321903247355053,0.02359731493177677,0.02434782608695652,0.15412660202507494,0,0.9756521739130435,0.017826086956521738,0.9582608695652174,6.689502799642312e-05
scale_free,0.2,7,0.0653071723486878,0.04112454922221073,0.03826086956521739,0.1940786970347908,0,0.9621739130434782,0.02434782608695652,0.681304347826087,0.00017874318540428153
scale_free,0.2,8,0.044727119647530844,0.024635151453901574,0.02608695652173913,0.1593939372158553,0,0.9739130434782609,0.01652173913043478,0.7504347826086957,6.869909240992681e-05
scale_free,0.2,9,0.061251248122023136,0.02960591072115293,0.023478260869565216,0.15705464835810645,0,0.9773913043478261,0.017391304347826087,0.8669565217391304,6.175305999406384e-05
scale_free,0.2,10,0.04766731116234115,0.019935476094750545,0.02826086956521739,0.16571720736433848,0,0.9717391304347827,0.02043478260869565,0.8152173913043478,9.570247509882336e-05
scale_free,0.2,11,0.07128498473115578,0.024446350524826257,0.03608695652173913,0.18650653632175265,0,0.9639130434782609,0.025217391304347827,0.6347826086956522,0.00016972448042665677
scale_free,0.2,12,0.059533428484624104,0.029823900213240016,0.036521739130434785,0.18758438554774026,0,0.9634782608695652,0.026956521739130435,0.7221739130434782,0.0001846766571217267
scale_free,0.2,13,0.05794623306718543,0.02313900831144805,0.029130434782608697,0.16817209207233189,0,0.9708695652173913,0.022608695652173914,0.6652173913043479,0.00011075833548115756
scale_free,0.2,14,0.05584963749696017,0.028041223080207577,0.017391304347826087,0.13400900006454297,0,0.9830434782608696,0.013043478260869565,0.8630434782608696,2.9639043874503306e-05
scale_free,0.2,15,0.05289061195357409,0.021491196405578204,0.017391304347826087,0.13072431633367745,0,0.9826086956521739,0.014782608695652174,0.8808695652173913,3.360776601898649e-05
scale_free,0.2,16,0.05777386956637345,0.02862580741247158,0.02043478260869565,0.1414821623683742,0,0.9795652173913043,0.01956521739130435,0.908695652173913,5.6566122628229437e-05
scale_free,0.2,17,0.0438306936707136,0.022835269306497156,0.021304347826086957,0.14439692721727865,0,0.9786956521739131,0.019130434782608695,0.8534782608695652,5.885062218411833e-05
scale_free,0.2,18,0.049249528232354976,0.02461721202034465,0.029565217391304348,0.17691752588164683,0,0.9717391304347827,0.021739130434782608,0.8295652173913044,0.00010869224679858624
scale_free,0.2,19,0.05263966611028142,0.02979258060552501,0.030869565217391304,0.1779206721982107,0,0.97,0.021304347826086957,0.75,0.00011371452191647667
scale_free,0.3,0,0.07300014565292928,0.03700804691594143,0.04521739130434783,0.21396605917797157,0,0.9560869565217391,0.02782608695652174,0.5130434782608696,0.000261451163748719
scale_free,0.3,1,0.09224484526490133,0.03497290933477582,0.03695652173913044,0.1909458102642394,0,0.9634782608695652,0.023478260869565216,0.7773913043478261,0.00016372972254240456
scale_free,0.3,2,0.07102591508402213,0.032035583282994426,0.030869565217391304,0.17296425977837313,0,0.9691304347826087,0.02608695652173913,0.7386956521739131,0.00013928691396993044
scale_free,0.3,3,0.0725366329698166,0.03637643874295741,0.03304347826086956,0.17875012393084658,0,0.9669565217391304,0.019130434782608695,0.8156521739130435,0.00011299441317018403
scale_free,0.3,4,0.08809145885033262,0.042657311368920384,0.04695652173913043,0.2135911328278501,0,0.9534782608695652,0.033478260869565214,0.6752173913043479,0.000332661133446774
scale_free,0.3,5,0.056888915415411793,0.033369577851598546,0.019130434782608695,0.13698343420880152,0,0.9808695652173913,0.014782608695652174,0.9382608695652174,3.8738607077332774e-05
scale_free,0.3,6,0.07289689157414889,0.03070787002815188,0.026956521739130435,0.16195637583886044,0,0.9730434782608696,0.020869565217391306,0.8404347826086956,9.111194661463664e-05
scale_free,0.3,7,0.08804884955844787,0.04610538632402766,0.043478260869565216,0.20815146441018825,0,0.957391304347826,0.02,0.5582608695652174,0.000177381256801223
scale_free,0.3,8,0.07376309038711121,0.034514243852313053,0.028695652173913042,0.1669497281226503,0,0.971304347826087,0.01956521739130435,0.7369565217391304,9.373170470080144e-05
scale_free,0.3,9,0.06954768255414327,0.029103329466105048,0.035217391304347825,0.18667268646338056,0,0.9652173913043478,0.02391304347826087,0.7291304347826087,0.00015526651319218323
scale_free,0.3,10,0.055610498113883085,0.028622374108301984,0.021739130434782608,0.15451613603405964,0,0.9795652173913043,0.015217391304347827,0.7882608695652173,4.8048971735202813e-05
scale_free,0.3,11,0.07788327420042908,0.02603745994823745,0.02434782608695652,0.15412660202507494,0,0.9756521739130435,0.017391304347826087,0.8108695652173913,6.526344203925786e-05
scale_free,0.3,12,0.06019827300532746,0.028422360776105222,0.028695652173913042,0.16953399935593497,0,0.9717391304347827,0.021739130434782608,0.8617391304347826,0.00010415605354482429
scale_free,0.3,13,0.06697511236844698,0.02740643847183134,0.030434782608695653,0.17429306306806472,0,0.97,0.02,0.6982608695652174,0.00010457584306963082
scale_free,0.3,14,0.057542389499327336,0.029571390817679937,0.02217391304347826,0.150172553554935,0,0.9782608695652174,0.019130434782608695,0.8813043478260869,6.245361721941407e-05
scale_free,0.3,15,0.06458759425688868,0.028503278017558496,0.02217391304347826,0.147248873081659,0,0.9778260869565217,0.017391304347826087,0.8573913043478261,5.6784067742698905e-05
scale_free,0.3,16,0.07396481950228437,0.03751825576005856,0.01652173913043478,0.12747066825956727,0,0.9834782608695652,0.01652173913043478,0.9534782608695652,3.4795398130009674e-05
scale_free,0.3,17,0.07912118844431622,0.04659775655194992,0.029565217391304348,0.1744426718056447,0,0.971304347826087,0.021304347826086957,0.811304347826087,0.00010664416391301549
scale_free,0.3,18,0.06712058185412714,0.030125296960584472,0.03391304347826087,0.18807350853449928,0,0.967391304347826,0.02434782608695652,0.697391304347826,0.00014932112822071419
scale_free,0.3,19,0.05762078309000746,0.02601949774156363,0.020869565217391306,0.1429476353950227,0,0.9791304347826087,0.017391304347826087,0.9660869565217391,5.188269862757312e-05
scale_free,0.4,0,0.07770592981150107,0.037603367345892785,0.03217391304347826,0.17646175892512508,0,0.9678260869565217,0.02,0.801304347826087,0.00011354931142058931
scale_free,0.4,1,0.09555134800953663,0.053599517066434885,0.04565217391304348,0.2108023200713123,0,0.9547826086956521,0.030869565217391304,0.5313043478260869,0.0002942465750152149
scale_free,0.4,2,0.12425700862408186,0.06762182569199626,0.10173913043478261,0.31498312134093576,0,0.9021739130434783,0.06,0.3908695652173913,0.0018488140039016672
scale_free,0.4,3,0.09809628613794365,0.04779956678330117,0.06391304347826086,0.2498736921001903,0,0.9373913043478261,0.034782608695652174,0.4008695652173913,0.0005441483961724683
scale_free,0.4,4,0.11059608474945215,0.039125515401661065,0.04869565217391304,0.2172416876445716,0,0.9517391304347826,0.03869565217391304,0.5926086956521739,0.00040569578217439017
scale_free,0.4,5,0.07691371441952138,0.0354783054336943,0.035652173913043476,0.18542140223910933,0,0.9643478260869566,0.019130434782608695,0.6943478260869566,0.0001264651142247981
scale_free,0.4,6,0.06570748372898057,0.03654164239140725,0.034782608695652174,0.18322876091917806,0,0.9652173913043478,0.026956521739130435,0.6865217391304348,0.00017179861774540938
scale_free,0.4,7,0.07537881281700509,0.038623616886981425,0.03304347826086956,0.1859040140972403,0,0.9682608695652174,0.02434782608695652,0.6865217391304348,0.00014366269203077545
scale_free,0.4,8,0.1002325824728627,0.050766771622108166,0.06521739130434782,0.2589421551187495,0,0.9378260869565217,0.04217391304347826,0.5882608695652174,0.000678976695428781
scale_free,0.4,9,0.09114900446077968,0.042729255689326506,0.04608695652173913,0.21378044670896604,0,0.9547826086956521,0.022608695652173914,0.6608695652173913,0.00021854909393920083
scale_free,0.4,10,0.09332698584164716,0.03319355185514316,0.05217391304347826,0.22625411880448154,0,0.948695652173913,0.03391304347826087,0.5313043478260869,0.0003936565162347478
scale_free,0.4,11,0.08430982359770317,0.045733097466410674,0.03434782608695652,0.1821209843210186,0,0.9656521739130435,0.02608695652173913,0.721304347826087,0.0001631859165922516
scale_free,0.4,12,0.07964467101421663,0.04386204170178725,0.0391304347826087,0.19833903874707903,0,0.9617391304347827,0.026956521739130435,0.6078260869565217,0.00020456291787294582
scale_free,0.4,13,0.07463345564122541,0.03365490274584319,0.02217391304347826,0.14724887308165902,0,0.9778260869565217,0.019130434782608695,0.967391304347826,6.246247419046043e-05
scale_free,0.4,14,0.08007937211719558,0.032983008716085845,0.022608695652173914,0.14865242188770855,0,0.9773913043478261,0.02,0.8521739130434782,6.721675064919261e-05
scale_free,0.4,15,0.07181095092663979,0.027956101075164715,0.029130434782608697,0.16817209207233189,0,0.9708695652173913,0.019130434782608695,0.7756521739130435,9.371859231466041e-05
scale_free,0.4,16,0.07855575859589027,0.043862177770975765,0.05391304347826087,0.22966401036286602,0,0.9469565217391305,0.03260869565217391,0.4543478260869565,0.0003972449450404431
scale_free,0.4,17,0.10557889868397158,0.03821780939873898,0.04565217391304348,0.20872961680139382,0,0.9543478260869566,0.03217391304347826,0.6208695652173913,0.00030658396464178277
scale_free,0.4,18,0.0860927150149502,0.03976709471041655,0.03,0.17058722109231983,0,0.97,0.02608695652173913,0.8256521739130435,0.00013350304771160616
scale_free,0.4,19,0.06890566979967003,0.034802351977612396,0.03739130434782609,0.19199677060926215,0,0.9630434782608696,0.02217391304347826,0.6460869565217391,0.0001573357349955615
scale_free,0.5,0,0.11971181916635769,0.05620098503076841,0.058695652173913045,0.24234011937637828,0,0.9430434782608695,0.034782608695652174,0.48434782608695653,0.00048009915389064713
scale_free,0.5,1,0.180687258100625,0.07056413597645664,0.11956521739130435,0.35022946839079744,0,0.8891304347826087,0.06695652173913043,0.18217391304347827,0.0025999076425550476
scale_free,0.5,2,0.11840640596514067,0.06064191496039426,0.05521739130434783,0.23404513806969857,0,0.9460869565217391,0.029130434782608697,0.5908695652173913,0.00036757033531809627
scale_free,0.5,3,0.14873639537873712,0.0663220680952821,0.12478260869565218,0.348404681808724,0,0.8813043478260869,0.057391304347826085,0.2891304347826087,0.0023733669815543443
scale_free,0.5,4,0.12362601705899971,0.03821654630217769,0.07043478260869565,0.27551498437699734,0,0.9347826086956522,0.04391304347826087,0.4830434782608696,0.0007890457671765929
scale_free,0.5,5,0.06707146194220977,0.040909807770697165,0.028695652173913042,0.1669497281226503,0,0.971304347826087,0.017391304347826087,0.7543478260869565,8.331707137746031e-05
scale_free,0.5,6,0.08851825952866152,0.04894053246849277,0.03826086956521739,0.1940786970347908,0,0.9621739130434782,0.027391304347826086,0.7330434782608696,0.000201086082662162
scale_free,0.5,7,0.1427660478180896,0.045967665346223825,0.08782608695652173,0.2906208724324248,0,0.9143478260869565,0.05173913043478261,0.24913043478260868,0.0012879064733674198
scale_free,0.5,8,0.10948547772381799,0.04151601985952726,0.05391304347826087,0.23154939618436915,0,0.947391304347826,0.03434782608695652,0.5604347826086956,0.00041840845795209524
scale_free,0.5,9,0.10279174660750728,0.05716794921674704,0.04434782608695652,0.21004815362935278,0,0.9565217391304348,0.02826086956521739,0.55,0.00025809320357313186
scale_free,0.5,10,0.09382869646193932,0.0483408530729836,0.0391304347826087,0.19390524453024136,0,0.9608695652173913,0.023478260869565216,0.7239130434782609,0.00017814357817681634
scale_free,0.5,11,0.11418989556900398,0.05332637242692561,0.07869565217391304,0.2724734426281177,0,0.9221739130434783,0.04173913043478261,0.3521739130434783,0.0008851008979771058
scale_free,0.5,12,0.12240154342583014,0.06524865465306108,0.09913043478260869,0.3171875462695637,0,0.9060869565217391,0.05478260869565217,0.28608695652173916,0.0016318669975144086
scale_free,0.5,13,0.10858293707411218,0.03173777146052215,0.02826086956521739,0.16571720736433848,0,0.9717391304347827,0.025217391304347827,0.7317391304347826,0.00011810092562160253
scale_free,0.5,14,0.12415122721936951,0.04919107490073418,0.07434782608695652,0.2656301136503217,0,0.9265217391304348,0.0408695652173913,0.43,0.0007976937785821238
scale_free,0.5,15,0.08944287330705646,0.045328178695395786,0.05434782608695652,0.22670275668058923,0,0.9456521739130435,0.03391304347826087,0.5152173913043478,0.00041783590601375965
scale_free,0.5,16,0.07872809758217349,0.051279817815457276,0.04217391304347826,0.20737398523983983,0,0.9591304347826087,0.025217391304347827,0.5765217391304348,0.00021372457700602295
scale_free,0.5,17,0.12583371799888,0.0396206795730687,0.059130434782608696,0.2358686635927468,0,0.9408695652173913,0.03739130434782609,0.5356521739130434,0.0005214971574972562
scale_free,0.5,18,0.08968618943121162,0.05328711792117881,0.06,0.2429170550870686,0,0.941304347826087,0.0391304347826087,0.4108695652173913,0.0005579286001386822
scale_free,0.5,19,0.09451525677801602,0.0579114493235436,0.04739130434782609,0.22050766310857098,0,0.9543478260869566,0.026521739130434784,0.6430434782608696,0.00026698518628790103
scale_free,0.6,0,0.19478371360483684,0.07295405861129989,0.16956521739130434,0.41591677951943984,0,0.8465217391304348,0.08869565217391304,0.3408695652173913,0.005661814643560817
scale_free,0.6,1,0.3470210304297009,0.04943137266662461,0.7378260869565217,0.8789591498730517,0,0.4865217391304348,0.23695652173913043,0.08652173913043479,0.1069447380732622
scale_free,0.6,2,0.1655133810472405,0.07406341396305988,0.15,0.4028431564463422,0,0.8647826086956522,0.08217391304347826,0.20347826086956522,0.004476128200550711
scale_free,0.6,3,0.1761251789948636,0.08049642217272596,0.18,0.4923236828506752,0,0.8595652173913043,0.08130434782608696,0.16304347826086957,0.005621331405219453
scale_free,0.6,4,0.1439159394333297,0.05177858494778737,0.06956521739130435,0.2661068477930323,0,0.9334782608695652,0.043043478260869565,0.27391304347826084,0.000761950948424208
scale_free,0.6,5,0.1347147868378877,0.05998260345793912,0.10173913043478261,0.3271703740961281,0,0.9060869565217391,0.05478260869565217,0.2326086956521739,0.001683226666150939
scale_free,0.6,6,0.08260340529086337,0.04682843731360321,0.05434782608695652,0.23050655158012548,0,0.9465217391304348,0.033478260869565214,0.49869565217391304,0.00041268953028840655
scale_free,0.6,7,0.205934232704463,0.06673775178375425,0.14695652173913043,0.38126146206700057,0,0.8621739130434782,0.07695652173913044,0.2234782608695652,0.004043894074309087
scale_free,0.6,8,0.15491375873049,0.05718748316898494,0.12217391304347826,0.35304213964192566,0,0.8856521739130435,0.06347826086956522,0.3347826086956522,0.0025625921156003494
scale_free,0.6,9,0.16213523783760284,0.07875622195778927,0.12347826086956522,0.38274305941115405,0,0.8952173913043479,0.07304347826086957,0.42,0.00292939531221045
scale_free,0.6,10,0.1511547982469023,0.06738152983443513,0.11652173913043479,0.35433475569386025,0,0.8939130434782608,0.06739130434782609,0.33652173913043476,0.002533259103817479
scale_free,0.6,11,0.20191205747735572,0.10261327075978634,0.26608695652173914,0.5353401123742029,0,0.7721739130434783,0.11478260869565217,0.1691304347826087,0.013999397056822236
scale_free,0.6,12,0.15973181310282733,0.07962090713509357,0.14,0.39282698924368836,0,0.8752173913043478,0.07347826086956522,0.31956521739130433,0.003601755712399189
scale_free,0.6,13,0.12966463860405705,0.059281967536339686,0.08391304347826087,0.27725736169212234,0,0.9160869565217391,0.050434782608695654,0.3217391304347826,0.001173390914298257
scale_free,0.6,14,0.17312620929017716,0.0888976180789,0.14565217391304347,0.38346618338469163,0,0.8656521739130435,0.0782608695652174,0.19782608695652174,0.00403183164317315
scale_free,0.6,15,0.15475960472273595,0.057483056256239444,0.11434782608695652,0.3249926565987302,0,0.8878260869565218,0.06086956521739131,0.29782608695652174,0.0022190425234776515
scale_free,0.6,16,0.13270222910062407,0.06153068574029324,0.08521739130434783,0.3073713172273305,0,0.9230434782608695,0.049565217391304345,0.46652173913043476,0.0011724269497436562
scale_free,0.6,17,0.2071989373777802,0.07592555248678136,0.20869565217391303,0.4744910715046366,0,0.8195652173913044,0.10521739130434783,0.30521739130434783,0.009008154775824645
scale_free,0.6,18,0.1153392346082179,0.050084901777688456,0.06521739130434782,0.2504060973909901,0,0.9356521739130435,0.05217391304347826,0.37,0.0008406828686015541
scale_free,0.6,19,0.13707387045203326,0.07483621303728615,0.09304347826086956,0.299338906122035,0,0.9095652173913044,0.051304347826086956,0.46,0.0013888420141895952
scale_free,0.7,0,0.3395503490002248,0.0530991081127599,0.8626086956521739,0.9419185665498596,0,0.43434782608695655,0.271304347826087,0.08652173913043479,0.14455049171819967
scale_free,0.7,1,0.5629404391933,0.030618006212892467,3.712608695652174,1.4950693379043585,4,0.24695652173913044,0.5095652173913043,0.08652173913043479,0.5736951295359484
scale_free,0.7,2,0.20875932277179154,0.0774302383588951,0.2091304347826087,0.46175857651674157,0,0.8147826086956522,0.09347826086956522,0.1317391304347826,0.007994795553043365
scale_free,0.7,3,0.2795907395839805,0.0729501956344828,0.5430434782608695,0.8158054690470223,0,0.6143478260869565,0.19826086956521738,0.08652173913043479,0.06237627057480377
scale_free,0.7,4,0.2159412878748048,0.08361297536203482,0.2482608695652174,0.5296606967542526,0,0.7908695652173913,0.11565217391304349,0.21869565217391304,0.012810579979751087
scale_free,0.7,5,0.2685254925140585,0.08132490851006506,0.39043478260869563,0.6322456750131067,0,0.6817391304347826,0.1634782608695652,0.08652173913043479,0.03289494190730741
scale_free,0.7,6,0.1387651023749288,0.05871572795737547,0.10086956521739131,0.35052647414100413,0,0.912608695652174,0.06086956521739131,0.5047826086956522,0.001864615339201558
scale_free,0.7,7,0.3486379566985712,0.0346171414537021,0.688695652173913,0.7799403787014251,0,0.4865217391304348,0.24130434782608695,0.08652173913043479,0.09663815180345832
scale_free,0.7,8,0.17034270183384104,0.06911591158587933,0.15043478260869564,0.41700253633750156,0,0.8682608695652174,0.06782608695652174,0.2634782608695652,0.0037260635497561607
scale_free,0.7,9,0.2027850917395251,0.054446243135737746,0.13652173913043478,0.39072517524583505,0,0.8795652173913043,0.06782608695652174,0.1726086956521739,0.0031916855428457537
scale_free,0.7,10,0.3803425302166262,0.08038362471918806,1.3734782608695653,1.2604661273604547,0,0.3034782608695652,0.33217391304347826,0.08652173913043479,0.2916294500892893
scale_free,0.7,11,0.28079056942920144,0.13408032001061762,0.818695652173913,1.051168312125075,0,0.5265217391304348,0.22043478260869565,0.20869565217391303,0.10971156987302345
scale_free,0.7,12,0.2788105619451403,0.10171625166921959,0.5578260869565217,0.9077705921735529,0,0.6473913043478261,0.17869565217391303,0.15695652173913044,0.05719829929057567
scale_free,0.7,13,0.11963613503199415,0.081871788535878,0.09869565217391305,0.3138790177874006,0,0.9060869565217391,0.049130434782608694,0.5295652173913044,0.0014482342574839268
scale_free,0.7,14,0.17911746917642343,0.11027268832340767,0.1817391304347826,0.44820077191708396,0,0.8430434782608696,0.07869565217391304,0.35347826086956524,0.005536084500940507
scale_free,0.7,15,0.1852842653118107,0.07921619517424575,0.2234782608695652,0.5279707559066389,0,0.8204347826086956,0.0908695652173913,0.31,0.008614905905314324
scale_free,0.7,16,0.2812674999094085,0.08988533578526757,0.5782608695652174,0.8147853927844412,0,0.5930434782608696,0.20869565217391303,0.10652173913043478,0.06919976994787594
scale_free,0.7,17,0.246749920336127,0.08410518488962265,0.33260869565217394,0.6408399202629675,0,0.7447826086956522,0.1265217391304348,0.19695652173913045,0.020693072499954123
scale_free,0.7,18,0.23923965827689941,0.07155444981563469,0.3278260869565217,0.5636909153207303,0,0.7178260869565217,0.13652173913043478,0.1091304347826087,0.02171499389621395
scale_free,0.7,19,0.13175204217459055,0.0640664132750811,0.0817391304347826,0.2982798827759074,0,0.9243478260869565,0.04391304347826087,0.6534782608695652,0.0009909207522259742
scale_free,0.8,0,0.5963360118282252,0.03406666875051627,4.448695652173913,1.5724456286938788,5,0.23869565217391303,0.5482608695652174,0.08652173913043479,0.656328402909397
scale_free,0.8,1,0.6710478945986927,0.022630478607662336,6.0,1.3689094358204494,6,0.30521739130434783,0.4956521739130435,0.08652173913043479,0.4714120420518183
scale_free,0.8,2,0.47438895994010666,0.03702568220709,1.9878260869565216,1.2930683310965,2,0.3165217391304348,0.4339130434782609,0.08652173913043479,0.3834854469425234
scale_free,0.8,3,0.4842869767682698,0.032801338586299716,2.358695652173913,1.3166287791761995,2,0.30391304347826087,0.47391304347826085,0.08652173913043479,0.4343356750663169
scale_free,0.8,4,0.27545883854644826,0.09236334049861611,0.5126086956521739,0.7048386641871183,0,0.6017391304347826,0.17608695652173914,0.1117391304347826,0.04942930985351442
scale_free,0.8,5,0.5195360575763462,0.045163585006324995,2.9613043478260868,1.4636993167932737,3,0.2678260869565217,0.4991304347826087,0.08652173913043479,0.534909331431398
scale_free,0.8,6,0.4489101943190291,0.049696892228204656,1.701304347826087,1.2247086764430997,2,0.30130434782608695,0.41,0.08652173913043479,0.3508364380939878
scale_free,0.8,7,0.5134409224485939,0.05147366860198514,3.0543478260869565,1.6285772026845917,3,0.2373913043478261,0.45130434782608697,0.08652173913043479,0.5605051697149553
scale_free,0.8,8,0.2779139416724722,0.09672396379605094,0.6247826086956522,1.0281235315949546,0,0.6321739130434783,0.19782608695652174,0.08652173913043479,0.0748120213643419
scale_free,0.8,9,0.27545088242225396,0.1118401649190416,0.5521739130434783,0.8487174801184438,0,0.6247826086956522,0.1817391304347826,0.18,0.05787547318670436
scale_free,0.8,10,0.6499006564134444,0.03551523341815947,5.746086956521739,1.544656255922431,6,0.2734782608695652,0.5491304347826087,0.08652173913043479,0.6162486442990469
scale_free,0.8,11,0.5577841276583316,0.042207238506499385,3.9039130434782607,1.6954882306476358,4,0.21956521739130436,0.5156521739130435,0.08652173913043479,0.68232023375778
scale_free,0.8,12,0.5277819455171642,0.03146487054576634,2.7117391304347827,1.3564472526929952,2,0.2843478260869565,0.5008695652173913,0.08652173913043479,0.48621633915192325
scale_free,0.8,13,0.3717797272721205,0.05687931037419345,0.9530434782608695,0.9557443481283088,0,0.3826086956521739,0.30217391304347824,0.08652173913043479,0.17830323256886368
scale_free,0.8,14,0.5290611943392541,0.050309034092771626,3.195217391304348,1.6039824610480367,3,0.2382608695652174,0.4908695652173913,0.08652173913043479,0.5997523906003993
scale_free,0.8,15,0.2986791683511868,0.12522723059804328,0.8504347826086956,1.040599652628733,0,0.49391304347826087,0.25173913043478263,0.08782608695652173,0.13257436337862835
scale_free,0.8,16,0.3815098514369251,0.070143935709628,1.1265217391304347,1.1504596763549406,0,0.35391304347826086,0.29695652173913045,0.08652173913043479,0.22072688977927635
scale_free,0.8,17,0.310412079113031,0.05603210774000367,0.5456521739130434,0.7633468986723306,0,0.5852173913043478,0.21,0.08652173913043479,0.06649083409054246
scale_free,0.8,18,0.3240186330114969,0.06145106322421265,0.6643478260869565,0.8410336605317579,0,0.5291304347826087,0.25608695652173913,0.08652173913043479,0.10141482811163559
scale_free,0.8,19,0.32865091782645395,0.0697971584868727,0.7460869565217392,0.923065493603808,0,0.5017391304347826,0.24521739130434783,0.08652173913043479,0.11278220148031677
scale_free,0.9,0,0.7408962519667918,0.01738655258264907,7.096086956521739,1.5983367418240284,7,0.2665217391304348,0.4930434782608696,0.08652173913043479,0.5780171827678826
scale_free,0.9,1,0.7871490918185797,0.009918173752112763,6.47,1.646990668118543,6,0.24043478260869566,0.3126086956521739,0.08652173913043479,0.3910724869389033
scale_free,0.9,2,0.6439026702742413,0.02064110735309794,5.719130434782609,1.45938615160913,6,0.2691304347826087,0.5334782608695652,0.08652173913043479,0.5690190756014073
scale_free,0.9,3,0.5883705953359575,0.043683642901052484,4.306956521739131,1.6401602116405491,4,0.2217391304347826,0.5469565217391305,0.08652173913043479,0.6981749668296712
scale_free,0.9,4,0.4949591991029697,0.059813317748597286,2.630434782608696,1.6378498053475865,2,0.2382608695652174,0.47130434782608693,0.08652173913043479,0.5880060388888931
scale_free,0.9,5,0.6753676638807911,0.06577682081314035,6.2034782608695656,2.0530753362903984,7,0.22782608695652173,0.49130434782608695,0.08652173913043479,0.7788801208470467
scale_free,0.9,6,0.5934615960717685,0.037275460411789245,4.613913043478261,1.6543953029809773,5,0.23,0.5591304347826087,0.08652173913043479,0.7122675303685903
scale_free,0.9,7,0.6944888889399825,0.014138937059171864,6.314347826086957,1.4586662343952572,6,0.2817391304347826,0.4256521739130435,0.08652173913043479,0.44595700865022175
scale_free,0.9,8,0.4132894880491539,0.060335146628681786,1.6778260869565218,1.3312741739686804,1,0.3017391304347826,0.3847826086956522,0.08652173913043479,0.3576849340493168
scale_free,0.9,9,0.6364865510187941,0.033548555447149776,5.617826086956522,1.6174415022598232,6,0.23521739130434782,0.5343478260869565,0.08652173913043479,0.6609835232486755
scale_free,0.9,10,0.754688314270485,0.012018766533788248,6.866086956521739,1.528960258051017,7,0.25521739130434784,0.41782608695652174,0.08652173913043479,0.4757965368819903
scale_free,0.9,11,0.6978294522602239,0.02119604781146744,6.199565217391305,1.4294114880846702,6,0.2591304347826087,0.45608695652173914,0.08652173913043479,0.48299949393337344
scale_free,0.9,12,0.6743787656632563,0.016100049099469764,6.322173913043478,1.4374296399317266,6,0.2530434782608696,0.5530434782608695,0.08652173913043479,0.593801370152004
scale_free,0.9,13,0.5317423244163941,0.033049579863307074,3.053913043478261,1.4822595534328362,3,0.2569565217391304,0.5230434782608696,0.08652173913043479,0.576071350233805
scale_free,0.9,14,0.7056450435746788,0.02004102307053659,6.803913043478261,1.4935462297045414,7,0.25782608695652176,0.4956521739130435,0.08652173913043479,0.5494160865679123
scale_free,0.9,15,0.5471465613249389,0.037582049228546674,3.5182608695652173,1.5123021672240464,4,0.24956521739130436,0.5173913043478261,0.08652173913043479,0.587179190803723
scale_free,0.9,16,0.5215120615716146,0.06242934131764127,3.1230434782608696,1.9644867341227894,2,0.2108695652173913,0.44521739130434784,0.08652173913043479,0.6901921498623822
scale_free,0.9,17,0.42405685038540436,0.04502547087542497,1.5369565217391303,1.1842918808212806,1,0.33652173913043476,0.38,0.08652173913043479,0.2985857294164668
scale_free,0.9,18,0.6504706684931424,0.02623456908101507,5.596521739130435,1.4980526742223725,6,0.27695652173913043,0.5443478260869565,0.08652173913043479,0.589614277025354
scale_free,0.9,19,0.710560664432039,0.01594056905802041,7.073043478260869,1.5868657508286954,7,0.2573913043478261,0.5213043478260869,0.08652173913043479,0.6143156299489455
scale_free,1.0,0,0.8200175836298432,0.008882531218424545,6.813478260869565,1.6071825433933384,7,0.24217391304347827,0.3382608695652174,0.08652173913043479,0.41198985314588743
scale_free,1.0,1,0.8479103992673525,0.006172682067306058,5.5865217391304345,1.4720264314015565,5,0.24782608695652175,0.15043478260869564,0.08652173913043479,0.1665643832070958
scale_free,1.0,2,0.7411154232031506,0.01887120797677562,6.764782608695652,1.5528021502942388,7,0.2508695652173913,0.40652173913043477,0.08652173913043479,0.4728869630034726
scale_free,1.0,3,0.6674973786088869,0.02297988687841371,5.920434782608695,1.4626419760469471,6,0.2634782608695652,0.5656521739130435,0.08652173913043479,0.60935876764778
scale_free,1.0,4,0.6894777235526134,0.027061483727466164,6.281739130434783,1.52078827435818,6,0.2534782608695652,0.4891304347826087,0.08652173913043479,0.5553105210704848
scale_free,1.0,5,0.7975949126566411,0.009836210830303515,6.579565217391305,1.597884411831087,7,0.29043478260869565,0.27869565217391307,0.08652173913043479,0.31598602340779985
scale_free,1.0,6,0.7522074300202569,0.01876579799085866,6.800869565217392,1.4851142923181493,6,0.25608695652173913,0.4052173913043478,0.08652173913043479,0.44768251083517796
scale_free,1.0,7,0.8078669063336946,0.006388819332867545,5.858695652173913,1.5851314699221697,5,0.2569565217391304,0.19434782608695653,0.08652173913043479,0.228907068833276
scale_free,1.0,8,0.6513367728613559,0.02420259977837348,6.173913043478261,1.5192152983936629,6,0.2639130434782609,0.5382608695652173,0.08652173913043479,0.6019234410470881
scale_free,1.0,9,0.7635514230694556,0.013821497753784053,7.4052173913043475,1.5629316643806372,8,0.24521739130434783,0.42434782608695654,0.08652173913043479,0.5005919453195662
scale_free,1.0,10,0.8154967222512367,0.008560517984736327,7.13,1.5157334284388388,7,0.2447826086956522,0.32565217391304346,0.08652173913043479,0.37277672986559657
scale_free,1.0,11,0.790519336026108,0.017851056366131678,6.341304347826087,1.6820117467092948,6,0.23565217391304347,0.2921739130434783,0.08652173913043479,0.37563106164111276
scale_free,1.0,12,0.753358552081261,0.019371212565174472,6.808260869565218,1.4533982732350834,7,0.2682608695652174,0.43478260869565216,0.08652173913043479,0.4623949526428365
scale_free,1.0,13,0.6580804601065559,0.04947451811518794,5.965217391304348,1.7841350835122551,6,0.2326086956521739,0.5643478260869565,0.08652173913043479,0.7726653987744362
scale_free,1.0,14,0.813209868399248,0.012676541903790639,6.571304347826087,1.7638034602820223,6,0.2717391304347826,0.31782608695652176,0.08652173913043479,0.40825048367691275
scale_free,1.0,15,0.7592102596583725,0.01807168427395904,6.882173913043478,1.717818273836952,7,0.24304347826086956,0.34347826086956523,0.08652173913043479,0.446629505204398
scale_free,1.0,16,0.7313081646074621,0.016835506266512576,6.653043478260869,1.8059236701636832,7,0.22478260869565217,0.36695652173913046,0.08652173913043479,0.5137330537427357
scale_free,1.0,17,0.6630869674301233,0.023739368620527185,6.251304347826087,1.5045938476887495,6,0.26260869565217393,0.5521739130434783,0.08652173913043479,0.6126228329457224
scale_free,1.0,18,0.7321631674486504,0.021719944670869195,6.810869565217391,1.6208865342459386,7,0.2604347826086956,0.5369565217391304,0.08652173913043479,0.6436773307864908
scale_free,1.0,19,0.7917897079977063,0.010666745713165348,7.865652173913044,1.6481196824601863,8,0.2465217391304348,0.42086956521739133,0.08652173913043479,0.5226452346242403
scale_free,1.1,0,0.8631625430815203,0.006867820696908288,6.484347826086957,1.6143967135070088,6,0.2508695652173913,0.2604347826086956,0.08652173913043479,0.3149681896566854
scale_free,1.1,1,0.8798756176403516,0.005213426089933312,4.994782608695652,1.58030506016269,6,0.26869565217391306,0.08478260869565217,0.08652173913043479,0.09798190222992985
scale_free,1.1,2,0.8260433900349597,0.009119413360838404,5.941739130434782,1.6492676956598253,5,0.2747826086956522,0.16434782608695653,0.08652173913043479,0.1965727571855488
scale_free,1.1,3,0.7577029267492037,0.013307537975098057,7.4656521739130435,1.5579092067281448,7,0.2608695652173913,0.42478260869565215,0.08652173913043479,0.4891363719368999
scale_free,1.1,4,0.8121935888469103,0.009593067880679842,6.865652173913044,1.561421665709634,7,0.2417391304347826,0.30130434782608695,0.08652173913043479,0.3567337882923465
scale_free,1.1,5,0.8602623908963841,0.004998365570285159,4.678695652173913,1.1212485445594784,4,0.33652173913043476,0.07739130434782608,0.08652173913043479,0.05757325209772404
scale_free,1.1,6,0.8238596112006578,0.012230846530291127,7.114782608695652,1.7890606463223324,7,0.23521739130434782,0.28,0.08652173913043479,0.383107892466797
scale_free,1.1,7,0.8588445713569639,0.005430090555339714,4.522608695652174,1.4083330182734366,5,0.3026086956521739,0.09608695652173913,0.08652173913043479,0.09437268938473782
scale_free,1.1,8,0.7891023196678848,0.008749795069016743,6.1839130434782605,1.3767012846733209,6,0.32,0.2852173913043478,0.08652173913043479,0.26700822226966775
scale_free,1.1,9,0.8208621202694771,0.00874427982190267,7.136521739130435,1.5724713550875542,7,0.2543478260869565,0.2882608695652174,0.08652173913043479,0.3379906801792328
scale_free,1.1,10,0.8554237485349222,0.007084310188917738,5.676956521739131,1.5682971512539898,5,0.3165217391304348,0.1617391304347826,0.08652173913043479,0.17336769129853466
scale_free,1.1,11,0.8450579955797469,0.005626966208302715,5.653043478260869,1.3662275409908171,6,0.28739130434782606,0.16521739130434782,0.08652173913043479,0.1608532783043797
scale_free,1.1,12,0.8288843525358097,0.008033210386867422,5.914347826086956,1.5165932247810536,5,0.2573913043478261,0.18347826086956523,0.08652173913043479,0.20663969832562828
scale_free,1.1,13,0.7901490840066044,0.015040510928951426,7.928695652173913,1.716455661474302,8,0.2326086956521739,0.4408695652173913,0.08652173913043479,0.580710372186224
scale_free,1.1,14,0.854367298771507,0.012237910831273834,6.328260869565217,2.1064252681279583,6,0.19,0.22217391304347825,0.08652173913043479,0.37907412463265805
scale_free,1.1,15,0.8522408669695031,0.004862869757144091,4.203913043478261,1.148035142358777,4,0.31478260869565217,0.04652173913043478,0.09521739130434782,0.036596496462692446
scale_free,1.1,16,0.8124620919401433,0.007882043960212677,5.0343478260869565,1.5623681191980903,5,0.2952173913043478,0.13826086956521738,0.08652173913043479,0.1522431756470643
scale_free,1.1,17,0.7554336129102226,0.01831399491268003,7.000869565217391,1.6097526492236065,7,0.24521739130434783,0.44869565217391305,0.08652173913043479,0.5451711880244369
scale_free,1.1,18,0.7895207451628973,0.011832697792382081,6.661304347826087,1.4311983557352759,6,0.2543478260869565,0.37217391304347824,0.08652173913043479,0.39717513039678193
scale_free,1.1,19,0.8316120370586172,0.009461295048635814,7.084782608695652,1.6888981990203151,7,0.22608695652173913,0.2743478260869565,0.08652173913043479,0.35858916561247384
scale_free,1.2,0,0.8906834135785084,0.004148040399363795,4.725652173913043,1.2028745501359812,5,0.3139130434782609,0.11608695652173913,0.08652173913043479,0.09580384254750574
scale_free,1.2,1,0.9058454888178391,0.0017511992852995428,3.2508695652173913,0.6207457859807463,3,0.5517391304347826,0.016956521739130436,0.15347826086956523,0.004718254967953556
scale_free,1.2,2,0.8690662340753289,0.003920132299453436,2.9439130434782608,1.1668919667234756,3,0.32130434782608697,0.030869565217391304,0.08652173913043479,0.02444760070953152
scale_free,1.2,3,0.829323718882555,0.009451098890299721,5.662173913043478,1.678833592296693,6,0.21869565217391304,0.21913043478260869,0.08652173913043479,0.2874290067067664
scale_free,1.2,4,0.8623561296641804,0.004470618670305752,5.816521739130435,1.327726427739809,5,0.29304347826086957,0.13043478260869565,0.08652173913043479,0.12243193883117395
scale_free,1.2,5,0.895145800735133,0.002172180312138322,3.2517391304347827,0.788846996648262,4,0.4404347826086957,0.01565217391304348,0.09608695652173913,0.006909047520562055
scale_free,1.2,6,0.8623048555838546,0.007160927611619224,6.167391304347826,1.532907772237213,6,0.28,0.15956521739130436,0.08652173913043479,0.1761111096845463
scale_free,1.2,7,0.8940344335359619,0.0017403781978119824,1.7569565217391305,0.7031416134353188,2,0.4465217391304348,0.01217391304347826,0.08652173913043479,0.004737765922120383
scale_free,1.2,8,0.8524182659253067,0.005021604001638008,5.240434782608696,1.1155111063343957,5,0.34043478260869564,0.10434782608695652,0.08652173913043479,0.07677415642464207
scale_free,1.2,9,0.8638744525657525,0.009218578185889508,4.471304347826087,1.5445705871460678,4,0.39,0.1,0.08652173913043479,0.0942188067580982
scale_free,1.2,10,0.8877003725249879,0.0036011712710819718,5.236521739130435,1.4884091556910022,5,0.28347826086956524,0.09652173913043478,0.08652173913043479,0.1029382657289515
scale_free,1.2,11,0.8793928629621477,0.0044444770636492105,3.641304347826087,1.1094605204795869,3,0.32565217391304346,0.051304347826086956,0.09478260869565218,0.03838397911056929
scale_free,1.2,12,0.8811660019133609,0.003404470857030111,3.7930434782608695,0.9858760605701373,4,0.45608695652173914,0.04739130434782609,0.08652173913043479,0.025412679882787247
scale_free,1.2,13,0.8315839444210616,0.009652138368644482,6.6747826086956525,1.7671811736681409,7,0.2382608695652174,0.23956521739130435,0.08652173913043479,0.32248617910849153
scale_free,1.2,14,0.8813550435344037,0.008741280058259459,6.164347826086956,1.7477782818467775,6,0.2569565217391304,0.17521739130434782,0.08652173913043479,0.22755049141615838
scale_free,1.2,15,0.8922228917807281,0.001012691429156315,3.4682608695652175,0.5007312233464442,3,0.53,0.006521739130434782,0.3769565217391304,0.0015348502895142972
scale_free,1.2,16,0.8657398362529365,0.0018864990400701538,1.942608695652174,0.7639782457140947,2,0.41304347826086957,0.010869565217391304,0.10086956521739131,0.004874152772212315
scale_free,1.2,17,0.8208219745344161,0.008360080053743443,5.835217391304348,1.33262529247059,6,0.27608695652173915,0.23608695652173914,0.08652173913043479,0.22775422852542276
scale_free,1.2,18,0.8409539522840853,0.009614751334400762,4.176521739130434,1.358120852327734,4,0.2643478260869565,0.11565217391304349,0.08652173913043479,0.1155486150348036
scale_free,1.2,19,0.8735397230605366,0.004295466825842951,5.290869565217391,1.293866510967866,5,0.3556521739130435,0.07782608695652174,0.08652173913043479,0.06488361525648524
scale_free,1.3,0,0.9133415796460191,0.003290694139398176,3.8904347826086956,0.6821926175837894,4,0.5473913043478261,0.049565217391304345,0.08652173913043479,0.015304069628074176
scale_free,1.3,1,0.9240576948959575,0.000980819477039283,3.8173913043478263,0.4497846575698811,4,0.8439130434782609,0.0034782608695652175,0.6847826086956522,0.00024419317730205864
scale_free,1.3,2,0.8976692443454174,1.6495802696820025e-06,2.0,0.0,2,1.0,0.0,1.0,0.0
scale_free,1.3,3,0.8717815913624277,0.006760848561548706,4.502608695652174,1.384853523540853,5,0.2752173913043478,0.09521739130434782,0.08652173913043479,0.09557138671253246
scale_free,1.3,4,0.8931424366403335,0.0016896252247866192,5.224782608695652,1.0075340950762017,5,0.4052173913043478,0.03304347826086956,0.08652173913043479,0.01980175954007331
scale_free,1.3,5,0.916123041598326,0.0011210450218205872,2.8069565217391306,0.39797787553328723,3,0.8082608695652174,0.0034782608695652175,0.6791304347826087,0.00026541896948022625
scale_free,1.3,6,0.8930712308877474,0.001415005446563993,5.221739130434782,0.6396034924851832,5,0.5417391304347826,0.02608695652173913,0.08652173913043479,0.007646224275102035
scale_free,1.3,7,0.9142956196239554,0.0016525389380832067,2.013913043478261,0.7305610656881688,2,0.46608695652173915,0.008695652173913044,0.10739130434782608,0.0033917924076934023
scale_free,1.3,8,0.8866775022848147,0.002759098400455761,3.602608695652174,0.9525216756237525,4,0.3873913043478261,0.04,0.08652173913043479,0.023340923034894667
scale_free,1.3,9,0.8970877107558803,0.002724676748155811,2.869565217391304,0.8137058450499364,2,0.4047826086956522,0.02,0.08652173913043479,0.00968663789192633
scale_free,1.3,10,0.9094070330066989,0.0031387474240777277,3.464782608695652,0.9500909318733536,4,0.3591304347826087,0.03,0.08652173913043479,0.018266531481684226
scale_free,1.3,11,0.9053677635053128,0.001483773154737982,3.347391304347826,0.5873427070940436,3,0.5343478260869565,0.017826086956521738,0.08652173913043479,0.004875388857846471
scale_free,1.3,12,0.9074847915962334,0.0015487898074293433,3.6895652173913045,0.9255667042453296,4,0.4826086956521739,0.01391304347826087,0.1373913043478261,0.006662681026642386
scale_free,1.3,13,0.8709160712401285,0.005501195539395589,3.902173913043478,1.0968312323976506,3,0.3808695652173913,0.0908695652173913,0.08652173913043479,0.06170785021807199
scale_free,1.3,14,0.9022737755612334,0.005901679213033375,5.385217391304348,1.6259709328521685,5,0.24434782608695652,0.09478260869565218,0.08652173913043479,0.11645640404960629
scale_free,1.3,15,0.9149999003082397,1.9537519366222277e-07,2.0,0.0,2,1.0,0.0,1.0,0.0
scale_free,1.3,16,0.894633624791467,0.0011620557083851632,1.7756521739130435,0.41715210537286423,2,0.7756521739130435,0.0026086956521739132,0.5769565217391305,0.00024414053181673082
scale_free,1.3,17,0.8670156960637038,0.005127308961335317,4.576521739130435,1.3344160380371966,5,0.2791304347826087,0.09913043478260869,0.08652173913043479,0.09535752239161348
scale_free,1.3,18,0.8782050634507423,0.0024262866081678288,2.9191304347826086,0.8211757903390365,3,0.4052173913043478,0.021304347826086957,0.15956521739130436,0.010405493036248357
scale_free,1.3,19,0.9029272027570958,4.542287147439572e-06,1.0,0.0,1,1.0,0.0,1.0,0.0
scale_free,1.4,0,0.9281940549456348,0.002834927051790035,3.6869565217391305,0.7485082833767132,4,0.4930434782608696,0.025652173913043478,0.08652173913043479,0.009734003942148793
scale_free,1.4,1,0.9373420912616043,1.853066273693086e-07,3.0,0.0,3,1.0,0.0,1.0,0.0
scale_free,1.4,2,0.9168357338030487,9.164243766856448e-09,1.0,0.0,1,1.0,0.0,1.0,0.0
scale_free,1.4,3,0.9027013138360022,0.0035813743199177533,1.7260869565217392,0.44596489558118496,2,0.7260869565217392,0.004347826086956522,0.3282608695652174,0.0005311114344734592
scale_free,1.4,4,0.9144988916774347,0.0014372424582361364,4.457391304347826,0.9336288127111254,5,0.4991304347826087,0.01,0.25173913043478263,0.004676263042596764
scale_free,1.4,5,0.9312597823085769,1.9265084635328978e-08,3.0,0.0,3,1.0,0.0,1.0,0.0
scale_free,1.4,6,0.9157384068562734,8.663427066159407e-06,2.0,0.0,2,1.0,0.0,1.0,0.0
scale_free,1.4,7,0.9280892225668997,0.0009014768266290876,2.212608695652174,0.5246258906514021,2,0.6795652173913044,0.0017391304347826088,0.7834782608695652,0.0002923625737114708
scale_free,1.4,8,0.9067702143418271,0.002235847031122515,3.445217391304348,1.1447607289971404,4,0.29347826086956524,0.023478260869565216,0.08652173913043479,0.01898917925293805
scale_free,1.4,9,0.9159334746446567,0.0019842130049315715,3.0673913043478263,0.7426610051834133,3,0.4439130434782609,0.012608695652173913,0.08652173913043479,0.00520719121511226
scale_free,1.4,10,0.9240815215867224,0.0020732712556705978,3.0852173913043477,0.6126554430276904,3,0.6173913043478261,0.0052173913043478265,0.4,0.0012229948427952796
scale_free,1.4,11,0.9219696188548556,0.0014375379192598258,2.536086956521739,0.5081957781803214,3,0.5408695652173913,0.011739130434782608,0.08652173913043479,0.002739069803739741
scale_free,1.4,12,0.9248379846963183,3.4696231979264e-07,2.0,0.0,2,1.0,0.0,1.0,0.0
scale_free,1.4,13,0.8977610395562166,0.003086218455086827,2.982608695652174,0.7927125549068808,3,0.5382608695652173,0.014782608695652174,0.31173913043478263,0.005410825495058098
scale_free,1.4,14,0.9259636951506092,2.553019635480198e-05,4.0,0.0,4,1.0,0.0,1.0,0.0
scale_free,1.4,15,0.9299458347196509,7.907061080371756e-09,2.0,0.0,2,1.0,0.0,1.0,0.0
scale_free,1.4,16,0.9135302781524578,1.24821906644513e-08,2.0,0.0,2,1.0,0.0,1.0,0.0
scale_free,1.4,17,0.8999725644364116,0.0018531200770727561,3.5921739130434784,0.8473639766267435,3,0.4895652173913044,0.026521739130434784,0.08652173913043479,0.011471290379999966
scale_free,1.4,18,0.905041379145875,1.303586696332722e-06,3.0,0.0,3,1.0,0.0,1.0,0.0
scale_free,1.4,19,0.9216193223749657,4.4095763230891355e-08,1.0,0.0,1,1.0,0.0,1.0,0.0
scale_free,1.5,0,0.9387537078386581,0.0013202977900485685,3.5269565217391303,0.49927281714081717,4,0.5269565217391304,0.00608695652173913,0.12782608695652173,0.0014376039319601562
scale_free,1.5,1,0.9468321503489191,5.494276139621065e-10,3.0,0.0,3,1.0,0.0,1.0,0.0
scale_free,1.5,2,0.9301215047325991,2.224926653565747e-10,1.0,0.0,1,1.0,0.0,1.0,0.0
scale_free,1.5,3,0.9198289569564059,6.86099418537603e-05,2.0,0.0,2,1.0,0.0,1.0,0.0
scale_free,1.5,4,0.9294060918375757,1.0882991088033898e-07,4.0,0.0,4,1.0,0.0,1.0,0.0
scale_free,1.5,5,0.941992491820071,1.0569551045548427e-09,2.0,0.0,2,1.0,0.0,1.0,0.0
scale_free,1.5,6,0.9304854450490537,5.777026475582021e-09,2.0,0.0,2,1.0,0.0,1.0,0.0
scale_free,1.5,7,0.9397423555714445,7.818676774438739e-10,2.0,0.0,2,1.0,0.0,1.0,0.0
scale_free,1.5,8,0.9218203110090967,0.0013692239659870706,3.032608695652174,0.572771427142165,3,0.6708695652173913,0.005652173913043478,0.5065217391304347,0.0010655282819959128
scale_free,1.5,9,0.9294715896268344,1.9607989877485054e-06,3.0,0.0,3,1.0,0.0,1.0,0.0
scale_free,1.5,10,0.9375058466774677,3.857701206179726e-08,2.0,0.0,2,1.0,0.0,1.0,0.0
scale_free,1.5,11,0.9338450776218147,0.0012181934377315246,1.6886956521739132,0.46302694397913996,2,0.688695652173913,0.0034782608695652175,0.44173913043478263,0.0005013646687382391
scale_free,1.5,12,0.9371745205117389,2.602681531052073e-09,1.0,0.0,1,1.0,0.0,1.0,0.0
scale_free,1.5,13,0.9188661387476963,1.6777974907203465e-07,1.0,0.0,1,1.0,0.0,1.0,0.0
scale_free,1.5,14,0.9402630328943836,1.0034292872926071e-07,3.0,0.0,3,1.0,0.0,1.0,0.0
scale_free,1.5,15,0.9408513619813027,3.9269315761902826e-10,2.0,0.0,2,1.0,0.0,1.0,0.0
scale_free,1.5,16,0.9271805993656359,2.210422654242391e-10,2.0,0.0,2,1.0,0.0,1.0,0.0
scale_free,1.5,17,0.9193115977655757,4.1448187323978676e-05,3.0,0.0,3,1.0,0.0,1.0,0.0
scale_free,1.5,18,0.9218276745030229,3.105285802374474e-08,1.0,0.0,1,1.0,0.0,1.0,0.0
scale_free,1.5,19,0.9342908187245585,5.115961444284532e-10,1.0,0.0,1,1.0,0.0,1.0,0.0
scale_free,1.6,0,0.9482867790635561,1.4660504999402723e-09,3.0,0.0,3,1.0,0.0,1.0,0.0
scale_free,1.6,1,0.9541455805195826,1.1343207961345274e-10,3.0,0.0,3,1.0,0.0,1.0,0.0
scale_free,1.6,2,0.9401391931089118,6.765729164684774e-11,1.0,0.0,1,1.0,0.0,1.0,0.0
scale_free,1.6,3,0.9340474557124537,1.901667941758281e-08,2.0,0.0,2,1.0,0.0,1.0,0.0
scale_free,1.6,4,0.9400819358511945,1.5152302115482516e-08,3.0,0.0,3,1.0,0.0,1.0,0.0
scale_free,1.6,5,0.9501704555629272,9.818887780567339e-11,2.0,0.0,2,1.0,0.0,1.0,0.0
scale_free,1.6,6,0.94089562347861,5.041646037739926e-11,2.0,0.0,2,1.0,0.0,1.0,0.0
scale_free,1.6,7,0.9482030819822561,3.3072142480402903e-11,2.0,0.0,2,1.0,0.0,1.0,0.0
scale_free,1.6,8,0.9341654851561091,1.39781491398003e-09,3.0,0.0,3,1.0,0.0,1.0,0.0
scale_free,1.6,9,0.940301087104754,1.3825203815520267e-09,3.0,0.0,3,1.0,0.0,1.0,0.0
scale_free,1.6,10,0.9466492560624797,4.58338797110254e-09,2.0,0.0,2,1.0,0.0,1.0,0.0
scale_free,1.6,11,0.9436614523703551,1.7857270483212887e-08,2.0,0.0,2,1.0,0.0,1.0,0.0
scale_free,1.6,12,0.9463122081635846,3.016799225164923e-11,1.0,0.0,1,1.0,0.0,1.0,0.0
scale_free,1.6,13,0.9319910498900987,1.239302790800325e-08,1.0,0.0,1,1.0,0.0,1.0,0.0
scale_free,1.6,14,0.949422492606834,1.1067116455570005e-09,2.0,0.0,2,1.0,0.0,1.0,0.0
scale_free,1.6,15,0.9492027986507325,6.026846192904498e-11,1.0,0.0,1,1.0,0.0,1.0,0.0
scale_free,1.6,16,0.9375452994935546,1.230684661852764e-09,2.0,0.0,2,1.0,0.0,1.0,0.0
scale_free,1.6,17,0.9323043005940354,1.2421513050458493e-08,2.0,0.0,2,1.0,0.0,1.0,0.0
scale_free,1.6,18,0.9337021148887837,3.6993207970876076e-10,1.0,0.0,1,1.0,0.0,1.0,0.0
scale_free,1.6,19,0.9437764692052409,1.957850696617009e-10,1.0,0.0,1,1.0,0.0,1.0,0.0
scale_free,1.7,0,0.9554596903449187,1.4110893004528743e-12,3.0,0.0,3,1.0,0.0,1.0,0.0
scale_free,1.7,1,0.9599637166916862,2.0485956742042037e-11,2.0,0.0,2,1.0,0.0,1.0,0.0
scale_free,1.7,2,0.9479919384966696,1.1649051054736224e-10,1.0,0.0,1,1.0,0.0,1.0,0.0
scale_free,1.7,3,0.9437195126744526,1.0125138454149989e-10,2.0,0.0,2,1.0,0.0,1.0,0.0
scale_free,1.7,4,0.9482431637970813,2.353161462035097e-09,3.0,0.0,3,1.0,0.0,1.0,0.0
scale_free,1.7,5,0.9566234958339945,3.1414251399695174e-11,2.0,0.0,2,1.0,0.0,1.0,0.0
scale_free,1.7,6,0.948882512472191,8.351413054135453e-12,2.0,0.0,2,1.0,0.0,1.0,0.0
scale_free,1.7,7,0.9548673950577856,9.922884448141882e-12,2.0,0.0,2,1.0,0.0,1.0,0.0
scale_free,1.7,8,0.9432064951278649,1.2928234420395369e-11,3.0,0.0,3,1.0,0.0,1.0,0.0
scale_free,1.7,9,0.9484105637139526,3.5310521982459916e-11,1.0,0.0,1,1.0,0.0,1.0,0.0
scale_free,1.7,10,0.9536924020295852,1.0746833791196712e-09,2.0,0.0,2,1.0,0.0,1.0,0.0
scale_free,1.7,11,0.9511531474946096,6.08963362146271e-11,1.0,0.0,1,1.0,0.0,1.0,0.0
scale_free,1.7,12,0.9534276829848758,1.9700053884233226e-11,1.0,0.0,1,1.0,0.0,1.0,0.0
scale_free,1.7,13,0.9416695321559388,1.521619440976241e-10,1.0,0.0,1,1.0,0.0,1.0,0.0
scale_free,1.7,14,0.9563155340167281,8.509915019250722e-12,2.0,0.0,2,1.0,0.0,1.0,0.0
scale_free,1.7,15,0.9557993072603416,4.320233759919092e-12,1.0,0.0,1,1.0,0.0,1.0,0.0
scale_free,1.7,16,0.9456984235838556,4.746402901897344e-10,1.0,0.0,1,1.0,0.0,1.0,0.0
scale_free,1.7,17,0.9418540590901694,6.530769137829818e-11,2.0,0.0,2,1.0,0.0,1.0,0.0
scale_free,1.7,18,0.9427595566107211,2.8843793673658495e-11,1.0,0.0,1,1.0,0.0,1.0,0.0
scale_free,1.7,19,0.9511859687240609,4.419036171219684e-12,1.0,0.0,1,1.0,0.0,1.0,0.0
scale_free,1.8,0,0.9610519685682269,8.727095695059802e-13,3.0,0.0,3,1.0,0.0,1.0,0.0
scale_free,1.8,1,0.9646936021305492,3.790535191481896e-12,2.0,0.0,2,1.0,0.0,1.0,0.0
scale_free,1.8,2,0.9543086251298057,1.2369326092179408e-11,1.0,0.0,1,1.0,0.0,1.0,0.0
scale_free,1.8,3,0.9511196156119782,1.1213145317129124e-10,2.0,0.0,2,1.0,0.0,1.0,0.0
scale_free,1.8,4,0.9547152174975271,1.4755476626206255e-10,3.0,0.0,3,1.0,0.0,1.0,0.0
scale_free,1.8,5,0.9618375300816157,1.494176232333571e-12,2.0,0.0,2,1.0,0.0,1.0,0.0
scale_free,1.8,6,0.9552302331433871,8.766564942416354e-13,2.0,0.0,2,1.0,0.0,1.0,0.0
scale_free,1.8,7,0.9602573827221816,3.0882725539505374e-12,2.0,0.0,2,1.0,0.0,1.0,0.0
scale_free,1.8,8,0.9503166469104334,3.1251115174199256e-12,3.0,0.0,3,1.0,0.0,1.0,0.0
scale_free,1.8,9,0.954827953478423,9.637551787505466e-12,1.0,0.0,1,1.0,0.0,1.0,0.0
scale_free,1.8,10,0.9593270684609556,4.3317554017351e-11,2.0,0.0,2,1.0,0.0,1.0,0.0
scale_free,1.8,11,0.9570993365582183,1.784934916052639e-11,1.0,0.0,1,1.0,0.0,1.0,0.0
scale_free,1.8,12,0.959129295776679,4.284975502779104e-13,1.0,0.0,1,1.0,0.0,1.0,0.0
scale_free,1.8,13,0.9492014601177869,2.6590753556907642e-11,1.0,0.0,1,1.0,0.0,1.0,0.0
scale_free,1.8,14,0.9617563797585855,9.073081396707972e-12,2.0,0.0,2,1.0,0.0,1.0,0.0
scale_free,1.8,15,0.9611288794138972,2.0272865602201402e-13,1.0,0.0,1,1.0,0.0,1.0,0.0
scale_free,1.8,16,0.9522700221698581,4.415099911277262e-11,1.0,0.0,1,1.0,0.0,1.0,0.0
scale_free,1.8,17,0.9493012862709391,2.2508671485916915e-12,2.0,0.0,2,1.0,0.0,1.0,0.0
scale_free,1.8,18,0.9499297321325242,1.2346418059168604e-11,1.0,0.0,1,1.0,0.0,1.0,0.0
scale_free,1.8,19,0.9571340884761149,6.02300156102923e-12,1.0,0.0,1,1.0,0.0,1.0,0.0
scale_free,1.9,0,0.9655710503998851,2.4910402527117763e-13,3.0,0.0,3,1.0,0.0,1.0,0.0
scale_free,1.9,1,0.9686033413888293,1.5909725565568433e-12,2.0,0.0,2,1.0,0.0,1.0,0.0
scale_free,1.9,2,0.9594886254428597,1.7112257095156831e-12,1.0,0.0,1,1.0,0.0,1.0,0.0
scale_free,1.9,3,0.9570120741011938,5.875213377051803e-12,1.0,0.0,1,1.0,0.0,1.0,0.0
scale_free,1.9,4,0.9599723036644789,2.365720781445582e-11,3.0,0.0,3,1.0,0.0,1.0,0.0
scale_free,1.9,5,0.9661270763341493,1.2306091971724692e-12,2.0,0.0,2,1.0,0.0,1.0,0.0
scale_free,1.9,6,0.9603953253121025,2.8326659037580176e-13,2.0,0.0,2,1.0,0.0,1.0,0.0
scale_free,1.9,7,0.9646977362561252,3.471077043162946e-13,1.0,0.0,1,1.0,0.0,1.0,0.0
scale_free,1.9,8,0.9560791217433859,6.63286111394016e-13,2.0,0.0,2,1.0,0.0,1.0,0.0
scale_free,1.9,9,0.9600420198312002,1.3749394661810649e-12,1.0,0.0,1,1.0,0.0,1.0,0.0
scale_free,1.9,10,0.963937894943214,7.031493092477175e-11,2.0,0.0,2,1.0,0.0,1.0,0.0
scale_free,1.9,11,0.961958983526922,1.713467961544043e-12,1.0,0.0,1,1.0,0.0,1.0,0.0
scale_free,1.9,12,0.9637928045274784,5.191014305749157e-13,1.0,0.0,1,1.0,0.0,1.0,0.0
scale_free,1.9,13,0.955247820914539,5.095444872285221e-12,1.0,0.0,1,1.0,0.0,1.0,0.0
scale_free,1.9,14,0.9661707712955596,5.106422964313019e-12,1.0,0.0,1,1.0,0.0,1.0,0.0
scale_free,1.9,15,0.9655116603198004,2.54058117223249e-14,1.0,0.0,1,1.0,0.0,1.0,0.0
scale_free,1.9,16,0.957666085732974,7.018900769429363e-12,1.0,0.0,1,1.0,0.0,1.0,0.0
scale_free,1.9,17,0.9552922711739458,1.3979513261340827e-12,2.0,0.0,2,1.0,0.0,1.0,0.0
scale_free,1.9,18,0.9557477413327791,6.714565015084912e-13,1.0,0.0,1,1.0,0.0,1.0,0.0
scale_free,1.9,19,0.9620056419454297,1.2763887427152058e-12,1.0,0.0,1,1.0,0.0,1.0,0.0
scale_free,2.0,0,0.9693014847490996,4.214443802456656e-14,3.0,0.0,3,1.0,0.0,1.0,0.0
scale_free,2.0,1,0.9718791772920564,2.3058481208692074e-13,2.0,0.0,2,1.0,0.0,1.0,0.0
scale_free,2.0,2,0.9638019898916125,2.45359291030423e-13,1.0,0.0,1,1.0,0.0,1.0,0.0
scale_free,2.0,3,0.9618224990167206,5.108215679562742e-13,1.0,0.0,1,1.0,0.0,1.0,0.0
scale_free,2.0,4,0.96431974176678,1.1433459793808885e-12,3.0,0.0,3,1.0,0.0,1.0,0.0
scale_free,2.0,5,0.9697076072582481,3.314179035613007e-13,2.0,0.0,2,1.0,0.0,1.0,0.0
scale_free,2.0,6,0.9646728874208451,7.589999317814729e-14,2.0,0.0,2,1.0,0.0,1.0,0.0
scale_free,2.0,7,0.9684090154293438,9.75611863677058e-14,1.0,0.0,1,1.0,0.0,1.0,0.0
scale_free,2.0,8,0.960841391955432,3.370811800798094e-14,2.0,0.0,2,1.0,0.0,1.0,0.0
scale_free,2.0,9,0.9643575262836515,1.152260016288722e-13,1.0,0.0,1,1.0,0.0,1.0,0.0
scale_free,2.0,10,0.9677739582574079,2.209836180865275e-11,1.0,0.0,1,1.0,0.0,1.0,0.0
scale_free,2.0,11,0.9660014039164205,6.444773108848001e-13,1.0,0.0,1,1.0,0.0,1.0,0.0
scale_free,2.0,12,0.967668794424592,3.9626088531235646e-14,1.0,0.0,1,1.0,0.0,1.0,0.0
scale_free,2.0,13,0.9602077365824394,8.898850991395238e-14,1.0,0.0,1,1.0,0.0,1.0,0.0
scale_free,2.0,14,0.9698219859798155,2.9908619174657897e-13,1.0,0.0,1,1.0,0.0,1.0,0.0
scale_free,2.0,15,0.9691681343361416,7.372544937371926e-15,1.0,0.0,1,1.0,0.0,1.0,0.0
scale_free,2.0,16,0.9621634066647529,6.014948829766835e-13,1.0,0.0,1,1.0,0.0,1.0,0.0
scale_free,2.0,17,0.9602156167574188,1.1004767499787416e-13,2.0,0.0,2,1.0,0.0,1.0,0.0
scale_free,2.0,18,0.9605560400523395,3.591279794973822e-13,1.0,0.0,1,1.0,0.0,1.0,0.0
scale_free,2.0,19,0.9660586898375146,1.7233753407228321e-13,1.0,0.0,1,1.0,0.0,1.0,0.0
scale_free,2.1,0,0.9724291989517483,2.1270412261994413e-14,3.0,0.0,3,1.0,0.0,1.0,0.0
scale_free,2.1,1,0.9746552700870803,4.767125553197722e-14,1.0,0.0,1,1.0,0.0,1.0,0.0
scale_free,2.1,2,0.9674393222130252,5.0488020447265104e-14,1.0,0.0,1,1.0,0.0,1.0,0.0
scale_free,2.1,3,0.9658212948251524,1.7130728367048108e-13,1.0,0.0,1,1.0,0.0,1.0,0.0
scale_free,2.1,4,0.9679666013628541,3.4249395327185505e-13,3.0,0.0,3,1.0,0.0,1.0,0.0
scale_free,2.1,5,0.9727326332394205,5.956078162812e-14,1.0,0.0,1,1.0,0.0,1.0,0.0
scale_free,2.1,6,0.9682655298106791,1.6415310207753922e-14,2.0,0.0,2,1.0,0.0,1.0,0.0
scale_free,2.1,7,0.9715481698261959,2.4571096269740243e-14,1.0,0.0,1,1.0,0.0,1.0,0.0
scale_free,2.1,8,0.9648358974137312,3.787394669222182e-15,2.0,0.0,2,1.0,0.0,1.0,0.0
scale_free,2.1,9,0.9679811102386321,2.1876422211969097e-14,1.0,0.0,1,1.0,0.0,1.0,0.0
scale_free,2.1,10,0.9710077927935504,5.9931891042800224e-12,1.0,0.0,1,1.0,0.0,1.0,0.0
scale_free,2.1,11,0.9694095636597491,1.3301815620900288e-13,1.0,0.0,1,1.0,0.0,1.0,0.0
scale_free,2.1,12,0.9709326287087167,1.6804657641207618e-13,1.0,0.0,1,1.0,0.0,1.0,0.0
scale_free,2.1,13,0.9643439855227618,1.3010674580418107e-15,1.0,0.0,1,1.0,0.0,1.0,0.0
scale_free,2.1,14,0.9728869690441843,2.1069557667905953e-13,1.0,0.0,1,1.0,0.0,1.0,0.0
scale_free,2.1,15,0.9722557074031426,1.8438031361114497e-15,1.0,0.0,1,1.0,0.0,1.0,0.0
scale_free,2.1,16,0.9659583428604709,9.494456997794136e-14,1.0,0.0,1,1.0,0.0,1.0,0.0
scale_free,2.1,17,0.9643275427273921,1.110787149983854e-13,2.0,0.0,2,1.0,0.0,1.0,0.0
scale_free,2.1,18,0.9645880058558847,3.680191404708117e-14,1.0,0.0,1,1.0,0.0,1.0,0.0
scale_free,2.1,19,0.9694744353100557,3.169151529314281e-14,1.0,0.0,1,1.0,0.0,1.0,0.0
scale_free,2.2,0,0.975084182875006,1.9499929023763326e-14,2.0,0.0,2,1.0,0.0,1.0,0.0
scale_free,2.2,1,0.9770309454787968,7.486091658473253e-15,1.0,0.0,1,1.0,0.0,1.0,0.0
scale_free,2.2,2,0.9705395170809207,2.6672490964282604e-16,1.0,0.0,1,1.0,0.0,1.0,0.0
scale_free,2.2,3,0.9691927569499755,4.6860573000248286e-15,1.0,0.0,1,1.0,0.0,1.0,0.0
scale_free,2.2,4,0.9710620923493242,3.44620382600888e-14,2.0,0.0,2,1.0,0.0,1.0,0.0
scale_free,2.2,5,0.9753147978239367,1.2925921352899102e-14,1.0,0.0,1,1.0,0.0,1.0,0.0
scale_free,2.2,6,0.9713181868954863,3.956463007238782e-15,2.0,0.0,2,1.0,0.0,1.0,0.0
scale_free,2.2,7,0.9742304806952089,5.374583863956006e-15,1.0,0.0,1,1.0,0.0,1.0,0.0
scale_free,2.2,8,0.9682269622684461,4.618744182674146e-15,2.0,0.0,2,1.0,0.0,1.0,0.0
scale_free,2.2,9,0.9710597652632672,9.740453809129006e-15,1.0,0.0,1,1.0,0.0,1.0,0.0
scale_free,2.2,10,0.9737639635277568,1.0187260349554593e-12,1.0,0.0,1,1.0,0.0,1.0,0.0
scale_free,2.2,11,0.9723148140823816,3.1817747959602154e-14,1.0,0.0,1,1.0,0.0,1.0,0.0
scale_free,2.2,12,0.9737113519174494,4.578836867846882e-15,1.0,0.0,1,1.0,0.0,1.0,0.0
scale_free,2.2,13,0.96783924651916,3.420054988148734e-15,1.0,0.0,1,1.0,0.0,1.0,0.0
scale_free,2.2,14,0.9754908782178672,4.952271275725643e-14,1.0,0.0,1,1.0,0.0,1.0,0.0
scale_free,2.2,15,0.9748899565784889,6.574936651442953e-16,1.0,0.0,1,1.0,0.0,1.0,0.0
scale_free,2.2,16,0.96919446513027,1.8288919893645895e-14,1.0,0.0,1,1.0,0.0,1.0,0.0
scale_free,2.2,17,0.9678066210360885,8.068549173207204e-15,2.0,0.0,2,1.0,0.0,1.0,0.0
scale_free,2.2,18,0.968009644511275,1.66389161949457e-14,1.0,0.0,1,1.0,0.0,1.0,0.0
scale_free,2.2,19,0.972384471404036,2.3824857173243327e-14,1.0,0.0,1,1.0,0.0,1.0,0.0
modular,0.2,0,0.05052200756273917,0.02435823128767911,0.013478260869565217,0.11531087265950755,0,0.9865217391304347,0.011304347826086957,0.8913043478260869,1.756910615977858e-05
modular,0.2,1,0.06599508835156667,0.026967071949533725,0.03130434782608696,0.17413898366899444,0,0.9686956521739131,0.020869565217391306,0.6856521739130435,0.00011376641897872591
modular,0.2,2,0.05879421762275168,0.03293111706225966,0.024782608695652172,0.1582339919842815,0,0.9756521739130435,0.02043478260869565,0.7460869565217392,7.872814504407692e-05
modular,0.2,3,0.04448633824226616,0.02384143853947599,0.029565217391304348,0.16938451910345664,0,0.9704347826086956,0.019130434782608695,0.8717391304347826,9.580312053861647e-05
modular,0.2,4,0.058013565371333606,0.018806697622272668,0.016956521739130436,0.12910847419763286,0,0.9830434782608696,0.01652173913043478,0.8626086956521739,3.6169899875599606e-05
modular,0.2,5,0.056244326504772076,0.022868694054852253,0.020869565217391306,0.1429476353950227,0,0.9791304347826087,0.01391304347826087,0.8308695652173913,4.15061594987095e-05
modular,0.2,6,0.05945494966216247,0.029132516146865437,0.018260869565217393,0.13389327917389846,0,0.9817391304347826,0.01565217391304348,0.9482608695652174,3.8269688288284646e-05
modular,0.2,7,0.06777761230899151,0.039405898342082565,0.025217391304347827,0.1567848030905777,0,0.9747826086956521,0.019130434782608695,0.8895652173913043,7.563607531233413e-05
modular,0.2,8,0.045410262851702105,0.018671012560077197,0.03,0.1705872210923198,0,0.97,0.022608695652173914,0.7765217391304348,0.00011570264203240754
modular,0.2,9,0.052953840694043346,0.022972708927809466,0.02826086956521739,0.16571720736433848,0,0.9717391304347827,0.021739130434782608,0.7708695652173913,0.00010181114342321767
modular,0.2,10,0.061122987622679335,0.023752975455814215,0.021304347826086957,0.15316386075692262,0,0.98,0.019130434782608695,0.9556521739130435,5.860182804853462e-05
modular,0.2,11,0.055832526878609894,0.023632911347720734,0.03173913043478261,0.17530475759096345,0,0.9682608695652174,0.01652173913043478,0.6556521739130434,9.192730188865809e-05
modular,0.2,12,0.059600193609711055,0.02494693964835913,0.029565217391304348,0.16938451910345664,0,0.9704347826086956,0.020869565217391306,0.8708695652173913,0.00010451249467777343
modular,0.2,13,0.0633449859481789,0.026699379156187333,0.04043478260869565,0.1991717253564734,0,0.96,0.03217391304347826,0.5921739130434782,0.00025632535886041763
modular,0.2,14,0.05766070532928937,0.027273211247641642,0.026956521739130435,0.16195637583886044,0,0.9730434782608696,0.019130434782608695,0.7834782608695652,8.351928476056529e-05
modular,0.2,15,0.05354436075943454,0.02309921655527936,0.03173913043478261,0.17530475759096345,0,0.9682608695652174,0.02434782608695652,0.7873913043478261,0.00013547181067401272
modular,0.2,16,0.05557432408737568,0.024899630643444557,0.02782608695652174,0.16447430146138278,0,0.9721739130434782,0.020869565217391306,0.7047826086956521,9.55132473156873e-05
modular,0.2,17,0.0396783380175549,0.02727504451374468,0.025652173913043478,0.1580953506165771,0,0.9743478260869565,0.018260869565217393,0.7417391304347826,7.405676753902039e-05
modular,0.2,18,0.07423822703046118,0.025373738383863417,0.03,0.1731172008131812,0,0.9704347826086956,0.019130434782608695,0.7395652173913043,9.79143084893324e-05
modular,0.2,19,0.05775199134796378,0.02300809865062254,0.026521739130434784,0.1736840884217333,0,0.9756521739130435,0.01391304347826087,0.81,5.8835899588328276e-05
modular,0.3,0,0.06540935802402474,0.029476791824698298,0.020869565217391306,0.1429476353950227,0,0.9791304347826087,0.013043478260869565,0.8669565217391304,3.891202471649359e-05
modular,0.3,1,0.0753560203717923,0.03147157442688255,0.0391304347826087,0.19390524453024138,0,0.9608695652173913,0.021739130434782608,0.6304347826086957,0.00016494775813317045
modular,0.3,2,0.05536006022835493,0.031712052738606444,0.021304347826086957,0.14439692721727865,0,0.9786956521739131,0.014782608695652174,0.9039130434782608,4.5475481477791977e-05
modular,0.3,3,0.052492081692114965,0.0267507819913572,0.02,0.14607919234025976,0,0.9808695652173913,0.014782608695652174,0.7869565217391304,4.131086701781524e-05
modular,0.3,4,0.06734284505387395,0.029687347383371743,0.035652173913043476,0.18775159553438925,0,0.9647826086956521,0.026956521739130435,0.6765217391304348,0.00017823980108730173
modular,0.3,5,0.0675793187863881,0.03613801958363205,0.033478260869565214,0.17988181375201484,0,0.9665217391304348,0.023478260869565216,0.7386956521739131,0.00014138915187862874
modular,0.3,6,0.0697706092183664,0.03880029367584208,0.034782608695652174,0.18558648669924385,0,0.9656521739130435,0.02434782608695652,0.8060869565217391,0.00015520503797325508
modular,0.3,7,0.08550261585117613,0.04113430905743306,0.034782608695652174,0.18322876091917806,0,0.9652173913043478,0.021739130434782608,0.7286956521739131,0.00013854727360884775
modular,0.3,8,0.06432422823237977,0.030222032101154477,0.028695652173913042,0.16953399935593497,0,0.9717391304347827,0.025217391304347827,0.7578260869565218,0.00012082102134540766
modular,0.3,9,0.0689927889017896,0.0363657356847331,0.04608695652173913,0.20967343408334416,0,0.9539130434782609,0.030434782608695653,0.6121739130434782,0.00029409771871773084
modular,0.3,10,0.058640940910274414,0.030847958330201916,0.044782608695652176,0.21303948532194256,0,0.9565217391304348,0.02826086956521739,0.532608695652174,0.0002617687530419106
modular,0.3,11,0.08215108535404804,0.03891770713750575,0.026521739130434784,0.16068085288525183,0,0.9734782608695652,0.021739130434782608,0.8626086956521739,9.264208390237077e-05
modular,0.3,12,0.05544153396685305,0.024584111385669943,0.021304347826086957,0.14439692721727865,0,0.9786956521739131,0.014782608695652174,0.9317391304347826,4.5475481477791977e-05
modular,0.3,13,0.06394269188907424,0.037088697694839905,0.03739130434782609,0.1897187252408004,0,0.9626086956521739,0.022608695652173914,0.6208695652173913,0.00016038226404597805
modular,0.3,14,0.08926679150331329,0.0424743156350261,0.033478260869565214,0.18465263971440313,0,0.967391304347826,0.02608695652173913,0.6104347826086957,0.000157076920712173
modular,0.3,15,0.06910616573447498,0.029243022083595138,0.03434782608695652,0.1821209843210186,0,0.9656521739130435,0.02608695652173913,0.7239130434782609,0.0001631859165922516
modular,0.3,16,0.07085698778918824,0.032989225224681284,0.03,0.17058722109231983,0,0.97,0.023478260869565216,0.8034782608695652,0.00012015274345220721
modular,0.3,17,0.06035573378344238,0.03203807273230225,0.027391304347826086,0.16322077316919817,0,0.9726086956521739,0.018260869565217393,0.7939130434782609,8.164124564392983e-05
modular,0.3,18,0.07483941958245034,0.031098767012786247,0.025652173913043478,0.16350312021903757,0,0.9752173913043478,0.018695652173913044,0.7556521739130435,7.575541948811347e-05
modular,0.3,19,0.08181616699171407,0.03616447567808788,0.035652173913043476,0.18542140223910933,0,0.9643478260869566,0.023478260869565216,0.6639130434782609,0.00015520718413709856
modular,0.4,0,0.05400299293580014,0.018671216260087446,0.029565217391304348,0.16938451910345664,0,0.9704347826086956,0.019130434782608695,0.7330434782608696,9.580312053861647e-05
modular,0.4,1,0.09557456950565174,0.027678543029179915,0.03391304347826087,0.18339169604345168,0,0.9665217391304348,0.025217391304347827,0.611304347826087,0.00015482558544588349
modular,0.4,2,0.07506082890871969,0.03250716565068879,0.03391304347826087,0.18339169604345165,0,0.9665217391304348,0.025652173913043478,0.6860869565217391,0.00015749499198564637
modular,0.4,3,0.06787317358289865,0.040508951143274026,0.03739130434782609,0.19424810202876355,0,0.9634782608695652,0.03,0.758695652173913,0.00021282836236057587
modular,0.4,4,0.09041800754345915,0.04609573553618592,0.049130434782608694,0.2161403135943883,0,0.9508695652173913,0.030434782608695653,0.4543478260869565,0.00032318902395207544
modular,0.4,5,0.1351209999992982,0.04995475391212167,0.07652173913043478,0.28325144300107774,0,0.9278260869565217,0.04652173913043478,0.36130434782608695,0.0009510609146938652
modular,0.4,6,0.0775734883939033,0.037086387887186295,0.03130434782608696,0.18147474007542821,0,0.97,0.02,0.7639130434782608,0.00010888484948949923
modular,0.4,7,0.09744765147262416,0.0487875737480793,0.043478260869565216,0.20605209758387455,0,0.9569565217391305,0.02826086956521739,0.4652173913043478,0.00025065128447453573
modular,0.4,8,0.0735685151220573,0.03766284501331199,0.044782608695652176,0.21303948532194256,0,0.9565217391304348,0.03304347826086956,0.7456521739130435,0.0003060680789122578
modular,0.4,9,0.0997681932467269,0.04849468723871823,0.0391304347826087,0.19613467075895583,0,0.961304347826087,0.025217391304347827,0.6560869565217391,0.00019138888669309952
modular,0.4,10,0.05992991698351869,0.034088171818278966,0.036521739130434785,0.1898880378505043,0,0.9639130434782609,0.023043478260869565,0.6304347826086957,0.00015790501224083062
modular,0.4,11,0.1139671847476731,0.03876099771517579,0.05521739130434783,0.22840409585182653,0,0.9447826086956522,0.034782608695652174,0.4965217391304348,0.0004386740416959153
modular,0.4,12,0.08241463212885211,0.03611056064505214,0.05608695652173913,0.23008956914616466,0,0.9439130434782609,0.03130434782608696,0.56,0.0004039833622867962
modular,0.4,13,0.06117451884972612,0.030542386084405317,0.029130434782608697,0.16817209207233189,0,0.9708695652173913,0.025217391304347827,0.7430434782608696,0.0001235381428560304
modular,0.4,14,0.09744347513391313,0.04775750443417944,0.04826086956521739,0.22807611570650183,0,0.9547826086956521,0.03173913043478261,0.5339130434782609,0.00032732588374283
modular,0.4,15,0.08581031501849636,0.035515837645328854,0.049565217391304345,0.2170449414666398,0,0.9504347826086956,0.025217391304347827,0.5743478260869566,0.00027128567294642847
modular,0.4,16,0.08409568721250131,0.042705451181133725,0.05173913043478261,0.22539148886197494,0,0.9491304347826087,0.03173913043478261,0.6869565217391305,0.0003639071393238141
modular,0.4,17,0.08140329341731463,0.05467264450980802,0.03260869565217391,0.18004147810276694,0,0.9678260869565217,0.026956521739130435,0.6656521739130434,0.00015614940116796873
modular,0.4,18,0.08754836628584307,0.04074681321190499,0.03260869565217391,0.18244039863698067,0,0.9682608695652174,0.02217391304347826,0.7939130434782609,0.0001283980405968283
modular,0.4,19,0.09115149764057175,0.04381108005326854,0.04,0.1981654995638527,0,0.9604347826086956,0.02782608695652174,0.6517391304347826,0.00021816935934516405
modular,0.5,0,0.07893945826123269,0.04135000117410684,0.0391304347826087,0.19613467075895583,0,0.961304347826087,0.028695652173913042,0.7056521739130435,0.00021778735277634649
modular,0.5,1,0.13409921002831277,0.04593399674144501,0.06217391304347826,0.24681372172655672,0,0.9391304347826087,0.04608695652173913,0.5808695652173913,0.0006923848222866009
modular,0.5,2,0.08075141774899748,0.04303156826591575,0.0391304347826087,0.20051917491478619,0,0.9621739130434782,0.027391304347826086,0.5652173913043478,0.00020775909977917417
modular,0.5,3,0.09007866593548625,0.04452205663232433,0.056956521739130433,0.237320820879004,0,0.9443478260869566,0.030869565217391304,0.6060869565217392,0.0004077073138025778
modular,0.5,4,0.11176941519507982,0.059059287231077826,0.058695652173913045,0.24234011937637828,0,0.9430434782608695,0.03739130434782609,0.4617391304347826,0.0005161065893972319
modular,0.5,5,0.17486152130544236,0.04732169731760762,0.09260869565217392,0.30308152714789244,0,0.9113043478260869,0.051304347826086956,0.2117391304347826,0.0013791642086408169
modular,0.5,6,0.0909915705560397,0.04798953054863761,0.043478260869565216,0.20393111999232305,0,0.9565217391304348,0.02826086956521739,0.5660869565217391,0.0002505769994053415
modular,0.5,7,0.09828946802569359,0.03896001706401213,0.057391304347826085,0.23994958512705644,0,0.9443478260869566,0.03391304347826087,0.49391304347826087,0.00045286516607744574
modular,0.5,8,0.09837692843236265,0.03344702532335491,0.025652173913043478,0.15809535061657712,0,0.9743478260869565,0.02,0.7891304347826087,8.110979263269002e-05
modular,0.5,9,0.10900016707891239,0.060747961516189775,0.06608695652173913,0.25190990678060976,0,0.9347826086956522,0.03782608695652174,0.5404347826086957,0.0006214412798479911
modular,0.5,10,0.1200115947838407,0.040971333518818105,0.044782608695652176,0.21708282461084016,0,0.957391304347826,0.02391304347826087,0.6530434782608696,0.00022118647893816604
modular,0.5,11,0.11896214624171908,0.028733991870812124,0.0391304347826087,0.198339038747079,0,0.9617391304347827,0.025217391304347827,0.6256521739130435,0.00019136531075782825
modular,0.5,12,0.1180240321177115,0.05501225530171878,0.05304347826086957,0.227967098743746,0,0.9478260869565217,0.03304347826086956,0.5391304347826087,0.0003930170138869346
modular,0.5,13,0.05594478898043621,0.019937282581336296,0.03608695652173913,0.19560917401876235,0,0.9656521739130435,0.022608695652173914,0.6808695652173913,0.00015190217814957705
modular,0.5,14,0.15039070857924075,0.050249224843231084,0.09391304347826086,0.29906723295919213,0,0.9082608695652173,0.05304347826086957,0.3173913043478261,0.0014553098026413717
modular,0.5,15,0.09614413234231545,0.04474375979350053,0.06,0.24470034914066882,0,0.9417391304347826,0.03695652173913044,0.5056521739130435,0.0005268690079638685
modular,0.5,16,0.07448520845403928,0.05589341730895107,0.04173913043478261,0.19999243842038333,0,0.9582608695652174,0.022608695652173914,0.6478260869565218,0.00018872633208939207
modular,0.5,17,0.15114322925064932,0.05483525168955067,0.08739130434782609,0.30605082543667905,0,0.9195652173913044,0.057391304347826085,0.38521739130434784,0.00141280931708664
modular,0.5,18,0.10901068005141613,0.056141932019288944,0.05304347826086957,0.22412020809123445,0,0.9469565217391305,0.03304347826086956,0.4543478260869565,0.000392824694198498
modular,0.5,19,0.1169983436409232,0.08152795271884813,0.11739130434782609,0.3601354502587621,0,0.8930434782608696,0.05652173913043478,0.33608695652173914,0.002177151588476341
modular,0.6,0,0.13925521843853234,0.07366603603809989,0.1373913043478261,0.3721759447323659,0,0.8726086956521739,0.07173913043478261,0.2582608695652174,0.003401294196388582
modular,0.6,1,0.18307635502666655,0.0845767831272141,0.1673913043478261,0.4152287728920397,0,0.8491304347826087,0.08391304347826087,0.2530434782608696,0.005256764930197895
modular,0.6,2,0.10579937424761322,0.053757520401730416,0.06478260869565218,0.2461418743453421,0,0.9352173913043478,0.03739130434782609,0.4230434782608696,0.0005962310136510466
modular,0.6,3,0.1354021243023218,0.07310396067595334,0.10173913043478261,0.31081452842089724,0,0.9008695652173913,0.05434782608695652,0.3973913043478261,0.0016745206470674318
modular,0.6,4,0.13442020266854549,0.06367129351091308,0.07739130434782608,0.28147464773170955,0,0.9265217391304348,0.04565217391304348,0.5252173913043479,0.0009441904978087678
modular,0.6,5,0.18385698527968827,0.06860001391098285,0.14782608695652175,0.39548491447884615,0,0.8665217391304347,0.08130434782608696,0.22826086956521738,0.004291945885551604
modular,0.6,6,0.11645843048925952,0.04881816667602065,0.07347826086956522,0.2642315963012977,0,0.9273913043478261,0.04739130434782609,0.2647826086956522,0.0009092264364771032
modular,0.6,7,0.1802778160577517,0.05131888000318004,0.10086956521739131,0.3166387743494945,0,0.9039130434782608,0.05478260869565217,0.32913043478260867,0.0016667530191840291
modular,0.6,8,0.11508740867198464,0.05660944429145506,0.04739130434782609,0.21652828696228218,0,0.9534782608695652,0.02826086956521739,0.6152173913043478,0.00028467944973729377
modular,0.6,9,0.1510609994802,0.09279115685556674,0.13826086956521738,0.378804207472995,0,0.8734782608695653,0.07130434782608695,0.46,0.003417401181658764
modular,0.6,10,0.14067116995327056,0.05160175333712722,0.06521739130434782,0.2486637255274575,0,0.9352173913043478,0.04,0.49391304347826087,0.0006443634092150187
modular,0.6,11,0.17031233740477075,0.0927681376383759,0.17478260869565218,0.42922447319927454,0,0.8443478260869566,0.08608695652173913,0.37869565217391304,0.00575144572999637
modular,0.6,12,0.126254076460748,0.042884267221716066,0.050434782608695654,0.2188403877530591,0,0.9495652173913044,0.03391304347826087,0.5730434782608695,0.000374303948350906
modular,0.6,13,0.12454882030283868,0.07550520492657285,0.08652173913043479,0.3020093389810289,0,0.9195652173913044,0.051304347826086956,0.5608695652173913,0.001246288090446282
modular,0.6,14,0.20006223957522012,0.08025066603874667,0.13478260869565217,0.3891000716840065,0,0.8817391304347826,0.0782608695652174,0.21,0.0036011984410340204
modular,0.6,15,0.12244191176179015,0.06685719132807685,0.06826086956521739,0.26233321283391775,0,0.9343478260869565,0.034782608695652174,0.47956521739130437,0.0005990520419928261
modular,0.6,16,0.09287724143217958,0.05384610619927403,0.051304347826086956,0.22645288113071282,0,0.95,0.035217391304347825,0.5930434782608696,0.00039875399766150827
modular,0.6,17,0.1783785996028799,0.06804689704537974,0.14521739130434783,0.3830639583924356,0,0.8656521739130435,0.0782608695652174,0.3521739130434783,0.00402760257807766
modular,0.6,18,0.1222790925046521,0.03919926337401592,0.07434782608695652,0.2704959388420771,0,0.9278260869565217,0.04565217391304348,0.41043478260869565,0.0008912560146111072
modular,0.6,19,0.11128514996622743,0.0672705841619293,0.0817391304347826,0.28024294078551454,0,0.92,0.042608695652173914,0.46217391304347827,0.0009552629162274496
modular,0.7,0,0.13823578648062043,0.05755966087259522,0.06521739130434782,0.2555619479945321,0,0.9369565217391305,0.041304347826086954,0.42130434782608694,0.0006654755990273322
modular,0.7,1,0.32193502659399875,0.08682232881137951,0.7608695652173914,0.9428168388835764,0,0.5082608695652174,0.2291304347826087,0.08652173913043479,0.10622943717395077
modular,0.7,2,0.1512116150972687,0.09374497284324347,0.12521739130434784,0.37062660883401694,0,0.8878260869565218,0.06782608695652174,0.49869565217391304,0.0028198449853083824
modular,0.7,3,0.10572427903166981,0.05669376851265447,0.06260869565217392,0.2475834052053596,0,0.938695652173913,0.03782608695652174,0.4147826086956522,0.0005741220627496114
modular,0.7,4,0.12600043144211584,0.06944829819310272,0.04521739130434783,0.20986267901980243,0,0.9552173913043478,0.03695652173913044,0.5021739130434782,0.0003473247267551683
modular,0.7,5,0.23614981036200935,0.07994716485498786,0.3139130434782609,0.5887919772199374,0,0.7421739130434782,0.12304347826086956,0.17695652173913043,0.01867872998641324
modular,0.7,6,0.1614773514387931,0.05867747984050336,0.07652173913043478,0.2754696968365782,0,0.9260869565217391,0.049565217391304345,0.3447826086956522,0.0010091876809832775
modular,0.7,7,0.26777652526020107,0.07796699229874433,0.43217391304347824,0.6815644186067632,0,0.6647826086956522,0.17,0.1691304347826087,0.03884028211838027
modular,0.7,8,0.2558957404066085,0.08826128518076734,0.3282608695652174,0.5782894729767831,0,0.7247826086956521,0.1491304347826087,0.14304347826086958,0.023734902254286927
modular,0.7,9,0.25125300620951146,0.12029020343336637,0.4821739130434783,0.7599396802249111,0,0.6573913043478261,0.18130434782608695,0.24956521739130436,0.04720475246512278
modular,0.7,10,0.21890691499448156,0.07040022771383449,0.2591304347826087,0.4976284019878974,0,0.7673913043478261,0.12130434782608696,0.11434782608695652,0.014041305110596454
modular,0.7,11,0.31305832533595324,0.06167129063459192,0.5352173913043479,0.751852029644232,0,0.5986956521739131,0.19652173913043477,0.08739130434782609,0.0592948319386695
modular,0.7,12,0.20860047583046773,0.06289576154267583,0.2082608695652174,0.4564718399230363,0,0.8130434782608695,0.10086956521739131,0.14130434782608695,0.008608247864304868
modular,0.7,13,0.16860218623996354,0.05952571049840796,0.12217391304347826,0.35057042363577445,0,0.8856521739130435,0.07391304347826087,0.2952173913043478,0.002962949688622972
modular,0.7,14,0.24524079813180447,0.040212941727564365,0.2382608695652174,0.48068476675524907,0,0.7856521739130434,0.11478260869565217,0.08956521739130435,0.011826480965553431
modular,0.7,15,0.1307165867700832,0.11287849760164308,0.12869565217391304,0.3717795553916102,0,0.8843478260869565,0.059130434782608696,0.3939130434782609,0.0025424380762384922
modular,0.7,16,0.23369602050502034,0.049212678554034724,0.2604347826086956,0.4921114955043841,0,0.7643478260869565,0.13434782608695653,0.08652173913043479,0.015579933772693656
modular,0.7,17,0.2307236697683266,0.09055013723174936,0.3,0.5449371722860631,0,0.7378260869565217,0.14347826086956522,0.16043478260869565,0.020498496912850106
modular,0.7,18,0.2271231803945432,0.05665559024585234,0.25043478260869567,0.474456011255266,0,0.7678260869565218,0.12521739130434784,0.08652173913043479,0.01379348572130373
modular,0.7,19,0.32186798227561986,0.051968723195915036,0.6182608695652174,0.8013122507808162,0,0.5534782608695652,0.2308695652173913,0.08652173913043479,0.0826059018519542
modular,0.8,0,0.2560834440624761,0.029100441807109946,0.2960869565217391,0.5206036557224766,0,0.7339130434782609,0.14043478260869566,0.08652173913043479,0.019453846688355005
modular,0.8,1,0.6679387941668872,0.024094914161812496,6.237391304347826,1.4265166372833247,6,0.2604347826086956,0.5060869565217392,0.08652173913043479,0.5339227963710779
modular,0.8,2,0.24362523985516943,0.09717181391526584,0.4504347826086956,0.6760980007486024,0,0.6439130434782608,0.1673913043478261,0.19652173913043477,0.040299403096334854
modular,0.8,3,0.26703242003906136,0.07400509591578333,0.38,0.6553724463831699,0,0.7017391304347826,0.14782608695652175,0.10956521739130434,0.028895854523337844
modular,0.8,4,0.3819708234673468,0.1269380566751885,1.56,1.4818789482921013,0,0.30826086956521737,0.35739130434782607,0.09391304347826086,0.36635241167428095
modular,0.8,5,0.3355612880094144,0.09258673057001872,0.9239130434782609,1.1492312709710322,0,0.4821739130434783,0.22956521739130434,0.08652173913043479,0.13661470499729314
modular,0.8,6,0.23534095143691827,0.09821296687887741,0.30217391304347824,0.5789755309220134,0,0.7534782608695653,0.12304347826086956,0.22434782608695653,0.017562002537300406
modular,0.8,7,0.6336016045906672,0.02716832194963002,5.185217391304348,1.4525984799817768,5,0.2678260869565217,0.5256521739130435,0.08652173913043479,0.5590598481164429
modular,0.8,8,0.4241060550823834,0.06831175439501974,1.6704347826086956,1.405608264621683,1,0.29,0.38217391304347825,0.08652173913043479,0.3814026365926541
modular,0.8,9,0.2709392880506076,0.13410818731592247,0.5852173913043478,0.816753219954619,0,0.5882608695652174,0.2026086956521739,0.2165217391304348,0.06813512878097985
modular,0.8,10,0.5165110335733025,0.038787381863006884,2.971304347826087,1.5581630889352458,3,0.2539130434782609,0.5026086956521739,0.08652173913043479,0.5842952538786861
modular,0.8,11,0.5943002855269178,0.0925503024443827,4.682173913043478,2.0558156247090182,5,0.21956521739130436,0.5178260869565218,0.08652173913043479,0.8308157207360087
modular,0.8,12,0.4388125878923554,0.052770167389896344,1.8752173913043477,1.247464801508199,2,0.30391304347826087,0.4282608695652174,0.08652173913043479,0.37187774756142666
modular,0.8,13,0.5025317208248181,0.04099400936618037,2.8260869565217392,1.4407779876961848,3,0.25869565217391305,0.5191304347826087,0.08652173913043479,0.5544598505977831
modular,0.8,14,0.2744415476763601,0.11688664700142778,0.5791304347826087,0.9768178729424493,0,0.6608695652173913,0.15565217391304348,0.15,0.05156268895895289
modular,0.8,15,0.2986149848654812,0.04984962695172662,0.4926086956521739,0.7036780229084788,0,0.6152173913043478,0.18956521739130436,0.10173913043478261,0.05132725961281707
modular,0.8,16,0.32178216852221814,0.05950308863086847,0.6504347826086957,0.8131927321734591,0,0.5252173913043479,0.2291304347826087,0.08652173913043479,0.08846491650747179
modular,0.8,17,0.414346590517633,0.051884512272011185,1.698695652173913,1.2068997449369698,1,0.35391304347826086,0.4017391304347826,0.08652173913043479,0.31326098213744374
modular,0.8,18,0.5518520668218725,0.032595587686078,3.4965217391304346,1.532683377767219,3,0.25217391304347825,0.5647826086956522,0.08652173913043479,0.6473428777582302
modular,0.8,19,0.5047446962068536,0.057999789160625335,2.646521739130435,1.7355142295100199,2,0.2773913043478261,0.4369565217391304,0.08652173913043479,0.54798615866296
modular,0.9,0,0.639880379927838,0.10921852986959045,5.4369565217391305,2.320031736631895,6,0.21347826086956523,0.48478260869565215,0.08652173913043479,0.8846096830907885
modular,0.9,1,0.7946807255421774,0.008368728686096125,7.036086956521739,1.6657684977483327,7,0.2308695652173913,0.36217391304347823,0.08652173913043479,0.4640147736075627
modular,0.9,2,0.4877974883381099,0.07062873927951452,2.6134782608695653,1.6433505241364619,3,0.22130434782608696,0.43869565217391304,0.08652173913043479,0.5613856261997
modular,0.9,3,0.6310355217251645,0.04684111012688411,5.3652173913043475,1.647820351028218,6,0.24130434782608695,0.561304347826087,0.08652173913043479,0.7017394053512555
modular,0.9,4,0.6403310626814462,0.04037075954282599,5.69,1.6597498501935137,6,0.23130434782608697,0.5317391304347826,0.08652173913043479,0.6784153793625773
modular,0.9,5,0.6024848449905731,0.049408256334630814,5.003913043478261,1.8188583115943788,4,0.2082608695652174,0.5221739130434783,0.08652173913043479,0.7519624444422257
modular,0.9,6,0.5440248620518183,0.02962679232496014,3.756521739130435,1.4654947486166787,4,0.25608695652173913,0.5195652173913043,0.08652173913043479,0.5664303432991513
modular,0.9,7,0.7691389682400248,0.008819806152199341,7.18304347826087,1.483816860791961,7,0.3026086956521739,0.37869565217391304,0.08652173913043479,0.39187463149655455
modular,0.9,8,0.6172318530557348,0.02533201574173155,4.82,1.40704438915177,5,0.2778260869565217,0.5552173913043478,0.08652173913043479,0.5641734665542503
modular,0.9,9,0.5898960637247092,0.05228577912344249,4.5343478260869565,1.616260649682676,5,0.2408695652173913,0.5091304347826087,0.08652173913043479,0.6246789372343458
modular,0.9,10,0.7229295592813838,0.02311781841377616,6.976086956521739,1.5706111774399905,7,0.24304347826086956,0.48695652173913045,0.08652173913043479,0.5789350006432863
modular,0.9,11,0.7751470245305658,0.008767944713086489,7.167391304347826,1.6587782759067102,7,0.23565217391304347,0.4369565217391304,0.08652173913043479,0.5540099956136713
modular,0.9,12,0.7041672715430992,0.020404972358191317,6.678260869565217,1.5316818042068574,7,0.26565217391304347,0.5021739130434782,0.08652173913043479,0.564838792285036
modular,0.9,13,0.7016587716237218,0.011367550980154382,6.872173913043478,1.4794856818495177,6,0.2608695652173913,0.5273913043478261,0.08652173913043479,0.5767197410825481
modular,0.9,14,0.6895652655938035,0.02306131371051083,6.504347826086956,1.4226363343759283,6,0.2604347826086956,0.4821739130434783,0.08652173913043479,0.5073107732437695
modular,0.9,15,0.5926900719956812,0.1141983083435549,4.911739130434783,2.4584444572408737,6,0.19304347826086957,0.47043478260869565,0.08652173913043479,0.9332757092571026
modular,0.9,16,0.6219862036888976,0.02783581354056755,5.142173913043478,1.466808000007052,5,0.26130434782608697,0.5304347826086957,0.08652173913043479,0.5747391856307112
modular,0.9,17,0.6519083235102149,0.02191027702566583,5.8447826086956525,1.4634068932971844,5,0.2673913043478261,0.5647826086956522,0.08652173913043479,0.6055060424997561
modular,0.9,18,0.7030295627462576,0.01400150751088745,6.5004347826086954,1.48660681115219,6,0.2526086956521739,0.57,0.08652173913043479,0.6333138931855335
modular,0.9,19,0.6803703920087736,0.014638375479551819,6.141304347826087,1.3598395184976988,6,0.28347826086956524,0.51,0.08652173913043479,0.4969208351078093
modular,1.0,0,0.7797039638074484,0.05378764456884425,6.663913043478261,1.5591531679518262,7,0.2573913043478261,0.36478260869565216,0.08652173913043479,0.42236015229451035
modular,1.0,1,0.8525180606656376,0.006074672018809957,5.955217391304348,1.4249923556323334,6,0.3191304347826087,0.19782608695652174,0.08652173913043479,0.19193758190760757
modular,1.0,2,0.7075176640852088,0.015458199985178443,5.989130434782608,1.5175392353454504,6,0.26521739130434785,0.35130434782608694,0.08652173913043479,0.39172593242865683
modular,1.0,3,0.7546940499786536,0.012718061040039565,6.6634782608695655,1.5307759007193253,7,0.26869565217391306,0.42869565217391303,0.08652173913043479,0.47990895274512785
modular,1.0,4,0.7519130319007374,0.013132689790774359,7.318695652173913,1.650743717363746,7,0.25782608695652176,0.4608695652173913,0.08652173913043479,0.564629244528033
modular,1.0,5,0.7796777240871803,0.011972714807530753,6.866521739130435,1.7338098504027186,6,0.23043478260869565,0.3339130434782609,0.08652173913043479,0.44553341499088467
modular,1.0,6,0.7566674409752505,0.013801816456871353,6.271739130434782,1.5437339041200329,6,0.24434782608695652,0.32956521739130434,0.08652173913043479,0.38444635659627036
modular,1.0,7,0.8440469730532608,0.00570330872828131,5.501304347826087,1.4889441965419252,6,0.28347826086956524,0.14608695652173914,0.08652173913043479,0.15585446081407586
modular,1.0,8,0.7570048352199098,0.012352244551146228,6.831739130434783,1.5333797628651753,7,0.27,0.40304347826086956,0.08652173913043479,0.4511536616969728
modular,1.0,9,0.7858360807053244,0.014031511726477004,6.385217391304348,1.5226831854249272,6,0.27260869565217394,0.3169565217391304,0.08652173913043479,0.3510567683208934
modular,1.0,10,0.7939870386592883,0.014498400367484633,6.109565217391304,1.6165434898085311,6,0.2543478260869565,0.31782608695652176,0.08652173913043479,0.38310094527925675
modular,1.0,11,0.8424383771087788,0.0059931643155338166,5.619130434782608,1.6754439075464727,6,0.22695652173913045,0.24565217391304348,0.08652173913043479,0.31816648261919095
modular,1.0,12,0.7837791162055823,0.016926134736940567,6.866086956521739,1.8130870602623408,7,0.22260869565217392,0.3739130434782609,0.08652173913043479,0.5270222529830503
modular,1.0,13,0.7899916631687474,0.008936697799905996,7.02,1.5577408390804712,7,0.2569565217391304,0.40304347826086956,0.08652173913043479,0.466510401937689
modular,1.0,14,0.8035545989836692,0.009962047277414928,6.096086956521739,1.7156269968843938,7,0.23173913043478261,0.22695652173913045,0.08652173913043479,0.29913983791998594
modular,1.0,15,0.7961454989105557,0.010179698376719544,6.662173913043478,1.8347502057719849,7,0.21347826086956523,0.3143478260869565,0.08652173913043479,0.45362620888742244
modular,1.0,16,0.7792004645896309,0.01559459704849565,7.105217391304348,1.8276306104881246,8,0.21956521739130436,0.35043478260869565,0.08652173913043479,0.4998414264425855
modular,1.0,17,0.7605480952488463,0.012557669023107895,7.669130434782609,1.6171913738047536,8,0.23652173913043478,0.5065217391304347,0.08652173913043479,0.6253975590886293
modular,1.0,18,0.776839241242747,0.016908811731834818,7.653913043478261,1.4450086177881576,7,0.26565217391304347,0.48130434782608694,0.08652173913043479,0.510730785158819
modular,1.0,19,0.8157162848728192,0.009450492275455271,6.064347826086957,1.7557949421891534,6,0.2308695652173913,0.23565217391304347,0.08652173913043479,0.31823302195177294
modular,1.1,0,0.8607517934227935,0.008247445640706664,5.983913043478261,1.723545988666174,5,0.2539130434782609,0.1956521739130435,0.08652173913043479,0.2515921019377147
modular,1.1,1,0.8886096699154017,0.0033648386853354826,6.102173913043479,1.3076678760687208,6,0.29,0.10086956521739131,0.08652173913043479,0.09365176290498319
modular,1.1,2,0.8185224471431775,0.0072874190317938885,5.682608695652174,1.2844055210614291,6,0.3273913043478261,0.15565217391304348,0.08652173913043479,0.1344682753643498
modular,1.1,3,0.8179494021003948,0.007455888255923442,6.5947826086956525,1.5300379920409972,6,0.2508695652173913,0.27956521739130435,0.08652173913043479,0.3204371015175229
modular,1.1,4,0.8290619063952084,0.006653427253199531,5.357391304347826,1.4304490550365017,6,0.25173913043478263,0.18695652173913044,0.08652173913043479,0.20010873721376346
modular,1.1,5,0.8375141781194021,0.007113487119721329,6.35304347826087,1.4936574159995692,7,0.29695652173913045,0.18304347826086956,0.08652173913043479,0.19221507506591304
modular,1.1,6,0.8282603048066836,0.005731398851731899,6.020869565217391,1.659360571041116,6,0.23,0.21695652173913044,0.08652173913043479,0.27720700658689373
modular,1.1,7,0.8843611609865899,0.0034464650099976088,3.840869565217391,1.121675427918194,3,0.32,0.03826086956521739,0.09173913043478261,0.029183069287358736
modular,1.1,8,0.8189432243574022,0.007102021912365028,6.143478260869565,1.470677479778422,6,0.27956521739130435,0.2326086956521739,0.08652173913043479,0.24645524348602477
modular,1.1,9,0.858386138145333,0.003865165661514344,4.73695652173913,1.1193668038618538,4,0.30695652173913046,0.08869565217391304,0.08652173913043479,0.06880741472899901
modular,1.1,10,0.8659414676538183,0.005373934623710274,5.588695652173913,1.691526977635312,5,0.24434782608695652,0.1391304347826087,0.08652173913043479,0.1778373630705794
modular,1.1,11,0.8844815921083548,0.005498719344160708,4.915652173913044,1.2930645301055215,5,0.29130434782608694,0.1391304347826087,0.08652173913043479,0.1274976301986274
modular,1.1,12,0.8385328065579449,0.00599875622925392,4.904347826086957,1.279088758816235,5,0.3217391304347826,0.13956521739130434,0.08652173913043479,0.12108062220306018
modular,1.1,13,0.8341255981097419,0.007777209871291617,7.021304347826087,1.4595943580259196,7,0.2747826086956522,0.2847826086956522,0.08652173913043479,0.30144900293331306
modular,1.1,14,0.8587758266603562,0.0031732427917311153,3.420434782608696,0.9624334116361757,4,0.4217391304347826,0.034782608695652174,0.08652173913043479,0.019357829478671627
modular,1.1,15,0.8515098912908643,0.007565782123172898,4.949565217391305,1.4286128214365077,5,0.28043478260869564,0.14956521739130435,0.08652173913043479,0.1537500674741488
modular,1.1,16,0.8391997187456541,0.005766315459253021,5.380434782608695,1.408995875147076,5,0.29043478260869565,0.15347826086956523,0.08652173913043479,0.15344364706569694
modular,1.1,17,0.8194964225516491,0.009695051017521472,6.165652173913044,1.7917548504844083,5,0.2252173913043478,0.2891304347826087,0.08652173913043479,0.40137679731819
modular,1.1,18,0.8163867546313848,0.010284830010103576,7.826086956521739,1.8168815594678194,7,0.23043478260869565,0.40304347826086956,0.08652173913043479,0.5635389605587389
modular,1.1,19,0.8663547724344852,0.005059153564303014,5.272608695652174,1.5640074429693474,6,0.2417391304347826,0.11695652173913043,0.08652173913043479,0.1387017395157683
modular,1.2,0,0.8919590451880516,0.014337099401376337,5.108260869565218,1.0026146347725597,5,0.37043478260869567,0.09956521739130435,0.08652173913043479,0.06284669098537059
modular,1.2,1,0.9134546603966814,0.0013666436341630342,5.536086956521739,0.8304018887179805,6,0.44173913043478263,0.034782608695652174,0.08652173913043479,0.016124552828252137
modular,1.2,2,0.8635901214473023,0.00336916749928914,4.960434782608695,0.885977614109529,5,0.45652173913043476,0.06521739130434782,0.08652173913043479,0.031402798713180025
modular,1.2,3,0.8651442829807641,0.004479959736714178,4.473478260869565,1.1694261271746558,4,0.33695652173913043,0.07391304347826087,0.08652173913043479,0.05731072354854285
modular,1.2,4,0.8682518108638059,0.005297513219635736,5.127826086956522,1.2591265313415354,6,0.3065217391304348,0.12173913043478261,0.08652173913043479,0.10629979461554544
modular,1.2,5,0.877465679537515,0.004744937489683651,5.34,1.697327823117984,5,0.23217391304347826,0.08782608695652173,0.08652173913043479,0.11445957578274683
modular,1.2,6,0.8704537572328642,0.003747864020507678,3.6647826086956523,0.9887513846094517,4,0.3708695652173913,0.07173913043478261,0.08652173913043479,0.044625584144252016
modular,1.2,7,0.9112037796760816,0.0013909717185319654,2.53,0.4990991885387112,3,0.53,0.01,0.14521739130434783,0.0023457664207085613
modular,1.2,8,0.8781879318461757,0.002559686786387965,4.765652173913043,0.917626077521475,5,0.4291304347826087,0.06739130434782609,0.08652173913043479,0.03530258486539168
modular,1.2,9,0.8953863965112198,0.0032703185948675926,4.181739130434782,0.9541745905956489,4,0.32130434782608697,0.030434782608695653,0.08652173913043479,0.01970938770135342
modular,1.2,10,0.8968004411737223,0.0035088269342715213,3.9682608695652175,1.065809152399422,4,0.44217391304347825,0.03826086956521739,0.10173913043478261,0.022747470640378176
modular,1.2,11,0.9054479186229626,0.0033379588381279904,5.983913043478261,1.0418221459265067,6,0.3782608695652174,0.09956521739130435,0.08652173913043479,0.0644925333748783
modular,1.2,12,0.8827361158760054,0.0035748802877763734,3.743478260869565,1.0580236238656702,4,0.36826086956521736,0.05478260869565217,0.08652173913043479,0.036616418250640506
modular,1.2,13,0.8667681352864123,0.004724732218345318,5.551304347826087,1.2691911301154388,6,0.3169565217391304,0.13608695652173913,0.08652173913043479,0.11797551505854864
modular,1.2,14,0.8935163642617427,0.0022285339388169465,2.2482608695652173,0.5975468122387025,2,0.581304347826087,0.01,0.33652173913043476,0.0025019027727375153
modular,1.2,15,0.8889046686201734,0.0027875034580979244,3.2582608695652175,1.063749121182544,4,0.32521739130434785,0.035217391304347825,0.08652173913043479,0.025279023311769157
modular,1.2,16,0.8803749147415619,0.003767623303891113,3.4921739130434784,1.1785877935671816,3,0.3065217391304348,0.043478260869565216,0.08652173913043479,0.03553587096363228
modular,1.2,17,0.8694299795016134,0.003703211085166454,4.469130434782609,1.1711770854979462,4,0.35782608695652174,0.08826086956521739,0.08652173913043479,0.06638094531201141
modular,1.2,18,0.8576301833046306,0.00802190688712547,6.568695652173913,1.5143008268930327,6,0.27217391304347827,0.2234782608695652,0.08652173913043479,0.24630604009808968
modular,1.2,19,0.8996858718840952,0.002375166826949112,4.838260869565217,0.9121958798697887,5,0.36869565217391304,0.03304347826086956,0.08652173913043479,0.01902885496819665
modular,1.3,0,0.9160828041737327,0.0023332863644721174,5.485652173913043,1.008771642564907,6,0.4234782608695652,0.05608695652173913,0.08652173913043479,0.03261898442794884
modular,1.3,1,0.9303909807966743,5.907437046931078e-05,3.0,0.0,3,1.0,0.0,1.0,0.0
modular,1.3,2,0.8953183379422519,0.002072082667176217,3.6156521739130434,0.5005373294245375,4,0.6226086956521739,0.02043478260869565,0.13130434782608696,0.003860098656044642
modular,1.3,3,0.8961632539664676,0.001971506244051037,2.7617391304347825,1.0829575132133904,3,0.3652173913043478,0.018695652173913044,0.08652173913043479,0.01285218833952892
modular,1.3,4,0.8931468867866225,0.0031423173075947734,5.1060869565217395,1.1116213741175927,5,0.36086956521739133,0.08,0.08652173913043479,0.05683768488274448
modular,1.3,5,0.9014123376788613,0.001959296161094109,4.9995652173913046,0.9621080941750395,6,0.37217391304347824,0.023478260869565216,0.20521739130434782,0.014181728534356574
modular,1.3,6,0.899194087781179,0.002377912897469991,3.24,0.6638229203373572,3,0.5669565217391305,0.021304347826086957,0.13,0.006124237301480137
modular,1.3,7,0.9278368392434836,7.638100918121663e-05,3.0,0.0,3,1.0,0.0,1.0,0.0
modular,1.3,8,0.9053307530058209,0.0013613380995492093,4.19695652173913,0.5072426293857433,4,0.7052173913043478,0.013478260869565217,0.33304347826086955,0.0020153547023485274
modular,1.3,9,0.9188596723817678,2.4836322961809488e-05,3.0,0.0,3,1.0,0.0,1.0,0.0
modular,1.3,10,0.9189396015651722,0.0014486275082981307,2.7117391304347827,0.46245236815983026,3,0.7160869565217391,0.008695652173913044,0.31173913043478263,0.0011417067339744033
modular,1.3,11,0.9263571107426196,0.001620753218144599,3.4643478260869567,0.6164683855003117,4,0.53,0.02,0.08652173913043479,0.00579480311344307
modular,1.3,12,0.9103113562564951,0.0015189474453877873,2.1534782608695653,0.5644628743185259,2,0.6578260869565218,0.010869565217391304,0.08652173913043479,0.0020993966113329386
modular,1.3,13,0.8998775723448086,0.002927778792937493,3.8621739130434785,1.0226370707391286,4,0.5265217391304348,0.026521739130434784,0.15217391304347827,0.012841731669854186
modular,1.3,14,0.913947333813389,0.0015783001476546983,1.94,0.23748684174075832,2,0.94,0.0017391304347826088,0.7843478260869565,2.4781249909115742e-05
modular,1.3,15,0.9140233245320658,0.0016224460602650233,2.8282608695652174,0.384008063478666,3,0.8308695652173913,0.005652173913043478,0.59,0.00036709435171713203
modular,1.3,16,0.9040711195790249,0.002536189302896371,3.397391304347826,0.7055014706871822,4,0.5191304347826087,0.021739130434782608,0.08652173913043479,0.007375091327723216
modular,1.3,17,0.9023185525255971,0.0019353880370442781,2.5921739130434784,0.8646334057136542,3,0.4121739130434783,0.023478260869565216,0.08652173913043479,0.011932922187713893
modular,1.3,18,0.8857065634018191,0.004343097732555077,4.99695652173913,1.076826798808137,5,0.3730434782608696,0.10304347826086957,0.08652173913043479,0.06956708305695271
modular,1.3,19,0.9204849714813864,0.0016668092568813853,4.392608695652174,0.8398950109922091,5,0.5995652173913043,0.01391304347826087,0.3517391304347826,0.004679279308716823
modular,1.4,0,0.9318107440866384,0.0015728978874625427,3.4882608695652175,0.545608174217686,4,0.5121739130434783,0.02,0.08652173913043479,0.00532323827896402
modular,1.4,1,0.9427299601424474,8.237673671452109e-07,1.0,0.0,1,1.0,0.0,1.0,0.0
modular,1.4,2,0.9138347383387376,5.98961240621582e-05,3.0,0.0,3,1.0,0.0,1.0,0.0
modular,1.4,3,0.9167911179295661,1.192980228076943e-05,3.0,0.0,3,1.0,0.0,1.0,0.0
modular,1.4,4,0.9114421267537115,0.002474999012270555,4.803913043478261,0.8862634760387582,5,0.41,0.033478260869565214,0.12347826086956522,0.017505630834391443
modular,1.4,5,0.9216834422410104,1.5583297268527104e-06,2.0,0.0,2,1.0,0.0,1.0,0.0
modular,1.4,6,0.9190204245916487,1.0839361934731414e-06,3.0,0.0,3,1.0,0.0,1.0,0.0
modular,1.4,7,0.9406172094938535,1.645002809951933e-07,2.0,0.0,2,1.0,0.0,1.0,0.0
modular,1.4,8,0.9239638091241917,1.299985397731722e-06,3.0,0.0,3,1.0,0.0,1.0,0.0
modular,1.4,9,0.9337044416672232,3.966562087913944e-08,3.0,0.0,3,1.0,0.0,1.0,0.0
modular,1.4,10,0.9333308803747778,4.041851617678835e-06,2.0,0.0,2,1.0,0.0,1.0,0.0
modular,1.4,11,0.9393428653770457,0.0014142094651961644,2.698695652173913,0.5209506723525508,3,0.7291304347826087,0.008695652173913044,0.4147826086956522,0.001227040855195274
modular,1.4,12,0.9276398182723011,6.103436204652007e-07,1.0,0.0,1,1.0,0.0,1.0,0.0
modular,1.4,13,0.9218420194898693,1.9208772555743517e-06,2.0,0.0,2,1.0,0.0,1.0,0.0
modular,1.4,14,0.9290902460534979,1.4280717555433292e-07,2.0,0.0,2,1.0,0.0,1.0,0.0
modular,1.4,15,0.9295839250402281,9.435566911250711e-06,2.0,0.0,2,1.0,0.0,1.0,0.0
modular,1.4,16,0.9212843180689964,0.0017522429323064683,3.4147826086956523,0.7127098901542125,4,0.5473913043478261,0.01,0.27391304347826084,0.0032257872601897156
modular,1.4,17,0.9218207062334833,0.0013943925495947533,1.5404347826086957,0.49836234644622535,2,0.5404347826086957,0.004782608695652174,0.2373913043478261,0.0010953610989979134
modular,1.4,18,0.9064745738069808,0.003743023063505598,4.93,1.0777855719624543,5,0.3726086956521739,0.06217391304347826,0.08652173913043479,0.04204158384989471
modular,1.4,19,0.9347994904399797,1.573791393664684e-06,2.0,0.0,2,1.0,0.0,1.0,0.0
modular,1.5,0,0.942365854054987,0.0013705380588610089,2.829565217391304,0.3760143181925687,3,0.8295652173913044,0.015217391304347827,0.3773913043478261,0.000975220564199726
modular,1.5,1,0.9514354355687998,2.3099791574131754e-07,1.0,0.0,1,1.0,0.0,1.0,0.0
modular,1.5,2,0.9288602528937455,1.846021403743879e-07,2.0,0.0,2,1.0,0.0,1.0,0.0
modular,1.5,3,0.9313410939845448,1.6862394665601544e-06,2.0,0.0,2,1.0,0.0,1.0,0.0
modular,1.5,4,0.9259621250207475,0.0015933407431931812,3.4791304347826086,0.5602787585966414,4,0.5113043478260869,0.00782608695652174,0.3808695652173913,0.002142828221618128
modular,1.5,5,0.9346814028795766,7.366432503888795e-07,2.0,0.0,2,1.0,0.0,1.0,0.0
modular,1.5,6,0.9327140249582171,2.9513833568007516e-07,3.0,0.0,3,1.0,0.0,1.0,0.0
modular,1.5,7,0.9497146326884092,1.451675598379636e-07,2.0,0.0,2,1.0,0.0,1.0,0.0
modular,1.5,8,0.9364548915587277,2.771836547803151e-07,2.0,0.0,2,1.0,0.0,1.0,0.0
modular,1.5,9,0.9442143975458899,1.3678045630004628e-07,2.0,0.0,2,1.0,0.0,1.0,0.0
modular,1.5,10,0.9442931640292594,9.526398593265073e-08,2.0,0.0,2,1.0,0.0,1.0,0.0
modular,1.5,11,0.9486711172452161,1.2740738474412717e-06,2.0,0.0,2,1.0,0.0,1.0,0.0
modular,1.5,12,0.9395344681138633,2.0720233857418785e-07,1.0,0.0,1,1.0,0.0,1.0,0.0
modular,1.5,13,0.93521828616295,1.8186550498771225e-07,2.0,0.0,2,1.0,0.0,1.0,0.0
modular,1.5,14,0.9401791663049813,9.279720129378068e-09,2.0,0.0,2,1.0,0.0,1.0,0.0
modular,1.5,15,0.9409653019354828,1.0006649841233393e-06,2.0,0.0,2,1.0,0.0,1.0,0.0
modular,1.5,16,0.9345143737446462,1.4304009510960928e-06,3.0,0.0,3,1.0,0.0,1.0,0.0
modular,1.5,17,0.9349587780324551,3.3090296443605904e-06,2.0,0.0,2,1.0,0.0,1.0,0.0
modular,1.5,18,0.9234361524666905,1.204938111273186e-05,3.0,0.0,3,1.0,0.0,1.0,0.0
modular,1.5,19,0.945236232135979,3.277634799690427e-07,2.0,0.0,2,1.0,0.0,1.0,0.0
modular,1.6,0,0.9505156198574763,4.191183295166393e-06,3.0,0.0,3,1.0,0.0,1.0,0.0
modular,1.6,1,0.9581500727808935,2.0158472735914867e-07,1.0,0.0,1,1.0,0.0,1.0,0.0
modular,1.6,2,0.9393708708435766,6.147361179907221e-08,2.0,0.0,2,1.0,0.0,1.0,0.0
modular,1.6,3,0.9416760395230199,7.548379354649261e-07,2.0,0.0,2,1.0,0.0,1.0,0.0
modular,1.6,4,0.9376067990328432,4.325738251388828e-06,3.0,0.0,3,1.0,0.0,1.0,0.0
modular,1.6,5,0.944275899907937,2.8515130079177525e-09,2.0,0.0,2,1.0,0.0,1.0,0.0
modular,1.6,6,0.942654301379045,8.019994395510556e-08,3.0,0.0,3,1.0,0.0,1.0,0.0
modular,1.6,7,0.9567153054084337,1.8569796693814314e-08,2.0,0.0,2,1.0,0.0,1.0,0.0
modular,1.6,8,0.9457020264428083,1.0842935886473093e-07,2.0,0.0,2,1.0,0.0,1.0,0.0
modular,1.6,9,0.9521822676809399,1.6256937191440542e-07,2.0,0.0,2,1.0,0.0,1.0,0.0
modular,1.6,10,0.9523261378650003,1.26231872012244e-08,2.0,0.0,2,1.0,0.0,1.0,0.0
modular,1.6,11,0.9562073541196607,1.8543130440518544e-07,2.0,0.0,2,1.0,0.0,1.0,0.0
modular,1.6,12,0.948348096796948,7.011155728435265e-08,1.0,0.0,1,1.0,0.0,1.0,0.0
modular,1.6,13,0.9448952901709324,2.489036351469261e-08,2.0,0.0,2,1.0,0.0,1.0,0.0
modular,1.6,14,0.9486330616091642,8.103346935462397e-09,2.0,0.0,2,1.0,0.0,1.0,0.0
modular,1.6,15,0.9494764964009431,2.7782532900582964e-07,2.0,0.0,2,1.0,0.0,1.0,0.0
modular,1.6,16,0.94436801384402,2.1748104328385065e-07,2.0,0.0,2,1.0,0.0,1.0,0.0
modular,1.6,17,0.9449603040471624,1.0296050784907773e-06,2.0,0.0,2,1.0,0.0,1.0,0.0
modular,1.6,18,0.9363991053080475,8.060382697981881e-08,5.0,0.0,5,1.0,0.0,1.0,0.0
modular,1.6,19,0.9530706855999369,8.013232543301924e-08,2.0,0.0,2,1.0,0.0,1.0,0.0
modular,1.7,0,0.9573882301674127,8.431257732255269e-07,3.0,0.0,3,1.0,0.0,1.0,0.0
modular,1.7,1,0.9634880723804203,6.796128802571729e-08,1.0,0.0,1,1.0,0.0,1.0,0.0
modular,1.7,2,0.947488250861968,1.7802747567027465e-08,2.0,0.0,2,1.0,0.0,1.0,0.0
modular,1.7,3,0.9496065351535712,2.5876162900904425e-07,2.0,0.0,2,1.0,0.0,1.0,0.0
modular,1.7,4,0.9463898733498642,7.198642148345602e-07,3.0,0.0,3,1.0,0.0,1.0,0.0
modular,1.7,5,0.9517189059612504,1.1198799645278355e-08,2.0,0.0,2,1.0,0.0,1.0,0.0
modular,1.7,6,0.9503380728376634,2.7116646591440342e-08,2.0,0.0,2,1.0,0.0,1.0,0.0
modular,1.7,7,0.9622694683276575,2.0957098787793936e-08,2.0,0.0,2,1.0,0.0,1.0,0.0
modular,1.7,8,0.9529033535129933,4.727120235769391e-08,2.0,0.0,2,1.0,0.0,1.0,0.0
modular,1.7,9,0.9584433492773662,5.687980252931617e-08,1.0,0.0,1,1.0,0.0,1.0,0.0
modular,1.7,10,0.9585984827103197,5.141064444139518e-09,2.0,0.0,2,1.0,0.0,1.0,0.0
modular,1.7,11,0.9620005270343797,1.0619621324506273e-08,2.0,0.0,2,1.0,0.0,1.0,0.0
modular,1.7,12,0.9552092135246646,1.8516906280834405e-08,1.0,0.0,1,1.0,0.0,1.0,0.0
modular,1.7,13,0.9523399762985774,2.117684208812431e-08,2.0,0.0,2,1.0,0.0,1.0,0.0
modular,1.7,14,0.9553024997102681,3.901310110115313e-09,2.0,0.0,2,1.0,0.0,1.0,0.0
modular,1.7,15,0.9561311924517046,1.0680114334045363e-08,2.0,0.0,2,1.0,0.0,1.0,0.0
modular,1.7,16,0.9518590062221383,6.050721865161565e-08,1.0,0.0,1,1.0,0.0,1.0,0.0
modular,1.7,17,0.952471517705827,4.6740162722169276e-07,1.0,0.0,1,1.0,0.0,1.0,0.0
modular,1.7,18,0.9454096559785894,3.194703956155041e-08,4.0,0.0,4,1.0,0.0,1.0,0.0
modular,1.7,19,0.9592139823580037,3.5680899483678416e-08,1.0,0.0,1,1.0,0.0,1.0,0.0
modular,1.8,0,0.9626875372817382,2.1509713405106287e-07,2.0,0.0,2,1.0,0.0,1.0,0.0
modular,1.8,1,0.9678232761037903,2.5836025548629363e-08,1.0,0.0,1,1.0,0.0,1.0,0.0
modular,1.8,2,0.9539666645731361,1.284711932456225e-08,2.0,0.0,2,1.0,0.0,1.0,0.0
modular,1.8,3,0.9559030975600913,8.431936377142492e-08,2.0,0.0,2,1.0,0.0,1.0,0.0
modular,1.8,4,0.9532100959864491,1.4367329723585004e-07,2.0,0.0,2,1.0,0.0,1.0,0.0
modular,1.8,5,0.9576674649723493,9.658305683668354e-09,2.0,0.0,2,1.0,0.0,1.0,0.0
modular,1.8,6,0.9564698604083969,1.1569057957614294e-08,2.0,0.0,2,1.0,0.0,1.0,0.0
modular,1.8,7,0.9667727483185702,1.4120594161710942e-08,2.0,0.0,2,1.0,0.0,1.0,0.0
modular,1.8,8,0.9586736815152175,1.835371502703015e-08,2.0,0.0,2,1.0,0.0,1.0,0.0
modular,1.8,9,0.9634859727141667,1.0371246791813216e-08,1.0,0.0,1,1.0,0.0,1.0,0.0
modular,1.8,10,0.9636367840301651,2.3444809355371304e-09,2.0,0.0,2,1.0,0.0,1.0,0.0
modular,1.8,11,0.9666357481912901,2.5474944591558728e-08,2.0,0.0,2,1.0,0.0,1.0,0.0
modular,1.8,12,0.9607049269890716,5.18109931795862e-09,1.0,0.0,1,1.0,0.0,1.0,0.0
modular,1.8,13,0.9582618228437173,3.820324171209194e-09,2.0,0.0,2,1.0,0.0,1.0,0.0
modular,1.8,14,0.9606890908058987,1.6498289996559325e-09,2.0,0.0,2,1.0,0.0,1.0,0.0
modular,1.8,15,0.9614768868653031,1.819109411813789e-08,2.0,0.0,2,1.0,0.0,1.0,0.0
modular,1.8,16,0.9578129649305072,1.164872453857057e-08,1.0,0.0,1,1.0,0.0,1.0,0.0
modular,1.8,17,0.9584143547611759,1.597117288602979e-07,1.0,0.0,1,1.0,0.0,1.0,0.0
modular,1.8,18,0.9523871046770109,1.2324897852915698e-08,4.0,0.0,4,1.0,0.0,1.0,0.0
modular,1.8,19,0.9641589346008447,1.0587019487414284e-08,1.0,0.0,1,1.0,0.0,1.0,0.0
modular,1.9,0,0.9669822333462521,4.817297672819158e-08,2.0,0.0,2,1.0,0.0,1.0,0.0
modular,1.9,1,0.9714031278864359,1.1577052145504703e-08,1.0,0.0,1,1.0,0.0,1.0,0.0
modular,1.9,2,0.9592522331872059,5.314745627813165e-09,2.0,0.0,2,1.0,0.0,1.0,0.0
modular,1.9,3,0.9610202516582258,2.611387172683674e-08,2.0,0.0,2,1.0,0.0,1.0,0.0
modular,1.9,4,0.958701748903764,4.3993628512960596e-08,2.0,0.0,2,1.0,0.0,1.0,0.0
modular,1.9,5,0.9625237855058091,3.914256203957888e-09,2.0,0.0,2,1.0,0.0,1.0,0.0
modular,1.9,6,0.9614716556214831,4.995197811548959e-09,2.0,0.0,2,1.0,0.0,1.0,0.0
modular,1.9,7,0.9704863905214057,5.609371979103075e-09,2.0,0.0,2,1.0,0.0,1.0,0.0
modular,1.9,8,0.9633930478708427,6.096930505776873e-09,2.0,0.0,2,1.0,0.0,1.0,0.0
modular,1.9,9,0.9676239864656118,4.810016825410334e-09,1.0,0.0,1,1.0,0.0,1.0,0.0
modular,1.9,10,0.9677655146281073,4.025878688776048e-10,2.0,0.0,2,1.0,0.0,1.0,0.0
modular,1.9,11,0.9704280368013943,1.977005711757582e-08,2.0,0.0,2,1.0,0.0,1.0,0.0
modular,1.9,12,0.9651982439774356,1.9295540878959015e-09,1.0,0.0,1,1.0,0.0,1.0,0.0
modular,1.9,13,0.963081654871896,1.682356261226565e-09,1.0,0.0,1,1.0,0.0,1.0,0.0
modular,1.9,14,0.9651184837061283,4.4897996626361494e-10,2.0,0.0,2,1.0,0.0,1.0,0.0
modular,1.9,15,0.9658565992522177,6.075198080233143e-09,1.0,0.0,1,1.0,0.0,1.0,0.0
modular,1.9,16,0.9626625520933866,3.4547252840584825e-09,1.0,0.0,1,1.0,0.0,1.0,0.0
modular,1.9,17,0.9632389086347405,6.295402470341661e-08,1.0,0.0,1,1.0,0.0,1.0,0.0
modular,1.9,18,0.9579921588582941,5.3815965501241534e-09,4.0,0.0,4,1.0,0.0,1.0,0.0
modular,1.9,19,0.9682164225130857,6.332994115353693e-09,1.0,0.0,1,1.0,0.0,1.0,0.0
modular,2.0,0,0.9705368300273209,1.5189903310975446e-08,2.0,0.0,2,1.0,0.0,1.0,0.0
modular,2.0,1,0.9743997340418643,4.260515295438446e-09,1.0,0.0,1,1.0,0.0,1.0,0.0
modular,2.0,2,0.9636374333193077,2.8244761019212107e-09,2.0,0.0,2,1.0,0.0,1.0,0.0
modular,2.0,3,0.9652530339749726,7.30047521954951e-09,1.0,0.0,1,1.0,0.0,1.0,0.0
modular,2.0,4,0.9632217244294553,1.9204537820931544e-08,1.0,0.0,1,1.0,0.0,1.0,0.0
modular,2.0,5,0.9665542413110685,5.152409800975783e-10,2.0,0.0,2,1.0,0.0,1.0,0.0
modular,2.0,6,0.9656206651663789,2.4497163874353513e-09,1.0,0.0,1,1.0,0.0,1.0,0.0
modular,2.0,7,0.973591565287497,2.2224508197798106e-09,2.0,0.0,2,1.0,0.0,1.0,0.0
modular,2.0,8,0.9673150592961524,4.204443287706336e-09,2.0,0.0,2,1.0,0.0,1.0,0.0
modular,2.0,9,0.9710710072863754,1.0104684443170455e-09,1.0,0.0,1,1.0,0.0,1.0,0.0
modular,2.0,10,0.9712019884119016,1.0500038349716479e-10,1.0,0.0,1,1.0,0.0,1.0,0.0
modular,2.0,11,0.9735820245667349,7.470114172408625e-09,2.0,0.0,2,1.0,0.0,1.0,0.0
modular,2.0,12,0.9689313444809127,1.0018593806122326e-09,1.0,0.0,1,1.0,0.0,1.0,0.0
modular,2.0,13,0.9670733795492493,2.5349086869496125e-10,1.0,0.0,1,1.0,0.0,1.0,0.0
modular,2.0,14,0.9688140257699722,1.0977624213201134e-10,2.0,0.0,2,1.0,0.0,1.0,0.0
modular,2.0,15,0.9695010384150824,1.3806076266546842e-09,1.0,0.0,1,1.0,0.0,1.0,0.0
modular,2.0,16,0.9666828340825289,9.77640000473818e-10,1.0,0.0,1,1.0,0.0,1.0,0.0
modular,2.0,17,0.9672283098605298,2.664330305409272e-08,1.0,0.0,1,1.0,0.0,1.0,0.0
modular,2.0,18,0.9625986505502125,1.950820214201456e-09,4.0,0.0,4,1.0,0.0,1.0,0.0
modular,2.0,19,0.9715966346718007,2.603558762726705e-09,1.0,0.0,1,1.0,0.0,1.0,0.0
modular,2.1,0,0.9735231076211132,3.1824165194154303e-09,1.0,0.0,1,1.0,0.0,1.0,0.0
modular,2.1,1,0.9769370427490962,1.7544712362945162e-09,1.0,0.0,1,1.0,0.0,1.0,0.0
modular,2.1,2,0.9673250912129302,2.2543639238188808e-10,2.0,0.0,2,1.0,0.0,1.0,0.0
modular,2.1,3,0.9688041852286515,1.606956075766322e-09,1.0,0.0,1,1.0,0.0,1.0,0.0
modular,2.1,4,0.9670023058630256,6.328264037854381e-09,1.0,0.0,1,1.0,0.0,1.0,0.0
modular,2.1,5,0.9699443098561968,7.612660418480207e-11,2.0,0.0,2,1.0,0.0,1.0,0.0
modular,2.1,6,0.9691091599831246,1.293401733974848e-09,1.0,0.0,1,1.0,0.0,1.0,0.0
modular,2.1,7,0.9762183990704077,8.927576325258817e-10,1.0,0.0,1,1.0,0.0,1.0,0.0
modular,2.1,8,0.9706172649713636,1.6563038544215432e-09,2.0,0.0,2,1.0,0.0,1.0,0.0
modular,2.1,9,0.9739783899772686,4.983522130522008e-10,1.0,0.0,1,1.0,0.0,1.0,0.0
modular,2.1,10,0.9740989708237501,4.042426637607786e-11,1.0,0.0,1,1.0,0.0,1.0,0.0
modular,2.1,11,0.9762398035046104,4.715719231828455e-09,2.0,0.0,2,1.0,0.0,1.0,0.0
modular,2.1,12,0.9720737213659747,3.9590386126617077e-10,1.0,0.0,1,1.0,0.0,1.0,0.0
modular,2.1,13,0.9704256791998567,9.492574073071748e-11,1.0,0.0,1,1.0,0.0,1.0,0.0
modular,2.1,14,0.9719348739108271,5.333820367249785e-11,2.0,0.0,2,1.0,0.0,1.0,0.0
modular,2.1,15,0.9725725796897059,2.1288955016245679e-10,1.0,0.0,1,1.0,0.0,1.0,0.0
modular,2.1,16,0.9700622301631293,3.9484996767392196e-10,1.0,0.0,1,1.0,0.0,1.0,0.0
modular,2.1,17,0.9705750541519967,1.1045455881427632e-08,1.0,0.0,1,1.0,0.0,1.0,0.0
modular,2.1,18,0.9664479980077684,8.060910317639092e-10,4.0,0.0,4,1.0,0.0,1.0,0.0
modular,2.1,19,0.9744480793533236,8.076297421443577e-10,1.0,0.0,1,1.0,0.0,1.0,0.0
modular,2.2,0,0.9760618637475619,1.699085840929589e-09,1.0,0.0,1,1.0,0.0,1.0,0.0
modular,2.2,1,0.9791067407721545,7.658533182411969e-10,1.0,0.0,1,1.0,0.0,1.0,0.0
modular,2.2,2,0.9704613035422845,4.942358377903193e-11,1.0,0.0,1,1.0,0.0,1.0,0.0
modular,2.2,3,0.9718186563858495,5.017036865258328e-10,1.0,0.0,1,1.0,0.0,1.0,0.0
modular,2.2,4,0.970205097587618,1.8435502990080649e-09,1.0,0.0,1,1.0,0.0,1.0,0.0
modular,2.2,5,0.9728278618040248,3.571558252180317e-11,1.0,0.0,1,1.0,0.0,1.0,0.0
modular,2.2,6,0.9720756101339503,3.207721357472914e-10,1.0,0.0,1,1.0,0.0,1.0,0.0
modular,2.2,7,0.9784629296299292,4.917665464237664e-10,1.0,0.0,1,1.0,0.0,1.0,0.0
modular,2.2,8,0.9734283250541031,7.647430206084502e-10,2.0,0.0,2,1.0,0.0,1.0,0.0
modular,2.2,9,0.9764567014005746,2.3196200403284467e-10,1.0,0.0,1,1.0,0.0,1.0,0.0
modular,2.2,10,0.9765675585947416,1.4545033143255418e-11,1.0,0.0,1,1.0,0.0,1.0,0.0
modular,2.2,11,0.9785040904656778,1.6018183056956299e-09,1.0,0.0,1,1.0,0.0,1.0,0.0
modular,2.2,12,0.9747481497231013,1.1993928778598375e-10,1.0,0.0,1,1.0,0.0,1.0,0.0
modular,2.2,13,0.9732737524013472,2.4436705207128413e-11,1.0,0.0,1,1.0,0.0,1.0,0.0
modular,2.2,14,0.9745977925262642,1.7768270723216314e-11,2.0,0.0,2,1.0,0.0,1.0,0.0
modular,2.2,15,0.9751893296375732,5.24128191213048e-10,1.0,0.0,1,1.0,0.0,1.0,0.0
modular,2.2,16,0.9729356535403219,3.472437616188964e-10,1.0,0.0,1,1.0,0.0,1.0,0.0
modular,2.2,17,0.9734161419395996,3.862892023164858e-09,1.0,0.0,1,1.0,0.0,1.0,0.0
modular,2.2,18,0.9697070834423719,2.847551365278299e-10,3.0,0.0,3,1.0,0.0,1.0,0.0
modular,2.2,19,0.976879106593996,3.8032636887162186e-10,1.0,0.0,1,1.0,0.0,1.0,0.0
spatial_lattice,0.2,0,0.06018099144478917,0.023032717510696833,0.04,0.1981654995638527,0,0.9604347826086956,0.03260869565217391,0.6939130434782609,0.00025566721663503484
spatial_lattice,0.2,1,0.04929008019248645,0.028648118879815818,0.024782608695652172,0.15546199214563786,0,0.9752173913043478,0.018260869565217393,0.8826086956521739,7.035463697121445e-05
spatial_lattice,0.2,2,0.04722952617817312,0.023827167158763738,0.024782608695652172,0.15546199214563786,0,0.9752173913043478,0.018260869565217393,0.7734782608695652,7.035463697121445e-05
spatial_lattice,0.2,3,0.06275721520351109,0.030589578462908024,0.03217391304347826,0.17646175892512508,0,0.9678260869565217,0.021739130434782608,0.7565217391304347,0.00012342316409390443
spatial_lattice,0.2,4,0.04234888200206089,0.021269060114409436,0.02826086956521739,0.1657172073643385,0,0.9717391304347827,0.022608695652173914,0.7995652173913044,0.00010588358897281391
spatial_lattice,0.2,5,0.05199024370068979,0.025356742276446236,0.02043478260869565,0.14148216236837421,0,0.9795652173913043,0.011304347826086957,0.8960869565217391,3.2682649850354514e-05
spatial_lattice,0.2,6,0.05020337099362673,0.02248427489826467,0.023043478260869565,0.15004158213812063,0,0.9769565217391304,0.014782608695652174,0.731304347826087,5.1110576427781236e-05
spatial_lattice,0.2,7,0.06278120207963575,0.026610139827709975,0.03739130434782609,0.18971872524080044,0,0.9626086956521739,0.020869565217391306,0.6547826086956522,0.00014804516735735136
spatial_lattice,0.2,8,0.0508574539082033,0.02011788834104499,0.02434782608695652,0.15412660202507494,0,0.9756521739130435,0.021739130434782608,0.8895652173913043,8.15793016109104e-05
spatial_lattice,0.2,9,0.06361006901471883,0.038309740284819704,0.03608695652173913,0.19111205750951415,0,0.9647826086956521,0.02217391304347826,0.5965217391304348,0.00014924082139432517
spatial_lattice,0.2,10,0.049760945288640626,0.022442920442965045,0.023043478260869565,0.1500415821381206,0,0.9769565217391304,0.014782608695652174,0.8256521739130435,5.111057642778123e-05
spatial_lattice,0.2,11,0.05916974296669417,0.024034658815410483,0.03,0.17561073553397186,0,0.9708695652173913,0.02217391304347826,0.6834782608695652,0.00011343325338018826
spatial_lattice,0.2,12,0.059361517897616525,0.021306083925709585,0.03130434782608696,0.17906288299938916,0,0.9695652173913043,0.02043478260869565,0.6369565217391304,0.00011136425593518248
spatial_lattice,0.2,13,0.05652348300769622,0.02627617004630451,0.02043478260869565,0.14148216236837421,0,0.9795652173913043,0.017391304347826087,0.9078260869565218,5.02809982129992e-05
spatial_lattice,0.2,14,0.05406816252525032,0.027773673182475693,0.024782608695652172,0.15546199214563783,0,0.9752173913043478,0.014782608695652174,0.9134782608695652,5.695375447246e-05
spatial_lattice,0.2,15,0.048048303735419066,0.026984977731738743,0.020869565217391306,0.1429476353950227,0,0.9791304347826087,0.018260869565217393,0.9273913043478261,5.4476833409789034e-05
spatial_lattice,0.2,16,0.05368383393615282,0.024807097029872768,0.028695652173913042,0.1669497281226503,0,0.971304347826087,0.019130434782608695,0.8121739130434783,9.16487780361332e-05
spatial_lattice,0.2,17,0.05579560501740704,0.023718562738654116,0.0408695652173913,0.20017194876836267,0,0.9595652173913043,0.028695652173913042,0.6178260869565217,0.0002322600121657829
spatial_lattice,0.2,18,0.06783515090656456,0.031234979208151978,0.03608695652173913,0.1888233388861889,0,0.9643478260869566,0.02608695652173913,0.7760869565217391,0.0001756164202140132
spatial_lattice,0.2,19,0.04454527959043955,0.02495106985870584,0.02391304347826087,0.15277830287664435,0,0.9760869565217392,0.020869565217391306,0.7813043478260869,7.624475215894064e-05
spatial_lattice,0.3,0,0.04031241916264137,0.023754050897771918,0.026956521739130435,0.16195637583886044,0,0.9730434782608696,0.017391304347826087,0.7691304347826087,7.592662290649395e-05
spatial_lattice,0.3,1,0.04962430969060821,0.03058765276660989,0.03260869565217391,0.17761015911269773,0,0.967391304347826,0.02,0.691304347826087,0.00011583271825643862
spatial_lattice,0.3,2,0.04422156992237755,0.020280169334405178,0.02043478260869565,0.1414821623683742,0,0.9795652173913043,0.017391304347826087,0.8408695652173913,5.0280998212999184e-05
spatial_lattice,0.3,3,0.05353192339636972,0.027026778952547816,0.021304347826086957,0.14439692721727865,0,0.9786956521739131,0.018260869565217393,0.8691304347826087,5.6175594042853065e-05
spatial_lattice,0.3,4,0.08360265002575673,0.030140667185410443,0.04826086956521739,0.21431695694467687,0,0.9517391304347826,0.03304347826086956,0.5421739130434783,0.0003417727605860892
spatial_lattice,0.3,5,0.0667515429940492,0.039402903935621375,0.02826086956521739,0.1708839467340855,0,0.9726086956521739,0.021739130434782608,0.8347826086956521,0.0001017550958361916
spatial_lattice,0.3,6,0.06597686871043533,0.0363053242369337,0.03869565217391304,0.19510987646487787,0,0.9617391304347827,0.028695652173913042,0.6021739130434782,0.00021421516105827001
spatial_lattice,0.3,7,0.04515718915790653,0.020671658576494233,0.021739130434782608,0.14583052027172538,0,0.9782608695652174,0.017391304347826087,0.811304347826087,5.513441537125905e-05
spatial_lattice,0.3,8,0.042513480450655984,0.02242178119179094,0.033478260869565214,0.17988181375201484,0,0.9665217391304348,0.019130434782608695,0.7082608695652174,0.00011520597672001791
spatial_lattice,0.3,9,0.05312376863864488,0.03526291349099839,0.021304347826086957,0.14439692721727865,0,0.9786956521739131,0.019130434782608695,0.8656521739130435,5.885062218411833e-05
spatial_lattice,0.3,10,0.07058187781087735,0.033405234857069775,0.04782608695652174,0.21339810768361783,0,0.9521739130434783,0.02391304347826087,0.6443478260869565,0.00024405644715985023
spatial_lattice,0.3,11,0.0734091817334057,0.03501597829936242,0.022608695652173914,0.14865242188770855,0,0.9773913043478261,0.020869565217391306,0.8639130434782609,7.013921792259936e-05
spatial_lattice,0.3,12,0.058656040701179725,0.024987661317282805,0.03,0.18049448985928968,0,0.9717391304347827,0.021739130434782608,0.6708695652173913,0.00011088981456079708
spatial_lattice,0.3,13,0.05924904206142381,0.030173167076847356,0.029130434782608697,0.1681720920723319,0,0.9708695652173913,0.018260869565217393,0.73,8.945865652303615e-05
spatial_lattice,0.3,14,0.07325002889668843,0.03509511255190997,0.033478260869565214,0.17988181375201484,0,0.9665217391304348,0.02434782608695652,0.7769565217391304,0.0001466257869103509
spatial_lattice,0.3,15,0.05147524551916436,0.030131046857051057,0.021739130434782608,0.1458305202717254,0,0.9782608695652174,0.020869565217391306,0.83,6.616129781146514e-05
spatial_lattice,0.3,16,0.052001351198973735,0.02462751122469239,0.021304347826086957,0.14439692721727865,0,0.9786956521739131,0.01391304347826087,0.7752173913043479,4.280045333652671e-05
spatial_lattice,0.3,17,0.06923187164283336,0.03145189401640215,0.044782608695652176,0.21098876057469718,0,0.9560869565217391,0.029130434782608697,0.658695652173913,0.00026989810809483264
spatial_lattice,0.3,18,0.057318744681000205,0.028688107004377992,0.018695652173913044,0.13544786732800598,0,0.981304347826087,0.019130434782608695,0.9782608695652174,4.844373882426859e-05
spatial_lattice,0.3,19,0.05877076037693554,0.02323279239790859,0.022608695652173914,0.14865242188770855,0,0.9773913043478261,0.017391304347826087,0.8943478260869565,5.8449348828972356e-05
spatial_lattice,0.4,0,0.07335799104013858,0.02418024562544001,0.03304347826086956,0.17875012393084655,0,0.9669565217391304,0.023478260869565216,0.6778260869565217,0.00013867496027556087
spatial_lattice,0.4,1,0.07000400519839114,0.03446603846911034,0.04869565217391304,0.22893523572182908,0,0.9543478260869566,0.025652173913043478,0.5991304347826087,0.0002681009150443458
spatial_lattice,0.4,2,0.0775190942153452,0.050484504981675137,0.056956521739130433,0.231759522718076,0,0.9430434782608695,0.03304347826086956,0.4834782608695652,0.0004361810733478847
spatial_lattice,0.4,3,0.0932119053220199,0.035573526461725596,0.03782608695652174,0.19528032296384087,0,0.9630434782608696,0.025217391304347827,0.6465217391304348,0.00018199093202061226
spatial_lattice,0.4,4,0.09041645486344348,0.040477434301668426,0.03608695652173913,0.18650653632175265,0,0.9639130434782609,0.021739130434782608,0.6930434782608695,0.00014631420819269766
spatial_lattice,0.4,5,0.06874414284089374,0.03787476309285083,0.024782608695652172,0.15546199214563786,0,0.9752173913043478,0.017391304347826087,0.82,6.700441634652583e-05
spatial_lattice,0.4,6,0.07108623722817688,0.041171555353139364,0.049565217391304345,0.22297354611798909,0,0.9517391304347826,0.029565217391304348,0.45652173913043476,0.0003181482765640315
spatial_lattice,0.4,7,0.06851351246252681,0.03653642292226103,0.020869565217391306,0.151798294184099,0,0.9804347826086957,0.011304347826086957,0.7460869565217392,3.357353873469173e-05
spatial_lattice,0.4,8,0.07014713829663959,0.03238464074779345,0.03782608695652174,0.19077545466353735,0,0.9621739130434782,0.025217391304347827,0.67,0.00018197598911273707
spatial_lattice,0.4,9,0.06528560092973669,0.04535618142669646,0.03782608695652174,0.19304103014507226,0,0.9626086956521739,0.023478260869565216,0.6252173913043478,0.0001694674068387962
spatial_lattice,0.4,10,0.06748171455351193,0.037071052113515475,0.03130434782608696,0.17413898366899447,0,0.9686956521739131,0.022608695652173914,0.8221739130434783,0.00012324695343934414
spatial_lattice,0.4,11,0.0841360269721306,0.05252237680256773,0.058260869565217394,0.239739934710294,0,0.9430434782608695,0.030869565217391304,0.6282608695652174,0.0004215162958363115
spatial_lattice,0.4,12,0.06669161736134344,0.037489305261255275,0.03391304347826087,0.18339169604345168,0,0.9665217391304348,0.02608695652173913,0.7386956521739131,0.00016016439852540928
spatial_lattice,0.4,13,0.07098180584158292,0.04634591001441575,0.043478260869565216,0.20393111999232305,0,0.9565217391304348,0.029565217391304348,0.5665217391304348,0.0002621420912763617
spatial_lattice,0.4,14,0.08789023727347545,0.039655936474441655,0.04608695652173913,0.20967343408334416,0,0.9539130434782609,0.034782608695652174,0.6256521739130435,0.0003361116771540909
spatial_lattice,0.4,15,0.0543541824184816,0.024561912118976244,0.020869565217391306,0.1429476353950227,0,0.9791304347826087,0.01565217391304348,0.9082608695652173,4.669442906314131e-05
spatial_lattice,0.4,16,0.07994478830468484,0.03840400191866561,0.03826086956521739,0.1940786970347908,0,0.9621739130434782,0.023478260869565216,0.5921739130434782,0.00017235950047345851
spatial_lattice,0.4,17,0.06629045566986935,0.028154596487100322,0.03608695652173913,0.19111205750951415,0,0.9647826086956521,0.018695652173913044,0.8669565217391304,0.00012583049752548485
spatial_lattice,0.4,18,0.09381400063154097,0.042101970074570054,0.04608695652173913,0.21781003151798975,0,0.9556521739130435,0.02608695652173913,0.5439130434782609,0.0002519843939486448
spatial_lattice,0.4,19,0.062484179472705945,0.027377589712917372,0.02391304347826087,0.15836773744879443,0,0.9769565217391304,0.017391304347826087,0.8291304347826087,6.346684739063743e-05
spatial_lattice,0.5,0,0.06647776807249912,0.03346028072518814,0.029130434782608697,0.16817209207233189,0,0.9708695652173913,0.01652173913043478,0.7534782608695653,8.093878493978756e-05
spatial_lattice,0.5,1,0.10293365150495316,0.037137305129786656,0.03217391304347826,0.17890868503328805,0,0.9682608695652174,0.027391304347826086,0.7995652173913044,0.0001555389551052665
spatial_lattice,0.5,2,0.07401207338628316,0.04342694527305022,0.028695652173913042,0.17458782137480483,0,0.9726086956521739,0.020869565217391306,0.808695652173913,9.980219227508233e-05
spatial_lattice,0.5,3,0.07586888814727671,0.03244222108002143,0.0408695652173913,0.20233233624686717,0,0.96,0.025217391304347827,0.7543478260869565,0.00020409175595969878
spatial_lattice,0.5,4,0.08675545902842605,0.038877937020664666,0.041304347826086954,0.20116625933326862,0,0.9591304347826087,0.02608695652173913,0.731304347826087,0.00021447594444835147
spatial_lattice,0.5,5,0.06769678549279647,0.026101799349307373,0.02434782608695652,0.15412660202507494,0,0.9756521739130435,0.01652173913043478,0.7765217391304348,6.200027012492735e-05
spatial_lattice,0.5,6,0.08003982893444278,0.04601805387604421,0.02782608695652174,0.16447430146138278,0,0.9721739130434782,0.023478260869565216,0.7952173913043479,0.00010745240265806367
spatial_lattice,0.5,7,0.0679310952334198,0.027652990941043145,0.03956521739130435,0.1949354020286802,0,0.9604347826086956,0.019130434782608695,0.7056521739130435,0.00014754657665837722
spatial_lattice,0.5,8,0.11240541252971535,0.04248862217182331,0.05217391304347826,0.22432423199155532,0,0.9482608695652174,0.03391304347826087,0.4265217391304348,0.00039360634834464264
spatial_lattice,0.5,9,0.08446011110901396,0.025950214266557393,0.035217391304347825,0.18432885464317375,0,0.9647826086956521,0.021739130434782608,0.6473913043478261,0.00014112134133181854
spatial_lattice,0.5,10,0.07540821068021905,0.03320629707665374,0.035217391304347825,0.18432885464317375,0,0.9647826086956521,0.025217391304347827,0.66,0.0001637007549062565
spatial_lattice,0.5,11,0.06516620109886179,0.040768613684152244,0.03869565217391304,0.19732569298378555,0,0.9621739130434782,0.028695652173913042,0.5656521739130435,0.00021418604321318886
spatial_lattice,0.5,12,0.06885494508954426,0.03789741693662916,0.043478260869565216,0.210229867891071,0,0.9578260869565217,0.029565217391304348,0.6582608695652173,0.0002621316172990149
spatial_lattice,0.5,13,0.08029933032978026,0.03068518350742246,0.03260869565217391,0.17761015911269773,0,0.967391304347826,0.02782608695652174,0.7143478260869566,0.000161158562264405
spatial_lattice,0.5,14,0.06908938970829696,0.04258755013422187,0.03173913043478261,0.17530475759096345,0,0.9682608695652174,0.025217391304347827,0.7634782608695653,0.000140310089427941
spatial_lattice,0.5,15,0.0839839882326582,0.03481521296811378,0.029130434782608697,0.17073786272932018,0,0.971304347826087,0.018260869565217393,0.7078260869565217,8.94679359931347e-05
spatial_lattice,0.5,16,0.07057011275340162,0.027880498619908666,0.025217391304347827,0.1567848030905777,0,0.9747826086956521,0.01565217391304348,0.8169565217391305,6.18840623380377e-05
spatial_lattice,0.5,17,0.09913388877783576,0.05024915905383226,0.02826086956521739,0.168320402904777,0,0.9721739130434782,0.02043478260869565,0.811304347826087,9.571035854713295e-05
spatial_lattice,0.5,18,0.053603260698999365,0.03532470423658227,0.04521739130434783,0.20986267901980243,0,0.9552173913043478,0.022608695652173914,0.61,0.00021248101295775638
spatial_lattice,0.5,19,0.08364385801697855,0.03635255293231315,0.035217391304347825,0.19353394411221378,0,0.9665217391304348,0.023043478260869565,0.6234782608695653,0.0001493028469181106
spatial_lattice,0.6,0,0.08351091730826117,0.04460358769031212,0.04434782608695652,0.21004815362935278,0,0.9565217391304348,0.02782608695652174,0.6195652173913043,0.0002541225390432764
spatial_lattice,0.6,1,0.08100852178075722,0.04909097671457197,0.04565217391304348,0.22670275668058923,0,0.9582608695652174,0.022608695652173914,0.59,0.00021393198703317014
spatial_lattice,0.6,2,0.10426995589515461,0.050597997911927046,0.07173913043478261,0.2580554738796367,0,0.9282608695652174,0.03826086956521739,0.3734782608695652,0.000708311073471527
spatial_lattice,0.6,3,0.0788066377093423,0.027114024166156096,0.03,0.1705872210923198,0,0.97,0.020869565217391306,0.7252173913043478,0.00010680243919280826
spatial_lattice,0.6,4,0.08517506189577782,0.03195416874613329,0.03130434782608696,0.17413898366899447,0,0.9686956521739131,0.02,0.7995652173913044,0.00010902615174841681
spatial_lattice,0.6,5,0.08897183917212492,0.04527153891260092,0.033478260869565214,0.17988181375201484,0,0.9665217391304348,0.021739130434782608,0.71,0.0001309158818151844
spatial_lattice,0.6,6,0.10054201492564097,0.05079599009291741,0.04,0.19595917942265426,0,0.96,0.029565217391304348,0.5865217391304348,0.00023174303741646285
spatial_lattice,0.6,7,0.09068952239258095,0.04905307949054279,0.03782608695652174,0.2061121797076013,0,0.9652173913043478,0.016956521739130436,0.6734782608695652,0.00012156333433125852
spatial_lattice,0.6,8,0.08694707670527187,0.05638013537311394,0.052608695652173916,0.24194353260185297,0,0.9517391304347826,0.02608695652173913,0.6830434782608695,0.00030460188826021234
spatial_lattice,0.6,9,0.09912509743582659,0.03449961246883062,0.043043478260869565,0.21135041544705047,0,0.9586956521739131,0.02826086956521739,0.5778260869565217,0.00024670866948310057
spatial_lattice,0.6,10,0.08307108197080873,0.03934410324156449,0.03608695652173913,0.18650653632175265,0,0.9639130434782609,0.021739130434782608,0.6647826086956522,0.00014631420819269766
spatial_lattice,0.6,11,0.05870721397732919,0.03120038350146918,0.015217391304347827,0.12241659326348771,0,0.9847826086956522,0.010434782608695653,0.9765217391304348,1.9438553534190092e-05
spatial_lattice,0.6,12,0.0862988129438495,0.043669110284964285,0.056956521739130433,0.231759522718076,0,0.9430434782608695,0.029565217391304348,0.5456521739130434,0.00039026727754286697
spatial_lattice,0.6,13,0.10899466529630696,0.060881597074548925,0.05347826086956522,0.23629584801320525,0,0.9491304347826087,0.030869565217391304,0.6595652173913044,0.0003710604296848597
spatial_lattice,0.6,14,0.09231713161993746,0.043917888406990443,0.04782608695652174,0.21542589811891297,0,0.9526086956521739,0.03,0.6969565217391305,0.00030627943927402987
spatial_lattice,0.6,15,0.09433795903080142,0.0380139958734264,0.03,0.1705872210923198,0,0.97,0.02434782608695652,0.7613043478260869,0.00012460284487200685
spatial_lattice,0.6,16,0.08917724296233191,0.05354723379327357,0.056956521739130433,0.23362799829622666,0,0.9434782608695652,0.03434782608695652,0.4026086956521739,0.00045356514411285816
spatial_lattice,0.6,17,0.09214288171752555,0.05424212668999203,0.03739130434782609,0.19199677060926215,0,0.9630434782608696,0.02608695652173913,0.628695652173913,0.0001851008634485077
spatial_lattice,0.6,18,0.09469495536751038,0.04527469924361932,0.05434782608695652,0.23050655158012548,0,0.9465217391304348,0.029130434782608697,0.6126086956521739,0.00035909348899472904
spatial_lattice,0.6,19,0.08188172753461231,0.04640536665477822,0.035217391304347825,0.1935339441122138,0,0.9665217391304348,0.025217391304347827,0.6752173913043479,0.00016338802054442485
spatial_lattice,0.7,0,0.13177683427074466,0.04430168113364933,0.06260869565217392,0.24404592210954618,0,0.9378260869565217,0.03130434782608696,0.5113043478260869,0.00047498996111655824
spatial_lattice,0.7,1,0.17452202335800637,0.058286808005854326,0.13,0.3588205316213713,0,0.8778260869565218,0.05478260869565217,0.2956521739130435,0.002401587896879391
spatial_lattice,0.7,2,0.08249745524070551,0.03514422041877688,0.04782608695652174,0.21339810768361786,0,0.9521739130434783,0.018695652173913044,0.6682608695652174,0.00019080777000628216
spatial_lattice,0.7,3,0.0884042278882717,0.032716559960979365,0.049565217391304345,0.22101501544248006,0,0.951304347826087,0.026956521739130435,0.6195652173913043,0.0002901187758347919
spatial_lattice,0.7,4,0.10530094160047675,0.05153092096714169,0.04652173913043478,0.22069275703038166,0,0.9556521739130435,0.023043478260869565,0.568695652173913,0.00022553215430638266
spatial_lattice,0.7,5,0.12488550819218551,0.07075887500336078,0.06826086956521739,0.28151997649271937,0,0.9395652173913044,0.026521739130434784,0.5447826086956522,0.0004512302402048587
spatial_lattice,0.7,6,0.12159458191285374,0.06647133277747701,0.07695652173913044,0.2777069895099587,0,0.9260869565217391,0.043478260869565216,0.4291304347826087,0.000892442141824713
spatial_lattice,0.7,7,0.11956181124377127,0.04701988042339525,0.07304347826086957,0.27004725484398334,0,0.9295652173913044,0.030869565217391304,0.4708695652173913,0.0005871613659423633
spatial_lattice,0.7,8,0.11436445666805918,0.05319179778016088,0.06913043478260869,0.2553839912499753,0,0.931304347826087,0.034782608695652174,0.4608695652173913,0.0006102180987157334
spatial_lattice,0.7,9,0.1645541119809589,0.04262372083594331,0.07217391304347825,0.27506452241862045,0,0.9321739130434783,0.03434782608695652,0.3556521739130435,0.0006408119608658275
spatial_lattice,0.7,10,0.13621138206385125,0.04987999285749289,0.08826086956521739,0.2956812645534707,0,0.9152173913043479,0.03869565217391304,0.49391304347826087,0.0009700469714439562
spatial_lattice,0.7,11,0.04778192925932883,0.024098571477951428,0.06173913043478261,0.24955006771166388,0,0.9404347826086956,0.023478260869565216,0.49391304347826087,0.0003489927182540863
spatial_lattice,0.7,12,0.1157521353106768,0.05188426898766859,0.08347826086956522,0.28739623754234705,0,0.9195652173913044,0.036521739130434785,0.4752173913043478,0.000844260426029333
spatial_lattice,0.7,13,0.11306418566879951,0.07000517202908971,0.06782608695652174,0.26491929077328163,0,0.9356521739130435,0.03391304347826087,0.5313043478260869,0.0005781150062127205
spatial_lattice,0.7,14,0.09843822881211181,0.03224120030222577,0.03869565217391304,0.19286860469435815,0,0.961304347826087,0.020869565217391306,0.5256521739130435,0.00015575325495926294
spatial_lattice,0.7,15,0.1060966582158238,0.032295336640809934,0.058695652173913045,0.23689668171416706,0,0.9417391304347826,0.023478260869565216,0.508695652173913,0.00032404243136016436
spatial_lattice,0.7,16,0.08982873055462176,0.04741025984964914,0.049565217391304345,0.2170449414666398,0,0.9504347826086956,0.02434782608695652,0.697391304347826,0.0002619309949399268
spatial_lattice,0.7,17,0.11613128808615057,0.041800223330916216,0.06086956521739131,0.25322121354019195,0,0.9421739130434783,0.029565217391304348,0.42391304347826086,0.0004329173407784241
spatial_lattice,0.7,18,0.13921940629579208,0.0434104796593202,0.08478260869565217,0.2952282766770765,0,0.92,0.04739130434782609,0.43130434782608695,0.0011193002725852648
spatial_lattice,0.7,19,0.08630477009924556,0.04242826980515724,0.05,0.21794494717703364,0,0.95,0.026956521739130435,0.42434782608695654,0.0002937518962228147
spatial_lattice,0.8,0,0.11609774694208368,0.06036244666981916,0.09173913043478261,0.29901508139823263,0,0.9113043478260869,0.034782608695652174,0.29478260869565215,0.0009224813362414052
spatial_lattice,0.8,1,0.20069641646818598,0.05664847960271696,0.18521739130434783,0.46019721259493873,0,0.8434782608695652,0.05347826086956522,0.2273913043478261,0.003852085624715913
spatial_lattice,0.8,2,0.14256366222171912,0.07563712018040934,0.10173913043478261,0.3311331293277287,0,0.9065217391304348,0.051304347826086956,0.3978260869565217,0.0015880619385235937
spatial_lattice,0.8,3,0.13456399437079278,0.05667072391653635,0.06347826086956522,0.25429542381035586,0,0.9391304347826087,0.03608695652173913,0.49869565217391304,0.0005585846704271192
spatial_lattice,0.8,4,0.13509612599386014,0.07124880821531002,0.14695652173913043,0.4034248465393437,0,0.8695652173913043,0.05565217391304348,0.48869565217391303,0.002928452624853298
spatial_lattice,0.8,5,0.1020334594621721,0.04600899710875998,0.036521739130434785,0.1875843855477402,0,0.9634782608695652,0.017391304347826087,0.61,0.00011914623283208132
spatial_lattice,0.8,6,0.13459878613162016,0.04799603509429819,0.07652173913043478,0.27388681723997776,0,0.9256521739130434,0.04173913043478261,0.38869565217391305,0.0008499293193820724
spatial_lattice,0.8,7,0.10946183562890735,0.05939577284136515,0.08521739130434783,0.2853658150395641,0,0.9165217391304348,0.028695652173913042,0.6995652173913044,0.0006835833145933649
spatial_lattice,0.8,8,0.13909135707527348,0.06025980876722522,0.11782608695652173,0.34708045078838806,0,0.8904347826086957,0.05434782608695652,0.43782608695652175,0.0020667361816639035
spatial_lattice,0.8,9,0.13510612734500518,0.04644911901919095,0.06304347826086956,0.24482353507584217,0,0.9373913043478261,0.02782608695652174,0.44173913043478263,0.00042652056339215774
spatial_lattice,0.8,10,0.12643595535196012,0.06399968367412867,0.08217391304347826,0.28089076511727185,0,0.9195652173913044,0.0391304347826087,0.5117391304347826,0.0008840891037280899
spatial_lattice,0.8,11,0.19446810452828822,0.07724545691889274,0.18347826086956523,0.452323553834528,0,0.8365217391304348,0.07260869565217391,0.20304347826086958,0.005369055006341604
spatial_lattice,0.8,12,0.12376867479330271,0.07191336502323861,0.07782608695652174,0.2836632498570633,0,0.9265217391304348,0.03608695652173913,0.4830434782608696,0.0007521634245756015
spatial_lattice,0.8,13,0.0967295835993043,0.028844693889282694,0.043478260869565216,0.21432621815419545,0,0.9586956521739131,0.021304347826086957,0.6878260869565217,0.00018859897775766693
spatial_lattice,0.8,14,0.09951891466121099,0.049560362751641725,0.08130434782608696,0.27330194081027237,0,0.918695652173913,0.02608695652173913,0.3339130434782609,0.0005796687889297583
spatial_lattice,0.8,15,0.11446123268279551,0.05976347567854583,0.05782608695652174,0.23893707597606623,0,0.9434782608695652,0.03434782608695652,0.41695652173913045,0.0004638721817989388
spatial_lattice,0.8,16,0.08809060172406338,0.05028832339971534,0.05173913043478261,0.23483856016075022,0,0.9508695652173913,0.03217391304347826,0.7082608695652174,0.0003712136296973035
spatial_lattice,0.8,17,0.17863847967085802,0.059356524095198065,0.1808695652173913,0.42362732846400514,0,0.8347826086956521,0.07478260869565218,0.21869565217391304,0.005234079878763264
spatial_lattice,0.8,18,0.08764649970710514,0.03710743532703288,0.06695652173913043,0.26017443617710717,0,0.9356521739130435,0.028695652173913042,0.40347826086956523,0.00048041285087738406
spatial_lattice,0.8,19,0.07357521271902323,0.035689572925354074,0.03391304347826087,0.18339169604345168,0,0.9665217391304348,0.02434782608695652,0.66,0.0001494867723663577
spatial_lattice,0.9,0,0.16908724091370475,0.08192923480442288,0.22130434782608696,0.492710377471444,0,0.8104347826086956,0.06304347826086956,0.34304347826086956,0.0058883082339952104
spatial_lattice,0.9,1,0.19094250520801256,0.08328505982106693,0.35478260869565215,0.6271042459987944,0,0.7208695652173913,0.09304347826086956,0.27695652173913043,0.016286691696647353
spatial_lattice,0.9,2,0.12737004680965408,0.05149068394166654,0.07652173913043478,0.2706932917954606,0,0.9247826086956522,0.035652173913043476,0.5413043478260869,0.0007259083450130932
spatial_lattice,0.9,3,0.1612922556382984,0.06921324662256756,0.16869565217391305,0.44062509300968333,0,0.8543478260869565,0.04782608695652174,0.41695652173913045,0.0030693828009278772
spatial_lattice,0.9,4,0.12111905552489793,0.054484906740150565,0.05434782608695652,0.23238510180033564,0,0.9469565217391305,0.024782608695652172,0.48695652173913045,0.0003054831877366337
spatial_lattice,0.9,5,0.12457009746218566,0.05792502166022285,0.05565217391304348,0.24394985384485535,0,0.9478260869565217,0.01608695652173913,0.6334782608695653,0.00020475187493408658
spatial_lattice,0.9,6,0.14462410809039997,0.07161381958877447,0.1517391304347826,0.3989350189421509,0,0.8626086956521739,0.058695652173913045,0.2382608695652174,0.0032171206423474725
spatial_lattice,0.9,7,0.0838252272453916,0.046233282828214484,0.06,0.23748684174075838,0,0.94,0.02043478260869565,0.5082608695652174,0.0002911795332530971
spatial_lattice,0.9,8,0.20324449984698603,0.11479460902462195,0.40043478260869564,0.7627751293275135,0,0.7321739130434782,0.11304347826086956,0.4434782608695652,0.023093774252135043
spatial_lattice,0.9,9,0.12050191986407753,0.06420325325028561,0.07869565217391304,0.2803383723727001,0,0.9243478260869565,0.029565217391304348,0.4591304347826087,0.0006270252805491879
spatial_lattice,0.9,10,0.17843682411085574,0.06683443939946654,0.14956521739130435,0.38366060931244456,0,0.8604347826086957,0.04217391304347826,0.33869565217391306,0.002258230751496827
spatial_lattice,0.9,11,0.154012994125231,0.05982159996110475,0.17869565217391303,0.41154855329623846,0,0.8326086956521739,0.05,0.2773913043478261,0.0034444825258255585
spatial_lattice,0.9,12,0.11388895512074056,0.06063614699167721,0.07304347826086957,0.28109158004200413,0,0.9321739130434783,0.03391304347826087,0.5213043478260869,0.0006465637895664959
spatial_lattice,0.9,13,0.07732525222895308,0.051538930965582555,0.035217391304347825,0.19353394411221378,0,0.9665217391304348,0.01565217391304348,0.7395652173913043,0.00010141325658864226
spatial_lattice,0.9,14,0.1533832157359336,0.055383942124174884,0.08,0.2744797450355538,0,0.9208695652173913,0.03217391304347826,0.3617391304347826,0.0006988078111599358
spatial_lattice,0.9,15,0.0975043626335703,0.0587943156901073,0.07956521739130434,0.2831803582735026,0,0.9239130434782609,0.02608695652173913,0.6121739130434782,0.0005620782374011099
spatial_lattice,0.9,16,0.11812255640515107,0.0692253912213332,0.06956521739130435,0.2578081231369321,0,0.931304347826087,0.03130434782608696,0.3673913043478261,0.0005544093199420059
spatial_lattice,0.9,17,0.16640967784229568,0.06663605901943098,0.13391304347826086,0.35309487738929796,0,0.8704347826086957,0.06304347826086956,0.19,0.0028841644412103576
spatial_lattice,0.9,18,0.1139019398550442,0.0484363801732219,0.049130434782608694,0.21814261476857708,0,0.951304347826087,0.024782608695652172,0.6152173913043478,0.0002632556727554127
spatial_lattice,0.9,19,0.14050298809956557,0.05094890461543139,0.0808695652173913,0.2820409011886206,0,0.9217391304347826,0.03130434782608696,0.4265217391304348,0.0006909735720547174
spatial_lattice,1.0,0,0.1353946405593429,0.05869310236404812,0.10391304347826087,0.31219056513658844,0,0.8982608695652174,0.030434782608695653,0.4547826086956522,0.0009666694943210355
spatial_lattice,1.0,1,0.18044265322056427,0.11503282444418832,0.5217391304347826,0.8687604972098394,0,0.6782608695652174,0.09173913043478261,0.1917391304347826,0.02564239423685722
spatial_lattice,1.0,2,0.15999555638040375,0.08605836387472313,0.12217391304347826,0.3848597318926913,0,0.8973913043478261,0.0408695652173913,0.4330434782608696,0.0016139373348221786
spatial_lattice,1.0,3,0.18350662838583473,0.08574671263042294,0.2995652173913044,0.5780776107129227,0,0.7534782608695653,0.06782608695652174,0.34652173913043477,0.009665807481408403
spatial_lattice,1.0,4,0.17329432298561823,0.0540874899448465,0.13869565217391305,0.3746047696697911,0,0.8708695652173913,0.05,0.28956521739130436,0.0024186438873278317
spatial_lattice,1.0,5,0.19339379417913055,0.10147842089306433,0.23173913043478261,0.5173019652499087,0,0.8082608695652174,0.06478260869565218,0.3560869565217391,0.006425594585880083
spatial_lattice,1.0,6,0.12663216168940924,0.045561505679637314,0.059130434782608696,0.23586866359274677,0,0.9408695652173913,0.02608695652173913,0.42391304347826086,0.00036383523037741627
spatial_lattice,1.0,7,0.0926530120797525,0.048623662264974124,0.05173913043478261,0.22149987091787474,0,0.9482608695652174,0.01391304347826087,0.5760869565217391,0.00015944642137614024
spatial_lattice,1.0,8,0.17883218577555668,0.11383150210583472,0.36391304347826087,0.7396840637580979,0,0.7647826086956522,0.08608695652173913,0.43869565217391304,0.014977973244239851
spatial_lattice,1.0,9,0.15883738105306391,0.05514890991545812,0.2165217391304348,0.47647810019159625,0,0.8104347826086956,0.06913043478260869,0.29869565217391303,0.006244114989696496
spatial_lattice,1.0,10,0.11813029368783633,0.0710777284788599,0.1191304347826087,0.3396662433916726,0,0.8860869565217391,0.03739130434782609,0.24391304347826087,0.0014467599245338468
spatial_lattice,1.0,11,0.1437023924722204,0.05382279020672934,0.10869565217391304,0.3328572529638818,0,0.8982608695652174,0.03739130434782609,0.49434782608695654,0.0012662418785990412
spatial_lattice,1.0,12,0.15574037118410436,0.0544198674817899,0.12565217391304348,0.3627710511310851,0,0.8852173913043478,0.042608695652173914,0.35391304347826086,0.00177421793102798
spatial_lattice,1.0,13,0.1289886916264059,0.0589708740146893,0.09173913043478261,0.2931411912952979,0,0.9095652173913044,0.03130434782608696,0.5,0.0008298832932092868
spatial_lattice,1.0,14,0.139392853126717,0.04711576689455628,0.1126086956521739,0.3386895126976065,0,0.8943478260869565,0.03869565217391304,0.3673913043478261,0.001384657519925275
spatial_lattice,1.0,15,0.2253331137830714,0.04700610112619851,0.3356521739130435,0.5629412363104629,0,0.7078260869565217,0.09695652173913044,0.1582608695652174,0.015947093152858735
spatial_lattice,1.0,16,0.16426127665755758,0.05226159122973816,0.12391304347826088,0.34621228886378724,0,0.8817391304347826,0.03869565217391304,0.4682608695652174,0.0015843303034792007
spatial_lattice,1.0,17,0.1475813288211883,0.05061995248617293,0.11565217391304349,0.32519995303166305,0,0.8860869565217391,0.044782608695652176,0.24869565217391304,0.0016589501188049064
spatial_lattice,1.0,18,0.1255193075146251,0.0685115724816766,0.11869565217391305,0.3442673928898631,0,0.8882608695652174,0.04391304347826087,0.3217391304347826,0.0016892531041093812
spatial_lattice,1.0,19,0.1695851209102389,0.0837638313490037,0.22391304347826088,0.47258989603023427,0,0.7978260869565217,0.059130434782608696,0.3130434782608696,0.005649638096481459
spatial_lattice,1.1,0,0.17824698253914475,0.08007678708555103,0.11652173913043479,0.32622489836004076,0,0.8852173913043478,0.03304347826086956,0.2882608695652174,0.0012373112587485094
spatial_lattice,1.1,1,0.2648133848774338,0.08641444315660315,0.9430434782608695,0.9783612508884822,0,0.39608695652173914,0.14,0.08652173913043479,0.08271831748118177
spatial_lattice,1.1,2,0.12976469883752012,0.030832052363760548,0.06043478260869565,0.2382906201673397,0,0.9395652173913044,0.017391304347826087,0.5917391304347827,0.000250452915748945
spatial_lattice,1.1,3,0.2614462245120417,0.11293587020403018,0.6669565217391304,1.0551918629684642,0,0.6078260869565217,0.1317391304347826,0.16782608695652174,0.05451611899613613
spatial_lattice,1.1,4,0.14225275849315222,0.05512959693260184,0.15695652173913044,0.3812671639199393,0,0.8495652173913043,0.035652173913043476,0.32608695652173914,0.002044860544073522
spatial_lattice,1.1,5,0.2267565251683891,0.14544975838535637,0.681304347826087,1.1312548029120277,0,0.6269565217391304,0.11304347826086956,0.1826086956521739,0.04770516515425962
spatial_lattice,1.1,6,0.19665460020228714,0.07086480149251694,0.25956521739130434,0.5564013116984318,0,0.79,0.08391304347826087,0.29434782608695653,0.00980475888342577
spatial_lattice,1.1,7,0.12685148125767406,0.05608768409952445,0.04869565217391304,0.215231005278678,0,0.951304347826087,0.013478260869565217,0.6604347826086957,0.00014126315799075175
spatial_lattice,1.1,8,0.24597104562585678,0.17449825606646072,0.9569565217391305,1.2986177761544864,0,0.5430434782608695,0.15304347826086956,0.19434782608695653,0.09081781600435791
spatial_lattice,1.1,9,0.28745318841998624,0.11499268768769348,0.922608695652174,1.21265507261619,0,0.5021739130434782,0.14782608695652175,0.13217391304347825,0.08924132759225141
spatial_lattice,1.1,10,0.1958560044091628,0.06147206337214278,0.23173913043478261,0.4734163731662146,0,0.7904347826086957,0.07260869565217391,0.13,0.007203625343378196
spatial_lattice,1.1,11,0.20575345275402188,0.0759352794160912,0.36130434782608695,0.6354580980119166,0,0.7126086956521739,0.0791304347826087,0.2782608695652174,0.014451206252006908
spatial_lattice,1.1,12,0.19286691654570104,0.09280092309661891,0.3278260869565217,0.6195437067204073,0,0.7421739130434782,0.0817391304347826,0.18608695652173912,0.013056561709832428
spatial_lattice,1.1,13,0.15976518913475246,0.052754084481479314,0.1356521739130435,0.3548891570612181,0,0.8686956521739131,0.05304347826086957,0.2008695652173913,0.002471746001752273
spatial_lattice,1.1,14,0.2073711854307183,0.11800597614821884,0.37521739130434784,0.6531486918080646,0,0.7086956521739131,0.06826086956521739,0.4182608695652174,0.012987658203741483
spatial_lattice,1.1,15,0.0960035669219027,0.06314401989840918,0.07608695652173914,0.2732133921606967,0,0.9260869565217391,0.023043478260869565,0.5626086956521739,0.0004653407883165054
spatial_lattice,1.1,16,0.1246902076026715,0.0711363470477473,0.13652173913043478,0.4227920518323725,0,0.8891304347826087,0.035217391304347825,0.4191304347826087,0.001650807198216483
spatial_lattice,1.1,17,0.15108323910893587,0.07786636775222998,0.17,0.4173050182550763,0,0.8465217391304348,0.058695652173913045,0.3278260869565217,0.003759295081995387
spatial_lattice,1.1,18,0.18256510533143389,0.07014480041484857,0.1991304347826087,0.5574781184512849,0,0.8560869565217392,0.05304347826086957,0.5804347826086956,0.004255592023385231
spatial_lattice,1.1,19,0.1538649800703306,0.06908762564385167,0.16521739130434782,0.42590945726116375,0,0.8560869565217392,0.04434782608695652,0.33956521739130435,0.0027182524424000524
spatial_lattice,1.2,0,0.29639772268250886,0.1405645202830358,1.0156521739130435,1.3357031240282222,0,0.5147826086956522,0.1426086956521739,0.26608695652173914,0.09242560691356624
spatial_lattice,1.2,1,0.28933503550762796,0.07664638259410105,0.8278260869565217,0.9986554287673137,0,0.4917391304347826,0.11391304347826087,0.08652173913043479,0.05781969567052554
spatial_lattice,1.2,2,0.14272483302120686,0.09951900052961801,0.14869565217391303,0.3918440722246773,0,0.8647826086956522,0.04391304347826087,0.5460869565217391,0.0023266945997987534
spatial_lattice,1.2,3,0.30759115470424836,0.10986216401837097,1.0804347826086957,1.0202556297783993,1,0.36217391304347823,0.15304347826086956,0.08652173913043479,0.09959237931378705
spatial_lattice,1.2,4,0.1822910993943185,0.03371462960282282,0.16695652173913045,0.39885090145053165,0,0.8430434782608696,0.04695652173913043,0.17130434782608694,0.0029395839842947507
spatial_lattice,1.2,5,0.27176107003469757,0.065299931072989,0.6652173913043479,0.8501195290137653,0,0.5421739130434783,0.10652173913043478,0.08652173913043479,0.04145899598327424
spatial_lattice,1.2,6,0.1525043343263413,0.09847356970709827,0.20956521739130435,0.4894493646224302,0,0.8260869565217391,0.05173913043478261,0.36217391304347823,0.004404119131629696
spatial_lattice,1.2,7,0.1323741313203357,0.0539391910417034,0.07869565217391304,0.2724734426281177,0,0.9221739130434783,0.023478260869565216,0.48130434782608694,0.0004978692643895465
spatial_lattice,1.2,8,0.2275121212773113,0.05249504739199398,0.3243478260869565,0.5919887343739818,0,0.7347826086956522,0.07521739130434782,0.13695652173913042,0.011809559918534308
spatial_lattice,1.2,9,0.26774426229961557,0.10654791070209771,0.6356521739130435,0.9669936652234237,0,0.5978260869565217,0.11826086956521739,0.23565217391304347,0.04599160836058458
spatial_lattice,1.2,10,0.2608135604247603,0.08298866099398859,0.5252173913043479,0.714306410718254,0,0.5978260869565217,0.1091304347826087,0.08652173913043479,0.03135049006204112
spatial_lattice,1.2,11,0.21427898752678248,0.08971576705852746,0.23,0.4526876262463132,0,0.7821739130434783,0.04869565217391304,0.15434782608695652,0.004801740757195667
spatial_lattice,1.2,12,0.18877199600608097,0.10497738360840621,0.27956521739130435,0.56922508928229,0,0.7730434782608696,0.06782608695652174,0.26869565217391306,0.008762407968591129
spatial_lattice,1.2,13,0.16741535510761563,0.08290000395893964,0.2821739130434783,0.5249716888576749,0,0.7513043478260869,0.06565217391304348,0.26956521739130435,0.008571428242092224
spatial_lattice,1.2,14,0.1584829225823063,0.07464884364448676,0.13043478260869565,0.37350837556373095,0,0.8813043478260869,0.02434782608695652,0.5491304347826087,0.0010794321890631815
spatial_lattice,1.2,15,0.1384188291175764,0.05640464517304561,0.07347826086956522,0.2707334433598797,0,0.9291304347826087,0.02434782608695652,0.38608695652173913,0.0004671559494304252
spatial_lattice,1.2,16,0.154892504062674,0.0869898015791099,0.19130434782608696,0.42108869609750443,0,0.8195652173913044,0.03,0.43521739130434783,0.0022793714961590163
spatial_lattice,1.2,17,0.12290129585546784,0.06814047094022291,0.05956521739130435,0.23850947043214513,0,0.9408695652173913,0.016956521739130436,0.6130434782608696,0.0002391407005251154
spatial_lattice,1.2,18,0.17476922080625287,0.06657351281370297,0.14695652173913043,0.3947088611447209,0,0.8665217391304347,0.04173913043478261,0.19086956521739132,0.0021990283240758313
spatial_lattice,1.2,19,0.2893073016216194,0.04588743882650781,0.8995652173913044,0.805362344920755,1,0.42478260869565215,0.13521739130434782,0.08652173913043479,0.06264059647548516
spatial_lattice,1.3,0,0.30259111200018224,0.06182492903787928,0.4765217391304348,0.6371581517935523,0,0.601304347826087,0.08217391304347826,0.08652173913043479,0.020874818923558823
spatial_lattice,1.3,1,0.3569441028622664,0.09968193138571295,2.070869565217391,1.9069037344742878,0,0.26130434782608697,0.16869565217391305,0.08652173913043479,0.2376283236411856
spatial_lattice,1.3,2,0.2026314631453645,0.031297773992129664,0.11043478260869566,0.3161930926406338,0,0.8904347826086957,0.021304347826086957,0.28608695652173916,0.0007380628527773273
spatial_lattice,1.3,3,0.3124148962284069,0.14802467273992087,1.1695652173913043,1.338699817833868,0,0.42869565217391303,0.14869565217391303,0.11434782608695652,0.11372318294566065
spatial_lattice,1.3,4,0.25761463739896223,0.10334677038749113,0.6656521739130434,0.8796952342169245,0,0.5347826086956522,0.09913043478260869,0.10043478260869565,0.04056908346020621
spatial_lattice,1.3,5,0.31306195489335736,0.04138032942589772,0.6908695652173913,0.8406023360273237,0,0.5073913043478261,0.10869565217391304,0.08652173913043479,0.04500956783936958
spatial_lattice,1.3,6,0.243292574989416,0.08840231945026894,0.6447826086956522,0.8466782642632343,0,0.5521739130434783,0.11782608695652173,0.10739130434782608,0.044675483158710276
spatial_lattice,1.3,7,0.19138106526085227,0.09034623081005289,0.39304347826086955,0.6408854932832738,0,0.6926086956521739,0.04652173913043478,0.34304347826086956,0.009164905051707048
spatial_lattice,1.3,8,0.2984621640026456,0.08812313378471856,0.6317391304347826,0.8488055657621533,0,0.5573913043478261,0.09434782608695652,0.08652173913043479,0.03544541480106759
spatial_lattice,1.3,9,0.2766290453071207,0.09456399655448826,0.7504347826086957,0.9047578501929797,0,0.5130434782608696,0.10695652173913044,0.1317391304347826,0.04712266261168733
spatial_lattice,1.3,10,0.08527151473491104,0.04811437516006713,0.058260869565217394,0.23608495475170252,0,0.9421739130434783,0.01217391304347826,0.6630434782608695,0.00016619668123132837
spatial_lattice,1.3,11,0.27006839605369853,0.11146517333167362,0.578695652173913,0.8420358576885371,0,0.5995652173913043,0.10086956521739131,0.21217391304347827,0.034011245286901644
spatial_lattice,1.3,12,0.1497083019151004,0.0595225557123631,0.25478260869565217,0.5186510057683288,0,0.7821739130434783,0.049565217391304345,0.30782608695652175,0.005599666189242699
spatial_lattice,1.3,13,0.12294364187681667,0.05770279217228546,0.12043478260869565,0.3385644664175568,0,0.8839130434782608,0.02782608695652174,0.33956521739130435,0.0010936464669292346
spatial_lattice,1.3,14,0.23242146828549237,0.1286133444235755,0.8573913043478261,1.2327460240959554,0,0.55,0.08043478260869565,0.14608695652173914,0.04462004686168713
spatial_lattice,1.3,15,0.4310373460552027,0.07698740853578608,2.4817391304347827,1.6331129308748211,2,0.2465217391304348,0.24869565217391304,0.08652173913043479,0.30602375428644496
spatial_lattice,1.3,16,0.10750696127112429,0.037734611870426996,0.10217391304347827,0.3028768801623227,0,0.8978260869565218,0.01652173913043478,0.4404347826086957,0.0005112836868723052
spatial_lattice,1.3,17,0.20024430155832504,0.06583462020697599,0.24956521739130436,0.49376528714579576,0,0.7769565217391304,0.05391304347826087,0.23391304347826086,0.005937504353215883
spatial_lattice,1.3,18,0.219364763878592,0.13639721024972787,0.5234782608695652,0.8756940536593627,0,0.662608695652174,0.08565217391304347,0.27869565217391307,0.02530606860755252
spatial_lattice,1.3,19,0.4138441060193479,0.06861865284733336,2.666086956521739,1.769740190046169,1,0.22695652173913045,0.23478260869565218,0.08652173913043479,0.32120282769457525
spatial_lattice,1.4,0,0.2641173819121879,0.05299711572420184,0.7447826086956522,0.7584845850671581,0,0.43956521739130433,0.08043478260869565,0.2391304347826087,0.034191309797111366
spatial_lattice,1.4,1,0.327361798553456,0.1136748271985878,1.5547826086956522,1.3465087531487636,1,0.35130434782608694,0.10391304347826087,0.13869565217391305,0.0907653814534009
spatial_lattice,1.4,2,0.31205954840184263,0.058516257630196904,0.6669565217391304,0.8285368705952245,0,0.5169565217391304,0.0791304347826087,0.09956521739130435,0.0316695301370994
spatial_lattice,1.4,3,0.1997535074438421,0.08769458597245897,0.30217391304347824,0.5981817124073597,0,0.7626086956521739,0.03869565217391304,0.46260869565217394,0.005494904136846848
spatial_lattice,1.4,4,0.28947854143122137,0.13269921451809105,1.1178260869565217,1.2990078371813625,0,0.4365217391304348,0.1091304347826087,0.09217391304347826,0.0798794059122554
spatial_lattice,1.4,5,0.3867067284251699,0.08049828289497987,1.5665217391304347,1.554631533852684,0,0.32304347826086954,0.16130434782608696,0.1,0.16975959304398722
spatial_lattice,1.4,6,0.3011547284537512,0.11789216659897163,0.9830434782608696,1.0126029084905661,0,0.401304347826087,0.15608695652173912,0.1691304347826087,0.09462630676729047
spatial_lattice,1.4,7,0.4320707548504511,0.047920372888850184,1.5460869565217392,1.1049522481534815,1,0.3730434782608696,0.1408695652173913,0.08652173913043479,0.09758838064649837
spatial_lattice,1.4,8,0.3686264318323266,0.1084935011619978,1.361304347826087,1.971840465254702,0,0.4765217391304348,0.11782608695652173,0.08652173913043479,0.12162192813338103
spatial_lattice,1.4,9,0.2565682470751202,0.07224061960512795,0.49434782608695654,0.6868094228858829,0,0.6034782608695652,0.07695652173913044,0.14130434782608695,0.02095794437062045
spatial_lattice,1.4,10,0.1621293649323523,0.0701220030513715,0.13391304347826086,0.34055886461029067,0,0.8660869565217392,0.025217391304347827,0.3656521739130435,0.001150046086701348
spatial_lattice,1.4,11,0.22674252276900853,0.09099115977906128,0.2791304347826087,0.5826469812209601,0,0.7756521739130435,0.056956521739130433,0.3739130434782609,0.007445105110415397
spatial_lattice,1.4,12,0.20908361880380671,0.06542613863588471,0.42695652173913046,0.5995392055397262,0,0.6282608695652174,0.05478260869565217,0.11869565217391305,0.012209519809411823
spatial_lattice,1.4,13,0.28436860745558096,0.09243583187799574,0.5017391304347826,0.7726276575197533,0,0.6382608695652174,0.0891304347826087,0.24869565217391304,0.02491103492345357
spatial_lattice,1.4,14,0.24851709872215055,0.15173459930278108,1.096086956521739,1.618609814491744,0,0.6056521739130435,0.05391304347826087,0.358695652173913,0.03441244083040442
spatial_lattice,1.4,15,0.45463617899951564,0.06973603273729673,2.695217391304348,1.8576922793926163,2,0.20652173913043478,0.20869565217391303,0.08652173913043479,0.30762541484793854
spatial_lattice,1.4,16,0.0932816975915002,0.07809622779334544,0.16826086956521738,0.4221492850918875,0,0.8486956521739131,0.021739130434782608,0.6665217391304348,0.0013885440261790412
spatial_lattice,1.4,17,0.18236347716011334,0.07936715126313733,0.4156521739130435,0.6707025912977637,0,0.6756521739130434,0.05565217391304348,0.22695652173913045,0.012106625744542982
spatial_lattice,1.4,18,0.1250726856815314,0.04363637312040696,0.10608695652173913,0.3079488824102042,0,0.8939130434782608,0.018260869565217393,0.35,0.0005965709489150635
spatial_lattice,1.4,19,0.44302428188618703,0.07996514649931719,2.278695652173913,1.5475585381857226,1,0.2808695652173913,0.18130434782608695,0.08652173913043479,0.20177296516589838
spatial_lattice,1.5,0,0.17611589278239342,0.08489489998469045,0.2182608695652174,0.45225668138802927,0,0.798695652173913,0.02434782608695652,0.2465217391304348,0.002216656279137422
spatial_lattice,1.5,1,0.31636195752175156,0.1211938569898333,1.6682608695652175,1.32302076021016,1,0.24956521739130436,0.10695652173913044,0.11043478260869566,0.10619079923522134
spatial_lattice,1.5,2,0.20857659996926828,0.040521055362263095,0.3308695652173913,0.5434224319150863,0,0.7039130434782609,0.03391304347826087,0.16217391304347825,0.005456618826016656
spatial_lattice,1.5,3,0.13620814550791246,0.053457600887114216,0.07391304347826087,0.2616293284057458,0,0.9260869565217391,0.013043478260869565,0.5165217391304348,0.00025223245315054277
spatial_lattice,1.5,4,0.3383736743013702,0.16149313986759375,2.0165217391304346,2.1499617968206506,0,0.3865217391304348,0.11478260869565217,0.1391304347826087,0.15139307677507574
spatial_lattice,1.5,5,0.1697961873934749,0.07728843332955844,0.30391304347826087,0.630584539934005,0,0.77,0.033478260869565214,0.5504347826086956,0.004855501102526282
spatial_lattice,1.5,6,0.22542781070313317,0.07055793602582375,0.43521739130434783,0.6349759979388293,0,0.6339130434782608,0.07043478260869565,0.13391304347826086,0.016373018384223555
spatial_lattice,1.5,7,0.40592612256888183,0.06913909349141664,1.9465217391304348,1.6878623184517003,0,0.28391304347826085,0.1408695652173913,0.10130434782608695,0.17026287328252085
spatial_lattice,1.5,8,0.34636203584042885,0.1454062578972826,1.758695652173913,1.8174368103310536,0,0.3782608695652174,0.1117391304347826,0.15347826086956523,0.12626204312709172
spatial_lattice,1.5,9,0.3026403220324073,0.1556643659707436,1.5417391304347825,1.2777345855370372,0,0.28739130434782606,0.12434782608695652,0.17347826086956522,0.11322177745283639
spatial_lattice,1.5,10,0.2326099520759392,0.09031998217707567,0.5882608695652174,0.7849350688954166,0,0.5704347826086956,0.07347826086956522,0.13782608695652174,0.024775459377559917
spatial_lattice,1.5,11,0.23475934360740108,0.034449929012254826,0.3191304347826087,0.563281635044204,0,0.7286956521739131,0.049130434782608694,0.18217391304347827,0.007508150370256845
spatial_lattice,1.5,12,0.11344408940490656,0.03788970507391163,0.06434782608695652,0.2540767786551849,0,0.9378260869565217,0.013043478260869565,0.5747826086956521,0.00020604715765531122
spatial_lattice,1.5,13,0.39114031485701506,0.1930895174078243,2.035217391304348,1.8838152073252081,0,0.3452173913043478,0.19130434782608696,0.24782608695652175,0.23597189329057375
spatial_lattice,1.5,14,0.19874976325663232,0.12286404432265843,0.5791304347826087,0.8629066806489022,0,0.6426086956521739,0.04521739130434783,0.3421739130434783,0.013944833260250419
spatial_lattice,1.5,15,0.4967731106989241,0.01954119374906364,2.5678260869565217,1.2166274000793418,2,0.31173913043478263,0.14608695652173914,0.08652173913043479,0.1223269412104007
spatial_lattice,1.5,16,0.10496659950249365,0.11072327952138673,0.24695652173913044,0.688959106394243,0,0.8556521739130435,0.030434782608695653,0.8182608695652174,0.00302673159899648
spatial_lattice,1.5,17,0.16304071769877093,0.0785885310510902,0.3269565217391304,0.6345586263565833,0,0.7486956521739131,0.043043478260869565,0.33608695652173914,0.006864029217572522
spatial_lattice,1.5,18,0.2557417022991345,0.06633160808794974,0.35,0.5329368997643481,0,0.6782608695652174,0.04869565217391304,0.1356521739130435,0.008349680748492964
spatial_lattice,1.5,19,0.35619679482411676,0.11223628915284585,1.7930434782608695,1.4517588576338485,1,0.2617391304347826,0.12304347826086956,0.08652173913043479,0.13187514112739562
spatial_lattice,1.6,0,0.0938316035230494,0.03719572589874053,0.08565217391304347,0.2798497436429293,0,0.9143478260869565,0.006956521739130435,0.6469565217391304,0.00016674603379252025
spatial_lattice,1.6,1,0.23054808590333067,0.08249920239971108,0.3482608695652174,0.5308086707944287,0,0.6791304347826087,0.03173913043478261,0.1191304347826087,0.005405819892509205
spatial_lattice,1.6,2,0.33344475314163585,0.04570080833686441,1.3582608695652174,0.9975607300851109,1,0.37565217391304345,0.09608695652173913,0.08652173913043479,0.05984534713641476
spatial_lattice,1.6,3,0.21543518694681468,0.05015215755615736,0.3482608695652174,0.5266972744410129,0,0.6769565217391305,0.03782608695652174,0.18391304347826087,0.006435962082649241
spatial_lattice,1.6,4,0.3099746922427726,0.10979878759663138,1.1004347826086958,1.1401372086035715,0,0.38521739130434784,0.0817391304347826,0.2530434782608696,0.05729394293865006
spatial_lattice,1.6,5,0.13417256652021928,0.053699283488351054,0.056956521739130433,0.231759522718076,0,0.9430434782608695,0.008695652173913044,0.5639130434782609,0.00011478450271276061
spatial_lattice,1.6,6,0.24426403804869196,0.0917744052611597,0.37434782608695655,0.6489746165529563,0,0.7143478260869566,0.04826086956521739,0.3,0.008946648930439127
spatial_lattice,1.6,7,0.4487869835735182,0.11360019703858441,3.2269565217391305,2.1147030519932675,5,0.20391304347826086,0.1656521739130435,0.08652173913043479,0.27887336856516526
spatial_lattice,1.6,8,0.14479088065078732,0.05082543835047955,0.1973913043478261,0.5358391824881819,0,0.8486956521739131,0.028695652173913042,0.4339130434782609,0.0023264942858741474
spatial_lattice,1.6,9,0.15234682735231483,0.08836965299189645,0.22695652173913045,0.45469946866616523,0,0.7878260869565218,0.035217391304347825,0.2108695652173913,0.003397610795423603
spatial_lattice,1.6,10,0.31727345317271655,0.05365032839133525,1.0630434782608695,1.072554588790579,1,0.38565217391304346,0.1191304347826087,0.08652173913043479,0.07849761496994959
spatial_lattice,1.6,11,0.18401608097477068,0.12267742127028383,0.24521739130434783,0.7113054108634558,0,0.851304347826087,0.030869565217391304,0.5604347826086956,0.003265012957674719
spatial_lattice,1.6,12,0.17029518436077784,0.06592884950345934,0.24043478260869566,0.4755041101716894,0,0.7813043478260869,0.025652173913043478,0.4743478260869565,0.0026675871507894013
spatial_lattice,1.6,13,0.43817867340000693,0.22757049394487408,3.0182608695652173,2.7826506790311085,0,0.31217391304347825,0.1673913043478261,0.08652173913043479,0.32038356506662197
spatial_lattice,1.6,14,0.3401347558847589,0.10782807888991577,1.422608695652174,1.2124757904936005,0,0.30043478260869566,0.059130434782608696,0.1491304347826087,0.05015478390661263
spatial_lattice,1.6,15,0.5115054945575441,0.060731156440801154,2.7230434782608697,1.6876248676058951,2,0.22695652173913045,0.07739130434782608,0.08652173913043479,0.10096526947084257
spatial_lattice,1.6,16,0.23957249806805264,0.08678920123678041,0.6621739130434783,1.1610544552324507,0,0.6678260869565218,0.04217391304347826,0.2482608695652174,0.01626529784661084
spatial_lattice,1.6,17,0.2095688888501503,0.10121577236354329,0.5430434782608695,0.8072332499648236,0,0.6073913043478261,0.07130434782608695,0.28739130434782606,0.02259825862577191
spatial_lattice,1.6,18,0.14703381332244075,0.03228545688336343,0.08130434782608696,0.2795929393247026,0,0.9204347826086956,0.014782608695652174,0.5104347826086957,0.0003288520578750413
spatial_lattice,1.6,19,0.29812451127328893,0.09081350544831161,0.6947826086956522,0.8771835838053187,0,0.5243478260869565,0.06826086956521739,0.20217391304347826,0.028480775084008175
spatial_lattice,1.7,0,0.2440993111686032,0.0871537273852819,0.5330434782608696,0.7786523183631122,0,0.6117391304347826,0.04391304347826087,0.30434782608695654,0.013275801540528955
spatial_lattice,1.7,1,0.2612661693591866,0.09695757975936199,0.802608695652174,1.2333031553384854,0,0.6021739130434782,0.04217391304347826,0.28391304347826085,0.020692216284981812
spatial_lattice,1.7,2,0.3865923443962376,0.059666421813673876,1.92,1.2263909583035484,2,0.3734782608695652,0.11043478260869566,0.08652173913043479,0.08485373615825
spatial_lattice,1.7,3,0.19421849941709457,0.046735312997973885,0.2117391304347826,0.434332593195914,0,0.7991304347826087,0.02043478260869565,0.22260869565217392,0.001782816330846482
spatial_lattice,1.7,4,0.381918293334675,0.11673047168789881,2.260869565217391,2.0622358340307927,0,0.31478260869565217,0.09869565217391305,0.13217391304347825,0.13946483961651732
spatial_lattice,1.7,5,0.21887296600612138,0.03802907763636829,0.5665217391304348,0.6251337853031222,0,0.5060869565217392,0.010869565217391304,0.4426086956521739,0.0033561060748503253
spatial_lattice,1.7,6,0.24718638381331293,0.0677557768677567,0.26956521739130435,0.5008121947819801,0,0.7565217391304347,0.04739130434782609,0.2604347826086956,0.005778748017871112
spatial_lattice,1.7,7,0.6075100931696443,0.0912250899266781,4.305217391304348,1.752977267555717,5,0.19434782608695653,0.1334782608695652,0.10782608695652174,0.1885100073048586
spatial_lattice,1.7,8,0.16209271015418228,0.04519074384122059,0.10565217391304348,0.3185063795273525,0,0.8978260869565218,0.017391304347826087,0.44956521739130434,0.0005659659999451437
spatial_lattice,1.7,9,0.3409413571919379,0.08539968057996014,0.9017391304347826,0.9850608110732492,0,0.41739130434782606,0.08608695652173913,0.08652173913043479,0.04940573486387748
spatial_lattice,1.7,10,0.23728156766549438,0.04527205804225886,0.331304347826087,0.5940085224672329,0,0.7286956521739131,0.04739130434782609,0.10478260869565217,0.007637445088214053
spatial_lattice,1.7,11,0.27836261897452014,0.14043127891293664,1.0456521739130435,1.4803358199701104,0,0.5382608695652173,0.050434782608695654,0.38608695652173913,0.03447363590730173
spatial_lattice,1.7,12,0.3399688664601866,0.03435805084386384,2.3443478260869566,1.056095458823419,2,0.37478260869565216,0.05478260869565217,0.08652173913043479,0.03617236814484457
spatial_lattice,1.7,13,0.4334645914100079,0.15281457660586348,2.4434782608695653,2.5622385061837805,1,0.2852173913043478,0.12956521739130436,0.08652173913043479,0.23729138010015963
spatial_lattice,1.7,14,0.4031363971276237,0.08640064878472666,2.0730434782608698,1.2472105738410595,1,0.28130434782608693,0.07739130434782608,0.08652173913043479,0.0693708432373006
spatial_lattice,1.7,15,0.5211257564931634,0.047895534021483575,3.1030434782608696,0.8901828575347714,3,0.4504347826086956,0.02608695652173913,0.2773913043478261,0.012762092722755513
spatial_lattice,1.7,16,0.28709248919213065,0.11983070520484446,1.1634782608695653,1.3954167483950173,0,0.4573913043478261,0.059130434782608696,0.1282608695652174,0.04477151188601015
spatial_lattice,1.7,17,0.31010125985840725,0.1061291744899235,1.2139130434782608,1.2701856732826413,0,0.36695652173913046,0.1208695652173913,0.09782608695652174,0.09718913399940754
spatial_lattice,1.7,18,0.21598624953228168,0.03190680604173815,0.3552173913043478,0.561359913728279,0,0.6878260869565217,0.03826086956521739,0.15130434782608695,0.006704908452937116
spatial_lattice,1.7,19,0.48108234235572245,0.04697193421791333,2.9391304347826086,1.3077491883035166,3,0.2843478260869565,0.14304347826086958,0.08652173913043479,0.13387346954435417
spatial_lattice,1.8,0,0.5717173045906649,0.03711882933737672,4.449565217391305,1.0622268580301502,4,0.3447826086956522,0.07173913043478261,0.10130434782608695,0.04992968299910614
spatial_lattice,1.8,1,0.3038479403962081,0.03950096646738652,0.6839130434782609,0.6994422568728835,0,0.45260869565217393,0.03869565217391304,0.09913043478260869,0.014815350916869263
spatial_lattice,1.8,2,0.3093254403520436,0.0414912567432977,0.3226086956521739,0.5261113900183063,0,0.7065217391304348,0.03869565217391304,0.22043478260869565,0.005974696138400318
spatial_lattice,1.8,3,0.30973496480866575,0.03830973814472968,0.8034782608695652,0.7129766670714265,1,0.4791304347826087,0.04173913043478261,0.13869565217391305,0.015500571359373638
spatial_lattice,1.8,4,0.4642442745562665,0.1585337010515705,3.14,1.900219666935561,3,0.35956521739130437,0.07,0.23043478260869565,0.08518767506815186
spatial_lattice,1.8,5,0.2756378379727785,0.05190251504548143,0.6334782608695653,0.8129447742922943,0,0.542608695652174,0.00826086956521739,0.5669565217391305,0.003071671477420709
spatial_lattice,1.8,6,0.23543496574484973,0.06762127152350987,0.2526086956521739,0.4864397490847176,0,0.7713043478260869,0.03739130434782609,0.23956521739130435,0.004159657670716653
spatial_lattice,1.8,7,0.6769435412462347,0.139043474081638,3.564782608695652,1.560288071410052,2,0.31565217391304345,0.06434782608695652,0.16434782608695653,0.06870930670315109
spatial_lattice,1.8,8,0.24429207692378155,0.0701196460955507,0.542608695652174,0.6861437128670599,0,0.5482608695652174,0.03391304347826087,0.10782608695652174,0.010511618226436654
spatial_lattice,1.8,9,0.4910759599789545,0.15983852177682178,2.9721739130434783,1.7458297056295613,2,0.26869565217391306,0.09739130434782609,0.08652173913043479,0.12434267925984034
spatial_lattice,1.8,10,0.5046608316743453,0.03750666090186067,3.466521739130435,1.4099679573776696,4,0.29695652173913045,0.16217391304347825,0.08652173913043479,0.16075793743374986
spatial_lattice,1.8,11,0.2815350590098158,0.13568877710830066,1.3869565217391304,1.7392662990408359,0,0.44173913043478263,0.05608695652173913,0.11565217391304349,0.05445843437510947
spatial_lattice,1.8,12,0.20331977038651244,0.08048761786038784,0.4991304347826087,0.6830234132054094,0,0.6043478260869565,0.027391304347826086,0.39043478260869563,0.007402218092369401
spatial_lattice,1.8,13,0.3926609324923938,0.11167805681401698,1.5695652173913044,1.1646737862403307,1,0.3108695652173913,0.12173913043478261,0.08652173913043479,0.09770930634768943
spatial_lattice,1.8,14,0.48316440338485017,0.06727811615865431,3.1408695652173915,1.701962838820489,2,0.2508695652173913,0.0817391304347826,0.08652173913043479,0.10421675186139823
spatial_lattice,1.8,15,0.5414220365168728,0.027061564305451917,4.516086956521739,0.7060006104840001,4,0.47130434782608693,0.006956521739130435,0.4439130434782609,0.002596587873746543
spatial_lattice,1.8,16,0.2590919910917294,0.09688250601713219,1.0895652173913044,1.40983341063641,0,0.51,0.04739130434782609,0.3826086956521739,0.03273878436998823
spatial_lattice,1.8,17,0.22409726701769916,0.11354318746306599,0.7308695652173913,1.3696093160602194,0,0.6552173913043479,0.052608695652173916,0.44304347826086954,0.024842745784868933
spatial_lattice,1.8,18,0.18382666485856364,0.030042386148566157,0.22652173913043477,0.4713450568011597,0,0.7969565217391305,0.02,0.33652173913043476,0.0019140708915830315
spatial_lattice,1.8,19,0.7624894073419649,0.04807088338089295,3.4195652173913045,1.2734956283049854,3,0.6330434782608696,0.023043478260869565,0.5608695652173913,0.010768621723525202
spatial_lattice,1.9,0,0.29529346832139136,0.07839847342945899,0.731304347826087,1.2007146580187553,0,0.6356521739130435,0.03608695652173913,0.5191304347826087,0.015787241897560287
spatial_lattice,1.9,1,0.16958746906596148,0.03502096517572462,0.12,0.3289509015828561,0,0.8813043478260869,0.01391304347826087,0.44217391304347825,0.0005432354031712861
spatial_lattice,1.9,2,0.31989271559867477,0.04447452591363744,0.6534782608695652,0.6880413833335783,0,0.4652173913043478,0.04173913043478261,0.08652173913043479,0.015358020508600759
spatial_lattice,1.9,3,0.38726782862731,0.04452265914313595,1.9647826086956521,0.9404317674678796,2,0.4895652173913044,0.08565217391304347,0.08652173913043479,0.04111553513341968
spatial_lattice,1.9,4,0.22571990109045773,0.09203578678329906,0.7652173913043478,1.1384996594115218,0,0.6060869565217392,0.03304347826086956,0.3808695652173913,0.014819004710934844
spatial_lattice,1.9,5,0.2854069914150531,0.05747355673983593,1.5591304347826087,1.1219079751592365,1,0.5304347826086957,0.02217391304347826,0.15956521739130436,0.011681416646236321
spatial_lattice,1.9,6,0.4389924356802879,0.03538211824144689,4.115652173913044,1.349272996152909,4,0.2891304347826087,0.15478260869565216,0.08652173913043479,0.14846084030523693
spatial_lattice,1.9,7,0.2904319316666623,0.05298211969791395,0.711304347826087,1.0685842089981616,0,0.5626086956521739,0.0408695652173913,0.1743478260869565,0.019102003707408756
spatial_lattice,1.9,8,0.3373820863547375,0.06840790593461137,1.1991304347826086,1.2037619042473484,0,0.36043478260869566,0.06,0.12347826086956522,0.046193055408523795
spatial_lattice,1.9,9,0.6420364145772784,0.09247045535253813,4.282173913043478,0.8860928232941422,5,0.45217391304347826,0.017826086956521738,0.41347826086956524,0.008653224540505175
spatial_lattice,1.9,10,0.4676240858382909,0.05317755652341403,2.7517391304347827,1.539514751821984,4,0.24043478260869566,0.13869565217391305,0.08652173913043479,0.162185406573356
spatial_lattice,1.9,11,0.26896753819933844,0.13409978515799278,1.2030434782608697,1.8240159581267223,0,0.5534782608695652,0.06173913043478261,0.29869565217391303,0.05028422448883942
spatial_lattice,1.9,12,0.29719783388353455,0.015053759671197828,1.4408695652173913,0.7652672908631521,2,0.4369565217391304,0.05173913043478261,0.16304347826086957,0.022293292653651167
spatial_lattice,1.9,13,0.31597274804072445,0.1173004433933847,1.0530434782608695,1.1355000230988403,0,0.4078260869565217,0.06521739130434782,0.09434782608695652,0.04385305449454828
spatial_lattice,1.9,14,0.5796256461840252,0.12342865782484251,2.6143478260869566,1.7404305466500711,2,0.4356521739130435,0.05217391304347826,0.3373913043478261,0.05124564596258912
spatial_lattice,1.9,15,0.5912242543274269,0.032272003444801425,4.30304347826087,0.7306276919174343,5,0.4643478260869565,0.003043478260869565,0.5065217391304347,0.0011911030785260077
spatial_lattice,1.9,16,0.2709801911654203,0.12385007083214185,1.2995652173913044,1.3894946790606995,0,0.4221739130434783,0.05565217391304348,0.3160869565217391,0.04468236731411004
spatial_lattice,1.9,17,0.22755740360452245,0.14395385712160308,1.06,1.7064736077399625,0,0.5717391304347826,0.06086956521739131,0.23521739130434782,0.04448444506112604
spatial_lattice,1.9,18,0.2786024839932918,0.032366443442406884,0.5730434782608695,0.7612143318272495,0,0.5656521739130435,0.030434782608695653,0.2165217391304348,0.010062706989361386
spatial_lattice,1.9,19,0.796504785192622,0.041116598600375566,3.4152173913043478,1.0351364941091938,3,0.6895652173913044,0.021739130434782608,0.5430434782608695,0.0069857040717579135
spatial_lattice,2.0,0,0.5766571677967957,0.1211129549483428,3.3908695652173915,1.2558745888769178,3,0.2995652173913044,0.06347826086956522,0.24217391304347827,0.0558391764092205
spatial_lattice,2.0,1,0.4590393886332729,0.16945559314795094,3.0473913043478262,2.620474098146139,0,0.2417391304347826,0.07695652173913044,0.1517391304347826,0.15291283911527054
spatial_lattice,2.0,2,0.3450799524813531,0.06635010088073044,0.5991304347826087,0.8598276523131945,0,0.6086956521739131,0.04782608695652174,0.3660869565217391,0.016091292884470604
spatial_lattice,2.0,3,0.45131227043814404,0.055417268569675666,3.2178260869565216,1.3522717006441232,3,0.2852173913043478,0.07260869565217391,0.08956521739130435,0.07018213534624809
spatial_lattice,2.0,4,0.23453246745934403,0.09495477126466532,0.8056521739130434,1.1045610030468194,0,0.5447826086956522,0.04173913043478261,0.2847826086956522,0.020987077164108744
spatial_lattice,2.0,5,0.26422301088157046,0.014779750396162047,1.5565217391304347,0.7216081599344147,2,0.4339130434782609,0.03956521739130435,0.10956521739130434,0.016162113452982445
spatial_lattice,2.0,6,0.5439681792701861,0.025174375271308537,4.514347826086957,1.1770498348836476,4,0.3308695652173913,0.08565217391304347,0.08652173913043479,0.06745964163628207
spatial_lattice,2.0,7,0.5322521269210799,0.1181557240473314,4.3365217391304345,1.8308387450556576,5,0.25565217391304346,0.12739130434782608,0.08652173913043479,0.17360643008486754
spatial_lattice,2.0,8,0.46298735810488584,0.17214513351446842,2.11,1.6614778649299466,0,0.21956521739130436,0.05565217391304348,0.08652173913043479,0.07216279037915235
spatial_lattice,2.0,9,0.669625294211058,0.07567089678482301,4.275652173913043,0.9959126296887368,4,0.4782608695652174,0.034782608695652174,0.3317391304347826,0.018073273194487257
spatial_lattice,2.0,10,0.33816707301959625,0.035308306246982044,0.648695652173913,0.8267658537564417,0,0.5217391304347826,0.04565217391304348,0.08652173913043479,0.01805131534982734
spatial_lattice,2.0,11,0.30065808733882,0.18346765838450851,1.18,1.819875772157802,0,0.42869565217391303,0.027391304347826086,0.6147826086956522,0.028478820731719416
spatial_lattice,2.0,12,0.10796077212749834,0.09498954291432436,0.01956521739130435,0.13850061248866502,0,0.9804347826086957,0.0034782608695652175,0.8326086956521739,9.425375204297314e-06
spatial_lattice,2.0,13,0.29262578317886234,0.04694842199287175,0.6430434782608696,0.7500546923977623,0,0.5021739130434782,0.05304347826086957,0.11608695652173913,0.019806265020096872
spatial_lattice,2.0,14,0.6695270133044796,0.06928340319600443,3.1104347826086958,2.017310905444412,3,0.27652173913043476,0.04739130434782609,0.39652173913043476,0.06916669007685029
spatial_lattice,2.0,15,0.6253058951078967,0.027011433466796044,3.9808695652173913,0.6335401778102246,4,0.5982608695652174,0.0026086956521739132,0.5856521739130435,0.0006639599418108641
spatial_lattice,2.0,16,0.34438216471142785,0.09711342853013338,2.183478260869565,1.4317171468756824,2,0.288695652173913,0.05608695652173913,0.12304347826086956,0.05711820773771207
spatial_lattice,2.0,17,0.2517886989777841,0.13071401351887754,1.1143478260869566,1.6332052404024067,0,0.5195652173913043,0.06826086956521739,0.14043478260869566,0.05356079683969804
spatial_lattice,2.0,18,0.3950727576790691,0.07444866791416277,2.347391304347826,1.467834007293694,1,0.26304347826086955,0.0891304347826087,0.08652173913043479,0.09641505243983502
spatial_lattice,2.0,19,0.8090238622411429,0.04387578314640045,3.8669565217391306,1.749197169343718,3,0.6165217391304347,0.020869565217391306,0.5630434782608695,0.013998868602978647
spatial_lattice,2.1,0,0.6664565306572758,0.0694703538906973,3.7691304347826087,1.4365429912103094,3,0.3382608695652174,0.05173913043478261,0.32869565217391306,0.04918408289428945
spatial_lattice,2.1,1,0.4895104677152708,0.050386360736883934,2.5656521739130436,1.3652657842433864,1,0.22695652173913045,0.04565217391304348,0.08652173913043479,0.048181753278547394
spatial_lattice,2.1,2,0.16361259091173072,0.060644821445588214,0.15130434782608695,0.3583452834278825,0,0.8486956521739131,0.010869565217391304,0.46391304347826084,0.0005893391781932216
spatial_lattice,2.1,3,0.4906512007084836,0.046298154446424045,3.1269565217391304,1.126543134057569,3,0.40217391304347827,0.07217391304347825,0.08652173913043479,0.048607461987019415
spatial_lattice,2.1,4,0.4090246228375211,0.08617636234561842,2.365217391304348,0.9290522031722878,3,0.4721739130434783,0.034782608695652174,0.2182608695652174,0.017056626193987172
spatial_lattice,2.1,5,0.41920690791267384,0.03381825925542162,2.5891304347826085,0.9317417679363753,2,0.4791304347826087,0.03869565217391304,0.2778260869565217,0.018779616890025233
spatial_lattice,2.1,6,0.2818286875613256,0.043117978565980965,0.6291304347826087,0.9469971444953885,0,0.6134782608695653,0.06478260869565218,0.1482608695652174,0.02371270145431545
spatial_lattice,2.1,7,0.3752312840909857,0.09124469892824556,2.3773913043478263,1.431390984751802,2,0.27043478260869563,0.10956521739130434,0.08652173913043479,0.11441819882278229
spatial_lattice,2.1,8,0.34184097306579486,0.07561505993652794,1.0713043478260869,1.1190652323832255,1,0.3739130434782609,0.058260869565217394,0.08652173913043479,0.04081943874234617
spatial_lattice,2.1,9,0.6233262502628352,0.05063398591325716,4.74695652173913,1.5169661793902949,4,0.38173913043478264,0.06043478260869565,0.23,0.056680624961685536
spatial_lattice,2.1,10,0.3649297791951518,0.0783346528702701,2.0382608695652173,1.42959906867781,2,0.288695652173913,0.10739130434782608,0.09217391304347826,0.10920407414734384
spatial_lattice,2.1,11,0.3241276033305548,0.19817179399422705,1.4017391304347826,1.7979206641439343,1,0.48869565217391303,0.019130434782608695,0.5926086956521739,0.017586316012945094
spatial_lattice,2.1,12,0.16769662607668798,0.06335946146716676,0.31043478260869567,0.5510265381510149,0,0.7260869565217392,0.02043478260869565,0.24869565217391304,0.003084290471283365
spatial_lattice,2.1,13,0.42065736215513977,0.04173479323851689,1.011304347826087,0.7167881522447812,1,0.5821739130434782,0.05956521739130435,0.08652173913043479,0.01783935337323403
spatial_lattice,2.1,14,0.6908519088384616,0.06370265860158571,3.0782608695652174,2.035117029374826,3,0.4165217391304348,0.05,0.5778260869565217,0.059372328435729524
spatial_lattice,2.1,15,0.665696408666521,0.030346506442964265,4.067826086956522,0.5608297929949647,4,0.6808695652173913,0.004782608695652174,0.4339130434782609,0.0008559812278703595
spatial_lattice,2.1,16,0.4294943896832255,0.029848695744333197,2.8817391304347826,0.7790275553194956,3,0.5039130434782608,0.03260869565217391,0.15391304347826087,0.01260213328749865
spatial_lattice,2.1,17,0.29690245384139535,0.15458927551056428,1.8256521739130436,2.010957647894582,0,0.35695652173913045,0.07130434782608695,0.19304347826086957,0.09220602080971509
spatial_lattice,2.1,18,0.5988049050778878,0.14466676511399543,3.635217391304348,2.5273243620481107,3,0.34391304347826085,0.06304347826086956,0.20565217391304347,0.10453520147628005
spatial_lattice,2.1,19,0.8258764409845298,0.044015706685387596,3.727391304347826,1.913348345273063,3,0.601304347826087,0.018260869565217393,0.5347826086956522,0.013930189452795793
spatial_lattice,2.2,0,0.7278886778812216,0.05233039431391935,2.588695652173913,1.371908554272275,2,0.7678260869565218,0.03304347826086956,0.7208695652173913,0.010525054527705876
spatial_lattice,2.2,1,0.20491040329449411,0.06789421432308695,0.17695652173913043,0.381631905313378,0,0.8230434782608695,0.007391304347826087,0.6352173913043478,0.0004991515141982778
spatial_lattice,2.2,2,0.20653146791168414,0.10408090040467452,0.561304347826087,0.6502026730705226,0,0.5130434782608696,0.034782608695652174,0.12608695652173912,0.011012884911538923
spatial_lattice,2.2,3,0.5477063397249349,0.03227485297122318,2.901304347826087,1.0859970547955342,3,0.37130434782608696,0.04173913043478261,0.37217391304347824,0.02849787727226955
spatial_lattice,2.2,4,0.43794428644378847,0.042109651011403355,3.2082608695652173,1.055264863409689,3,0.3443478260869565,0.043478260869565216,0.27043478260869563,0.03008203120269598
spatial_lattice,2.2,5,0.3054595404561798,0.03877581270003854,1.7330434782608695,1.161350169200033,2,0.3417391304347826,0.036521739130434785,0.10434782608695652,0.02791982479437372
spatial_lattice,2.2,6,0.35802344123192814,0.06282763318511445,1.597391304347826,1.1723600032906658,2,0.3008695652173913,0.05652173913043478,0.08652173913043479,0.04632705849219981
spatial_lattice,2.2,7,0.5409318580655832,0.16783173622658082,3.141304347826087,1.7743432449361825,2,0.33260869565217394,0.03391304347826087,0.1565217391304348,0.04015919148970283
spatial_lattice,2.2,8,0.4785097227399918,0.02819176222755399,2.106521739130435,1.0469214027043547,2,0.3508695652173913,0.05173913043478261,0.08652173913043479,0.03516132106792023
spatial_lattice,2.2,9,0.6356440498717193,0.06292438331980922,4.569565217391304,1.8242174695417963,4,0.4647826086956522,0.05652173913043478,0.2639130434782609,0.05518516574965607
spatial_lattice,2.2,10,0.4606528779446402,0.06344039572069947,2.993478260869565,2.0898202724795594,2,0.24217391304347827,0.11521739130434783,0.08652173913043479,0.18247212535629995
spatial_lattice,2.2,11,0.320810506359414,0.16706662884429618,1.6978260869565218,1.5660791709726087,1,0.5108695652173914,0.029130434782608697,0.4539130434782609,0.022314408613287377
spatial_lattice,2.2,12,0.22896813235435184,0.08049770622194341,0.542608695652174,0.7255655508774088,0,0.5630434782608695,0.03608695652173913,0.20217391304347826,0.011441030643399588
spatial_lattice,2.2,13,0.4283006032261727,0.061586678968859714,1.1317391304347826,0.8359017633873173,1,0.4226086956521739,0.05304347826086957,0.08652173913043479,0.025601032637077113
spatial_lattice,2.2,14,0.7318285236258498,0.08174011035646177,3.26,2.0464731060810557,3,0.42,0.056956521739130433,0.47304347826086957,0.06760479536088423
spatial_lattice,2.2,15,0.6898306244442862,0.025160793969498742,3.800869565217391,0.464757188063114,4,0.7443478260869565,0.004347826086956522,0.48391304347826086,0.0005165922295555259
spatial_lattice,2.2,16,0.48047561165274366,0.034030582472135674,2.878260869565217,0.628978828522613,3,0.7143478260869566,0.013043478260869565,0.6934782608695652,0.002343511088966088
spatial_lattice,2.2,17,0.3979805486706657,0.11713388354245599,2.747391304347826,1.4157859006382725,3,0.2508695652173913,0.06739130434782609,0.10782608695652174,0.07147577829198075
spatial_lattice,2.2,18,0.6072979256098304,0.15719884439855236,3.036086956521739,2.0822233917877613,3,0.34652173913043477,0.05478260869565217,0.3243478260869565,0.07454202432665798
spatial_lattice,2.2,19,0.3284122350278321,0.06460381864851508,0.34130434782608693,0.6286894882132132,0,0.7373913043478261,0.02608695652173913,0.37217391304347824,0.004306939116488145
