K,kick_strength,R_pre_mean_mean,R_pre_mean_std,R_post_mean_mean,R_post_mean_std,R_change_mean,R_change_std,cluster_change_mean,cluster_change_std,kick_distance_mean,kick_distance_std,recovery_similarity_mean,recovery_similarity_std,memory_loss_mean,memory_loss_std,core_overlap_mean,core_overlap_std,new_core_fraction_mean,new_core_fraction_std,irreversibility_score_mean,irreversibility_score_std,reversible_fraction,metastable_fraction,irreversible_fraction,baseline_irreversibility_score,baseline_recovery_similarity,baseline_memory_loss,baseline_R_change,baseline_cluster_change,baseline_irreversible_fraction,excess_irreversibility_score,excess_memory_loss,excess_R_change,excess_cluster_change,excess_irreversible_fraction,global_state_irreversibility,baseline_global_state_irreversibility,excess_global_state_irreversibility
0.4,0.0,0.1058986195501665,0.0345282286641797,0.1026959456039866,0.0417155961160875,0.0214353388255432,0.0132785282126339,0.0248333333333333,0.0212607042183378,0.0,0.0,0.126038897798452,0.0760733142033747,0.8739611022015479,0.0760733142033747,0.8283333333333334,0.1247336343259657,0.1716666666666667,0.1247336343259657,1.057194936907934,0.0968261921122797,0.0,0.0,1.0,1.057194936907934,0.126038897798452,0.8739611022015479,0.0214353388255432,0.0248333333333333,1.0,0.0,0.0,0.0,0.0,0.0,0.8908871049476529,0.8908871049476529,0.0
0.4,0.1,0.1058986195501665,0.0345282286641797,0.1056945615634744,0.0422040591321455,0.0208337402462058,0.0163737394486541,0.0224333333333333,0.0194584878276296,0.0050052179181845,0.0004168250027602,0.1282556147789241,0.0756505355959731,0.8717443852210758,0.0756505355959731,0.8283333333333334,0.1291107688896432,0.1716666666666667,0.1291107688896432,1.0542278202826274,0.1073115718999472,0.0,0.0,1.0,1.057194936907934,0.126038897798452,0.8739611022015479,0.0214353388255432,0.0248333333333333,1.0,-0.002967116625306687,-0.0022167169804721,-0.0006015985793374028,-0.0023999999999999994,0.0,0.887769588677512,0.8908871049476529,-0.0031175162701408965
0.4,0.2,0.1058986195501665,0.0345282286641797,0.108211620267691,0.040314109695962,0.018215392277701,0.0167799937559963,0.0286666666666666,0.0301799670204711,0.0198727390289756,0.0016425761674761,0.127916219818361,0.0757577261266117,0.8720837801816389,0.0757577261266117,0.8241666666666667,0.1330561812484525,0.1758333333333333,0.1330561812484525,1.0596376282510642,0.1181573056725944,0.0,0.0,1.0,1.057194936907934,0.126038897798452,0.8739611022015479,0.0214353388255432,0.0248333333333333,1.0,0.0024426913431301323,-0.001877322019908978,-0.0032199465478422,0.0038333333333332997,0.0,0.8883581429871561,0.8908871049476529,-0.0025289619604967895
0.4,0.3,0.1058986195501665,0.0345282286641797,0.1109350579529888,0.0375347272982076,0.0171403977000977,0.0165572812005178,0.0219666666666666,0.0214312173248136,0.0441652053453956,0.0036050553681144,0.1273074400543241,0.0769418336491004,0.872692559945676,0.0769418336491004,0.8258333333333333,0.1329462583239527,0.1741666666666666,0.1329462583239527,1.0566359927040336,0.1144574854117881,0.0,0.0,1.0,1.057194936907934,0.126038897798452,0.8739611022015479,0.0214353388255432,0.0248333333333333,1.0,-0.0005589442039004577,-0.0012685422558719184,-0.004294941125445501,-0.0028666666666667014,0.0,0.8867544254623915,0.8908871049476529,-0.004132679485261415
0.4,0.4,0.1058986195501665,0.0345282286641797,0.1127846635740285,0.0352516282093319,0.0169430733529021,0.0144365464610474,0.0173,0.0182849121325727,0.0771767147348555,0.0061903165337039,0.1296727301230208,0.0741101693017293,0.8703272698769793,0.0741101693017293,0.8266666666666665,0.1295967655361309,0.1733333333333333,0.1295967655361309,1.052221371548538,0.1089811355223612,0.0,0.0,1.0,1.057194936907934,0.126038897798452,0.8739611022015479,0.0214353388255432,0.0248333333333333,1.0,-0.004973565359396082,-0.0036338323245685977,-0.004492265472641102,-0.007533333333333302,0.0,0.8831238065534304,0.8908871049476529,-0.0077632983942225176
0.4,0.5,0.1058986195501665,0.0345282286641797,0.1144584879501861,0.0334988757155201,0.0167463443539393,0.015812428492794,0.0178666666666666,0.015629631477324,0.1179658583456129,0.0092515828882567,0.1336947099500538,0.0720695973622776,0.8663052900499462,0.0720695973622776,0.8225,0.1246368995327876,0.1775,0.1246368995327876,1.0524585428050977,0.0968400725150984,0.0,0.0,1.0,1.057194936907934,0.126038897798452,0.8739611022015479,0.0214353388255432,0.0248333333333333,1.0,-0.004736394102836439,-0.007655812151601715,-0.0046889944716039,-0.006966666666666701,0.0,0.8791451288935824,0.8908871049476529,-0.011741976054070458
0.4,0.6,0.1058986195501665,0.0345282286641797,0.1135977866979297,0.0318077088671791,0.0164565130422323,0.0126317795198645,0.0186333333333333,0.018813302497892,0.165399073278238,0.0126204827026791,0.1387284479254765,0.0657502024525035,0.8612715520745235,0.0657502024525034,0.8283333333333334,0.1157356334155788,0.1716666666666667,0.1157356334155789,1.0417106803350815,0.0760211198733753,0.0,0.0,1.0,1.057194936907934,0.126038897798452,0.8739611022015479,0.0214353388255432,0.0248333333333333,1.0,-0.015484256572852573,-0.01268955012702433,-0.0049788257833109015,-0.006200000000000001,0.0,0.874158141928973,0.8908871049476529,-0.016728963018679877
0.4,0.7,0.1058986195501665,0.0345282286641797,0.1122185682833962,0.0332952534259099,0.0185854314312986,0.01173219121716,0.017,0.0104864156069031,0.2182016571083276,0.0161195137639781,0.1363758069564452,0.0639455135472494,0.8636241930435548,0.0639455135472494,0.8283333333333334,0.1218881665552437,0.1716666666666667,0.1218881665552437,1.044187217568046,0.078443806743101,0.0,0.0,1.0,1.057194936907934,0.126038897798452,0.8739611022015479,0.0214353388255432,0.0248333333333333,1.0,-0.01300771933988809,-0.010336909157993124,-0.002849907394244601,-0.0078333333333333,0.0,0.877166908759204,0.8908871049476529,-0.013720196188448885
0.4,0.8,0.1058986195501665,0.0345282286641797,0.1123126266224423,0.0345621881000825,0.0194835291058657,0.0128044138600066,0.0236333333333333,0.0080101543742561,0.2750133650957783,0.0195745521902711,0.1442572345157858,0.0654219287693202,0.8557427654842142,0.0654219287693202,0.8216666666666667,0.1199536947696438,0.1783333333333333,0.1199536947696438,1.0448553144273474,0.0735909509665031,0.0,0.0,1.0,1.057194936907934,0.126038897798452,0.8739611022015479,0.0214353388255432,0.0248333333333333,1.0,-0.012339622480586732,-0.01821833671733364,-0.0019518097196775004,-0.0011999999999999997,0.0,0.8713928633704804,0.8908871049476529,-0.0194942415771725
0.4,0.9,0.1058986195501665,0.0345282286641797,0.1162630336958797,0.0372519462371596,0.0220982765497309,0.0155292370632722,0.0218666666666666,0.0197464631521076,0.3344453021287236,0.0228262709861538,0.1430865973126497,0.0674903747024508,0.8569134026873503,0.0674903747024509,0.8175000000000001,0.1199993908366604,0.1825,0.1199993908366604,1.0504046384914498,0.0918642851907092,0.0,0.0,1.0,1.057194936907934,0.126038897798452,0.8739611022015479,0.0214353388255432,0.0248333333333333,1.0,-0.006790298416484264,-0.0170476995141976,0.0006629377241876983,-0.0029666666666667008,0.0,0.8734292076288823,0.8908871049476529,-0.017457897318770565
0.4,1.0,0.1058986195501665,0.0345282286641797,0.1184742005728896,0.0354900742304776,0.0232641822036373,0.0172677332977198,0.0234333333333333,0.0206052000477027,0.3951348454840403,0.0257395361216926,0.1357805779003887,0.0702194225440808,0.8642194220996112,0.0702194225440808,0.8233333333333333,0.1065679367642952,0.1766666666666666,0.1065679367642952,1.0525604676505207,0.0849934557922781,0.0,0.0,1.0,1.057194936907934,0.126038897798452,0.8739611022015479,0.0214353388255432,0.0248333333333333,1.0,-0.004634469257413398,-0.009741680101936656,0.0018288433780940978,-0.001400000000000002,0.0,0.8817098465347631,0.8908871049476529,-0.009177258412889744
0.45,0.0,0.1553425336827154,0.053707700655497,0.1502369533176819,0.0595205985513756,0.0308232532921742,0.0240358847846561,0.0525333333333333,0.0486320953872479,0.0,0.0,0.2285815660114609,0.1088971339128676,0.771418433988539,0.1088971339128676,0.6950000000000001,0.1543804823587921,0.305,0.1543804823587921,1.097257580644916,0.1398752193526967,0.0,0.0,1.0,1.097257580644916,0.2285815660114609,0.771418433988539,0.0308232532921742,0.0525333333333333,1.0,0.0,0.0,0.0,0.0,0.0,0.7999633939679595,0.7999633939679595,0.0
0.45,0.1,0.1553425336827154,0.053707700655497,0.1536966391185981,0.0582086471161474,0.0300594622083943,0.0234869599133167,0.0444333333333333,0.0344387073131891,0.0050052179181845,0.0004168250027602,0.2357333271492771,0.1096950864761556,0.7642666728507229,0.1096950864761555,0.7,0.1518886942421867,0.3,0.1518886942421867,1.0828898717361546,0.1375012134275631,0.0,0.0,1.0,1.097257580644916,0.2285815660114609,0.771418433988539,0.0308232532921742,0.0525333333333333,1.0,-0.01436770890876149,-0.007151761137816126,-0.0007637910837798995,-0.008100000000000003,0.0,0.7904047372882533,0.7999633939679595,-0.009558656679706123
0.45,0.2,0.1553425336827154,0.053707700655497,0.1531368376427228,0.0565241909166635,0.0287745577445405,0.0220689702017845,0.0420333333333333,0.0433559859819591,0.0198727390289756,0.0016425761674761,0.2268176892947267,0.1106129408803482,0.7731823107052733,0.1106129408803482,0.7025,0.1550584685045314,0.2975,0.1550584685045314,1.0883842834747417,0.1423005395454674,0.0,0.0,1.0,1.097257580644916,0.2285815660114609,0.771418433988539,0.0308232532921742,0.0525333333333333,1.0,-0.008873297170174377,0.0017638767167342806,-0.0020486955476336985,-0.010500000000000002,0.0,0.7980779229108769,0.7999633939679595,-0.0018854710570825883
0.45,0.3,0.1553425336827154,0.053707700655497,0.1552538065218111,0.0562437760754184,0.028638457806655,0.0204964353143733,0.0501,0.0495732785028433,0.0441652053453956,0.0036050553681144,0.2224579134686848,0.1143647782721634,0.7775420865313152,0.1143647782721634,0.7066666666666667,0.1456383408165221,0.2933333333333333,0.1456383408165222,1.0905600343163122,0.1369682661448912,0.0,0.0,1.0,1.097257580644916,0.2285815660114609,0.771418433988539,0.0308232532921742,0.0525333333333333,1.0,-0.006697546328603865,0.006123652542776137,-0.002184795485519201,-0.0024333333333333013,0.0,0.8043863154346427,0.7999633939679595,0.004422921466683216
0.45,0.4,0.1553425336827154,0.053707700655497,0.1575360362500434,0.0568591017760119,0.029588908380772,0.0220722511050415,0.0455333333333333,0.044592554383358,0.0771767147348555,0.0061903165337039,0.2201540848935677,0.1084042674687171,0.7798459151064323,0.1084042674687171,0.7133333333333334,0.1396109883575624,0.2866666666666667,0.1396109883575624,1.0852931422016252,0.1268367603791044,0.0,0.0,1.0,1.097257580644916,0.2285815660114609,0.771418433988539,0.0308232532921742,0.0525333333333333,1.0,-0.01196443844329087,0.008427481117893265,-0.0012343449114021986,-0.006999999999999999,0.0,0.8060237026301517,0.7999633939679595,0.006060308662192204
0.45,0.5,0.1553425336827154,0.053707700655497,0.1598591725434564,0.0553241234447861,0.0308532128406098,0.0223270778109697,0.0578333333333333,0.0495494908831929,0.1179658583456129,0.0092515828882567,0.2230379395708295,0.1115505265738865,0.7769620604291705,0.1115505265738865,0.7166666666666667,0.1161013874324621,0.2833333333333333,0.1161013874324621,1.0824670303059896,0.1104771197343274,0.0,0.0,1.0,1.097257580644916,0.2285815660114609,0.771418433988539,0.0308232532921742,0.0525333333333333,1.0,-0.014790550338926511,0.005543626440631444,2.995954843559856e-05,0.005299999999999999,0.0,0.8068470001828087,0.7999633939679595,0.006883606214849292
0.45,0.6,0.1553425336827154,0.053707700655497,0.1541789792097408,0.0566447632011899,0.028066694640884,0.0214121307251824,0.0462,0.0405864033926495,0.165399073278238,0.0126204827026791,0.2158710802307396,0.1086263831519677,0.7841289197692604,0.1086263831519677,0.7283333333333333,0.1125332959175127,0.2716666666666666,0.1125332959175126,1.074362260096148,0.1063991076747593,0.0,0.0,1.0,1.097257580644916,0.2285815660114609,0.771418433988539,0.0308232532921742,0.0525333333333333,1.0,-0.022895320548768083,0.012710485780721315,-0.0027565586512902016,-0.006333333333333302,0.0,0.8097122670897023,0.7999633939679595,0.009748873121742885
0.45,0.7,0.1553425336827154,0.053707700655497,0.1512069799041937,0.0589852557012637,0.029750081604463,0.0207223586166779,0.0496666666666666,0.0536047916161468,0.2182016571083276,0.0161195137639781,0.1974197468496252,0.116134413270716,0.8025802531503748,0.116134413270716,0.7391666666666666,0.1175125973090365,0.2608333333333333,0.1175125973090365,1.0832677735514906,0.1101478790382618,0.0,0.0,1.0,1.097257580644916,0.2285815660114609,0.771418433988539,0.0308232532921742,0.0525333333333333,1.0,-0.013989807093425455,0.031161819161835802,-0.0010731716877111983,-0.002866666666666698,0.0,0.8298719606192729,0.7999633939679595,0.029908566651313473
0.45,0.8,0.1553425336827154,0.053707700655497,0.1503435072619746,0.0568982965497749,0.0314746515298327,0.021685838117296,0.0534333333333333,0.0507355372184241,0.2750133650957783,0.0195745521902711,0.1968333196102556,0.1093945689143906,0.8031666803897443,0.1093945689143907,0.7358333333333333,0.1130743945968772,0.2641666666666666,0.1130743945968772,1.0885603432722024,0.1105696944599966,0.0,0.0,1.0,1.097257580644916,0.2285815660114609,0.771418433988539,0.0308232532921742,0.0525333333333333,1.0,-0.008697237372713662,0.031748246401205216,0.000651398237658498,0.000899999999999998,0.0,0.832262339487994,0.7999633939679595,0.03229894552003454
0.45,0.9,0.1553425336827154,0.053707700655497,0.1500743815160443,0.0590580876475249,0.0293818106409533,0.0236972069514529,0.0431333333333333,0.046605021941583,0.3344453021287235,0.0228262709861538,0.1953635555861761,0.1120395673019106,0.8046364444138238,0.1120395673019106,0.7308333333333333,0.1192416338845706,0.2691666666666666,0.1192416338845706,1.0919318970740624,0.1206185698815324,0.0,0.0,1.0,1.097257580644916,0.2285815660114609,0.771418433988539,0.0308232532921742,0.0525333333333333,1.0,-0.005325683570853723,0.033218010425284716,-0.0014414426512209012,-0.009399999999999999,0.0,0.8301106830676338,0.7999633939679595,0.030147289099674346
0.45,1.0,0.1553425336827154,0.053707700655497,0.1525474058507406,0.0604836315282351,0.0252329912700025,0.0198472913050941,0.0426333333333333,0.0425461428217159,0.3951348454840403,0.0257395361216926,0.2062574140392383,0.1158593013194363,0.7937425859607616,0.1158593013194363,0.7091666666666667,0.1678445221796976,0.2908333333333333,0.1678445221796976,1.1015425004449289,0.1393320350252866,0.0,0.0,1.0,1.097257580644916,0.2285815660114609,0.771418433988539,0.0308232532921742,0.0525333333333333,1.0,0.004284919800012776,0.022324151972222595,-0.005590262022171701,-0.009899999999999999,0.0,0.8170174149290962,0.7999633939679595,0.01705402096113673
0.5,0.0,0.2249029850234666,0.0683533783413624,0.2205863966424768,0.0780521015276052,0.0147656241156971,0.0112949494470801,0.0731,0.0822232803788398,0.0,0.0,0.3155870969604,0.1766382582655828,0.6844129030396,0.1766382582655828,0.55,0.2055516041978366,0.45,0.2055516041978366,1.1563793090685244,0.1966905715368276,0.0,0.05,0.95,1.1563793090685244,0.3155870969604,0.6844129030396,0.0147656241156971,0.0731,0.95,0.0,0.0,0.0,0.0,0.0,0.7100707150974486,0.7100707150974486,0.0
0.5,0.1,0.2249029850234666,0.0683533783413624,0.2196113233234596,0.0777269750818678,0.0148731103780981,0.0174972855883677,0.0626,0.0541092246029685,0.0050052179181845,0.0004168250027602,0.3185972683654473,0.1638050372873903,0.6814027316345527,0.1638050372873903,0.545,0.165089024362349,0.4549999999999999,0.165089024362349,1.1557710092290772,0.1896708764689507,0.0,0.05,0.95,1.1563793090685244,0.3155870969604,0.6844129030396,0.0147656241156971,0.0731,0.95,-0.0006082998394472128,-0.003010171405047335,0.00010748626240100062,-0.010499999999999995,0.0,0.7044892868236018,0.7100707150974486,-0.005581428273846778
0.5,0.2,0.2249029850234666,0.0683533783413624,0.2198838683212751,0.0815941131485852,0.0180265445678595,0.0289713669498264,0.0764666666666666,0.0709118883293397,0.0198727390289756,0.0016425761674761,0.3125320937347412,0.1655250078597983,0.6874679062652589,0.1655250078597984,0.5766666666666667,0.1767477470347821,0.4233333333333333,0.1767477470347821,1.1344245424072237,0.2168131918186692,0.0,0.05,0.95,1.1563793090685244,0.3155870969604,0.6844129030396,0.0147656241156971,0.0731,0.95,-0.021954766661300695,0.003055003225658881,0.0032609204521624018,0.003366666666666601,0.0,0.7155978452158553,0.7100707150974486,0.005527130118406776
0.5,0.3,0.2249029850234666,0.0683533783413624,0.2244883666090351,0.0753503114854278,0.0155131120180388,0.0171119478954417,0.0681,0.0510127950925833,0.0441652053453956,0.0036050553681144,0.3165223450746701,0.1543322254114839,0.68347765492533,0.1543322254114839,0.5183333333333333,0.2094897728107048,0.4816666666666666,0.2094897728107048,1.1860475995965063,0.2197471304673483,0.0,0.05,0.95,1.1563793090685244,0.3155870969604,0.6844129030396,0.0147656241156971,0.0731,0.95,0.029668290527981922,-0.0009352481142700375,0.0007474879023417012,-0.0050000000000000044,0.0,0.7082592109343493,0.7100707150974486,-0.0018115041630992756
0.5,0.4,0.2249029850234666,0.0683533783413624,0.2237535800787597,0.0735736642635092,0.0178917657031044,0.012869361978513,0.0631666666666666,0.049868540634645,0.0771767147348555,0.0061903165337039,0.3087244476222262,0.1648497315698134,0.6912755523777738,0.1648497315698134,0.5291666666666667,0.2125365465648931,0.4708333333333333,0.2125365465648931,1.18237349380355,0.2347785489252701,0.0,0.1,0.9,1.1563793090685244,0.3155870969604,0.6844129030396,0.0147656241156971,0.0731,0.95,0.02599418473502557,0.006862649338173821,0.0031261415874073023,-0.009933333333333405,-0.04999999999999993,0.7160131018959927,0.7100707150974486,0.005942386798544086
0.5,0.5,0.2249029850234666,0.0683533783413624,0.2124927097305033,0.0833579794687142,0.027649801003605,0.0316717811598403,0.0817,0.070664837778386,0.1179658583456129,0.0092515828882567,0.2986781484669208,0.1702174627876459,0.7013218515330792,0.1702174627876459,0.5283333333333333,0.231073011929358,0.4716666666666667,0.231073011929358,1.200325968450647,0.2493844939303509,0.0,0.05,0.95,1.1563793090685244,0.3155870969604,0.6844129030396,0.0147656241156971,0.0731,0.95,0.04394665938212272,0.016908948493479237,0.0128841768879079,0.008599999999999997,0.0,0.7355717520348818,0.7100707150974486,0.02550103693743322
0.5,0.6,0.2249029850234666,0.0683533783413624,0.2176943399578039,0.0757555296810324,0.021304781028957,0.0200185723314285,0.0725666666666666,0.0594144035148821,0.165399073278238,0.0126204827026791,0.3023432979962174,0.1696701654498895,0.6976567020037826,0.1696701654498895,0.48,0.2505899471994575,0.52,0.2505899471994575,1.2411245639276884,0.2239181679765418,0.0,0.05,0.95,1.1563793090685244,0.3155870969604,0.6844129030396,0.0147656241156971,0.0731,0.95,0.08474525485916407,0.013243798964182596,0.006539156913259899,-0.0005333333333333995,0.0,0.7264507591849277,0.7100707150974486,0.016380044087479173
0.5,0.7,0.2249029850234666,0.0683533783413624,0.2146368046807375,0.0794401369015784,0.0193796994278063,0.0168634240539269,0.0670333333333333,0.057007017111931,0.2182016571083276,0.0161195137639781,0.3009720734100832,0.1724586983059685,0.6990279265899166,0.1724586983059685,0.5016666666666667,0.2323852920832301,0.4983333333333333,0.2323852920832301,1.218964518113535,0.1972459162539288,0.0,0.05,0.95,1.1563793090685244,0.3155870969604,0.6844129030396,0.0147656241156971,0.0731,0.95,0.06258520904501053,0.01461502355031663,0.004614075312109202,-0.006066666666666692,0.0,0.7254761096371531,0.7100707150974486,0.015405394539704576
0.5,0.8,0.2249029850234666,0.0683533783413624,0.2171653999624838,0.0767113484127833,0.0232548502396972,0.0202632695137094,0.0788333333333333,0.0387729181425199,0.2750133650957783,0.0195745521902711,0.3057441961666674,0.1627537892402424,0.6942558038333326,0.1627537892402424,0.4641666666666666,0.2755258130996268,0.5358333333333334,0.2755258130996269,1.2556111830599237,0.2783317267812865,0.0,0.1,0.9,1.1563793090685244,0.3155870969604,0.6844129030396,0.0147656241156971,0.0731,0.95,0.09923187399139932,0.009842900793732623,0.008489226124000101,0.005733333333333299,-0.04999999999999993,0.7255915622865146,0.7100707150974486,0.01552084718906599
0.5,0.9,0.2249029850234666,0.0683533783413624,0.2210238407776155,0.0752052545378548,0.0200428931733498,0.0168080322396208,0.0939666666666666,0.092201273601839,0.3344453021287236,0.0228262709861538,0.3212707743392308,0.149029416258847,0.6787292256607691,0.1490294162588469,0.4733333333333333,0.2705528236950351,0.5266666666666666,0.2705528236950351,1.23389828228744,0.2614182935315143,0.0,0.05,0.95,1.1563793090685244,0.3155870969604,0.6844129030396,0.0147656241156971,0.0731,0.95,0.07751897321891565,-0.005683677378830909,0.0052772690576527,0.020866666666666603,0.0,0.7122423389141107,0.7100707150974486,0.0021716238166621382
0.5,1.0,0.2249029850234666,0.0683533783413624,0.2183361308330639,0.0764839045388956,0.0193717592977023,0.0170680120652601,0.0895333333333333,0.0999031343718,0.3951348454840403,0.0257395361216926,0.3240564004642896,0.1548651012018727,0.6759435995357104,0.1548651012018727,0.4933333333333333,0.2479388719231543,0.5066666666666666,0.2479388719231543,1.2098365393601358,0.2052367117020338,0.0,0.05,0.95,1.1563793090685244,0.3155870969604,0.6844129030396,0.0147656241156971,0.0731,0.95,0.053457230291611424,-0.008469303503889636,0.0046061351820052,0.0164333333333333,0.0,0.7080128125178948,0.7100707150974486,-0.0020579025795537387
0.55,0.0,0.3138655296089821,0.081021265676336,0.3232084256509526,0.0857014034752265,0.0147953876471993,0.0154194445844309,0.3041333333333333,0.2763843074056791,0.0,0.0,0.4993416322813499,0.1653797471150033,0.50065836771865,0.1653797471150034,0.3808333333333333,0.3367055301522202,0.6191666666666666,0.3367055301522202,1.1995572146304498,0.3051071127648594,0.0,0.1,0.9,1.1995572146304498,0.4993416322813499,0.50065836771865,0.0147953876471993,0.3041333333333333,0.9,0.0,0.0,0.0,0.0,0.0,0.584089394875583,0.584089394875583,0.0
0.55,0.1,0.3138655296089821,0.081021265676336,0.3249649272246576,0.0752293327098307,0.0170594500940319,0.0174550880056518,0.2924666666666667,0.2717279427180818,0.0050052179181845,0.0004168250027602,0.5080647359254078,0.1461302289893821,0.4919352640745922,0.1461302289893821,0.3608333333333333,0.3102665803421196,0.6391666666666667,0.3102665803421196,1.2084834599314336,0.2600890421366545,0.0,0.05,0.95,1.1995572146304498,0.4993416322813499,0.50065836771865,0.0147953876471993,0.3041333333333333,0.9,0.008926245300983737,-0.008723103644057817,0.002264062446832601,-0.011666666666666603,0.04999999999999993,0.5735816557882749,0.584089394875583,-0.010507739087308066
0.55,0.2,0.3138655296089821,0.081021265676336,0.3211193546081597,0.0753397344868528,0.0171854300316594,0.0165543517119871,0.2788666666666667,0.2608216526727104,0.0198727390289756,0.0016425761674761,0.5163032374748108,0.1524537107032425,0.4836967625251892,0.1524537107032425,0.3941666666666666,0.3287525153885046,0.6058333333333333,0.3287525153885046,1.163543120033104,0.3096158573960587,0.0,0.1,0.9,1.1995572146304498,0.4993416322813499,0.50065836771865,0.0147953876471993,0.3041333333333333,0.9,-0.03601409459734595,-0.01696160519346085,0.0023900423844600994,-0.025266666666666604,0.0,0.5620061442076856,0.584089394875583,-0.022083250667897403
0.55,0.3,0.3138655296089821,0.081021265676336,0.3202664533415431,0.080128860526296,0.0147602861241102,0.0141526580307297,0.2430666666666666,0.2590319721059534,0.0441652053453956,0.0036050553681144,0.4961098090832612,0.1765703814916275,0.5038901909167388,0.1765703814916275,0.3975,0.3209213253681085,0.6025,0.3209213253681086,1.170846929114433,0.3312273058724687,0.0,0.1,0.9,1.1995572146304498,0.4993416322813499,0.50065836771865,0.0147953876471993,0.3041333333333333,0.9,-0.028710285516016842,0.00323182319808879,-3.5101523089099e-05,-0.061066666666666714,0.0,0.5720370006454606,0.584089394875583,-0.012052394230122387
0.55,0.4,0.3138655296089821,0.081021265676336,0.3172796628655925,0.0863727856500023,0.0172430187629839,0.0157796671304204,0.2635666666666666,0.2613275397675026,0.0771767147348555,0.0061903165337039,0.4811045908602664,0.1777296841946327,0.5188954091397335,0.1777296841946327,0.445,0.3197723971278826,0.5549999999999999,0.3197723971278826,1.1440978304971463,0.3538426964087581,0.0,0.1,0.9,1.1995572146304498,0.4993416322813499,0.50065836771865,0.0147953876471993,0.3041333333333333,0.9,-0.055459384133303535,0.01823704142108351,0.002447631115784601,-0.040566666666666695,0.0,0.5934085851878922,0.584089394875583,0.009319190312309211
0.55,0.5,0.3138655296089821,0.081021265676336,0.3185532833496741,0.0805473303505783,0.0203605387864598,0.0199674767227933,0.269,0.2521336784582049,0.1179658583456129,0.0092515828882567,0.4778840265903584,0.1732712141123491,0.5221159734096416,0.1732712141123491,0.4916666666666667,0.3300053162782834,0.5083333333333333,0.3300053162782834,1.1027894414395898,0.3954531056446,0.0,0.25,0.75,1.1995572146304498,0.4993416322813499,0.50065836771865,0.0147953876471993,0.3041333333333333,0.9,-0.09676777319086005,0.021457605690991532,0.0055651511392605015,-0.035133333333333294,-0.15000000000000002,0.5995462428028715,0.584089394875583,0.01545684792728852
0.55,0.6,0.3138655296089821,0.081021265676336,0.3241153634881152,0.0742558752318305,0.0168607611023063,0.0154692855775824,0.2242666666666666,0.2673080357282816,0.165399073278238,0.0126204827026791,0.5156670390274816,0.1651070597638784,0.4843329609725184,0.1651070597638784,0.4,0.2848001248439177,0.6,0.2848001248439176,1.1446148179147615,0.3023881059930248,0.05,0.15,0.8,1.1995572146304498,0.4993416322813499,0.50065836771865,0.0147953876471993,0.3041333333333333,0.9,-0.054942396715688346,-0.016325406746131643,0.0020653734551070013,-0.07986666666666672,-0.09999999999999998,0.5488300081903381,0.584089394875583,-0.035259386685244865
0.55,0.7,0.3138655296089821,0.081021265676336,0.3200812384670203,0.0806127572520321,0.0200988822566754,0.0157333056827423,0.2551333333333333,0.2481304222233714,0.2182016571083276,0.0161195137639781,0.5103630104757846,0.1587068393216175,0.4896369895242154,0.1587068393216175,0.4941666666666666,0.2952981940205745,0.5058333333333334,0.2952981940205745,1.064278376755051,0.3381899765635546,0.05,0.15,0.8,1.1995572146304498,0.4993416322813499,0.50065836771865,0.0147953876471993,0.3041333333333333,0.9,-0.13527883787539885,-0.011021378194434606,0.005303494609476102,-0.04899999999999999,-0.09999999999999998,0.5634697639858864,0.584089394875583,-0.02061963088969654
0.55,0.8,0.3138655296089821,0.081021265676336,0.3173736287604322,0.082046357742371,0.0185602480420842,0.0150256085382363,0.2093,0.2295803927280076,0.2750133650957783,0.0195745521902711,0.5220893906741001,0.1702330319484412,0.4779106093258999,0.1702330319484412,0.4933333333333333,0.3451163038135039,0.5066666666666666,0.3451163038135039,1.0415423380030877,0.3825968445346113,0.05,0.15,0.8,1.1995572146304498,0.4993416322813499,0.50065836771865,0.0147953876471993,0.3041333333333333,0.9,-0.15801487662736213,-0.022747758392750117,0.003764860394884899,-0.0948333333333333,-0.09999999999999998,0.539515733346942,0.584089394875583,-0.04457366152864095
0.55,0.9,0.3138655296089821,0.081021265676336,0.3180701343003881,0.0832815477298629,0.0187225074077018,0.0158532230901542,0.2478333333333333,0.2323915706415857,0.3344453021287236,0.0228262709861538,0.5098576854953168,0.1564319452255863,0.4901423145046831,0.1564319452255863,0.5025000000000001,0.3288859006897599,0.4974999999999999,0.3288859006897598,1.054281274689942,0.3397987020123603,0.0,0.25,0.75,1.1995572146304498,0.4993416322813499,0.50065836771865,0.0147953876471993,0.3041333333333333,0.9,-0.14527593994050791,-0.010516053213966925,0.003927119760502499,-0.05630000000000002,-0.15000000000000002,0.5614619015418673,0.584089394875583,-0.02262749333371572
0.55,1.0,0.3138655296089821,0.081021265676336,0.3191224952959821,0.0850771401053739,0.0176408858872554,0.0131218047766911,0.2615,0.2745795190481289,0.3951348454840403,0.0257395361216926,0.520319008677679,0.1738697146873132,0.479680991322321,0.1738697146873132,0.5608333333333333,0.3136875097946515,0.4391666666666666,0.3136875097946515,0.9886328794608016,0.3409617004976527,0.0,0.2,0.8,1.1995572146304498,0.4993416322813499,0.50065836771865,0.0147953876471993,0.3041333333333333,0.9,-0.21092433516964826,-0.020977376396329017,0.0028454982400561,-0.0426333333333333,-0.09999999999999998,0.5538764342659487,0.584089394875583,-0.0302129606096343
0.6,0.0,0.4169596316868508,0.0726070712406447,0.4146498458578382,0.069925766724209,0.0152887181179173,0.0096870009734597,0.2513333333333334,0.1974029038103252,0.0,0.0,0.7052738822098841,0.1691116436981646,0.2947261177901159,0.1691116436981646,0.49,0.3718689953567013,0.51,0.3718689953567012,0.8713816306529285,0.4056365464738707,0.05,0.4,0.55,0.8713816306529285,0.7052738822098841,0.2947261177901159,0.0152887181179173,0.2513333333333334,0.55,0.0,0.0,0.0,0.0,0.0,0.36520381018240794,0.36520381018240794,0.0
0.6,0.1,0.4169596316868508,0.0726070712406447,0.4192682944436522,0.0677418725810516,0.0162241852676423,0.0103505567958188,0.2898666666666668,0.2042483982486386,0.0050052179181845,0.0004168250027602,0.7078750157243594,0.1638523542342166,0.2921249842756406,0.1638523542342166,0.4583333333333333,0.4270632750959423,0.5416666666666667,0.4270632750959424,0.9103143639258844,0.490852586308131,0.1,0.35,0.55,0.8713816306529285,0.7052738822098841,0.2947261177901159,0.0152887181179173,0.2513333333333334,0.55,0.03893273327295588,-0.002601133514475329,0.0009354671497249986,0.038533333333333364,0.0,0.37270374357612845,0.36520381018240794,0.007499933393720515
0.6,0.2,0.4169596316868508,0.0726070712406447,0.418477899807458,0.0697213683970553,0.0140760761076608,0.0098816072529007,0.2850333333333334,0.233170517129588,0.0198727390289756,0.0016425761674761,0.7050926622930677,0.1791289296078481,0.2949073377069323,0.1791289296078481,0.4125,0.4110631985672935,0.5875,0.4110631985672937,0.957184690067181,0.4593875805657761,0.15,0.25,0.6,0.8713816306529285,0.7052738822098841,0.2947261177901159,0.0152887181179173,0.2513333333333334,0.55,0.08580305941425248,0.0001812199168163553,-0.0012126420102565004,0.03370000000000001,0.04999999999999993,0.37320370909409606,0.36520381018240794,0.00799989891168812
0.6,0.3,0.4169596316868508,0.0726070712406447,0.4200252344142149,0.0679065047251713,0.0152195949579705,0.0103752213640019,0.3419333333333334,0.2363711918802229,0.0441652053453956,0.0036050553681144,0.7109187121003138,0.1459006330529921,0.2890812878996862,0.1459006330529921,0.43,0.4188050391515286,0.5700000000000001,0.4188050391515286,0.9483695199725124,0.5065490438523975,0.2,0.25,0.55,0.8713816306529285,0.7052738822098841,0.2947261177901159,0.0152887181179173,0.2513333333333334,0.55,0.07698788931958389,-0.005644829890429748,-6.912315994680139e-05,0.09060000000000001,0.0,0.3821744187120048,0.36520381018240794,0.016970608529596864
0.6,0.4,0.4169596316868508,0.0726070712406447,0.4195526166053323,0.0688828856535143,0.0167802932328857,0.0128007502893843,0.3798666666666667,0.2729100359446282,0.0771767147348555,0.0061903165337039,0.7019651385299605,0.1644359748099002,0.2980348614700395,0.1644359748099002,0.4175,0.4352345270853996,0.5825,0.4352345270853996,0.9796966014449277,0.5358804053033348,0.15,0.3,0.55,0.8713816306529285,0.7052738822098841,0.2947261177901159,0.0152887181179173,0.2513333333333334,0.55,0.10831497079199914,0.0033087436799235648,0.0014915751149683978,0.12853333333333328,0.0,0.40139167475314896,0.36520381018240794,0.036187864570741024
0.6,0.5,0.4169596316868508,0.0726070712406447,0.4205864740216032,0.0674772202779976,0.0162699933179412,0.0138336263449943,0.3316333333333334,0.2293180813981758,0.1179658583456129,0.0092515828882567,0.6947745106114581,0.1648496408878718,0.3052254893885418,0.1648496408878718,0.3383333333333333,0.4085382586391755,0.6616666666666667,0.4085382586391755,1.0538679877180273,0.4890824787583775,0.1,0.25,0.65,0.8713816306529285,0.7052738822098841,0.2947261177901159,0.0152887181179173,0.2513333333333334,0.55,0.18248635706509875,0.0104993715984259,0.0009812752000239004,0.08029999999999998,0.09999999999999998,0.3962688193808458,0.36520381018240794,0.031065009198437854
0.6,0.6,0.4169596316868508,0.0726070712406447,0.4224035157025733,0.0667594477274357,0.0166671081692249,0.0144267483647545,0.3528,0.2208198016377191,0.165399073278238,0.0126204827026791,0.6947682771204782,0.1637340079701467,0.3052317228795217,0.1637340079701467,0.39,0.4115439478994091,0.61,0.4115439478994091,1.007598499921828,0.4765738172530527,0.1,0.3,0.6,0.8713816306529285,0.7052738822098841,0.2947261177901159,0.0152887181179173,0.2513333333333334,0.55,0.13621686926889942,0.01050560508940579,0.0013783900513076007,0.1014666666666666,0.04999999999999993,0.40176527696413417,0.36520381018240794,0.036561466781726226
0.6,0.7,0.4169596316868508,0.0726070712406447,0.4193513639899947,0.0683891231168531,0.0173139409908058,0.0139598462716605,0.3718666666666667,0.2118296347351965,0.2182016571083276,0.0161195137639781,0.6775636790233339,0.1727095732077941,0.3224363209766661,0.1727095732077941,0.38,0.466998628796965,0.62,0.466998628796965,1.039731472891034,0.5290796972131088,0.1,0.25,0.65,0.8713816306529285,0.7052738822098841,0.2947261177901159,0.0152887181179173,0.2513333333333334,0.55,0.16834984223810556,0.027710203186550153,0.0020252228728884977,0.12053333333333327,0.09999999999999998,0.42405995813873565,0.36520381018240794,0.05885614795632771
0.6,0.8,0.4169596316868508,0.0726070712406447,0.4192535731103983,0.068395359870516,0.0170592127095916,0.0129205009456945,0.3544000000000001,0.2050320642446469,0.2750133650957783,0.0195745521902711,0.6817931624473036,0.18657999525181,0.3182068375526964,0.18657999525181,0.38,0.4187352162005838,0.62,0.4187352162005839,1.0310716407300944,0.4918744366110726,0.1,0.3,0.6,0.8713816306529285,0.7052738822098841,0.2947261177901159,0.0152887181179173,0.2513333333333334,0.55,0.15969001007716588,0.023480719762580482,0.0017704945916743008,0.1030666666666667,0.04999999999999993,0.41533644390749225,0.36520381018240794,0.05013263372508431
0.6,0.9,0.4169596316868508,0.0726070712406447,0.4197534393620913,0.0683010001852398,0.0151092898855839,0.0119847560055406,0.3302333333333333,0.2221249082246318,0.3344453021287236,0.0228262709861538,0.7010412838025579,0.1864089070402012,0.298958716197442,0.1864089070402012,0.4191666666666666,0.4410008221604568,0.5808333333333333,0.4410008221604568,0.9661277053355046,0.5272532693694725,0.1,0.35,0.55,0.8713816306529285,0.7052738822098841,0.2947261177901159,0.0152887181179173,0.2513333333333334,0.55,0.09474607468257612,0.004232598407326094,-0.00017942823233340136,0.07889999999999991,0.0,0.3890716944735673,0.36520381018240794,0.02386788429115938
0.6,1.0,0.4169596316868508,0.0726070712406447,0.4205651272217385,0.0686973002012441,0.0139884574983681,0.0112370812476453,0.3023,0.2306367970722424,0.3951348454840403,0.0257395361216926,0.7175846558869172,0.1635826744659127,0.2824153441130828,0.1635826744659128,0.3758333333333333,0.4326403027677233,0.6241666666666666,0.4326403027677233,0.9856541251543416,0.4733995400633601,0.1,0.3,0.6,0.8713816306529285,0.7052738822098841,0.2947261177901159,0.0152887181179173,0.2513333333333334,0.55,0.11427249450141308,-0.012310773677033149,-0.0013002606195492011,0.050966666666666605,0.04999999999999993,0.3649845728622668,0.36520381018240794,-0.00021923732014111907
0.65,0.0,0.5401718301629187,0.1095908172335643,0.5427674512702645,0.1051538853246219,0.0086248497330368,0.0124955051511781,0.2001666666666666,0.1463915881327318,0.0,0.0,0.9020535426714684,0.0997261705420815,0.0979464573285315,0.0997261705420815,0.2491666666666666,0.3596406182135242,0.7508333333333334,0.3596406182135241,0.9009776697617908,0.3968512226821613,0.15,0.15,0.7,0.9009776697617908,0.9020535426714684,0.0979464573285315,0.0086248497330368,0.2001666666666666,0.7,0.0,0.0,0.0,0.0,0.0,0.15230054886171654,0.15230054886171654,0.0
0.65,0.1,0.5401718301629187,0.1095908172335643,0.5448005190724876,0.1027132514960773,0.0107065668727812,0.0155083534218407,0.2492666666666667,0.2012973012953027,0.0050052179181845,0.0004168250027602,0.903950872951206,0.109104746504559,0.0960491270487939,0.109104746504559,0.3333333333333333,0.4000730927370193,0.6666666666666667,0.4000730927370193,0.8277091021003227,0.4466655334584445,0.25,0.1,0.65,0.9009776697617908,0.9020535426714684,0.0979464573285315,0.0086248497330368,0.2001666666666666,0.7,-0.07326856766146816,-0.0018973302797375968,0.0020817171397444004,0.04910000000000009,-0.04999999999999993,0.1637190771518512,0.15230054886171654,0.01141852829013465
0.65,0.2,0.5401718301629187,0.1095908172335643,0.5439234461799662,0.1040750357273207,0.0088353712012376,0.0119386967075782,0.2195333333333333,0.1645279051679301,0.0198727390289756,0.0016425761674761,0.8966349775742032,0.1569169596834031,0.1033650224257968,0.156916959683403,0.425,0.3924916656469779,0.575,0.392491665646978,0.7354571985594397,0.4727875800496765,0.35,0.1,0.55,0.9009776697617908,0.9020535426714684,0.0979464573285315,0.0086248497330368,0.2001666666666666,0.7,-0.16552047120235114,0.005418565097265307,0.00021052146820079928,0.0193666666666667,-0.1499999999999999,0.16266604135974894,0.15230054886171654,0.010365492498032397
0.65,0.3,0.5401718301629187,0.1095908172335643,0.5426827564448138,0.105856409566563,0.0124021001124019,0.01916579446383,0.1996333333333334,0.14108559469074,0.0441652053453956,0.0036050553681144,0.8930214374336266,0.150552101385428,0.1069785625663734,0.150552101385428,0.6316666666666666,0.3454761947943601,0.3683333333333333,0.3454761947943601,0.5283207542611407,0.4303523388106015,0.5,0.25,0.25,0.9009776697617908,0.9020535426714684,0.0979464573285315,0.0086248497330368,0.2001666666666666,0.7,-0.37265691550065017,0.009032105237841911,0.0037772503793650995,-0.0005333333333331913,-0.44999999999999996,0.1630879459559077,0.15230054886171654,0.010787397094191159
0.65,0.4,0.5401718301629187,0.1095908172335643,0.5425089100763675,0.1060963460709723,0.0102744168865333,0.0139628906181394,0.2251666666666668,0.1576781643372725,0.0771767147348555,0.0061903165337039,0.9215319490273424,0.0721704366675432,0.0784680509726576,0.0721704366675432,0.6258333333333332,0.3905115478521063,0.3741666666666666,0.3905115478521063,0.5114949885276243,0.4394035253128255,0.55,0.2,0.25,0.9009776697617908,0.9020535426714684,0.0979464573285315,0.0086248497330368,0.2001666666666666,0.7,-0.3894826812341665,-0.01947840635587389,0.0016495671534964996,0.02500000000000019,-0.44999999999999996,0.13989692608259097,0.15230054886171654,-0.012403622779125573
0.65,0.5,0.5401718301629187,0.1095908172335643,0.5394461387269202,0.1088386474943594,0.0082492941395146,0.0151764079646451,0.1959333333333333,0.1585839235821634,0.1179658583456129,0.0092515828882567,0.9116604528654962,0.0787827665871731,0.0883395471345038,0.0787827665871731,0.6333333333333333,0.3890308846862497,0.3666666666666667,0.3890308846862496,0.5060518706693825,0.4606281428994932,0.55,0.15,0.3,0.9009776697617908,0.9020535426714684,0.0979464573285315,0.0086248497330368,0.2001666666666666,0.7,-0.3949257990924083,-0.009606910194027693,-0.0003755555935221998,-0.004233333333333311,-0.39999999999999997,0.14144752753759443,0.15230054886171654,-0.010853021324122109
0.65,0.6,0.5401718301629187,0.1095908172335643,0.5375821368352616,0.1107296358122395,0.0083717221195726,0.0144098588647252,0.1799,0.1460822927575753,0.165399073278238,0.0126204827026791,0.9089902449623052,0.0874969796161472,0.0910097550376947,0.0874969796161472,0.635,0.3965826241500978,0.365,0.3965826241500978,0.503077685567588,0.4612277273616383,0.6,0.1,0.3,0.9009776697617908,0.9020535426714684,0.0979464573285315,0.0086248497330368,0.2001666666666666,0.7,-0.3978999841942028,-0.006936702290836788,-0.00025312761346420014,-0.0202666666666666,-0.39999999999999997,0.140170616097481,0.15230054886171654,-0.012129932764235546
0.65,0.7,0.5401718301629187,0.1095908172335643,0.5375688811160269,0.1106185942058136,0.0071139103864148,0.0123534012873742,0.2061333333333334,0.1479174101785119,0.2182016571083276,0.0161195137639781,0.9088875557636336,0.0878651208609487,0.0911124442363662,0.0878651208609487,0.6783333333333333,0.3846126630582973,0.3216666666666666,0.3846126630582973,0.4660909218329699,0.4527593249157229,0.55,0.2,0.25,0.9009776697617908,0.9020535426714684,0.0979464573285315,0.0086248497330368,0.2001666666666666,0.7,-0.4348867479288209,-0.006834013092165289,-0.0015109393466220004,0.005966666666666787,-0.44999999999999996,0.14620273276290696,0.15230054886171654,-0.0060978160988095775
0.65,0.8,0.5401718301629187,0.1095908172335643,0.5315812172440714,0.1185157358251985,0.009921048644385,0.015084317880512,0.2469000000000001,0.2035762454691073,0.2750133650957783,0.0195745521902711,0.8773661854839876,0.1509055196171046,0.1226338145160124,0.1509055196171046,0.7066666666666667,0.3774878488420413,0.2933333333333333,0.3774878488420413,0.4801724100104421,0.5254211624891723,0.55,0.25,0.2,0.9009776697617908,0.9020535426714684,0.0979464573285315,0.0086248497330368,0.2001666666666666,0.7,-0.42080525975134875,0.0246873571874809,0.0012961989113482002,0.04673333333333349,-0.49999999999999994,0.18931933883820493,0.15230054886171654,0.03701878997648839
0.65,0.9,0.5401718301629187,0.1095908172335643,0.5323130067337614,0.1179749882563204,0.0096969870744698,0.0165410571198418,0.2887,0.210878138918391,0.3344453021287236,0.0228262709861538,0.8932188657263804,0.1357437528649243,0.1067811342736196,0.1357437528649243,0.7008333333333333,0.3717933070375188,0.2991666666666667,0.3717933070375188,0.4805470477089038,0.5192429302434841,0.65,0.1,0.25,0.9009776697617908,0.9020535426714684,0.0979464573285315,0.0086248497330368,0.2001666666666666,0.7,-0.42043062205288706,0.008834676945088105,0.0010721373414330007,0.08853333333333341,-0.44999999999999996,0.1838046278108545,0.15230054886171654,0.031504078949137954
0.65,1.0,0.5401718301629187,0.1095908172335643,0.5386279984965385,0.1094610822674808,0.0079991620341622,0.0111251187638776,0.1910000000000001,0.1324618007388197,0.3951348454840403,0.0257395361216926,0.9313360716408888,0.0641846722973034,0.068663928359111,0.0641846722973034,0.7366666666666667,0.3538262037443529,0.2633333333333333,0.353826203744353,0.381747052200985,0.3865376449693047,0.7,0.1,0.2,0.9009776697617908,0.9020535426714684,0.0979464573285315,0.0086248497330368,0.2001666666666666,0.7,-0.5192306175608059,-0.02928252896942049,-0.0006256876988746003,-0.009166666666666518,-0.49999999999999994,0.12041350937619213,0.15230054886171654,-0.031887039485524404
0.7,0.0,0.7114909300727184,0.0449636711127728,0.7112152136024357,0.0452612552550921,0.0003067411819917,0.0004224195113205,0.1401333333333333,0.1436699596642997,0.0,0.0,0.9959607662875036,0.0044377022780393,0.0040392337124964,0.0044377022780393,0.2758333333333333,0.3379710271675344,0.7241666666666666,0.3379710271675345,0.7633159190079943,0.3408234901160014,0.1,0.2,0.7,0.7633159190079943,0.9959607662875036,0.0040392337124964,0.0003067411819917,0.1401333333333333,0.7,0.0,0.0,0.0,0.0,0.0,0.039225937636825574,0.039225937636825574,0.0
0.7,0.1,0.7114909300727184,0.0449636711127728,0.711232648599054,0.0452508254251903,0.0003018915565328,0.0004127742387955,0.1277333333333333,0.1175443477339959,0.0050052179181845,0.0004168250027602,0.9959934782973946,0.004408748566841,0.0040065217026053,0.004408748566841,0.4033333333333333,0.3726230712346919,0.5966666666666667,0.3726230712346918,0.6326819945917386,0.3736097162714484,0.25,0.25,0.5,0.7633159190079943,0.9959607662875036,0.0040392337124964,0.0003067411819917,0.1401333333333333,0.7,-0.13063392441625576,-3.271200989109994e-05,-4.849625458900025e-06,-0.012399999999999994,-0.19999999999999996,0.03609080081420503,0.039225937636825574,-0.0031351368226205448
0.7,0.2,0.7114909300727184,0.0449636711127728,0.7112613388003945,0.0452212460996941,0.0002992826971659,0.0003786597560653,0.106,0.0827676236952816,0.0198727390289756,0.0016425761674761,0.9960610265118172,0.004355440258823,0.0039389734881828,0.004355440258823,0.485,0.3968037504538849,0.515,0.3968037504538849,0.5455137941624744,0.3945740236498601,0.4,0.2,0.4,0.7633159190079943,0.9959607662875036,0.0040392337124964,0.0003067411819917,0.1401333333333333,0.7,-0.21780212484551997,-0.00010026022431360027,-7.458484825800013e-06,-0.03413333333333331,-0.29999999999999993,0.030588614836765747,0.039225937636825574,-0.008637322800059827
0.7,0.3,0.7114909300727184,0.0449636711127728,0.711285237326948,0.0451898553809683,0.0002876844677121,0.0003440896598472,0.1102666666666667,0.0929957302673258,0.0441652053453956,0.0036050553681144,0.9961488981994554,0.0042795300987001,0.0038511018005444,0.0042795300987001,0.6316666666666666,0.3090212808962898,0.3683333333333333,0.3090212808962898,0.3998230229174725,0.3093303939308194,0.5,0.3,0.2,0.7633159190079943,0.9959607662875036,0.0040392337124964,0.0003067411819917,0.1401333333333333,0.7,-0.3634928960905218,-0.00018813191195200026,-1.9056714279599974e-05,-0.02986666666666661,-0.49999999999999994,0.031561610701067125,0.039225937636825574,-0.007664326935758449
0.7,0.4,0.7114909300727184,0.0449636711127728,0.7113106410315931,0.0451671401811549,0.0002618479263119,0.0003105736080961,0.1158666666666667,0.1029339423670738,0.0771767147348555,0.0061903165337039,0.996043254641396,0.0042424027356264,0.003956745358604,0.0042424027356264,0.6900000000000001,0.2988476895016386,0.31,0.2988476895016387,0.3429888740068486,0.2966894691181914,0.6,0.25,0.15,0.7633159190079943,0.9959607662875036,0.0040392337124964,0.0003067411819917,0.1401333333333333,0.7,-0.42032704500114576,-8.248835389240011e-05,-4.489325567979998e-05,-0.024266666666666603,-0.5499999999999999,0.03305433598842662,0.039225937636825574,-0.006171601648398951
0.7,0.5,0.7114909300727184,0.0449636711127728,0.711325633746392,0.0451560922758014,0.0002420867664184,0.0002886152409898,0.1053333333333333,0.0864082517177166,0.1179658583456129,0.0092515828882567,0.996003545879107,0.0042823116254827,0.0039964541208929,0.0042823116254827,0.7375,0.2727848047593603,0.2625,0.2727848047593603,0.2928903091458309,0.2634399559314025,0.65,0.25,0.1,0.7633159190079943,0.9959607662875036,0.0040392337124964,0.0003067411819917,0.1401333333333333,0.7,-0.4704256098621634,-4.27795916035003e-05,-6.465441557330001e-05,-0.0348,-0.6,0.030450830837435425,0.039225937636825574,-0.008775106799390149
0.7,0.6,0.7114909300727184,0.0449636711127728,0.7113252481214932,0.0451651160260161,0.0002384282426673,0.0002959599169087,0.1102666666666667,0.0828598196208652,0.165399073278238,0.0126204827026791,0.9959963614175824,0.0043618128768492,0.0040036385824177,0.0043618128768492,0.7591666666666667,0.2352350448291867,0.2408333333333333,0.2352350448291867,0.2724632456430845,0.2296648650152999,0.65,0.25,0.1,0.7633159190079943,0.9959607662875036,0.0040392337124964,0.0003067411819917,0.1401333333333333,0.7,-0.49085267336490984,-3.559513007869979e-05,-6.83129393244e-05,-0.02986666666666661,-0.6,0.03168951937041802,0.039225937636825574,-0.007536418266407552
0.7,0.7,0.7114909300727184,0.0449636711127728,0.7113219371383227,0.0451750457401217,0.0002393488707142,0.0003084200928697,0.1150333333333333,0.1011007198567624,0.2182016571083276,0.0161195137639781,0.9959919725198866,0.0043963494890503,0.0040080274801135,0.0043963494890503,0.7683333333333333,0.2363773868326832,0.2316666666666666,0.2363773868326832,0.2644928646977921,0.2293709296207318,0.7,0.2,0.1,0.7633159190079943,0.9959607662875036,0.0040392337124964,0.0003067411819917,0.1401333333333333,0.7,-0.49882305431020224,-3.120623238290002e-05,-6.73923112775e-05,-0.025099999999999997,-0.6,0.03288603524880393,0.039225937636825574,-0.006339902388021644
0.7,0.8,0.7114909300727184,0.0449636711127728,0.7113336879851968,0.0451548175774284,0.0002261727644684,0.0002728857038998,0.1057,0.098471232477973,0.2750133650957783,0.0195745521902711,0.9959380632045064,0.0043848579683532,0.0040619367954937,0.0043848579683532,0.7708333333333333,0.2448221099024269,0.2291666666666666,0.2448221099024269,0.2597101466532775,0.2372612502974794,0.7,0.2,0.1,0.7633159190079943,0.9959607662875036,0.0040392337124964,0.0003067411819917,0.1401333333333333,0.7,-0.5036057723547168,2.270308299729979e-05,-8.05684175233e-05,-0.0344333333333333,-0.6,0.0306000231777279,0.039225937636825574,-0.008625914459097675
0.7,0.9,0.7114909300727184,0.0449636711127728,0.7113365272878477,0.0451474476439818,0.0002215457071233,0.0002618233629483,0.1055666666666666,0.0979275958812821,0.3344453021287236,0.0228262709861538,0.9958923333998428,0.0043466832462773,0.0041076666001572,0.0043466832462773,0.7925,0.2346750272633469,0.2075,0.2346750272633469,0.2380547196936047,0.2286014316263163,0.8,0.1,0.1,0.7633159190079943,0.9959607662875036,0.0040392337124964,0.0003067411819917,0.1401333333333333,0.7,-0.5252611993143896,6.843288766080011e-05,-8.519547486839999e-05,-0.034566666666666704,-0.6,0.030610106120385498,0.039225937636825574,-0.008615831516440076
0.7,1.0,0.7114909300727184,0.0449636711127728,0.7113371591823775,0.0451392412205436,0.0002190850129009,0.0002524960622909,0.1027666666666666,0.1030492472967224,0.3951348454840403,0.0257395361216926,0.9958813186524246,0.004250873575293,0.0041186813475753,0.004250873575293,0.8108333333333333,0.2268056204631715,0.1891666666666666,0.2268056204631715,0.2190317859341339,0.2208358571439057,0.8,0.15,0.05,0.7633159190079943,0.9959607662875036,0.0040392337124964,0.0003067411819917,0.1401333333333333,0.7,-0.5442841330738605,7.944763507889991e-05,-8.765616909080001e-05,-0.0373666666666667,-0.6499999999999999,0.0299198905206924,0.039225937636825574,-0.009306047116133174
0.75,0.0,0.7841551083600098,0.0254953301809709,0.7841466316161505,0.0255070910642287,1.7281704519672703e-05,2.681727777105451e-05,0.0583666666666666,0.0823478501301195,0.0,0.0,0.9999758828193748,7.291055558674804e-05,2.411718062519386e-05,7.291055558676604e-05,0.3583333333333333,0.3947573094109003,0.6416666666666667,0.3947573094109003,0.6562867709400885,0.3953775841218641,0.2,0.25,0.55,0.6562867709400885,0.9999758828193748,2.411718062519386e-05,1.7281704519672703e-05,0.0583666666666666,0.55,0.0,0.0,0.0,0.0,0.0,0.014624424699551681,0.014624424699551681,0.0
0.75,0.1,0.7841551083600098,0.0254953301809709,0.7841478789963041,0.0255051585064442,1.600100677210392e-05,2.4096843059628955e-05,0.0514333333333333,0.0721328452816125,0.0050052179181845,0.0004168250027602,0.9999720158960834,7.947958378417163e-05,2.7984103916633973e-05,7.947958378417327e-05,0.5258333333333334,0.3870519480978177,0.4741666666666666,0.3870519480978177,0.4870569843556097,0.3876589779216155,0.45,0.2,0.35,0.6562867709400885,0.9999758828193748,2.411718062519386e-05,1.7281704519672703e-05,0.0583666666666666,0.55,-0.1692297865844788,3.866923291440115e-06,-1.2806977475687833e-06,-0.006933333333333298,-0.20000000000000007,0.012894317940636012,0.014624424699551681,-0.0017301067589156685
0.75,0.2,0.7841551083600098,0.0254953301809709,0.7841491802369981,0.0255034727618234,1.466893501080313e-05,2.251745369243815e-05,0.0421666666666666,0.0606972643101552,0.0198727390289756,0.0016425761674761,0.9999698958609052,8.176625038504667e-05,3.0104139094572213e-05,8.17662503850394e-05,0.5708333333333333,0.3795532538585592,0.4291666666666666,0.3795532538585592,0.4397421047061806,0.3769195736895666,0.5,0.2,0.3,0.6562867709400885,0.9999758828193748,2.411718062519386e-05,1.7281704519672703e-05,0.0583666666666666,0.55,-0.2165446662339079,5.986958469378355e-06,-2.612769508869573e-06,-0.0162,-0.25000000000000006,0.010579105273266625,0.014624424699551681,-0.004045319426285056
0.75,0.3,0.7841551083600098,0.0254953301809709,0.784150277682355,0.0255024294447705,1.3547981354300464e-05,2.179344439984349e-05,0.0338,0.044629783148248,0.0441652053453956,0.0036050553681144,0.9999690176507696,8.117628403629608e-05,3.0982349230340714e-05,8.117628403628714e-05,0.5733333333333334,0.3804583262483499,0.4266666666666666,0.3804583262483499,0.4351510360112356,0.3786214417705276,0.5,0.2,0.3,0.6562867709400885,0.9999758828193748,2.411718062519386e-05,1.7281704519672703e-05,0.0583666666666666,0.55,-0.22113573492885286,6.8651686051468555e-06,-3.7337231653722384e-06,-0.024566666666666605,-0.25000000000000006,0.00848775633990749,0.014624424699551681,-0.006136668359644191
0.75,0.4,0.7841551083600098,0.0254953301809709,0.7841511641258154,0.0255019394228313,1.2738294012243356e-05,2.1361232705109608e-05,0.0291333333333333,0.0379966757548743,0.0771767147348555,0.0061903165337039,0.9999692594744476,7.869758218792764e-05,3.074052555223639e-05,7.869758218794352e-05,0.5708333333333333,0.3822018005900404,0.4291666666666667,0.3822018005900403,0.4364839250990552,0.3811018592053095,0.5,0.2,0.3,0.6562867709400885,0.9999758828193748,2.411718062519386e-05,1.7281704519672703e-05,0.0583666666666666,0.55,-0.21980284584103327,6.623344927042529e-06,-4.543410507429346e-06,-0.029233333333333302,-0.25000000000000006,0.007320443005891683,0.014624424699551681,-0.007303981693659998
0.75,0.5,0.7841551083600098,0.0254953301809709,0.7841518554226411,0.0255018132604443,1.2309950647920732e-05,2.098950043156476e-05,0.0272333333333333,0.0371935195260793,0.1179658583456129,0.0092515828882567,0.9999702528866102,7.535820265082367e-05,2.974711338972757e-05,7.535820265081723e-05,0.5841666666666667,0.3674821473962657,0.4158333333333333,0.3674821473962656,0.4226744912677184,0.3670162786925287,0.5,0.2,0.3,0.6562867709400885,0.9999758828193748,2.411718062519386e-05,1.7281704519672703e-05,0.0583666666666666,0.55,-0.23361227967237008,5.629932764533713e-06,-4.971753871751971e-06,-0.0311333333333333,-0.25000000000000006,0.006844235422047013,0.014624424699551681,-0.0077801892775046675
0.75,0.6,0.7841551083600098,0.0254953301809709,0.7841523815844006,0.0255018404704565,1.197738019141914e-05,2.0772077225423644e-05,0.0248666666666666,0.0352508802926041,0.165399073278238,0.0126204827026791,0.999971652370222,7.155323401167208e-05,2.8347629777947248e-05,7.155323401167746e-05,0.6258333333333334,0.3432505009941697,0.3741666666666666,0.3432505009941697,0.3804146753081591,0.3417422841897152,0.55,0.2,0.25,0.6562867709400885,0.9999758828193748,2.411718062519386e-05,1.7281704519672703e-05,0.0583666666666666,0.55,-0.2758720956319294,4.23044915275339e-06,-5.304324328253563e-06,-0.0335,-0.30000000000000004,0.006251002986540306,0.014624424699551681,-0.008373421713011375
0.75,0.7,0.7841551083600098,0.0254953301809709,0.7841527483505023,0.0255018730286883,1.171635140287397e-05,2.0639801134498527e-05,0.0227999999999999,0.0317818588145439,0.2182016571083276,0.0161195137639781,0.9999731107540104,6.767016806156914e-05,2.688924598963083e-05,6.767016806156424e-05,0.6083333333333333,0.3546475064076577,0.3916666666666666,0.3546475064076576,0.397396485000507,0.3522672305041193,0.55,0.2,0.25,0.6562867709400885,0.9999758828193748,2.411718062519386e-05,1.7281704519672703e-05,0.0583666666666666,0.55,-0.25889028593958147,2.77206536443697e-06,-5.5653531167987325e-06,-0.035566666666666705,-0.30000000000000004,0.005732747421691043,0.014624424699551681,-0.008891677277860638
0.75,0.8,0.7841551083600098,0.0254953301809709,0.7841530405643607,0.0255018359183127,1.1458962220534107e-05,2.0471211320580647e-05,0.0210333333333333,0.0293089811195989,0.2750133650957783,0.0195745521902711,0.9999742658190754,6.470078265158819e-05,2.5734180924497085e-05,6.470078265158621e-05,0.6591666666666667,0.3250044983944194,0.3408333333333333,0.3250044983944193,0.3461202655881463,0.3233286285064875,0.55,0.25,0.2,0.6562867709400885,0.9999758828193748,2.411718062519386e-05,1.7281704519672703e-05,0.0583666666666666,0.55,-0.3101665053519422,1.617000299303227e-06,-5.822742299138595e-06,-0.0373333333333333,-0.35000000000000003,0.005289796995368089,0.014624424699551681,-0.009334627704183592
0.75,0.9,0.7841551083600098,0.0254953301809709,0.7841532994148329,0.0255017156690609,1.117746757244853e-05,2.0208494215310607e-05,0.0198999999999999,0.0271079928222987,0.3344453021287236,0.0228262709861538,0.999975292534446,6.209963530074174e-05,2.4707465554046905e-05,6.209963530075345e-05,0.6766666666666666,0.3235132434900468,0.3233333333333333,0.3235132434900468,0.3283358351657804,0.3224178813361221,0.65,0.15,0.2,0.6562867709400885,0.9999758828193748,2.411718062519386e-05,1.7281704519672703e-05,0.0583666666666666,0.55,-0.32795093577430806,5.902849288530465e-07,-6.1042369472241734e-06,-0.038466666666666705,-0.35000000000000003,0.005005296199340246,0.014624424699551681,-0.009619128500211436
0.75,1.0,0.7841551083600098,0.0254953301809709,0.784153549152728,0.0255015074111429,1.0861250034982503e-05,1.982300108667635e-05,0.0192666666666666,0.0261349623552424,0.3951348454840403,0.0257395361216926,0.9999762808497292,5.957770983731247e-05,2.371915027086224e-05,5.957770983729591e-05,0.6858333333333333,0.3231910973094973,0.3141666666666666,0.3231910973094973,0.3190097677961129,0.3223493585581694,0.65,0.2,0.15,0.6562867709400885,0.9999758828193748,2.411718062519386e-05,1.7281704519672703e-05,0.0583666666666666,0.55,-0.3372770031439756,-3.9803035433161937e-07,-6.420454484690199e-06,-0.0391,-0.4,0.004845816441955003,0.014624424699551681,-0.009778608257596678
0.8,0.0,0.8264406029436291,0.0182466614820926,0.8264407361002089,0.0182466660466972,3.948759053129525e-07,6.209355947689424e-07,0.0,0.0,0.0,0.0,0.9999999997324912,1.1848170995147675e-09,2.675089150194765e-10,1.1848171165474507e-09,0.3966666666666666,0.3400894275237769,0.6033333333333333,0.3400894275237769,0.6033334323198185,0.3400893729209957,0.15,0.3,0.55,0.6033334323198185,0.9999999997324912,2.675089150194765e-10,3.948759053129525e-07,0.0,0.55,0.0,0.0,0.0,0.0,0.0,1.977054615714957e-07,1.977054615714957e-07,0.0
0.8,0.1,0.8264406029436291,0.0182466614820926,0.8264407478075994,0.0182466657348451,4.1777441558421566e-07,6.828884971271013e-07,0.0,0.0,0.0050052179181845,0.0004168250027602,0.9999999996735038,1.445761324160849e-09,3.264961467852601e-10,1.445761309589299e-09,0.4441666666666666,0.4330051051115121,0.5558333333333334,0.4330051051115119,0.5558334381034333,0.4330050735441886,0.35,0.1,0.55,0.6033334323198185,0.9999999997324912,2.675089150194765e-10,3.948759053129525e-07,0.0,0.55,-0.04749999421638518,5.898723176578358e-11,2.289851027126317e-08,0.0,0.0,2.0921370393889308e-07,1.977054615714957e-07,1.1508242367397368e-08
0.8,0.2,0.8264406029436291,0.0182466614820926,0.8264407569289165,0.0182466644503768,4.4006508625460403e-07,7.359346704410814e-07,0.0,0.0,0.0198727390289756,0.0016425761674761,0.9999999996319182,1.628080407981942e-09,3.6808167069857236e-10,1.628080369724007e-09,0.4491666666666666,0.4054985740631542,0.5508333333333333,0.4054985740631542,0.5508334437176866,0.4054985490229734,0.3,0.2,0.5,0.6033334323198185,0.9999999997324912,2.675089150194765e-10,3.948759053129525e-07,0.0,0.55,-0.0524999886021319,1.0057275567909586e-10,4.518918094165154e-08,0.0,-0.050000000000000044,2.204006247980006e-07,1.977054615714957e-07,2.2695163226504883e-08
0.8,0.3,0.8264406029436291,0.0182466614820926,0.8264407637027299,0.0182466613711567,4.59829087662289e-07,7.779355694655731e-07,0.0,0.0,0.0441652053453956,0.0036050553681144,0.9999999996130976,1.7079392617990519e-09,3.8690218251424817e-10,1.7079392828913096e-09,0.4616666666666667,0.4159854079761967,0.5383333333333333,0.4159854079761967,0.5383334486775074,0.4159854151943738,0.4,0.1,0.5,0.6033334323198185,0.9999999997324912,2.675089150194765e-10,3.948759053129525e-07,0.0,0.55,-0.06499998364231108,1.1939326749477167e-10,6.495318234933652e-08,0.0,-0.050000000000000044,2.3030144601365875e-07,1.977054615714957e-07,3.2595984442163035e-08
0.8,0.4,0.8264406029436291,0.0182466614820926,0.8264407680615493,0.0182466568570174,4.761129410224552e-07,8.083019976198048e-07,0.0,0.0,0.0771767147348555,0.0061903165337039,0.9999999996152809,1.6938144263420206e-09,3.8471902330528e-10,1.6938144385357291e-09,0.4408333333333333,0.4013673631897816,0.5591666666666667,0.4013673631897817,0.559166786079621,0.401367430863787,0.35,0.1,0.55,0.6033334323198185,0.9999999997324912,2.675089150194765e-10,3.948759053129525e-07,0.0,0.55,-0.044166646240197505,1.172101082858035e-10,8.123703570950269e-08,0.0,0.0,2.384411895345329e-07,1.977054615714957e-07,4.073572796303717e-08
0.8,0.5,0.8264406029436291,0.0182466614820926,0.8264407702431031,0.0182466516823991,4.882306432696381e-07,8.285979399364066e-07,0.0,0.0,0.1179658583456129,0.0092515828882567,0.999999999632666,1.612385282321171e-09,3.6733400765598385e-10,1.6123852925772135e-09,0.4383333333333333,0.3985023131266009,0.5616666666666666,0.3985023131266009,0.5616667890916615,0.3985023956381917,0.25,0.25,0.5,0.6033334323198185,0.9999999997324912,2.675089150194765e-10,3.948759053129525e-07,0.0,0.55,-0.04166664322815705,9.982509263650735e-11,9.335473795668565e-08,0.0,-0.050000000000000044,2.4448265564247505e-07,1.977054615714957e-07,4.6777194070979334e-08
0.8,0.6,0.8264406029436291,0.0182466614820926,0.8264407721105561,0.018246646260947,4.977995667676538e-07,8.450294586041607e-07,0.0,0.0,0.165399073278238,0.0126204827026791,0.9999999996490914,1.536488953373814e-09,3.5090868544251915e-10,1.536488990493783e-09,0.4091666666666667,0.4076919416645926,0.5908333333333333,0.4076919416645926,0.5908334581341337,0.407692016839974,0.35,0.1,0.55,0.6033334323198185,0.9999999997324912,2.675089150194765e-10,3.948759053129525e-07,0.0,0.55,-0.012499974185684826,8.339977042304265e-11,1.0292366145470133e-07,0.0,0.0,2.492506920692694e-07,1.977054615714957e-07,5.15452304977737e-08
0.8,0.7,0.8264406029436291,0.0182466614820926,0.8264407737574999,0.0182466407794451,5.038257232081734e-07,8.560751285197504e-07,0.0,0.0,0.2182016571083276,0.0161195137639781,0.9999999996644716,1.466600932688968e-09,3.355282995887165e-10,1.4666009415019171e-09,0.4041666666666667,0.3994468031390559,0.5958333333333333,0.3994468031390559,0.5958334596252924,0.3994468793860429,0.3,0.15,0.55,0.6033334323198185,0.9999999997324912,2.675089150194765e-10,3.948759053129525e-07,0.0,0.55,-0.007499972694526069,6.801938456924e-11,1.0894981789522087e-07,0.0,0.0,2.522483899036754e-07,1.977054615714957e-07,5.4542928332179684e-08
0.8,0.8,0.8264406029436291,0.0182466614820926,0.8264407755958247,0.0182466350429417,5.070081060154496e-07,8.634146479899902e-07,0.0,0.0,0.2750133650957783,0.0195745521902711,0.9999999996747664,1.4204216717145146e-09,3.2523363446834707e-10,1.420421616653143e-09,0.3841666666666666,0.3985527546581682,0.6158333333333333,0.3985527546581682,0.6158334604105935,0.39855282504241,0.3,0.1,0.6,0.6033334323198185,0.9999999997324912,2.675089150194765e-10,3.948759053129525e-07,0.0,0.55,0.012500028090774995,5.7724719448870567e-11,1.1213220070249712e-07,0.0,0.04999999999999993,2.5382928664219316e-07,1.977054615714957e-07,5.6123825070697453e-08
0.8,0.9,0.8264406029436291,0.0182466614820926,0.8264407785129331,0.0182466287518699,5.08658096926018e-07,8.689495303658834e-07,0.0,0.0,0.3344453021287235,0.0228262709861538,0.9999999996773808,1.4093372673966306e-09,3.226192535343841e-10,1.4093372595782767e-09,0.4258333333333334,0.3977449225217248,0.5741666666666666,0.3977449225217248,0.5741667941538101,0.3977450055495881,0.3,0.15,0.55,0.6033334323198185,0.9999999997324912,2.675089150194765e-10,3.948759053129525e-07,0.0,0.55,-0.029166638166008396,5.511033851490758e-11,1.1378219161306546e-07,0.0,0.0,2.5465166771654337e-07,1.977054615714957e-07,5.694620614504766e-08
0.8,1.0,0.8264406029436291,0.0182466614820926,0.8264407836895575,0.0182466212546446,5.099708929867663e-07,8.76237333174996e-07,0.0,0.0,0.3951348454840403,0.0257395361216926,0.9999999996679378,1.4526689681452051e-09,3.3206227767479386e-10,1.452668972005736e-09,0.4425,0.4070818631121433,0.5575,0.4070818631121433,0.5575001278247855,0.4070819493029088,0.35,0.15,0.5,0.6033334323198185,0.9999999997324912,2.675089150194765e-10,3.948759053129525e-07,0.0,0.55,-0.04583330449503298,6.455336265531736e-11,1.1509498767381385e-07,0.0,-0.050000000000000044,2.5531750877105796e-07,1.977054615714957e-07,5.7612047199562245e-08
0.85,0.0,0.8553433286432297,0.0142050627819457,0.8553433395754888,0.0142050655189743,2.2565697788135e-08,5.4156702885412974e-08,0.0,0.0,0.0,0.0,1.0,3.593022754092908e-16,2.220446049250313e-17,2.895107444979072e-16,0.2575,0.2077782077738929,0.7424999999999999,0.2077782077738928,0.7425000056414245,0.207778197491901,0.05,0.1,0.85,0.7425000056414245,1.0,2.220446049250313e-17,2.2565697788135e-08,0.0,0.85,0.0,0.0,0.0,0.0,0.0,1.128284891627196e-08,1.128284891627196e-08,0.0
0.85,0.1,0.8553433286432297,0.0142050627819457,0.8553433398818738,0.0142050654905818,2.313523224106717e-08,5.5637077615135455e-08,0.0,0.0,0.0050052179181845,0.0004168250027602,1.0,3.2418352228821573e-16,2.775557561562892e-17,2.6192298851714343e-16,0.3508333333333333,0.4082294891228139,0.6491666666666667,0.408229489122814,0.6491666724504748,0.4082294915262448,0.35,0.0,0.65,0.7425000056414245,1.0,2.220446049250313e-17,2.2565697788135e-08,0.0,0.85,-0.09333333319094972,5.551115123125791e-18,5.695344529321724e-10,0.0,-0.19999999999999996,1.1567616148289161e-08,1.128284891627196e-08,2.84767232017201e-10
0.85,0.2,0.8553433286432297,0.0142050627819457,0.8553433401024616,0.0142050654450688,2.3677716121106585e-08,5.6812919165803633e-08,0.0,0.0,0.0198727390289756,0.0016425761674761,1.0,3.221761746763414e-16,7.771561172376094e-17,2.721864374355952e-16,0.3408333333333333,0.4216534912302596,0.6591666666666667,0.4216534912302597,0.6591666725860958,0.4216534948646933,0.35,0.0,0.65,0.7425000056414245,1.0,2.220446049250313e-17,2.2565697788135e-08,0.0,0.85,-0.08333333305532864,5.5511151231257815e-17,1.1120183329715858e-09,0.0,-0.19999999999999996,1.1838858138268904e-08,1.128284891627196e-08,5.560092219969441e-10
0.85,0.3,0.8553433286432297,0.0142050627819457,0.8553433402464663,0.0142050653652319,2.4175456003749934e-08,5.765783392070551e-08,0.0,0.0,0.0441652053453956,0.0036050553681144,1.0,2.992078424671251e-16,2.220446049250313e-17,2.9615684520549757e-16,0.3424999999999999,0.4202295042679773,0.6575,0.4202295042679773,0.657500006043864,0.4202295080348121,0.35,0.0,0.65,0.7425000056414245,1.0,2.220446049250313e-17,2.2565697788135e-08,0.0,0.85,-0.08499999959756044,0.0,1.6097582156149348e-09,0.0,-0.19999999999999996,1.2087728024079428e-08,1.128284891627196e-08,8.048791078074674e-10
0.85,0.4,0.8553433286432297,0.0142050627819457,0.8553433403271695,0.0142050652451818,2.461034379064309e-08,5.817902406433116e-08,0.0,0.0,0.0771767147348555,0.0061903165337039,1.0,3.1401849173675503e-16,1.1102230246251566e-17,3.075474930980166e-16,0.3758333333333333,0.4222425164405622,0.6241666666666668,0.4222425164405622,0.6241666728192526,0.4222425207331531,0.35,0.05,0.6,0.7425000056414245,1.0,2.220446049250313e-17,2.2565697788135e-08,0.0,0.85,-0.11833333282217184,-1.1102230246251563e-17,2.04464600250809e-09,0.0,-0.25,1.2305171906423774e-08,1.128284891627196e-08,1.0223229901518138e-09
0.85,0.5,0.8553433286432297,0.0142050627819457,0.8553433403607329,0.0142050650931723,2.4975330142895662e-08,5.842567820910679e-08,0.0,0.0,0.1179658583456129,0.0092515828882567,1.0,3.3306690738754696e-16,4.996003610813205e-17,2.892305094651466e-16,0.3633333333333333,0.3982270650290326,0.6366666666666667,0.3982270650290327,0.6366666729104992,0.3982270692359833,0.3,0.1,0.6,0.7425000056414245,1.0,2.220446049250313e-17,2.2565697788135e-08,0.0,0.85,-0.10583333273092532,2.7755575615628926e-17,2.4096323547606635e-09,0.0,-0.25,1.2487665121407868e-08,1.128284891627196e-08,1.2048162051359074e-09
0.85,0.6,0.8553433286432297,0.0142050627819457,0.8553433403999493,0.0142050649197724,2.53043127562691e-08,5.860344477763056e-08,0.0,0.0,0.165399073278238,0.0126204827026791,1.0,3.3790122267015927e-16,2.775557561562892e-17,2.6192298851714343e-16,0.3683333333333333,0.414429079564048,0.6316666666666666,0.4144290795640481,0.6316666729927449,0.414429083602039,0.35,0.05,0.6,0.7425000056414245,1.0,2.220446049250313e-17,2.2565697788135e-08,0.0,0.85,-0.11083333264867956,5.551115123125791e-18,2.7386149681340997e-09,0.0,-0.25,1.2652156405890125e-08,1.128284891627196e-08,1.3693074896181646e-09
0.85,0.7,0.8553433286432297,0.0142050627819457,0.8553433404532109,0.014205064735252,2.5565440447961053e-08,5.8688204319281725e-08,0.0,0.0,0.2182016571083276,0.0161195137639781,1.0,2.659173525349297e-16,4.996003610813205e-17,2.634048842945395e-16,0.3658333333333333,0.4119726826235814,0.6341666666666667,0.4119726826235814,0.6341666730580269,0.4119726866626982,0.35,0.05,0.6,0.7425000056414245,1.0,2.220446049250313e-17,2.2565697788135e-08,0.0,0.85,-0.10833333258339761,2.7755575615628926e-17,2.999742659826054e-09,0.0,-0.25,1.2782720273940563e-08,1.128284891627196e-08,1.4998713576686026e-09
0.85,0.8,0.8553433286432297,0.0142050627819457,0.8553433405239149,0.0142050645427388,2.575632649381987e-08,5.8727739988799364e-08,0.0,0.0,0.2750133650957783,0.0195745521902711,1.0,3.098591227709771e-16,4.996003610813205e-17,2.658563553205626e-16,0.3866666666666666,0.401590405514337,0.6133333333333333,0.4015904055143369,0.613333339772415,0.4015904099208407,0.35,0.1,0.55,0.7425000056414245,1.0,2.220446049250313e-17,2.2565697788135e-08,0.0,0.85,-0.1291666658690095,2.7755575615628926e-17,3.1906287056848726e-09,0.0,-0.29999999999999993,1.2878163296869972e-08,1.128284891627196e-08,1.5953143805980119e-09
0.85,0.9,0.8553433286432297,0.0142050627819457,0.855343340617873,0.0142050643507792,2.5883640059065625e-08,5.875488668548556e-08,0.0,0.0,0.3344453021287235,0.0228262709861538,1.0,2.4297082341747243e-16,4.996003610813205e-17,2.4021847498308324e-16,0.3683333333333333,0.4098530616742331,0.6316666666666666,0.4098530616742331,0.6316666731375767,0.4098530656002986,0.35,0.05,0.6,0.7425000056414245,1.0,2.220446049250313e-17,2.2565697788135e-08,0.0,0.85,-0.11083333250384775,2.7755575615628926e-17,3.3179422709306268e-09,0.0,-0.25,1.294182007949285e-08,1.128284891627196e-08,1.658971163220889e-09
0.85,1.0,0.8553433286432297,0.0142050627819457,0.8553433407691852,0.0142050641478521,2.5988363033802032e-08,5.8884282589034365e-08,0.0,0.0,0.3951348454840403,0.0257395361216926,1.0,2.597467360601521e-16,1.6653345369377347e-17,2.7021296255682773e-16,0.4175,0.4128235041928149,0.5825,0.4128235041928149,0.5825000064970908,0.4128235086738039,0.4,0.05,0.55,0.7425000056414245,1.0,2.220446049250313e-17,2.2565697788135e-08,0.0,0.85,-0.15999999914433372,-5.5511151231257815e-18,3.422665245667033e-09,0.0,-0.29999999999999993,1.2994181533554362e-08,1.128284891627196e-08,1.7113326172824017e-09
0.9,0.0,0.8766413658478303,0.0115607593432303,0.8766413661865651,0.0115607595955418,1.1147047007664667e-09,2.6106491194636235e-09,0.0,0.0,0.0,0.0,1.0,1.7646315836095686e-16,-2.220446049250313e-17,1.8225036628030615e-16,0.1683333333333333,0.1198073502319062,0.8316666666666667,0.1198073502319062,0.8316666669453427,0.1198073502483565,0.0,0.05,0.95,0.8316666669453427,1.0,-2.220446049250313e-17,1.1147047007664667e-09,0.0,0.95,0.0,0.0,0.0,0.0,0.0,5.573523281787729e-10,5.573523281787729e-10,0.0
0.9,0.1,0.8766413658478303,0.0115607593432303,0.8766413661942718,0.0115607595946618,1.1278737221953603e-09,2.645520954952612e-09,0.0,0.0,0.0050052179181845,0.0004168250027602,1.0,1.2735131497718752e-16,1.6653345369377347e-17,1.261999484656919e-16,0.425,0.4319986192310617,0.575,0.4319986192310617,0.5750000002819684,0.4319986194122326,0.4,0.1,0.5,0.8316666669453427,1.0,-2.220446049250313e-17,1.1147047007664667e-09,0.0,0.95,-0.25666666666337434,3.8857805861880476e-17,1.316902142889355e-11,0.0,-0.44999999999999996,5.639368777510256e-10,5.573523281787729e-10,6.584549572252699e-12
0.9,0.2,0.8766413658478303,0.0115607593432303,0.8766413661995113,0.0115607595935455,1.14048146482304e-09,2.672215677539149e-09,0.0,0.0,0.0198727390289756,0.0016425761674761,1.0,1.5492956138548855e-16,3.885780586188048e-17,1.4971229062208228e-16,0.4216666666666667,0.4265357529422495,0.5783333333333334,0.4265357529422495,0.5783333336184537,0.4265357531255306,0.4,0.1,0.5,0.8316666669453427,1.0,-2.220446049250313e-17,1.1147047007664667e-09,0.0,0.95,-0.253333333326889,6.106226635438361e-17,2.5776764056573267e-11,0.0,-0.44999999999999996,5.702407712693258e-10,5.573523281787729e-10,1.2888443090552967e-11
0.9,0.3,0.8766413658478303,0.0115607593432303,0.8766413662025545,0.0115607595917825,1.1522246379236379e-09,2.6899893047222115e-09,0.0,0.0,0.0441652053453956,0.0036050553681144,1.0,1.1946612296064761e-16,-2.220446049250313e-17,1.1727389776759007e-16,0.4066666666666666,0.4226552104264003,0.5933333333333334,0.4226552104264003,0.5933333336213894,0.4226552106032753,0.4,0.05,0.55,0.8316666669453427,1.0,-2.220446049250313e-17,1.1147047007664667e-09,0.0,0.95,-0.23833333332395334,0.0,3.751993715717114e-11,0.0,-0.3999999999999999,5.761122967573584e-10,5.573523281787729e-10,1.875996857858557e-11
0.9,0.4,0.8766413658478303,0.0115607593432303,0.8766413662038544,0.0115607595890872,1.162815266297912e-09,2.699074684274781e-09,0.0,0.0,0.0771767147348555,0.0061903165337039,1.0,1.9229626863835638e-16,-6.10622663543836e-17,1.818048746184809e-16,0.3841666666666666,0.4208552625865377,0.6158333333333333,0.4208552625865377,0.615833333624037,0.4208552627502171,0.35,0.1,0.55,0.8316666669453427,1.0,-2.220446049250313e-17,1.1147047007664667e-09,0.0,0.95,-0.21583333332130572,-3.8857805861880476e-17,4.811056553144523e-11,0.0,-0.3999999999999999,5.814075720866896e-10,5.573523281787729e-10,2.4055243907916794e-11
0.9,0.5,0.8766413658478303,0.0115607593432303,0.8766413662039534,0.0115607595853835,1.1720330428399704e-09,2.700720422287517e-09,0.0,0.0,0.1179658583456129,0.0092515828882567,1.0,1.4851587827545446e-16,3.885780586188048e-17,1.45314491256713e-16,0.3399999999999999,0.4014738927373829,0.66,0.4014738927373829,0.6600000002930082,0.4014738928837964,0.25,0.15,0.6,0.8316666669453427,1.0,-2.220446049250313e-17,1.1147047007664667e-09,0.0,0.95,-0.17166666665233454,6.106226635438361e-17,5.7328342073503667e-11,0.0,-0.35,5.86016560277791e-10,5.573523281787729e-10,2.8664232099018167e-11
0.9,0.6,0.8766413658478303,0.0115607593432303,0.8766413662045206,0.0115607595806632,1.180594111360733e-09,2.7004797694711886e-09,0.0,0.0,0.165399073278238,0.0126204827026792,1.0,1.4851587827545446e-16,-3.3306690738754695e-17,1.4453111902018695e-16,0.3241666666666666,0.3953115212467369,0.6758333333333333,0.3953115212467369,0.6758333336284819,0.3953115213847674,0.2,0.2,0.6,0.8316666669453427,1.0,-2.220446049250313e-17,1.1147047007664667e-09,0.0,0.95,-0.1558333333168609,-1.1102230246251566e-17,6.588941059426633e-11,0.0,-0.35,5.902970223736758e-10,5.573523281787729e-10,3.294469419490296e-11
0.9,0.7,0.8766413658478303,0.0115607593432303,0.8766413662060655,0.0115607595750513,1.1875894878610183e-09,2.6980486527418533e-09,0.0,0.0,0.2182016571083276,0.0161195137639781,1.0,1.6701968379038554e-16,-3.3306690738754695e-17,1.65458717920196e-16,0.3466666666666667,0.3729368195083843,0.6533333333333333,0.3729368195083843,0.6533333336302307,0.3729368196381576,0.2,0.25,0.55,0.8316666669453427,1.0,-2.220446049250313e-17,1.1147047007664667e-09,0.0,0.95,-0.17833333331511203,-1.1102230246251566e-17,7.288478709455157e-11,0.0,-0.3999999999999999,5.937947106238184e-10,5.573523281787729e-10,3.644238244504558e-11
0.9,0.8,0.8766413658478303,0.0115607593432303,0.8766413662089494,0.011560759568454,1.1925813059310283e-09,2.6950512883827526e-09,0.0,0.0,0.2750133650957783,0.0195745521902711,1.0,1.5492956138548855e-16,-1.6653345369377347e-17,1.5398453999484599e-16,0.3533333333333333,0.3800430877387611,0.6466666666666667,0.3800430877387611,0.646666666964812,0.3800430878471795,0.2,0.2,0.6,0.8316666669453427,1.0,-2.220446049250313e-17,1.1147047007664667e-09,0.0,0.95,-0.18499999998053074,5.5511151231257815e-18,7.78766051645616e-11,0.0,-0.35,5.962906363121688e-10,5.573523281787729e-10,3.8938308133395904e-11
0.9,0.9,0.8766413658478303,0.0115607593432303,0.8766413662131688,0.0115607595614237,1.1953560974387044e-09,2.6922085798809315e-09,0.0,0.0,0.3344453021287236,0.0228262709861538,1.0,1.506841079775381e-16,-5.551115123125783e-18,1.46204634290504e-16,0.3533333333333333,0.381041969415628,0.6466666666666667,0.3810419694156279,0.6466666669655057,0.3810419695168949,0.15,0.3,0.55,0.8316666669453427,1.0,-2.220446049250313e-17,1.1147047007664667e-09,0.0,0.95,-0.18499999997983707,1.6653345369377344e-17,8.065139667223767e-11,0.0,-0.3999999999999999,5.976780431682371e-10,5.573523281787729e-10,4.0325714989464245e-11
0.9,1.0,0.8766413658478303,0.0115607593432303,0.8766413662196543,0.0115607595540944,1.1966863666668103e-09,2.6930659230506943e-09,0.0,0.0,0.3951348454840403,0.0257395361216926,1.0,1.4408156546142918e-16,1.1102230246251566e-17,1.4363060483895744e-16,0.37,0.3886398534279708,0.63,0.3886398534279707,0.6300000002991716,0.388639853530894,0.25,0.2,0.55,0.8316666669453427,1.0,-2.220446049250313e-17,1.1147047007664667e-09,0.0,0.95,-0.20166666664617117,3.3306690738754695e-17,8.198166590034353e-11,0.0,-0.3999999999999999,5.983431944356353e-10,5.573523281787729e-10,4.0990866256862484e-11
0.95,0.0,0.8930555501188395,0.0096806923027406,0.8930555501099955,0.0096806923238214,6.180093659047259e-11,9.995165432769096e-11,0.0,0.0,0.0,0.0,1.0,1.59061741425188e-16,5.551115123125783e-18,1.589597460691245e-16,0.1608333333333333,0.1398908304516219,0.8391666666666666,0.1398908304516219,0.8391666666821169,0.1398908304561195,0.0,0.1,0.9,0.8391666666821169,1.0,5.551115123125783e-18,6.180093659047259e-11,0.0,0.9,0.0,0.0,0.0,0.0,0.0,3.0900473846351415e-11,3.0900473846351415e-11,0.0
0.95,0.1,0.8930555501188395,0.0096806923027406,0.8930555501101788,0.0096806923237996,6.209999181550073e-11,1.0072191386898583e-10,0.0,0.0,0.0050052179181845,0.0004168250027602,1.0,2.115718943927004e-16,-5.551115123125783e-18,2.1454066835026092e-16,0.4258333333333333,0.4323022483380448,0.5741666666666667,0.4323022483380448,0.5741666666821916,0.4323022483456265,0.3,0.2,0.5,0.8391666666821169,1.0,5.551115123125783e-18,6.180093659047259e-11,0.0,0.9,-0.2649999999999253,-1.1102230246251566e-17,2.9905522502814495e-13,0.0,-0.4,3.1049990356635243e-11,3.0900473846351415e-11,1.495165102838288e-13
0.95,0.2,0.8930555501188395,0.0096806923027406,0.8930555501102738,0.0096806923237855,6.240448158223444e-11,1.0127977048729106e-10,0.0,0.0,0.0198727390289756,0.0016425761674761,1.0,1.59061741425188e-16,-7.216449660063518e-17,1.4971229062208228e-16,0.4125,0.4316050216770445,0.5875,0.4316050216770445,0.587500000015601,0.4316050216844497,0.3,0.2,0.5,0.8391666666821169,1.0,5.551115123125783e-18,6.180093659047259e-11,0.0,0.9,-0.25166666666651594,-7.771561172376097e-17,6.035449917618507e-13,0.0,-0.4,3.1202168626620615e-11,3.0900473846351415e-11,3.016947802692003e-13
0.95,0.3,0.8930555501188395,0.0096806923027406,0.8930555501102987,0.009680692323763,6.269764152300184e-11,1.0160449756393626e-10,0.0,0.0,0.0441652053453956,0.0036050553681144,1.0,1.727477283920418e-16,-3.3306690738754695e-17,1.693341546466881e-16,0.3875,0.4281018556727001,0.6125,0.4281018556727001,0.6125000000156744,0.4281018556790867,0.3,0.15,0.55,0.8391666666821169,1.0,5.551115123125783e-18,6.180093659047259e-11,0.0,0.9,-0.22666666666644253,-3.8857805861880476e-17,8.967049325292516e-13,0.0,-0.35,3.134878745481018e-11,3.0900473846351415e-11,4.483136084587665e-13
0.95,0.4,0.8930555501188395,0.0096806923027406,0.8930555501102733,0.0096806923237189,6.296894672352948e-11,1.0170644114615728e-10,0.0,0.0,0.0771767147348555,0.0061903165337039,1.0,1.854263135156602e-16,-5.551115123125783e-18,1.8533882763510481e-16,0.3791666666666666,0.4132624090253676,0.6208333333333333,0.4132624090253676,0.6208333333490755,0.413262409031756,0.25,0.2,0.55,0.8391666666821169,1.0,5.551115123125783e-18,6.180093659047259e-11,0.0,0.9,-0.2183333333330414,-1.1102230246251566e-17,1.168010133056896e-12,0.0,-0.35,3.148446781064962e-11,3.0900473846351415e-11,5.839939642982043e-13
0.95,0.5,0.8930555501188395,0.0096806923027406,0.8930555501102146,0.0096806923236415,6.321354550919978e-11,1.0161682747181788e-10,0.0,0.0,0.1179658583456129,0.0092515828882567,1.0,1.3716156391149031e-16,-2.775557561562892e-17,1.4351764327619063e-16,0.3316666666666666,0.3873323066689295,0.6683333333333333,0.3873323066689295,0.6683333333491367,0.387332306674484,0.2,0.15,0.65,0.8391666666821169,1.0,5.551115123125783e-18,6.180093659047259e-11,0.0,0.9,-0.17083333333298023,-3.33066907387547e-17,1.4126089187271899e-12,0.0,-0.25,3.160674499902427e-11,3.0900473846351415e-11,7.062711526728575e-13
0.95,0.6,0.8930555501188395,0.0096806923027406,0.8930555501101815,0.0096806923235158,6.34427899104395e-11,1.0145386032430526e-10,0.0,0.0,0.165399073278238,0.0126204827026791,1.0,1.7085971838778703e-16,2.775557561562892e-17,1.6846995428334678e-16,0.3083333333333333,0.3928639780676741,0.6916666666666667,0.392863978067674,0.6916666666825273,0.3928639780724356,0.2,0.2,0.6,0.8391666666821169,1.0,5.551115123125783e-18,6.180093659047259e-11,0.0,0.9,-0.14749999999958963,2.2204460492503138e-17,1.6418533199669127e-12,0.0,-0.30000000000000004,3.1721422710795365e-11,3.0900473846351415e-11,8.209488644439502e-13
0.95,0.7,0.8930555501188395,0.0096806923027406,0.8930555501102072,0.0096806923233381,6.362798621317722e-11,1.0122866395773088e-10,0.0,0.0,0.2182016571083276,0.0161195137639781,1.0,1.506841079775381e-16,1.6653345369377347e-17,1.4971229062208228e-16,0.3308333333333333,0.386817688293346,0.6691666666666667,0.386817688293346,0.6691666666825736,0.386817688298496,0.2,0.25,0.55,0.8391666666821169,1.0,5.551115123125783e-18,6.180093659047259e-11,0.0,0.9,-0.1699999999995433,1.1102230246251564e-17,1.8270496227046325e-12,0.0,-0.35,3.181400975993398e-11,3.0900473846351415e-11,9.135359135825664e-13
0.95,0.8,0.8930555501188395,0.0096806923027406,0.8930555501103272,0.0096806923230804,6.374066274794643e-11,1.0099182671354386e-10,0.0,0.0,0.2750133650957783,0.0195745521902711,1.0,1.9397574391993368e-16,-3.3306690738754695e-17,1.9094205271387844e-16,0.3675,0.3903992183747328,0.6325000000000001,0.3903992183747328,0.6325000000159351,0.3903992183781488,0.2,0.3,0.5,0.8391666666821169,1.0,5.551115123125783e-18,6.180093659047259e-11,0.0,0.9,-0.20666666666618183,-3.8857805861880476e-17,1.9397261574738422e-12,0.0,-0.4,3.1870298067282476e-11,3.0900473846351415e-11,9.698242209310618e-13
0.95,0.9,0.8930555501188395,0.0096806923027406,0.8930555501105586,0.009680692322756,6.375528438518075e-11,1.007796631505794e-10,0.0,0.0,0.3344453021287236,0.0228262709861538,1.0,1.2987336803007606e-16,1.6653345369377347e-17,1.261999484656919e-16,0.3625,0.3839192699617371,0.6375,0.3839192699617372,0.6375000000159388,0.3839192699646761,0.2,0.25,0.55,0.8391666666821169,1.0,5.551115123125783e-18,6.180093659047259e-11,0.0,0.9,-0.20166666666617816,1.1102230246251564e-17,1.9543477947081633e-12,0.0,-0.35,3.1877658845935746e-11,3.0900473846351415e-11,9.771849995843318e-13
0.95,1.0,0.8930555501188395,0.0096806923027406,0.8930555501109365,0.0096806923223876,6.367985028177257e-11,1.0071477289597452e-10,0.0,0.0,0.3951348454840403,0.0257395361216926,1.0,2.0692139475111243e-16,-7.771561172376094e-17,1.4453111902018695e-16,0.3625,0.3957698471710857,0.6375,0.3957698471710857,0.6375000000159199,0.3957698471732425,0.25,0.15,0.6,0.8391666666821169,1.0,5.551115123125783e-18,6.180093659047259e-11,0.0,0.9,-0.20166666666619704,-8.326672684688673e-17,1.8789136912999864e-12,0.0,-0.30000000000000004,3.183984742527456e-11,3.0900473846351415e-11,9.393735789231463e-13
1.0,0.0,0.9061009174512092,0.0082732786871481,0.9061009174481528,0.0082732786891704,4.517775042955918e-12,4.583064179335715e-12,0.0,0.0,0.0,0.0,1.0000000000000002,1.8189406023808038e-16,-9.43689570931383e-17,1.5398453999484599e-16,0.1941666666666666,0.1840317637215911,0.8058333333333334,0.184031763721591,0.8058333333344626,0.1840317637215787,0.05,0.05,0.9,0.8058333333344626,1.0000000000000002,-9.43689570931383e-17,4.517775042955918e-12,0.0,0.9,0.0,0.0,0.0,0.0,0.0,2.258793152520866e-12,2.258793152520866e-12,0.0
1.0,0.1,0.9061009174512092,0.0082732786871481,0.9061009174481568,0.0082732786891701,4.524941532579874e-12,4.5940634911359426e-12,0.0,0.0,0.0050052179181845,0.0004168250027602,1.0,2.1910348692387288e-16,-3.3306690738754695e-17,2.1642230995786361e-16,0.3908333333333333,0.4077278002102966,0.6091666666666666,0.4077278002102965,0.6091666666677978,0.4077278002105662,0.35,0.1,0.55,0.8058333333344626,1.0000000000000002,-9.43689570931383e-17,4.517775042955918e-12,0.0,0.9,-0.19666666666666477,6.106226635438361e-17,7.166489623955709e-15,0.0,-0.35,2.2624374595991983e-12,2.258793152520866e-12,3.644307078332157e-15
1.0,0.2,0.9061009174512092,0.0082732786871481,0.906100917448156,0.008273278689171,4.534200792605247e-12,4.6025621726830265e-12,0.0,0.0,0.0198727390289756,0.0016425761674761,1.0,1.97291808809705e-16,-1.6653345369377347e-17,1.9819400012812296e-16,0.3625,0.3979800973600776,0.6375,0.3979800973600776,0.6375000000011335,0.3979800973603174,0.3,0.15,0.55,0.8058333333344626,1.0000000000000002,-9.43689570931383e-17,4.517775042955918e-12,0.0,0.9,-0.16833333333332912,7.771561172376095e-17,1.6425749649328868e-14,0.0,-0.35,2.267083742957254e-12,2.258793152520866e-12,8.290590436387872e-15
1.0,0.3,0.9061009174512092,0.0082732786871481,0.9061009174481522,0.0082732786891723,4.544264964323474e-12,4.607397512662741e-12,0.0,0.0,0.0441652053453956,0.0036050553681144,1.0,1.2987336803007606e-16,0.0,1.2987336803007608e-16,0.3391666666666666,0.3910278478289976,0.6608333333333334,0.3910278478289976,0.6608333333344694,0.3910278478291855,0.25,0.15,0.6,0.8058333333344626,1.0000000000000002,-9.43689570931383e-17,4.517775042955918e-12,0.0,0.9,-0.14499999999999325,9.43689570931383e-17,2.6489921367556073e-14,0.0,-0.30000000000000004,2.272132482161737e-12,2.258793152520866e-12,1.3339329640871013e-14
1.0,0.4,0.9061009174512092,0.0082732786871481,0.9061009174481468,0.0082732786891731,4.554301380466086e-12,4.6086772601459136e-12,0.0,0.0,0.0771767147348555,0.0061903165337039,1.0,1.5492956138548855e-16,-3.885780586188048e-17,1.4971229062208223e-16,0.3225,0.3835154029859627,0.6775,0.3835154029859627,0.6775000000011385,0.3835154029861233,0.25,0.15,0.6,0.8058333333344626,1.0000000000000002,-9.43689570931383e-17,4.517775042955918e-12,0.0,0.9,-0.12833333333332408,5.551115123125782e-17,3.652633751016765e-14,0.0,-0.30000000000000004,2.2771118324271812e-12,2.258793152520866e-12,1.8318679906315083e-14
1.0,0.5,0.9061009174512092,0.0082732786871481,0.9061009174481404,0.0082732786891723,4.563938116319833e-12,4.607844983542484e-12,0.0,0.0,0.1179658583456129,0.0092515828882567,1.0,1.836686784592059e-16,-7.771561172376094e-17,1.7312285962293363e-16,0.2633333333333333,0.3604172370951778,0.7366666666666666,0.3604172370951778,0.7366666666678076,0.3604172370952483,0.2,0.1,0.7,0.8058333333344626,1.0000000000000002,-9.43689570931383e-17,4.517775042955918e-12,0.0,0.9,-0.06916666666665505,1.6653345369377363e-17,4.616307336391514e-14,0.0,-0.20000000000000007,2.281891342548193e-12,2.258793152520866e-12,2.3098190027326705e-14
1.0,0.6,0.9061009174512092,0.0082732786871481,0.906100917448135,0.0082732786891687,4.57238691353723e-12,4.6023414868120414e-12,0.0,0.0,0.165399073278238,0.0126204827026791,1.0,2.1761802242724056e-16,-2.775557561562892e-17,2.1574680951018035e-16,0.25,0.3628187245727332,0.75,0.3628187245727332,0.750000000001143,0.3628187245728039,0.15,0.15,0.7,0.8058333333344626,1.0000000000000002,-9.43689570931383e-17,4.517775042955918e-12,0.0,0.9,-0.055833333333319635,6.661338147750938e-17,5.461187058131161e-14,0.0,-0.20000000000000007,2.2861657011929993e-12,2.258793152520866e-12,2.7372548672133154e-14
1.0,0.7,0.9061009174512092,0.0082732786871481,0.906100917448134,0.0082732786891617,4.578337708949221e-12,4.5940187951729515e-12,0.0,0.0,0.2182016571083276,0.0161195137639781,1.0,1.5492956138548855e-16,-2.775557561562892e-17,1.5229002304740427e-16,0.2575,0.355922120070607,0.7424999999999999,0.3559221200706069,0.7425000000011446,0.3559221200706945,0.15,0.15,0.7,0.8058333333344626,1.0000000000000002,-9.43689570931383e-17,4.517775042955918e-12,0.0,0.9,-0.06333333333331803,6.661338147750938e-17,6.05626659933031e-14,0.0,-0.20000000000000007,2.289141098898995e-12,2.258793152520866e-12,3.0347946378128896e-14
1.0,0.8,0.9061009174512092,0.0082732786871481,0.9061009174481398,0.0082732786891486,4.579470136434338e-12,4.582922945887264e-12,0.0,0.0,0.2750133650957783,0.0195745521902711,1.0,1.854263135156602e-16,0.0,1.8716744385994232e-16,0.2916666666666666,0.3732463871185842,0.7083333333333333,0.3732463871185842,0.7083333333344781,0.3732463871186073,0.25,0.1,0.65,0.8058333333344626,1.0000000000000002,-9.43689570931383e-17,4.517775042955918e-12,0.0,0.9,-0.09749999999998449,9.43689570931383e-17,6.169509347841963e-14,0.0,-0.25,2.289735068217169e-12,2.258793152520866e-12,3.094191569630279e-14
1.0,0.9,0.9061009174512092,0.0082732786871481,0.9061009174481558,0.0082732786891286,4.573369460914023e-12,4.570694196924105e-12,0.0,0.0,0.3344453021287236,0.0228262709861538,1.0,1.9892911330537302e-16,-7.216449660063518e-17,1.8463744828807722e-16,0.3033333333333333,0.3919735639731347,0.6966666666666667,0.3919735639731347,0.69666666666781,0.3919735639730496,0.25,0.05,0.7,0.8058333333344626,1.0000000000000002,-9.43689570931383e-17,4.517775042955918e-12,0.0,0.9,-0.10916666666665265,2.2204460492503126e-17,5.5594417958104714e-14,0.0,-0.20000000000000007,2.2866125659604107e-12,2.258793152520866e-12,2.7819413439544537e-14
1.0,1.0,0.9061009174512092,0.0082732786871481,0.906100917448184,0.0082732786891029,4.559208566234929e-12,4.561730999657052e-12,0.0,0.0,0.3951348454840403,0.0257395361216926,1.0,1.2987336803007606e-16,1.1102230246251566e-17,1.3904057699927471e-16,0.335,0.3850229734164956,0.665,0.3850229734164956,0.6650000000011398,0.3850229734163444,0.25,0.1,0.65,0.8058333333344626,1.0000000000000002,-9.43689570931383e-17,4.517775042955918e-12,0.0,0.9,-0.14083333333332282,1.0547118733938987e-16,4.143352327901052e-14,0.0,-0.25,2.2796153853477105e-12,2.258793152520866e-12,2.0822232826844326e-14
1.05,0.0,0.9167089054900092,0.0071812851269281,0.9167089054895504,0.0071812851271499,4.59732252267031e-13,5.013211259237603e-13,0.0,0.0,0.0,0.0,1.0,1.3950637588190223e-16,3.3306690738754695e-17,1.352564496687697e-16,0.1841666666666666,0.1520306024903119,0.8158333333333333,0.1520306024903119,0.8158333333334482,0.152030602490321,0.0,0.1,0.9,0.8158333333334482,1.0,3.3306690738754695e-17,4.59732252267031e-13,0.0,0.9,0.0,0.0,0.0,0.0,0.0,2.298994328242543e-13,2.298994328242543e-13,0.0
1.05,0.1,0.9167089054900092,0.0071812851269281,0.9167089054895508,0.0071812851271499,4.596156788494455e-13,5.017955333748661e-13,0.0,0.0,0.0050052179181845,0.0004168250027602,1.0,1.506841079775381e-16,-4.996003610813205e-17,1.4169801160886666e-16,0.35,0.3860884969607099,0.65,0.3860884969607099,0.6500000000001148,0.3860884969607122,0.25,0.2,0.55,0.8158333333334482,1.0,3.3306690738754695e-17,4.59732252267031e-13,0.0,0.9,-0.1658333333333334,-8.326672684688674e-17,-1.1657341758556066e-16,0.0,-0.35,2.297578793886146e-13,2.298994328242543e-13,-1.4155343563966707e-16
1.05,0.2,0.9167089054900092,0.0071812851269281,0.9167089054895504,0.0071812851271501,4.598654790299861e-13,5.02408522952986e-13,0.0,0.0,0.0198727390289756,0.0016425761674761,1.0,1.2735131497718752e-16,2.775557561562892e-17,1.2412670766236363e-16,0.32,0.3736026597448431,0.6799999999999999,0.3736026597448431,0.680000000000115,0.3736026597448407,0.25,0.15,0.6,0.8158333333334482,1.0,3.3306690738754695e-17,4.59732252267031e-13,0.0,0.9,-0.13583333333333325,-5.551115123125775e-18,1.3322676295509956e-16,0.0,-0.30000000000000004,2.299604950906087e-13,2.298994328242543e-13,6.10622663544038e-17
1.05,0.3,0.9167089054900092,0.0071812851269281,0.91670890548955,0.0071812851271503,4.603151193549592e-13,5.029158106659887e-13,0.0,0.0,0.0441652053453956,0.0036050553681144,1.0,1.9397574391993368e-16,3.3306690738754695e-17,1.768304077870531e-16,0.3041666666666666,0.3676173878635899,0.6958333333333333,0.3676173878635899,0.6958333333334484,0.3676173878635845,0.25,0.15,0.6,0.8158333333334482,1.0,3.3306690738754695e-17,4.59732252267031e-13,0.0,0.9,-0.11999999999999977,0.0,5.828670879282072e-16,0.0,-0.30000000000000004,2.301908663682184e-13,2.298994328242543e-13,2.914335439641036e-16
1.05,0.4,0.9167089054900092,0.0071812851269281,0.9167089054895492,0.0071812851271505,4.608036174857945e-13,5.033988533893388e-13,0.0,0.0,0.0771767147348555,0.0061903165337039,1.0,1.9229626863835638e-16,3.885780586188048e-17,1.881181966329836e-16,0.2833333333333333,0.3539666617929133,0.7166666666666666,0.3539666617929134,0.7166666666667819,0.3539666617929043,0.25,0.1,0.65,0.8158333333334482,1.0,3.3306690738754695e-17,4.59732252267031e-13,0.0,0.9,-0.09916666666666629,5.551115123125788e-18,1.0713652187634376e-15,0.0,-0.25,2.304406665487591e-13,2.298994328242543e-13,5.412337245048143e-16
1.05,0.5,0.9167089054900092,0.0071812851269281,0.9167089054895486,0.0071812851271506,4.613698312283531e-13,5.040017223293561e-13,0.0,0.0,0.1179658583456129,0.0092515828882567,1.0,1.5700924586837752e-16,0.0,1.5700924586837752e-16,0.2358333333333333,0.3311893771073763,0.7641666666666667,0.3311893771073764,0.764166666666782,0.3311893771073614,0.15,0.15,0.7,0.8158333333334482,1.0,3.3306690738754695e-17,4.59732252267031e-13,0.0,0.9,-0.051666666666666194,-3.3306690738754695e-17,1.6375789613221059e-15,0.0,-0.20000000000000007,2.3068491561417657e-13,2.298994328242543e-13,7.854827899222781e-16
1.05,0.6,0.9167089054900092,0.0071812851269281,0.916708905489548,0.0071812851271504,4.618527782440651e-13,5.042714657016115e-13,0.0,0.0,0.165399073278238,0.0126204827026791,1.0,1.5492956138548855e-16,-1.1102230246251566e-17,1.5659551854617443e-16,0.215,0.3299344255245257,0.7849999999999999,0.3299344255245257,0.7850000000001154,0.3299344255245129,0.15,0.15,0.7,0.8158333333334482,1.0,3.3306690738754695e-17,4.59732252267031e-13,0.0,0.9,-0.030833333333332824,-4.4408920985006264e-17,2.1205259770340894e-15,0.0,-0.20000000000000007,2.309152868917863e-13,2.298994328242543e-13,1.0158540675320283e-15
1.05,0.7,0.9167089054900092,0.0071812851269281,0.9167089054895478,0.0071812851271501,4.620470672733745e-13,5.04516597145712e-13,0.0,0.0,0.2182016571083276,0.0161195137639781,1.0,1.8189406023808038e-16,-5.551115123125783e-18,1.8180487461848096e-16,0.215,0.3307310704117055,0.7849999999999999,0.3307310704117055,0.7850000000001155,0.3307310704116947,0.1,0.2,0.7,0.8158333333334482,1.0,3.3306690738754695e-17,4.59732252267031e-13,0.0,0.9,-0.030833333333332713,-3.8857805861880476e-17,2.3148150063434918e-15,0.0,-0.20000000000000007,2.310179825215641e-13,2.298994328242543e-13,1.118549697309825e-15
1.05,0.8,0.9167089054900092,0.0071812851269281,0.916708905489548,0.0071812851271491,4.617028981357407e-13,5.045127413714766e-13,0.0,0.0,0.2750133650957783,0.0195745521902711,1.0,1.854263135156602e-16,-9.43689570931383e-17,1.5814141504216354e-16,0.2408333333333333,0.3417992896217968,0.7591666666666667,0.3417992896217968,0.759166666666782,0.3417992896217935,0.2,0.05,0.75,0.8158333333334482,1.0,3.3306690738754695e-17,4.59732252267031e-13,0.0,0.9,-0.0566666666666662,-1.27675647831893e-16,1.970645868709653e-15,0.0,-0.15000000000000002,2.307570801107772e-13,2.298994328242543e-13,8.576472865229233e-16
1.05,0.9,0.9167089054900092,0.0071812851269281,0.9167089054895496,0.0071812851271475,4.605149594993918e-13,5.04328025732089e-13,0.0,0.0,0.3344453021287236,0.0228262709861538,1.0,1.6506616999368355e-16,0.0,1.6506616999368355e-16,0.2716666666666666,0.3637483546314347,0.7283333333333333,0.3637483546314347,0.7283333333334484,0.3637483546314133,0.2,0.1,0.7,0.8158333333334482,1.0,3.3306690738754695e-17,4.59732252267031e-13,0.0,0.9,-0.0874999999999998,-3.3306690738754695e-17,7.827072323607556e-16,0.0,-0.20000000000000007,2.302574797496959e-13,2.298994328242543e-13,3.580469254416029e-16
1.05,1.0,0.9167089054900092,0.0071812851269281,0.916708905489552,0.0071812851271453,4.581890422628021e-13,5.041718309792044e-13,0.0,0.0,0.3951348454840403,0.0257395361216926,1.0,1.2215109018058463e-16,5.551115123125783e-18,1.2201824501873678e-16,0.2891666666666667,0.3732767422647565,0.7108333333333333,0.3732767422647565,0.7108333333334479,0.3732767422647366,0.25,0.05,0.7,0.8158333333334482,1.0,3.3306690738754695e-17,4.59732252267031e-13,0.0,0.9,-0.10500000000000032,-2.7755575615628914e-17,-1.5432100042289272e-15,0.0,-0.20000000000000007,2.291000722465242e-13,2.298994328242543e-13,-7.993605777300925e-16
1.1,0.0,0.925491015647768,0.0063110316120258,0.9254910156477042,0.0063110316120526,6.377121053446899e-14,6.366858043744369e-14,0.0,0.0,0.0,0.0,1.0,1.6895061133507964e-16,-2.220446049250313e-17,1.6740765105828266e-16,0.145,0.0959867193542818,0.8550000000000001,0.0959867193542817,0.8550000000000159,0.0959867193542812,0.0,0.0,1.0,0.8550000000000159,1.0,-2.220446049250313e-17,6.377121053446899e-14,0.0,1.0,0.0,0.0,0.0,0.0,0.0,3.186340080674199e-14,3.186340080674199e-14,0.0
1.1,0.1,0.925491015647768,0.0063110316120258,0.9254910156477042,0.0063110316120526,6.378786387983836e-14,6.371181983283317e-14,0.0,0.0,0.0050052179181845,0.0004168250027602,1.0,1.4181242261790519e-16,4.996003610813205e-17,1.4169801160886666e-16,0.3075,0.3540688719470709,0.6925,0.3540688719470709,0.692500000000016,0.3540688719470701,0.15,0.25,0.6,0.8550000000000159,1.0,-2.220446049250313e-17,6.377121053446899e-14,0.0,1.0,-0.16249999999999987,7.216449660063518e-17,1.6653345369374824e-17,0.0,-0.4,3.194389197602731e-14,3.186340080674199e-14,8.049116928532006e-17
1.1,0.2,0.925491015647768,0.0063110316120258,0.9254910156477042,0.0063110316120527,6.382672168570026e-14,6.376450607727373e-14,0.0,0.0,0.0198727390289756,0.0016425761674761,1.0,2.3620150199962912e-16,-1.6653345369377347e-17,1.9819400012812296e-16,0.2891666666666667,0.3493634562477928,0.7108333333333333,0.3493634562477929,0.7108333333333492,0.3493634562477919,0.2,0.2,0.6,0.8550000000000159,1.0,-2.220446049250313e-17,6.377121053446899e-14,0.0,1.0,-0.14416666666666667,5.5511151231257815e-18,5.551115123127045e-17,0.0,-0.4,3.1896707497480755e-14,3.186340080674199e-14,3.330669073876227e-17
1.1,0.3,0.925491015647768,0.0063110316120258,0.9254910156477042,0.0063110316120527,6.386002837643901e-14,6.378900726521238e-14,0.0,0.0,0.0441652053453956,0.0036050553681144,1.0,1.4408156546142918e-16,-5.551115123125783e-18,1.46204634290504e-16,0.275,0.3406006047114781,0.725,0.3406006047114781,0.7250000000000159,0.3406006047114767,0.2,0.2,0.6,0.8550000000000159,1.0,-2.220446049250313e-17,6.377121053446899e-14,0.0,1.0,-0.13,1.6653345369377344e-17,8.88178419700201e-17,0.0,-0.4,3.192446307309638e-14,3.186340080674199e-14,6.106226635438487e-17
1.1,0.4,0.925491015647768,0.0063110316120258,0.9254910156477042,0.0063110316120527,6.389333506717777e-14,6.381949879502505e-14,0.0,0.0,0.0771767147348555,0.0061903165337039,1.0,1.59061741425188e-16,-6.10622663543836e-17,1.46204634290504e-16,0.2466666666666666,0.3209361307176243,0.7533333333333333,0.3209361307176243,0.7533333333333492,0.3209361307176221,0.1,0.25,0.65,0.8550000000000159,1.0,-2.220446049250313e-17,6.377121053446899e-14,0.0,1.0,-0.10166666666666668,-3.8857805861880476e-17,1.2212453270878237e-16,0.0,-0.35,3.18856052672345e-14,3.186340080674199e-14,2.220446049250818e-17
1.1,0.5,0.925491015647768,0.0063110316120258,0.925491015647704,0.0063110316120527,6.395439733353215e-14,6.388210544032198e-14,0.0,0.0,0.1179658583456129,0.0092515828882567,1.0,1.3234736877071766e-16,-2.775557561562892e-17,1.2924746863753808e-16,0.2175,0.3084802874079611,0.7825,0.3084802874079611,0.782500000000016,0.3084802874079586,0.1,0.2,0.7,0.8550000000000159,1.0,-2.220446049250313e-17,6.377121053446899e-14,0.0,1.0,-0.0724999999999999,-5.551115123125791e-18,1.8318679906316093e-16,0.0,-0.30000000000000004,3.1949443091150446e-14,3.186340080674199e-14,8.604228440845342e-17
1.1,0.6,0.925491015647768,0.0063110316120258,0.925491015647704,0.0063110316120527,6.401545959988654e-14,6.392691392952338e-14,0.0,0.0,0.165399073278238,0.0126204827026791,1.0,1.59061741425188e-16,4.440892098500626e-17,1.4587146720130534e-16,0.1925,0.3034150169563462,0.8074999999999999,0.3034150169563462,0.8075000000000161,0.3034150169563439,0.1,0.15,0.75,0.8550000000000159,1.0,-2.220446049250313e-17,6.377121053446899e-14,0.0,1.0,-0.047499999999999765,6.661338147750939e-17,2.442490654175521e-16,0.0,-0.25,3.2052138720928274e-14,3.186340080674199e-14,1.8873791418628166e-16
1.1,0.7,0.925491015647768,0.0063110316120258,0.925491015647704,0.0063110316120527,6.403766406037902e-14,6.395176373356245e-14,0.0,0.0,0.2182016571083276,0.0161195137639781,1.0,1.6308925831987486e-16,5.551115123125783e-18,1.6298978331316978e-16,0.19,0.3015748139700207,0.8099999999999999,0.3015748139700208,0.8100000000000159,0.3015748139700189,0.1,0.15,0.75,0.8550000000000159,1.0,-2.220446049250313e-17,6.377121053446899e-14,0.0,1.0,-0.04499999999999993,2.7755575615628914e-17,2.6645352591003505e-16,0.0,-0.25,3.202438314531264e-14,3.186340080674199e-14,1.6098233857064644e-16
1.1,0.8,0.925491015647768,0.0063110316120258,0.925491015647704,0.0063110316120526,6.406541963599465e-14,6.398551318799457e-14,0.0,0.0,0.2750133650957783,0.0195745521902711,1.0,1.7646315836095686e-16,-2.220446049250313e-17,1.8225036628030615e-16,0.2158333333333333,0.3099459960506608,0.7841666666666667,0.3099459960506608,0.7841666666666827,0.3099459960506603,0.1,0.15,0.75,0.8550000000000159,1.0,-2.220446049250313e-17,6.377121053446899e-14,0.0,1.0,-0.07083333333333319,0.0,2.9420910152566396e-16,0.0,-0.25,3.2010505357504825e-14,3.186340080674199e-14,1.4710455076283198e-16
1.1,0.9,0.925491015647768,0.0063110316120258,0.925491015647704,0.0063110316120524,6.390443729742401e-14,6.3943889383667e-14,0.0,0.0,0.3344453021287236,0.0228262709861538,1.0,1.6308925831987486e-16,-2.775557561562892e-17,1.6058389803465958e-16,0.2533333333333333,0.3412909787318479,0.7466666666666667,0.3412909787318479,0.7466666666666826,0.3412909787318453,0.2,0.1,0.7,0.8550000000000159,1.0,-2.220446049250313e-17,6.377121053446899e-14,0.0,1.0,-0.10833333333333328,-5.551115123125791e-18,1.3322676295502383e-16,0.0,-0.30000000000000004,3.192446307309638e-14,3.186340080674199e-14,6.106226635438487e-17
1.1,1.0,0.925491015647768,0.0063110316120258,0.9254910156477044,0.0063110316120522,6.366018823200647e-14,6.393210952622223e-14,0.0,0.0,0.3951348454840403,0.0257395361216926,1.0,1.4851587827545446e-16,-7.771561172376094e-17,1.2529712681771051e-16,0.2616666666666666,0.351026064909166,0.7383333333333333,0.351026064909166,0.7383333333333492,0.3510260649091635,0.2,0.1,0.7,0.8550000000000159,1.0,-2.220446049250313e-17,6.377121053446899e-14,0.0,1.0,-0.1166666666666667,-5.5511151231257815e-17,-1.1102230246251565e-16,0.0,-0.30000000000000004,3.175237850427948e-14,3.186340080674199e-14,-1.1102230246251565e-16
1.15,0.0,0.9328681788021976,0.005602753038875,0.9328681788021884,0.0056027530388785,9.087175456556906e-15,9.069579413262308e-15,0.0,0.0,0.0,0.0,1.0,1.5700924586837752e-16,0.0,1.5700924586837752e-16,0.1583333333333333,0.0871075157391462,0.8416666666666666,0.0871075157391462,0.8416666666666689,0.0871075157391468,0.0,0.05,0.95,0.8416666666666689,1.0,0.0,9.087175456556906e-15,0.0,0.95,0.0,0.0,0.0,0.0,0.0,4.543587728278453e-15,4.543587728278453e-15,0.0
1.15,0.1,0.9328681788021976,0.005602753038875,0.9328681788021884,0.0056027530388785,9.103828801926284e-15,9.094417683412147e-15,0.0,0.0,0.0050052179181845,0.0004168250027602,1.0,1.3234736877071766e-16,-1.6653345369377347e-17,1.3123983993763783e-16,0.2133333333333333,0.2228601953392903,0.7866666666666666,0.2228601953392903,0.786666666666669,0.2228601953392903,0.0,0.25,0.75,0.8416666666666689,1.0,0.0,9.087175456556906e-15,0.0,0.95,-0.05499999999999994,-1.6653345369377347e-17,1.665334536937798e-17,0.0,-0.19999999999999996,4.535261055593765e-15,4.543587728278453e-15,-8.3266726846882e-18
1.15,0.2,0.9328681788021976,0.005602753038875,0.9328681788021884,0.0056027530388785,9.103828801926284e-15,9.078639349652596e-15,0.0,0.0,0.0198727390289756,0.0016425761674761,1.0,1.6308925831987486e-16,-6.10622663543836e-17,1.5895974606912447e-16,0.2266666666666666,0.257200401989627,0.7733333333333333,0.257200401989627,0.7733333333333355,0.2572004019896269,0.0,0.25,0.75,0.8416666666666689,1.0,0.0,9.087175456556906e-15,0.0,0.95,-0.06833333333333336,-6.10622663543836e-17,1.665334536937798e-17,0.0,-0.19999999999999996,4.4908521346087585e-15,4.543587728278453e-15,-5.2735593669694305e-17
1.15,0.3,0.9328681788021976,0.005602753038875,0.9328681788021884,0.0056027530388785,9.103828801926284e-15,9.075137270584335e-15,0.0,0.0,0.0441652053453956,0.0036050553681144,1.0,2.021639451400161e-16,-8.326672684688674e-17,1.8322663527087695e-16,0.2308333333333333,0.2744625263356968,0.7691666666666667,0.2744625263356969,0.7691666666666688,0.2744625263356965,0.0,0.25,0.75,0.8416666666666689,1.0,0.0,9.087175456556906e-15,0.0,0.95,-0.07250000000000012,-8.326672684688674e-17,1.665334536937798e-17,0.0,-0.19999999999999996,4.468647674116255e-15,4.543587728278453e-15,-7.494005416219775e-17
1.15,0.4,0.9328681788021976,0.005602753038875,0.9328681788021884,0.0056027530388785,9.087175456556906e-15,9.074299072693326e-15,0.0,0.0,0.0771767147348555,0.0061903165337039,1.0,1.2987336803007606e-16,-2.775557561562892e-17,1.2412670766236363e-16,0.2158333333333333,0.2683322436503972,0.7841666666666667,0.2683322436503972,0.7841666666666689,0.2683322436503969,0.0,0.25,0.75,0.8416666666666689,1.0,0.0,9.087175456556906e-15,0.0,0.95,-0.057499999999999996,-2.775557561562892e-17,0.0,0.0,-0.19999999999999996,4.515832152662824e-15,4.543587728278453e-15,-2.7755575615628914e-17
1.15,0.5,0.9328681788021976,0.005602753038875,0.9328681788021884,0.0056027530388785,9.098277686803158e-15,9.085244952630671e-15,0.0,0.0,0.1179658583456129,0.0092515828882567,1.0,1.5700924586837752e-16,-5.551115123125783e-18,1.5895974606912447e-16,0.2016666666666666,0.2682464172190882,0.7983333333333333,0.2682464172190883,0.7983333333333356,0.2682464172190879,0.0,0.2,0.8,0.8416666666666689,1.0,0.0,9.087175456556906e-15,0.0,0.95,-0.043333333333333335,-5.551115123125783e-18,1.1102230246252512e-17,0.0,-0.1499999999999999,4.543587728278454e-15,4.543587728278453e-15,7.888609052210118e-31
1.15,0.6,0.9328681788021976,0.005602753038875,0.9328681788021884,0.0056027530388785,9.109379917049408e-15,9.085958977193451e-15,0.0,0.0,0.165399073278238,0.0126204827026791,1.0,1.5700924586837752e-16,-5.551115123125783e-17,1.5492956138548855e-16,0.1775,0.2634829133246311,0.8225,0.2634829133246311,0.8225000000000022,0.2634829133246307,0.0,0.2,0.8,0.8416666666666689,1.0,0.0,9.087175456556906e-15,0.0,0.95,-0.019166666666666665,-5.551115123125783e-17,2.220446049250187e-17,0.0,-0.1499999999999999,4.499178807293446e-15,4.543587728278453e-15,-4.440892098500689e-17
1.15,0.7,0.9328681788021976,0.005602753038875,0.9328681788021884,0.0056027530388785,9.131584377541913e-15,9.081416824078534e-15,0.0,0.0,0.2182016571083276,0.0161195137639781,1.0,1.6895061133507964e-16,-1.1102230246251566e-17,1.7974139198700534e-16,0.1699999999999999,0.2544688310283055,0.8300000000000001,0.2544688310283055,0.8300000000000022,0.2544688310283051,0.0,0.25,0.75,0.8416666666666689,1.0,0.0,9.087175456556906e-15,0.0,0.95,-0.011666666666666714,-1.1102230246251566e-17,4.440892098500689e-17,0.0,-0.19999999999999996,4.5546899585247045e-15,4.543587728278453e-15,1.1102230246251723e-17
1.15,0.8,0.9328681788021976,0.005602753038875,0.9328681788021884,0.0056027530388785,9.137135492665038e-15,9.077931895645549e-15,0.0,0.0,0.2750133650957783,0.0195745521902711,1.0,2.9812178500870274e-16,-5.551115123125783e-18,1.988475682667734e-16,0.18,0.2506482822672215,0.82,0.2506482822672215,0.8200000000000023,0.2506482822672213,0.0,0.2,0.8,0.8416666666666689,1.0,0.0,9.087175456556906e-15,0.0,0.95,-0.021666666666666612,-5.551115123125783e-18,4.996003610813236e-17,0.0,-0.1499999999999999,4.5630166312093935e-15,4.543587728278453e-15,1.9428902930940713e-17
1.15,0.9,0.9328681788021976,0.005602753038875,0.9328681788021884,0.0056027530388785,9.120482147295662e-15,9.073226638399995e-15,0.0,0.0,0.3344453021287236,0.0228262709861538,1.0,1.6701968379038554e-16,5.551115123125783e-18,1.6298978331316978e-16,0.2216666666666666,0.2984903536599971,0.7783333333333333,0.2984903536599971,0.7783333333333357,0.2984903536599969,0.1,0.2,0.7,0.8416666666666689,1.0,0.0,9.087175456556906e-15,0.0,0.95,-0.06333333333333324,5.551115123125783e-18,3.330669073875596e-17,0.0,-0.25,4.565792188770956e-15,4.543587728278453e-15,2.2204460492503446e-17
1.15,1.0,0.9328681788021976,0.005602753038875,0.9328681788021884,0.0056027530388784,9.109379917049408e-15,9.09281076017076e-15,0.0,0.0,0.3951348454840403,0.0257395361216926,1.0,1.6895061133507964e-16,-3.885780586188048e-17,1.6614344507011055e-16,0.2475,0.3253102432847218,0.7525000000000001,0.3253102432847219,0.7525000000000023,0.3253102432847214,0.1,0.2,0.7,0.8416666666666689,1.0,0.0,9.087175456556906e-15,0.0,0.95,-0.08916666666666662,-3.885780586188048e-17,2.220446049250187e-17,0.0,-0.25,4.515832152662823e-15,4.543587728278453e-15,-2.77555756156297e-17
1.2,0.0,0.9391408149143176,0.0050163688813245,0.9391408149143162,0.005016368881325,1.3378187446733137e-15,1.3915600741612112e-15,0.0,0.0,0.0,0.0,1.0,1.7085971838778703e-16,2.775557561562892e-17,1.7227766567476602e-16,0.1475,0.0778503212236139,0.8525,0.0778503212236139,0.8525000000000004,0.0778503212236139,0.0,0.0,1.0,0.8525000000000004,1.0,2.775557561562892e-17,1.3378187446733137e-15,0.0,1.0,0.0,0.0,0.0,0.0,0.0,6.966649479522858e-16,6.966649479522858e-16,0.0
1.2,0.1,0.9391408149143176,0.0050163688813245,0.9391408149143162,0.005016368881325,1.3433698597964394e-15,1.3866213288482209e-15,0.0,0.0,0.0050052179181845,0.0004168250027602,1.0,1.9397574391993368e-16,-1.1102230246251566e-17,1.9364101417282527e-16,0.1466666666666666,0.0934397889126831,0.8533333333333333,0.0934397889126831,0.8533333333333337,0.0934397889126831,0.0,0.0,1.0,0.8525000000000004,1.0,2.775557561562892e-17,1.3378187446733137e-15,0.0,1.0,0.0008333333333333526,-3.885780586188049e-17,5.551115123125664e-18,0.0,0.0,6.605826996519682e-16,6.966649479522858e-16,-3.608224830031761e-17
1.2,0.2,0.9391408149143176,0.0050163688813245,0.9391408149143164,0.005016368881325,1.326716514427062e-15,1.3671031684206037e-15,0.0,0.0,0.0198727390289756,0.0016425761674761,1.0,1.4181242261790519e-16,0.0,1.4408156546142918e-16,0.1316666666666666,0.1236506113377953,0.8683333333333334,0.1236506113377953,0.8683333333333337,0.1236506113377953,0.0,0.05,0.95,0.8525000000000004,1.0,2.775557561562892e-17,1.3378187446733137e-15,0.0,1.0,0.015833333333333366,-2.775557561562892e-17,-1.1102230246251723e-17,0.0,-0.050000000000000044,6.63358257213531e-16,6.966649479522858e-16,-3.3306690738754775e-17
1.2,0.3,0.9391408149143176,0.0050163688813245,0.9391408149143162,0.005016368881325,1.3433698597964394e-15,1.3959470195888793e-15,0.0,0.0,0.0441652053453956,0.0036050553681144,1.0,1.8889252589269227e-16,-4.996003610813205e-17,1.888066461310845e-16,0.15,0.1442869136487866,0.85,0.1442869136487865,0.8500000000000003,0.1442869136487865,0.0,0.05,0.95,0.8525000000000004,1.0,2.775557561562892e-17,1.3378187446733137e-15,0.0,1.0,-0.0025000000000000577,-7.771561172376098e-17,5.551115123125664e-18,0.0,-0.050000000000000044,6.217248937900876e-16,6.966649479522858e-16,-7.494005416219815e-17
1.2,0.4,0.9391408149143176,0.0050163688813245,0.9391408149143162,0.005016368881325,1.3489209749195652e-15,1.392864800353241e-15,0.0,0.0,0.0771767147348555,0.0061903165337039,1.0,2.021639451400161e-16,-6.10622663543836e-17,1.9221190966582195e-16,0.1508333333333333,0.1552657597165288,0.8491666666666667,0.1552657597165288,0.8491666666666668,0.1552657597165287,0.0,0.05,0.95,0.8525000000000004,1.0,2.775557561562892e-17,1.3378187446733137e-15,0.0,1.0,-0.0033333333333335213,-8.881784197001253e-17,1.1102230246251526e-17,0.0,-0.050000000000000044,6.13398221105399e-16,6.966649479522858e-16,-8.326672684688674e-17
1.2,0.5,0.9391408149143176,0.0050163688813245,0.9391408149143162,0.005016368881325,1.3489209749195652e-15,1.3835183338795345e-15,0.0,0.0,0.1179658583456129,0.0092515828882567,1.0,1.6701968379038554e-16,-1.1102230246251566e-17,1.6856619533905894e-16,0.1566666666666666,0.1644946185507712,0.8433333333333334,0.1644946185507712,0.8433333333333337,0.1644946185507712,0.0,0.1,0.9,0.8525000000000004,1.0,2.775557561562892e-17,1.3378187446733137e-15,0.0,1.0,-0.009166666666666656,-3.885780586188049e-17,1.1102230246251526e-17,0.0,-0.09999999999999998,6.633582572135311e-16,6.966649479522858e-16,-3.3306690738754676e-17
1.2,0.6,0.9391408149143176,0.0050163688813245,0.9391408149143162,0.005016368881325,1.3433698597964394e-15,1.387089102477169e-15,0.0,0.0,0.165399073278238,0.0126204827026791,1.0,1.610880873381707e-16,2.775557561562892e-17,1.5649191581002654e-16,0.1441666666666666,0.1639493396293876,0.8558333333333333,0.1639493396293875,0.8558333333333337,0.1639493396293875,0.0,0.1,0.9,0.8525000000000004,1.0,2.775557561562892e-17,1.3378187446733137e-15,0.0,1.0,0.0033333333333332993,0.0,5.551115123125664e-18,0.0,-0.09999999999999998,6.994405055138486e-16,6.966649479522858e-16,2.775557561562832e-18
1.2,0.7,0.9391408149143176,0.0050163688813245,0.9391408149143162,0.005016368881325,1.3378187446733137e-15,1.3826740529536957e-15,0.0,0.0,0.2182016571083276,0.0161195137639781,1.0,1.3234736877071766e-16,3.885780586188048e-17,1.261999484656919e-16,0.1341666666666666,0.1783185762052934,0.8658333333333333,0.1783185762052934,0.8658333333333337,0.1783185762052933,0.0,0.1,0.9,0.8525000000000004,1.0,2.775557561562892e-17,1.3378187446733137e-15,0.0,1.0,0.013333333333333308,1.1102230246251563e-17,0.0,0.0,-0.09999999999999998,7.077671781985373e-16,6.966649479522858e-16,1.1102230246251526e-17
1.2,0.8,0.9391408149143176,0.0050163688813245,0.9391408149143162,0.005016368881325,1.3544720900426909e-15,1.3785037188700801e-15,0.0,0.0,0.2750133650957783,0.0195745521902711,1.0,2.0376210396350002e-16,-4.440892098500626e-17,1.986027322597818e-16,0.145,0.1726216834990178,0.8550000000000001,0.1726216834990178,0.8550000000000002,0.1726216834990177,0.0,0.1,0.9,0.8525000000000004,1.0,2.775557561562892e-17,1.3378187446733137e-15,0.0,1.0,0.0024999999999998357,-7.216449660063518e-17,1.665334536937719e-17,0.0,-0.09999999999999998,6.328271240363391e-16,6.966649479522858e-16,-6.383782391594662e-17
1.2,0.9,0.9391408149143176,0.0050163688813245,0.9391408149143162,0.005016368881325,1.3433698597964394e-15,1.387089102477169e-15,0.0,0.0,0.3344453021287236,0.0228262709861538,1.0,1.4851587827545446e-16,-5.551115123125783e-18,1.46204634290504e-16,0.1733333333333333,0.209664170347452,0.8266666666666665,0.209664170347452,0.8266666666666669,0.2096641703474519,0.0,0.15,0.85,0.8525000000000004,1.0,2.775557561562892e-17,1.3378187446733137e-15,0.0,1.0,-0.025833333333333486,-3.33066907387547e-17,5.551115123125664e-18,0.0,-0.15000000000000002,6.661338147750939e-16,6.966649479522858e-16,-3.0531133177191844e-17
1.2,1.0,0.9391408149143176,0.0050163688813245,0.9391408149143164,0.0050163688813249,1.3322676295501878e-15,1.3824511706129786e-15,0.0,0.0,0.3951348454840403,0.0257395361216926,1.0,1.7646315836095686e-16,-2.220446049250313e-17,1.8225036628030615e-16,0.2091666666666666,0.2548635112304724,0.7908333333333333,0.2548635112304724,0.7908333333333336,0.2548635112304724,0.05,0.2,0.75,0.8525000000000004,1.0,2.775557561562892e-17,1.3378187446733137e-15,0.0,1.0,-0.06166666666666676,-4.996003610813205e-17,-5.5511151231258616e-18,0.0,-0.25,6.439293542825908e-16,6.966649479522858e-16,-5.2735593669694995e-17
