K,kick_strength,seed,R_pre_mean,R_post_mean,R_change,cluster_pre_mean,cluster_post_mean,cluster_change,cluster_pre_mode,cluster_post_mode,cluster_shift,kick_distance,recovery_similarity,memory_loss,core_overlap,new_core_fraction,irreversibility_score,regime
0.4,0.0,0,0.09401153766645147,0.07550119114218508,0.01851034652426639,0.03666666666666667,0.03,0.006666666666666668,0,0,0,0.0,0.03776703850419981,0.9622329614958002,0.85,0.15000000000000002,1.1185272147935335,irreversible
0.4,0.0,1,0.14217452722414173,0.12512172607557703,0.017052801148564695,0.10733333333333334,0.042,0.06533333333333333,0,0,0,0.0,0.25728097696934216,0.7427190230306578,0.7166666666666667,0.2833333333333333,1.0466488899844657,irreversible
0.4,0.0,2,0.10195446625585115,0.05856504513921656,0.043389421116634595,0.05466666666666667,0.032,0.02266666666666667,0,0,0,0.0,0.11426999619809106,0.8857300038019089,0.9,0.09999999999999998,1.0022440257477343,irreversible
0.4,0.0,3,0.09355334649588794,0.08171808232147146,0.01183526417441648,0.04066666666666666,0.051333333333333335,0.010666666666666672,0,0,0,0.0,0.11065701631164429,0.8893429836883557,0.85,0.15000000000000002,1.0449684663986263,irreversible
0.4,0.0,4,0.08825558066894033,0.14026254812583264,0.0520069674568923,0.02266666666666667,0.06866666666666667,0.046,0,0,0,0.0,0.11238246599169587,0.8876175340083041,0.75,0.25,1.1621192758725272,irreversible
0.4,0.0,5,0.1258628326307061,0.13222241938029825,0.006359586749592139,0.07666666666666666,0.07266666666666667,0.00399999999999999,0,0,0,0.0,0.14902541695572297,0.850974583044277,0.85,0.15000000000000002,1.003564479731675,irreversible
0.4,0.0,6,0.08282277859058966,0.07623529691296205,0.006587481677627613,0.05266666666666667,0.03133333333333333,0.021333333333333336,0,0,0,0.0,0.0894443202472172,0.9105556797527828,0.8333333333333334,0.16666666666666663,1.0842025501721897,irreversible
0.4,0.0,7,0.2152299246299264,0.24208253407960803,0.026852609449681625,0.16666666666666666,0.25066666666666665,0.08399999999999999,0,0,0,0.0,0.3293671636328592,0.6706328363671408,0.36666666666666664,0.6333333333333333,1.3316793220628944,irreversible
0.4,0.0,8,0.07086648489324654,0.05658342709977306,0.014283057793473476,0.024666666666666667,0.056,0.03133333333333334,0,0,0,0.0,0.04929857515443997,0.9507014248455601,0.85,0.15000000000000002,1.1121055226272618,irreversible
0.4,0.0,9,0.06403404952127821,0.0697252585319266,0.005691209010648388,0.04466666666666667,0.037333333333333336,0.007333333333333331,0,0,0,0.0,0.0657516657789213,0.9342483342210787,0.9833333333333333,0.01666666666666672,0.9541711364737409,irreversible
0.4,0.0,10,0.10346628979126055,0.08897489528752676,0.014491394503733782,0.06733333333333333,0.032,0.03533333333333333,0,0,0,0.0,0.07634006806131804,0.923659931938682,0.7833333333333333,0.21666666666666667,1.1527827805646156,irreversible
0.4,0.0,11,0.15646160191364836,0.12135581795450305,0.035105783959145306,0.07,0.06333333333333334,0.006666666666666668,0,0,0,0.0,0.23181351567617817,0.7681864843238219,0.8833333333333333,0.1166666666666667,0.8952962636469416,irreversible
0.4,0.0,12,0.08498253953638653,0.11035924065786754,0.025376701121481007,0.036,0.07533333333333334,0.03933333333333334,0,0,0,0.0,0.09691572023019948,0.9030842797698005,0.8,0.19999999999999996,1.1192617883835043,irreversible
0.4,0.0,13,0.10143632821765704,0.07603526298725478,0.025401065230402253,0.056,0.026,0.030000000000000002,0,0,0,0.0,0.11924940922876248,0.8807505907712375,0.9166666666666666,0.08333333333333337,0.9779341904121714,irreversible
0.4,0.0,14,0.08839690794768372,0.0656614494225035,0.02273545852518022,0.04066666666666666,0.035333333333333335,0.005333333333333329,0,0,0,0.0,0.04441478874231563,0.9555852112576844,0.85,0.15000000000000002,1.1126024092223128,irreversible
0.4,0.0,15,0.08545806964414503,0.12040601746188172,0.03494794781773669,0.058,0.08666666666666667,0.028666666666666667,0,0,0,0.0,0.20010686334754724,0.7998931366524528,0.8166666666666667,0.18333333333333335,0.9991301236068869,irreversible
0.4,0.0,16,0.08460491641213293,0.08394947647925532,0.0006554399328776023,0.048,0.058,0.010000000000000002,0,0,0,0.0,0.07172732637985506,0.928272673620145,0.9,0.09999999999999998,1.0309365336033642,irreversible
0.4,0.0,17,0.12597026089492133,0.10331188266197161,0.022658378232949722,0.07266666666666667,0.056,0.01666666666666667,0,0,0,0.0,0.09909137713069373,0.9009086228693063,0.9166666666666666,0.08333333333333337,0.9940732174275437,irreversible
0.4,0.0,18,0.0931473445238972,0.12423897171149988,0.03109162718760268,0.034666666666666665,0.04466666666666667,0.010000000000000002,0,0,0,0.0,0.15714581975785008,0.8428541802421499,0.9,0.09999999999999998,0.9531270870390505,irreversible
0.4,0.0,19,0.11528260354457787,0.1016083686466189,0.013674234897958965,0.07066666666666667,0.05533333333333333,0.015333333333333338,0,0,0,0.0,0.10872843167018675,0.8912715683298132,0.85,0.15000000000000002,1.0485234603876363,irreversible
0.4,0.1,0,0.09401153766645147,0.07747178289317226,0.01653975477327921,0.03666666666666667,0.021333333333333333,0.015333333333333334,0,0,0,0.005082959184978253,0.035270811810155435,0.9647291881898445,0.85,0.15000000000000002,1.1226974602164979,irreversible
0.4,0.1,1,0.14217452722414173,0.12269630189537996,0.01947822532876177,0.10733333333333334,0.07533333333333334,0.032,0,0,0,0.005567735344719993,0.24850641513281257,0.7514935848671874,0.7333333333333333,0.2666666666666667,1.0310298078660447,irreversible
0.4,0.1,2,0.10195446625585115,0.05953890257258142,0.042415563683269736,0.05466666666666667,0.03133333333333333,0.023333333333333338,0,0,0,0.005307263305182275,0.11415665914375321,0.8858433408562468,0.9,0.09999999999999998,1.0022805651103976,irreversible
0.4,0.1,3,0.09355334649588794,0.08905728578057942,0.004496060715308517,0.04066666666666666,0.06266666666666666,0.022,0,0,0,0.004175440822384302,0.12471187981444283,0.8752881201855571,0.8666666666666667,0.1333333333333333,1.0152454686977177,irreversible
0.4,0.1,4,0.08825558066894033,0.15894962871983928,0.07069404805089895,0.02266666666666667,0.108,0.08533333333333333,0,0,0,0.004554961461759155,0.09859423989063254,0.9014057601093675,0.7,0.30000000000000004,1.2404126054554256,irreversible
0.4,0.1,5,0.1258628326307061,0.13623766515158472,0.010374832520878619,0.07666666666666666,0.094,0.01733333333333334,0,0,0,0.004855247808518315,0.1458872859028459,0.8541127140971541,0.85,0.15000000000000002,1.011039755560707,irreversible
0.4,0.1,6,0.08282277859058966,0.08155870957839181,0.0012640690121978465,0.05266666666666667,0.03333333333333333,0.019333333333333334,0,0,0,0.00540133673198373,0.09419564402806897,0.905804355971931,0.8166666666666667,0.18333333333333335,1.094287039891647,irreversible
0.4,0.1,7,0.2152299246299264,0.23863209702124952,0.02340217239132311,0.16666666666666666,0.20333333333333334,0.03666666666666668,0,0,0,0.005785230342152614,0.32272300701470213,0.6772769929852979,0.35,0.65,1.3422942027497955,irreversible
0.4,0.1,8,0.07086648489324654,0.0554785586632759,0.015387926229970643,0.024666666666666667,0.028666666666666667,0.004,0,0,0,0.005601349941135814,0.0456313688267278,0.9543686311732722,0.8833333333333333,0.1166666666666667,1.0758822793974314,irreversible
0.4,0.1,9,0.06403404952127821,0.0682486818311281,0.004214632309849892,0.04466666666666667,0.03133333333333333,0.013333333333333336,0,0,0,0.0045797356965694425,0.06948797395779123,0.9305120260422087,0.95,0.050000000000000044,0.9848990174530046,irreversible
0.4,0.1,10,0.10346628979126055,0.08642139618189014,0.017044893609370407,0.06733333333333333,0.044,0.02333333333333333,0,0,0,0.004845457257861452,0.06794176863625569,0.9320582313637443,0.7833333333333333,0.21666666666666667,1.158819454766087,irreversible
0.4,0.1,11,0.15646160191364836,0.13076013410643095,0.02570146780721741,0.07,0.052,0.01800000000000001,0,0,0,0.004834404950814775,0.25116285237241115,0.7488371476275888,0.8833333333333333,0.1166666666666667,0.8764291812460598,irreversible
0.4,0.1,12,0.08498253953638653,0.11457190820411418,0.029589368667727656,0.036,0.09066666666666667,0.054666666666666676,0,0,0,0.004960474886224864,0.09654808956074885,0.9034519104392511,0.8,0.19999999999999996,1.1245159192728498,irreversible
0.4,0.1,13,0.10143632821765704,0.0773225567214321,0.024113771496224942,0.056,0.034666666666666665,0.021333333333333336,0,0,0,0.004633053394615061,0.12555063442245593,0.874449365577544,0.9166666666666666,0.08333333333333337,0.969144475118267,irreversible
0.4,0.1,14,0.08839690794768372,0.07003007453423524,0.018366833413448483,0.04066666666666666,0.04666666666666667,0.006000000000000005,0,0,0,0.004485647838096685,0.060364281128358836,0.9396357188716412,0.85,0.15000000000000002,1.0957274272250035,irreversible
0.4,0.1,15,0.08545806964414503,0.11376452916394089,0.028306459519795865,0.058,0.054,0.0040000000000000036,0,0,0,0.0053028351034647425,0.1844204526129374,0.8155795473870626,0.8333333333333334,0.16666666666666663,0.9903228289336782,irreversible
0.4,0.1,16,0.08460491641213293,0.08534243927142784,0.0007375228592949173,0.048,0.043333333333333335,0.004666666666666666,0,0,0,0.0049821369432875295,0.054220640837423284,0.9457793591625767,0.9333333333333333,0.06666666666666665,1.0137970732107338,irreversible
0.4,0.1,17,0.12597026089492133,0.11329099737221854,0.012679263522702794,0.07266666666666667,0.07133333333333333,0.0013333333333333391,0,0,0,0.0051455148148101815,0.1413273125532444,0.8586726874467556,0.9,0.09999999999999998,0.9621758366607646,irreversible
0.4,0.1,18,0.0931473445238972,0.13212513079926616,0.038977786275368964,0.034666666666666665,0.05733333333333333,0.02266666666666667,0,0,0,0.005223089436370398,0.16874769268301434,0.8312523073169856,0.9,0.09999999999999998,0.9466634205524945,irreversible
0.4,0.1,19,0.11528260354457787,0.10239245080735009,0.01289015273722778,0.07066666666666667,0.04666666666666667,0.024,0,0,0,0.0047804830987612235,0.11566328524970006,0.8843367147503,0.8666666666666667,0.1333333333333333,1.0268925862679403,irreversible
0.4,0.2,0,0.09401153766645147,0.07683154300710808,0.01717999465934339,0.03666666666666667,0.024,0.012666666666666666,0,0,0,0.020193045814065447,0.027866608624411565,0.9721333913755884,0.85,0.15000000000000002,1.1295950567070911,irreversible
0.4,0.2,1,0.14217452722414173,0.12668540181802423,0.015489125406117493,0.10733333333333334,0.04733333333333333,0.060000000000000005,0,0,0,0.02209382812342442,0.24960975356391768,0.7503902464360823,0.7333333333333333,0.2666666666666667,1.0359291944542783,irreversible
0.4,0.2,2,0.10195446625585115,0.06386245833550595,0.0380920079203452,0.05466666666666667,0.02666666666666667,0.028,0,0,0,0.021078674462537306,0.11399434697330449,0.8860056530266955,0.9,0.09999999999999998,1.0025286550067818,irreversible
0.4,0.2,3,0.09355334649588794,0.09714609319359974,0.003592746697711799,0.04066666666666666,0.05533333333333333,0.014666666666666668,0,0,0,0.01660651766859711,0.1353011419666589,0.8646988580333411,0.8833333333333333,0.1166666666666667,0.9859303780411025,irreversible
0.4,0.2,4,0.08825558066894033,0.15901489734765276,0.07075931667871242,0.02266666666666667,0.10266666666666667,0.08,0,0,0,0.01810989112517447,0.10141640256635595,0.898583597433644,0.6833333333333333,0.31666666666666665,1.2529400932699888,irreversible
0.4,0.2,5,0.1258628326307061,0.13274253271725,0.0068797000865438995,0.07666666666666666,0.10866666666666666,0.032,0,0,0,0.019288153457760138,0.08705970467769168,0.9129402953223084,0.8333333333333334,0.16666666666666663,1.089326887010611,irreversible
0.4,0.2,6,0.08282277859058966,0.08449810001633518,0.0016753214257455157,0.05266666666666667,0.043333333333333335,0.009333333333333332,0,0,0,0.0214311705939928,0.09928916533661447,0.9007108346633855,0.8,0.19999999999999996,1.103462998353155,irreversible
0.4,0.2,7,0.2152299246299264,0.23214916551321596,0.016919240883289555,0.16666666666666666,0.2886666666666667,0.12200000000000003,0,0,0,0.02295582617563563,0.31212556368323635,0.6878744363167637,0.3333333333333333,0.6666666666666667,1.3892709132042529,irreversible
0.4,0.2,8,0.07086648489324654,0.06101291284302495,0.009853572050221589,0.024666666666666667,0.023333333333333334,0.0013333333333333322,0,0,0,0.02222273995200541,0.04797395619349475,0.9520260438065052,0.9166666666666666,0.08333333333333337,1.0381561034857274,irreversible
0.4,0.2,9,0.06403404952127821,0.06967832037776016,0.005644270856481948,0.04466666666666667,0.02266666666666667,0.022,0,0,0,0.018187698023347854,0.07416844445411624,0.9258315555458838,0.95,0.050000000000000044,0.9827426232600043,irreversible
0.4,0.2,10,0.10346628979126055,0.08673488537006123,0.016731404421199317,0.06733333333333333,0.027333333333333334,0.039999999999999994,0,0,0,0.019247186053557908,0.060983533699505044,0.939016466300495,0.8,0.19999999999999996,1.1531993174057948,irreversible
0.4,0.2,11,0.15646160191364836,0.13889937217857057,0.01756222973507779,0.07,0.106,0.03599999999999999,0,0,0,0.019202771093093873,0.25716723770024863,0.7428327622997514,0.8833333333333333,0.1166666666666667,0.8728899864001876,irreversible
0.4,0.2,12,0.08498253953638653,0.11620893457271017,0.031226395036323643,0.036,0.056,0.020000000000000004,0,0,0,0.019693681911027383,0.094439197773116,0.905560802226884,0.7833333333333333,0.21666666666666667,1.1350340676526316,irreversible
0.4,0.2,13,0.10143632821765704,0.08182803738682777,0.019608290830829267,0.056,0.02266666666666667,0.03333333333333333,0,0,0,0.018400621743477563,0.13354636845759882,0.8664536315424012,0.9333333333333333,0.06666666666666665,0.9463557042501085,irreversible
0.4,0.2,14,0.08839690794768372,0.07677806860731957,0.011618839340364145,0.04066666666666666,0.042666666666666665,0.0020000000000000018,0,0,0,0.017822918794434872,0.07963318698668212,0.9203668130133179,0.8333333333333334,0.16666666666666663,1.0904381895150754,irreversible
0.4,0.2,15,0.08545806964414503,0.10962586107191763,0.024167791427772603,0.058,0.05,0.008,0,0,0,0.021030983863888464,0.16722582513745718,0.8327741748625428,0.8333333333333334,0.16666666666666663,1.0074827893861524,irreversible
0.4,0.2,16,0.08460491641213293,0.08719047350126319,0.002585557089130261,0.048,0.04933333333333333,0.0013333333333333322,0,0,0,0.019762566257660485,0.04624765150793541,0.9537523484920646,0.8833333333333333,0.1166666666666667,1.0713987377643472,irreversible
0.4,0.2,17,0.12597026089492133,0.12689010018684288,0.0009198392919215481,0.07266666666666667,0.072,0.0006666666666666765,0,0,0,0.02041849490494585,0.18162160552696419,0.8183783944730358,0.8833333333333333,0.1166666666666667,0.9354416876293495,irreversible
0.4,0.2,18,0.0931473445238972,0.13406109500251986,0.04091375047862267,0.034666666666666665,0.046,0.011333333333333334,0,0,0,0.020710169321628502,0.16949446463687673,0.8305055353631232,0.9,0.09999999999999998,0.9435673063161122,irreversible
0.4,0.2,19,0.11528260354457787,0.10239415230631074,0.012888451238267123,0.07066666666666667,0.032,0.03866666666666667,0,0,0,0.018997841239258295,0.11916023690103553,0.8808397630989645,0.8666666666666667,0.1333333333333333,1.0270618759085313,irreversible
0.4,0.3,0,0.09401153766645147,0.07543347732614182,0.01857806034030965,0.03666666666666667,0.04733333333333333,0.010666666666666665,0,0,0,0.04491957961568338,0.011520714471321705,0.9884792855286783,0.8666666666666667,0.1333333333333333,1.1291238006137556,irreversible
0.4,0.3,1,0.14217452722414173,0.12970462707202574,0.012469900152115992,0.10733333333333334,0.07466666666666667,0.03266666666666666,0,0,0,0.04905571508536821,0.24780967249280852,0.7521903275071915,0.7333333333333333,0.2666666666666667,1.030141135878554,irreversible
0.4,0.3,2,0.10195446625585115,0.06985168660928563,0.03210277964656552,0.05466666666666667,0.04933333333333333,0.005333333333333336,0,0,0,0.04686935264896541,0.11048479408494441,0.8895152059150556,0.9166666666666666,0.08333333333333337,0.9822075674933637,irreversible
0.4,0.3,3,0.09355334649588794,0.10493690221024804,0.011383555714360102,0.04066666666666666,0.048,0.0073333333333333375,0,0,0,0.037010886385621666,0.14309522669182456,0.8569047733081754,0.9,0.09999999999999998,0.9615839955700988,irreversible
0.4,0.3,4,0.08825558066894033,0.15973964834783544,0.0714840676788951,0.02266666666666667,0.10666666666666667,0.084,0,0,0,0.04033879710526955,0.10325127965972399,0.896748720340276,0.6833333333333333,0.31666666666666665,1.2522864039266663,irreversible
0.4,0.3,5,0.1258628326307061,0.12288007364035217,0.0029827589903539398,0.07666666666666666,0.07066666666666667,0.0059999999999999915,0,0,0,0.0429054608730709,0.057594299768891154,0.9424057002311088,0.8666666666666667,0.1333333333333333,1.0779847233120305,irreversible
0.4,0.3,6,0.08282277859058966,0.08449227923130305,0.0016695006407133894,0.05266666666666667,0.02,0.03266666666666666,0,0,0,0.04757620097962545,0.10018302171821938,0.8998169782817806,0.8166666666666667,0.18333333333333335,1.091734353441959,irreversible
0.4,0.3,7,0.2152299246299264,0.22817717952651537,0.012947254896588961,0.16666666666666666,0.19,0.023333333333333345,0,0,0,0.0509654938033971,0.3141204956107235,0.6858795043892765,0.3333333333333333,0.6666666666666667,1.3616163181134238,irreversible
0.4,0.3,8,0.07086648489324654,0.07600119972223632,0.005134714828989778,0.024666666666666667,0.020666666666666667,0.004,0,0,0,0.04932491169818787,0.049638764515362824,0.9503612354846371,0.9,0.09999999999999998,1.0526449141918846,irreversible
0.4,0.3,9,0.06403404952127821,0.07470090873225782,0.01066685921097961,0.04466666666666667,0.06066666666666667,0.016,0,0,0,0.04043632998506097,0.07791883516933354,0.9220811648306665,0.95,0.050000000000000044,0.9787478796334115,irreversible
0.4,0.3,10,0.10346628979126055,0.0919067682722607,0.011559521518999846,0.06733333333333333,0.05,0.017333333333333326,0,0,0,0.04280687287122964,0.06286145835146636,0.9371385416485336,0.8,0.19999999999999996,1.1443617553616168,irreversible
0.4,0.3,11,0.15646160191364836,0.14145855048107808,0.015003051432570275,0.07,0.12733333333333333,0.05733333333333332,0,0,0,0.04270669406900163,0.241655872407534,0.758344127592466,0.8666666666666667,0.1333333333333333,0.9097615571172752,irreversible
0.4,0.3,12,0.08498253953638653,0.11624226234169767,0.03125972280531114,0.036,0.09,0.054,0,0,0,0.043762203751507744,0.0899098560741487,0.9100901439258513,0.7833333333333333,0.21666666666666667,1.1480717412938457,irreversible
0.4,0.3,13,0.10143632821765704,0.08979369732740693,0.01164263089025011,0.056,0.062,0.005999999999999998,0,0,0,0.04091397074266456,0.14232848991775196,0.8576715100822481,0.9166666666666666,0.08333333333333337,0.9454155011381439,irreversible
0.4,0.3,14,0.08839690794768372,0.08370568779367853,0.004691220154005193,0.04066666666666666,0.05266666666666667,0.012000000000000004,0,0,0,0.039658121293117965,0.09389996393087023,0.9061000360691298,0.8333333333333334,0.16666666666666663,1.0769395077742976,irreversible
0.4,0.3,15,0.08545806964414503,0.11031378205880135,0.024855712414656325,0.058,0.06533333333333333,0.007333333333333324,0,0,0,0.04665332075894657,0.16342668216243486,0.8365733178375652,0.8333333333333334,0.16666666666666663,1.0112872459412292,irreversible
0.4,0.3,16,0.08460491641213293,0.09070638583316035,0.0061014694210274195,0.048,0.07133333333333333,0.02333333333333333,0,0,0,0.04385319866641246,0.0427320986903775,0.9572679013096225,0.85,0.15000000000000002,1.1146266019982127,irreversible
0.4,0.3,17,0.12597026089492133,0.131335296457149,0.005365035562227671,0.07266666666666667,0.066,0.006666666666666668,0,0,0,0.045336698142943166,0.19455119611620794,0.805448803883792,0.8666666666666667,0.1333333333333333,0.941790062774349,irreversible
0.4,0.3,18,0.0931473445238972,0.1340478123793491,0.0409004678554519,0.034666666666666665,0.04,0.005333333333333336,0,0,0,0.04592561741286427,0.16594298149689293,0.8340570185031071,0.9166666666666666,0.08333333333333337,0.9289488021336367,irreversible
0.4,0.3,19,0.11528260354457787,0.10327293369699445,0.01200966984758342,0.07066666666666667,0.042666666666666665,0.028000000000000004,0,0,0,0.04228468101897398,0.13322309775564348,0.8667769022443566,0.8833333333333333,0.1166666666666667,0.9934459863729191,irreversible
0.4,0.4,0,0.09401153766645147,0.07335042341784426,0.020661114248607212,0.03666666666666667,0.023333333333333334,0.013333333333333332,0,0,0,0.078596769228518,0.019123810279396226,0.9808761897206038,0.8833333333333333,0.1166666666666667,1.1060414682827557,irreversible
0.4,0.4,1,0.14217452722414173,0.13110881209123357,0.01106571513290816,0.10733333333333334,0.06666666666666667,0.04066666666666667,0,0,0,0.08561117446767541,0.24731892441305506,0.752681075586945,0.7333333333333333,0.2666666666666667,1.0322808377035053,irreversible
0.4,0.4,2,0.10195446625585115,0.07895361037948419,0.023000855876366966,0.05466666666666667,0.042666666666666665,0.012000000000000004,0,0,0,0.08195835964297293,0.10953488060003058,0.8904651193999694,0.9166666666666666,0.08333333333333337,0.9825486667023945,irreversible
0.4,0.4,3,0.09355334649588794,0.11135392544943758,0.01780057895354964,0.04066666666666666,0.048666666666666664,0.008,0,0,0,0.06492912668400885,0.14328075709538124,0.8567192429046188,0.8833333333333333,0.1166666666666667,0.9798360543096729,irreversible
0.4,0.4,4,0.08825558066894033,0.14939175872457755,0.061136178055637216,0.02266666666666667,0.088,0.06533333333333333,0,0,0,0.07071109653724983,0.11234855945439279,0.8876514405456072,0.6833333333333333,0.31666666666666665,1.2359354850595166,irreversible
0.4,0.4,5,0.1258628326307061,0.12501586061546247,0.0008469720152436411,0.07666666666666666,0.08133333333333333,0.004666666666666666,0,0,0,0.0750690014097507,0.08214889874223807,0.9178511012577619,0.8333333333333334,0.16666666666666663,1.085896177594906,irreversible
0.4,0.4,6,0.08282277859058966,0.08816339856971024,0.005340619979120581,0.05266666666666667,0.05,0.0026666666666666644,0,0,0,0.08301100111133863,0.09728289279454704,0.902717107205453,0.8166666666666667,0.18333333333333335,1.088052262200233,irreversible
0.4,0.4,7,0.2152299246299264,0.22130566722458486,0.0060757425946584565,0.16666666666666666,0.22733333333333333,0.060666666666666674,0,0,0,0.08893318175785403,0.3145588101854343,0.6854411898145657,0.35,0.65,1.3521267921298972,irreversible
0.4,0.4,8,0.07086648489324654,0.08409211206704825,0.013225627173801713,0.024666666666666667,0.02266666666666667,0.0019999999999999983,0,0,0,0.08603765836187849,0.04912064798736171,0.9508793520126383,0.8833333333333333,0.1166666666666667,1.0713524254727553,irreversible
0.4,0.4,9,0.06403404952127821,0.08070494354409354,0.016670894022815325,0.04466666666666667,0.037333333333333336,0.007333333333333331,0,0,0,0.07069990312459717,0.08380829455215924,0.9161917054478408,0.9333333333333333,0.06666666666666665,0.9888594289535446,irreversible
0.4,0.4,10,0.10346628979126055,0.09686982311705279,0.006596466674207754,0.06733333333333333,0.03933333333333333,0.027999999999999997,0,0,0,0.07487908239870322,0.06595788105824166,0.9340421189417584,0.8,0.19999999999999996,1.14269123561031,irreversible
0.4,0.4,11,0.15646160191364836,0.14655451607199807,0.009907085841650287,0.07,0.06866666666666667,0.0013333333333333391,0,0,0,0.07470227106958927,0.21663821994154556,0.7833617800584545,0.8666666666666667,0.1333333333333333,0.9195052181855337,irreversible
0.4,0.4,12,0.08498253953638653,0.11137339584987409,0.02639085631348756,0.036,0.05533333333333333,0.019333333333333334,0,0,0,0.07646068187257193,0.09016761034691625,0.9098323896530838,0.7666666666666667,0.23333333333333328,1.1545967703981224,irreversible
0.4,0.4,13,0.10143632821765704,0.09030510219686255,0.011131226020794485,0.056,0.050666666666666665,0.005333333333333336,0,0,0,0.071544980527114,0.15031773704566231,0.8496822629543377,0.9166666666666666,0.08333333333333337,0.9371317361262029,irreversible
0.4,0.4,14,0.08839690794768372,0.08242876794781304,0.0059681399998706836,0.04066666666666666,0.05533333333333333,0.014666666666666668,0,0,0,0.0694192131554271,0.09099997687179201,0.909000023128208,0.85,0.15000000000000002,1.0641587247948423,irreversible
0.4,0.4,15,0.08545806964414503,0.11371086243273794,0.028252792788592912,0.058,0.07666666666666666,0.018666666666666658,0,0,0,0.08131708391445913,0.17879901009120502,0.821200989908795,0.85,0.15000000000000002,0.9829308547726099,irreversible
0.4,0.4,16,0.08460491641213293,0.0891605751437124,0.004555658731579468,0.048,0.058,0.010000000000000002,0,0,0,0.07647264166529855,0.04395248892320102,0.956047511076799,0.9166666666666666,0.08333333333333337,1.0430197590930272,irreversible
0.4,0.4,17,0.12597026089492133,0.14175817462710422,0.015787913732182884,0.07266666666666667,0.08533333333333333,0.01266666666666666,0,0,0,0.0791239878765776,0.2043165103421844,0.7956834896578155,0.8666666666666667,0.1333333333333333,0.9361304680908612,irreversible
0.4,0.4,18,0.0931473445238972,0.13620165594611328,0.04305431142221608,0.034666666666666665,0.05,0.015333333333333338,0,0,0,0.080012374822243,0.15888798695298476,0.8411120130470152,0.9,0.09999999999999998,0.9557089242359026,irreversible
0.4,0.4,19,0.11528260354457787,0.10388988606382679,0.011392717480751074,0.07066666666666667,0.06666666666666667,0.0040000000000000036,0,0,0,0.07404470506928251,0.134890704782687,0.865109295217313,0.8833333333333333,0.1166666666666667,0.9856241412541674,irreversible
0.4,0.5,0,0.09401153766645147,0.07026072971650035,0.023750807949951117,0.03666666666666667,0.025333333333333333,0.011333333333333334,0,0,0,0.12033069666070473,0.03656621380542158,0.9634337861945784,0.8666666666666667,0.1333333333333333,1.1055381548487329,irreversible
0.4,0.5,1,0.14217452722414173,0.14232178931531145,0.00014726209116971978,0.10733333333333334,0.04666666666666667,0.06066666666666667,0,0,0,0.13063955510002467,0.24979371858495655,0.7502062814150434,0.7333333333333333,0.2666666666666667,1.0320764302711694,irreversible
0.4,0.5,2,0.10195446625585115,0.08226296416899664,0.01969150208685451,0.05466666666666667,0.044,0.010666666666666672,0,0,0,0.12537838721291605,0.09222235353154502,0.9077776464684549,0.9,0.09999999999999998,1.0153671886568352,irreversible
0.4,0.5,3,0.09355334649588794,0.1017475413135625,0.008194194817674569,0.04066666666666666,0.04066666666666666,0.0,0,0,0,0.09974093526391925,0.14459620269854612,0.8554037973014539,0.8833333333333333,0.1166666666666667,0.9741190126725392,irreversible
0.4,0.5,4,0.08825558066894033,0.14764587865640363,0.0593902979874633,0.02266666666666667,0.07733333333333334,0.05466666666666667,0,0,0,0.10851013231817641,0.12631434381424703,0.873685656185753,0.6833333333333333,0.31666666666666665,1.2188665640159524,irreversible
0.4,0.5,5,0.1258628326307061,0.12045643113129785,0.005406401499408256,0.07666666666666666,0.092,0.015333333333333338,0,0,0,0.11492066500086584,0.04950578431881909,0.9504942156811809,0.8166666666666667,0.18333333333333335,1.1390124827226997,irreversible
0.4,0.5,6,0.08282277859058966,0.07666527363421229,0.006157504956377374,0.05266666666666667,0.027333333333333334,0.025333333333333333,0,0,0,0.12664078909907894,0.08545128181740431,0.9145487181825956,0.9166666666666666,0.08333333333333337,1.0057547610883566,irreversible
0.4,0.5,7,0.2152299246299264,0.21641435281635532,0.0011844281864289152,0.16666666666666666,0.19133333333333333,0.02466666666666667,0,0,0,0.1356854011947447,0.3203979638539894,0.6796020361460107,0.36666666666666664,0.6333333333333333,1.3193981431926178,irreversible
0.4,0.5,8,0.07086648489324654,0.09014327395489427,0.01927678906164773,0.024666666666666667,0.04466666666666667,0.02,0,0,0,0.1312008992810456,0.050580536889264414,0.9494194631107356,0.8666666666666667,0.1333333333333333,1.0925719937094807,irreversible
0.4,0.5,9,0.06403404952127821,0.10112370202115399,0.03708965249987578,0.04466666666666667,0.04,0.004666666666666666,0,0,0,0.10814347616729081,0.07829139852547987,0.9217086014745202,0.8833333333333333,0.1166666666666667,1.0488143479328225,irreversible
0.4,0.5,10,0.10346628979126055,0.1066465417444714,0.0031802519532108525,0.06733333333333333,0.058666666666666666,0.008666666666666663,0,0,0,0.11459786559889451,0.10495248155357496,0.895047518446425,0.8,0.19999999999999996,1.0980092481013943,irreversible
0.4,0.5,11,0.15646160191364836,0.1465495567392361,0.00991204517441227,0.07,0.07666666666666666,0.006666666666666654,0,0,0,0.11432899370206262,0.18945078633426382,0.8105492136657362,0.8666666666666667,0.1333333333333333,0.9480272249593392,irreversible
0.4,0.5,12,0.08498253953638653,0.1028479056646484,0.017865366128261867,0.036,0.046,0.010000000000000002,0,0,0,0.11684978056724893,0.10932411988383983,0.8906758801161602,0.7666666666666667,0.23333333333333328,1.1309755549815588,irreversible
0.4,0.5,13,0.10143632821765704,0.10636443622998187,0.004928108012324836,0.056,0.059333333333333335,0.003333333333333334,0,0,0,0.10945454337863159,0.16507188511253648,0.8349281148874635,0.85,0.15000000000000002,0.9869934752238781,irreversible
0.4,0.5,14,0.08839690794768372,0.10229641919454412,0.013899511246860397,0.04066666666666666,0.068,0.02733333333333334,0,0,0,0.10634090326647128,0.12369413864287444,0.8763058613571255,0.8166666666666667,0.18333333333333335,1.0699474058355072,irreversible
0.4,0.5,15,0.08545806964414503,0.11857154058922677,0.03311347094508174,0.058,0.06466666666666666,0.006666666666666661,0,0,0,0.1238941505101453,0.1873116959462444,0.8126883040537556,0.85,0.15000000000000002,0.9726333384566928,irreversible
0.4,0.5,16,0.08460491641213293,0.08315779418148675,0.0014471222306461778,0.048,0.028666666666666667,0.019333333333333334,0,0,0,0.11659172823972008,0.06709292526791594,0.932907074732084,0.95,0.050000000000000044,0.988102188623079,irreversible
0.4,0.5,17,0.12597026089492133,0.1373597305888784,0.011389469693957072,0.07266666666666667,0.06133333333333333,0.011333333333333341,0,0,0,0.1207497832915988,0.21459268753151656,0.7854073124684835,0.85,0.15000000000000002,0.9410880132253061,irreversible
0.4,0.5,18,0.0931473445238972,0.1365506694395304,0.0434033249156332,0.034666666666666665,0.050666666666666665,0.016,0,0,0,0.12184256438476349,0.14631873400792061,0.8536812659920794,0.9,0.09999999999999998,0.9685320972209877,irreversible
0.4,0.5,19,0.11528260354457787,0.09978322790303114,0.015499375641546728,0.07066666666666667,0.05,0.020666666666666667,0,0,0,0.11347591667395573,0.13236494688071695,0.867635053119283,0.8833333333333333,0.1166666666666667,0.9933432303630031,irreversible
0.4,0.6,0,0.09401153766645147,0.06899769458196216,0.025013843084489312,0.03666666666666667,0.027333333333333334,0.009333333333333332,0,0,0,0.1690351016255489,0.07878892148622771,0.9212110785137723,0.8833333333333333,0.1166666666666667,1.0464645392848948,irreversible
0.4,0.6,1,0.14217452722414173,0.1503229514833528,0.008148424259211084,0.10733333333333334,0.06333333333333334,0.044,0,0,0,0.18279593430765406,0.2448762467541059,0.7551237532458941,0.7,0.30000000000000004,1.0681608593106968,irreversible
0.4,0.6,2,0.10195446625585115,0.08663283178193537,0.015321634473915782,0.05466666666666667,0.05266666666666667,0.0020000000000000018,0,0,0,0.1759551704983523,0.09163957830696164,0.9083604216930383,0.9,0.09999999999999998,1.0126908303115174,irreversible
0.4,0.6,3,0.09355334649588794,0.08715882777814825,0.006394518717739689,0.04066666666666666,0.038,0.0026666666666666644,0,0,0,0.14068675175838763,0.1487398166034253,0.8512601833965747,0.8833333333333333,0.1166666666666667,0.970192146409343,irreversible
0.4,0.6,4,0.08825558066894033,0.1245317435569738,0.03627616288803347,0.02266666666666667,0.07133333333333333,0.048666666666666664,0,0,0,0.15285794978753298,0.1704880350031424,0.8295119649968576,0.7666666666666667,0.23333333333333328,1.0840810057188661,irreversible
0.4,0.6,5,0.1258628326307061,0.12485205953611388,0.0010107730945922294,0.07666666666666666,0.076,0.0006666666666666626,0,0,0,0.16141558093615416,0.09188336622391452,0.9081166337760855,0.8166666666666667,0.18333333333333335,1.0918693270497335,irreversible
0.4,0.6,6,0.08282277859058966,0.07165119697713826,0.0111715816134514,0.05266666666666667,0.035333333333333335,0.017333333333333333,0,0,0,0.17715685290420558,0.09040012782725314,0.9095998721727468,0.9333333333333333,0.06666666666666665,0.9833927675761096,irreversible
0.4,0.6,7,0.2152299246299264,0.20923050823932043,0.005999416390605972,0.16666666666666666,0.202,0.035333333333333355,0,0,0,0.18981192657850976,0.3423800336078689,0.6576199663921312,0.4,0.6,1.267953153823116,irreversible
0.4,0.6,8,0.07086648489324654,0.09948160565804066,0.028615120764794125,0.024666666666666667,0.07066666666666667,0.046,0,0,0,0.18341878788838462,0.06683259363468307,0.9331674063653169,0.8333333333333334,0.16666666666666663,1.1184878532231821,irreversible
0.4,0.6,9,0.06403404952127821,0.10830023991908352,0.04426619039780531,0.04466666666666667,0.04533333333333334,0.0006666666666666696,0,0,0,0.1517608526678481,0.0817230586659858,0.9182769413340142,0.8833333333333333,0.1166666666666667,1.0461768222667989,irreversible
0.4,0.6,10,0.10346628979126055,0.1080042541209791,0.00453796432971855,0.06733333333333333,0.037333333333333336,0.029999999999999992,0,0,0,0.16091203107090957,0.09824272369663492,0.9017572763033651,0.7833333333333333,0.21666666666666667,1.1270584340524614,irreversible
0.4,0.6,11,0.15646160191364836,0.14711796690705262,0.00934363500659574,0.07,0.072,0.001999999999999988,0,0,0,0.1605477573456059,0.12352155057383367,0.8764784494261664,0.8833333333333333,0.1166666666666667,0.9959810248444819,irreversible
0.4,0.6,12,0.08498253953638653,0.10381945220040158,0.01883691266401505,0.036,0.07466666666666667,0.038666666666666676,0,0,0,0.16380075062216648,0.13151927522405343,0.8684807247759465,0.8,0.19999999999999996,1.082856619608617,irreversible
0.4,0.6,13,0.10143632821765704,0.10997525777747937,0.008538929559822328,0.056,0.05533333333333333,0.0006666666666666696,0,0,0,0.15362989293676166,0.16858984528544785,0.8314101547145522,0.85,0.15000000000000002,0.9837115537711744,irreversible
0.4,0.6,14,0.08839690794768372,0.101933282285738,0.013536374338054283,0.04066666666666666,0.09,0.04933333333333333,0,0,0,0.14949773844743808,0.11332531017962091,0.8866746898203791,0.8333333333333334,0.16666666666666663,1.0690587834048926,irreversible
0.4,0.6,15,0.08545806964414503,0.11378036121793203,0.028322291573787003,0.058,0.052,0.006000000000000005,0,0,0,0.17304121991015187,0.1792213506558209,0.8207786493441791,0.85,0.15000000000000002,0.9793592222376258,irreversible
0.4,0.6,16,0.08460491641213293,0.08680237198941627,0.002197455577283347,0.048,0.03333333333333333,0.014666666666666668,0,0,0,0.16299225377376203,0.10429575008532051,0.8957042499146795,0.9166666666666666,0.08333333333333337,0.9832536138090003,irreversible
0.4,0.6,17,0.12597026089492133,0.13677977167407357,0.010809510779152237,0.07266666666666667,0.074,0.0013333333333333253,0,0,0,0.16898054287260322,0.19337344995668979,0.8066265500433102,0.8666666666666667,0.1333333333333333,0.9429955944047649,irreversible
0.4,0.6,18,0.0931473445238972,0.13061880929217648,0.03747146476827928,0.034666666666666665,0.05733333333333333,0.02266666666666667,0,0,0,0.17008288002199046,0.1279307852530937,0.8720692147469062,0.9166666666666666,0.08333333333333337,0.9704370809389762,irreversible
0.4,0.6,19,0.11528260354457787,0.10196454698127616,0.013318056563301706,0.07066666666666667,0.07,0.0006666666666666626,0,0,0,0.15960148961079312,0.12679713948544666,0.8732028605145533,0.8666666666666667,0.1333333333333333,1.0100323746553788,irreversible
0.4,0.7,0,0.09401153766645147,0.06873892467734101,0.02527261298911046,0.03666666666666667,0.026,0.010666666666666668,0,0,0,0.22347411786755633,0.07191209046870832,0.9280879095312917,0.8666666666666667,0.1333333333333333,1.0704060627785692,irreversible
0.4,0.7,1,0.14217452722414173,0.14809500394090136,0.005920476716759632,0.10733333333333334,0.07466666666666667,0.03266666666666666,0,0,0,0.24057493509390515,0.21875547297906983,0.7812445270209302,0.7,0.30000000000000004,1.090891312866787,irreversible
0.4,0.7,2,0.10195446625585115,0.08472794526366914,0.017226520992182012,0.05466666666666667,0.05266666666666667,0.0020000000000000018,0,0,0,0.23235462764065717,0.08920650823352638,0.9107934917664736,0.9,0.09999999999999998,1.015600122014519,irreversible
0.4,0.7,3,0.09355334649588794,0.07386157043210806,0.01969177606377988,0.04066666666666666,0.019333333333333334,0.02133333333333333,0,0,0,0.18689383951303928,0.1369297951330792,0.8630702048669208,0.9,0.09999999999999998,0.973326482216199,irreversible
0.4,0.7,4,0.08825558066894033,0.11801975870013752,0.029764178031197186,0.02266666666666667,0.04066666666666666,0.017999999999999995,0,0,0,0.20274525621965356,0.1865450195443734,0.8134549804556266,0.7833333333333333,0.21666666666666667,1.0420626916300926,irreversible
0.4,0.7,5,0.1258628326307061,0.10164946811633223,0.024213364514373878,0.07666666666666666,0.052,0.024666666666666663,0,0,0,0.21336185078483916,0.07961857523634623,0.9203814247636538,0.8333333333333334,0.16666666666666663,1.0992680992255806,irreversible
0.4,0.7,6,0.08282277859058966,0.06383565952225505,0.018987119068334612,0.05266666666666667,0.030666666666666665,0.022000000000000002,0,0,0,0.23310068001676498,0.09897393520578085,0.9010260647942192,0.95,0.050000000000000044,0.9612728445613028,irreversible
0.4,0.7,7,0.2152299246299264,0.21362883004436523,0.0016010945855611802,0.16666666666666666,0.19333333333333333,0.026666666666666672,0,0,0,0.2497316123459521,0.33856561553283954,0.6614343844671604,0.36666666666666664,0.6333333333333333,1.3018346581135507,irreversible
0.4,0.7,8,0.07086648489324654,0.1092521273946456,0.03838564250139906,0.024666666666666667,0.06133333333333333,0.03666666666666667,0,0,0,0.2411237405712664,0.058175817514681726,0.9418241824853183,0.85,0.15000000000000002,1.1105872597773347,irreversible
0.4,0.7,9,0.06403404952127821,0.10961900585129757,0.045584956330019355,0.04466666666666667,0.05,0.005333333333333336,0,0,0,0.200419174545991,0.08871536128215249,0.9112846387178475,0.9166666666666666,0.08333333333333337,1.007347544467019,irreversible
0.4,0.7,10,0.10346628979126055,0.11070356442918229,0.007237274637921745,0.06733333333333333,0.08266666666666667,0.015333333333333338,0,0,0,0.21262724847223147,0.09715030613918746,0.9028496938608126,0.8166666666666667,0.18333333333333335,1.0918256791869598,irreversible
0.4,0.7,11,0.15646160191364836,0.14876468232771423,0.007696919585934131,0.07,0.07866666666666666,0.008666666666666656,0,0,0,0.21218574341148344,0.10232047783940534,0.8976795221605947,0.8666666666666667,0.1333333333333333,1.035103752057078,irreversible
0.4,0.7,12,0.08498253953638653,0.10888820964587144,0.02390567010948491,0.036,0.051333333333333335,0.015333333333333338,0,0,0,0.21604782622402674,0.14745545743891988,0.8525445425610801,0.8,0.19999999999999996,1.062354293421785,irreversible
0.4,0.7,13,0.10143632821765704,0.11285609501520988,0.011419766797552841,0.056,0.059333333333333335,0.003333333333333334,0,0,0,0.20292863866700206,0.17653045454728822,0.8234695454527118,0.85,0.15000000000000002,0.9771578204854333,irreversible
0.4,0.7,14,0.08839690794768372,0.10175331172519486,0.013356403777511142,0.04066666666666666,0.07733333333333334,0.036666666666666674,0,0,0,0.19784328393886808,0.11237544325792367,0.8876245567420763,0.8166666666666667,0.18333333333333335,1.0834636576864543,irreversible
0.4,0.7,15,0.08545806964414503,0.09800473528864644,0.012546665644501409,0.058,0.038,0.020000000000000004,0,0,0,0.2272697277063236,0.1343039798697881,0.865696020130212,0.8333333333333334,0.16666666666666663,1.0404993532080038,irreversible
0.4,0.7,16,0.08460491641213293,0.09747999475761746,0.012875078345484528,0.048,0.056666666666666664,0.008666666666666663,0,0,0,0.21433439168764057,0.13499285578659548,0.8650071442134045,0.8833333333333333,0.1166666666666667,0.987059247133109,irreversible
0.4,0.7,17,0.12597026089492133,0.1389242173117501,0.012953956416828755,0.07266666666666667,0.08266666666666667,0.009999999999999995,0,0,0,0.22243987785149633,0.1914659440866305,0.8085340559133695,0.85,0.15000000000000002,0.9642725450175766,irreversible
0.4,0.7,18,0.0931473445238972,0.12825107686052048,0.03510373233662328,0.034666666666666665,0.043333333333333335,0.00866666666666667,0,0,0,0.2232697716886478,0.1281339531626684,0.8718660468373316,0.9166666666666666,0.08333333333333337,0.9661419799214874,irreversible
0.4,0.7,19,0.11528260354457787,0.10731718436316563,0.007965419181412234,0.07066666666666667,0.05733333333333333,0.013333333333333336,0,0,0,0.21130679791920737,0.1353890758699402,0.8646109241300598,0.8666666666666667,0.1333333333333333,1.0032689455920794,irreversible
0.4,0.8,0,0.09401153766645147,0.07298105763892652,0.021030480027524945,0.03666666666666667,0.06533333333333333,0.02866666666666666,0,0,0,0.28230978332219914,0.08838941161116877,0.9116105883888312,0.8666666666666667,0.1333333333333333,1.0573682083957125,irreversible
0.4,0.8,1,0.14217452722414173,0.1379859069465582,0.004188620277583516,0.10733333333333334,0.08,0.027333333333333334,0,0,0,0.3023803935167242,0.20231292174460602,0.797687078255394,0.7,0.30000000000000004,1.105567566658123,irreversible
0.4,0.8,2,0.10195446625585115,0.0776199411312722,0.024334525124578954,0.05466666666666667,0.028,0.02666666666666667,0,0,0,0.29313535743470653,0.09562995517723075,0.9043700448227693,0.9,0.09999999999999998,1.0171203427705806,irreversible
0.4,0.8,3,0.09355334649588794,0.07984823134684413,0.013705115149043809,0.04066666666666666,0.05533333333333333,0.014666666666666668,0,0,0,0.23740565444346806,0.10819695957155913,0.8918030404284408,0.9,0.09999999999999998,0.9988959858823685,irreversible
0.4,0.8,4,0.08825558066894033,0.12439854369922254,0.03614296303028221,0.02266666666666667,0.062,0.03933333333333333,0,0,0,0.25706527333908047,0.1903330984059719,0.8096669015940281,0.7833333333333333,0.21666666666666667,1.0452026423515985,irreversible
0.4,0.8,5,0.1258628326307061,0.11420404175012974,0.011658790880576364,0.07666666666666666,0.09933333333333333,0.02266666666666667,0,0,0,0.26946486824883553,0.16135923213879622,0.8386407678612038,0.85,0.15000000000000002,0.9972221322480146,irreversible
0.4,0.8,6,0.08282277859058966,0.05811128081149144,0.024711497779098222,0.05266666666666667,0.015333333333333332,0.037333333333333336,0,0,0,0.2929323807861648,0.09658124012189702,0.9034187598781029,0.95,0.050000000000000044,0.9689299676562109,irreversible
0.4,0.8,7,0.2152299246299264,0.21714456182960107,0.0019146371996746625,0.16666666666666666,0.18733333333333332,0.020666666666666667,0,0,0,0.3137645108385745,0.3504388292029545,0.6495611707970455,0.36666666666666664,0.6333333333333333,1.2885398300969642,irreversible
0.4,0.8,8,0.07086648489324654,0.10860215019808728,0.03773566530484074,0.024666666666666667,0.05,0.025333333333333336,0,0,0,0.30264676987830474,0.07299712094658854,0.9270028790534115,0.8333333333333334,0.16666666666666663,1.1094367953796218,irreversible
0.4,0.8,9,0.06403404952127821,0.116530487168874,0.05249643764759579,0.04466666666666667,0.06666666666666667,0.022,0,0,0,0.2529074120190332,0.101233427017347,0.8987665729826531,0.8666666666666667,0.1333333333333333,1.0507240157278854,irreversible
0.4,0.8,10,0.10346628979126055,0.08419496512646124,0.019271324664799305,0.06733333333333333,0.03133333333333333,0.036,0,0,0,0.26845283135329534,0.06865871219616493,0.9313412878038351,0.8333333333333334,0.16666666666666663,1.1118257856367015,irreversible
0.4,0.8,11,0.15646160191364836,0.14910769567245125,0.007353906241197111,0.07,0.078,0.007999999999999993,0,0,0,0.2679855568226027,0.09966473105022822,0.9003352689497718,0.8666666666666667,0.1333333333333333,1.0375070788434044,irreversible
0.4,0.8,12,0.08498253953638653,0.10903098230703176,0.02404844277064523,0.036,0.056,0.020000000000000004,0,0,0,0.27224519597628294,0.17272501932101195,0.8272749806789881,0.7833333333333333,0.21666666666666667,1.054953758038316,irreversible
0.4,0.8,13,0.10143632821765704,0.11529919675482588,0.013862868537168838,0.056,0.078,0.022,0,0,0,0.2561269155203816,0.19741074123378083,0.8025892587662191,0.8166666666666667,0.18333333333333335,0.9948883092338446,irreversible
0.4,0.8,14,0.08839690794768372,0.10690682938425342,0.018509921436569696,0.04066666666666666,0.056,0.015333333333333338,0,0,0,0.25025318599816815,0.11751493003811082,0.8824850699618891,0.8,0.19999999999999996,1.0909458836543648,irreversible
0.4,0.8,15,0.08545806964414503,0.09807106370400169,0.012612994059856664,0.058,0.029333333333333333,0.02866666666666667,0,0,0,0.28502069209065395,0.14585119254399748,0.8541488074560025,0.8333333333333334,0.16666666666666663,1.0311353893043,irreversible
0.4,0.8,16,0.08460491641213293,0.0936298179702906,0.009024901558157675,0.048,0.034,0.013999999999999999,0,0,0,0.2692276120484055,0.14061269409360366,0.8593873059063963,0.8833333333333333,0.1166666666666667,0.9818101979626024,irreversible
0.4,0.8,17,0.12597026089492133,0.14741543137692129,0.021445170481999953,0.07266666666666667,0.09666666666666666,0.023999999999999994,0,0,0,0.279673379802743,0.20854654382082663,0.7914534561791734,0.8333333333333334,0.16666666666666663,0.96948141546634,irreversible
0.4,0.8,18,0.0931473445238972,0.12432870427852187,0.031181359754624674,0.034666666666666665,0.052,0.017333333333333333,0,0,0,0.27988870702187263,0.11611140657787501,0.883888593422125,0.9,0.09999999999999998,0.9960172666941145,irreversible
0.4,0.8,19,0.11528260354457787,0.11084164335308053,0.0044409601914973396,0.07066666666666667,0.048,0.02266666666666667,0,0,0,0.2673808214540693,0.15057652350199716,0.8494234764980029,0.8666666666666667,0.1333333333333333,0.9895337165458772,irreversible
0.4,0.9,0,0.09401153766645147,0.07285374478952499,0.021157792876926484,0.03666666666666667,0.04,0.003333333333333334,0,0,0,0.34415194568358665,0.08121614392215144,0.9187838560778485,0.8833333333333333,0.1166666666666667,1.04157330429708,irreversible
0.4,0.9,1,0.14217452722414173,0.13644893000683359,0.005725597217308143,0.10733333333333334,0.048,0.059333333333333335,0,0,0,0.36659678277522656,0.1696897293442611,0.8303102706557389,0.7,0.30000000000000004,1.1465750032933992,irreversible
0.4,0.9,2,0.10195446625585115,0.07675084716499835,0.025203619090852808,0.05466666666666667,0.04466666666666667,0.010000000000000002,0,0,0,0.35680389314978145,0.08231848529997825,0.9176815147000218,0.8833333333333333,0.1166666666666667,1.0431490861394015,irreversible
0.4,0.9,3,0.09355334649588794,0.09153122880510071,0.002022117690787223,0.04066666666666666,0.027333333333333334,0.013333333333333329,0,0,0,0.29121320719538846,0.11297209160741584,0.8870279083925842,0.9,0.09999999999999998,0.9908667711486142,irreversible
0.4,0.9,4,0.08825558066894033,0.12323336732127964,0.034977786652339304,0.02266666666666667,0.06133333333333333,0.03866666666666666,0,0,0,0.31465004432663024,0.18817371431565283,0.8118262856843472,0.8,0.19999999999999996,1.0302373990140987,irreversible
0.4,0.9,5,0.1258628326307061,0.11562586598396016,0.010236966646745949,0.07666666666666666,0.068,0.008666666666666656,0,0,0,0.32837406531701563,0.17156550855147487,0.8284344914485251,0.8166666666666667,0.18333333333333335,1.0164937331102115,irreversible
0.4,0.9,6,0.08282277859058966,0.06130673091185261,0.02151604767873705,0.05266666666666667,0.04,0.012666666666666666,0,0,0,0.3550989395108479,0.11432487946896905,0.8856751205310309,0.95,0.050000000000000044,0.9442207991173819,irreversible
0.4,0.9,7,0.2152299246299264,0.22274028149466493,0.007510356864738527,0.16666666666666666,0.196,0.02933333333333335,0,0,0,0.38020617485138786,0.34840923093752696,0.651590769062473,0.38333333333333336,0.6166666666666667,1.2774683582786577,irreversible
0.4,0.9,8,0.07086648489324654,0.11420908267320233,0.04334259777995579,0.024666666666666667,0.07,0.04533333333333334,0,0,0,0.3662902551220857,0.05980295641185925,0.9401970435881407,0.8166666666666667,0.18333333333333335,1.1456993596997966,irreversible
0.4,0.9,9,0.06403404952127821,0.11539871212351893,0.05136466260224072,0.04466666666666667,0.04533333333333334,0.0006666666666666696,0,0,0,0.3079858292773928,0.10420665046031297,0.895793349539687,0.8666666666666667,0.1333333333333333,1.0421345151902472,irreversible
0.4,0.9,10,0.10346628979126055,0.07537816852300797,0.02808812126825258,0.06733333333333333,0.04133333333333333,0.025999999999999995,0,0,0,0.32705085886181484,0.05366519644756547,0.9463348035524345,0.8833333333333333,0.1166666666666667,1.0765235005361644,irreversible
0.4,0.9,11,0.15646160191364836,0.1645782064227101,0.008116604509061737,0.07,0.10266666666666667,0.03266666666666666,0,0,0,0.3266558027137042,0.11327022568078027,0.8867297743192197,0.85,0.15000000000000002,1.0469255921131517,irreversible
0.4,0.9,12,0.08498253953638653,0.10408043915152668,0.01909789961514015,0.036,0.043333333333333335,0.0073333333333333375,0,0,0,0.33102499349652525,0.173550414417033,0.826449585582967,0.8,0.19999999999999996,1.0330573938200853,irreversible
0.4,0.9,13,0.10143632821765704,0.11735141406407054,0.015915085846413504,0.056,0.094,0.038,0,0,0,0.3119688734471462,0.2108449608530553,0.7891550391469447,0.8333333333333334,0.16666666666666663,0.9693004772752147,irreversible
0.4,0.9,14,0.08839690794768372,0.141812968633762,0.05341606068607828,0.04066666666666666,0.10933333333333334,0.06866666666666668,0,0,0,0.3055697279459353,0.08728880122826209,0.9127111987717379,0.6833333333333333,0.31666666666666665,1.2598985472765907,irreversible
0.4,0.9,15,0.08545806964414503,0.10537009896115311,0.019912029317008084,0.058,0.04133333333333333,0.01666666666666667,0,0,0,0.3447394411660015,0.14707690074116417,0.8529230992588358,0.8333333333333334,0.16666666666666663,1.028734439921421,irreversible
0.4,0.9,16,0.08460491641213293,0.09094160263395759,0.006336686221824664,0.048,0.037333333333333336,0.010666666666666665,0,0,0,0.32629971891682885,0.15096675284757363,0.8490332471524263,0.8833333333333333,0.1166666666666667,0.969950752041216,irreversible
0.4,0.9,17,0.12597026089492133,0.1590637108862932,0.03309344999137187,0.07266666666666667,0.07533333333333334,0.0026666666666666644,0,0,0,0.33921402636192144,0.20749374547460855,0.7925062545253915,0.8333333333333334,0.16666666666666663,0.9681129503565677,irreversible
0.4,0.9,18,0.0931473445238972,0.12469103139216624,0.03154368686826904,0.034666666666666665,0.04733333333333333,0.012666666666666666,0,0,0,0.3384514978699342,0.11610910818359099,0.883890891816409,0.8833333333333333,0.1166666666666667,1.0116101468668097,irreversible
0.4,0.9,19,0.11528260354457787,0.11189424197401157,0.003388361570566295,0.07066666666666667,0.07133333333333333,0.0006666666666666626,0,0,0,0.32655996458531633,0.16878645005975865,0.8312135499402413,0.8666666666666667,0.1333333333333333,0.9655606403328828,irreversible
0.4,1.0,0,0.09401153766645147,0.07028461148081186,0.02372692618563961,0.03666666666666667,0.037333333333333336,0.0006666666666666696,0,0,0,0.40760812482259345,0.08574362287552738,0.9142563771244726,0.9,0.09999999999999998,1.020354775337549,irreversible
0.4,1.0,1,0.14217452722414173,0.14184173553959326,0.0003327916845484724,0.10733333333333334,0.08333333333333333,0.024000000000000007,0,0,0,0.43165828661491445,0.16765131086953586,0.8323486891304641,0.7,0.30000000000000004,1.1384318870516013,irreversible
0.4,1.0,2,0.10195446625585115,0.07824729776914872,0.02370716848670243,0.05466666666666667,0.022,0.03266666666666667,0,0,0,0.4218700240676443,0.05650807879349617,0.9434919212065038,0.9,0.09999999999999998,1.0575853799948463,irreversible
0.4,1.0,3,0.09355334649588794,0.10183507554583676,0.008281729049948824,0.04066666666666666,0.06,0.019333333333333334,0,0,0,0.34728706259872266,0.07217192765999846,0.9278280723400015,0.8333333333333334,0.16666666666666663,1.1013985046024886,irreversible
0.4,1.0,4,0.08825558066894033,0.13358456705559452,0.04532898638665418,0.02266666666666667,0.06133333333333333,0.03866666666666666,0,0,0,0.3743076784720879,0.18345459989668403,0.816545400103316,0.7833333333333333,0.21666666666666667,1.054210980033313,irreversible
0.4,1.0,5,0.1258628326307061,0.1080052339334383,0.0178575986972678,0.07666666666666666,0.068,0.008666666666666656,0,0,0,0.388729854774285,0.17625000724775597,0.823749992752244,0.85,0.15000000000000002,0.9803810590932277,irreversible
0.4,1.0,6,0.08282277859058966,0.08143283472760696,0.0013899438629827038,0.05266666666666667,0.05,0.0026666666666666644,0,0,0,0.41809817499408897,0.09678604229457098,0.903213957705429,0.9333333333333333,0.06666666666666665,0.970894777004508,irreversible
0.4,1.0,7,0.2152299246299264,0.21032580078747265,0.004904123842453756,0.16666666666666666,0.13133333333333333,0.03533333333333333,0,0,0,0.4473999905927053,0.32597812952488225,0.6740218704751177,0.43333333333333335,0.5666666666666667,1.250747901435731,irreversible
0.4,1.0,8,0.07086648489324654,0.12176896626723034,0.0509024813739838,0.024666666666666667,0.10266666666666667,0.078,0,0,0,0.430399307068958,0.031061618011892587,0.9689383819881074,0.8333333333333334,0.16666666666666663,1.16783066899827,irreversible
0.4,1.0,9,0.06403404952127821,0.1168413801106162,0.052807330589337995,0.04466666666666667,0.062,0.017333333333333333,0,0,0,0.36443353351768903,0.115794261787585,0.884205738212415,0.8166666666666667,0.18333333333333335,1.0850742375264162,irreversible
0.4,1.0,10,0.10346628979126055,0.07413479370859463,0.029331496082665914,0.06733333333333333,0.06266666666666666,0.004666666666666666,0,0,0,0.38708525285072204,0.028129054173852072,0.971870945826148,0.8833333333333333,0.1166666666666667,1.097037153180148,irreversible
0.4,1.0,11,0.15646160191364836,0.17768555001302982,0.021223948099381468,0.07,0.108,0.03799999999999999,0,0,0,0.38692027793110395,0.14744472217141857,0.8525552778285814,0.85,0.15000000000000002,1.017361264853427,irreversible
0.4,1.0,12,0.08498253953638653,0.1026588160664017,0.017676276530015175,0.036,0.06,0.024,0,0,0,0.39105267428874413,0.17410087938676766,0.8258991206132323,0.8333333333333334,0.16666666666666663,1.0029848564124029,irreversible
0.4,1.0,13,0.10143632821765704,0.11165879532614148,0.010222467108484443,0.056,0.054,0.0020000000000000018,0,0,0,0.369214738265525,0.193460380435504,0.806539619564496,0.85,0.15000000000000002,0.9595952363416173,irreversible
0.4,1.0,14,0.08839690794768372,0.14362573214135352,0.0552288241936698,0.04066666666666666,0.10533333333333333,0.06466666666666668,0,0,0,0.3626454650169587,0.0742746237795676,0.9257253762204324,0.75,0.25,1.2056992489355165,irreversible
0.4,1.0,15,0.08545806964414503,0.11152198832775173,0.026063918683606704,0.058,0.064,0.005999999999999998,0,0,0,0.4049453089357601,0.14739730603769322,0.8526026939623068,0.85,0.15000000000000002,1.0106186736332086,irreversible
0.4,1.0,16,0.08460491641213293,0.09363890759665655,0.009033991184523624,0.048,0.074,0.025999999999999995,0,0,0,0.38425889830483717,0.1609302106000177,0.8390697893999823,0.8833333333333333,0.1166666666666667,0.9644949538627798,irreversible
0.4,1.0,17,0.12597026089492133,0.1616390411047014,0.035668780209780065,0.07266666666666667,0.07933333333333334,0.006666666666666668,0,0,0,0.39964411495250163,0.20248490788339896,0.797515092116601,0.8166666666666667,0.18333333333333335,0.9914322871690461,irreversible
0.4,1.0,18,0.0931473445238972,0.11910624337811622,0.025958898854219023,0.034666666666666665,0.048666666666666664,0.013999999999999999,0,0,0,0.39756588554744376,0.11217683629517107,0.8878231637048289,0.8833333333333333,0.1166666666666667,1.0144795550850503,irreversible
0.4,1.0,19,0.11528260354457787,0.10964664057769678,0.0056359629668810834,0.07066666666666667,0.04533333333333334,0.025333333333333333,0,0,0,0.3875722560635204,0.16381303828245522,0.8361869617175448,0.8833333333333333,0.1166666666666667,0.9605959524592651,irreversible
0.45,0.0,0,0.1075882913277093,0.08254953578262801,0.025038755545081295,0.046,0.04466666666666667,0.0013333333333333322,0,0,0,0.0,0.14019397477772882,0.8598060252222712,0.8166666666666667,0.18333333333333335,1.0497323807752081,irreversible
0.45,0.0,1,0.21439375377561964,0.1498611753854733,0.06453257839014634,0.24666666666666667,0.064,0.18266666666666667,0,0,0,0.0,0.3824532943310682,0.6175467056689318,0.5666666666666667,0.43333333333333335,1.1126798502664685,irreversible
0.45,0.0,2,0.11572303628824668,0.0985497883266793,0.017173247961567384,0.034666666666666665,0.05533333333333333,0.020666666666666667,0,0,0,0.0,0.19585244720884804,0.8041475527911519,0.85,0.15000000000000002,0.9636075314482104,irreversible
0.45,0.0,3,0.14112596171043246,0.1054581762029274,0.03566778550750506,0.11133333333333334,0.06533333333333333,0.04600000000000001,0,0,0,0.0,0.15332484570629862,0.8466751542937014,0.7666666666666667,0.23333333333333328,1.100425434003911,irreversible
0.45,0.0,4,0.23345303955675945,0.2531518391093594,0.019698799552599955,0.17333333333333334,0.26,0.08666666666666667,0,0,0,0.0,0.317482554376933,0.6825174456230669,0.4166666666666667,0.5833333333333333,1.292442145511217,irreversible
0.45,0.0,5,0.19181569773149673,0.1286629219371522,0.06315277579434453,0.20266666666666666,0.07266666666666667,0.13,0,0,0,0.0,0.20411716082520906,0.795882839174791,0.6833333333333333,0.31666666666666665,1.1608376997900438,irreversible
0.45,0.0,6,0.09632909870999433,0.0933286661355219,0.0030004325744724253,0.04533333333333334,0.025333333333333333,0.020000000000000004,0,0,0,0.0,0.06761443607443175,0.9323855639255683,0.7166666666666667,0.2833333333333333,1.2214690054025197,irreversible
0.45,0.0,7,0.29305807211636,0.28835987729404855,0.00469819482231143,0.37133333333333335,0.472,0.10066666666666663,0,0,0,0.0,0.41329812176432895,0.586701878235671,0.5166666666666667,0.4833333333333333,1.0963764269412488,irreversible
0.45,0.0,8,0.10426618912369136,0.15058070382762123,0.046314514703929874,0.03866666666666667,0.11666666666666667,0.078,0,0,0,0.0,0.12992189283358246,0.8700781071664175,0.7166666666666667,0.2833333333333333,1.1844900691757334,irreversible
0.45,0.0,9,0.09379457545789516,0.16703571717468868,0.07324114171679352,0.042666666666666665,0.09333333333333334,0.05066666666666667,0,0,0,0.0,0.1861664395627456,0.8138335604372544,0.4,0.6,1.4448105125331192,irreversible
0.45,0.0,10,0.1970976836065904,0.18816021253584989,0.008937471070740527,0.11533333333333333,0.19,0.07466666666666667,0,0,0,0.0,0.29362379237915076,0.7063762076208493,0.4666666666666667,0.5333333333333333,1.2606105753885344,irreversible
0.45,0.0,11,0.18172002299074358,0.20913356478151934,0.027413541790775764,0.14466666666666667,0.14733333333333334,0.0026666666666666783,0,0,0,0.0,0.21221984336596758,0.7877801566340324,0.8,0.19999999999999996,0.9953002087483931,irreversible
0.45,0.0,12,0.12055301923014701,0.10754112487430381,0.013011894355843198,0.07666666666666666,0.04933333333333333,0.027333333333333328,0,0,0,0.0,0.14710584942975793,0.8528941505702421,0.8666666666666667,0.1333333333333333,0.9963137908258696,irreversible
0.45,0.0,13,0.09458638799487479,0.08611121326047538,0.008475174734399404,0.05266666666666667,0.038,0.014666666666666668,0,0,0,0.0,0.2358597737481121,0.7641402262518879,0.9166666666666666,0.08333333333333337,0.8532590199354879,irreversible
0.45,0.0,14,0.1587364685409311,0.09305440519509242,0.06568206334583868,0.10333333333333333,0.07333333333333333,0.03,0,0,0,0.0,0.0940849670296774,0.9059150329703226,0.8666666666666667,0.1333333333333333,1.0631688821401157,irreversible
0.45,0.0,15,0.15082940603918582,0.16644564100402676,0.015616234964840936,0.13933333333333334,0.146,0.006666666666666654,0,0,0,0.0,0.3508379268230795,0.6491620731769205,0.7,0.30000000000000004,0.9547327985847975,irreversible
0.45,0.0,16,0.14835384374317404,0.13074385540569652,0.01760998833747751,0.08533333333333333,0.07266666666666667,0.01266666666666666,0,0,0,0.0,0.2511467165344907,0.7488532834655093,0.6333333333333333,0.3666666666666667,1.1230891138832122,irreversible
0.45,0.0,17,0.20288428167870928,0.2093940093209759,0.006509727642266622,0.11266666666666666,0.15933333333333333,0.04666666666666666,0,0,0,0.0,0.4024214007656808,0.5975785992343192,0.7,0.30000000000000004,0.9108726978115527,irreversible
0.45,0.0,18,0.13531330105029227,0.20369606995049327,0.06838276890020101,0.04533333333333334,0.148,0.10266666666666666,0,0,0,0.0,0.3195673102872987,0.6804326897127013,0.6666666666666666,0.33333333333333337,1.0565283819377518,irreversible
0.45,0.0,19,0.125228542981456,0.09292056884910616,0.03230797413234984,0.048,0.032,0.016,0,0,0,0.0,0.07433857240482951,0.9256614275951704,0.8333333333333334,0.16666666666666663,1.1044050877949247,irreversible
0.45,0.1,0,0.1075882913277093,0.08473698093412521,0.022851310393584096,0.046,0.032,0.013999999999999999,0,0,0,0.005082959184978253,0.15327113195091085,0.8467288680490892,0.8333333333333334,0.16666666666666663,1.0226083623141518,irreversible
0.45,0.1,1,0.21439375377561964,0.14151980217197346,0.07287395160364618,0.24666666666666667,0.10466666666666667,0.14200000000000002,0,0,0,0.005567735344719993,0.31828729110824794,0.6817127088917521,0.7,0.30000000000000004,1.0354311967926637,irreversible
0.45,0.1,2,0.11572303628824668,0.09324075896972363,0.02248227731852305,0.034666666666666665,0.07333333333333333,0.03866666666666667,0,0,0,0.005307263305182053,0.1756366578825524,0.8243633421174477,0.8666666666666667,0.1333333333333333,0.9729839114470784,irreversible
0.45,0.1,3,0.14112596171043246,0.11403549852786773,0.027090463182564722,0.11133333333333334,0.054,0.05733333333333334,0,0,0,0.004175440822384302,0.18487025576838484,0.8151297442316152,0.75,0.25,1.0862356933605897,irreversible
0.45,0.1,4,0.23345303955675945,0.2520374418410183,0.01858440228425884,0.17333333333333334,0.20866666666666667,0.03533333333333333,0,0,0,0.004554961461759155,0.32024409307302065,0.6797559069269794,0.4666666666666667,0.5333333333333333,1.2265686741647106,irreversible
0.45,0.1,5,0.19181569773149673,0.15485329563718098,0.036962402094315755,0.20266666666666666,0.09,0.11266666666666666,0,0,0,0.004855247808518315,0.31667772170591846,0.6833222782940815,0.6833333333333333,0.31666666666666665,1.0373962121509939,irreversible
0.45,0.1,6,0.09632909870999433,0.09246361674798004,0.0038654819620142916,0.04533333333333334,0.03666666666666667,0.00866666666666667,0,0,0,0.00540133673198373,0.06463614990990502,0.9353638500900949,0.7166666666666667,0.2833333333333333,1.2218302205805984,irreversible
0.45,0.1,7,0.29305807211636,0.2907956563687055,0.002262415747654456,0.37133333333333335,0.42533333333333334,0.05399999999999999,0,0,0,0.005785230342152614,0.449726771989034,0.550273228010966,0.5,0.5,1.0643388319478795,irreversible
0.45,0.1,8,0.10426618912369136,0.1561645303878214,0.05189834126413005,0.03866666666666667,0.08,0.04133333333333333,0,0,0,0.005601349941135814,0.1353030469125824,0.8646969530874176,0.7333333333333333,0.2666666666666667,1.1546715384034503,irreversible
0.45,0.1,9,0.09379457545789516,0.17443377851433137,0.08063920305643621,0.042666666666666665,0.108,0.06533333333333333,0,0,0,0.0045797356965694425,0.20084070903011134,0.7991592909698887,0.36666666666666664,0.6333333333333333,1.4689857584006643,irreversible
0.45,0.1,10,0.1970976836065904,0.17495416681607162,0.02214351679051879,0.11533333333333333,0.13733333333333334,0.022000000000000006,0,0,0,0.004845457257861452,0.28771716790430046,0.7122828320956995,0.4666666666666667,0.5333333333333333,1.2566520446266625,irreversible
0.45,0.1,11,0.18172002299074358,0.22217518941749737,0.040455166426753786,0.14466666666666667,0.20466666666666666,0.06,0,0,0,0.004834404950814775,0.23795524369675464,0.7620447563032453,0.7833333333333333,0.21666666666666667,1.0038252145766005,irreversible
0.45,0.1,12,0.12055301923014701,0.10584950024549995,0.014703518984647057,0.07666666666666666,0.051333333333333335,0.025333333333333326,0,0,0,0.004960474886224864,0.11649812997005012,0.8835018700299498,0.85,0.15000000000000002,1.043511083109445,irreversible
0.45,0.1,13,0.09458638799487479,0.09776205100664077,0.003175663011765986,0.05266666666666667,0.072,0.019333333333333327,0,0,0,0.004633053394615061,0.1961295347223644,0.8038704652776356,0.9166666666666666,0.08333333333333337,0.8928310476972439,irreversible
0.45,0.1,14,0.1587364685409311,0.10849727406851732,0.050239194472413776,0.10333333333333333,0.06,0.043333333333333335,0,0,0,0.004485647838096685,0.11941555946152263,0.8805844405384774,0.85,0.15000000000000002,1.053977572489914,irreversible
0.45,0.1,15,0.15082940603918582,0.17236299064557317,0.02153358460638735,0.13933333333333334,0.15666666666666668,0.01733333333333334,0,0,0,0.0053028351034647425,0.3560743798166236,0.6439256201833764,0.7166666666666667,0.2833333333333333,0.9369756830016399,irreversible
0.45,0.1,16,0.14835384374317404,0.1373337231009553,0.011020120642218745,0.08533333333333333,0.07933333333333334,0.0059999999999999915,0,0,0,0.0049821369432875295,0.26631146603741124,0.7336885339625887,0.6333333333333333,0.3666666666666667,1.1046102307898102,irreversible
0.45,0.1,17,0.20288428167870928,0.20635690475427926,0.003472623075569975,0.11266666666666666,0.15733333333333333,0.04466666666666666,0,0,0,0.0051455148148101815,0.428112456313252,0.571887543686748,0.7166666666666667,0.2833333333333333,0.8672556994556405,irreversible
0.45,0.1,18,0.13531330105029227,0.19968999376775995,0.06437669271746768,0.04533333333333334,0.112,0.06666666666666667,0,0,0,0.005223089436370398,0.2952832990115072,0.7047167009884928,0.6166666666666667,0.3833333333333333,1.1208108741678597,irreversible
0.45,0.1,19,0.125228542981456,0.09466962844844064,0.03055891453301536,0.048,0.06266666666666666,0.014666666666666661,0,0,0,0.0047804830987612235,0.09167547672108842,0.9083245232789116,0.8333333333333334,0.16666666666666663,1.0862975852454988,irreversible
0.45,0.2,0,0.1075882913277093,0.08732069451067066,0.020267596817038644,0.046,0.030666666666666665,0.015333333333333334,0,0,0,0.020193045814065447,0.1429026966800764,0.8570973033199236,0.8166666666666667,0.18333333333333335,1.04933086919085,irreversible
0.45,0.2,1,0.21439375377561964,0.13947461464293837,0.07491913913268128,0.24666666666666667,0.06066666666666667,0.186,0,0,0,0.02209382812342442,0.3133970049522213,0.6866029950477788,0.7,0.30000000000000004,1.051832779830949,irreversible
0.45,0.2,2,0.11572303628824668,0.09019289166621115,0.025530144622035525,0.034666666666666665,0.03933333333333333,0.004666666666666666,0,0,0,0.021078674462537306,0.14070240603595668,0.8592975939640433,0.8833333333333333,0.1166666666666667,0.9835134634528855,irreversible
0.45,0.2,3,0.14112596171043246,0.116637729003999,0.024488232706433452,0.11133333333333334,0.05533333333333333,0.05600000000000001,0,0,0,0.01660651766859711,0.20211624630422506,0.7978837536957749,0.7166666666666667,0.2833333333333333,1.1013391452057166,irreversible
0.45,0.2,4,0.23345303955675945,0.24520413876993083,0.011751099213171384,0.17333333333333334,0.19666666666666666,0.023333333333333317,0,0,0,0.01810989112517447,0.31337121023816317,0.6866287897618368,0.45,0.55,1.245399897898463,irreversible
0.45,0.2,5,0.19181569773149673,0.17035358934062036,0.021462108390876367,0.20266666666666666,0.16,0.04266666666666666,0,0,0,0.019288153457760138,0.3105192072817527,0.6894807927182474,0.7166666666666667,0.2833333333333333,0.9888463198159665,irreversible
0.45,0.2,6,0.09632909870999433,0.09960810286228286,0.003279004152288531,0.04533333333333334,0.04,0.005333333333333336,0,0,0,0.0214311705939928,0.0728380878003581,0.927161912199642,0.7166666666666667,0.2833333333333333,1.2126483299043807,irreversible
0.45,0.2,7,0.29305807211636,0.29582832758054955,0.002770255464189575,0.37133333333333335,0.44666666666666666,0.07533333333333331,0,0,0,0.02295582617563563,0.4231299830184258,0.5768700169815741,0.4666666666666667,0.5333333333333333,1.1297292475142882,irreversible
0.45,0.2,8,0.10426618912369136,0.15273156534972407,0.04846537622603271,0.03866666666666667,0.09466666666666666,0.055999999999999994,0,0,0,0.02222273995200541,0.14168198728600687,0.8583180127139931,0.7333333333333333,0.2666666666666667,1.151101023437168,irreversible
0.45,0.2,9,0.09379457545789516,0.17151453227346633,0.07771995681557117,0.042666666666666665,0.10466666666666667,0.062000000000000006,0,0,0,0.018187698023347854,0.20510884451452105,0.794891155485479,0.38333333333333336,0.6166666666666667,1.4464878113560384,irreversible
0.45,0.2,10,0.1970976836065904,0.16376964011191708,0.03332804349467333,0.11533333333333333,0.11333333333333333,0.0020000000000000018,0,0,0,0.019247186053557908,0.22325602600455277,0.7767439739954473,0.48333333333333334,0.5166666666666666,1.3022426515357821,irreversible
0.45,0.2,11,0.18172002299074358,0.22009540706422853,0.03837538407348495,0.14466666666666667,0.222,0.07733333333333334,0,0,0,0.019202771093093873,0.2600379435219654,0.7399620564780346,0.7833333333333333,0.21666666666666667,0.9855559024964058,irreversible
0.45,0.2,12,0.12055301923014701,0.0990557781414516,0.021497241088695412,0.07666666666666666,0.04466666666666667,0.031999999999999994,0,0,0,0.019693681911027383,0.07134469635754011,0.9286553036424599,0.8333333333333334,0.16666666666666663,1.1086962805813005,irreversible
0.45,0.2,13,0.09458638799487479,0.10124968525015614,0.00666329725528135,0.05266666666666667,0.06333333333333334,0.010666666666666672,0,0,0,0.018400621743477563,0.18390492092918354,0.8160950790708165,0.9666666666666667,0.033333333333333326,0.8537609033846368,irreversible
0.45,0.2,14,0.1587364685409311,0.1182586980532706,0.04047777048766049,0.10333333333333333,0.07666666666666666,0.026666666666666672,0,0,0,0.017822918794434872,0.08666432255215871,0.9133356774478413,0.85,0.15000000000000002,1.080121786736423,irreversible
0.45,0.2,15,0.15082940603918582,0.1703860664825534,0.01955666044336757,0.13933333333333334,0.168,0.028666666666666674,0,0,0,0.021030983863888464,0.34852765673335584,0.6514723432666442,0.7166666666666667,0.2833333333333333,0.9468615083774861,irreversible
0.45,0.2,16,0.14835384374317404,0.14255134047227674,0.005802503270897291,0.08533333333333333,0.06866666666666667,0.016666666666666663,0,0,0,0.019762566257660485,0.26208159790688923,0.7379184020931108,0.65,0.35,1.0935356945775017,irreversible
0.45,0.2,17,0.20288428167870928,0.19288415354668476,0.010000128132024527,0.11266666666666666,0.12866666666666668,0.016000000000000014,0,0,0,0.02041849490494585,0.43437644100377726,0.5656235589962227,0.7166666666666667,0.2833333333333333,0.8554569243625622,irreversible
0.45,0.2,18,0.13531330105029227,0.19242088445238395,0.05710758340209168,0.04533333333333334,0.13866666666666666,0.09333333333333332,0,0,0,0.020710169321628502,0.29536184876378124,0.7046381512362188,0.6333333333333333,0.3666666666666667,1.1089150470867417,irreversible
0.45,0.2,19,0.125228542981456,0.09319891327914098,0.032029629702315016,0.048,0.058666666666666666,0.010666666666666665,0,0,0,0.018997841239258295,0.10503065800962309,0.8949693419903769,0.8333333333333334,0.16666666666666663,1.0723100827492889,irreversible
0.45,0.3,0,0.1075882913277093,0.09176573453261841,0.015822556795090897,0.046,0.04133333333333333,0.004666666666666666,0,0,0,0.04491957961568338,0.14827185145409605,0.851728148545904,0.8,0.19999999999999996,1.0568504544113433,irreversible
0.45,0.3,1,0.21439375377561964,0.14627484912573746,0.06811890464988218,0.24666666666666667,0.048666666666666664,0.198,0,0,0,0.04905571508536821,0.31632389752104645,0.6836761024789535,0.6666666666666666,0.33333333333333337,1.0835391619747576,irreversible
0.45,0.3,2,0.11572303628824668,0.09820580875808534,0.01751722753016134,0.034666666666666665,0.035333333333333335,0.0006666666666666696,0,0,0,0.04686935264896541,0.09580420628309311,0.904195793716907,0.8666666666666667,0.1333333333333333,1.0420751005994473,irreversible
0.45,0.3,3,0.14112596171043246,0.11427793682319919,0.02684802488723327,0.11133333333333334,0.064,0.04733333333333334,0,0,0,0.037010886385621666,0.1691002158661924,0.8308997841338076,0.75,0.25,1.0994451236889493,irreversible
0.45,0.3,4,0.23345303955675945,0.24460524255391028,0.011152202997150834,0.17333333333333334,0.212,0.038666666666666655,0,0,0,0.04033879710526955,0.30984595854773533,0.6901540414522647,0.55,0.44999999999999996,1.152608758868219,irreversible
0.45,0.3,5,0.19181569773149673,0.1750818824984486,0.01673381523304812,0.20266666666666666,0.11266666666666666,0.09,0,0,0,0.04290546087307101,0.2859890730052137,0.7140109269947863,0.75,0.25,0.9906943808030483,irreversible
0.45,0.3,6,0.09632909870999433,0.11298457191742205,0.016655473207427718,0.04533333333333334,0.07333333333333333,0.027999999999999997,0,0,0,0.04757620097962545,0.09876735769769363,0.9012326423023064,0.7,0.30000000000000004,1.2123965106041634,irreversible
0.45,0.3,7,0.29305807211636,0.3001253936053979,0.0070673214890379366,0.37133333333333335,0.5,0.12866666666666665,0,0,0,0.0509654938033971,0.42846661551960147,0.5715333844803985,0.48333333333333334,0.5166666666666666,1.1221335481859913,irreversible
0.45,0.3,8,0.10426618912369136,0.1439711011441069,0.03970491202041555,0.03866666666666667,0.094,0.05533333333333333,0,0,0,0.04932491169818787,0.15458705096061517,0.8454129490393848,0.65,0.35,1.219172510377822,irreversible
0.45,0.3,9,0.09379457545789516,0.1747428421296279,0.08094826667173274,0.042666666666666665,0.12066666666666667,0.07800000000000001,0,0,0,0.04043632998506097,0.21752474716819295,0.7824752528318071,0.38333333333333336,0.6166666666666667,1.438878986166407,irreversible
0.45,0.3,10,0.1970976836065904,0.1702000788596956,0.026897604746894815,0.11533333333333333,0.08733333333333333,0.027999999999999997,0,0,0,0.04280687287122964,0.22486694979358465,0.7751330502064153,0.5333333333333333,0.4666666666666667,1.2555241180598058,irreversible
0.45,0.3,11,0.18172002299074358,0.226341341045723,0.04462131805497943,0.14466666666666667,0.226,0.08133333333333334,0,0,0,0.04270669406900163,0.2560780903439155,0.7439219096560845,0.7833333333333333,0.21666666666666667,0.9920772391698294,irreversible
0.45,0.3,12,0.12055301923014701,0.09482052535237513,0.025732493877771878,0.07666666666666666,0.05466666666666667,0.021999999999999992,0,0,0,0.043762203751507744,0.06370639133222197,0.936293608667778,0.8833333333333333,0.1166666666666667,1.0648933988038878,irreversible
0.45,0.3,13,0.09458638799487479,0.10628369978879591,0.011697311793921125,0.05266666666666667,0.046,0.006666666666666668,0,0,0,0.04091397074266456,0.18376489507958915,0.8162351049204108,0.9666666666666667,0.033333333333333326,0.8541594328688912,irreversible
0.45,0.3,14,0.1587364685409311,0.12555285219076062,0.033183616350170475,0.10333333333333333,0.059333333333333335,0.044,0,0,0,0.039658121293117965,0.03381128948616675,0.9661887105138333,0.8333333333333334,0.16666666666666663,1.1521512812680423,irreversible
0.45,0.3,15,0.15082940603918582,0.1676863635533937,0.016856957514207876,0.13933333333333334,0.18533333333333332,0.045999999999999985,0,0,0,0.04665332075894657,0.3655179334074701,0.6344820665925299,0.7333333333333333,0.2666666666666667,0.9168629726377485,irreversible
0.45,0.3,16,0.14835384374317404,0.14035540407663571,0.00799843966653832,0.08533333333333333,0.07333333333333333,0.011999999999999997,0,0,0,0.04385319866641246,0.2452516246537456,0.7547483753462544,0.6333333333333333,0.3666666666666667,1.1264146519295555,irreversible
0.45,0.3,17,0.20288428167870928,0.18975653700593156,0.01312774467277772,0.11266666666666666,0.112,0.0006666666666666626,0,0,0,0.045336698142943166,0.4284006638027849,0.5715993361972151,0.7166666666666667,0.2833333333333333,0.8583812723654095,irreversible
0.45,0.3,18,0.13531330105029227,0.19210684375892645,0.05679354270863418,0.04533333333333334,0.13,0.08466666666666667,0,0,0,0.04592561741286427,0.29580752613784345,0.7041924738621566,0.6166666666666667,0.3833333333333333,1.1228908595393152,irreversible
0.45,0.3,19,0.125228542981456,0.08993712171543111,0.035291421266024886,0.048,0.04066666666666666,0.0073333333333333375,0,0,0,0.04228468101897398,0.1272719313128945,0.8727280686871055,0.8333333333333334,0.16666666666666663,1.0500509240036118,irreversible
0.45,0.4,0,0.1075882913277093,0.09856344756756567,0.009024843760143633,0.046,0.05333333333333334,0.0073333333333333375,0,0,0,0.078596769228518,0.15819905275469026,0.8418009472453097,0.8,0.19999999999999996,1.0458904915186789,irreversible
0.45,0.4,1,0.21439375377561964,0.13121557709384538,0.08317817668177427,0.24666666666666667,0.07666666666666666,0.17,0,0,0,0.08561117446767541,0.28145525478560507,0.7185447452143949,0.7166666666666667,0.2833333333333333,1.065172622718172,irreversible
0.45,0.4,2,0.11572303628824668,0.10265414430648319,0.013068891981763489,0.034666666666666665,0.06733333333333333,0.03266666666666666,0,0,0,0.08195835964297293,0.0813600180646485,0.9186399819353515,0.9,0.09999999999999998,1.0300738715974591,irreversible
0.45,0.4,3,0.14112596171043246,0.11185269944385896,0.029273262266573494,0.11133333333333334,0.058666666666666666,0.052666666666666674,0,0,0,0.06492912668400885,0.09747481149884922,0.9025251885011508,0.7833333333333333,0.21666666666666667,1.1396768374011277,irreversible
0.45,0.4,4,0.23345303955675945,0.25383406158685096,0.02038102203009151,0.17333333333333334,0.204,0.030666666666666648,0,0,0,0.07071109653724983,0.2979031864363804,0.7020968135636196,0.5,0.5,1.2148587357378093,irreversible
0.45,0.4,5,0.19181569773149673,0.19494300610680568,0.003127308375308946,0.20266666666666666,0.17466666666666666,0.027999999999999997,0,0,0,0.0750690014097507,0.31152143807689864,0.6884785619231013,0.7166666666666667,0.2833333333333333,0.9795937223502619,irreversible
0.45,0.4,6,0.09632909870999433,0.11489913302844668,0.018570034318452347,0.04533333333333334,0.06666666666666667,0.02133333333333333,0,0,0,0.08301100111133863,0.0934463639393332,0.9065536360606667,0.7,0.30000000000000004,1.2165294779736133,irreversible
0.45,0.4,7,0.29305807211636,0.30115106233334465,0.008092990216984675,0.37133333333333335,0.484,0.11266666666666664,0,0,0,0.08893318175785403,0.4235383538148455,0.5764616461851545,0.48333333333333334,0.5166666666666666,1.1233182270727338,irreversible
0.45,0.4,8,0.10426618912369136,0.14824355410812898,0.04397736498443762,0.03866666666666667,0.05533333333333333,0.016666666666666663,0,0,0,0.08603765836187849,0.18070262610870028,0.8192973738912998,0.6833333333333333,0.31666666666666665,1.1511250484707423,irreversible
0.45,0.4,9,0.09379457545789516,0.1724021439109278,0.07860756845303266,0.042666666666666665,0.10533333333333333,0.06266666666666668,0,0,0,0.07069990312459717,0.22062835898145894,0.7793716410185411,0.4666666666666667,0.5333333333333333,1.3480235331317993,irreversible
0.45,0.4,10,0.1970976836065904,0.17145320566506317,0.025644477941527244,0.11533333333333333,0.114,0.0013333333333333253,0,0,0,0.07487908239870322,0.2231835033526961,0.7768164966473039,0.5166666666666667,0.4833333333333333,1.2668942827993523,irreversible
0.45,0.4,11,0.18172002299074358,0.2270675985618163,0.04534757557107272,0.14466666666666667,0.2833333333333333,0.13866666666666666,0,0,0,0.07470227106958927,0.25736976590800803,0.7426302340919919,0.7833333333333333,0.21666666666666667,1.0053004613180934,irreversible
0.45,0.4,12,0.12055301923014701,0.0975167293962049,0.02303628983394211,0.07666666666666666,0.038,0.03866666666666666,0,0,0,0.07646068187257193,0.09432711911022557,0.9056728808897745,0.9,0.09999999999999998,1.0210986200149268,irreversible
0.45,0.4,13,0.09458638799487479,0.11397315020699618,0.01938676221212139,0.05266666666666667,0.082,0.029333333333333336,0,0,0,0.071544980527114,0.26327428362529887,0.7367257163747012,0.9166666666666666,0.08333333333333337,0.8322390735943982,irreversible
0.45,0.4,14,0.1587364685409311,0.13876581165584004,0.01997065688509106,0.10333333333333333,0.06933333333333333,0.034,0,0,0,0.0694192131554271,0.04045309571295842,0.9595469042870416,0.8333333333333334,0.16666666666666663,1.139706235174981,irreversible
0.45,0.4,15,0.15082940603918582,0.17372253435823704,0.022893128319051215,0.13933333333333334,0.186,0.04666666666666666,0,0,0,0.08131708391445913,0.36542608879931776,0.6345739112006823,0.7333333333333333,0.2666666666666667,0.9186305266137785,irreversible
0.45,0.4,16,0.14835384374317404,0.13131952469550714,0.01703431904766689,0.08533333333333333,0.066,0.019333333333333327,0,0,0,0.07647264166529855,0.2049483453589234,0.7950516546410766,0.65,0.35,1.1541435677363265,irreversible
0.45,0.4,17,0.20288428167870928,0.18636668011040067,0.016517601568308615,0.11266666666666666,0.092,0.020666666666666667,0,0,0,0.0791239878765776,0.3696650547286282,0.6303349452713718,0.7333333333333333,0.2666666666666667,0.9062976789967823,irreversible
0.45,0.4,18,0.13531330105029227,0.192753656050739,0.057440355000446724,0.04533333333333334,0.08533333333333333,0.039999999999999994,0,0,0,0.08001237482224277,0.2995048462876241,0.7004951537123759,0.6166666666666667,0.3833333333333333,1.1081885757958208,irreversible
0.45,0.4,19,0.125228542981456,0.08802300481380589,0.03720553816765011,0.048,0.04066666666666666,0.0073333333333333375,0,0,0,0.07404470506928251,0.13870013052626304,0.8612998694737369,0.8333333333333334,0.16666666666666663,1.0391012540156495,irreversible
0.45,0.5,0,0.1075882913277093,0.11271662985590501,0.005128338528195706,0.046,0.08533333333333333,0.03933333333333333,0,0,0,0.12033069666070473,0.12550250783113692,0.8744974921688631,0.7833333333333333,0.21666666666666667,1.102279576800912,irreversible
0.45,0.5,1,0.21439375377561964,0.14906866560136378,0.06532508817425586,0.24666666666666667,0.062,0.18466666666666667,0,0,0,0.13063955510002467,0.2647431256980236,0.7352568743019764,0.7333333333333333,0.2666666666666667,1.0644214796788738,irreversible
0.45,0.5,2,0.11572303628824668,0.11288206458721528,0.0028409717010313973,0.034666666666666665,0.05466666666666667,0.020000000000000004,0,0,0,0.12537838721291605,0.07129071081265337,0.9287092891873466,0.8333333333333334,0.16666666666666663,1.101086198779271,irreversible
0.45,0.5,3,0.14112596171043246,0.10405795794989882,0.03706800376053364,0.11133333333333334,0.048,0.06333333333333334,0,0,0,0.09974093526391925,0.11933471286455215,0.8806652871354479,0.7333333333333333,0.2666666666666667,1.1724322880755813,irreversible
0.45,0.5,4,0.23345303955675945,0.25800770616290414,0.024554666606144693,0.17333333333333334,0.31933333333333336,0.14600000000000002,0,0,0,0.10851013231817641,0.2869818196203858,0.7130181803796142,0.5333333333333333,0.4666666666666667,1.222323513697817,irreversible
0.45,0.5,5,0.19181569773149673,0.19933567639930588,0.007519978667809152,0.20266666666666666,0.23,0.02733333333333335,0,0,0,0.11492066500086584,0.33280845032137146,0.6671915496786285,0.7166666666666667,0.2833333333333333,0.9592382110122475,irreversible
0.45,0.5,6,0.09632909870999433,0.12357065106708418,0.027241552357089846,0.04533333333333334,0.09133333333333334,0.046,0,0,0,0.12664078909907894,0.12732951795899514,0.8726704820410048,0.7166666666666667,0.2833333333333333,1.1743142034636107,irreversible
0.45,0.5,7,0.29305807211636,0.29654475590805557,0.0034866837916955884,0.37133333333333335,0.482,0.11066666666666664,0,0,0,0.1356854011947447,0.43187492678667955,0.5681250732133205,0.48333333333333334,0.5166666666666666,1.1133300774945778,irreversible
0.45,0.5,8,0.10426618912369136,0.14944089974228889,0.04517471061859753,0.03866666666666667,0.084,0.04533333333333334,0,0,0,0.1312008992810456,0.1973112472783885,0.8026887527216116,0.7,0.30000000000000004,1.1253157637095943,irreversible
0.45,0.5,9,0.09379457545789516,0.18552902350363829,0.09173444804574313,0.042666666666666665,0.12533333333333332,0.08266666666666667,0,0,0,0.1081434761672907,0.23543370461040672,0.7645662953895933,0.5333333333333333,0.4666666666666667,1.2748332407343623,irreversible
0.45,0.5,10,0.1970976836065904,0.1670096608254839,0.030088022781106505,0.11533333333333333,0.118,0.0026666666666666644,0,0,0,0.11459786559889451,0.22719966541034234,0.7728003345896577,0.6,0.4,1.1809890069516011,irreversible
0.45,0.5,11,0.18172002299074358,0.2190445099031672,0.03732448691242363,0.14466666666666667,0.24466666666666667,0.1,0,0,0,0.11432899370206262,0.2718970081576942,0.7281029918423059,0.7833333333333333,0.21666666666666667,0.9791007802370785,irreversible
0.45,0.5,12,0.12055301923014701,0.08698747557683172,0.033565543653315294,0.07666666666666666,0.06333333333333334,0.013333333333333322,0,0,0,0.11684978056724893,0.1217320296804066,0.8782679703195934,0.85,0.15000000000000002,1.0399926895662557,irreversible
0.45,0.5,13,0.09458638799487479,0.12443690694269899,0.0298505189478242,0.05266666666666667,0.092,0.03933333333333333,0,0,0,0.10945454337863159,0.21597217264381652,0.7840278273561835,0.9166666666666666,0.08333333333333337,0.8846571237598062,irreversible
0.45,0.5,14,0.1587364685409311,0.12620324771460395,0.03253322082632715,0.10333333333333333,0.08933333333333333,0.013999999999999999,0,0,0,0.10634090326647128,0.016594340986027883,0.9834056590139721,0.8333333333333334,0.16666666666666663,1.1617056308872205,irreversible
0.45,0.5,15,0.15082940603918582,0.17154851576220456,0.02071910972301874,0.13933333333333334,0.24333333333333335,0.10400000000000001,0,0,0,0.1238941505101453,0.37537949716557195,0.624620502834428,0.75,0.25,0.9058002802651828,irreversible
0.45,0.5,16,0.14835384374317404,0.132862318372859,0.015491525370315035,0.08533333333333333,0.058666666666666666,0.026666666666666665,0,0,0,0.11659172823971997,0.2058020914764996,0.7941979085235004,0.65,0.35,1.1547374565327457,irreversible
0.45,0.5,17,0.20288428167870928,0.18756489574581967,0.015319385932889618,0.11266666666666666,0.08466666666666667,0.027999999999999997,0,0,0,0.1207497832915988,0.3946094952796379,0.605390504720362,0.7166666666666667,0.2833333333333333,0.8995536845369178,irreversible
0.45,0.5,18,0.13531330105029227,0.19627732386525842,0.06096402281496616,0.04533333333333334,0.108,0.06266666666666666,0,0,0,0.1218425643847636,0.30121978233118696,0.698780217668813,0.6333333333333333,0.3666666666666667,1.0963545567058879,irreversible
0.45,0.5,19,0.125228542981456,0.09409456538254157,0.031133977598914425,0.048,0.048666666666666664,0.0006666666666666626,0,0,0,0.11347591667395573,0.13774198450281444,0.8622580154971855,0.8333333333333334,0.16666666666666663,1.0368748432302473,irreversible
0.45,0.6,0,0.1075882913277093,0.1083915059832867,0.0008032146555773945,0.046,0.05333333333333334,0.0073333333333333375,0,0,0,0.1690351016255488,0.049314756162877914,0.950685243837122,0.8166666666666667,0.18333333333333335,1.136052714167683,irreversible
0.45,0.6,1,0.21439375377561964,0.1578579661620293,0.05653578761359035,0.24666666666666667,0.10133333333333333,0.14533333333333334,0,0,0,0.18279593430765417,0.2262630038262055,0.7737369961737945,0.65,0.35,1.1742042764105256,irreversible
0.45,0.6,2,0.11572303628824668,0.09335480428316403,0.022368232005082644,0.034666666666666665,0.04666666666666667,0.012000000000000004,0,0,0,0.1759551704983523,0.06710280523191027,0.9328971947680897,0.8333333333333334,0.16666666666666663,1.1081559194360269,irreversible
0.45,0.6,3,0.14112596171043246,0.12249583072523973,0.018630130985192728,0.11133333333333334,0.072,0.039333333333333345,0,0,0,0.14068675175838763,0.21448828563741817,0.7855117143625818,0.7333333333333333,0.2666666666666667,1.0666692471088801,irreversible
0.45,0.6,4,0.23345303955675945,0.25894642530161643,0.02549338574485699,0.17333333333333334,0.30266666666666664,0.1293333333333333,0,0,0,0.15285794978753298,0.2833954908007445,0.7166045091992554,0.5,0.5,1.2553111889688031,irreversible
0.45,0.6,5,0.19181569773149673,0.16470135907440553,0.027114338657091203,0.20266666666666666,0.16133333333333333,0.04133333333333333,0,0,0,0.16141558093615416,0.26266681295642974,0.7373331870435702,0.7333333333333333,0.2666666666666667,1.021111771707843,irreversible
0.45,0.6,6,0.09632909870999433,0.1077951065282521,0.011466007818257767,0.04533333333333334,0.072,0.026666666666666658,0,0,0,0.17715685290420569,0.11908475843696244,0.8809152415630376,0.7666666666666667,0.23333333333333328,1.1237817435176018,irreversible
0.45,0.6,7,0.29305807211636,0.29430329054938403,0.0012452184330240534,0.37133333333333335,0.4053333333333333,0.033999999999999975,0,0,0,0.18981192657850976,0.43512404726877907,0.5648759527312209,0.5,0.5,1.073687257339477,irreversible
0.45,0.6,8,0.10426618912369136,0.1209136053645907,0.01664741624089934,0.03866666666666667,0.06466666666666666,0.025999999999999995,0,0,0,0.18341878788838462,0.1490929829881009,0.8509070170118991,0.7333333333333333,0.2666666666666667,1.1282355377387907,irreversible
0.45,0.6,9,0.09379457545789516,0.1797973870216616,0.08600281156376643,0.042666666666666665,0.12866666666666668,0.08600000000000002,0,0,0,0.1517608526678481,0.18480410408048173,0.8151958959195182,0.6666666666666666,0.33333333333333337,1.1915299321437933,irreversible
0.45,0.6,10,0.1970976836065904,0.16664428080076496,0.030453402805825452,0.11533333333333333,0.12466666666666666,0.009333333333333332,0,0,0,0.16091203107090957,0.21453495318754168,0.7854650468124583,0.6166666666666667,0.3833333333333333,1.1787450641805812,irreversible
0.45,0.6,11,0.18172002299074358,0.22177187831379222,0.04005185532304864,0.14466666666666667,0.23933333333333334,0.09466666666666668,0,0,0,0.1605477573456061,0.30407297672980693,0.6959270232701931,0.7833333333333333,0.21666666666666667,0.9462733204342885,irreversible
0.45,0.6,12,0.12055301923014701,0.08601182387787035,0.03454119535227666,0.07666666666666666,0.036,0.04066666666666666,0,0,0,0.16380075062216648,0.12954313534266806,0.870456864657332,0.85,0.15000000000000002,1.0392588301620678,irreversible
0.45,0.6,13,0.09458638799487479,0.11950547217517506,0.02491908418030027,0.05266666666666667,0.074,0.02133333333333333,0,0,0,0.15362989293676166,0.19148389051783732,0.8085161094821627,0.9333333333333333,0.06666666666666665,0.8867458805272377,irreversible
0.45,0.6,14,0.1587364685409311,0.11603963403090028,0.04269683451003081,0.10333333333333333,0.06666666666666667,0.03666666666666667,0,0,0,0.14949773844743808,0.0896442379353385,0.9103557620646615,0.8333333333333334,0.16666666666666663,1.0968633040255027,irreversible
0.45,0.6,15,0.15082940603918582,0.15291700527907448,0.00208759923988866,0.13933333333333334,0.12266666666666666,0.016666666666666677,0,0,0,0.17304121991015198,0.3662993153876912,0.6337006846123088,0.75,0.25,0.8883892510889476,irreversible
0.45,0.6,16,0.14835384374317404,0.12713971381847258,0.021214129924701453,0.08533333333333333,0.05466666666666667,0.03066666666666666,0,0,0,0.16299225377376203,0.19390883293199182,0.8060911670680082,0.6833333333333333,0.31666666666666665,1.135728032882517,irreversible
0.45,0.6,17,0.20288428167870928,0.19395431061381224,0.008929971064897041,0.11266666666666666,0.07533333333333334,0.03733333333333333,0,0,0,0.16898054287260322,0.41681645796752564,0.5831835420324744,0.7166666666666667,0.2833333333333333,0.8780827014653653,irreversible
0.45,0.6,18,0.13531330105029227,0.1956281095297674,0.060314808479475124,0.04533333333333334,0.13266666666666665,0.08733333333333332,0,0,0,0.17008288002199068,0.2779877482328199,0.7220122517671801,0.6333333333333333,0.3666666666666667,1.125590953887049,irreversible
0.45,0.6,19,0.125228542981456,0.0954100747615574,0.0298184682198986,0.048,0.046,0.0020000000000000018,0,0,0,0.15960148961079312,0.14179300899166167,0.8582069910083383,0.8333333333333334,0.16666666666666663,1.0328282747299797,irreversible
0.45,0.7,0,0.1075882913277093,0.10739448365475766,0.00019380767295164303,0.046,0.06466666666666666,0.018666666666666665,0,0,0,0.22347411786755633,0.01362817641631482,0.9863718235836851,0.8,0.19999999999999996,1.1910869421685897,irreversible
0.45,0.7,1,0.21439375377561964,0.15589204786542166,0.05850170591019799,0.24666666666666667,0.10066666666666667,0.14600000000000002,0,0,0,0.24057493509390515,0.1943099706421727,0.8056900293578273,0.65,0.35,1.2068154558353767,irreversible
0.45,0.7,2,0.11572303628824668,0.08432412449407914,0.03139891179416754,0.034666666666666665,0.036,0.0013333333333333322,0,0,0,0.23235462764065717,0.05446680895243568,0.9455331910475643,0.8666666666666667,0.1333333333333333,1.0870495856627727,irreversible
0.45,0.7,3,0.14112596171043246,0.1062645130436665,0.03486144866676595,0.11133333333333334,0.04733333333333333,0.064,0,0,0,0.18689383951303928,0.13630867018942727,0.8636913298105727,0.7333333333333333,0.2666666666666667,1.155073358643931,irreversible
0.45,0.7,4,0.23345303955675945,0.26879408336090904,0.0353410438041496,0.17333333333333334,0.286,0.11266666666666664,0,0,0,0.20274525621965345,0.30809052297844663,0.6919094770215534,0.5,0.5,1.2289114046392573,irreversible
0.45,0.7,5,0.19181569773149673,0.15526292642274686,0.03655277130874987,0.20266666666666666,0.09866666666666667,0.104,0,0,0,0.21336185078483927,0.20979482713061987,0.7902051728693802,0.7166666666666667,0.2833333333333333,1.108676699029901,irreversible
0.45,0.7,6,0.09632909870999433,0.08678951747422216,0.009539581235772171,0.04533333333333334,0.03666666666666667,0.00866666666666667,0,0,0,0.23310068001676498,0.08444561056592936,0.9155543894340706,0.8666666666666667,0.1333333333333333,1.0534392847430136,irreversible
0.45,0.7,7,0.29305807211636,0.28762186163560516,0.005436210480754822,0.37133333333333335,0.386,0.014666666666666661,0,0,0,0.2497316123459521,0.3993359504746454,0.6006640495253546,0.5,0.5,1.10568976881221,irreversible
0.45,0.7,8,0.10426618912369136,0.11942709670167484,0.015160907577983482,0.03866666666666667,0.03933333333333333,0.0006666666666666626,0,0,0,0.2411237405712664,0.13776069944205832,0.8622393005579416,0.7333333333333333,0.2666666666666667,1.132862860785771,irreversible
0.45,0.7,9,0.09379457545789516,0.17917865414407735,0.0853840786861822,0.042666666666666665,0.12066666666666667,0.07800000000000001,0,0,0,0.200419174545991,0.15340835958533725,0.8465916404146627,0.75,0.25,1.1374376600862084,irreversible
0.45,0.7,10,0.1970976836065904,0.17115286663976967,0.025944816966820744,0.11533333333333333,0.09733333333333333,0.018000000000000002,0,0,0,0.21262724847223147,0.20967503637336263,0.7903249636266374,0.6,0.4,1.2013111678683426,irreversible
0.45,0.7,11,0.18172002299074358,0.23137363781820883,0.04965361482746525,0.14466666666666667,0.338,0.19333333333333336,0,0,0,0.21218574341148344,0.3579275213975453,0.6420724786024548,0.8,0.19999999999999996,0.9028192156426543,irreversible
0.45,0.7,12,0.12055301923014701,0.09806664127691833,0.02248637795322868,0.07666666666666666,0.05466666666666667,0.021999999999999992,0,0,0,0.21604782622402663,0.15640693974315767,0.8435930602568423,0.8166666666666667,0.18333333333333335,1.0380479880784828,irreversible
0.45,0.7,13,0.09458638799487479,0.11378354824400913,0.019197160249134343,0.05266666666666667,0.059333333333333335,0.006666666666666668,0,0,0,0.20292863866700206,0.20179879559304337,0.7982012044069566,0.95,0.050000000000000044,0.854667161135907,irreversible
0.45,0.7,14,0.1587364685409311,0.11948079142096409,0.03925567711996701,0.10333333333333333,0.098,0.005333333333333329,0,0,0,0.19784328393886808,0.015081393799899383,0.9849186062001006,0.8333333333333334,0.16666666666666663,1.1627325254800924,irreversible
0.45,0.7,15,0.15082940603918582,0.13180868543511165,0.01902072060407417,0.13933333333333334,0.098,0.04133333333333333,0,0,0,0.2272697277063237,0.31506097150448176,0.6849390284955182,0.75,0.25,0.95002754197987,irreversible
0.45,0.7,16,0.14835384374317404,0.1155599940857598,0.032793849657414234,0.08533333333333333,0.056,0.02933333333333333,0,0,0,0.21433439168764057,0.16738610159825584,0.8326138984017442,0.7333333333333333,0.2666666666666667,1.114812360816098,irreversible
0.45,0.7,17,0.20288428167870928,0.19903962645249196,0.003844655226217325,0.11266666666666666,0.128,0.015333333333333338,0,0,0,0.22243987785149633,0.4039258972909918,0.5960741027090082,0.7166666666666667,0.2833333333333333,0.8842019331822292,irreversible
0.45,0.7,18,0.13531330105029227,0.186721774164791,0.051408473114498726,0.04533333333333334,0.122,0.07666666666666666,0,0,0,0.2232697716886478,0.2780992833578011,0.7219007166421989,0.6333333333333333,0.3666666666666667,1.1205861682541571,irreversible
0.45,0.7,19,0.125228542981456,0.10620272374869061,0.01902581923276539,0.048,0.08466666666666667,0.03666666666666667,0,0,0,0.21130679791920737,0.15148339995657775,0.8485166000434222,0.8333333333333334,0.16666666666666663,1.029106388184947,irreversible
0.45,0.8,0,0.1075882913277093,0.11793520995923414,0.010346918631524829,0.046,0.06266666666666666,0.016666666666666663,0,0,0,0.28230978332219914,0.07484236436982822,0.9251576356301718,0.7833333333333333,0.21666666666666667,1.1485776986213863,irreversible
0.45,0.8,1,0.21439375377561964,0.14324246914263766,0.07115128463298198,0.24666666666666667,0.08866666666666667,0.158,0,0,0,0.3023803935167242,0.19995083424206148,0.8000491657579385,0.65,0.35,1.207336986916184,irreversible
0.45,0.8,2,0.11572303628824668,0.07916038262334824,0.03656265366489844,0.034666666666666665,0.03333333333333333,0.0013333333333333322,0,0,0,0.29313535743470653,0.06936791973235933,0.9306320802676407,0.85,0.15000000000000002,1.0901060770171984,irreversible
0.45,0.8,3,0.14112596171043246,0.1339314240758415,0.007194537634590964,0.11133333333333334,0.08133333333333333,0.030000000000000013,0,0,0,0.23740565444346806,0.20293207421652798,0.7970679257834721,0.75,0.25,1.05636656019212,irreversible
0.45,0.8,4,0.23345303955675945,0.2714250640392856,0.03797202448252618,0.17333333333333334,0.30933333333333335,0.136,0,0,0,0.25706527333908047,0.3073765336769884,0.6926234663230115,0.5,0.5,1.236116472443643,irreversible
0.45,0.8,5,0.19181569773149673,0.13869217911393616,0.05312351861756057,0.20266666666666666,0.08666666666666667,0.11599999999999999,0,0,0,0.26946486824883586,0.19484445124478256,0.8051555487552174,0.7333333333333333,0.2666666666666667,1.1141030950762743,irreversible
0.45,0.8,6,0.09632909870999433,0.07798602964113806,0.01834306906885627,0.04533333333333334,0.04133333333333333,0.0040000000000000036,0,0,0,0.2929323807861649,0.02625325790607971,0.9737467420939203,0.8666666666666667,0.1333333333333333,1.1126658426944676,irreversible
0.45,0.8,7,0.29305807211636,0.2833451291553202,0.009712942961039805,0.37133333333333335,0.428,0.05666666666666664,0,0,0,0.3137645108385745,0.37812235349881046,0.6218776465011895,0.48333333333333334,0.5166666666666666,1.1551392155747826,irreversible
0.45,0.8,8,0.10426618912369136,0.12790563600148006,0.023639446877788697,0.03866666666666667,0.07133333333333333,0.03266666666666666,0,0,0,0.30264676987830474,0.12396171659328867,0.8760382834067113,0.7166666666666667,0.2833333333333333,1.1734481451261582,irreversible
0.45,0.8,9,0.09379457545789516,0.18154304691773313,0.08774847145983797,0.042666666666666665,0.13066666666666665,0.088,0,0,0,0.2529074120190332,0.13056010992600825,0.8694398900739917,0.6833333333333333,0.31666666666666665,1.2300436746056178,irreversible
0.45,0.8,10,0.1970976836065904,0.16764691594996298,0.029450767656627436,0.11533333333333333,0.08866666666666667,0.026666666666666658,0,0,0,0.26845283135329534,0.18053792194020632,0.8194620780597937,0.6666666666666666,0.33333333333333337,1.1668247699739505,irreversible
0.45,0.8,11,0.18172002299074358,0.22290549984541255,0.04118547685466897,0.14466666666666667,0.2906666666666667,0.14600000000000002,0,0,0,0.2679855568226027,0.35787780203327446,0.6421221979667255,0.8,0.19999999999999996,0.8889185671803927,irreversible
0.45,0.8,12,0.12055301923014701,0.11058530627526666,0.009967712954880345,0.07666666666666666,0.04533333333333334,0.031333333333333324,0,0,0,0.27224519597628294,0.19231777387977447,0.8076822261202256,0.8,0.19999999999999996,1.0180074876922791,irreversible
0.45,0.8,13,0.09458638799487479,0.11839738613464329,0.023810998139768502,0.05266666666666667,0.066,0.013333333333333336,0,0,0,0.2561269155203816,0.17332059158249236,0.8266794084175076,0.95,0.050000000000000044,0.8859654912857831,irreversible
0.45,0.8,14,0.1587364685409311,0.11551330318021331,0.04322316536071778,0.10333333333333333,0.078,0.025333333333333333,0,0,0,0.25025318599816815,0.028013103583346733,0.9719868964166533,0.8,0.19999999999999996,1.189126021090166,irreversible
0.45,0.8,15,0.15082940603918582,0.11195769380655125,0.03887171223263457,0.13933333333333334,0.04933333333333333,0.09,0,0,0,0.28502069209065395,0.26915558193494576,0.7308444180650542,0.75,0.25,1.0130623461232129,irreversible
0.45,0.8,16,0.14835384374317404,0.11916706846003304,0.029186775283140995,0.08533333333333333,0.06066666666666667,0.024666666666666663,0,0,0,0.2692276120484055,0.18536876116439333,0.8146312388356067,0.7333333333333333,0.2666666666666667,1.0947612659897252,irreversible
0.45,0.8,17,0.20288428167870928,0.1961907299554207,0.006693551723288588,0.11266666666666666,0.10266666666666667,0.009999999999999995,0,0,0,0.279673379802743,0.4094160321797668,0.5905839678202331,0.7166666666666667,0.2833333333333333,0.8780906890843886,irreversible
0.45,0.8,18,0.13531330105029227,0.17536621569509586,0.040052914644803594,0.04533333333333334,0.102,0.05666666666666666,0,0,0,0.27988870702187263,0.26975396327310464,0.7302460367268954,0.65,0.35,1.104425932054763,irreversible
0.45,0.8,19,0.125228542981456,0.11397345526693738,0.011255087714518622,0.048,0.042666666666666665,0.005333333333333336,0,0,0,0.2673808214540693,0.16269324522707362,0.8373067547729264,0.8333333333333334,0.16666666666666663,1.008120526701556,irreversible
0.45,0.9,0,0.1075882913277093,0.11327695604727936,0.005688664719570052,0.046,0.058,0.012000000000000004,0,0,0,0.34415194568358665,0.059582597245426944,0.9404174027545731,0.8,0.19999999999999996,1.1448395689344655,irreversible
0.45,0.9,1,0.21439375377561964,0.13500699962067822,0.07938675415494142,0.24666666666666667,0.07266666666666667,0.174,0,0,0,0.36659678277522656,0.22110610475485207,0.778893895245148,0.6166666666666667,0.3833333333333333,1.2255739171172166,irreversible
0.45,0.9,2,0.11572303628824668,0.08530103563922088,0.030422000649025796,0.034666666666666665,0.019333333333333334,0.01533333333333333,0,0,0,0.35680389314978145,0.08624000326081711,0.9137599967391828,0.85,0.15000000000000002,1.0751988302347726,irreversible
0.45,0.9,3,0.14112596171043246,0.15092125207860504,0.009795290368172588,0.11133333333333334,0.11066666666666666,0.0006666666666666765,0,0,0,0.29121320719538846,0.18339720350107652,0.8166027964989235,0.75,0.25,1.0692182857576333,irreversible
0.45,0.9,4,0.23345303955675945,0.2742668625797028,0.04081382302294334,0.17333333333333334,0.2926666666666667,0.11933333333333335,0,0,0,0.31465004432663024,0.3090982727222824,0.6909017272777176,0.48333333333333334,0.5166666666666666,1.2476051830334534,irreversible
0.45,0.9,5,0.19181569773149673,0.17409862492782152,0.01771707280367521,0.20266666666666666,0.11533333333333333,0.08733333333333333,0,0,0,0.32837406531701563,0.22846763821713695,0.7715323617828631,0.5833333333333334,0.41666666666666663,1.214461629983782,irreversible
0.45,0.9,6,0.09632909870999433,0.07480065083297126,0.02152844787702307,0.04533333333333334,0.035333333333333335,0.010000000000000002,0,0,0,0.3550989395108479,0.018080341516112746,0.9819196584838873,0.8666666666666667,0.1333333333333333,1.1231351037864765,irreversible
0.45,0.9,7,0.29305807211636,0.2924551745916921,0.0006028975246678558,0.37133333333333335,0.36933333333333335,0.0020000000000000018,0,0,0,0.38020617485138775,0.37182683859035787,0.6281731614096422,0.48333333333333334,0.5166666666666666,1.1454905524574757,irreversible
0.45,0.9,8,0.10426618912369136,0.12428528510734871,0.02001909598365735,0.03866666666666667,0.08533333333333333,0.04666666666666666,0,0,0,0.3662902551220857,0.11985129236800497,0.880148707631995,0.7166666666666667,0.2833333333333333,1.1801534816279093,irreversible
0.45,0.9,9,0.09379457545789516,0.17042426183480858,0.07662968637691342,0.042666666666666665,0.132,0.08933333333333335,0,0,0,0.3079858292773926,0.08333326796537616,0.9166667320346238,0.75,0.25,1.2081574869621854,irreversible
0.45,0.9,10,0.1970976836065904,0.15570209709526936,0.04139558651132105,0.11533333333333333,0.09466666666666666,0.020666666666666667,0,0,0,0.32705085886181484,0.17029618330760163,0.8297038166923983,0.7,0.30000000000000004,1.1452193799868953,irreversible
0.45,0.9,11,0.18172002299074358,0.21756244353499066,0.03584242054424708,0.14466666666666667,0.20666666666666667,0.062,0,0,0,0.3266558027137042,0.37963671378114244,0.6203632862188575,0.8166666666666667,0.18333333333333335,0.8281572246882526,irreversible
0.45,0.9,12,0.12055301923014701,0.1219704989910664,0.0014174797609193962,0.07666666666666666,0.051333333333333335,0.025333333333333326,0,0,0,0.33102499349652503,0.18302852666773184,0.8169714733322682,0.7333333333333333,0.2666666666666667,1.0903258432724978,irreversible
0.45,0.9,13,0.09458638799487479,0.11442983675346699,0.019843448758592203,0.05266666666666667,0.05,0.0026666666666666644,0,0,0,0.3119688734471462,0.18731720806464847,0.8126827919353515,0.95,0.050000000000000044,0.8683103207916664,irreversible
0.45,0.9,14,0.1587364685409311,0.09400137294077664,0.06473509560015446,0.10333333333333333,0.08733333333333333,0.016,0,0,0,0.30556972794593507,0.045510520765146896,0.954489479234853,0.8,0.19999999999999996,1.1746732531348916,irreversible
0.45,0.9,15,0.15082940603918582,0.10445299302532396,0.04637641301386186,0.13933333333333334,0.06733333333333333,0.07200000000000001,0,0,0,0.3447394411660015,0.22992117226770617,0.7700788277322939,0.7333333333333333,0.2666666666666667,1.0663395976524261,irreversible
0.45,0.9,16,0.14835384374317404,0.1161535308204972,0.03220031292267683,0.08533333333333333,0.04733333333333333,0.038,0,0,0,0.32629971891682885,0.190444996936451,0.809555003063549,0.75,0.25,1.0771050812942182,irreversible
0.45,0.9,17,0.20288428167870928,0.20325834313373162,0.00037406145502233423,0.11266666666666666,0.112,0.0006666666666666626,0,0,0,0.33921402636192133,0.4200125594369298,0.5799874405630703,0.7166666666666667,0.2833333333333333,0.8635809559268258,irreversible
0.45,0.9,18,0.13531330105029227,0.16602591480307705,0.03071261375278478,0.04533333333333334,0.10733333333333334,0.062,0,0,0,0.3384514978699342,0.24959336416791333,0.7504066358320867,0.6833333333333333,0.31666666666666665,1.0902514559369496,irreversible
0.45,0.9,19,0.125228542981456,0.11309349596255933,0.012135047018896672,0.048,0.05466666666666667,0.006666666666666668,0,0,0,0.32655996458531633,0.17052630618680745,0.8294736938131926,0.8333333333333334,0.16666666666666663,1.00084078890125,irreversible
0.45,1.0,0,0.1075882913277093,0.11064611538088727,0.0030578240531779627,0.046,0.050666666666666665,0.004666666666666666,0,0,0,0.40760812482259345,0.018397830897907932,0.9816021691020921,0.8,0.19999999999999996,1.1835332917820534,irreversible
0.45,1.0,1,0.21439375377561964,0.1902692372860888,0.024124516489530845,0.24666666666666667,0.08333333333333333,0.16333333333333333,0,0,0,0.43165828661491445,0.3581046036662146,0.6418953963337855,0.31666666666666665,0.6833333333333333,1.3720931921228348,irreversible
0.45,1.0,2,0.11572303628824668,0.10084633194150966,0.014876704346737019,0.034666666666666665,0.037333333333333336,0.0026666666666666713,0,0,0,0.4218700240676443,0.07704494319857917,0.9229550568014209,0.8666666666666667,0.1333333333333333,1.060674232888105,irreversible
0.45,1.0,3,0.14112596171043246,0.15636379715403156,0.015237835443599107,0.11133333333333334,0.09933333333333333,0.01200000000000001,0,0,0,0.34728706259872266,0.17958824210613822,0.8204117578938618,0.7333333333333333,0.2666666666666667,1.0938878834214283,irreversible
0.45,1.0,4,0.23345303955675945,0.26881242870721495,0.0353593891504555,0.17333333333333334,0.27066666666666667,0.09733333333333333,0,0,0,0.3743076784720879,0.3095327574008092,0.6904672425991908,0.4166666666666667,0.5833333333333333,1.3069737565534711,irreversible
0.45,1.0,5,0.19181569773149673,0.19758481303769282,0.005769115306196088,0.20266666666666666,0.15133333333333332,0.05133333333333334,0,0,0,0.388729854774285,0.2878868367290291,0.712113163270971,0.45,0.55,1.2763887754308534,irreversible
0.45,1.0,6,0.09632909870999433,0.06471709206247798,0.031612006647516344,0.04533333333333334,0.036,0.00933333333333334,0,0,0,0.41809817499408897,0.046712277986339645,0.9532877220136604,0.8833333333333333,0.1166666666666667,1.0801907236755395,irreversible
0.45,1.0,7,0.29305807211636,0.28982795555963353,0.003230116556726448,0.37133333333333335,0.39066666666666666,0.019333333333333313,0,0,0,0.4473999905927053,0.3901850540808589,0.6098149459191411,0.48333333333333334,0.5166666666666666,1.1321224750583225,irreversible
0.45,1.0,8,0.10426618912369136,0.12326870248753431,0.019002513363842954,0.03866666666666667,0.06933333333333333,0.03066666666666666,0,0,0,0.4303993070689579,0.1119254155266245,0.8880745844733755,0.7,0.30000000000000004,1.200491879481003,irreversible
0.45,1.0,9,0.09379457545789516,0.1616108908813944,0.06781631542349925,0.042666666666666665,0.10933333333333334,0.06666666666666668,0,0,0,0.36443353351768903,0.09198366196816006,0.9080163380318399,0.8,0.19999999999999996,1.1416370835543814,irreversible
0.45,1.0,10,0.1970976836065904,0.1697256527990191,0.027372030807571307,0.11533333333333333,0.09533333333333334,0.01999999999999999,0,0,0,0.38708525285072215,0.18929566429024178,0.8107043357097582,0.6333333333333333,0.3666666666666667,1.1892140100783175,irreversible
0.45,1.0,11,0.18172002299074358,0.21874913319562742,0.037029110204883836,0.14466666666666667,0.22733333333333333,0.08266666666666667,0,0,0,0.38692027793110395,0.382534128076056,0.617465871923944,0.8166666666666667,0.18333333333333335,0.830723149475165,irreversible
0.45,1.0,12,0.12055301923014701,0.11473807370057976,0.005814945529567253,0.07666666666666666,0.04466666666666667,0.031999999999999994,0,0,0,0.39105267428874413,0.19200477635678204,0.807995223643218,0.7666666666666667,0.23333333333333328,1.050782293358943,irreversible
0.45,1.0,13,0.09458638799487479,0.11076025256915376,0.016173864574278968,0.05266666666666667,0.072,0.019333333333333327,0,0,0,0.369214738265525,0.22406535402359212,0.7759346459764078,0.9333333333333333,0.06666666666666665,0.8514781121199776,irreversible
0.45,1.0,14,0.1587364685409311,0.1032794960518715,0.05545697248905959,0.10333333333333333,0.04666666666666667,0.056666666666666664,0,0,0,0.3626454650169587,0.09366496567957845,0.9063350343204215,0.8,0.19999999999999996,1.134365944109353,irreversible
0.45,1.0,15,0.15082940603918582,0.08427589143117957,0.06655351460800625,0.13933333333333334,0.034666666666666665,0.10466666666666667,0,0,0,0.4049453089357601,0.18406298043368963,0.8159370195663104,0.75,0.25,1.1087420648849784,irreversible
0.45,1.0,16,0.14835384374317404,0.11468365630272542,0.03367018744044861,0.08533333333333333,0.06733333333333333,0.018000000000000002,0,0,0,0.38425889830483717,0.18494721402841172,0.8150527859715883,0.8,0.19999999999999996,1.0279703328317003,irreversible
0.45,1.0,17,0.20288428167870928,0.20080101449957044,0.0020832671791388424,0.11266666666666666,0.10866666666666666,0.0040000000000000036,0,0,0,0.39964411495250163,0.38228164721841684,0.6177183527815832,0.7166666666666667,0.2833333333333333,0.9025725029097011,irreversible
0.45,1.0,18,0.13531330105029227,0.1602459679106356,0.024932666860343344,0.04533333333333334,0.098,0.05266666666666667,0,0,0,0.39756588554744376,0.2562520710946778,0.7437479289053222,0.6833333333333333,0.31666666666666665,1.0798144289537415,irreversible
0.45,1.0,19,0.125228542981456,0.10974161405598525,0.015486928925470753,0.048,0.042666666666666665,0.005333333333333336,0,0,0,0.3875722560635204,0.16467785602265916,0.8353221439773408,0.8333333333333334,0.16666666666666663,1.0071938762087085,irreversible
0.5,0.0,0,0.13906597580901214,0.0988778497222263,0.04018812608678585,0.05466666666666667,0.08066666666666666,0.025999999999999995,0,0,0,0.0,0.04484928151531276,0.9551507184846872,0.7,0.30000000000000004,1.2716977500063837,irreversible
0.5,0.0,1,0.30363187065675545,0.2961234402565669,0.007508430400188559,0.7893333333333333,0.4493333333333333,0.34,0,0,0,0.0,0.4737106642031727,0.5262893357968272,0.65,0.35,0.9631664433968743,irreversible
0.5,0.0,2,0.11921227561586151,0.08562193475116235,0.033590340864699156,0.06666666666666667,0.07066666666666667,0.0040000000000000036,0,0,0,0.0,0.09821819510907537,0.9017818048909246,0.6833333333333333,0.31666666666666665,1.227846056773766,irreversible
0.5,0.0,3,0.2307433538241143,0.23977353259017908,0.009030178766064795,0.262,0.31533333333333335,0.053333333333333344,0,0,0,0.0,0.41446293512697713,0.5855370648730229,0.6666666666666666,0.33333333333333337,0.9344612762312058,irreversible
0.5,0.0,4,0.29401289657040075,0.2907631847196176,0.0032497118507831546,0.326,0.29933333333333334,0.026666666666666672,0,0,0,0.0,0.3834565645721612,0.6165434354278387,0.0,1.0,1.624022530057201,irreversible
0.5,0.0,5,0.20296809662316423,0.22888708803419006,0.025918991411025827,0.22466666666666665,0.28933333333333333,0.06466666666666668,0,0,0,0.0,0.3372240923088205,0.6627759076911794,0.6833333333333333,0.31666666666666665,1.0020889888772693,irreversible
0.5,0.0,6,0.1824429331013877,0.18757117192661918,0.005128238825231474,0.17866666666666667,0.17733333333333334,0.0013333333333333253,0,0,0,0.0,0.3493423292403842,0.6506576707596158,0.65,0.35,1.002273063799257,irreversible
0.5,0.0,7,0.3726278398755286,0.3851103919856559,0.012482552110127276,0.858,1.082,0.2240000000000001,0,1,1,0.0,0.6738807928118513,0.3261192071881487,0.5333333333333333,0.4666666666666667,0.8519065118823472,metastable
0.5,0.0,8,0.17808020707793662,0.1805556050272504,0.0024753979493137845,0.138,0.204,0.06599999999999998,0,0,0,0.0,0.22736965929479744,0.7726303407052025,0.45,0.55,1.339749190192531,irreversible
0.5,0.0,9,0.1980759483933347,0.2136306475519156,0.015554699158580904,0.24933333333333332,0.23666666666666666,0.01266666666666666,0,0,0,0.0,0.2358613308016031,0.7641386691983969,0.48333333333333334,0.5166666666666666,1.2878606773213754,irreversible
0.5,0.0,10,0.2578575537584646,0.24722735557273562,0.010630198185728967,0.31733333333333336,0.3353333333333333,0.01799999999999996,0,0,0,0.0,0.40419471704076587,0.5958052829592342,0.8,0.19999999999999996,0.8029628325056664,irreversible
0.5,0.0,11,0.33204665829725055,0.34173362938169005,0.0096869710844395,0.8366666666666667,0.9506666666666667,0.11399999999999999,0,0,0,0.0,0.6516374036297423,0.3483625963702577,0.26666666666666666,0.7333333333333334,1.112617672474701,irreversible
0.5,0.0,12,0.18021418672688613,0.16279999880064175,0.017414187926244384,0.15,0.12533333333333332,0.02466666666666667,0,0,0,0.0,0.2248343815642479,0.775165618435752,0.5833333333333334,0.41666666666666663,1.2023524987506464,irreversible
0.5,0.0,13,0.20967636692371355,0.1892026973153365,0.020473669608377043,0.30933333333333335,0.18466666666666667,0.12466666666666668,0,0,0,0.0,0.21288934963757938,0.7871106503624206,0.7166666666666667,0.2833333333333333,1.1067290677645145,irreversible
0.5,0.0,14,0.240364435752995,0.2180144605994845,0.022349975153510476,0.292,0.23933333333333334,0.05266666666666664,0,0,0,0.0,0.2851398899079796,0.7148601100920204,0.5166666666666667,0.4833333333333333,1.216947603880398,irreversible
0.5,0.0,15,0.202063781654003,0.20039419795559477,0.0016695836984082224,0.17466666666666666,0.22333333333333333,0.048666666666666664,0,0,0,0.0,0.17554997339269388,0.8244500266073062,0.48333333333333334,0.5166666666666666,1.3537007558652416,irreversible
0.5,0.0,16,0.18604991060297682,0.18142198042216115,0.00462793018081567,0.152,0.182,0.03,0,0,0,0.0,0.17566495616281688,0.8243350438371831,0.6333333333333333,0.3666666666666667,1.199658693049054,irreversible
0.5,0.0,17,0.3141475770741488,0.3123800102553912,0.0017675668187576155,0.6553333333333333,0.532,0.1233333333333333,0,0,0,0.0,0.5046787207885357,0.4953212792114643,0.16666666666666666,0.8333333333333334,1.3599298375828204,irreversible
0.5,0.0,18,0.2138652074715356,0.23807853551382505,0.024213328042289456,0.172,0.23333333333333334,0.06133333333333335,0,0,0,0.0,0.3849514986314339,0.615048501368566,0.5333333333333333,0.4666666666666667,1.1031018333791387,irreversible
0.5,0.0,19,0.140912624659864,0.11356022046729222,0.02735240419257179,0.044,0.09,0.046,0,0,0,0.0,0.05382520346804907,0.9461747965319509,0.8,0.19999999999999996,1.1645128975800938,irreversible
0.5,0.1,0,0.13906597580901214,0.11882493094956983,0.02024104485944231,0.05466666666666667,0.11,0.05533333333333333,0,0,0,0.005082959184978253,0.1515975337916116,0.8484024662083884,0.5833333333333334,0.41666666666666663,1.2839627274232488,irreversible
0.5,0.1,1,0.30363187065675545,0.3166553406223158,0.013023469965560364,0.7893333333333333,0.678,0.11133333333333328,0,0,0,0.005567735344719993,0.48290053389989784,0.5170994661001022,0.7,0.30000000000000004,0.8481886669248255,irreversible
0.5,0.1,2,0.11921227561586151,0.09004297264634917,0.02916930296951234,0.06666666666666667,0.03866666666666667,0.027999999999999997,0,0,0,0.005307263305182053,0.10820659106440679,0.8917934089355932,0.7333333333333333,0.2666666666666667,1.1727524013446378,irreversible
0.5,0.1,3,0.2307433538241143,0.23992461461434747,0.009181260790233181,0.262,0.23666666666666666,0.025333333333333347,0,0,0,0.004175440822384302,0.4124072097903948,0.5875927902096052,0.65,0.35,0.9462214387404968,irreversible
0.5,0.1,4,0.29401289657040075,0.28639293109971586,0.007619965470684886,0.326,0.328,0.0020000000000000018,0,0,0,0.004554961461759155,0.38584537634640415,0.6141546236535959,0.36666666666666664,0.6333333333333333,1.2498929483546004,irreversible
0.5,0.1,5,0.20296809662316423,0.22311597930330276,0.020147882680138535,0.22466666666666665,0.24333333333333335,0.018666666666666692,0,0,0,0.004855247808518315,0.3513353870475832,0.6486646129524167,0.6833333333333333,0.31666666666666665,0.9750349169557847,irreversible
0.5,0.1,6,0.1824429331013877,0.18397686766713384,0.0015339345657461312,0.17866666666666667,0.16733333333333333,0.011333333333333334,0,0,0,0.00540133673198373,0.35996774540892135,0.6400322545910786,0.6333333333333333,0.3666666666666667,1.009915738232515,irreversible
0.5,0.1,7,0.3726278398755286,0.3820166464399454,0.009388806564416763,0.858,0.992,0.134,0,1,1,0.005785230342152614,0.6667526476060711,0.3332473523939289,0.5333333333333333,0.4666666666666667,0.8357612207016998,metastable
0.5,0.1,8,0.17808020707793662,0.18025676282646608,0.0021765557485294573,0.138,0.252,0.11399999999999999,0,0,0,0.005601349941135814,0.21307359730178832,0.7869264026982117,0.4666666666666667,0.5333333333333333,1.3493038749686774,irreversible
0.5,0.1,9,0.1980759483933347,0.2067386258527509,0.008662677459416207,0.24933333333333332,0.21466666666666667,0.03466666666666665,0,0,0,0.0045797356965694425,0.20830798805100628,0.7916920119489937,0.48333333333333334,0.5166666666666666,1.3191910146471808,irreversible
0.5,0.1,10,0.2578575537584646,0.25273206619176936,0.00512548756669523,0.31733333333333336,0.30733333333333335,0.010000000000000009,0,0,0,0.004845457257861452,0.41944855340182596,0.580551446598174,0.7666666666666667,0.23333333333333328,0.8176661518231811,irreversible
0.5,0.1,11,0.33204665829725055,0.34296530020409893,0.010918641906848381,0.8366666666666667,0.9486666666666667,0.11199999999999999,0,0,0,0.004834404950814775,0.6204120285386647,0.37958797146133527,0.21666666666666667,0.7833333333333333,1.1936509652713807,irreversible
0.5,0.1,12,0.18021418672688613,0.1603144019489446,0.01989978477794152,0.15,0.166,0.016000000000000014,0,0,0,0.004960474886224864,0.19286258462298636,0.8071374153770137,0.6166666666666667,0.3833333333333333,1.1994456949048324,irreversible
0.5,0.1,13,0.20967636692371355,0.1283231353525214,0.08135323157119215,0.30933333333333335,0.09866666666666667,0.21066666666666667,0,0,0,0.004633053394615061,0.24183595238235606,0.7581640476176439,0.48333333333333334,0.5166666666666666,1.3478356888437752,irreversible
0.5,0.1,14,0.240364435752995,0.21380309939248976,0.026561336360505228,0.292,0.20333333333333334,0.08866666666666664,0,0,0,0.004485647838096685,0.29358364574613777,0.7064163542538622,0.5,0.5,1.235223355010655,irreversible
0.5,0.1,15,0.202063781654003,0.20677487622890145,0.004711094574898461,0.17466666666666666,0.18066666666666667,0.006000000000000005,0,0,0,0.0053028351034647425,0.16880383759896486,0.8311961624010351,0.48333333333333334,0.5166666666666666,1.3505406027114264,irreversible
0.5,0.1,16,0.18604991060297682,0.19589871467293146,0.009848804069954642,0.152,0.21,0.057999999999999996,0,0,0,0.0049821369432875295,0.13831221834210716,0.8616877816578928,0.5333333333333333,0.4666666666666667,1.345316649342048,irreversible
0.5,0.1,17,0.3141475770741488,0.3090061682924135,0.005141408781735302,0.6553333333333333,0.5993333333333334,0.05599999999999994,0,0,0,0.0051455148148101815,0.4657547096036895,0.5342452903963105,0.15,0.85,1.3995306425917444,irreversible
0.5,0.1,18,0.2138652074715356,0.2200865659267036,0.006221358455167997,0.172,0.254,0.08200000000000002,0,0,0,0.005223089436370398,0.3850959368706159,0.6149040631293841,0.55,0.44999999999999996,1.086959402743176,irreversible
0.5,0.1,19,0.140912624659864,0.13437646623652055,0.006536158423343458,0.044,0.122,0.078,0,0,0,0.0047804830987612235,0.1054412898935131,0.8945587101064869,0.7666666666666667,0.23333333333333328,1.1490260830456562,irreversible
0.5,0.2,0,0.13906597580901214,0.13858672490225354,0.00047925090675859927,0.05466666666666667,0.086,0.031333333333333324,0,0,0,0.020193045814065447,0.06251803591348398,0.937481964086516,0.65,0.35,1.2954351101465391,irreversible
0.5,0.2,1,0.30363187065675545,0.31937902586952166,0.015747155212766206,0.7893333333333333,0.686,0.10333333333333328,0,0,0,0.02209382812342442,0.46947097128141,0.53052902871859,0.6,0.4,0.9602991508551149,irreversible
0.5,0.2,2,0.11921227561586151,0.12489304463336502,0.005680769017503515,0.06666666666666667,0.066,0.0006666666666666626,0,0,0,0.021078674462537306,0.13984801598329374,0.8601519840167062,0.7833333333333333,0.21666666666666667,1.0784055096044154,irreversible
0.5,0.2,3,0.2307433538241143,0.23291756695364924,0.0021742131295349465,0.262,0.15933333333333333,0.10266666666666668,0,0,0,0.01660651766859711,0.4243473912999026,0.5756526087000974,0.6666666666666666,0.33333333333333337,0.9351961619824812,irreversible
0.5,0.2,4,0.29401289657040075,0.28658672892541776,0.007426167644982995,0.326,0.35,0.023999999999999966,0,0,0,0.01810989112517447,0.38608692065055544,0.6139130793494445,0.75,0.25,0.8717696212606902,irreversible
0.5,0.2,5,0.20296809662316423,0.22086134676705035,0.017893250143886125,0.22466666666666665,0.2693333333333333,0.04466666666666666,0,0,0,0.019288153457760138,0.3688829720110659,0.6311170279889341,0.7,0.30000000000000004,0.9467570071915723,irreversible
0.5,0.2,6,0.1824429331013877,0.1801950918672851,0.002247841234102599,0.17866666666666667,0.114,0.06466666666666666,0,0,0,0.0214311705939928,0.3281069865733832,0.6718930134266168,0.6333333333333333,0.3666666666666667,1.0552883070684758,irreversible
0.5,0.2,7,0.3726278398755286,0.3829237434752153,0.010295903599686684,0.858,0.878,0.020000000000000018,0,0,0,0.02295582617563563,0.6314189949993066,0.36858100500069335,0.5333333333333333,0.4666666666666667,0.8428216475672817,metastable
0.5,0.2,8,0.17808020707793662,0.1820447438142101,0.003964536736273477,0.138,0.2733333333333333,0.1353333333333333,0,0,0,0.02222273995200541,0.2117020121387549,0.788297987861245,0.48333333333333334,0.5166666666666666,1.3397891220453133,irreversible
0.5,0.2,9,0.1980759483933347,0.2149750202156625,0.016899071822327805,0.24933333333333332,0.13733333333333334,0.11199999999999999,0,0,0,0.018187698023347854,0.25032227382384586,0.7496777261761541,0.48333333333333334,0.5166666666666666,1.2985691607984027,irreversible
0.5,0.2,10,0.2578575537584646,0.23654613817852513,0.021311415579939458,0.31733333333333336,0.272,0.04533333333333334,0,0,0,0.019247186053557908,0.35303899654472787,0.6469610034552722,0.8333333333333334,0.16666666666666663,0.830288857350257,irreversible
0.5,0.2,11,0.33204665829725055,0.34856820483037554,0.016521546533124987,0.8366666666666667,1.052,0.21533333333333338,0,1,1,0.019202771093093873,0.6123072531951963,0.3876927468048037,0.25,0.75,1.1956564667714185,irreversible
0.5,0.2,12,0.18021418672688613,0.14651164619011545,0.033702540536770687,0.15,0.102,0.048,0,0,0,0.019693681911027272,0.2534597335012803,0.7465402664987197,0.7166666666666667,0.2833333333333333,1.0502992349662459,irreversible
0.5,0.2,13,0.20967636692371355,0.0755276967003111,0.13414867022340243,0.30933333333333335,0.030666666666666665,0.2786666666666667,0,0,0,0.018400621743477563,0.024644262747336342,0.9753557372526637,0.4,0.6,1.678559571475181,irreversible
0.5,0.2,14,0.240364435752995,0.2659748087362445,0.02561037298324953,0.292,0.388,0.09600000000000003,0,0,0,0.017822918794434872,0.35958029287692034,0.6404197071230797,0.4666666666666667,0.5333333333333333,1.2041556337022254,irreversible
0.5,0.2,15,0.202063781654003,0.2160243346071126,0.013960552953109606,0.17466666666666666,0.186,0.011333333333333334,0,0,0,0.021030983863888464,0.202611125736965,0.7973888742630351,0.4666666666666667,0.5333333333333333,1.337045679167979,irreversible
0.5,0.2,16,0.18604991060297682,0.181650336909397,0.004399573693579822,0.152,0.19266666666666668,0.040666666666666684,0,0,0,0.019762566257660485,0.1843454395620833,0.8156545604379167,0.6333333333333333,0.3666666666666667,1.1935877871946452,irreversible
0.5,0.2,17,0.3141475770741488,0.31547448359936653,0.0013269065252177192,0.6553333333333333,0.5573333333333333,0.09799999999999998,0,0,0,0.02041849490494585,0.4684970569551767,0.5315029430448233,0.15,0.85,1.4063346696761276,irreversible
0.5,0.2,18,0.2138652074715356,0.21244037409250824,0.0014248333790273515,0.172,0.172,0.0,0,0,0,0.020710169321628502,0.3781622498527298,0.6218377501472703,0.5666666666666667,0.43333333333333335,1.0555272918253604,irreversible
0.5,0.2,19,0.140912624659864,0.11559630515791693,0.025316319501947085,0.044,0.10133333333333333,0.05733333333333333,0,0,0,0.018997841239258295,0.14129088904740572,0.8587091109525943,0.7666666666666667,0.23333333333333328,1.1127048574947476,irreversible
0.5,0.3,0,0.13906597580901214,0.1620245162032931,0.02295854039428097,0.05466666666666667,0.11133333333333334,0.05666666666666667,0,0,0,0.04491957961568338,0.0709774900046749,0.9290225099953251,0.4666666666666667,0.5333333333333333,1.4822621450938955,irreversible
0.5,0.3,1,0.30363187065675545,0.3221545643743942,0.01852269371763876,0.7893333333333333,0.7226666666666667,0.06666666666666665,0,0,0,0.04905571508536821,0.46174106142768895,0.5382589385723111,0.65,0.35,0.9095562786683875,irreversible
0.5,0.3,2,0.11921227561586151,0.13393524854211428,0.01472297292625277,0.06666666666666667,0.058666666666666666,0.008,0,0,0,0.04686935264896541,0.14616391573203266,0.8538360842679673,0.8333333333333334,0.16666666666666663,1.0261834941661971,irreversible
0.5,0.3,3,0.2307433538241143,0.22282019252687685,0.007923161297237441,0.262,0.128,0.134,0,0,0,0.037010886385621666,0.37832699555696925,0.6216730044430308,0.48333333333333334,0.5166666666666666,1.1738204614340069,irreversible
0.5,0.3,4,0.29401289657040075,0.3076890227680452,0.013676126197644467,0.326,0.43866666666666665,0.11266666666666664,0,0,0,0.04033879710526955,0.41615144417591643,0.5838485558240836,0.13333333333333333,0.8666666666666667,1.482100920706828,irreversible
0.5,0.3,5,0.20296809662316423,0.21841688453174812,0.015448787908583894,0.22466666666666665,0.18866666666666668,0.035999999999999976,0,0,0,0.0429054608730709,0.3721323019105394,0.6278676980894606,0.6833333333333333,0.31666666666666665,0.9573965617332733,irreversible
0.5,0.3,6,0.1824429331013877,0.17512029758858,0.007322635512807707,0.17866666666666667,0.07933333333333334,0.09933333333333333,0,0,0,0.04757620097962545,0.2646684953058712,0.7353315046941288,0.35,0.65,1.411995496905664,irreversible
0.5,0.3,7,0.3726278398755286,0.38132717543671546,0.00869933556118685,0.858,0.918,0.06000000000000005,0,1,1,0.0509654938033971,0.6338363232449399,0.3661636767550601,0.5333333333333333,0.4666666666666667,0.8500051773120235,metastable
0.5,0.3,8,0.17808020707793662,0.18427138420838393,0.006191177130447312,0.138,0.22266666666666668,0.08466666666666667,0,0,0,0.04932491169818787,0.19985537957110047,0.8001446204288996,0.43333333333333335,0.5666666666666667,1.3895257480448449,irreversible
0.5,0.3,9,0.1980759483933347,0.20615157710497642,0.00807562871164172,0.24933333333333332,0.214,0.03533333333333333,0,0,0,0.04043632998506097,0.2258542508078412,0.7741457491921588,0.48333333333333334,0.5166666666666666,1.3016646563700691,irreversible
0.5,0.3,10,0.2578575537584646,0.24618414546161907,0.011673408296845517,0.31733333333333336,0.29333333333333333,0.02400000000000002,0,0,0,0.04280687287122964,0.3146110245395369,0.6853889754604632,0.8166666666666667,0.18333333333333335,0.877640660868008,irreversible
0.5,0.3,11,0.33204665829725055,0.343746948805254,0.011700290508003475,0.8366666666666667,0.9046666666666666,0.06799999999999995,0,0,0,0.04270669406900163,0.6145654816758449,0.3854345183241551,0.38333333333333336,0.6166666666666667,1.0220262576178227,irreversible
0.5,0.3,12,0.18021418672688613,0.13508759235341444,0.04512659437347169,0.15,0.09666666666666666,0.05333333333333333,0,0,0,0.043762203751507744,0.14840345743275637,0.8515965425672436,0.85,0.15000000000000002,1.0262115244939451,irreversible
0.5,0.3,13,0.20967636692371355,0.13379342118016485,0.0758829457435487,0.30933333333333335,0.07733333333333334,0.232,0,0,0,0.04091397074266456,0.23788901517277222,0.7621109848272278,0.3333333333333333,0.6666666666666667,1.5057483879297817,irreversible
0.5,0.3,14,0.240364435752995,0.23420762824586655,0.006156807507128437,0.292,0.28733333333333333,0.004666666666666652,0,0,0,0.039658121293117965,0.34409878194648763,0.6559012180535124,0.4,0.6,1.2586070865969612,irreversible
0.5,0.3,15,0.202063781654003,0.2195474671999404,0.017483685545937405,0.17466666666666666,0.268,0.09333333333333335,0,0,0,0.04665332075894657,0.22536539238873082,0.7746346076112691,0.4,0.6,1.402338862331087,irreversible
0.5,0.3,16,0.18604991060297682,0.1815579932762169,0.004491917326759909,0.152,0.19933333333333333,0.04733333333333334,0,0,0,0.04385319866641246,0.27790233681417387,0.7220976631858261,0.6333333333333333,0.3666666666666667,1.1017206425175161,irreversible
0.5,0.3,17,0.3141475770741488,0.3256524787985652,0.011504901724416372,0.6553333333333333,0.608,0.04733333333333334,0,0,0,0.045336698142943166,0.48544646112060186,0.5145535388793981,0.15,0.85,1.3792630976438356,irreversible
0.5,0.3,18,0.2138652074715356,0.21586600318157426,0.0020007957100386664,0.172,0.20266666666666666,0.030666666666666675,0,0,0,0.04592561741286427,0.37962299523427057,0.6203770047657294,0.5666666666666667,0.43333333333333335,1.0618772036932391,irreversible
0.5,0.3,19,0.140912624659864,0.14021279039295917,0.0006998342669048419,0.044,0.112,0.068,0,0,0,0.04228468101897398,0.13283429743065223,0.8671657025693478,0.7833333333333333,0.21666666666666667,1.1010073278027404,irreversible
0.5,0.4,0,0.13906597580901214,0.12968200800858573,0.009383967800426413,0.05466666666666667,0.06866666666666667,0.013999999999999999,0,0,0,0.078596769228518,0.10195101776170534,0.8980489822382947,0.5166666666666667,0.4833333333333333,1.3872283075217344,irreversible
0.5,0.4,1,0.30363187065675545,0.3224298880756989,0.018798017418943436,0.7893333333333333,0.784,0.005333333333333301,0,0,0,0.08561117446767541,0.46187522366868955,0.5381247763313104,0.36666666666666664,0.6333333333333333,1.1774909473527129,irreversible
0.5,0.4,2,0.11921227561586151,0.1606801053852898,0.04146782976942828,0.06666666666666667,0.118,0.05133333333333333,0,0,0,0.08195835964297293,0.1496480146349927,0.8503519853650073,0.85,0.15000000000000002,1.0235522761406977,irreversible
0.5,0.4,3,0.2307433538241143,0.24199471842939974,0.011251364605285447,0.262,0.20733333333333334,0.05466666666666667,0,0,0,0.06492912668400885,0.43745995236403395,0.5625400476359661,0.6,0.4,0.9790195554539542,irreversible
0.5,0.4,4,0.29401289657040075,0.3042344342602867,0.010221537689885929,0.326,0.43733333333333335,0.11133333333333334,0,0,0,0.07071109653724983,0.384529546562442,0.615470453437558,0.6666666666666666,0.33333333333333337,0.9791925045266963,irreversible
0.5,0.4,5,0.20296809662316423,0.23172203298273653,0.028753936359572296,0.22466666666666665,0.23,0.005333333333333357,0,0,0,0.0750690014097507,0.38136478079831876,0.6186352192016813,0.6666666666666666,0.33333333333333337,0.960490369958241,irreversible
0.5,0.4,6,0.1824429331013877,0.16511720111749756,0.017325731983890147,0.17866666666666667,0.12266666666666666,0.05600000000000001,0,0,0,0.08301100111133863,0.2077771033723711,0.7922228966276289,0.16666666666666666,0.8333333333333334,1.6438876629569348,irreversible
0.5,0.4,7,0.3726278398755286,0.3809704912857587,0.008342651410230106,0.858,0.9753333333333334,0.1173333333333334,0,0,0,0.08893318175785403,0.6594030484231167,0.3405969515768833,0.5333333333333333,0.4666666666666667,0.8386826144294408,metastable
0.5,0.4,8,0.17808020707793662,0.20043114524926545,0.022350938171328827,0.138,0.2833333333333333,0.14533333333333331,0,0,0,0.08603765836187849,0.18694245640589824,0.8130575435941018,0.4666666666666667,0.5333333333333333,1.3883119448036005,irreversible
0.5,0.4,9,0.1980759483933347,0.1901826571189689,0.007893291274365805,0.24933333333333332,0.14066666666666666,0.10866666666666666,0,0,0,0.07069990312459717,0.23603371566516135,0.7639662843348387,0.48333333333333334,0.5166666666666666,1.3097729404867633,irreversible
0.5,0.4,10,0.2578575537584646,0.25181552042440564,0.006042033334058949,0.31733333333333336,0.202,0.11533333333333334,0,0,0,0.07487908239870322,0.323571978836044,0.676428021163956,0.8166666666666667,0.18333333333333335,0.8901051961641374,irreversible
0.5,0.4,11,0.33204665829725055,0.3367394676685103,0.004692809371259765,0.8366666666666667,0.8326666666666667,0.0040000000000000036,0,0,0,0.07470227106958927,0.6327381382312554,0.36726186176874465,0.48333333333333334,0.5166666666666666,0.8861017307782262,metastable
0.5,0.4,12,0.18021418672688613,0.1504941838446702,0.029720002882215935,0.15,0.078,0.072,0,0,0,0.07646068187257193,0.17716487462850042,0.8228351253714996,0.8666666666666667,0.1333333333333333,0.9815984594253869,irreversible
0.5,0.4,13,0.20967636692371355,0.19290644056331205,0.016769926360401505,0.30933333333333335,0.16266666666666665,0.1466666666666667,0,0,0,0.071544980527114,0.17822339199403234,0.8217766080059676,0.36666666666666664,0.6333333333333333,1.495969089596068,irreversible
0.5,0.4,14,0.240364435752995,0.18699629163083595,0.05336814412215904,0.292,0.19,0.10199999999999998,0,0,0,0.0694192131554271,0.23248786247891834,0.7675121375210816,0.48333333333333334,0.5166666666666666,1.3230208402182881,irreversible
0.5,0.4,15,0.202063781654003,0.21378081065190485,0.011717028997901863,0.17466666666666666,0.208,0.033333333333333326,0,0,0,0.08131708391445913,0.2040325680072524,0.7959674319927477,0.4666666666666667,0.5333333333333333,1.3405633559088899,irreversible
0.5,0.4,16,0.18604991060297682,0.1634478633958748,0.022602047207102016,0.152,0.13066666666666665,0.021333333333333343,0,0,0,0.07647264166529855,0.29233537812428284,0.7076646218757172,0.6,0.4,1.1186484670108263,irreversible
0.5,0.4,17,0.3141475770741488,0.32397507086428706,0.009827493790138253,0.6553333333333333,0.64,0.01533333333333331,0,0,0,0.0791239878765776,0.5126492279072637,0.48735077209273625,0.11666666666666667,0.8833333333333333,1.3769743122069373,irreversible
0.5,0.4,18,0.2138652074715356,0.18996896001918764,0.023896247452347946,0.172,0.17,0.001999999999999974,0,0,0,0.080012374822243,0.31925815591416307,0.6807418440858369,0.26666666666666666,0.7333333333333334,1.4205492392822574,irreversible
0.5,0.4,19,0.140912624659864,0.1375023105987178,0.0034103140611462246,0.044,0.126,0.082,0,0,0,0.07404470506928251,0.09504251666608171,0.9049574833339182,0.8,0.19999999999999996,1.1263100618492048,irreversible
0.5,0.5,0,0.13906597580901214,0.11233175500927352,0.026734220799738626,0.05466666666666667,0.05333333333333334,0.0013333333333333322,0,0,0,0.12033069666070473,0.23173261606188336,0.7682673839381167,0.7,0.30000000000000004,1.0752842724713847,irreversible
0.5,0.5,1,0.30363187065675545,0.3267211589379416,0.02308928828118617,0.7893333333333333,0.9093333333333333,0.12,0,0,0,0.13063955510002467,0.45848036605813963,0.5415196339418604,0.36666666666666664,0.6333333333333333,1.2106252893454903,irreversible
0.5,0.5,2,0.11921227561586151,0.14763007567829772,0.028417800062436216,0.06666666666666667,0.14866666666666667,0.082,0,0,0,0.12537838721291605,0.15320988879159775,0.8467901112084022,0.85,0.15000000000000002,1.0243945612240113,irreversible
0.5,0.5,3,0.2307433538241143,0.22877948304406165,0.00196387078005264,0.262,0.244,0.018000000000000016,0,0,0,0.09974093526391925,0.3819405435657142,0.6180594564342858,0.4166666666666667,0.5833333333333333,1.2063837574626322,irreversible
0.5,0.5,4,0.29401289657040075,0.3036805187192409,0.00966762214884015,0.326,0.49466666666666664,0.16866666666666663,0,0,0,0.10851013231817641,0.3713268500916357,0.6286731499083643,0.85,0.15000000000000002,0.8232567221122411,irreversible
0.5,0.5,5,0.20296809662316423,0.23856174224012455,0.03559364561696032,0.22466666666666665,0.21733333333333332,0.007333333333333331,0,0,0,0.11492066500086584,0.30525432406970515,0.6947456759302948,0.6666666666666666,0.33333333333333337,1.0388107540012015,irreversible
0.5,0.5,6,0.1824429331013877,0.15424408600257675,0.02819884709881096,0.17866666666666667,0.08133333333333333,0.09733333333333334,0,0,0,0.12664078909907894,0.17821944132695533,0.8217805586730447,0.16666666666666666,0.8333333333333334,1.6864969371144143,irreversible
0.5,0.5,7,0.3726278398755286,0.3746934453084964,0.0020656054329677986,0.858,0.9606666666666667,0.10266666666666668,0,1,1,0.1356854011947447,0.6844221957745424,0.31557780422545756,0.3,0.7,1.0417608722503662,irreversible
0.5,0.5,8,0.17808020707793662,0.2075387548290944,0.029458547751157776,0.138,0.344,0.20599999999999996,0,0,0,0.1312008992810456,0.16311513423617902,0.836884865763821,0.4,0.6,1.4957495027016106,irreversible
0.5,0.5,9,0.1980759483933347,0.19263069194004379,0.005445256453290914,0.24933333333333332,0.18333333333333332,0.066,0,0,0,0.1081434761672907,0.2718435639635453,0.7281564360364547,0.5,0.5,1.2460177501497773,irreversible
0.5,0.5,10,0.2578575537584646,0.24714269009844175,0.010714863660022833,0.31733333333333336,0.266,0.05133333333333334,0,0,0,0.11459786559889451,0.35165589232935424,0.6483441076706458,0.8166666666666667,0.18333333333333335,0.8471894902523182,irreversible
0.5,0.5,11,0.33204665829725055,0.33406669375092196,0.0020200354536714094,0.8366666666666667,0.7886666666666666,0.04800000000000004,0,0,0,0.11432899370206251,0.6304677730999314,0.3695322269000686,0.5,0.5,0.8820372357634865,metastable
0.5,0.5,12,0.18021418672688613,0.13489082496267496,0.04532336176421117,0.15,0.10666666666666667,0.04333333333333332,0,0,0,0.11684978056724893,0.15598421469705157,0.8440157853029484,0.8333333333333334,0.16666666666666663,1.0328466257440012,irreversible
0.5,0.5,13,0.20967636692371355,0.07020426467564736,0.1394721022480662,0.30933333333333335,0.032,0.2773333333333333,0,0,0,0.10945454337863159,0.05366873044247212,0.9463312695575279,0.36666666666666664,0.6333333333333333,1.683865961786211,irreversible
0.5,0.5,14,0.240364435752995,0.1939466364014194,0.046417799351575584,0.292,0.25,0.04199999999999998,0,0,0,0.10634090326647128,0.2201234961144087,0.7798765038855913,0.55,0.44999999999999996,1.2519809537234852,irreversible
0.5,0.5,15,0.202063781654003,0.18463106883068892,0.017432712823314073,0.17466666666666666,0.188,0.013333333333333336,0,0,0,0.1238941505101453,0.14733358894799756,0.8526664110520025,0.48333333333333334,0.5166666666666666,1.377024589257831,irreversible
0.5,0.5,16,0.18604991060297682,0.11845272595652742,0.0675971846464494,0.152,0.08666666666666667,0.06533333333333333,0,0,0,0.11659172823971997,0.1897080818017884,0.8102919181982116,0.6666666666666666,0.33333333333333337,1.1768578810264907,irreversible
0.5,0.5,17,0.3141475770741488,0.3149994286686224,0.000851851594473596,0.6553333333333333,0.5326666666666666,0.1226666666666667,0,0,0,0.1207497832915988,0.511437704684226,0.488562295315774,0.16666666666666666,0.8333333333333334,1.3527752582143926,irreversible
0.5,0.5,18,0.2138652074715356,0.20256466413138413,0.011300543340151459,0.172,0.14866666666666667,0.023333333333333317,0,0,0,0.1218425643847636,0.3608931146544431,0.6391068853455568,0.2,0.8,1.4477653545139282,irreversible
0.5,0.5,19,0.140912624659864,0.16214348542458745,0.02123086076472344,0.044,0.122,0.078,0,0,0,0.11347591667395573,0.15274544862684472,0.8472545513731553,0.7666666666666667,0.23333333333333328,1.1053955998976694,irreversible
0.5,0.6,0,0.13906597580901214,0.1189446842344715,0.020121291574540637,0.05466666666666667,0.03133333333333333,0.023333333333333338,0,0,0,0.1690351016255489,0.1617499118260029,0.8382500881739972,0.5833333333333334,0.41666666666666663,1.2657804110676325,irreversible
0.5,0.6,1,0.30363187065675545,0.31846676839958166,0.014834897742826203,0.7893333333333333,0.7066666666666667,0.08266666666666667,0,0,0,0.18279593430765417,0.4878490906154504,0.5121509093845495,0.18333333333333332,0.8166666666666667,1.3531929671535894,irreversible
0.5,0.6,2,0.11921227561586151,0.13804561712079058,0.018833341504929074,0.06666666666666667,0.07533333333333334,0.00866666666666667,0,0,0,0.1759551704983523,0.15641908958610173,0.8435809104138983,0.8,0.19999999999999996,1.0504559124567971,irreversible
0.5,0.6,3,0.2307433538241143,0.22057335620998209,0.010169997614132203,0.262,0.19466666666666665,0.06733333333333336,0,0,0,0.14068675175838763,0.36565773277497227,0.6343422672250277,0.43333333333333335,0.5666666666666667,1.2203847666285608,irreversible
0.5,0.6,4,0.29401289657040075,0.30034671877947433,0.006333822209073581,0.326,0.48533333333333334,0.15933333333333333,0,0,0,0.15285794978753298,0.34681557450837475,0.6531844254916253,0.75,0.25,0.944601214377227,irreversible
0.5,0.6,5,0.20296809662316423,0.23369864175890204,0.030730545135737808,0.22466666666666665,0.192,0.03266666666666665,0,0,0,0.16141558093615416,0.3280140831979326,0.6719859168020674,0.65,0.35,1.0378352197526686,irreversible
0.5,0.6,6,0.1824429331013877,0.15308010146263112,0.02936283163875658,0.17866666666666667,0.10066666666666667,0.078,0,0,0,0.17715685290420558,0.1935818650420309,0.8064181349579691,0.16666666666666666,0.8333333333333334,1.6665921762009919,irreversible
0.5,0.6,7,0.3726278398755286,0.37483010714911474,0.0022022672735861337,0.858,0.8406666666666667,0.01733333333333331,0,0,0,0.18981192657850976,0.6752000390939213,0.32479996090607866,0.11666666666666667,0.8833333333333333,1.2130171943911419,irreversible
0.5,0.6,8,0.17808020707793662,0.2206357726000477,0.042555565522111094,0.138,0.29333333333333333,0.15533333333333332,0,0,0,0.18341878788838462,0.18798941831901816,0.8120105816809818,0.5666666666666667,0.43333333333333335,1.294816139728176,irreversible
0.5,0.6,9,0.1980759483933347,0.19469250527620727,0.0033834431171274326,0.24933333333333332,0.18133333333333335,0.06799999999999998,0,0,0,0.15176085266784833,0.25507554354186135,0.7449244564581387,0.5166666666666667,0.4833333333333333,1.2461036505707537,irreversible
0.5,0.6,10,0.2578575537584646,0.25337333516659105,0.0044842185918735344,0.31733333333333336,0.28,0.03733333333333333,0,0,0,0.16091203107090957,0.3549465891391027,0.6450534108608973,0.03333333333333333,0.9666666666666667,1.6221744655088657,irreversible
0.5,0.6,11,0.33204665829725055,0.3357821248710745,0.0037354665738239534,0.8366666666666667,0.866,0.029333333333333322,0,0,0,0.1605477573456061,0.6324701081013564,0.3675298918986436,0.5,0.5,0.8757970918754329,metastable
0.5,0.6,12,0.18021418672688613,0.13099482995820494,0.049219356768681194,0.15,0.07933333333333334,0.07066666666666666,0,0,0,0.16380075062216648,0.09013489955147422,0.9098651004485258,0.8833333333333333,0.1166666666666667,1.0565032729740296,irreversible
0.5,0.6,13,0.20967636692371355,0.12595785510599428,0.08371851181771928,0.30933333333333335,0.10066666666666667,0.20866666666666667,0,0,0,0.153629892936762,0.08910684252052754,0.9108931574794724,0.3,0.7,1.683989452100569,irreversible
0.5,0.6,14,0.240364435752995,0.2053122416674076,0.03505219408558738,0.292,0.256,0.035999999999999976,0,0,0,0.14949773844743786,0.29265871047136616,0.7073412895286338,0.6333333333333333,0.3666666666666667,1.0917710047166973,irreversible
0.5,0.6,15,0.202063781654003,0.2138942464213784,0.011830464767375398,0.17466666666666666,0.19733333333333333,0.02266666666666667,0,0,0,0.17304121991015198,0.2686568739997989,0.7313431260002011,0.43333333333333335,0.5666666666666667,1.3066340755253782,irreversible
0.5,0.6,16,0.18604991060297682,0.15883129570493446,0.027218614898042365,0.152,0.12133333333333333,0.03066666666666666,0,0,0,0.16299225377376203,0.16970707639706742,0.8302929236029326,0.6666666666666666,0.33333333333333337,1.1780975773274431,irreversible
0.5,0.6,17,0.3141475770741488,0.30059424612214714,0.013553330952001674,0.6553333333333333,0.4646666666666667,0.19066666666666665,0,0,0,0.16898054287260322,0.4983765917584077,0.5016234082415922,0.13333333333333333,0.8666666666666667,1.4193450743129261,irreversible
0.5,0.6,18,0.2138652074715356,0.2050147375837995,0.008850469887736079,0.172,0.11333333333333333,0.05866666666666666,0,0,0,0.17008288002199035,0.3744659551846442,0.6255340448153558,0.5,0.5,1.1424133289539564,irreversible
0.5,0.6,19,0.140912624659864,0.15081761356334383,0.009904988903479822,0.044,0.118,0.074,0,0,0,0.15960148961079312,0.11798996429493613,0.8820100357050639,0.75,0.25,1.1529862829309339,irreversible
0.5,0.7,0,0.13906597580901214,0.11204083868169719,0.027025137127314955,0.05466666666666667,0.038,0.01666666666666667,0,0,0,0.22347411786755633,0.11603450848345095,0.883965491516549,0.5833333333333334,0.41666666666666663,1.311555109131711,irreversible
0.5,0.7,1,0.30363187065675545,0.3277296962569916,0.024097825600236156,0.7893333333333333,0.762,0.02733333333333332,0,0,0,0.24057493509390515,0.4811078522886545,0.5188921477113455,0.26666666666666666,0.7333333333333334,1.2650832707780713,irreversible
0.5,0.7,2,0.11921227561586151,0.11936057679860701,0.00014830118274550275,0.06666666666666667,0.08266666666666667,0.016,0,0,0,0.23235462764065717,0.13973350246478067,0.8602664975352193,0.8166666666666667,0.18333333333333335,1.047636906164239,irreversible
0.5,0.7,3,0.2307433538241143,0.23225692460789257,0.0015135707837782841,0.262,0.246,0.016000000000000014,0,0,0,0.18689383951303928,0.3999917803199697,0.6000082196800303,0.6,0.4,1.004386612375975,irreversible
0.5,0.7,4,0.29401289657040075,0.2998668232662901,0.0058539266958893554,0.326,0.46266666666666667,0.13666666666666666,0,0,0,0.20274525621965345,0.3692060756943525,0.6307939243056475,0.18333333333333332,0.8166666666666667,1.483090739312953,irreversible
0.5,0.7,5,0.20296809662316423,0.21819750842673302,0.015229411803568793,0.22466666666666665,0.16866666666666666,0.055999999999999994,0,0,0,0.21336185078483927,0.3369600037595578,0.6630399962404422,0.5166666666666667,0.4833333333333333,1.1641806825246677,irreversible
0.5,0.7,6,0.1824429331013877,0.14981705365586354,0.03262587944552417,0.17866666666666667,0.09533333333333334,0.08333333333333333,0,0,0,0.23310068001676498,0.17033650647009765,0.8296634935299023,0.16666666666666666,0.8333333333333334,1.69198663005795,irreversible
0.5,0.7,7,0.3726278398755286,0.38062903695358735,0.008001197078058742,0.858,1.0153333333333334,0.15733333333333344,0,1,1,0.2497316123459521,0.6871268555069202,0.3128731444930798,0.06666666666666667,0.9333333333333333,1.2875401104292612,irreversible
0.5,0.7,8,0.17808020707793662,0.2073387679952676,0.029258560917330978,0.138,0.22933333333333333,0.09133333333333332,0,0,0,0.2411237405712664,0.1813498928872595,0.8186501071127406,0.5333333333333333,0.4666666666666667,1.315464747342073,irreversible
0.5,0.7,9,0.1980759483933347,0.19295592504641562,0.005120023346919078,0.24933333333333332,0.176,0.07333333333333333,0,0,0,0.200419174545991,0.3218551835261159,0.6781448164738841,0.48333333333333334,0.5166666666666666,1.2144248223106138,irreversible
0.5,0.7,10,0.2578575537584646,0.2377162273601458,0.020141326398318782,0.31733333333333336,0.248,0.06933333333333336,0,0,0,0.21262724847223147,0.33281804200648135,0.6671819579935186,0.8,0.19999999999999996,0.8895506229264316,irreversible
0.5,0.7,11,0.33204665829725055,0.3365436362224308,0.004496977925180223,0.8366666666666667,0.8153333333333334,0.021333333333333315,0,0,0,0.21218574341148344,0.6138209039940542,0.3861790960059458,0.48333333333333334,0.5166666666666666,0.9093033404872408,metastable
0.5,0.7,12,0.18021418672688613,0.1318028504515067,0.04841133627537944,0.15,0.08866666666666667,0.06133333333333332,0,0,0,0.21604782622402663,0.09984972901313835,0.9001502709868616,0.8333333333333334,0.16666666666666663,1.0942531050557067,irreversible
0.5,0.7,13,0.20967636692371355,0.17407161538772417,0.03560475153598938,0.30933333333333335,0.164,0.14533333333333334,0,0,0,0.20292863866700206,0.14413082159995036,0.8558691784000496,0.45,0.55,1.4511036996173803,irreversible
0.5,0.7,14,0.240364435752995,0.1932474471421258,0.04711698861086919,0.292,0.16466666666666666,0.12733333333333333,0,0,0,0.19784328393886808,0.25483969900486947,0.7451603009951305,0.7166666666666667,0.2833333333333333,1.0721062148145146,irreversible
0.5,0.7,15,0.202063781654003,0.19779431907603684,0.004269462577966149,0.17466666666666666,0.172,0.0026666666666666783,0,0,0,0.2272697277063237,0.21389950297675392,0.7861004970232461,0.45,0.55,1.3378345293344043,irreversible
0.5,0.7,16,0.18604991060297682,0.18117516534728476,0.0048747452556920645,0.152,0.13733333333333334,0.014666666666666661,0,0,0,0.21433439168764057,0.23512159184973497,0.7648784081502651,0.6,0.4,1.1697637611308547,irreversible
0.5,0.7,17,0.3141475770741488,0.29398764166746943,0.020159935406679375,0.6553333333333333,0.4666666666666667,0.18866666666666665,0,0,0,0.22243987785149633,0.5028715949572374,0.49712840504276257,0.18333333333333332,0.8166666666666667,1.3660017222277658,irreversible
0.5,0.7,18,0.2138652074715356,0.21640062633551943,0.0025354188639838404,0.172,0.15066666666666667,0.021333333333333315,0,0,0,0.2232697716886478,0.3509200705535716,0.6490799294464284,0.5,0.5,1.1550471174957577,irreversible
0.5,0.7,19,0.140912624659864,0.08980341293516216,0.051109211724701856,0.044,0.058666666666666666,0.014666666666666668,0,0,0,0.21130679791920737,0.06746735084471457,0.9325326491552854,0.8,0.19999999999999996,1.1489766187531276,irreversible
0.5,0.8,0,0.13906597580901214,0.12176568249811345,0.01730029331089869,0.05466666666666667,0.03,0.02466666666666667,0,0,0,0.28230978332219914,0.13609477984162416,0.8639052201583759,0.5333333333333333,0.4666666666666667,1.341063626819434,irreversible
0.5,0.8,1,0.30363187065675545,0.32481054727556624,0.021178676618810788,0.7893333333333333,0.722,0.06733333333333336,0,0,0,0.3023803935167242,0.49147404448062126,0.5085259555193787,0.06666666666666667,0.9333333333333333,1.463987291340748,irreversible
0.5,0.8,2,0.11921227561586151,0.12954367424717633,0.010331398631314825,0.06666666666666667,0.156,0.08933333333333333,0,0,0,0.29313535743470653,0.2131558926308507,0.7868441073691493,0.8666666666666667,0.1333333333333333,0.9450936236936447,irreversible
0.5,0.8,3,0.2307433538241143,0.2425700497869405,0.011826695962826206,0.262,0.36733333333333335,0.10533333333333333,0,0,0,0.23740565444346828,0.3096004495593489,0.690399550440651,0.35,0.65,1.3696895577646908,irreversible
0.5,0.8,4,0.29401289657040075,0.299879939680464,0.0058670431100632525,0.326,0.44733333333333336,0.12133333333333335,0,0,0,0.25706527333908047,0.3916255896228513,0.6083744103771487,0.0,1.0,1.6401745044879978,irreversible
0.5,0.8,5,0.20296809662316423,0.2503748946719995,0.0474067980488353,0.22466666666666665,0.278,0.05333333333333337,0,0,0,0.26946486824883553,0.31416245010351956,0.6858375498964804,0.1,0.9,1.6110225827420228,irreversible
0.5,0.8,6,0.1824429331013877,0.14125123359662917,0.04119169950475854,0.17866666666666667,0.072,0.10666666666666667,0,0,0,0.2929323807861648,0.17558429217539898,0.824415707824601,0.13333333333333333,0.8666666666666667,1.728046966034124,irreversible
0.5,0.8,7,0.3726278398755286,0.3703777101166717,0.0022501297588569114,0.858,0.9653333333333334,0.10733333333333339,0,0,0,0.3137645108385745,0.6816450725174832,0.3183549274825168,0.55,0.44999999999999996,0.7957507932555644,metastable
0.5,0.8,8,0.17808020707793662,0.20877471426463307,0.030694507186696446,0.138,0.256,0.118,0,0,0,0.30264676987830497,0.1492659836037099,0.8507340163962901,0.5166666666666667,0.4833333333333333,1.3712409765262976,irreversible
0.5,0.8,9,0.1980759483933347,0.20531958497736136,0.007243636584026658,0.24933333333333332,0.21133333333333335,0.03799999999999998,0,0,0,0.2529074120190332,0.31430261674886706,0.6856973832511329,0.5,0.5,1.1970082923971395,irreversible
0.5,0.8,10,0.2578575537584646,0.24027385930612255,0.017583694452342036,0.31733333333333336,0.29533333333333334,0.02200000000000002,0,0,0,0.26845283135329534,0.34228026419685015,0.6577197358031499,0.8333333333333334,0.16666666666666663,0.834282326082902,irreversible
0.5,0.8,11,0.33204665829725055,0.3319038347673092,0.0001428235299413272,0.8366666666666667,0.7533333333333333,0.08333333333333337,0,0,0,0.2679855568226027,0.5788470658197121,0.4211529341802879,0.5,0.5,0.9420219733961066,metastable
0.5,0.8,12,0.18021418672688613,0.14301409821965355,0.03720008850723258,0.15,0.11066666666666666,0.03933333333333333,0,0,0,0.27224519597628294,0.2479652773320223,0.7520347226679777,0.85,0.15000000000000002,0.9211680781281192,irreversible
0.5,0.8,13,0.20967636692371355,0.17836367350602708,0.03131269341768647,0.30933333333333335,0.16866666666666666,0.1406666666666667,0,0,0,0.2561269155203816,0.16308629429788213,0.8369137057021179,0.55,0.44999999999999996,1.329908545723206,irreversible
0.5,0.8,14,0.240364435752995,0.15630664678047335,0.08405778897252164,0.292,0.15,0.142,0,0,0,0.25025318599816815,0.12452170382732794,0.875478296172672,0.6666666666666666,0.33333333333333337,1.2653260767491359,irreversible
0.5,0.8,15,0.202063781654003,0.19341222731725682,0.008651554336746164,0.17466666666666666,0.10733333333333334,0.06733333333333333,0,0,0,0.28502069209065406,0.165434473989669,0.834565526010331,0.4166666666666667,0.5833333333333333,1.436895081261184,irreversible
0.5,0.8,16,0.18604991060297682,0.20667380624754678,0.020623895644569956,0.152,0.21133333333333335,0.05933333333333335,0,0,0,0.2692276120484055,0.36132010683811233,0.6386798931618877,0.6833333333333333,0.31666666666666665,0.9753358670730302,irreversible
0.5,0.8,17,0.3141475770741488,0.293203734321014,0.020943842753134823,0.6553333333333333,0.5466666666666666,0.10866666666666669,0,0,0,0.279673379802743,0.5250792164368877,0.4749207835631123,0.18333333333333332,0.8166666666666667,1.3239900775847293,irreversible
0.5,0.8,18,0.2138652074715356,0.20860616194670423,0.005259045524831363,0.172,0.11333333333333333,0.05866666666666666,0,0,0,0.27988870702187263,0.3178432137860148,0.6821567862139852,0.2,0.8,1.4981382142618598,irreversible
0.5,0.8,19,0.140912624659864,0.0968819257220133,0.04403069893785071,0.044,0.068,0.024000000000000007,0,0,0,0.2673808214540693,0.11159513552459432,0.8884048644754057,0.7833333333333333,0.21666666666666667,1.122079205876535,irreversible
0.5,0.9,0,0.13906597580901214,0.11979103942896609,0.019274936380046057,0.05466666666666667,0.05533333333333333,0.0006666666666666626,0,0,0,0.34415194568358665,0.14081198467690584,0.8591880153230942,0.5666666666666667,0.43333333333333335,1.2975067494181056,irreversible
0.5,0.9,1,0.30363187065675545,0.32206817508902713,0.018436304432271677,0.7893333333333333,0.7446666666666667,0.04466666666666663,0,0,0,0.36659678277522656,0.44352671056967774,0.5564732894303223,0.0,1.0,1.5722490322050569,irreversible
0.5,0.9,2,0.11921227561586151,0.12668071158243363,0.007468435966572123,0.06666666666666667,0.134,0.06733333333333334,0,0,0,0.35680389314978145,0.22876802790754697,0.771231972092453,0.8666666666666667,0.1333333333333333,0.9232657477507626,irreversible
0.5,0.9,3,0.2307433538241143,0.23088756666948393,0.00014421284536964007,0.262,0.322,0.06,0,0,0,0.2912132071953887,0.2928532599386361,0.7071467400613639,0.45,0.55,1.2721827932727061,irreversible
0.5,0.9,4,0.29401289657040075,0.3071888342580886,0.013175937687687878,0.326,0.688,0.36199999999999993,0,0,0,0.31465004432663024,0.4448340353716225,0.5551659646283775,0.15,0.85,1.4989599490502994,irreversible
0.5,0.9,5,0.20296809662316423,0.262850310439341,0.059882213816176755,0.22466666666666665,0.42533333333333334,0.2006666666666667,0,0,0,0.32837406531701563,0.3829841467669258,0.6170158532330742,0.11666666666666667,0.8833333333333333,1.5654864066871186,irreversible
0.5,0.9,6,0.1824429331013877,0.14200792721762479,0.04043500588376292,0.17866666666666667,0.058666666666666666,0.12,0,0,0,0.3550989395108479,0.17650030602933514,0.8234996939706649,0.13333333333333333,0.8666666666666667,1.7302751121082725,irreversible
0.5,0.9,7,0.3726278398755286,0.3725669916333492,6.084824217938989e-05,0.858,1.122,0.2640000000000001,0,1,1,0.38020617485138786,0.6856830056665613,0.31431699433343874,0.55,0.44999999999999996,0.8303322063939836,metastable
0.5,0.9,8,0.17808020707793662,0.20282430191402037,0.024744094836083752,0.138,0.192,0.05399999999999999,0,0,0,0.3662902551220858,0.1804908361054016,0.8195091638945984,0.5666666666666667,0.43333333333333335,1.2725285209369528,irreversible
0.5,0.9,9,0.1980759483933347,0.20909151822642302,0.011015569833088323,0.24933333333333332,0.21533333333333332,0.034,0,0,0,0.3079858292773926,0.36148199058043856,0.6385180094195615,0.5,0.5,1.1497719018778336,irreversible
0.5,0.9,10,0.2578575537584646,0.2390847725304211,0.01877278122804349,0.31733333333333336,0.26066666666666666,0.0566666666666667,0,0,0,0.32705085886181484,0.30196863925994577,0.6980313607400542,0.8,0.19999999999999996,0.9168912227137317,irreversible
0.5,0.9,11,0.33204665829725055,0.3283201408888408,0.0037265174084097352,0.8366666666666667,0.702,0.1346666666666667,0,0,0,0.3266558027137042,0.5490340431572095,0.4509659568427905,0.5,0.5,0.9855642528615596,irreversible
0.5,0.9,12,0.18021418672688613,0.1296525437553049,0.05056164297158122,0.15,0.06533333333333333,0.08466666666666667,0,0,0,0.33102499349652503,0.20641649841350693,0.793583501586493,0.85,0.15000000000000002,0.9773905789960551,irreversible
0.5,0.9,13,0.20967636692371355,0.19676366454895688,0.012912702374756668,0.30933333333333335,0.182,0.12733333333333335,0,0,0,0.3119688734471462,0.19077199180101345,0.8092280081989865,0.55,0.44999999999999996,1.2942895171260091,irreversible
0.5,0.9,14,0.240364435752995,0.20495645771092647,0.03540797804206852,0.292,0.222,0.06999999999999998,0,0,0,0.30556972794593507,0.2974098645269434,0.7025901354730566,0.6833333333333333,0.31666666666666665,1.0456087966502405,irreversible
0.5,0.9,15,0.202063781654003,0.19897901638003743,0.0030847652739655618,0.17466666666666666,0.19,0.015333333333333338,0,0,0,0.3447394411660015,0.18115669251556313,0.8188433074844369,0.4166666666666667,0.5833333333333333,1.406781165469595,irreversible
0.5,0.9,16,0.18604991060297682,0.21282063046071312,0.026770719857736297,0.152,0.17266666666666666,0.020666666666666667,0,0,0,0.32629971891682885,0.36736429937317117,0.6326357006268288,0.65,0.35,0.9944950472579296,irreversible
0.5,0.9,17,0.3141475770741488,0.2925286736141691,0.021618903459979688,0.6553333333333333,0.522,0.1333333333333333,0,0,0,0.33921402636192144,0.5202810215669846,0.47971897843301536,0.13333333333333333,0.8666666666666667,1.3851237042980105,irreversible
0.5,0.9,18,0.2138652074715356,0.21155893026871994,0.0023062772028156486,0.172,0.15933333333333333,0.01266666666666666,0,0,0,0.3384514978699342,0.3142636525346811,0.6857363474653189,0.18333333333333332,0.8166666666666667,1.506146250099356,irreversible
0.5,0.9,19,0.140912624659864,0.10985460893546242,0.03105801572440159,0.044,0.06066666666666667,0.01666666666666667,0,0,0,0.32655996458531633,0.15881448002254653,0.8411855199774535,0.8,0.19999999999999996,1.0531166905752207,irreversible
0.5,1.0,0,0.13906597580901214,0.13562745533685222,0.0034385204721599227,0.05466666666666667,0.08266666666666667,0.027999999999999997,0,0,0,0.40760812482259345,0.22833047416877483,0.7716695258312252,0.55,0.44999999999999996,1.229529155949265,irreversible
0.5,1.0,1,0.30363187065675545,0.32346934760338864,0.01983747694663318,0.7893333333333333,0.812,0.022666666666666724,0,0,0,0.43165828661491445,0.4785065478892554,0.5214934521107446,0.4166666666666667,0.5833333333333333,1.1154528213474029,irreversible
0.5,1.0,2,0.11921227561586151,0.12015228647430641,0.0009400108584449035,0.06666666666666667,0.12133333333333333,0.05466666666666667,0,0,0,0.4218700240676443,0.21432128468352274,0.7856787153164773,0.8666666666666667,0.1333333333333333,0.9329137180310885,irreversible
0.5,1.0,3,0.2307433538241143,0.21010851495096075,0.020634838873153538,0.262,0.20933333333333334,0.05266666666666667,0,0,0,0.34728706259872266,0.29157637473466463,0.7084236252653353,0.5833333333333334,0.41666666666666663,1.143415668316957,irreversible
0.5,1.0,4,0.29401289657040075,0.30473393540423216,0.010721038833831409,0.326,0.6606666666666666,0.3346666666666666,0,0,0,0.3743076784720879,0.4612146770479077,0.5387853229520922,0.3,0.7,1.3251322493272166,irreversible
0.5,1.0,5,0.20296809662316423,0.23598820937169762,0.03302011274853339,0.22466666666666665,0.24,0.015333333333333338,0,0,0,0.388729854774285,0.4012654295739467,0.5987345704260534,0.26666666666666666,0.7333333333333334,1.3441562652798535,irreversible
0.5,1.0,6,0.1824429331013877,0.1443855398388286,0.03805739326255911,0.17866666666666667,0.08066666666666666,0.098,0,0,0,0.41809817499408897,0.20335849105796766,0.7966415089420323,0.18333333333333332,0.8166666666666667,1.6473225239243388,irreversible
0.5,1.0,7,0.3726278398755286,0.3798876657543058,0.007259825878777215,0.858,1.2286666666666666,0.3706666666666666,0,0,0,0.4473999905927052,0.6913198712443742,0.3086801287556258,0.08333333333333333,0.9166666666666666,1.3198284185586535,irreversible
0.5,1.0,8,0.17808020707793662,0.2258296902729209,0.04774948319498429,0.138,0.318,0.18,0,0,0,0.4303993070689581,0.2076140528402594,0.7923859471597405,0.45,0.55,1.3993233179584865,irreversible
0.5,1.0,9,0.1980759483933347,0.20659705100512618,0.008521102611791481,0.24933333333333332,0.28,0.030666666666666703,0,0,0,0.36443353351768903,0.3214842179133453,0.6785157820866548,0.5166666666666667,0.4833333333333333,1.1716460577396024,irreversible
0.5,1.0,10,0.2578575537584646,0.2437004000829003,0.014157153675564277,0.31733333333333336,0.256,0.06133333333333335,0,0,0,0.38708525285072215,0.3139201440993483,0.6860798559006517,0.8333333333333334,0.16666666666666663,0.8716191443195427,irreversible
0.5,1.0,11,0.33204665829725055,0.3294550859913208,0.002591572305929768,0.8366666666666667,0.7506666666666667,0.08599999999999997,0,0,0,0.38692027793110395,0.5645190234169937,0.43548097658300633,0.5,0.5,0.9576288696594888,metastable
0.5,1.0,12,0.18021418672688613,0.1184131523141451,0.06180103441274103,0.15,0.07333333333333333,0.07666666666666666,0,0,0,0.39105267428874413,0.1311813808189953,0.8688186191810047,0.85,0.15000000000000002,1.0534355444508565,irreversible
0.5,1.0,13,0.20967636692371355,0.19834471459809386,0.011331652325619695,0.30933333333333335,0.26866666666666666,0.040666666666666684,0,0,0,0.369214738265525,0.19828468604365176,0.8017153139563482,0.6,0.4,1.2147148937044197,irreversible
0.5,1.0,14,0.240364435752995,0.20542498388169642,0.03493945187129857,0.292,0.214,0.07799999999999999,0,0,0,0.3626454650169587,0.31043027765727405,0.689569722342726,0.7166666666666667,0.2833333333333333,1.0011379186438838,irreversible
0.5,1.0,15,0.202063781654003,0.19590074413037473,0.006163037523628262,0.17466666666666666,0.17,0.004666666666666652,0,0,0,0.4049453089357601,0.21126522736933323,0.7887347726306668,0.38333333333333336,0.6166666666666667,1.4081088653449074,irreversible
0.5,1.0,16,0.18604991060297682,0.18537386169750555,0.000676048905471266,0.152,0.084,0.06799999999999999,0,0,0,0.38425889830483717,0.3135617654329977,0.6864382345670024,0.6666666666666666,0.33333333333333337,1.0369405801267033,irreversible
0.5,1.0,17,0.3141475770741488,0.2952198068998837,0.018927770174265113,0.6553333333333333,0.516,0.1393333333333333,0,0,0,0.39964411495250163,0.5307985034644235,0.4692014965355765,0.13333333333333333,0.8666666666666667,1.375433439079143,irreversible
0.5,1.0,18,0.2138652074715356,0.2025317526013184,0.011333454870217197,0.172,0.13533333333333333,0.03666666666666665,0,0,0,0.39756588554744376,0.3187329681375421,0.6812670318624579,0.18333333333333332,0.8166666666666667,1.5099337289133457,irreversible
0.5,1.0,19,0.140912624659864,0.10557841845142152,0.03533420620844249,0.044,0.032,0.011999999999999997,0,0,0,0.3875722560635204,0.08944261169121469,0.9105573883087853,0.7833333333333333,0.21666666666666667,1.1390576065275624,irreversible
0.55,0.0,0,0.20921268782377525,0.1953659022220143,0.013846785601760947,0.3253333333333333,0.238,0.08733333333333332,0,0,0,0.0,0.09007009164066682,0.9099299083593332,0.36666666666666664,0.6333333333333333,1.5685582714264399,irreversible
0.55,0.0,1,0.42330117670752515,0.4370456638335957,0.01374448712607057,2.34,3.14,0.8000000000000003,2,4,2,0.0,0.5988688243504257,0.40113117564957435,0.08333333333333333,0.9166666666666666,1.5212339640977586,irreversible
0.55,0.0,2,0.1456257490752835,0.134857976545904,0.010767772529379493,0.19066666666666668,0.07466666666666667,0.116,0,0,0,0.0,0.38017563583472624,0.6198243641652738,0.9,0.09999999999999998,0.7515163072976186,irreversible
0.55,0.0,3,0.2920530296451045,0.2966484539155689,0.004595424270464388,1.1313333333333333,0.898,0.23333333333333328,0,0,0,0.0,0.33322185329877413,0.6667781467012259,0.75,0.25,0.9762603361021753,irreversible
0.55,0.0,4,0.3179335886184637,0.36372276067548964,0.04578917205702593,0.6306666666666667,1.5513333333333332,0.9206666666666665,0,0,0,0.0,0.44633536496275383,0.5536646350372462,0.5,0.5,1.2952785947181693,irreversible
0.55,0.0,5,0.3058674479761534,0.3522214047156753,0.04635395673952192,0.642,1.4333333333333333,0.7913333333333333,0,0,0,0.0,0.6232067882429022,0.3767932117570978,0.4166666666666667,0.5833333333333333,1.169548367608645,metastable
0.55,0.0,6,0.21453869915072088,0.21855903071813199,0.004020331567411106,0.20666666666666667,0.3233333333333333,0.11666666666666664,0,0,0,0.0,0.32088120951381066,0.6791187904861893,0.65,0.35,1.0592905400447088,irreversible
0.55,0.0,7,0.44223289375195757,0.4437624693954773,0.0015295756435197427,2.3353333333333333,2.6226666666666665,0.2873333333333332,1,2,1,0.0,0.7286545921100909,0.27134540788990913,0.0,1.0,1.3435611351341223,irreversible
0.55,0.0,8,0.27084673608457205,0.28753030752362707,0.016683571439055023,0.45666666666666667,0.5633333333333334,0.10666666666666669,0,0,0,0.0,0.35975638574609337,0.6402436142539066,0.016666666666666666,0.9833333333333333,1.6544145071136702,irreversible
0.55,0.0,9,0.30995719948572703,0.3069090368386594,0.0030481626470676426,0.7466666666666667,0.956,0.20933333333333326,0,0,0,0.0,0.4896937781802577,0.5103062218197423,0.4166666666666667,0.5833333333333333,1.1467349291481759,irreversible
0.55,0.0,10,0.39205739938701145,0.40079492605994516,0.008737526672933704,1.6313333333333333,1.9073333333333333,0.276,1,1,0,0.0,0.6261649642630299,0.3738350357369701,0.0,1.0,1.4450194174052033,irreversible
0.55,0.0,11,0.4108311591037647,0.4298202257039347,0.018989066600169968,2.006,2.452,0.4460000000000002,1,3,2,0.0,0.7347971356078801,0.26520286439211993,0.0,1.0,1.3814501310421625,irreversible
0.55,0.0,12,0.3278659994555901,0.31246147179362477,0.015404527661965317,1.0553333333333332,0.8093333333333333,0.24599999999999989,0,0,0,0.0,0.6179494041388364,0.38205059586116363,0.7333333333333333,0.2666666666666667,0.7140683944433217,metastable
0.55,0.0,13,0.3278795817992703,0.31825960236681394,0.00961997943245635,0.772,0.7746666666666666,0.002666666666666595,0,0,0,0.0,0.49817350978715147,0.5018264902128485,0.0,1.0,1.5048981517376292,irreversible
0.55,0.0,14,0.38694522925878694,0.3998528656490104,0.012907636390223465,1.472,1.8493333333333333,0.3773333333333333,0,0,0,0.0,0.5187597922016448,0.4812402077983552,0.4,0.6,1.1788004502292444,irreversible
0.55,0.0,15,0.27672807160702373,0.27489038342736444,0.0018376881796592914,0.41533333333333333,0.67,0.2546666666666667,0,0,0,0.0,0.3864171825451023,0.6135828174548976,0.5166666666666667,0.4833333333333333,1.1610422394998126,irreversible
0.55,0.0,16,0.267207362676721,0.3201176553991048,0.05291029272238379,0.42866666666666664,1.0613333333333332,0.6326666666666666,0,0,0,0.0,0.5164013673599714,0.48359863264002856,0.8,0.19999999999999996,0.8549928724872912,irreversible
0.55,0.0,17,0.42327862079624,0.425565858515559,0.0022872377193189908,2.1806666666666668,2.054,0.12666666666666693,1,2,1,0.0,0.7755269452730913,0.2244730547269087,0.0,1.0,1.2567115308234051,irreversible
0.55,0.0,18,0.30804680073066093,0.31335377072312653,0.005306969992465604,0.8006666666666666,0.7806666666666666,0.020000000000000018,0,0,0,0.0,0.49717170842715575,0.5028282915728443,0.95,0.050000000000000044,0.5591550340709607,irreversible
0.55,0.0,19,0.22490115904529015,0.23242874699642474,0.00752758795113459,0.26666666666666666,0.2986666666666667,0.03200000000000003,0,0,0,0.0,0.4446061121426341,0.5553938878573659,0.11666666666666667,0.8833333333333333,1.4486091181784828,irreversible
0.55,0.1,0,0.20921268782377525,0.21484476600679545,0.005632078183020195,0.3253333333333333,0.31733333333333336,0.007999999999999952,0,0,0,0.005082959184978253,0.3000807138316992,0.6999192861683008,0.4,0.6,1.3033273057140558,irreversible
0.55,0.1,1,0.42330117670752515,0.43263928779399974,0.009338111086474588,2.34,2.958,0.6180000000000003,2,1,1,0.005567735344719993,0.5062317945563783,0.49376820544362165,0.0,1.0,1.6506027332152404,irreversible
0.55,0.1,2,0.1456257490752835,0.19328708913922582,0.04766134006394232,0.19066666666666668,0.27266666666666667,0.08199999999999999,0,0,0,0.005307263305182053,0.40390944712759363,0.5960905528724063,0.8333333333333334,0.16666666666666663,0.7951725545550585,irreversible
0.55,0.1,3,0.2920530296451045,0.2991164687352354,0.007063439090130907,1.1313333333333333,0.9013333333333333,0.22999999999999998,0,0,0,0.004175440822384302,0.32881339913411234,0.6711866008658877,0.8166666666666667,0.18333333333333335,0.9137857939717537,irreversible
0.55,0.1,4,0.3179335886184637,0.3640502373544388,0.046116648735975097,0.6306666666666667,1.4953333333333334,0.8646666666666667,0,0,0,0.004554961461759155,0.4411522508327237,0.5588477491672763,0.6,0.4,1.1865435780179368,irreversible
0.55,0.1,5,0.3058674479761534,0.3522761589228785,0.04640871094672511,0.642,1.41,0.7679999999999999,0,0,0,0.004855247808518315,0.6204482962869582,0.3795517037130418,0.4166666666666667,0.5833333333333333,1.1664872147830563,metastable
0.55,0.1,6,0.21453869915072088,0.2170806208210974,0.002541921670376507,0.20666666666666667,0.25133333333333335,0.04466666666666669,0,0,0,0.00540133673198373,0.2997968680799634,0.7002031319200366,0.6,0.4,1.1120052790042976,irreversible
0.55,0.1,7,0.44223289375195757,0.42820441244993784,0.014028481302019724,2.3353333333333333,2.1686666666666667,0.16666666666666652,1,1,0,0.005785230342152614,0.7691806372603024,0.2308193627396976,0.0,1.0,1.2759931497318693,irreversible
0.55,0.1,8,0.27084673608457205,0.28553462358027354,0.01468788749570149,0.45666666666666667,0.446,0.010666666666666658,0,0,0,0.005601349941135814,0.3884842498983111,0.6115157501016889,0.0,1.0,1.617854388642281,irreversible
0.55,0.1,9,0.30995719948572703,0.2995564926161356,0.010400706869591436,0.7466666666666667,0.5813333333333334,0.16533333333333333,0,0,0,0.0045797356965694425,0.4381480148634916,0.5618519851365085,0.4,0.6,1.2057854951872393,irreversible
0.55,0.1,10,0.39205739938701145,0.3965718315229782,0.0045144321359667505,1.6313333333333333,1.9386666666666668,0.30733333333333346,1,1,0,0.004845457257861452,0.558273396643863,0.441726603356137,0.0,1.0,1.519688544723462,irreversible
0.55,0.1,11,0.4108311591037647,0.42979753568564844,0.018966376581883715,2.006,2.4966666666666666,0.4906666666666668,1,2,1,0.004834404950814775,0.7179367713448563,0.28206322865514366,0.23333333333333334,0.7666666666666666,1.176138156133948,irreversible
0.55,0.1,12,0.3278659994555901,0.3288905238508637,0.0010245243952736183,1.0553333333333332,1.296,0.2406666666666668,0,0,0,0.004960474886224864,0.7391741045575706,0.2608258954424294,0.23333333333333334,0.7666666666666666,1.0879153598745812,irreversible
0.55,0.1,13,0.3278795817992703,0.3348020002741779,0.006922418474907599,0.772,0.8666666666666667,0.09466666666666668,0,0,0,0.004633053394615061,0.5947666515790723,0.40523334842092773,0.0,1.0,1.4306306197063212,irreversible
0.55,0.1,14,0.38694522925878694,0.39396281311850584,0.007017583859718901,1.472,1.92,0.44799999999999995,0,0,0,0.004485647838096685,0.5005517201112581,0.49944827988874185,0.3333333333333333,0.6666666666666667,1.2798693425203385,irreversible
0.55,0.1,15,0.27672807160702373,0.27095523925131254,0.005772832355711188,0.41533333333333333,0.42,0.004666666666666652,0,0,0,0.0053028351034647425,0.424411137496801,0.5755888625031991,0.5666666666666667,0.43333333333333335,1.011532070592127,irreversible
0.55,0.1,16,0.267207362676721,0.32432940620728445,0.05712204353056344,0.42866666666666664,0.886,0.45733333333333337,0,0,0,0.0049821369432875295,0.5312692682743773,0.46873073172562274,0.6,0.4,0.997344575941597,irreversible
0.55,0.1,17,0.42327862079624,0.4011149940728804,0.022163626723359586,2.1806666666666668,1.5193333333333334,0.6613333333333333,1,1,0,0.0051455148148102925,0.723643334372128,0.276356665627872,0.0,1.0,1.4472309056420452,irreversible
0.55,0.1,18,0.30804680073066093,0.3008119231977778,0.007234877532883155,0.8006666666666666,0.6346666666666667,0.16599999999999993,0,0,0,0.005223089436370398,0.4451299778445846,0.5548700221554155,0.95,0.050000000000000044,0.6481787415386363,irreversible
0.55,0.1,19,0.22490115904529015,0.2314721198917044,0.006570960846414259,0.26666666666666666,0.28733333333333333,0.020666666666666667,0,0,0,0.0047804830987612235,0.4298926844121103,0.5701073155878897,0.23333333333333334,0.7666666666666666,1.3435833891328266,irreversible
0.55,0.2,0,0.20921268782377525,0.24622790365392708,0.037015215830151826,0.3253333333333333,0.4106666666666667,0.08533333333333337,0,0,0,0.020193045814065447,0.4884919061800513,0.5115080938199488,0.6,0.4,0.94209523111082,irreversible
0.55,0.2,1,0.42330117670752515,0.4283839886673522,0.005082811959827072,2.34,2.924,0.5840000000000001,2,1,1,0.02209382812342442,0.4828557549884171,0.5171442450115828,0.0,1.0,1.6644149480015398,irreversible
0.55,0.2,2,0.1456257490752835,0.16864985087926834,0.023024101803984842,0.19066666666666668,0.10266666666666667,0.08800000000000001,0,0,0,0.021078674462537306,0.37830080317680304,0.621699196823197,0.4666666666666667,0.5333333333333333,1.1827885556075266,irreversible
0.55,0.2,3,0.2920530296451045,0.3025670587583592,0.01051402911325472,1.1313333333333333,0.9866666666666667,0.1446666666666666,0,0,0,0.01660651766859711,0.3370981941341303,0.6629018058658698,0.75,0.25,0.9516969798108501,irreversible
0.55,0.2,4,0.3179335886184637,0.36226145614592514,0.04432786752746143,0.6306666666666667,1.4693333333333334,0.8386666666666667,0,0,0,0.01810989112517447,0.44271134447738725,0.5572886555226128,0.7,0.30000000000000004,1.0780372890711447,irreversible
0.55,0.2,5,0.3058674479761534,0.3549417056194405,0.0490742576432871,0.642,1.444,0.8019999999999999,0,0,0,0.019288153457760138,0.630023825062643,0.369976174937357,0.4166666666666667,0.5833333333333333,1.166078072681512,metastable
0.55,0.2,6,0.21453869915072088,0.21941488567763678,0.004876186526915904,0.20666666666666667,0.316,0.10933333333333334,0,0,0,0.0214311705939928,0.26053196656094973,0.7394680334390502,0.5833333333333334,0.41666666666666663,1.1846870800707792,irreversible
0.55,0.2,7,0.44223289375195757,0.43724450366655765,0.004988390085399919,2.3353333333333333,2.504,0.16866666666666674,1,2,1,0.02295582617563563,0.849146585477682,0.15085341452231804,0.0,1.0,1.1942671787103345,irreversible
0.55,0.2,8,0.27084673608457205,0.2788246854323865,0.007977949347814428,0.45666666666666667,0.544,0.08733333333333337,0,0,0,0.02222273995200541,0.3675742208690282,0.6324257791309718,0.016666666666666666,0.9833333333333333,1.639586933134592,irreversible
0.55,0.2,9,0.30995719948572703,0.3082781910120886,0.0016790084736384436,0.7466666666666667,0.5493333333333333,0.19733333333333336,0,0,0,0.018187698023347854,0.5435469824751609,0.45645301752483913,0.4,0.6,1.1062061029765822,irreversible
0.55,0.2,10,0.39205739938701145,0.3919905480286657,6.685135834577638e-05,1.6313333333333333,1.722,0.09066666666666667,1,1,0,0.019247186053557908,0.5384240669351162,0.46157593306488376,0.0,1.0,1.484259312571137,irreversible
0.55,0.2,11,0.4108311591037647,0.4239864782420095,0.013155319138244803,2.006,2.394,0.38800000000000034,1,2,1,0.019202771093093873,0.7682441061433746,0.23175589385662543,0.7833333333333333,0.21666666666666667,0.5487113903078534,metastable
0.55,0.2,12,0.3278659994555901,0.3075438657131566,0.020322133742433468,1.0553333333333332,0.9206666666666666,0.1346666666666666,0,0,0,0.019693681911027272,0.6926833991178702,0.30731660088212975,0.18333333333333332,0.8166666666666667,1.1627304676510715,irreversible
0.55,0.2,13,0.3278795817992703,0.33299955521947505,0.00511997342020476,0.772,0.834,0.061999999999999944,0,0,0,0.018400621743477563,0.5910228074618286,0.40897719253817144,0.0,1.0,1.4257571858932225,irreversible
0.55,0.2,14,0.38694522925878694,0.38628599250387796,0.0006592367549089762,1.472,1.7806666666666666,0.30866666666666664,0,0,0,0.017822918794434872,0.4987751654994502,0.5012248345005498,0.25,0.75,1.3285563103559435,irreversible
0.55,0.2,15,0.27672807160702373,0.2657437881899885,0.010984283417035223,0.41533333333333333,0.574,0.15866666666666662,0,0,0,0.021030983863888464,0.36677122447425803,0.633228775525742,0.23333333333333334,0.7666666666666666,1.4423081797133341,irreversible
0.55,0.2,16,0.267207362676721,0.3114322006739441,0.0442248379972231,0.42866666666666664,0.8326666666666667,0.404,0,0,0,0.019762566257660485,0.4831809535094783,0.5168190464905217,0.85,0.15000000000000002,0.7788752559898274,irreversible
0.55,0.2,17,0.42327862079624,0.3819291552174968,0.041349465578743194,2.1806666666666668,1.448,0.7326666666666668,1,1,0,0.02041849490494585,0.7093103173721317,0.2906896826278683,0.016666666666666666,0.9833333333333333,1.467527049022554,irreversible
0.55,0.2,18,0.30804680073066093,0.29698122114544706,0.01106557958521387,0.8006666666666666,0.6106666666666667,0.18999999999999995,0,0,0,0.020710169321628502,0.4360716848474782,0.5639283151525218,0.95,0.050000000000000044,0.6641947100488254,irreversible
0.55,0.2,19,0.22490115904529015,0.21670005771619025,0.008201101329099902,0.26666666666666666,0.264,0.0026666666666666505,0,0,0,0.018997841239258295,0.46129944073297696,0.5387005592670231,0.6833333333333333,0.31666666666666665,0.8580841679326314,irreversible
0.55,0.3,0,0.20921268782377525,0.19987026415585546,0.009342423667919791,0.3253333333333333,0.17733333333333334,0.14799999999999996,0,0,0,0.04491957961568338,0.4000476567308572,0.5999523432691428,0.6166666666666667,0.3833333333333333,1.022621282519456,irreversible
0.55,0.3,1,0.42330117670752515,0.4360536453147244,0.012752468607199252,2.34,3.017333333333333,0.6773333333333333,2,3,1,0.04905571508536821,0.754880827764622,0.24511917223537805,0.2,0.8,1.2176406227205112,irreversible
0.55,0.3,2,0.1456257490752835,0.17775544100461751,0.032129691929334014,0.19066666666666668,0.192,0.0013333333333333253,0,0,0,0.04686935264896541,0.22449679352542162,0.7755032064745784,0.4166666666666667,0.5833333333333333,1.3672022961235784,irreversible
0.55,0.3,3,0.2920530296451045,0.29711651680534273,0.005063487160238245,1.1313333333333333,1.0206666666666666,0.11066666666666669,0,0,0,0.037010886385621666,0.3417691755477004,0.6582308244522996,0.75,0.25,0.9371633629090259,irreversible
0.55,0.3,4,0.3179335886184637,0.3626176264547821,0.04468403783631841,0.6306666666666667,1.516,0.8853333333333333,0,0,0,0.04033879710526955,0.44934592899156495,0.5506540710084351,0.7,0.30000000000000004,1.083158413800848,irreversible
0.55,0.3,5,0.3058674479761534,0.35526613475959706,0.04939868678344367,0.642,1.4713333333333334,0.8293333333333334,0,0,0,0.04290546087307101,0.6353673186604034,0.3646326813395966,0.38333333333333336,0.6166666666666667,1.2009823530354575,irreversible
0.55,0.3,6,0.21453869915072088,0.22243701440695593,0.00789831525623505,0.20666666666666667,0.262,0.055333333333333345,0,0,0,0.04757620097962545,0.22261062488406638,0.7773893751159336,0.55,0.44999999999999996,1.2431972872633257,irreversible
0.55,0.3,7,0.44223289375195757,0.44100140282195094,0.001231490930006629,2.3353333333333333,2.5553333333333335,0.2200000000000002,1,1,0,0.0509654938033971,0.6660350997654035,0.33396490023459646,0.7333333333333333,0.2666666666666667,0.6559394396337649,metastable
0.55,0.3,8,0.27084673608457205,0.28323204883857156,0.012385312753999511,0.45666666666666667,0.5726666666666667,0.11599999999999999,0,0,0,0.04932491169818787,0.360692989417703,0.639307010582297,0.11666666666666667,0.8833333333333333,1.55473667210413,irreversible
0.55,0.3,9,0.30995719948572703,0.30037543778834563,0.009581761697381397,0.7466666666666667,0.4633333333333333,0.2833333333333334,0,0,0,0.04043632998506097,0.5296344478383412,0.47036555216165876,0.4166666666666667,0.5833333333333333,1.1269276592526707,irreversible
0.55,0.3,10,0.39205739938701145,0.38850787341096354,0.003549525976047907,1.6313333333333333,1.7506666666666666,0.11933333333333329,1,1,0,0.04280687287122964,0.4629895042352613,0.5370104957647387,0.0,1.0,1.567731210592084,irreversible
0.55,0.3,11,0.4108311591037647,0.4184649215409217,0.007633762437156966,2.006,2.1306666666666665,0.1246666666666667,1,2,1,0.04270669406900163,0.7833410155876942,0.2166589844123058,0.9666666666666667,0.033333333333333326,0.28306742502159504,metastable
0.55,0.3,12,0.3278659994555901,0.3343193428970828,0.0064533434414927315,1.0553333333333332,1.2446666666666666,0.18933333333333335,0,0,0,0.04376220375150763,0.46942256543346833,0.5305774345665317,0.31666666666666665,0.6833333333333333,1.2628574370935715,irreversible
0.55,0.3,13,0.3278795817992703,0.3221520410740206,0.005727540725249669,0.772,0.8473333333333334,0.07533333333333336,0,0,0,0.04091397074266456,0.4970992428662725,0.5029007571337275,0.0,1.0,1.5231659756483733,irreversible
0.55,0.3,14,0.38694522925878694,0.3883969526738042,0.0014517234150172587,1.472,1.648,0.17599999999999993,0,0,0,0.039658121293117965,0.7690594254944796,0.2309405745055204,0.016666666666666666,0.9833333333333333,1.2586368386926081,irreversible
0.55,0.3,15,0.27672807160702373,0.2598126614644311,0.016915410142592624,0.41533333333333333,0.4633333333333333,0.04799999999999999,0,0,0,0.04665332075894657,0.3302695444985944,0.6697304555014056,0.18333333333333332,0.8166666666666667,1.5026259747037205,irreversible
0.55,0.3,16,0.267207362676721,0.29896863162299836,0.03176126894627734,0.42866666666666664,0.6386666666666667,0.21000000000000008,0,0,0,0.04385319866641246,0.42800353565615074,0.5719964643438493,0.7833333333333333,0.21666666666666667,0.8491034482470853,irreversible
0.55,0.3,17,0.42327862079624,0.4071385870269313,0.016140033769308726,2.1806666666666668,1.7506666666666666,0.43000000000000016,1,1,0,0.045336698142943166,0.7492289482377282,0.25077105176227177,0.0,1.0,1.3623060602045989,irreversible
0.55,0.3,18,0.30804680073066093,0.30707413465928135,0.0009726660713795798,0.8006666666666666,0.7153333333333334,0.08533333333333326,0,0,0,0.04592561741286427,0.4888518571490123,0.5111481428509876,0.016666666666666666,0.9833333333333333,1.5160579760354989,irreversible
0.55,0.3,19,0.22490115904529015,0.20476838810968329,0.020132770935606864,0.26666666666666666,0.3433333333333333,0.07666666666666666,0,0,0,0.04228468101897398,0.35904967938047927,0.6409503206195207,0.7833333333333333,0.21666666666666667,0.8818168466867558,irreversible
0.55,0.4,0,0.20921268782377525,0.22252411565484218,0.013311427831066924,0.3253333333333333,0.5886666666666667,0.26333333333333336,0,0,0,0.078596769228518,0.509436250740523,0.490563749259477,0.25,0.75,1.3097249395505772,irreversible
0.55,0.4,1,0.42330117670752515,0.42862229397358775,0.005321117266062603,2.34,2.6533333333333333,0.31333333333333346,2,2,0,0.08561117446767541,0.6969153188023951,0.3030846811976049,0.0,1.0,1.382748293847454,irreversible
0.55,0.4,2,0.1456257490752835,0.10902062389753568,0.03660512517774782,0.19066666666666668,0.102,0.08866666666666669,0,0,0,0.08195835964297293,0.18079347151609662,0.8192065284839034,0.7666666666666667,0.23333333333333328,1.0838578097783402,irreversible
0.55,0.4,3,0.2920530296451045,0.2956833685028034,0.0036303388576989226,1.1313333333333333,1.002,0.1293333333333333,0,0,0,0.06492912668400885,0.3491086496489485,0.6508913503510515,0.75,0.25,0.9341322683988096,irreversible
0.55,0.4,4,0.3179335886184637,0.36344605953627523,0.04551247091781152,0.6306666666666667,1.5726666666666667,0.942,0,0,0,0.07071109653724983,0.43818594444444525,0.5618140555555547,0.6333333333333333,0.3666666666666667,1.1753588399516743,irreversible
0.55,0.4,5,0.3058674479761534,0.3548413816381535,0.04897393366200009,0.642,1.5386666666666666,0.8966666666666666,0,0,0,0.07506900140975059,0.6140301735796042,0.3859698264203958,0.4,0.6,1.2223799765025625,irreversible
0.55,0.4,6,0.21453869915072088,0.21798663614531028,0.0034479369945893956,0.20666666666666667,0.276,0.06933333333333336,0,0,0,0.08301100111133863,0.1980200640428287,0.8019799359571713,0.5333333333333333,0.4666666666666667,1.2868419202058186,irreversible
0.55,0.4,7,0.44223289375195757,0.46031354550838355,0.01808065175642598,2.3353333333333333,2.744,0.40866666666666696,1,1,0,0.08893318175785414,0.8347568022633428,0.1652431977366572,0.8166666666666667,0.18333333333333335,0.4552633606757638,metastable
0.55,0.4,8,0.27084673608457205,0.28396945545713115,0.0131227193725591,0.45666666666666667,0.5526666666666666,0.09599999999999997,0,0,0,0.0860376583618786,0.344120886970045,0.655879113029955,0.13333333333333333,0.8666666666666667,1.5498264595397615,irreversible
0.55,0.4,9,0.30995719948572703,0.30970315149305927,0.0002540479926677608,0.7466666666666667,0.6666666666666666,0.08000000000000007,0,0,0,0.07069990312459717,0.5375383927203503,0.4624616072796497,0.4,0.6,1.0825251192778165,irreversible
0.55,0.4,10,0.39205739938701145,0.4026340758697841,0.010576676482772662,1.6313333333333333,2.0493333333333332,0.4179999999999999,1,1,0,0.07487908239870322,0.5016490063654641,0.49835099363453594,0.0,1.0,1.605495162755229,irreversible
0.55,0.4,11,0.4108311591037647,0.41244899930159,0.0016178401978252932,2.006,1.9406666666666668,0.06533333333333302,1,1,0,0.07470227106958927,0.7328727219288892,0.2671272780711108,0.8833333333333333,0.1166666666666667,0.4005317381205671,metastable
0.55,0.4,12,0.3278659994555901,0.29028039785337945,0.03758560160221064,1.0553333333333332,0.7346666666666667,0.32066666666666654,0,0,0,0.07646068187257193,0.2984591511443226,0.7015408488556774,0.48333333333333334,0.5166666666666666,1.3077705825895634,irreversible
0.55,0.4,13,0.3278795817992703,0.31736535639012997,0.010514225409140321,0.772,0.7793333333333333,0.007333333333333303,0,0,0,0.071544980527114,0.4799307117340667,0.5200692882659332,0.23333333333333334,0.7666666666666666,1.2911978446182182,irreversible
0.55,0.4,14,0.38694522925878694,0.37346922716509273,0.013476002093694206,1.472,1.3126666666666666,0.15933333333333333,0,1,1,0.0694192131554271,0.531828871107598,0.468171128892402,0.75,0.25,0.761373462749159,irreversible
0.55,0.4,15,0.27672807160702373,0.26306950005549695,0.013658571551526777,0.41533333333333333,0.45066666666666666,0.03533333333333333,0,0,0,0.08131708391445913,0.3327898686486008,0.6672101313513992,0.25,0.75,1.429458107572614,irreversible
0.55,0.4,16,0.267207362676721,0.3101837695338516,0.04297640685713061,0.42866666666666664,0.774,0.3453333333333334,0,0,0,0.07647264166529855,0.468143660929385,0.531856339070615,0.8,0.19999999999999996,0.828933774118231,irreversible
0.55,0.4,17,0.42327862079624,0.4112514837050892,0.01202713709115083,2.1806666666666668,1.8373333333333333,0.3433333333333335,1,1,0,0.0791239878765776,0.7419960428199761,0.2580039571800239,0.0,1.0,1.346844074786145,irreversible
0.55,0.4,18,0.30804680073066093,0.29649000965624495,0.011556791074415984,0.8006666666666666,0.5366666666666666,0.264,0,0,0,0.080012374822243,0.4167912502892469,0.5832087497107531,0.0,1.0,1.6520979474793571,irreversible
0.55,0.4,19,0.22490115904529015,0.22228980597410933,0.002611353071180822,0.26666666666666666,0.24133333333333334,0.02533333333333332,0,0,0,0.07404470506928251,0.41472457750920017,0.5852754224907999,0.8166666666666667,0.18333333333333335,0.7755949274252617,irreversible
0.55,0.5,0,0.20921268782377525,0.17025102846504306,0.03896165935873219,0.3253333333333333,0.22,0.1053333333333333,0,0,0,0.12033069666070473,0.3108188247663345,0.6891811752336655,0.26666666666666666,0.7333333333333334,1.4585882567400152,irreversible
0.55,0.5,1,0.42330117670752515,0.42025515608927505,0.0030460206182501004,2.34,2.4246666666666665,0.08466666666666667,2,1,1,0.13063955510002467,0.6873148140153935,0.3126851859846065,0.0,1.0,1.3346133578058357,irreversible
0.55,0.5,2,0.1456257490752835,0.1748829590841486,0.02925721000886511,0.19066666666666668,0.17133333333333334,0.01933333333333334,0,0,0,0.12537838721291628,0.2610647407125729,0.7389352592874271,0.5666666666666667,0.43333333333333335,1.1844162284563098,irreversible
0.55,0.5,3,0.2920530296451045,0.2990425155535872,0.0069894859084826955,1.1313333333333333,1.0606666666666666,0.07066666666666666,0,0,0,0.09974093526391925,0.33829515013193057,0.6617048498680694,0.7666666666666667,0.23333333333333328,0.9144522213451901,irreversible
0.55,0.5,4,0.3179335886184637,0.36427100389355616,0.04633741527509244,0.6306666666666667,1.528,0.8973333333333333,0,0,0,0.10851013231817641,0.43396584088096735,0.5660341591190327,0.5833333333333334,0.41666666666666663,1.2186185129378058,irreversible
0.55,0.5,5,0.3058674479761534,0.3598048629087606,0.05393741493260723,0.642,1.5166666666666666,0.8746666666666666,0,0,0,0.11492066500086584,0.631393066457386,0.368606933542614,0.43333333333333335,0.5666666666666667,1.167424620609099,metastable
0.55,0.5,6,0.21453869915072088,0.25016832964370517,0.03562963049298429,0.20666666666666667,0.35,0.1433333333333333,0,0,0,0.12664078909907894,0.34211122824088275,0.6578887717591173,0.85,0.15000000000000002,0.8526295127156966,irreversible
0.55,0.5,7,0.44223289375195757,0.4521074224794168,0.009874528727459253,2.3353333333333333,2.6733333333333333,0.3380000000000001,1,1,0,0.1356854011947447,0.8163575550816152,0.18364244491838477,0.85,0.15000000000000002,0.42061107710024964,metastable
0.55,0.5,8,0.27084673608457205,0.2900425828900541,0.01919584680548203,0.45666666666666667,0.6786666666666666,0.22199999999999998,0,0,0,0.13120089928104572,0.33133350825631935,0.6686664917436806,0.15,0.85,1.578965453445051,irreversible
0.55,0.5,9,0.30995719948572703,0.30159679970481823,0.0083603997809088,0.7466666666666667,0.6273333333333333,0.1193333333333334,0,0,0,0.1081434761672907,0.5260368480140675,0.47396315198593253,0.35,0.65,1.155886585264493,irreversible
0.55,0.5,10,0.39205739938701145,0.39921083553690195,0.007153436149890502,1.6313333333333333,2.0533333333333332,0.42199999999999993,1,1,0,0.11459786559889451,0.4987411908101163,0.5012588091898837,0.0,1.0,1.6085471682273562,irreversible
0.55,0.5,11,0.4108311591037647,0.41336025181455627,0.0025290927107915473,2.006,1.8966666666666667,0.10933333333333306,1,1,0,0.11432899370206262,0.7501221027713904,0.24987789722860965,0.8666666666666667,0.1333333333333333,0.4111768370729741,metastable
0.55,0.5,12,0.3278659994555901,0.2548481261864371,0.07301787326915299,1.0553333333333332,0.5346666666666666,0.5206666666666666,0,0,0,0.11684978056724893,0.22535320509226636,0.7746467949077336,0.35,0.65,1.5730679298916885,irreversible
0.55,0.5,13,0.3278795817992703,0.3354268829441497,0.0075473011448793925,0.772,1.09,0.31800000000000006,0,0,0,0.10945454337863159,0.5383322977303713,0.4616677022696287,0.0,1.0,1.5430545275558487,irreversible
0.55,0.5,14,0.38694522925878694,0.3781784264792074,0.00876680277957953,1.472,1.1293333333333333,0.3426666666666667,0,1,1,0.10634090326647128,0.5836412715775658,0.41635872842243415,0.75,0.25,0.7542170957839958,metastable
0.55,0.5,15,0.27672807160702373,0.28308876500297203,0.0063606933959483025,0.41533333333333333,0.49,0.07466666666666666,0,0,0,0.1238941505101453,0.4384547712537838,0.5615452287462162,0.6,0.4,0.9818020687618699,irreversible
0.55,0.5,16,0.267207362676721,0.29287823239575617,0.02567086971903515,0.42866666666666664,0.6193333333333333,0.19066666666666665,0,0,0,0.11659172823972008,0.3912203665347447,0.6087796334652553,0.8833333333333333,0.1166666666666667,0.7795306842283475,irreversible
0.55,0.5,17,0.42327862079624,0.40516483801894737,0.018113782777292642,2.1806666666666668,1.8793333333333333,0.30133333333333345,1,2,1,0.1207497832915988,0.7104780475688767,0.28952195243112333,0.8166666666666667,0.18333333333333335,0.5527170647921132,metastable
0.55,0.5,18,0.30804680073066093,0.3055304915524664,0.002516309178194509,0.8006666666666666,0.576,0.22466666666666668,0,0,0,0.1218425643847636,0.44495947137726405,0.555040528622736,0.0,1.0,1.6118362725839512,irreversible
0.55,0.5,19,0.22490115904529015,0.22095615634972213,0.003945002695568023,0.26666666666666666,0.2653333333333333,0.001333333333333353,0,0,0,0.11347591667395573,0.2976862305333192,0.7023137694666808,0.75,0.25,0.9536333534739061,irreversible
0.55,0.6,0,0.20921268782377525,0.19798890868263858,0.011223779141136675,0.3253333333333333,0.3293333333333333,0.0040000000000000036,0,0,0,0.16903510162554858,0.539016261020799,0.460983738979201,0.31666666666666665,0.6833333333333333,1.1481230170978183,irreversible
0.55,0.6,1,0.42330117670752515,0.40948055145750095,0.013820625250024199,2.34,2.184,0.1559999999999997,2,1,1,0.18279593430765406,0.6936275634045485,0.30637243659545155,0.0,1.0,1.3488275929079574,irreversible
0.55,0.6,2,0.1456257490752835,0.18130969312785586,0.03568394405257236,0.19066666666666668,0.152,0.03866666666666668,0,0,0,0.1759551704983523,0.32333294842384813,0.6766670515761519,0.36666666666666664,0.6333333333333333,1.3285880375892951,irreversible
0.55,0.6,3,0.2920530296451045,0.29778574952035297,0.005732719875248482,1.1313333333333333,1.0233333333333334,0.10799999999999987,0,0,0,0.14068675175838763,0.3423840577328189,0.6576159422671811,0.7833333333333333,0.21666666666666667,0.9027157889026598,irreversible
0.55,0.6,4,0.3179335886184637,0.36556825839870105,0.04763466978023734,0.6306666666666667,1.5826666666666667,0.952,0,0,0,0.15285794978753298,0.4416581125841986,0.5583418874158014,0.5833333333333334,0.41666666666666663,1.2249172215275272,irreversible
0.55,0.6,5,0.3058674479761534,0.3597929551808286,0.053925507204675205,0.642,1.5266666666666666,0.8846666666666666,0,0,0,0.16141558093615416,0.6332203923461427,0.3667796076538573,0.38333333333333336,0.6166666666666667,1.2180943177883594,irreversible
0.55,0.6,6,0.21453869915072088,0.2515143622744069,0.036975663123686,0.20666666666666667,0.378,0.17133333333333334,0,0,0,0.17715685290420558,0.37925498926615353,0.6207450107338465,0.8166666666666667,0.18333333333333335,0.8561555931814347,irreversible
0.55,0.6,7,0.44223289375195757,0.4563468200752848,0.014113926323327253,2.3353333333333333,2.774,0.43866666666666676,1,1,0,0.18981192657850976,0.8609744604738635,0.1390255395261365,0.8,0.19999999999999996,0.45222068777363494,reversible
0.55,0.6,8,0.27084673608457205,0.29564946808477144,0.02480273200019939,0.45666666666666667,0.7106666666666667,0.254,0,0,0,0.1834187878883845,0.36044980785070585,0.6395501921492941,0.05,0.95,1.659250875149344,irreversible
0.55,0.6,9,0.30995719948572703,0.32325412775401025,0.013296928268283215,0.7466666666666667,0.8173333333333334,0.07066666666666666,0,0,0,0.1517608526678481,0.5672978675875936,0.4327021324124064,0.23333333333333334,0.7666666666666666,1.2203596978128104,irreversible
0.55,0.6,10,0.39205739938701145,0.39334368625370786,0.0012862868666964067,1.6313333333333333,1.6953333333333334,0.06400000000000006,1,1,0,0.16091203107090946,0.47400555734942684,0.5259944426505732,0.2833333333333333,0.7166666666666667,1.2589826810339138,irreversible
0.55,0.6,11,0.4108311591037647,0.4161302585059175,0.005299099402152785,2.006,1.8933333333333333,0.11266666666666647,1,1,0,0.1605477573456059,0.7883410613205779,0.2116589386794221,0.18333333333333332,0.8166666666666667,1.0578170468632937,irreversible
0.55,0.6,12,0.3278659994555901,0.3188468344921135,0.0090191649634766,1.0553333333333332,1.202,0.14666666666666672,0,0,0,0.16380075062216648,0.5992314247421426,0.40076857525785736,0.7166666666666667,0.2833333333333333,0.7230233664987266,metastable
0.55,0.6,13,0.3278795817992703,0.32926192336886,0.0013823415695897179,0.772,1.036,0.264,0,0,0,0.15362989293676166,0.6106704069656721,0.3893295930343279,0.0,1.0,1.4556751784267254,irreversible
0.55,0.6,14,0.38694522925878694,0.3708960369358944,0.016049192322892536,1.472,1.2393333333333334,0.23266666666666658,0,1,1,0.14949773844743808,0.5800670586445819,0.41993294135541814,0.43333333333333335,0.5666666666666667,1.0487785727694745,metastable
0.55,0.6,15,0.27672807160702373,0.2781372894514718,0.0014092178444480852,0.41533333333333333,0.42866666666666664,0.013333333333333308,0,0,0,0.17304121991015198,0.3836014886364867,0.6163985113635133,0.18333333333333332,0.8166666666666667,1.4367508158246254,irreversible
0.55,0.6,16,0.267207362676721,0.2843620049598872,0.01715464228316621,0.42866666666666664,0.5153333333333333,0.08666666666666667,0,0,0,0.16299225377376203,0.3526481724628283,0.6473518275371717,0.55,0.44999999999999996,1.1233071547746298,irreversible
0.55,0.6,17,0.42327862079624,0.40737345981833784,0.015905160977902177,2.1806666666666668,1.7666666666666666,0.41400000000000015,1,1,0,0.16898054287260322,0.6565973301785011,0.3434026698214989,0.7666666666666667,0.23333333333333328,0.6842122933993078,metastable
0.55,0.6,18,0.30804680073066093,0.3079554511543606,9.13495763003036e-05,0.8006666666666666,0.7333333333333333,0.06733333333333336,0,0,0,0.17008288002199068,0.4825825350423159,0.5174174649576841,0.0,1.0,1.5342736356850926,irreversible
0.55,0.6,19,0.22490115904529015,0.2373094302654015,0.012408271220111344,0.26666666666666666,0.27266666666666667,0.006000000000000005,0,0,0,0.15960148961079312,0.244379284516426,0.755620715483574,0.55,0.44999999999999996,1.2102227832886017,irreversible
0.55,0.7,0,0.20921268782377525,0.15559840952869278,0.053614278295082474,0.3253333333333333,0.15266666666666667,0.17266666666666663,0,0,0,0.22347411786755633,0.4415224539521857,0.5584775460478143,0.35,0.65,1.2650477822882515,irreversible
0.55,0.7,1,0.42330117670752515,0.40318633441414914,0.020114842293376012,2.34,2.1446666666666667,0.19533333333333314,2,1,1,0.24057493509390515,0.591452237433991,0.408547762566009,0.55,0.44999999999999996,0.9124098064726862,metastable
0.55,0.7,2,0.1456257490752835,0.16159318067079945,0.015967431595515946,0.19066666666666668,0.13666666666666666,0.05400000000000002,0,0,0,0.23235462764065706,0.3484244901036968,0.6515755098963032,0.5666666666666667,0.43333333333333335,1.1024007011285155,irreversible
0.55,0.7,3,0.2920530296451045,0.2971484215427281,0.005095391897623591,1.1313333333333333,0.9366666666666666,0.19466666666666665,0,0,0,0.18689383951303928,0.3405705983781621,0.6594294016218378,0.8166666666666667,0.18333333333333335,0.8927032495962437,irreversible
0.55,0.7,4,0.3179335886184637,0.36154202635164906,0.043608437733185346,0.6306666666666667,1.5166666666666666,0.8859999999999999,0,0,0,0.20274525621965345,0.4278151027290399,0.5721848972709601,0.4666666666666667,0.5333333333333333,1.3379203400375899,irreversible
0.55,0.7,5,0.3058674479761534,0.3592529165810797,0.05338546860492632,0.642,1.4606666666666666,0.8186666666666665,0,0,0,0.21336185078483916,0.6302170482883178,0.3697829517116822,0.4,0.6,1.1877959855295803,irreversible
0.55,0.7,6,0.21453869915072088,0.2507941370390232,0.03625543788830232,0.20666666666666667,0.36733333333333335,0.16066666666666668,0,0,0,0.23310068001676498,0.3843210813434769,0.615678918656523,0.8833333333333333,0.1166666666666667,0.781576111461932,irreversible
0.55,0.7,7,0.44223289375195757,0.45531635691788974,0.013083463165932174,2.3353333333333333,2.812666666666667,0.4773333333333336,1,2,1,0.2497316123459521,0.8636946364962182,0.13630536350378175,0.7666666666666667,0.23333333333333328,0.4922428959619315,reversible
0.55,0.7,8,0.27084673608457205,0.2926806355165357,0.021833899431963677,0.45666666666666667,0.674,0.21733333333333338,0,0,0,0.2411237405712664,0.3583398139286261,0.6416601860713739,0.0,1.0,1.701451994262698,irreversible
0.55,0.7,9,0.30995719948572703,0.3240560426783721,0.014098843192645094,0.7466666666666667,0.8853333333333333,0.1386666666666666,0,0,0,0.200419174545991,0.593402154364504,0.40659784563549595,0.21666666666666667,0.7833333333333333,1.228122556433657,irreversible
0.55,0.7,10,0.39205739938701145,0.3685016645259109,0.023555734861100575,1.6313333333333333,1.3373333333333333,0.29400000000000004,1,1,0,0.21262724847223147,0.503787566103572,0.496212433896428,0.8,0.19999999999999996,0.7756013676117031,irreversible
0.55,0.7,11,0.4108311591037647,0.4123250485545203,0.00149388945075557,2.006,1.946,0.05999999999999983,1,1,0,0.21218574341148344,0.8234589477720752,0.17654105222792482,0.3,0.7,0.8919145245906137,irreversible
0.55,0.7,12,0.3278659994555901,0.32157542170659986,0.006290577748990223,1.0553333333333332,1.2173333333333334,0.16200000000000014,0,0,0,0.21604782622402663,0.5167961324207831,0.48320386757921685,0.7333333333333333,0.2666666666666667,0.7919431786831311,irreversible
0.55,0.7,13,0.3278795817992703,0.3491241176801756,0.021244535880905302,0.772,1.204,0.43199999999999994,0,0,0,0.20292863866700206,0.6145474200738166,0.3854525799261834,0.0,1.0,1.4987637138964098,irreversible
0.55,0.7,14,0.38694522925878694,0.38412002489311986,0.0028252043656670778,1.472,1.4553333333333334,0.016666666666666607,0,1,1,0.19784328393886808,0.5787815483630077,0.42121845163699234,0.6166666666666667,0.3833333333333333,0.8094247527284091,metastable
0.55,0.7,15,0.27672807160702373,0.2839388067788792,0.007210735171855498,0.41533333333333333,0.5073333333333333,0.09199999999999997,0,0,0,0.2272697277063237,0.38094130125758263,0.6190586987424174,0.23333333333333334,0.7666666666666666,1.4105280492020478,irreversible
0.55,0.7,16,0.267207362676721,0.2924512098888751,0.025243847212154058,0.42866666666666664,0.5866666666666667,0.15800000000000003,0,0,0,0.21433439168764057,0.4473556137566836,0.5526443862433164,0.9333333333333333,0.06666666666666665,0.6651220147130215,irreversible
0.55,0.7,17,0.42327862079624,0.4041356199662876,0.019143000829952406,2.1806666666666668,1.6826666666666668,0.498,1,1,0,0.22243987785149633,0.6252099894095985,0.3747900105904015,0.8166666666666667,0.18333333333333335,0.6874090941312229,metastable
0.55,0.7,18,0.30804680073066093,0.3126713306520323,0.004624529921371356,0.8006666666666666,0.7546666666666667,0.04599999999999993,0,0,0,0.2232697716886478,0.49553009498790634,0.5044699050120937,0.2,0.8,1.3171260374924367,irreversible
0.55,0.7,19,0.22490115904529015,0.21161306345308648,0.013288095592203675,0.26666666666666666,0.29533333333333334,0.028666666666666674,0,0,0,0.21130679791920737,0.24109197835244697,0.758908021647553,0.23333333333333334,0.7666666666666666,1.5360633788789373,irreversible
0.55,0.8,0,0.20921268782377525,0.1702217573144718,0.03899093050930344,0.3253333333333333,0.17,0.1553333333333333,0,0,0,0.28230978332219914,0.43914940202022995,0.56085059797977,0.2833333333333333,0.7166666666666667,1.326098330607096,irreversible
0.55,0.8,1,0.42330117670752515,0.4318635418873981,0.008562365179872966,2.34,2.812,0.472,2,2,0,0.3023803935167242,0.761664405993114,0.23833559400688598,0.08333333333333333,0.9166666666666666,1.2751428519685208,irreversible
0.55,0.8,2,0.1456257490752835,0.1729594610897394,0.02733371201445589,0.19066666666666668,0.19533333333333333,0.004666666666666652,0,0,0,0.29313535743470653,0.31420892556012037,0.6857910744398796,0.5333333333333333,0.4666666666666667,1.1604578357768272,irreversible
0.55,0.8,3,0.2920530296451045,0.2966972862047146,0.004644256559610094,1.1313333333333333,0.966,0.16533333333333333,0,0,0,0.23740565444346806,0.36140931723221503,0.638590682767785,0.7,0.30000000000000004,0.9810850802410209,irreversible
0.55,0.8,4,0.3179335886184637,0.3567368611190609,0.038803272500597175,0.6306666666666667,1.2493333333333334,0.6186666666666667,0,0,0,0.25706527333908047,0.4622960919363614,0.5377039080636385,0.05,0.95,1.6520713928554545,irreversible
0.55,0.8,5,0.3058674479761534,0.3587278628850704,0.05286041490891702,0.642,1.4246666666666667,0.7826666666666667,0,0,0,0.26946486824883564,0.6289917511258073,0.3710082488741927,0.4,0.6,1.1798900192680886,irreversible
0.55,0.8,6,0.21453869915072088,0.2420291078222286,0.027490408671507732,0.20666666666666667,0.368,0.16133333333333333,0,0,0,0.2929323807861648,0.3008455696066182,0.6991544303933819,0.85,0.15000000000000002,0.8963603658945921,irreversible
0.55,0.8,7,0.44223289375195757,0.44643991183469256,0.004207018082734992,2.3353333333333333,2.742,0.40666666666666673,1,2,1,0.3137645108385745,0.8555047648046279,0.1444952351953721,0.7666666666666667,0.23333333333333328,0.4805469897160558,reversible
0.55,0.8,8,0.27084673608457205,0.28346679455692764,0.012620058472355589,0.45666666666666667,0.5206666666666667,0.06400000000000006,0,0,0,0.30264676987830474,0.41748631973528383,0.5825136802647162,0.0,1.0,1.6016686948828052,irreversible
0.55,0.8,9,0.30995719948572703,0.3247002868976791,0.014743087411952072,0.7466666666666667,0.7733333333333333,0.026666666666666616,0,0,0,0.2529074120190332,0.5461645165653828,0.4538354834346172,0.25,0.75,1.214187921954272,irreversible
0.55,0.8,10,0.39205739938701145,0.3811823412356542,0.010875058151357253,1.6313333333333333,1.502,0.1293333333333333,1,1,0,0.26845283135329534,0.7492905317870917,0.2507094682129083,0.9,0.09999999999999998,0.3857615660840809,metastable
0.55,0.8,11,0.4108311591037647,0.40674347383964693,0.004087685264117791,2.006,2.1653333333333333,0.15933333333333355,1,2,1,0.2679855568226027,0.7883954716344926,0.21160452836550736,0.0,1.0,1.25245978301487,irreversible
0.55,0.8,12,0.3278659994555901,0.30767490449073226,0.020191094964857825,1.0553333333333332,1.0926666666666667,0.03733333333333344,0,0,0,0.27224519597628294,0.5255545482242999,0.4744454517757001,0.7833333333333333,0.21666666666666667,0.7054932255169146,irreversible
0.55,0.8,13,0.3278795817992703,0.3145419219526135,0.013337659846656802,0.772,0.6766666666666666,0.09533333333333338,0,0,0,0.2561269155203816,0.49788830083745134,0.5021116991625487,0.9,0.09999999999999998,0.6292794474575463,irreversible
0.55,0.8,14,0.38694522925878694,0.3935263266452031,0.006581097386416157,1.472,1.452,0.020000000000000018,0,1,1,0.25025318599816815,0.601412526440379,0.398587473559621,0.8,0.19999999999999996,0.6052327479062249,metastable
0.55,0.8,15,0.27672807160702373,0.2771333521388031,0.00040528053177935064,0.41533333333333333,0.46266666666666667,0.04733333333333334,0,0,0,0.28502069209065406,0.3668968752512508,0.6331031247487492,0.18333333333333332,0.8166666666666667,1.4617044448816938,irreversible
0.55,0.8,16,0.267207362676721,0.289639862891865,0.02243250021514398,0.42866666666666664,0.6133333333333333,0.18466666666666665,0,0,0,0.2692276120484055,0.4556947396941978,0.5443052603058022,0.9166666666666666,0.08333333333333337,0.6794133853595883,irreversible
0.55,0.8,17,0.42327862079624,0.40117696947198034,0.022101651324259675,2.1806666666666668,1.6166666666666667,0.5640000000000001,1,1,0,0.279673379802743,0.60948981985366,0.39051018014634,0.85,0.15000000000000002,0.6870355929774049,metastable
0.55,0.8,18,0.30804680073066093,0.3072419447327544,0.0008048559979065284,0.8006666666666666,0.8373333333333334,0.036666666666666736,0,0,0,0.27988870702187263,0.4905404953392661,0.509459504660734,0.11666666666666667,0.8833333333333333,1.4021607186602107,irreversible
0.55,0.8,19,0.22490115904529015,0.18476860619740834,0.04013255284788181,0.26666666666666666,0.212,0.05466666666666667,0,0,0,0.2673808214540693,0.26890343984015125,0.7310965601598487,0.5,0.5,1.254796365038486,irreversible
0.55,0.9,0,0.20921268782377525,0.15734493293799504,0.051867754885780215,0.3253333333333333,0.09666666666666666,0.22866666666666663,0,0,0,0.34415194568358665,0.3710009376671673,0.6289990623328328,0.23333333333333334,0.7666666666666666,1.465799334387611,irreversible
0.55,0.9,1,0.42330117670752515,0.43368797543109366,0.010386798723568513,2.34,2.87,0.5300000000000002,2,3,1,0.36659678277522656,0.7836419316633564,0.21635806833664362,0.08333333333333333,0.9166666666666666,1.2681214346842025,irreversible
0.55,0.9,2,0.1456257490752835,0.14582162222106068,0.00019587314577718118,0.19066666666666668,0.11133333333333334,0.07933333333333334,0,0,0,0.35680389314978145,0.26637805569163453,0.7336219443083655,0.6833333333333333,0.31666666666666665,1.0701709125948096,irreversible
0.55,0.9,3,0.2920530296451045,0.2976349254489606,0.005581895803856096,1.1313333333333333,1.0366666666666666,0.09466666666666668,0,0,0,0.29121320719538846,0.38775722591150963,0.6122427740884904,0.65,0.35,0.987304914706121,irreversible
0.55,0.9,4,0.3179335886184637,0.3592186957915434,0.041285107173079705,0.6306666666666667,1.236,0.6053333333333333,0,0,0,0.31465004432663024,0.4697823845245069,0.5302176154754932,0.7,0.30000000000000004,0.9918722256020964,irreversible
0.55,0.9,5,0.3058674479761534,0.3558367318424236,0.0499692838662702,0.642,1.498,0.856,0,0,0,0.32837406531701563,0.6024212490256836,0.3975787509743164,0.4166666666666667,0.5833333333333333,1.2074044052742172,metastable
0.55,0.9,6,0.21453869915072088,0.24909397328031507,0.03455527412959419,0.20666666666666667,0.40066666666666667,0.194,0,0,0,0.3550989395108479,0.25417963280572814,0.7458203671942718,0.7666666666666667,0.23333333333333328,1.0362925190600036,irreversible
0.55,0.9,7,0.44223289375195757,0.41621180536590796,0.026021088386049607,2.3353333333333333,1.9486666666666668,0.3866666666666665,1,1,0,0.38020617485138786,0.6057607806232309,0.3942392193767691,0.8833333333333333,0.1166666666666667,0.6140778248066148,metastable
0.55,0.9,8,0.27084673608457205,0.2851099926192243,0.014263256534652269,0.45666666666666667,0.402,0.05466666666666664,0,0,0,0.3662902551220857,0.41268816186655977,0.5873118381334402,0.016666666666666666,0.9833333333333333,1.5878776522671032,irreversible
0.55,0.9,9,0.30995719948572703,0.31774490727886145,0.007787707793134424,0.7466666666666667,0.7366666666666667,0.010000000000000009,0,0,0,0.3079858292773926,0.5168003341090659,0.4831996658909341,0.4,0.6,1.0876465928392176,irreversible
0.55,0.9,10,0.39205739938701145,0.3909843054024541,0.0010730939845573495,1.6313333333333333,1.6886666666666668,0.05733333333333346,1,1,0,0.32705085886181484,0.7974074011720369,0.2025925988279631,0.9,0.09999999999999998,0.3171942056574358,metastable
0.55,0.9,11,0.4108311591037647,0.4210966834365175,0.010265524332752796,2.006,2.306,0.30000000000000027,1,1,0,0.3266558027137042,0.7106277239253176,0.2893722760746824,0.0,1.0,1.3669386571578708,irreversible
0.55,0.9,12,0.3278659994555901,0.309618905067493,0.018247094388097074,1.0553333333333332,0.982,0.07333333333333325,0,0,0,0.33102499349652503,0.4849463138819299,0.5150536861180701,0.7333333333333333,0.2666666666666667,0.8046154597150944,irreversible
0.55,0.9,13,0.3278795817992703,0.3364212131284697,0.008541631329199384,0.772,0.8366666666666667,0.06466666666666665,0,0,0,0.3119688734471462,0.5976418195973934,0.4023581804026066,0.0,1.0,1.4206602549015732,irreversible
0.55,0.9,14,0.38694522925878694,0.3953534396971227,0.008408210438335784,1.472,1.6366666666666667,0.16466666666666674,0,1,1,0.3055697279459352,0.6072077800721127,0.39279221992788727,0.8333333333333334,0.16666666666666663,0.6027276058708045,metastable
0.55,0.9,15,0.27672807160702373,0.2850729213462037,0.008344849739179983,0.41533333333333333,0.7886666666666666,0.3733333333333333,0,0,0,0.3447394411660015,0.49914233299626626,0.5008576670037337,0.4666666666666667,0.5333333333333333,1.1296105461051953,irreversible
0.55,0.9,16,0.267207362676721,0.2968930706583993,0.0296857079816783,0.42866666666666664,0.6413333333333333,0.21266666666666667,0,0,0,0.32629971891682896,0.45764343308755734,0.5423565669124426,0.8333333333333334,0.16666666666666663,0.7696113272411955,irreversible
0.55,0.9,17,0.42327862079624,0.3991213013292635,0.024157319466976523,2.1806666666666668,1.6386666666666667,0.542,1,1,0,0.33921402636192133,0.603923971192098,0.39607602880790205,0.8666666666666667,0.1333333333333333,0.6709486920079796,metastable
0.55,0.9,18,0.30804680073066093,0.3065976314927165,0.0014491692379444143,0.8006666666666666,0.736,0.06466666666666665,0,0,0,0.3384514978699342,0.47941445751638784,0.5205855424836121,0.08333333333333333,0.9166666666666666,1.4537811681264317,irreversible
0.55,0.9,19,0.22490115904529015,0.2025376522317367,0.022363506813553452,0.26666666666666666,0.202,0.06466666666666665,0,0,0,0.32655996458531633,0.28878778257679394,0.7112122174232061,0.5,0.5,1.232969760793261,irreversible
0.55,1.0,0,0.20921268782377525,0.19457968658052324,0.014633001243252008,0.3253333333333333,0.236,0.08933333333333332,0,0,0,0.40760812482259345,0.49374699288736884,0.5062530071126312,0.2,0.8,1.3322445907567775,irreversible
0.55,1.0,1,0.42330117670752515,0.43441786613251254,0.011116689424987392,2.34,2.89,0.5500000000000003,2,2,0,0.43165828661491445,0.7859001259541772,0.21409987404582276,0.06666666666666667,0.9333333333333333,1.287712379735403,irreversible
0.55,1.0,2,0.1456257490752835,0.12926678570944797,0.016358963365835533,0.19066666666666668,0.10333333333333333,0.08733333333333335,0,0,0,0.4218700240676443,0.38835646350795433,0.6116435364920456,0.85,0.15000000000000002,0.7875666106668379,irreversible
0.55,1.0,3,0.2920530296451045,0.29571270291832613,0.003659673273221642,1.1313333333333333,1.1433333333333333,0.01200000000000001,0,0,0,0.34728706259872266,0.4237947666274168,0.5762052333725832,0.6333333333333333,0.3666666666666667,0.9467868183575553,irreversible
0.55,1.0,4,0.3179335886184637,0.3614083626751366,0.04347477405667288,0.6306666666666667,1.158,0.5273333333333332,0,0,0,0.3743076784720879,0.46743724092460226,0.5325627590753977,0.5833333333333334,0.41666666666666663,1.0919314525895658,irreversible
0.55,1.0,5,0.3058674479761534,0.3548929669565111,0.04902551898035773,0.642,1.4126666666666667,0.7706666666666667,0,0,0,0.388729854774285,0.6117908827111547,0.38820911728884533,0.36666666666666664,0.6333333333333333,1.2264654970339348,irreversible
0.55,1.0,6,0.21453869915072088,0.24101626306544244,0.026477563914721558,0.20666666666666667,0.4186666666666667,0.21200000000000002,0,0,0,0.41809817499408897,0.23788994087868726,0.7621100591213128,0.7166666666666667,0.2833333333333333,1.1050627834333266,irreversible
0.55,1.0,7,0.44223289375195757,0.4302511713611222,0.011981722390835392,2.3353333333333333,2.2173333333333334,0.11799999999999988,1,1,0,0.4473999905927052,0.7648349217501703,0.23516507824982968,0.8166666666666667,0.18333333333333335,0.45099384218087185,metastable
0.55,1.0,8,0.27084673608457205,0.27928790049921526,0.00844116441464321,0.45666666666666667,0.412,0.04466666666666669,0,0,0,0.430399307068958,0.4336578661608043,0.5663421338391956,0.6666666666666666,0.33333333333333337,0.9129524249428564,irreversible
0.55,1.0,9,0.30995719948572703,0.30817351621028743,0.001783683275439596,0.7466666666666667,0.51,0.2366666666666667,0,0,0,0.36443353351768903,0.506500244680203,0.49349975531979695,0.36666666666666664,0.6333333333333333,1.1864456761386566,irreversible
0.55,1.0,10,0.39205739938701145,0.39159187191610423,0.00046552747090722324,1.6313333333333333,1.59,0.04133333333333322,1,1,0,0.38708525285072215,0.805717905282344,0.194282094717656,0.9,0.09999999999999998,0.30473180991871607,metastable
0.55,1.0,11,0.4108311591037647,0.4359329715193303,0.025101812415565583,2.006,2.974666666666667,0.968666666666667,1,1,0,0.38692027793110395,0.7233646427859954,0.27663535721400456,0.0,1.0,1.5250774769845625,irreversible
0.55,1.0,12,0.3278659994555901,0.30334256485205674,0.024523434603533345,1.0553333333333332,0.9213333333333333,0.1339999999999999,0,0,0,0.39105267428874413,0.46352544902112053,0.5364745509788795,0.6,0.4,0.9761054096297629,irreversible
0.55,1.0,13,0.3278795817992703,0.3386389983922927,0.01075941659302243,0.772,0.814,0.041999999999999926,0,0,0,0.369214738265525,0.5980742028496904,0.4019257971503096,0.0,1.0,1.4151156512985652,irreversible
0.55,1.0,14,0.38694522925878694,0.39763790116497294,0.010692671906186002,1.472,1.6146666666666667,0.14266666666666672,0,1,1,0.3626454650169587,0.5831608994515302,0.41683910054846984,0.8166666666666667,0.18333333333333335,0.6385122685250163,metastable
0.55,1.0,15,0.27672807160702373,0.29688979522834685,0.020161723621323124,0.41533333333333333,0.852,0.43666666666666665,0,0,0,0.4049453089357601,0.4625928421166294,0.5374071578833706,0.26666666666666666,0.7333333333333334,1.3849475887887013,irreversible
0.55,1.0,16,0.267207362676721,0.2850811007723853,0.017873738095664282,0.42866666666666664,0.6086666666666667,0.18000000000000005,0,0,0,0.38425889830483717,0.41609343695670253,0.5839065630432975,0.8,0.19999999999999996,0.8333749975672136,irreversible
0.55,1.0,17,0.42327862079624,0.3982971895154421,0.02498143128079794,2.1806666666666668,1.6473333333333333,0.5333333333333334,1,1,0,0.39964411495250163,0.6037275764661088,0.39627242353389125,0.8666666666666667,0.1333333333333333,0.6691844480207574,metastable
0.55,1.0,18,0.30804680073066093,0.3102405697768497,0.002193769046188787,0.8006666666666666,0.7446666666666667,0.05599999999999994,0,0,0,0.39756588554744376,0.5170556594493059,0.48294434055069413,0.9333333333333333,0.06666666666666665,0.564159449478908,irreversible
0.55,1.0,19,0.22490115904529015,0.19578972067333628,0.029111438371953874,0.26666666666666666,0.314,0.04733333333333334,0,0,0,0.3875722560635204,0.1191581130916132,0.8808418869083868,0.7666666666666667,0.23333333333333328,1.133286413168042,irreversible
0.6,0.0,0,0.3914799511281752,0.37269390063919916,0.018786050488976025,2.482,2.478,0.0040000000000000036,0,1,1,0.0,0.6328099435498191,0.3671900564501809,0.0,1.0,1.3728865690724248,irreversible
0.6,0.0,1,0.6140816290368377,0.6067992338272951,0.007282395209542658,5.250666666666667,5.502666666666666,0.2519999999999998,5,6,1,0.0,0.9702498988437995,0.02975010115620047,0.0,1.0,1.094570699958586,irreversible
0.6,0.0,2,0.2812095183996454,0.3087714458132521,0.02756192741360669,0.8753333333333333,1.1566666666666667,0.28133333333333344,0,1,1,0.0,0.5049224014628261,0.4950775985371739,0.9,0.09999999999999998,0.672301413723909,irreversible
0.6,0.0,3,0.4004620792554065,0.3965701500897207,0.0038919291656858146,2.878,2.794,0.08400000000000007,1,1,0,0.0,0.788948062566915,0.21105193743308504,0.36666666666666664,0.6333333333333333,0.8663582530578398,irreversible
0.6,0.0,4,0.39148938569212755,0.4190449782195923,0.027555592527464756,2.2706666666666666,2.9246666666666665,0.6539999999999999,1,3,2,0.0,0.7930750576563216,0.20692494234367842,0.7833333333333333,0.21666666666666667,0.5939805071422113,metastable
0.6,0.0,5,0.4349210034689685,0.4368675722257365,0.001946568756768019,3.3806666666666665,3.4226666666666667,0.04200000000000026,4,4,0,0.0,0.7998933349675408,0.20010666503245922,0.0,1.0,1.2110933072216512,irreversible
0.6,0.0,6,0.34557760286036243,0.33492521453792556,0.010652388322436868,1.5526666666666666,1.5173333333333334,0.03533333333333322,0,0,0,0.0,0.5041931419201872,0.49580685807981284,0.9333333333333333,0.06666666666666665,0.573969955160422,irreversible
0.6,0.0,7,0.4923586282452132,0.4676844015800196,0.024674226665193588,4.274666666666667,4.580666666666667,0.30600000000000005,5,4,1,0.0,0.8847378588200735,0.1152621411799265,0.7666666666666667,0.23333333333333328,0.4312640311795582,reversible
0.6,0.0,8,0.37996417013723277,0.39204494843733534,0.012080778300102568,1.898,2.128,0.2300000000000002,0,0,0,0.0,0.5503895916056538,0.4496104083943462,0.18333333333333332,0.8166666666666667,1.3267972696360386,irreversible
0.6,0.0,9,0.397444529936839,0.4205324211259601,0.023087891189121135,2.4186666666666667,3.0233333333333334,0.6046666666666667,1,0,1,0.0,0.7311374848040703,0.26886251519592974,0.0,1.0,1.4258011546598768,irreversible
0.6,0.0,10,0.46693391862505434,0.46246160101523703,0.004472317609817311,4.044666666666667,3.8153333333333332,0.22933333333333383,3,3,0,0.0,0.7851437804299652,0.21485621957003476,0.7333333333333333,0.2666666666666667,0.5399742989724893,metastable
0.6,0.0,11,0.530319062194239,0.5253450990462458,0.004973963147993143,4.646,4.616666666666666,0.029333333333333655,4,4,0,0.0,0.90671109242877,0.09328890757122998,0.7333333333333333,0.2666666666666667,0.3685323983582284,metastable
0.6,0.0,12,0.3875342175246209,0.3516056620732029,0.03592855545141804,2.453333333333333,2.0446666666666666,0.4086666666666665,3,2,1,0.0,0.6428740511933717,0.3571259488066283,0.8333333333333334,0.16666666666666663,0.634941421002816,metastable
0.6,0.0,13,0.4050923663274113,0.3872201657116432,0.017872200615768108,2.6886666666666668,2.3066666666666666,0.3820000000000001,2,0,2,0.0,0.38104856559744926,0.6189514344025507,0.0,1.0,1.7189194845564928,irreversible
0.6,0.0,14,0.4141751910019234,0.4324195386151135,0.018244347613190104,3.0193333333333334,3.3866666666666667,0.3673333333333333,3,4,1,0.0,0.7230968369337697,0.2769031630662303,0.6166666666666667,0.3833333333333333,0.7566309166361944,metastable
0.6,0.0,15,0.3539563429699535,0.33229452108769536,0.021661821882258125,1.9486666666666668,1.8246666666666667,0.12400000000000011,0,0,0,0.0,0.3986447681246188,0.6013552318753812,0.6833333333333333,0.31666666666666665,0.9544373540126124,irreversible
0.6,0.0,16,0.41989929322611813,0.4094163630208509,0.010482930205267249,3.0566666666666666,3.046,0.010666666666666824,4,1,3,0.0,0.6232440676184313,0.3767559323815687,0.8166666666666667,0.18333333333333335,0.5653766649328855,metastable
0.6,0.0,17,0.48224848503583884,0.469324035731191,0.012924449304647811,4.360666666666667,3.982,0.3786666666666667,4,4,0,0.0,0.8495080722145434,0.15049192778545661,0.9,0.09999999999999998,0.34838970677828524,metastable
0.6,0.0,18,0.3879801675919022,0.40729238468069584,0.01931221708879366,2.1853333333333333,2.6726666666666667,0.4873333333333334,1,0,1,0.0,0.7737727598714633,0.22622724012853668,0.016666666666666666,0.9833333333333333,1.3362219610674015,irreversible
0.6,0.0,19,0.36206509107914797,0.3596832796788534,0.0023818114002945867,2.51,2.626,0.1160000000000001,0,0,0,0.0,0.8610768735880919,0.13892312641190807,0.5333333333333333,0.4666666666666667,0.6351852459286484,metastable
0.6,0.1,0,0.3914799511281752,0.3717083077758998,0.01977164335227538,2.482,2.404,0.07800000000000029,0,1,1,0.005082959184978253,0.6224032230076451,0.37759677699235494,0.0,1.0,1.4020396878304238,irreversible
0.6,0.1,1,0.6140816290368377,0.6069017995373691,0.007179829499468604,5.250666666666667,5.4526666666666666,0.20199999999999996,5,5,0,0.005567735344719993,0.9702270066901759,0.02977299330982408,0.9833333333333333,0.01666666666666672,0.09873461735135794,reversible
0.6,0.1,2,0.2812095183996454,0.31308188681043686,0.03187236841079144,0.8753333333333333,1.272,0.3966666666666667,0,1,1,0.005307263305182053,0.5839012888774733,0.4160987111225267,0.95,0.050000000000000044,0.5732334698918913,metastable
0.6,0.1,3,0.4004620792554065,0.39447027128597056,0.005991807969435936,2.878,2.798,0.08000000000000007,1,3,2,0.004175440822384302,0.7905135876658076,0.2094864123341924,0.13333333333333333,0.8666666666666667,1.0976510309932181,irreversible
0.6,0.1,4,0.39148938569212755,0.41827386919927995,0.0267844835071524,2.2706666666666666,2.917333333333333,0.6466666666666665,1,3,2,0.004554961461759155,0.7733927441119172,0.22660725588808284,0.8833333333333333,0.1166666666666667,0.5116367100982042,metastable
0.6,0.1,5,0.4349210034689685,0.4318892042145824,0.003031799254386125,3.3806666666666665,3.4066666666666667,0.026000000000000245,4,2,2,0.004855247808518315,0.7936786549348605,0.20632134506513955,0.0,1.0,1.213579294878736,irreversible
0.6,0.1,6,0.34557760286036243,0.33749850762016764,0.008079095240194789,1.5526666666666666,1.6006666666666667,0.04800000000000004,0,0,0,0.00540133673198373,0.5242743595487563,0.47572564045124366,0.9333333333333333,0.06666666666666665,0.556412080927959,irreversible
0.6,0.1,7,0.4923586282452132,0.4667697249170157,0.02558890332819752,4.274666666666667,4.472,0.1973333333333338,5,5,0,0.005785230342152614,0.8876796168034192,0.11232038319658078,0.8166666666666667,0.18333333333333335,0.35138427569529695,reversible
0.6,0.1,8,0.37996417013723277,0.388877251260754,0.008913081123521238,1.898,2.1233333333333335,0.2253333333333336,0,0,0,0.005601349941135814,0.5452059792878542,0.4547940207121458,0.0,1.0,1.5133556243263595,irreversible
0.6,0.1,9,0.397444529936839,0.4195520901912095,0.022107560254370495,2.4186666666666667,2.994,0.5753333333333335,1,0,1,0.0045797356965694425,0.7123828973322034,0.2876171026677966,0.0,1.0,1.4369773260647223,irreversible
0.6,0.1,10,0.46693391862505434,0.46306879641257204,0.003865122212482308,4.044666666666667,3.8633333333333333,0.1813333333333338,3,4,1,0.004845457257861452,0.790344965382239,0.20965503461776103,0.7833333333333333,0.21666666666666667,0.47262131517088174,metastable
0.6,0.1,11,0.530319062194239,0.5258457823176479,0.004473279876591074,4.646,4.826,0.17999999999999972,4,5,1,0.004834404950814775,0.9099323284491748,0.09006767155082518,0.7333333333333333,0.2666666666666667,0.4028526581866396,metastable
0.6,0.1,12,0.3875342175246209,0.42459652523939795,0.03706230771477703,2.453333333333333,3.0686666666666667,0.6153333333333335,3,3,0,0.004960474886224864,0.7973770699641356,0.2026229300358644,0.0,1.0,1.365721840297892,irreversible
0.6,0.1,13,0.4050923663274113,0.3863467399741775,0.01874562635323379,2.6886666666666668,2.284,0.40466666666666695,2,0,2,0.004633053394615061,0.36527032269500626,0.6347296773049937,0.0,1.0,1.740582750559969,irreversible
0.6,0.1,14,0.4141751910019234,0.4353872772503217,0.02121208624839832,3.0193333333333334,3.456,0.43666666666666654,3,3,0,0.004485647838096685,0.7213609114266902,0.27863908857330977,0.0,1.0,1.3931087768020758,irreversible
0.6,0.1,15,0.3539563429699535,0.3288316647299827,0.025124678239970777,1.9486666666666668,1.7373333333333334,0.21133333333333337,0,0,0,0.0053028351034647425,0.39762647649235444,0.6023735235076455,0.6833333333333333,0.31666666666666665,0.9781546930676381,irreversible
0.6,0.1,16,0.41989929322611813,0.4124279188679424,0.007471374358175742,3.0566666666666666,3.0006666666666666,0.05600000000000005,4,1,3,0.0049821369432875295,0.5996106520274861,0.4003893479725139,1.0,0.0,0.41625719156205787,metastable
0.6,0.1,17,0.48224848503583884,0.4724164196118407,0.009832065423998115,4.360666666666667,3.848,0.512666666666667,4,4,0,0.0051455148148101815,0.8494268608973643,0.1505731391026357,0.8,0.19999999999999996,0.48119782212530193,metastable
0.6,0.1,18,0.3879801675919022,0.4136970133741867,0.025716845782284503,2.1853333333333333,2.7046666666666668,0.5193333333333334,1,0,1,0.005223089436370398,0.7794123767185706,0.22058762328142945,0.016666666666666666,0.9833333333333333,1.3401835013936672,irreversible
0.6,0.1,19,0.36206509107914797,0.37372483828228903,0.011659747203141058,2.51,2.7146666666666666,0.20466666666666677,0,1,1,0.0047804830987612235,0.7434789921740542,0.2565210078259458,0.45,0.55,0.8606026112933978,metastable
0.6,0.2,0,0.3914799511281752,0.3755034995340656,0.015976451594109597,2.482,2.4406666666666665,0.041333333333333666,0,1,1,0.020193045814065447,0.6163187899917792,0.38368121000822075,0.0,1.0,1.3980086562400817,irreversible
0.6,0.2,1,0.6140816290368377,0.6076908503906884,0.006390778646149342,5.250666666666667,5.521333333333334,0.27066666666666706,5,6,1,0.02209382812342442,0.9720639609862872,0.027936039013712777,0.9833333333333333,0.01666666666666672,0.1138670670085836,reversible
0.6,0.2,2,0.2812095183996454,0.2862240753244019,0.005014556924756497,0.8753333333333333,1.2566666666666666,0.3813333333333333,0,0,0,0.021078674462537306,0.2480673533589759,0.7519326466410241,0.9333333333333333,0.06666666666666665,0.9151862858722132,irreversible
0.6,0.2,3,0.4004620792554065,0.3880050278767446,0.012457051378661876,2.878,2.656,0.22199999999999998,1,4,3,0.01660651766859711,0.7921844039385528,0.20781559606144717,0.1,0.9,1.1664298589061126,irreversible
0.6,0.2,4,0.39148938569212755,0.41456443303053264,0.023075047338405097,2.2706666666666666,3.0233333333333334,0.7526666666666668,1,3,2,0.01810989112517447,0.7624825128907564,0.23751748710924359,0.8833333333333333,0.1166666666666667,0.5481195822771783,metastable
0.6,0.2,5,0.4349210034689685,0.42525968151731425,0.009661321951654256,3.3806666666666665,3.220666666666667,0.1599999999999997,4,2,2,0.019288153457760138,0.7995673784520407,0.20043262154795927,0.0,1.0,1.2428479520358726,irreversible
0.6,0.2,6,0.34557760286036243,0.33547090029549703,0.0101067025648654,1.5526666666666666,1.4953333333333334,0.057333333333333236,0,0,0,0.0214311705939928,0.5261982327839483,0.4738017672160517,0.9333333333333333,0.06666666666666665,0.557328442857268,irreversible
0.6,0.2,7,0.4923586282452132,0.47134358807860494,0.021015040166608268,4.274666666666667,4.572666666666667,0.29800000000000004,5,4,1,0.02295582617563563,0.8840933074970977,0.11590669250290231,0.8,0.19999999999999996,0.39566045254455434,reversible
0.6,0.2,8,0.37996417013723277,0.3757296667074406,0.004234503429792147,1.898,1.8666666666666667,0.03133333333333321,0,0,0,0.02222273995200541,0.5519066086564769,0.4480933913435231,0.0,1.0,1.4569853505343044,irreversible
0.6,0.2,9,0.397444529936839,0.41906965953441216,0.02162512959757318,2.4186666666666667,2.9393333333333334,0.5206666666666666,1,0,1,0.018187698023347854,0.7050468639108509,0.2949531360891491,0.0,1.0,1.4305260851552088,irreversible
0.6,0.2,10,0.46693391862505434,0.4627645778979148,0.004169340727139537,4.044666666666667,4.024666666666667,0.020000000000000462,3,4,1,0.019247186053557908,0.7965254820408171,0.20347451795918292,0.15,0.85,1.059516853140968,irreversible
0.6,0.2,11,0.530319062194239,0.5267257245035066,0.0035933376907323344,4.646,4.750666666666667,0.10466666666666669,4,5,1,0.019202771093093873,0.9122532082567412,0.08774679174325883,0.7666666666666667,0.23333333333333328,0.34814512616594184,reversible
0.6,0.2,12,0.3875342175246209,0.42872222483919736,0.04118800731457645,2.453333333333333,3.0966666666666667,0.6433333333333335,3,4,1,0.019693681911027272,0.8107553139922765,0.18924468600772348,0.0,1.0,1.360375021169701,irreversible
0.6,0.2,13,0.4050923663274113,0.3881030804023015,0.016989285925109787,2.6886666666666668,2.3853333333333335,0.30333333333333323,2,0,2,0.018400621743477563,0.3693745866918441,0.6306254133081559,0.0,1.0,1.7107060681227666,irreversible
0.6,0.2,14,0.4141751910019234,0.4410312770159945,0.02685608601407108,3.0193333333333334,3.5726666666666667,0.5533333333333332,3,2,1,0.017822918794434872,0.7315496636826939,0.2684503363173061,0.0,1.0,1.413497691154157,irreversible
0.6,0.2,15,0.3539563429699535,0.34838832019102584,0.00556802277892765,1.9486666666666668,1.7486666666666666,0.20000000000000018,0,0,0,0.021030983863888242,0.7366983215734229,0.26330167842657715,0.6,0.4,0.7146936841213092,metastable
0.6,0.2,16,0.41989929322611813,0.415685200331677,0.004214092894441135,3.0566666666666666,2.9953333333333334,0.06133333333333324,4,1,3,0.019762566257660485,0.5935781226771015,0.4064218773228985,0.8,0.19999999999999996,0.622808733879842,metastable
0.6,0.2,17,0.48224848503583884,0.4710463349134931,0.011202150122345711,4.360666666666667,3.8133333333333335,0.5473333333333334,4,4,0,0.02041849490494585,0.8470634909878405,0.1529365090121595,0.7833333333333333,0.21666666666666667,0.5092370465427459,metastable
0.6,0.2,18,0.3879801675919022,0.4118950405377389,0.023914872945836718,2.1853333333333333,2.7,0.5146666666666668,1,0,1,0.020710169321628502,0.7690661077969747,0.2309338922030253,0.016666666666666666,0.9833333333333333,1.3489126104394844,irreversible
0.6,0.2,19,0.36206509107914797,0.37633483322660866,0.014269742147460684,2.51,2.5273333333333334,0.017333333333333645,0,1,1,0.018997841239258295,0.677059535694874,0.322940464305126,0.5,0.5,0.8308412331753245,metastable
0.6,0.3,0,0.3914799511281752,0.3740890622575568,0.017390888870618404,2.482,2.244,0.238,0,0,0,0.04491957961568338,0.604324831021956,0.395675168978044,0.0,1.0,1.4595228911956988,irreversible
0.6,0.3,1,0.6140816290368377,0.6082549249205683,0.005826704116269399,5.250666666666667,5.569333333333334,0.3186666666666671,5,6,1,0.04905571508536821,0.974164318119662,0.025835681880338024,0.9833333333333333,0.01666666666666672,0.12362569124273887,reversible
0.6,0.3,2,0.2812095183996454,0.3096545637746209,0.028445045374975497,0.8753333333333333,1.466,0.5906666666666667,0,0,0,0.04686935264896541,0.44532467329620995,0.55467532670379,0.48333333333333334,0.5166666666666666,1.2261199213808671,irreversible
0.6,0.3,3,0.4004620792554065,0.39268917092331895,0.007772908332087547,2.878,2.536,0.3420000000000001,1,2,1,0.037010886385621666,0.7411952846880139,0.2588047153119861,0.0,1.0,1.3462479423950082,irreversible
0.6,0.3,4,0.39148938569212755,0.40000956526058695,0.008520179568459407,2.2706666666666666,2.4793333333333334,0.20866666666666678,1,3,2,0.04033879710526955,0.7172003799135298,0.2827996200864702,0.6666666666666666,0.33333333333333337,0.6704296649785851,metastable
0.6,0.3,5,0.4349210034689685,0.41362706858278564,0.021293934886182864,3.3806666666666665,2.638,0.7426666666666666,4,0,4,0.04290546087307101,0.8079203635829647,0.1920796364170353,0.0,1.0,1.3830697868052475,irreversible
0.6,0.3,6,0.34557760286036243,0.33349469673985743,0.012082906120505,1.5526666666666666,1.5973333333333333,0.04466666666666663,0,0,0,0.04757620097962545,0.5394237950040359,0.4605762049959641,0.9333333333333333,0.06666666666666665,0.5414302648594236,irreversible
0.6,0.3,7,0.4923586282452132,0.4763153078291095,0.01604332041610368,4.274666666666667,4.578666666666667,0.30400000000000027,5,4,1,0.05096549380339721,0.8783911661592987,0.12160883384070131,0.9833333333333333,0.01666666666666672,0.21828633061139402,reversible
0.6,0.3,8,0.37996417013723277,0.3922931587156952,0.01232898857846243,1.898,2.0986666666666665,0.20066666666666655,0,0,0,0.04932491169818787,0.5651215104244276,0.4348784895755724,0.0,1.0,1.4881274033868548,irreversible
0.6,0.3,9,0.397444529936839,0.4176306408632607,0.020186110926421696,2.4186666666666667,2.9926666666666666,0.5739999999999998,1,0,1,0.04043632998506097,0.7000597166104551,0.2999402833895449,0.0,1.0,1.4484868111211504,irreversible
0.6,0.3,10,0.46693391862505434,0.46380845522440617,0.0031254634006481763,4.044666666666667,3.970666666666667,0.07400000000000029,3,4,1,0.04280687287122964,0.7944721525580192,0.20552784744198083,0.9,0.09999999999999998,0.3248092132921429,metastable
0.6,0.3,11,0.530319062194239,0.5278781470818502,0.002440915112388753,4.646,4.722666666666667,0.0766666666666671,4,4,0,0.04270669406900163,0.9142970420523813,0.08570295794761873,0.7833333333333333,0.21666666666666667,0.32214652005904937,reversible
0.6,0.3,12,0.3875342175246209,0.42875480940528526,0.04122059188066435,2.453333333333333,3.194,0.7406666666666668,3,4,1,0.043762203751507744,0.8032827027076834,0.19671729729231657,0.0,1.0,1.3921891119291494,irreversible
0.6,0.3,13,0.4050923663274113,0.3896143425166621,0.015478023810749197,2.6886666666666668,2.5206666666666666,0.16800000000000015,2,0,2,0.04091397074266456,0.4691358528459127,0.5308641471540874,0.016666666666666666,0.9833333333333333,1.560066986440108,irreversible
0.6,0.3,14,0.4141751910019234,0.44601672367580075,0.03184153267387735,3.0193333333333334,3.634,0.6146666666666665,3,5,2,0.039658121293117965,0.7519797203081624,0.2480202796918376,0.0,1.0,1.4096473295269736,irreversible
0.6,0.3,15,0.3539563429699535,0.34622252651522667,0.007733816454726816,1.9486666666666668,1.5453333333333332,0.40333333333333354,0,0,0,0.04665332075894657,0.5871692428962658,0.4128307571037342,0.6833333333333333,0.31666666666666665,0.8322642112174159,metastable
0.6,0.3,16,0.41989929322611813,0.4173363362969742,0.0025629569291439336,3.0566666666666666,3.002,0.05466666666666686,4,1,3,0.04385319866641246,0.6314771859736692,0.3685228140263308,0.7833333333333333,0.21666666666666667,0.5994968865919502,metastable
0.6,0.3,17,0.48224848503583884,0.47246040117919713,0.009788083856641705,4.360666666666667,3.808,0.5526666666666671,4,4,0,0.045336698142943166,0.8510069365284737,0.1489930634715263,0.9166666666666666,0.08333333333333337,0.3729400844356869,reversible
0.6,0.3,18,0.3879801675919022,0.4126195147197506,0.024639347127848432,2.1853333333333333,2.71,0.5246666666666666,1,0,1,0.04592561741286427,0.7740006257834903,0.22599937421650973,0.016666666666666666,0.9833333333333333,1.3466592109984719,irreversible
0.6,0.3,19,0.36206509107914797,0.37773527180178507,0.015670180722637095,2.51,2.4446666666666665,0.06533333333333324,0,1,1,0.04228468101897398,0.6684267415316634,0.33157325846833663,0.45,0.55,0.9018241369823292,metastable
0.6,0.4,0,0.3914799511281752,0.3619865695702824,0.029493381557892773,2.482,2.124,0.3580000000000001,0,1,1,0.078596769228518,0.3617567837259918,0.6382432162740082,0.0,1.0,1.7351165616634814,irreversible
0.6,0.4,1,0.6140816290368377,0.6084478297844137,0.005633799252424021,5.250666666666667,5.537333333333334,0.28666666666666707,5,5,0,0.08561117446767541,0.9728977528573782,0.02710224714262177,0.9833333333333333,0.01666666666666672,0.11684403028906126,reversible
0.6,0.4,2,0.2812095183996454,0.32307850727706533,0.04186898887741991,0.8753333333333333,1.672,0.7966666666666666,0,0,0,0.08195835964297293,0.5314844948919435,0.4685155051080565,0.5333333333333333,0.4666666666666667,1.1448160856607448,irreversible
0.6,0.4,3,0.4004620792554065,0.36299119698763,0.037470882267776506,2.878,2.002,0.8760000000000003,1,1,0,0.06492912668400885,0.7434313359130532,0.2565686640869468,0.8666666666666667,0.1333333333333333,0.6182697179872243,metastable
0.6,0.4,4,0.39148938569212755,0.40769298346578337,0.01620359777365582,2.2706666666666666,2.6366666666666667,0.3660000000000001,1,0,1,0.07071109653724983,0.8119385424564917,0.18806145754350834,0.9333333333333333,0.06666666666666665,0.350279023653589,metastable
0.6,0.4,5,0.4349210034689685,0.42728640411781504,0.007634599351153459,3.3806666666666665,2.654,0.7266666666666666,4,0,4,0.0750690014097507,0.8048974109219298,0.1951025890780702,0.0,1.0,1.3786779055825251,irreversible
0.6,0.4,6,0.34557760286036243,0.3371104580556562,0.008467144804706228,1.5526666666666666,1.728,0.17533333333333334,0,0,0,0.08301100111133863,0.585941966582453,0.414058033417547,0.9833333333333333,0.01666666666666672,0.4766748196187236,metastable
0.6,0.4,7,0.4923586282452132,0.4798308808131904,0.012527747432022784,4.274666666666667,4.724,0.4493333333333336,5,4,1,0.08893318175785403,0.8757285070155962,0.12427149298440376,0.8666666666666667,0.1333333333333333,0.3730700965090762,reversible
0.6,0.4,8,0.37996417013723277,0.39074661008741585,0.010782439950183076,1.898,2.004,0.1060000000000001,0,0,0,0.08603765836187849,0.5676843386021339,0.43231566139786615,0.0,1.0,1.461511271385412,irreversible
0.6,0.4,9,0.397444529936839,0.418332992367856,0.020888462431016996,2.4186666666666667,2.962666666666667,0.544,1,0,1,0.07069990312459717,0.7021150915004742,0.29788490849952576,0.0,1.0,1.43910702410728,irreversible
0.6,0.4,10,0.46693391862505434,0.4667526187053363,0.0001812999197180476,4.044666666666667,3.986666666666667,0.058000000000000274,3,4,1,0.07487908239870322,0.7939187168344114,0.2060812831655886,0.9333333333333333,0.06666666666666665,0.2872932748121848,metastable
0.6,0.4,11,0.530319062194239,0.5288265815337917,0.0014924806604472707,4.646,4.8966666666666665,0.2506666666666666,4,5,1,0.07470227106958927,0.9140498962413024,0.0859501037586976,0.85,0.15000000000000002,0.2989898905904761,reversible
0.6,0.4,12,0.3875342175246209,0.4270386310819979,0.039504413557376994,2.453333333333333,3.1853333333333333,0.7320000000000002,3,4,1,0.07646068187257193,0.7951735316330747,0.2048264683669253,0.0,1.0,1.3977025717562697,irreversible
0.6,0.4,13,0.4050923663274113,0.3903400136833213,0.014752352644090028,2.6886666666666668,2.6853333333333333,0.0033333333333334103,2,3,1,0.071544980527114,0.5096088871006689,0.4903911128993311,0.13333333333333333,0.8666666666666667,1.3615792010603536,irreversible
0.6,0.4,14,0.4141751910019234,0.44408573086606973,0.029910539864146324,3.0193333333333334,3.5793333333333335,0.56,3,3,0,0.0694192131554272,0.7543757173558198,0.24562428264418024,0.0,1.0,1.393101917610217,irreversible
0.6,0.4,15,0.3539563429699535,0.339521615407289,0.014434727562664507,1.9486666666666668,1.6966666666666668,0.252,0,0,0,0.08131708391445913,0.4213472866650496,0.5786527133349504,0.0,1.0,1.6452613952256165,irreversible
0.6,0.4,16,0.41989929322611813,0.4178977923050413,0.0020015009210768153,3.0566666666666666,3.0193333333333334,0.03733333333333322,4,1,3,0.07647264166529855,0.6558956339952141,0.3441043660047859,0.8333333333333334,0.16666666666666663,0.5206047412350551,metastable
0.6,0.4,17,0.48224848503583884,0.4744653182657685,0.007783166770070349,4.360666666666667,3.8853333333333335,0.4753333333333334,4,4,0,0.0791239878765776,0.8583088763877175,0.14169112361228253,0.0,1.0,1.2624702486381334,irreversible
0.6,0.4,18,0.3879801675919022,0.40964756778026673,0.02166740018836455,2.1853333333333333,2.7146666666666666,0.5293333333333332,1,3,2,0.080012374822243,0.7205143313192761,0.2794856686807239,0.0,1.0,1.4172358520611485,irreversible
0.6,0.4,19,0.36206509107914797,0.3749720299506555,0.012906938871507512,2.51,2.5246666666666666,0.014666666666666828,0,0,0,0.07404470506928251,0.6582336685992288,0.3417663314007712,0.43333333333333335,0.5666666666666667,0.9153263994519814,metastable
0.6,0.5,0,0.3914799511281752,0.35841661219363674,0.033063338934538444,2.482,2.1,0.3820000000000001,0,1,1,0.12033069666070473,0.3014823309982767,0.6985176690017233,0.0,1.0,1.8022835037353577,irreversible
0.6,0.5,1,0.6140816290368377,0.6087473759754233,0.00533425306141444,5.250666666666667,5.514666666666667,0.26400000000000023,5,6,1,0.13063955510002467,0.9711489314692718,0.028851068530728163,0.9833333333333333,0.01666666666666672,0.11285129846274855,reversible
0.6,0.5,2,0.2812095183996454,0.32564450941108947,0.04443499101144405,0.8753333333333333,1.6486666666666667,0.7733333333333334,0,0,0,0.12537838721291628,0.5454915983302936,0.4545084016697064,0.6833333333333333,0.31666666666666665,0.9756171494225674,irreversible
0.6,0.5,3,0.4004620792554065,0.3914962869709754,0.008965792284431118,2.878,2.731333333333333,0.14666666666666694,1,0,1,0.09974093526391925,0.6928740866846831,0.3071259133153169,0.08333333333333333,0.9166666666666666,1.262700694719758,irreversible
0.6,0.5,4,0.39148938569212755,0.40176334032455363,0.010273954632426086,2.2706666666666666,2.425333333333333,0.1546666666666665,1,1,0,0.10851013231817641,0.7731269144628478,0.22687308553715224,0.7,0.30000000000000004,0.5681082408619255,metastable
0.6,0.5,5,0.4349210034689685,0.4056293963467616,0.02929160712220691,3.3806666666666665,2.7186666666666666,0.6619999999999999,4,1,3,0.11492066500086584,0.7225084217599493,0.27749157824005066,0.0,1.0,1.4503144800206025,irreversible
0.6,0.5,6,0.34557760286036243,0.3448684297973974,0.0007091730629650295,1.5526666666666666,1.8466666666666667,0.29400000000000004,0,0,0,0.12664078909907894,0.5881244657415795,0.4118755342584205,0.9666666666666667,0.033333333333333326,0.5188861608574951,metastable
0.6,0.5,7,0.4923586282452132,0.48182107984777245,0.010537548397440755,4.274666666666667,4.558,0.2833333333333332,5,4,1,0.1356854011947447,0.8879039892126321,0.11209601078736786,0.8833333333333333,0.1166666666666667,0.30223039788672806,reversible
0.6,0.5,8,0.37996417013723277,0.3915044088432416,0.011540238706008843,1.898,2.0073333333333334,0.1093333333333335,0,0,0,0.1312008992810456,0.5695982611777736,0.43040173882222643,0.0,1.0,1.460620131832062,irreversible
0.6,0.5,9,0.397444529936839,0.41506963513753786,0.017625105200698876,2.4186666666666667,2.783333333333333,0.3646666666666665,1,0,1,0.1081434761672907,0.7051525448169912,0.2948474551830088,0.0,1.0,1.3904203981498502,irreversible
0.6,0.5,10,0.46693391862505434,0.46614855226482604,0.0007853663602283012,4.044666666666667,3.866,0.17866666666666697,3,4,1,0.11459786559889451,0.8007951898254089,0.19920481017459113,0.9333333333333333,0.06666666666666665,0.3107344850979816,metastable
0.6,0.5,11,0.530319062194239,0.5298358630577255,0.00048319913651351243,4.646,5.094,0.4480000000000004,4,5,1,0.11432899370206251,0.9115860704750316,0.0884139295249684,0.06666666666666667,0.9333333333333333,1.1338680626424302,irreversible
0.6,0.5,12,0.3875342175246209,0.4275922910236095,0.0400580734989886,2.453333333333333,3.2253333333333334,0.7720000000000002,3,3,0,0.11684978056724893,0.7959727868937246,0.20402721310627536,0.0,1.0,1.4070417314810224,irreversible
0.6,0.5,13,0.4050923663274113,0.389807279556427,0.01528508677098428,2.6886666666666668,2.6326666666666667,0.05600000000000005,2,0,2,0.10945454337863159,0.520833405130723,0.47916659486927704,0.15,0.85,1.3469878665620232,irreversible
0.6,0.5,14,0.4141751910019234,0.453047419531975,0.03887222853005162,3.0193333333333334,3.6473333333333335,0.6280000000000001,3,3,0,0.10634090326647128,0.7551466145374947,0.24485338546250535,0.0,1.0,1.4115714425950183,irreversible
0.6,0.5,15,0.3539563429699535,0.3461367123923193,0.007819630577634185,1.9486666666666668,1.85,0.09866666666666668,0,0,0,0.1238941505101453,0.4829958694111342,0.5170041305888657,0.0,1.0,1.5436257048999409,irreversible
0.6,0.5,16,0.41989929322611813,0.4158531725813626,0.004046120644755513,3.0566666666666666,2.9326666666666665,0.12400000000000011,4,1,3,0.11659172823972008,0.6679888780994567,0.33201112190054327,0.8166666666666667,0.18333333333333335,0.5473559853950656,metastable
0.6,0.5,17,0.48224848503583884,0.47213809155706177,0.010110393478777069,4.360666666666667,3.932,0.428666666666667,4,4,0,0.1207497832915988,0.8558024577915354,0.1441975422084646,0.0,1.0,1.2538918072448253,irreversible
0.6,0.5,18,0.3879801675919022,0.4111132542615513,0.02313308666964914,2.1853333333333333,2.570666666666667,0.3853333333333335,1,2,1,0.1218425643847636,0.7652123135729686,0.2347876864270314,0.0,1.0,1.3369042914277771,irreversible
0.6,0.5,19,0.36206509107914797,0.37509576935681677,0.013030678277668795,2.51,2.4306666666666668,0.07933333333333303,0,0,0,0.11347591667395573,0.5817450818373873,0.41825491816261273,0.5,0.5,0.9413459210653632,metastable
0.6,0.6,0,0.3914799511281752,0.35561624103924844,0.03586371008892675,2.482,2.042666666666667,0.43933333333333335,0,0,0,0.1690351016255488,0.31302711076979406,0.6869728892302059,0.0,1.0,1.805772150085771,irreversible
0.6,0.6,1,0.6140816290368377,0.6089730823788135,0.005108546658024182,5.250666666666667,5.6433333333333335,0.39266666666666694,5,6,1,0.18279593430765417,0.970415161705677,0.029584838294323013,0.9833333333333333,0.01666666666666672,0.1456953082921625,reversible
0.6,0.6,2,0.2812095183996454,0.3273340885147281,0.0461245701150827,0.8753333333333333,1.686,0.8106666666666666,0,0,0,0.1759551704983523,0.5543092971284924,0.4456907028715076,0.7333333333333333,0.2666666666666667,0.9265551787336116,metastable
0.6,0.6,3,0.4004620792554065,0.3995572357842524,0.0009048434711541042,2.878,2.716666666666667,0.16133333333333333,1,2,1,0.14068675175838763,0.6561079494526382,0.3438920505473618,0.3,0.7,1.0844515947484838,irreversible
0.6,0.6,4,0.39148938569212755,0.41169098709582835,0.02020160140370081,2.2706666666666666,2.6206666666666667,0.3500000000000001,1,0,1,0.15285794978753298,0.6053479996456143,0.39465200035438575,0.11666666666666667,0.8833333333333333,1.3705357340386441,irreversible
0.6,0.6,5,0.4349210034689685,0.42261068656623685,0.012310316902731655,3.3806666666666665,3.126,0.2546666666666666,4,3,1,0.16141558093615416,0.6831245098341174,0.31687549016588257,0.0,1.0,1.3836197360582323,irreversible
0.6,0.6,6,0.34557760286036243,0.341319010297432,0.00425859256293043,1.5526666666666666,1.734,0.18133333333333335,0,0,0,0.17715685290420558,0.5933340374724488,0.40666596252755116,0.9666666666666667,0.033333333333333326,0.4863972773349504,metastable
0.6,0.6,7,0.4923586282452132,0.4841090786348118,0.008249549610401419,4.274666666666667,4.707333333333334,0.432666666666667,5,5,0,0.18981192657850976,0.9012477472050343,0.09875225279496569,0.9833333333333333,0.01666666666666672,0.2256479735308995,reversible
0.6,0.6,8,0.37996417013723277,0.39035432619698046,0.01039015605974769,1.898,2.0613333333333332,0.16333333333333333,0,0,0,0.18341878788838462,0.5765630209725956,0.4234369790274044,0.0,1.0,1.4668678513756745,irreversible
0.6,0.6,9,0.397444529936839,0.41501716569710834,0.01757263576026935,2.4186666666666667,2.8073333333333332,0.3886666666666665,1,0,1,0.1517608526678481,0.7052159032717837,0.29478409672821626,0.0,1.0,1.3963439223349503,irreversible
0.6,0.6,10,0.46693391862505434,0.4593675082991072,0.007566410325947126,4.044666666666667,3.764666666666667,0.28000000000000025,3,3,0,0.16091203107090957,0.8226292552925089,0.17737074470749115,0.7,0.30000000000000004,0.549262347288978,metastable
0.6,0.6,11,0.530319062194239,0.5315261906699532,0.0012071284757142475,4.646,5.078,0.4320000000000004,4,5,1,0.1605477573456059,0.9082195520897668,0.09178044791023321,0.13333333333333333,0.8666666666666667,1.0667488966958287,irreversible
0.6,0.6,12,0.3875342175246209,0.42656454427432716,0.039030326749706246,2.453333333333333,3.1466666666666665,0.6933333333333334,3,4,1,0.16380075062216648,0.7578384861078548,0.24216151389214524,0.0,1.0,1.425252428912905,irreversible
0.6,0.6,13,0.4050923663274113,0.39335185272572215,0.011740513601689151,2.6886666666666668,2.6373333333333333,0.05133333333333345,2,3,1,0.15362989293676166,0.7734209185415586,0.2265790814584414,0.43333333333333335,0.5666666666666667,0.8090142098588637,metastable
0.6,0.6,14,0.4141751910019234,0.4494666809303629,0.0352914899284395,3.0193333333333334,3.679333333333333,0.6599999999999997,3,4,1,0.14949773844743808,0.7434232491874203,0.2565767508125797,0.7666666666666667,0.23333333333333328,0.6637329566280228,metastable
0.6,0.6,15,0.3539563429699535,0.3514928148495213,0.0024635281204322124,1.9486666666666668,1.834,0.1146666666666667,0,0,0,0.17304121991015187,0.5327554485544114,0.46724455144558863,0.0,1.0,1.4965271001423635,irreversible
0.6,0.6,16,0.41989929322611813,0.4126527740419107,0.007246519184207434,3.0566666666666666,2.876,0.18066666666666675,4,1,3,0.16299225377376203,0.6797339206083236,0.3202660793916764,1.0,0.0,0.36724437585439496,metastable
0.6,0.6,17,0.48224848503583884,0.46572877402725754,0.016519711008581295,4.360666666666667,3.8713333333333333,0.4893333333333336,4,4,0,0.16898054287260322,0.8482387334903482,0.15176126650965183,0.0,1.0,1.2782245275951305,irreversible
0.6,0.6,18,0.3879801675919022,0.42767662177963206,0.03969645418772988,2.1853333333333333,2.760666666666667,0.5753333333333335,1,2,1,0.17008288002199046,0.8080318416400756,0.19196815835992442,0.0,1.0,1.3457256052401902,irreversible
0.6,0.6,19,0.36206509107914797,0.3736606502482301,0.011595559169082115,2.51,2.505333333333333,0.004666666666666597,0,0,0,0.15960148961079312,0.46238139943910117,0.5376186005608988,0.6833333333333333,0.31666666666666665,0.8583508236865026,irreversible
0.6,0.7,0,0.3914799511281752,0.3530863977391363,0.03839355338903888,2.482,1.9626666666666666,0.5193333333333336,0,0,0,0.22347411786755633,0.3228630693047099,0.6771369306952901,0.0,1.0,1.8165686523758833,irreversible
0.6,0.7,1,0.6140816290368377,0.609170863146532,0.004910765890305702,5.250666666666667,5.698666666666667,0.4480000000000004,5,5,0,0.24057493509390515,0.9701456418079452,0.029854358192054842,0.9833333333333333,0.01666666666666672,0.15974871633129809,reversible
0.6,0.7,2,0.2812095183996454,0.3288497388950238,0.04764022049537836,0.8753333333333333,1.632,0.7566666666666666,0,0,0,0.23235462764065717,0.5747977348658826,0.4252022651341174,0.85,0.15000000000000002,0.7762789869246286,metastable
0.6,0.7,3,0.4004620792554065,0.38600717376258586,0.014454905492820636,2.878,2.432,0.4460000000000002,1,1,0,0.1868938395130394,0.5640477196139269,0.43595228038607314,0.0,1.0,1.5510660067592785,irreversible
0.6,0.7,4,0.39148938569212755,0.3990867387473676,0.007597353055240064,2.2706666666666666,2.3866666666666667,0.1160000000000001,1,2,1,0.20274525621965345,0.5820047247782675,0.4179952752217325,0.0,1.0,1.4488946134855423,irreversible
0.6,0.7,5,0.4349210034689685,0.41353281756386634,0.021388185905102164,3.3806666666666665,2.978,0.4026666666666663,4,3,1,0.21336185078483916,0.6168587760141607,0.3831412239858393,0.0,1.0,1.4891549371287816,irreversible
0.6,0.7,6,0.34557760286036243,0.3305640077771909,0.015013595083171516,1.5526666666666666,1.4133333333333333,0.1393333333333333,0,0,0,0.23310068001676498,0.5619063530095263,0.4380936469904737,0.9666666666666667,0.033333333333333326,0.5100137124279333,metastable
0.6,0.7,7,0.4923586282452132,0.48597249829806743,0.006386129947145769,4.274666666666667,4.616,0.34133333333333304,5,5,0,0.2497316123459521,0.9091322636915878,0.09086773630841216,0.9,0.09999999999999998,0.27779760212853183,reversible
0.6,0.7,8,0.37996417013723277,0.3893316099866188,0.009367439849386039,1.898,2.0966666666666667,0.19866666666666677,0,0,0,0.2411237405712664,0.5770102520392038,0.42298974796079625,0.0,1.0,1.4749982745898096,irreversible
0.6,0.7,9,0.397444529936839,0.41347268939537796,0.01602815945853897,2.4186666666666667,2.719333333333333,0.3006666666666664,1,0,1,0.200419174545991,0.7021041736747193,0.29789582632528067,0.0,1.0,1.377069532856582,irreversible
0.6,0.7,10,0.46693391862505434,0.4629286723453296,0.004005246279724761,4.044666666666667,3.7826666666666666,0.26200000000000045,3,4,1,0.21262724847223147,0.8390184022005333,0.16098159779946675,0.0,1.0,1.2274829093693982,irreversible
0.6,0.7,11,0.530319062194239,0.5336156582231331,0.0032965960288940943,4.646,5.23,0.5840000000000005,4,5,1,0.21218574341148344,0.9056290701696547,0.09437092983034534,0.11666666666666667,0.8833333333333333,1.1245284121709025,irreversible
0.6,0.7,12,0.3875342175246209,0.4218455063469167,0.03431128882229578,2.453333333333333,3.0073333333333334,0.5540000000000003,3,3,0,0.21604782622402663,0.7088379199620468,0.2911620800379532,0.0,1.0,1.438239902243527,irreversible
0.6,0.7,13,0.4050923663274113,0.4052022435170094,0.00010987718959809545,2.6886666666666668,2.662,0.02666666666666684,2,2,0,0.20292863866700206,0.7543625660565694,0.24563743394343063,0.9833333333333333,0.01666666666666672,0.26899823657416355,metastable
0.6,0.7,14,0.4141751910019234,0.4442450019786784,0.030069810976754985,3.0193333333333334,3.582,0.5626666666666664,3,4,1,0.19784328393886808,0.7431344812307213,0.25686551876927866,0.9666666666666667,0.033333333333333326,0.43838297151346733,metastable
0.6,0.7,15,0.3539563429699535,0.3467846540616585,0.007171688908295004,1.9486666666666668,1.764,0.18466666666666676,0,0,0,0.2272697277063236,0.4485594945926657,0.5514405054073344,0.0,1.0,1.5994000943010749,irreversible
0.6,0.7,16,0.41989929322611813,0.4045027929438588,0.015396500282259307,3.0566666666666666,2.666,0.3906666666666667,4,1,3,0.21433439168764057,0.6792550301478445,0.3207449698521555,0.8833333333333333,0.1166666666666667,0.5389274282560537,metastable
0.6,0.7,17,0.48224848503583884,0.46014696933708216,0.02210151569875668,4.360666666666667,3.7973333333333334,0.5633333333333335,4,4,0,0.22243987785149633,0.8441568580175964,0.15584314198240357,0.0,1.0,1.3022018542404261,irreversible
0.6,0.7,18,0.3879801675919022,0.42853572565376363,0.04055555806186145,2.1853333333333333,2.8153333333333332,0.6299999999999999,1,2,1,0.2232697716886478,0.8055155350962027,0.19448446490379734,0.0,1.0,1.3621233544192626,irreversible
0.6,0.7,19,0.36206509107914797,0.3701455200806968,0.008080429001548817,2.51,2.4993333333333334,0.01066666666666638,0,1,1,0.21130679791920748,0.44193351419291416,0.5580664858070858,0.95,0.050000000000000044,0.6127532597241396,irreversible
0.6,0.8,0,0.3914799511281752,0.3560158380214267,0.03546411310674846,2.482,2.092,0.3900000000000001,0,1,1,0.28230978332219914,0.31373890331454146,0.6862610966854585,0.0,1.0,1.7926271249621455,irreversible
0.6,0.8,1,0.6140816290368377,0.6093250736994235,0.004756555337414259,5.250666666666667,5.639333333333333,0.3886666666666665,5,5,0,0.3023803935167242,0.9703197403242505,0.0296802596757495,0.9833333333333333,0.01666666666666672,0.1447027318434364,reversible
0.6,0.8,2,0.2812095183996454,0.32846710973675786,0.04725759133711244,0.8753333333333333,1.5653333333333332,0.69,0,0,0,0.29313535743470653,0.5867423120192072,0.41325768798079277,0.8833333333333333,0.1166666666666667,0.7142387524817375,metastable
0.6,0.8,3,0.4004620792554065,0.3797499076121161,0.020712171643290422,2.878,2.3826666666666667,0.4953333333333334,1,1,0,0.23740565444346806,0.6084148217635117,0.3915851782364883,0.13333333333333333,0.8666666666666667,1.3872632211473108,irreversible
0.6,0.8,4,0.39148938569212755,0.41273195202035956,0.021242566328232015,2.2706666666666666,2.7066666666666666,0.43599999999999994,1,2,1,0.25706527333908047,0.7797403430614854,0.22025965693851457,0.48333333333333334,0.5166666666666666,0.8512369651872391,metastable
0.6,0.8,5,0.4349210034689685,0.41103891910011087,0.023882084368857637,3.3806666666666665,3.04,0.34066666666666645,4,3,1,0.26946486824883564,0.646559108261044,0.353440891738956,0.0,1.0,1.4445780794978371,irreversible
0.6,0.8,6,0.34557760286036243,0.3338071506873185,0.011770452173043955,1.5526666666666666,1.542,0.010666666666666602,0,0,0,0.2929323807861648,0.5464294149775647,0.4535705850224353,0.9666666666666667,0.033333333333333326,0.49251319806569627,irreversible
0.6,0.8,7,0.4923586282452132,0.4868066372780962,0.005551990967117004,4.274666666666667,4.625333333333334,0.3506666666666671,5,5,0,0.3137645108385745,0.9158271254065085,0.08417287459349154,0.8333333333333334,0.16666666666666663,0.3398942056686042,reversible
0.6,0.8,8,0.37996417013723277,0.3897047565653244,0.009740586428091613,1.898,2.2813333333333334,0.3833333333333335,0,0,0,0.30264676987830497,0.5820963528736068,0.41790364712639316,0.0,1.0,1.5161721270667496,irreversible
0.6,0.8,9,0.397444529936839,0.4124417878650447,0.01499725792820572,2.4186666666666667,2.732666666666667,0.31400000000000006,1,1,0,0.2529074120190332,0.7045541653050459,0.2954458346949541,0.0,1.0,1.3776951491770055,irreversible
0.6,0.8,10,0.46693391862505434,0.4674497276553335,0.0005158090302791463,4.044666666666667,4.012,0.03266666666666751,3,3,0,0.26845283135329534,0.8442512445845837,0.15574875541541633,0.0,1.0,1.1640443743396531,irreversible
0.6,0.8,11,0.530319062194239,0.5352870521352772,0.004967989941038198,4.646,5.270666666666667,0.6246666666666671,4,5,1,0.2679855568226027,0.9021880639016995,0.09781193609830052,0.11666666666666667,0.8833333333333333,1.1385539335835602,irreversible
0.6,0.8,12,0.3875342175246209,0.39928316947630327,0.011748951951682352,2.453333333333333,2.675333333333333,0.22199999999999998,3,2,1,0.27224519597628294,0.6798232286626975,0.3201767713373025,0.9,0.09999999999999998,0.478614009325223,metastable
0.6,0.8,13,0.4050923663274113,0.41127235672019347,0.006179990392782164,2.6886666666666668,2.8073333333333332,0.11866666666666648,2,2,0,0.2561269155203816,0.6472067709244419,0.3527932290755581,0.8166666666666667,0.18333333333333335,0.5673382266737537,metastable
0.6,0.8,14,0.4141751910019234,0.4458922403502819,0.031717049348358506,3.0193333333333334,3.533333333333333,0.5139999999999998,3,4,1,0.25025318599816815,0.7415322008480888,0.2584677991519112,0.0,1.0,1.3948970614890008,irreversible
0.6,0.8,15,0.3539563429699535,0.35194221853494034,0.0020141244350131426,1.9486666666666668,1.8906666666666667,0.05800000000000005,0,0,0,0.28502069209065395,0.2204800517704275,0.7795199482295725,0.0,1.0,1.7945234793383258,irreversible
0.6,0.8,16,0.41989929322611813,0.3974191896908304,0.022480103535287732,3.0566666666666666,2.541333333333333,0.5153333333333334,4,2,2,0.2692276120484055,0.666056512675774,0.33394348732422596,0.7666666666666667,0.23333333333333328,0.7017301798747145,metastable
0.6,0.8,17,0.48224848503583884,0.4612273677421689,0.021021117293669955,4.360666666666667,3.8706666666666667,0.4900000000000002,4,4,0,0.279673379802743,0.8424214053756218,0.15757859462437818,0.0,1.0,1.2853338739477957,irreversible
0.6,0.8,18,0.3879801675919022,0.4239874862811424,0.03600731868924023,2.1853333333333333,2.796,0.6106666666666665,1,2,1,0.27988870702187263,0.7980719539963472,0.20192804600365277,0.0,1.0,1.3635965423426293,irreversible
0.6,0.8,19,0.36206509107914797,0.37122152103551576,0.009156429956367784,2.51,2.6126666666666667,0.1026666666666669,0,0,0,0.2673808214540693,0.6394095288996224,0.36059047110037756,0.7166666666666667,0.2833333333333333,0.6718795785894696,metastable
0.6,0.9,0,0.3914799511281752,0.36860558998734616,0.022874361140829025,2.482,2.258,0.2240000000000002,0,1,1,0.34415194568358665,0.29784663695146774,0.7021533630485323,0.0,1.0,1.7638719533337395,irreversible
0.6,0.9,1,0.6140816290368377,0.6094113020115324,0.004670327025305343,5.250666666666667,5.596666666666667,0.3460000000000001,5,5,0,0.36659678277522656,0.970814782077391,0.029185217922608975,0.9833333333333333,0.01666666666666672,0.13351946634560205,reversible
0.6,0.9,2,0.2812095183996454,0.32745822407598946,0.04624870567634404,0.8753333333333333,1.626,0.7506666666666666,0,0,0,0.35680389314978156,0.5743186150137334,0.4256813849862666,0.8833333333333333,0.1166666666666667,0.7415768947386859,metastable
0.6,0.9,3,0.4004620792554065,0.3896520918390805,0.010809987416325995,2.878,2.4753333333333334,0.40266666666666673,1,4,3,0.29121320719538846,0.7148826188556044,0.28511738114439555,0.7833333333333333,0.21666666666666667,0.6051532113318104,metastable
0.6,0.9,4,0.39148938569212755,0.39819218857368893,0.006702802881561387,2.2706666666666666,2.3526666666666665,0.08199999999999985,1,1,0,0.31465004432663024,0.780789218437431,0.219210781562569,0.2833333333333333,0.7166666666666667,0.958053148949626,irreversible
0.6,0.9,5,0.4349210034689685,0.4088885478137319,0.026032455655236597,3.3806666666666665,2.954,0.4266666666666663,4,4,0,0.32837406531701563,0.6512507786613385,0.3487492213386615,0.016666666666666666,0.9833333333333333,1.4452573352524705,irreversible
0.6,0.9,6,0.34557760286036243,0.3481272770045131,0.002549674144150693,1.5526666666666666,1.7553333333333334,0.20266666666666677,0,0,0,0.3550989395108479,0.594789110595825,0.40521088940417505,0.9666666666666667,0.033333333333333326,0.4898483079402127,metastable
0.6,0.9,7,0.4923586282452132,0.48785345255567614,0.0045051756895370665,4.274666666666667,4.676666666666667,0.40200000000000014,5,5,0,0.38020617485138775,0.9231453334565386,0.0768546665434614,0.7833333333333333,0.21666666666666667,0.3951476271325124,reversible
0.6,0.9,8,0.37996417013723277,0.3892933741204896,0.009329203983256817,1.898,2.224666666666667,0.3266666666666669,0,0,0,0.3662902551220858,0.5764982121495261,0.4235017878504739,0.0,1.0,1.507500755512955,irreversible
0.6,0.9,9,0.397444529936839,0.41095175476316503,0.013507224826326047,2.4186666666666667,2.679333333333333,0.2606666666666664,1,0,1,0.3079858292773926,0.7004723061755755,0.29952769382442446,0.0,1.0,1.3680711666976726,irreversible
0.6,0.9,10,0.46693391862505434,0.47022126397778097,0.0032873453527266228,4.044666666666667,3.866,0.17866666666666697,3,3,0,0.32705085886181484,0.8501818874690044,0.14981811253099564,0.0,1.0,1.195306615535844,irreversible
0.6,0.9,11,0.530319062194239,0.5362080718659403,0.005889009671701362,4.646,5.277333333333333,0.6313333333333331,4,5,1,0.3266558027137042,0.9001817998434876,0.09981820015651244,0.11666666666666667,0.8833333333333333,1.1424571192411044,irreversible
0.6,0.9,12,0.3875342175246209,0.4057299439303865,0.01819572640576561,2.453333333333333,2.594,0.14066666666666672,3,2,1,0.33102499349652503,0.8278570697993656,0.17214293020063443,0.9833333333333333,0.01666666666666672,0.22852519513540923,metastable
0.6,0.9,13,0.4050923663274113,0.41463128421723666,0.00953891788982536,2.6886666666666668,2.7013333333333334,0.012666666666666604,2,1,1,0.3119688734471462,0.57418962599705,0.42581037400294997,0.7666666666666667,0.23333333333333328,0.6646951034754063,metastable
0.6,0.9,14,0.4141751910019234,0.4434884688200712,0.029313277818147798,3.0193333333333334,3.752,0.7326666666666664,3,5,2,0.3055697279459352,0.724610527648536,0.27538947235146405,0.0,1.0,1.4658844584726676,irreversible
0.6,0.9,15,0.3539563429699535,0.3504020036737859,0.003554339296167608,1.9486666666666668,1.7893333333333334,0.15933333333333333,0,0,0,0.3447394411660015,0.25695190571799975,0.7430480942820002,0.0,1.0,1.7837700124393756,irreversible
0.6,0.9,16,0.41989929322611813,0.39559761250341824,0.024301680722699892,3.0566666666666666,2.71,0.3466666666666667,4,1,3,0.32629971891682896,0.7042303605525523,0.2957696394474477,0.8833333333333333,0.1166666666666667,0.5051783929614561,metastable
0.6,0.9,17,0.48224848503583884,0.46700552219462527,0.01524296284121357,4.360666666666667,4.031333333333333,0.3293333333333335,4,4,0,0.33921402636192144,0.8401791489106724,0.15982085108932764,0.0,1.0,1.2459649251329645,irreversible
0.6,0.9,18,0.3879801675919022,0.42244925455034066,0.03446908695843848,2.1853333333333333,2.83,0.6446666666666667,1,2,1,0.3384514978699342,0.791882004301313,0.20811799569868705,0.0,1.0,1.3779019341049634,irreversible
0.6,0.9,19,0.36206509107914797,0.3509015587630281,0.011163532316119884,2.51,2.514666666666667,0.004666666666667041,0,0,0,0.32655996458531633,0.7657537334367469,0.2342462665632531,0.9333333333333333,0.06666666666666665,0.3048704829756165,metastable
0.6,1.0,0,0.3914799511281752,0.3892740879910772,0.002205863137097974,2.482,2.522,0.03999999999999959,0,0,0,0.40760812482259334,0.5237361641353296,0.47626383586467036,0.0,1.0,1.4868153016489445,irreversible
0.6,1.0,1,0.6140816290368377,0.6094861410241571,0.004595488012680615,5.250666666666667,5.679333333333333,0.42866666666666653,5,6,1,0.43165828661491445,0.9730560645414024,0.026943935458597634,0.9833333333333333,0.01666666666666672,0.15192614079510114,reversible
0.6,1.0,2,0.2812095183996454,0.32369663357408274,0.04248711517443732,0.8753333333333333,1.79,0.9146666666666667,0,0,0,0.4218700240676443,0.5668333772927251,0.4331666227072749,0.7833333333333333,0.21666666666666667,0.8891217348342176,metastable
0.6,1.0,3,0.4004620792554065,0.3976155972327577,0.002846482022648811,2.878,2.738,0.14000000000000012,1,3,2,0.34728706259872266,0.7930581889439763,0.20694181105602372,0.85,0.15000000000000002,0.392653431561686,metastable
0.6,1.0,4,0.39148938569212755,0.3732635487194372,0.018225836972690368,2.2706666666666666,1.946,0.32466666666666666,1,1,0,0.3743076784720879,0.7011043354530878,0.2988956645469122,0.0,1.0,1.3846187904567513,irreversible
0.6,1.0,5,0.4349210034689685,0.4135400842705632,0.02138091919840529,3.3806666666666665,3.1,0.2806666666666664,4,3,1,0.388729854774285,0.7224946133398311,0.2775053866601689,0.0,1.0,1.3530172831264369,irreversible
0.6,1.0,6,0.34557760286036243,0.35512930067094006,0.00955169781057763,1.5526666666666666,1.8806666666666667,0.32800000000000007,0,0,0,0.41809817499408897,0.5686788016481165,0.43132119835188354,0.8666666666666667,0.1333333333333333,0.6490424561378612,metastable
0.6,1.0,7,0.4923586282452132,0.48829986878022186,0.004058759464991346,4.274666666666667,4.828,0.5533333333333337,5,5,0,0.4473999905927053,0.9275072770791718,0.0724927229208282,0.8333333333333334,0.16666666666666663,0.3785074127870761,reversible
0.6,1.0,8,0.37996417013723277,0.38821026560377203,0.00824609546653926,1.898,2.046,0.1479999999999999,0,0,0,0.430399307068958,0.5677693441534112,0.4322306558465888,0.0,1.0,1.4712921797132235,irreversible
0.6,1.0,9,0.397444529936839,0.4062778192110392,0.00883328927420024,2.4186666666666667,2.494666666666667,0.07600000000000007,1,1,0,0.36443353351768903,0.6982298769009094,0.30177012309909057,0.0,1.0,1.3229784454176405,irreversible
0.6,1.0,10,0.46693391862505434,0.4696031963833215,0.002669277758267141,4.044666666666667,4.044666666666667,0.0,3,4,1,0.38708525285072215,0.8541712022582651,0.14582879774173485,0.0,1.0,1.1464961171813015,irreversible
0.6,1.0,11,0.530319062194239,0.5368892069389064,0.006570144744667439,4.646,5.287333333333334,0.6413333333333338,4,5,1,0.38692027793110395,0.899335941424471,0.10066405857552896,0.11666666666666667,0.8833333333333333,1.1459732614283626,irreversible
0.6,1.0,12,0.3875342175246209,0.4122305142756601,0.024696296751039182,2.453333333333333,2.772666666666667,0.3193333333333337,3,1,2,0.39105267428874413,0.8310584875615198,0.1689415124384802,0.0,1.0,1.2549489199595736,irreversible
0.6,1.0,13,0.4050923663274113,0.4165740564126316,0.01148169008522032,2.6886666666666668,2.6433333333333335,0.045333333333333226,2,2,0,0.369214738265525,0.5675216717656202,0.4324783282343798,0.7833333333333333,0.21666666666666667,0.6633487507556849,metastable
0.6,1.0,14,0.4141751910019234,0.44494854380600146,0.030773352804078058,3.0193333333333334,3.3706666666666667,0.3513333333333333,3,3,0,0.3626454650169587,0.6917132899772608,0.3082867100227392,0.36666666666666664,0.6333333333333333,1.0371467148904254,irreversible
0.6,1.0,15,0.3539563429699535,0.3473960653785536,0.006560277591399877,1.9486666666666668,1.8173333333333332,0.13133333333333352,0,0,0,0.4049453089357601,0.30126181020596077,0.6987381897940392,0.0,1.0,1.7332115925252227,irreversible
0.6,1.0,16,0.41989929322611813,0.39989726115693686,0.020002032069181275,3.0566666666666666,2.6693333333333333,0.3873333333333333,4,1,3,0.38425889830483717,0.7459179688752678,0.25408203112473216,0.9333333333333333,0.06666666666666665,0.4225825391420275,metastable
0.6,1.0,17,0.48224848503583884,0.47367244174947637,0.008576043286362467,4.360666666666667,4.0793333333333335,0.28133333333333344,4,4,0,0.39964411495250163,0.8459323798452192,0.15406762015478082,0.0,1.0,1.2265449643097048,irreversible
0.6,1.0,18,0.3879801675919022,0.418610738055433,0.030630570463530793,2.1853333333333333,2.702,0.5166666666666666,1,1,0,0.3975658855474439,0.791022915994469,0.20897708400553106,0.0,1.0,1.3458013932880803,irreversible
0.6,1.0,19,0.36206509107914797,0.3466871731998011,0.015377917879346892,2.51,2.372,0.1379999999999999,0,0,0,0.3875722560635204,0.7812894063423288,0.2187105936576712,1.0,0.0,0.2570550731275079,metastable
0.65,0.0,0,0.4307951771518489,0.45429278967422876,0.023497612522379863,4.296,4.756666666666667,0.46066666666666656,5,5,0,0.0,0.8769358293849887,0.12306417061501129,0.0,1.0,1.244105240412273,irreversible
0.65,0.0,1,0.7414196834650243,0.7413195331347134,0.0001001503303108553,2.824,2.846,0.02200000000000024,3,3,0,0.0,0.9945167074662612,0.005483292533738804,0.9,0.09999999999999998,0.11100833011631656,reversible
0.65,0.0,2,0.40001183063680507,0.4108484693177909,0.010836638680985833,3.26,3.248,0.011999999999999567,4,5,1,0.0,0.651998934953781,0.34800106504621897,0.0,1.0,1.3537102247164654,irreversible
0.65,0.0,3,0.6041814919506139,0.6031566169826934,0.001024874967920475,5.544666666666667,5.873333333333333,0.328666666666666,6,6,0,0.0,0.9596453683173818,0.040354631682618214,0.0,1.0,1.1227775170912648,irreversible
0.65,0.0,4,0.5364284882225544,0.5363376864201519,9.080180240250701e-05,5.828,5.516666666666667,0.3113333333333337,6,6,0,0.0,0.9587886028978104,0.04121139710218957,0.0,1.0,1.1190674308861235,irreversible
0.65,0.0,5,0.6208215210720457,0.6177926197986354,0.003028901273410267,4.658666666666667,4.516666666666667,0.14200000000000035,5,4,1,0.0,0.9827847154487809,0.017215284551219123,0.0,1.0,1.0534725098695719,irreversible
0.65,0.0,6,0.40804730108937715,0.44195217035829787,0.03390486926892072,3.288666666666667,3.448,0.1593333333333331,0,4,4,0.0,0.8624171128531442,0.13758288714685585,0.45,0.55,0.7358924377974193,metastable
0.65,0.0,7,0.6842680789594778,0.6836322143047776,0.0006358646547002245,2.7666666666666666,2.7066666666666666,0.06000000000000005,3,2,1,0.0,0.9945417460597906,0.005458253940209379,0.7833333333333333,0.21666666666666667,0.23728388677055112,reversible
0.65,0.0,8,0.4076857867527521,0.43202579448370365,0.024340007730951574,3.6606666666666667,3.85,0.18933333333333335,4,4,0,0.0,0.7661661376104553,0.23383386238954473,0.0,1.0,1.2872521976556162,irreversible
0.65,0.0,9,0.47034065537318626,0.42771549887404203,0.04262515649914422,4.918666666666667,4.682666666666667,0.23599999999999977,5,5,0,0.0,0.8839118926126414,0.11608810738735864,0.0,1.0,1.1857443965121446,irreversible
0.65,0.0,10,0.6391449999532234,0.6381617277956765,0.0009832721575468995,3.953333333333333,4.144,0.19066666666666698,4,4,0,0.0,0.982508825350459,0.017491174649540975,0.0,1.0,1.0654036593555944,irreversible
0.65,0.0,11,0.6763085261975847,0.6760021876368458,0.00030633856073891685,4.342,4.190666666666667,0.15133333333333265,4,4,0,0.0,0.987074597644133,0.012925402355867033,0.016666666666666666,0.9833333333333333,1.0341686536627182,irreversible
0.65,0.0,12,0.6039231971632576,0.604032035485153,0.00010883832189545473,4.786,4.98,0.19400000000000084,4,5,1,0.0,0.9696228595552162,0.03037714044478379,0.0,1.0,1.078904350025258,irreversible
0.65,0.0,13,0.4905508033896793,0.49856177490804643,0.008010971518367105,5.434666666666667,5.238666666666667,0.19599999999999973,6,5,1,0.0,0.8850599677922633,0.11494003220773674,0.9,0.09999999999999998,0.26594277508732844,reversible
0.65,0.0,14,0.6058821463345844,0.6037507718940359,0.0021313744405484503,4.536666666666667,4.456,0.08066666666666666,4,5,1,0.0,0.9812597215272151,0.01874027847278492,0.0,1.0,1.0394397887495888,irreversible
0.65,0.0,15,0.40415983703452535,0.41100239929428906,0.006842562259763707,3.514666666666667,3.108,0.40666666666666673,4,4,0,0.0,0.7323769669670317,0.2676230330329683,0.4,0.6,0.9710003402645759,irreversible
0.65,0.0,16,0.5458829069873697,0.5365366464582418,0.009346260529127903,5.926,5.9046666666666665,0.02133333333333365,6,6,0,0.0,0.9372527077602972,0.06274729223970277,0.05,0.95,1.0204171907053181,irreversible
0.65,0.0,17,0.6155930047641475,0.6155737137230874,1.9291041060021108e-05,5.411333333333333,5.865333333333333,0.45399999999999974,5,6,1,0.0,0.958984465423581,0.041015534576419044,0.7333333333333333,0.2666666666666667,0.42118702400335073,metastable
0.65,0.0,18,0.5232070263495904,0.5260081179789292,0.0028010916293388366,5.295333333333334,5.314,0.018666666666666387,5,5,0,0.0,0.9042265603335444,0.09577343966645557,0.75,0.25,0.3511403792404569,metastable
0.65,0.0,19,0.3947841404107265,0.39664625688195027,0.0018621164712237515,3.9393333333333334,3.570666666666667,0.3686666666666665,4,4,0,0.0,0.7709971334705925,0.2290028665294075,0.0,1.0,1.3216350623138802,irreversible
0.65,0.1,0,0.4307951771518489,0.4574158697887162,0.026620692636867282,4.296,4.575333333333333,0.27933333333333277,5,5,0,0.005082959184978253,0.8811624908245407,0.11883750917545932,0.0,1.0,1.1953260156680092,irreversible
0.65,0.1,1,0.7414196834650243,0.7413371685312339,8.251493379041186e-05,2.824,2.838,0.014000000000000234,3,3,0,0.005567735344719993,0.9943584937072724,0.005641506292727638,0.9,0.09999999999999998,0.10916213502617528,reversible
0.65,0.1,2,0.40001183063680507,0.44531663603751526,0.04530480540071019,3.26,4.091333333333333,0.8313333333333333,4,5,1,0.005307263305182053,0.8750214843767676,0.12497851562323237,0.0,1.0,1.3441380503067433,irreversible
0.65,0.1,3,0.6041814919506139,0.6031862995260673,0.0009951924245465982,5.544666666666667,5.827333333333334,0.2826666666666666,6,6,0,0.004175440822384302,0.9611396082246021,0.03886039177539791,0.0,1.0,1.1097758565482012,irreversible
0.65,0.1,4,0.5364284882225544,0.5355213635720649,0.000907124650489477,5.828,5.256666666666667,0.5713333333333335,6,5,1,0.004554961461759155,0.9594066817217757,0.04059331827822432,0.0,1.0,1.1836534327741801,irreversible
0.65,0.1,5,0.6208215210720457,0.6179827631781324,0.002838757893913302,4.658666666666667,4.3566666666666665,0.3020000000000005,5,4,1,0.004855247808518315,0.9826718022379031,0.01732819776209693,0.15,0.85,0.9435378872355753,irreversible
0.65,0.1,6,0.40804730108937715,0.44622808170199824,0.03818078061262109,3.288666666666667,3.568,0.2793333333333332,0,4,4,0.00540133673198373,0.8766892696480225,0.12331073035197748,0.4,0.6,0.802689258838466,irreversible
0.65,0.1,7,0.6842680789594778,0.6836532405950373,0.0006148383644405397,2.7666666666666666,2.6333333333333333,0.1333333333333333,3,2,1,0.005785230342152614,0.9947796640567849,0.0052203359432151375,0.8,0.19999999999999996,0.23870737886765855,reversible
0.65,0.1,8,0.4076857867527521,0.4313232958988498,0.023637509146097746,3.6606666666666667,3.6493333333333333,0.011333333333333417,4,4,0,0.005601349941135814,0.7816831329541747,0.2183168670458253,0.0,1.0,1.2270595776656832,irreversible
0.65,0.1,9,0.47034065537318626,0.42713720229641305,0.0432034530767732,4.918666666666667,4.464666666666667,0.45399999999999974,5,4,1,0.0045797356965694425,0.8966375637817087,0.10336243621829133,0.0,1.0,1.2276632994874848,irreversible
0.65,0.1,10,0.6391449999532234,0.6382354959069249,0.000909504046298526,3.953333333333333,4.283333333333333,0.33000000000000007,4,4,0,0.004845457257861452,0.9822727998181318,0.01772720018186824,0.0,1.0,1.1004545761934428,irreversible
0.65,0.1,11,0.6763085261975847,0.6759345398880382,0.0003739863095465479,4.342,4.206666666666667,0.13533333333333264,4,4,0,0.004834404950814775,0.9867753083972614,0.013224691602738647,0.016666666666666666,0.9833333333333333,1.0304848548467918,irreversible
0.65,0.1,12,0.6039231971632576,0.6037718946346609,0.00015130252859674176,4.786,5.068,0.28200000000000003,4,5,1,0.004960474886224864,0.9697147061492637,0.030285293850736306,0.0,1.0,1.1008231194828855,irreversible
0.65,0.1,13,0.4905508033896793,0.49830497383703826,0.007754170447358932,5.434666666666667,5.277333333333333,0.15733333333333377,6,5,1,0.004633053394615061,0.8863463383926589,0.11365366160734114,0.8666666666666667,0.1333333333333333,0.2882588708858476,reversible
0.65,0.1,14,0.6058821463345844,0.6039371120028001,0.0019450343317842789,4.536666666666667,4.384,0.15266666666666673,4,4,0,0.004485647838096685,0.9806836353484336,0.019316364651566387,0.85,0.15000000000000002,0.20796928990117916,reversible
0.65,0.1,15,0.40415983703452535,0.40791521106275824,0.003755374028232894,3.514666666666667,3.264,0.25066666666666704,4,5,1,0.0053028351034647425,0.7026594366300889,0.2973405633699111,0.9166666666666666,0.08333333333333337,0.44427940687696943,metastable
0.65,0.1,16,0.5458829069873697,0.5371258359154255,0.008757071071944234,5.926,5.910666666666667,0.015333333333333421,6,6,0,0.0049821369432875295,0.934988102214078,0.06501189778592198,0.16666666666666666,0.8333333333333334,0.9043678322205748,irreversible
0.65,0.1,17,0.6155930047641475,0.6156943130378933,0.00010130827374588147,5.411333333333333,5.716,0.30466666666666686,5,6,1,0.0051455148148101815,0.9566312806738118,0.04336871932618824,0.8666666666666667,0.1333333333333333,0.25289404639462476,reversible
0.65,0.1,18,0.5232070263495904,0.5240346735761419,0.0008276472265514867,5.295333333333334,5.277333333333333,0.018000000000000682,5,5,0,0.005223089436370398,0.9065922101228169,0.09340778987718312,0.7333333333333333,0.2666666666666667,0.3647813683504879,metastable
0.65,0.1,19,0.3947841404107265,0.401954410462043,0.007170270051316485,3.9393333333333334,3.7586666666666666,0.18066666666666675,4,4,0,0.0047804830987612235,0.568803449744025,0.43119655025597503,0.0,1.0,1.478155784435471,irreversible
0.65,0.2,0,0.4307951771518489,0.4571455530731696,0.026350375921320723,4.296,4.548,0.2519999999999998,5,5,0,0.020193045814065447,0.8874976256958901,0.11250237430410992,0.0,1.0,1.1820899682844401,irreversible
0.65,0.2,1,0.7414196834650243,0.7413535119936305,6.617147139376112e-05,2.824,2.8273333333333333,0.0033333333333334103,3,3,0,0.02209382812342442,0.9941915496105854,0.005808450389414577,0.9166666666666666,0.08333333333333337,0.08999165992392974,reversible
0.65,0.2,2,0.40001183063680507,0.38613254725897544,0.013879283377829621,3.26,3.324666666666667,0.0646666666666671,4,5,1,0.021078674462537306,0.27957921672902913,0.7204207832709708,0.0,1.0,1.740057270782095,irreversible
0.65,0.2,3,0.6041814919506139,0.6034389132598401,0.0007425786907737653,5.544666666666667,5.5793333333333335,0.0346666666666664,6,6,0,0.01660651766859711,0.9624785326565569,0.03752146734344308,0.0,1.0,1.0463737786828031,irreversible
0.65,0.2,4,0.5364284882225544,0.5352376342245666,0.0011908539979877952,5.828,5.212666666666666,0.615333333333334,6,5,1,0.01810989112517447,0.9598302142892982,0.040169785710701844,0.0,1.0,1.1943008325435325,irreversible
0.65,0.2,5,0.6208215210720457,0.6179618824475028,0.0028596386245428596,4.658666666666667,4.3613333333333335,0.29733333333333345,5,4,1,0.019288153457760138,0.9821047912277889,0.01789520877221107,0.4,0.6,0.6929434517616802,irreversible
0.65,0.2,6,0.40804730108937715,0.4427206059041834,0.03467330481480624,3.288666666666667,3.550666666666667,0.262,0,4,4,0.0214311705939928,0.8823634434659398,0.11763655653406024,0.35,0.65,0.8418048827377618,irreversible
0.65,0.2,7,0.6842680789594778,0.6836810723158978,0.0005870066435800236,2.7666666666666666,2.4646666666666666,0.30200000000000005,3,2,1,0.02295582617563563,0.9950114384377096,0.004988561562290439,0.8166666666666667,0.18333333333333335,0.2639686465565188,reversible
0.65,0.2,8,0.4076857867527521,0.42962606534478315,0.02194027859203107,3.6606666666666667,3.5533333333333332,0.1073333333333335,4,5,1,0.02222273995200541,0.795429403811919,0.20457059618808104,0.0,1.0,1.236888999169422,irreversible
0.65,0.2,9,0.47034065537318626,0.4503851506206061,0.019955504752580178,4.918666666666667,4.507333333333333,0.41133333333333333,5,4,1,0.018187698023347854,0.9136106331640673,0.08638936683593268,0.0,1.0,1.1942115763574113,irreversible
0.65,0.2,10,0.6391449999532234,0.6383512382563427,0.0007937616968807237,3.953333333333333,4.3646666666666665,0.41133333333333333,4,4,0,0.019247186053557908,0.9819630324066106,0.018036967593389353,0.9,0.09999999999999998,0.22106874135094284,reversible
0.65,0.2,11,0.6763085261975847,0.6758721962066042,0.00043632999098053293,4.342,4.172,0.16999999999999993,4,4,0,0.019202771093093873,0.9864733169933144,0.01352668300668558,0.016666666666666666,0.9833333333333333,1.0394690988377642,irreversible
0.65,0.2,12,0.6039231971632576,0.6035734289561072,0.0003497682071503805,4.786,5.199333333333334,0.413333333333334,4,5,1,0.019693681911027272,0.9696325221123158,0.030367477887684236,0.16666666666666666,0.8333333333333334,0.9671215866061387,irreversible
0.65,0.2,13,0.4905508033896793,0.4977932925061444,0.007242489116465078,5.434666666666667,5.120666666666667,0.31400000000000006,6,5,1,0.018400621743477563,0.887733037105532,0.11226696289446803,0.8666666666666667,0.1333333333333333,0.3259109185069176,reversible
0.65,0.2,14,0.6058821463345844,0.6040299674452034,0.0018521788893809399,4.536666666666667,4.271333333333334,0.2653333333333334,4,4,0,0.017822918794434872,0.9805627964192503,0.01943720358074974,0.8666666666666667,0.1333333333333333,0.21956691496976163,reversible
0.65,0.2,15,0.40415983703452535,0.4052372640550112,0.001077427020485855,3.514666666666667,3.5246666666666666,0.009999999999999787,4,4,0,0.021030983863888464,0.8078841673460917,0.1921158326539083,0.48333333333333334,0.5166666666666666,0.7115518560756964,metastable
0.65,0.2,16,0.5458829069873697,0.5386519888538267,0.007230918133543041,5.926,5.804,0.12199999999999989,6,6,0,0.019762566257660485,0.9340705940771766,0.06592940592282337,0.9333333333333333,0.06666666666666665,0.16490380212287575,reversible
0.65,0.2,17,0.6155930047641475,0.6158431774575509,0.00025017269340343873,5.411333333333333,5.583333333333333,0.1719999999999997,5,6,1,0.02041849490494585,0.9550466115540703,0.044953388445929665,0.8666666666666667,0.1333333333333333,0.22134926495261376,reversible
0.65,0.2,18,0.5232070263495904,0.5223134689843123,0.0008935573652780748,5.295333333333334,5.322,0.026666666666666394,5,5,0,0.020710169321628502,0.9087245861240093,0.0912754138759907,0.7166666666666667,0.2833333333333333,0.3814988032173101,metastable
0.65,0.2,19,0.3947841404107265,0.4291199644350664,0.03433582402433988,3.9393333333333334,4.075333333333333,0.13599999999999968,4,4,0,0.018997841239258295,0.8685120382569068,0.13148796174309318,0.2,0.8,0.9740719177491781,irreversible
0.65,0.3,0,0.4307951771518489,0.4569390275618821,0.026143850410033198,4.296,4.546666666666667,0.2506666666666666,5,5,0,0.04491957961568338,0.8903792033790725,0.1096207966209275,0.0,1.0,1.1788234258901025,irreversible
0.65,0.3,1,0.7414196834650243,0.7413624236026568,5.7259862367486924e-05,2.824,2.8293333333333335,0.005333333333333634,3,3,0,0.04905571508536821,0.9940288569244398,0.005971143075560237,0.9166666666666666,0.08333333333333337,0.09065212470781889,reversible
0.65,0.3,2,0.40001183063680507,0.377947568875169,0.02206426176163606,3.26,3.191333333333333,0.06866666666666665,4,4,0,0.04686935264896541,0.3142239719972715,0.6857760280027285,0.03333333333333333,0.9666666666666667,1.6751254267764708,irreversible
0.65,0.3,3,0.6041814919506139,0.603950807678766,0.00023068427184791407,5.544666666666667,5.397333333333333,0.14733333333333398,6,5,1,0.037010886385621666,0.9653823722855853,0.03461762771441468,0.6333333333333333,0.3666666666666667,0.4381752987823768,metastable
0.65,0.3,4,0.5364284882225544,0.5352357045766484,0.001192783645906026,5.828,5.264666666666667,0.5633333333333335,6,5,1,0.04033879710526955,0.9597662830649967,0.04023371693500333,0.9666666666666667,0.033333333333333326,0.21469857951314653,reversible
0.65,0.3,5,0.6208215210720457,0.61776003454532,0.0030614865267256652,4.658666666666667,4.484666666666667,0.17400000000000038,5,4,1,0.04290546087307101,0.9812987634385116,0.018701236561488366,0.8,0.19999999999999996,0.26296660819316986,reversible
0.65,0.3,6,0.40804730108937715,0.43537161970367394,0.027324318614296794,3.288666666666667,3.464,0.17533333333333312,0,4,4,0.04757620097962545,0.8470486532757804,0.15295134672421962,0.4,0.6,0.8036157597111271,irreversible
0.65,0.3,7,0.6842680789594778,0.6837127005706407,0.0005553783888371244,2.7666666666666666,2.418,0.34866666666666646,3,2,1,0.0509654938033971,0.995215924972326,0.004784075027673973,0.8166666666666667,0.18333333333333335,0.2754229196248832,reversible
0.65,0.3,8,0.4076857867527521,0.4349545380795533,0.027268751326801233,3.6606666666666667,3.5986666666666665,0.06200000000000028,4,4,0,0.04932491169818787,0.8066028006098473,0.19339719939015265,0.0,1.0,1.215714387221853,irreversible
0.65,0.3,9,0.47034065537318626,0.4097256445015303,0.06061501087165594,4.918666666666667,4.686,0.2326666666666668,5,5,0,0.04043632998506097,0.8530179392544225,0.14698206074557751,0.85,0.15000000000000002,0.3703024801301582,reversible
0.65,0.3,10,0.6391449999532234,0.6384996286744011,0.0006453712788222488,3.953333333333333,4.3613333333333335,0.40800000000000036,4,4,0,0.04280687287122964,0.9838102819342379,0.016189718065762082,0.9166666666666666,0.08333333333333337,0.2016843942188011,reversible
0.65,0.3,11,0.6763085261975847,0.6758706809392279,0.0004378452583568837,4.342,4.242,0.09999999999999964,4,4,0,0.04270669406900163,0.9856095337203163,0.014390466279683656,0.03333333333333333,0.9666666666666667,1.0061665942609395,irreversible
0.65,0.3,12,0.6039231971632576,0.6035407345035765,0.00038246265968111537,4.786,5.0473333333333334,0.26133333333333386,4,5,1,0.043762203751507744,0.9688273598288202,0.031172640171179822,0.5833333333333334,0.41666666666666663,0.5132682558361001,metastable
0.65,0.3,13,0.4905508033896793,0.49688161817257387,0.006330814782894545,5.434666666666667,5.134666666666667,0.2999999999999998,6,5,1,0.04091397074266456,0.8874383199463806,0.11256168005361944,0.8833333333333333,0.1166666666666667,0.30581105041600976,reversible
0.65,0.3,14,0.6058821463345844,0.6040765829857947,0.0018055633487896738,4.536666666666667,4.246,0.29066666666666663,4,4,0,0.039658121293117965,0.981153140253289,0.018846859746710964,0.9,0.09999999999999998,0.19196491725057502,reversible
0.65,0.3,15,0.40415983703452535,0.40561126105257267,0.0014514240180473204,3.514666666666667,3.5993333333333335,0.08466666666666667,4,3,1,0.04665332075894657,0.8100563483716177,0.18994365162838234,0.75,0.25,0.4614731742995608,metastable
0.65,0.3,16,0.5458829069873697,0.5397850513906038,0.0060978555967659,5.926,5.754666666666667,0.17133333333333312,6,6,0,0.04385319866641246,0.9308788007531436,0.06912119924685645,0.9666666666666667,0.033333333333333326,0.14681232981271453,reversible
0.65,0.3,17,0.6155930047641475,0.6160134710787837,0.0004204663146362142,5.411333333333333,5.323333333333333,0.08800000000000008,5,6,1,0.045336698142943166,0.9545949435398184,0.04540505646018156,0.8333333333333334,0.16666666666666663,0.23417683970550726,reversible
0.65,0.3,18,0.5232070263495904,0.5214412515159136,0.001765774833676792,5.295333333333334,5.288666666666667,0.006666666666666821,5,5,0,0.04592561741286427,0.9158515955885923,0.0841484044114077,0.7333333333333333,0.2666666666666667,0.3529231814531603,metastable
0.65,0.3,19,0.3947841404107265,0.4549747788869874,0.06019063847626088,3.9393333333333334,3.6853333333333333,0.254,4,4,0,0.04228468101897398,0.8352436555340613,0.16475634446593868,0.6166666666666667,0.3833333333333333,0.6266373374183372,metastable
0.65,0.4,0,0.4307951771518489,0.45700687346041163,0.026211696308562737,4.296,4.75,0.45399999999999974,5,5,0,0.078596769228518,0.8882751317768108,0.11172486822318917,0.0,1.0,1.2317777923003297,irreversible
0.65,0.4,1,0.7414196834650243,0.7413591394092229,6.054405580135924e-05,2.824,2.822,0.0019999999999997797,3,3,0,0.08561117446767541,0.9938789087038774,0.006121091296122594,0.9166666666666666,0.08333333333333337,0.08996956064340625,reversible
0.65,0.4,2,0.40001183063680507,0.37631564754204083,0.023696183094764234,3.26,2.76,0.5,4,0,4,0.08195835964297293,0.9110482751823565,0.08895172481764346,0.016666666666666666,0.9833333333333333,1.203209103924668,irreversible
0.65,0.4,3,0.6041814919506139,0.6040024707344874,0.0001790212161264515,5.544666666666667,5.532,0.012666666666667048,6,6,0,0.06492912668400885,0.9651026507610355,0.03489734923896448,0.8833333333333333,0.1166666666666667,0.15477543787632955,reversible
0.65,0.4,4,0.5364284882225544,0.5348618046224236,0.0015666836001307916,5.828,5.4126666666666665,0.4153333333333338,6,6,0,0.07071109653724983,0.9601844262133256,0.03981557378667444,0.95,0.050000000000000044,0.19404057802004063,reversible
0.65,0.4,5,0.6208215210720457,0.61736913355406,0.003452387517985711,4.658666666666667,4.5873333333333335,0.07133333333333347,5,5,0,0.0750690014097507,0.9803456720355789,0.019654327964421126,0.8833333333333333,0.1166666666666667,0.15501742484391762,reversible
0.65,0.4,6,0.40804730108937715,0.42497093781601597,0.016923636726638824,3.288666666666667,3.478,0.18933333333333335,0,4,4,0.08301100111133863,0.7784023726620334,0.22159762733796662,0.55,0.44999999999999996,0.7231618698529596,metastable
0.65,0.4,7,0.6842680789594778,0.6837420789669667,0.0005259999925111281,2.7666666666666666,2.4026666666666667,0.3639999999999999,3,2,1,0.08893318175785403,0.9953787917115278,0.004621208288472234,0.8166666666666667,0.18333333333333335,0.27908604161993333,reversible
0.65,0.4,8,0.4076857867527521,0.43887753151676173,0.031191744764009655,3.6606666666666667,3.73,0.06933333333333325,4,5,1,0.0860376583618786,0.7991715132257476,0.20082848677425236,0.0,1.0,1.225959756298588,irreversible
0.65,0.4,9,0.47034065537318626,0.4393180234165174,0.031022631956668878,4.918666666666667,4.69,0.22866666666666635,5,5,0,0.07069990312459717,0.9222927519803891,0.07770724801961093,0.0,1.0,1.1426295726754447,irreversible
0.65,0.4,10,0.6391449999532234,0.6387054157067001,0.00043958424652323913,3.953333333333333,4.348,0.3946666666666667,4,4,0,0.07487908239870322,0.9864110676082255,0.0135889323917745,0.9166666666666666,0.08333333333333337,0.19569882845340536,reversible
0.65,0.4,11,0.6763085261975847,0.6759001608903182,0.00040836530726651166,4.342,4.197333333333333,0.14466666666666672,4,4,0,0.07470227106958927,0.984820361885583,0.015179638114417027,0.4666666666666667,0.5333333333333333,0.5847817294412336,metastable
0.65,0.4,12,0.6039231971632576,0.6036007985782367,0.0003223985850209221,4.786,4.9286666666666665,0.14266666666666694,4,5,1,0.07646068187257193,0.9677142211409233,0.032285778859076686,0.7833333333333333,0.21666666666666667,0.2846997118386653,reversible
0.65,0.4,13,0.4905508033896793,0.49514139354056025,0.004590590150880924,5.434666666666667,5.096666666666667,0.3380000000000001,6,5,1,0.071544980527114,0.886600237124314,0.11339976287568598,0.9333333333333333,0.06666666666666665,0.2657140770800729,reversible
0.65,0.4,14,0.6058821463345844,0.604117330328273,0.0017648160063113982,4.536666666666667,4.400666666666667,0.13600000000000012,4,4,0,0.0694192131554272,0.9826594129883648,0.01734058701163521,0.9166666666666666,0.08333333333333337,0.13511512434654646,reversible
0.65,0.4,15,0.40415983703452535,0.3943287660234294,0.009831071011095927,3.514666666666667,3.501333333333333,0.013333333333333641,4,3,1,0.08131708391445913,0.7786552110636139,0.2213447889363861,0.0,1.0,1.2271358900224936,irreversible
0.65,0.4,16,0.5458829069873697,0.5405603366581329,0.0053225703292368864,5.926,5.687333333333333,0.23866666666666703,6,6,0,0.07647264166529855,0.9352965225326374,0.0647034774673626,1.0,0.0,0.12570078671633858,reversible
0.65,0.4,17,0.6155930047641475,0.6160990555854391,0.0005060508212916259,5.411333333333333,5.594666666666667,0.18333333333333357,5,6,1,0.0791239878765776,0.9564099989412373,0.04359000105876265,0.8666666666666667,0.1333333333333333,0.22288318043075225,reversible
0.65,0.4,18,0.5232070263495904,0.522425913538188,0.0007811128114023624,5.295333333333334,5.100666666666666,0.19466666666666743,5,5,0,0.080012374822243,0.9237540689761631,0.07624593102383692,0.7166666666666667,0.2833333333333333,0.4084412092266877,metastable
0.65,0.4,19,0.3947841404107265,0.4414753896391644,0.04669124922843787,3.9393333333333334,3.5286666666666666,0.41066666666666674,4,5,1,0.07404470506928251,0.8342373840331013,0.16576261596689867,0.9,0.09999999999999998,0.3801020949406748,metastable
0.65,0.5,0,0.4307951771518489,0.4342466563760042,0.003451479224155285,4.296,4.873333333333333,0.5773333333333328,5,5,0,0.12033069666070473,0.869005922441516,0.13099407755848402,0.0,1.0,1.276190280697856,irreversible
0.65,0.5,1,0.7414196834650243,0.741340903370009,7.878009501527394e-05,2.824,2.8393333333333333,0.015333333333333421,3,3,0,0.13063955510002467,0.9937220204352853,0.006277979564714653,0.9166666666666666,0.08333333333333337,0.0934643412551352,reversible
0.65,0.5,2,0.40001183063680507,0.3998903610026064,0.00012146963419867873,3.26,3.2453333333333334,0.014666666666666384,4,4,0,0.12537838721291605,0.8253988189833168,0.1746011810166832,0.0,1.0,1.1782982150918992,irreversible
0.65,0.5,3,0.6041814919506139,0.6039738155263058,0.00020767642430807864,5.544666666666667,5.588666666666667,0.043999999999999595,6,6,0,0.09974093526391925,0.9638872912598948,0.03611270874010519,0.9,0.09999999999999998,0.1471646278461821,reversible
0.65,0.5,4,0.5364284882225544,0.5341856667061284,0.0022428215164259635,5.828,5.443333333333333,0.38466666666666693,6,5,1,0.10851013231817641,0.9608786526715685,0.03912134732843153,0.95,0.050000000000000044,0.1858487193742048,reversible
0.65,0.5,5,0.6208215210720457,0.6171762081914018,0.0036453128806438473,4.658666666666667,4.621333333333333,0.03733333333333366,5,5,0,0.11492066500086584,0.982617534443978,0.017382465556021964,0.9666666666666667,0.033333333333333326,0.06096046044284967,reversible
0.65,0.5,6,0.40804730108937715,0.4182410530446852,0.010193751955308028,3.288666666666667,3.444,0.1553333333333331,0,4,4,0.12664078909907894,0.813725512920213,0.186274487079787,0.18333333333333332,0.8166666666666667,1.044322925068614,irreversible
0.65,0.5,7,0.6842680789594778,0.6837661516418301,0.0005019273176477546,2.7666666666666666,2.406,0.36066666666666647,3,2,1,0.1356854011947447,0.9954806403887405,0.004519359611259488,0.8333333333333334,0.16666666666666663,0.2614781747740047,reversible
0.65,0.5,8,0.4076857867527521,0.4304529991671152,0.022767212414363136,3.6606666666666667,3.546,0.11466666666666692,4,4,0,0.13120089928104572,0.7961687159870015,0.20383128401299855,0.0,1.0,1.238189753783256,irreversible
0.65,0.5,9,0.47034065537318626,0.4106583012470663,0.05968235412611994,4.918666666666667,4.479333333333333,0.4393333333333338,5,4,1,0.10814347616729081,0.8196371862511931,0.18036281374880692,0.6666666666666666,0.33333333333333337,0.6384500689470037,metastable
0.65,0.5,10,0.6391449999532234,0.6388187336734682,0.00032626627975518296,3.953333333333333,4.182666666666667,0.22933333333333383,4,4,0,0.11459786559889451,0.9876523815403637,0.012347618459636278,0.9166666666666666,0.08333333333333337,0.1530958516962419,reversible
0.65,0.5,11,0.6763085261975847,0.6759261996799001,0.0003823265176846613,4.342,4.258666666666667,0.08333333333333304,4,4,0,0.11432899370206262,0.9843240419336765,0.015675958066323492,0.5666666666666667,0.43333333333333335,0.46993820636241124,metastable
0.65,0.5,12,0.6039231971632576,0.6035257626709237,0.0003974344923338702,4.786,5.016,0.23000000000000043,4,5,1,0.11684978056724893,0.9671528392058235,0.03284716079417649,0.8833333333333333,0.1166666666666667,0.20711318608392676,reversible
0.65,0.5,13,0.4905508033896793,0.4933046065633408,0.002753803173661473,5.434666666666667,5.094666666666667,0.33999999999999986,6,5,1,0.10945454337863159,0.8857513287523122,0.11424867124768778,0.9833333333333333,0.01666666666666672,0.21660378870776983,reversible
0.65,0.5,14,0.6058821463345844,0.604064959974732,0.0018171863598523963,4.536666666666667,4.434,0.1026666666666669,4,5,1,0.10634090326647128,0.9833938943197262,0.016606105680273764,0.9166666666666666,0.08333333333333337,0.12606040227023696,reversible
0.65,0.5,15,0.40415983703452535,0.3892218800424497,0.014937956992075674,3.514666666666667,3.322,0.19266666666666676,4,3,1,0.1238941505101453,0.7552376334138745,0.2447623665861255,0.0,1.0,1.2966635225008112,irreversible
0.65,0.5,16,0.5458829069873697,0.5409238563580364,0.004959050629333328,5.926,5.617333333333334,0.3086666666666664,6,6,0,0.11659172823971997,0.9359433319504054,0.06405666804959464,1.0,0.0,0.14246309737359458,reversible
0.65,0.5,17,0.6155930047641475,0.6161261183219771,0.0005331135578295898,5.411333333333333,5.476666666666667,0.06533333333333324,5,5,0,0.1207497832915988,0.9550299115612032,0.044970088438796796,0.9166666666666666,0.08333333333333337,0.14477003349492087,reversible
0.65,0.5,18,0.5232070263495904,0.5227577338598529,0.00044929248973746283,5.295333333333334,5.186,0.10933333333333373,5,5,0,0.1218425643847636,0.9255464514810592,0.07445354851894082,0.7333333333333333,0.2666666666666667,0.36856587164137533,metastable
0.65,0.5,19,0.3947841404107265,0.43032080712056964,0.03553666670984312,3.9393333333333334,3.8253333333333335,0.11399999999999988,4,5,1,0.11347591667395573,0.8326549473687714,0.16734505263122856,0.3333333333333333,0.6666666666666667,0.8713958859753561,irreversible
0.65,0.6,0,0.4307951771518489,0.41029818671564255,0.02049699043620634,4.296,4.5986666666666665,0.3026666666666662,5,4,1,0.1690351016255488,0.8704970513548953,0.1295029486451047,0.0,1.0,1.2102938629208229,irreversible
0.65,0.6,1,0.7414196834650243,0.7413192664588893,0.0001004170061349452,2.824,2.8553333333333333,0.031333333333333435,3,3,0,0.18279593430765417,0.9935004371859252,0.006499562814074822,0.9166666666666666,0.08333333333333337,0.09769133373227529,reversible
0.65,0.6,2,0.40001183063680507,0.40661088150967284,0.006599050872867773,3.26,3.2046666666666668,0.05533333333333301,4,4,0,0.1759551704983523,0.8093946288553721,0.19060537114462794,0.016666666666666666,0.9833333333333333,1.1894218005295114,irreversible
0.65,0.6,3,0.6041814919506139,0.6039871796242715,0.00019431232634237183,5.544666666666667,5.3886666666666665,0.15600000000000058,6,5,1,0.14068675175838763,0.9622621855560045,0.03773781444399549,0.8833333333333333,0.1166666666666667,0.19345305919224792,reversible
0.65,0.6,4,0.5364284882225544,0.5335965766967509,0.002831911525803532,5.828,5.4206666666666665,0.40733333333333377,6,5,1,0.15285794978753298,0.9629398920832094,0.0370601079167906,0.95,0.050000000000000044,0.18960141913157497,reversible
0.65,0.6,5,0.6208215210720457,0.6174555964565596,0.0033659246154861266,4.658666666666667,4.584666666666666,0.07400000000000073,5,5,0,0.16141558093615416,0.984124197289233,0.01587580271076705,0.9666666666666667,0.033333333333333326,0.06855061719797209,reversible
0.65,0.6,6,0.40804730108937715,0.40542379955389385,0.002623501535483297,3.288666666666667,3.1973333333333334,0.09133333333333349,0,4,4,0.17715685290420558,0.8820007476290652,0.11799925237093478,0.1,0.9,1.041488461088139,irreversible
0.65,0.6,7,0.6842680789594778,0.683787150138408,0.00048092882106987034,2.7666666666666666,2.4246666666666665,0.3420000000000001,3,2,1,0.18981192657850976,0.9955091837570889,0.004490816242911144,0.8333333333333334,0.16666666666666663,0.25677771511484526,reversible
0.65,0.6,8,0.4076857867527521,0.4249953229024466,0.01730953614969455,3.6606666666666667,3.664,0.0033333333333334103,4,5,1,0.1834187878883845,0.8142964941444452,0.18570350585555484,0.15,0.85,1.0408642232263117,irreversible
0.65,0.6,9,0.47034065537318626,0.4125760612682325,0.05776459410495377,4.918666666666667,4.54,0.3786666666666667,5,5,0,0.1517608526678481,0.8170536020545658,0.1829463979454342,0.65,0.35,0.6420542131383393,metastable
0.65,0.6,10,0.6391449999532234,0.6387961526649399,0.00034884728828343814,3.953333333333333,4.302,0.34866666666666646,4,4,0,0.16091203107090946,0.9874548223647557,0.01254517763524432,0.9333333333333333,0.06666666666666665,0.16646572279064845,reversible
0.65,0.6,11,0.6763085261975847,0.6759497934647716,0.00035873273281317175,4.342,4.324666666666666,0.0173333333333332,4,5,1,0.1605477573456059,0.9841426356088319,0.01585736439116814,0.65,0.35,0.3702803809077047,metastable
0.65,0.6,12,0.6039231971632576,0.6031767552408187,0.0007464419224388896,4.786,4.978,0.19200000000000017,4,5,1,0.16380075062216648,0.9671308638082489,0.032869136191751136,0.8,0.19999999999999996,0.2810557466723609,reversible
0.65,0.6,13,0.4905508033896793,0.49183434810540577,0.001283544715726448,5.434666666666667,5.017333333333333,0.41733333333333356,6,5,1,0.15362989293676188,0.8844543303091301,0.11554566969086988,0.9833333333333333,0.01666666666666672,0.2368665558698016,reversible
0.65,0.6,14,0.6058821463345844,0.6038984879330535,0.001983658401530919,4.536666666666667,4.407333333333334,0.1293333333333333,4,5,1,0.14949773844743808,0.9838171943102277,0.01618280568977226,0.95,0.050000000000000044,0.09901205362348836,reversible
0.65,0.6,15,0.40415983703452535,0.3916203161736192,0.01253952086090615,3.514666666666667,3.414,0.10066666666666668,4,3,1,0.17304121991015198,0.7601606707189693,0.2398393292810307,0.0,1.0,1.268140876162924,irreversible
0.65,0.6,16,0.5458829069873697,0.5409668099976801,0.0049160969896896445,5.926,5.594,0.33199999999999985,6,6,0,0.16299225377376192,0.9366257296824576,0.06337427031754239,1.0,0.0,0.14760329456496477,reversible
0.65,0.6,17,0.6155930047641475,0.6161026789321133,0.0005096741679658789,5.411333333333333,5.514666666666667,0.1033333333333335,5,6,1,0.16898054287260322,0.9552662703645403,0.04473372963545974,0.9666666666666667,0.033333333333333326,0.10402781484411791,reversible
0.65,0.6,18,0.5232070263495904,0.5223447504444354,0.0008622759051549744,5.295333333333334,5.301333333333333,0.005999999999999339,5,5,0,0.17008288002199068,0.9277761210840765,0.07222387891592352,0.8333333333333334,0.16666666666666663,0.24060611455887873,reversible
0.65,0.6,19,0.3947841404107265,0.42690262242362786,0.03211848201290135,3.9393333333333334,3.83,0.10933333333333328,4,4,0,0.15960148961079312,0.7013978410850624,0.2986021589149376,0.11666666666666667,0.8833333333333333,1.2172984460848295,irreversible
0.65,0.7,0,0.4307951771518489,0.42237524915780766,0.008419927994041232,4.296,4.207333333333334,0.08866666666666667,5,4,1,0.22347411786755633,0.9085412170946923,0.09145878290530773,0.0,1.0,1.1157304315704848,irreversible
0.65,0.7,1,0.7414196834650243,0.7413061383244891,0.00011354514053518727,2.824,2.866,0.04200000000000026,3,3,0,0.24057493509390515,0.9932466566527762,0.0067533433472237725,0.9166666666666666,0.08333333333333337,0.100615062965691,reversible
0.65,0.7,2,0.40001183063680507,0.4102745748524188,0.01026274421561374,3.26,3.292,0.03200000000000003,4,4,0,0.23235462764065717,0.8270969040914462,0.1729030959085538,0.21666666666666667,0.7833333333333333,0.9668021152957905,irreversible
0.65,0.7,3,0.6041814919506139,0.6039168477481139,0.0002646442024999418,5.544666666666667,5.225333333333333,0.3193333333333337,6,5,1,0.18689383951303928,0.961274360718913,0.038725639281086965,0.9166666666666666,0.08333333333333337,0.20195846699837874,reversible
0.65,0.7,4,0.5364284882225544,0.5327306684003789,0.003697819822175541,5.828,5.471333333333333,0.35666666666666735,6,6,0,0.20274525621965345,0.9628785656137185,0.03712143438628146,0.95,0.050000000000000044,0.17721255600849223,reversible
0.65,0.7,5,0.6208215210720457,0.6176449811036935,0.00317653996835221,4.658666666666667,4.586,0.07266666666666666,5,5,0,0.21336185078483927,0.9841755107856892,0.01582448921431079,0.9833333333333333,0.01666666666666672,0.051451957539732224,reversible
0.65,0.7,6,0.40804730108937715,0.4087000177528249,0.0006527166634477388,3.288666666666667,2.974666666666667,0.31400000000000006,0,4,4,0.23310068001676498,0.8087227755891466,0.19127722441085337,0.06666666666666667,0.9333333333333333,1.2032737369100486,irreversible
0.65,0.7,7,0.6842680789594778,0.6838044156574786,0.00046366330199920647,2.7666666666666666,2.4446666666666665,0.32200000000000006,3,2,1,0.2497316123459521,0.9955403539169764,0.004459646083023627,0.85,0.15000000000000002,0.23507556190852347,reversible
0.65,0.7,8,0.4076857867527521,0.421113218456074,0.013427431703321946,3.6606666666666667,3.8573333333333335,0.19666666666666677,4,4,0,0.2411237405712664,0.8208522238693378,0.17914777613066224,0.7833333333333333,0.21666666666666667,0.4483379673898261,metastable
0.65,0.7,9,0.47034065537318626,0.4177594658467262,0.05258118952646007,4.918666666666667,4.608,0.3106666666666671,5,4,1,0.200419174545991,0.8274760148430605,0.17252398515693945,0.6333333333333333,0.3666666666666667,0.6300026158718879,metastable
0.65,0.7,10,0.6391449999532234,0.638734630937683,0.0004103690155403683,3.953333333333333,4.303333333333334,0.35000000000000053,4,4,0,0.21262724847223147,0.9871359177374825,0.012864082262517451,0.95,0.050000000000000044,0.15046667451640272,reversible
0.65,0.7,11,0.6763085261975847,0.6759720935561345,0.0003364326414502239,4.342,4.338,0.0039999999999995595,4,5,1,0.21218574341148344,0.9841402835042288,0.015859716495771226,0.6833333333333333,0.31666666666666665,0.3336104913228003,metastable
0.65,0.7,12,0.6039231971632576,0.6027372348044224,0.0011859623588351687,4.786,5.083333333333333,0.29733333333333345,4,5,1,0.21604782622402663,0.9664860145862173,0.0335139854137827,0.75,0.25,0.3581438093368249,metastable
0.65,0.7,13,0.4905508033896793,0.49109016658125076,0.0005393631915714403,5.434666666666667,4.956,0.47866666666666635,6,5,1,0.20292863866700228,0.8835664888441287,0.1164335111558713,0.95,0.050000000000000044,0.28623501862043077,reversible
0.65,0.7,14,0.6058821463345844,0.6036381340979678,0.0022440122366165216,4.536666666666667,4.355333333333333,0.1813333333333338,4,4,0,0.19784328393886808,0.9842629173624573,0.0157370826375427,0.9166666666666666,0.08333333333333337,0.14496475236336365,reversible
0.65,0.7,15,0.40415983703452535,0.3856645265709212,0.018495310463604142,3.514666666666667,3.264666666666667,0.25,4,3,1,0.2272697277063236,0.7466329754214012,0.25336702457859883,0.0,1.0,1.3204908521944998,irreversible
0.65,0.7,16,0.5458829069873697,0.5409474276041794,0.004935479383190389,5.926,5.5553333333333335,0.3706666666666667,6,6,0,0.21433439168764057,0.9374050853011018,0.06259491469889822,1.0,0.0,0.1564954512113625,reversible
0.65,0.7,17,0.6155930047641475,0.6160330409535845,0.0004400361894369986,5.411333333333333,5.39,0.02133333333333365,5,5,0,0.22243987785149633,0.9554438266982926,0.04455617330170736,1.0,0.0,0.04999951568240002,reversible
0.65,0.7,18,0.5232070263495904,0.5223633280718245,0.0008436982777658697,5.295333333333334,5.3133333333333335,0.017999999999999794,5,5,0,0.22326977168864792,0.930071153781546,0.06992884621845397,1.0,0.0,0.07463977078789538,reversible
0.65,0.7,19,0.3947841404107265,0.414571461842565,0.019787321431838478,3.9393333333333334,3.8426666666666667,0.09666666666666668,4,4,0,0.21130679791920737,0.7128018688600624,0.28719813113993764,0.0,1.0,1.316311628164564,irreversible
0.65,0.8,0,0.4307951771518489,0.423934605486014,0.006860571665834869,4.296,4.285333333333333,0.010666666666667268,5,5,0,0.28230978332219914,0.9090827571578923,0.09091724284210767,0.0,1.0,1.0952990524252333,irreversible
0.65,0.8,1,0.7414196834650243,0.741301588058265,0.00011809540675933317,2.824,2.8706666666666667,0.046666666666666856,3,3,0,0.3023803935167242,0.9930110077729213,0.006988992227078716,0.9166666666666666,0.08333333333333337,0.10201851607876863,reversible
0.65,0.8,2,0.40001183063680507,0.3672469707162222,0.03276485992058287,3.26,2.87,0.3899999999999997,4,0,4,0.29313535743470653,0.5815508799529178,0.41844912004708223,0.0,1.0,1.524140335027228,irreversible
0.65,0.8,3,0.6041814919506139,0.6037942195494844,0.00038727240112945704,5.544666666666667,5.120666666666667,0.4240000000000004,6,4,2,0.23740565444346806,0.960516930417853,0.03948306958214698,0.9166666666666666,0.08333333333333337,0.2289132210157628,reversible
0.65,0.8,4,0.5364284882225544,0.5323522583248108,0.0040762298977435885,5.828,5.518666666666666,0.3093333333333339,6,5,1,0.25706527333908047,0.9634803413011181,0.03651965869888185,0.9833333333333333,0.01666666666666672,0.13153871617331794,reversible
0.65,0.8,5,0.6208215210720457,0.6177722368657524,0.0030492842062932457,4.658666666666667,4.600666666666666,0.05800000000000072,5,5,0,0.26946486824883564,0.9841203354704213,0.015879664529578674,0.9833333333333333,0.01666666666666672,0.047808652247818884,reversible
0.65,0.8,6,0.40804730108937715,0.37808758721308805,0.029959713876289096,3.288666666666667,2.5473333333333334,0.7413333333333334,0,0,0,0.2929323807861649,0.7770315501442056,0.22296844985579445,0.6833333333333333,0.31666666666666665,0.7324583783248667,metastable
0.65,0.8,7,0.6842680789594778,0.6838202985608128,0.00044778039866499864,2.7666666666666666,2.4673333333333334,0.29933333333333323,3,2,1,0.3137645108385745,0.9955575060203296,0.004442493979670448,0.85,0.15000000000000002,0.22938777241267003,reversible
0.65,0.8,8,0.4076857867527521,0.4203817950551783,0.012696008302426232,3.6606666666666667,3.6486666666666667,0.01200000000000001,4,3,1,0.30264676987830474,0.8121572090764468,0.18784279092355316,0.9,0.09999999999999998,0.2940167929991597,metastable
0.65,0.8,9,0.47034065537318626,0.4213267898619676,0.04901386551121867,4.918666666666667,4.708,0.21066666666666656,5,5,0,0.2529074120190332,0.8458247950752287,0.15417520492477133,0.6333333333333333,0.3666666666666667,0.5857620046359093,metastable
0.65,0.8,10,0.6391449999532234,0.6386568419955202,0.0004881579577031836,3.953333333333333,4.257333333333333,0.30400000000000027,4,4,0,0.26845283135329534,0.9868099022106107,0.013190097789389288,0.9666666666666667,0.033333333333333326,0.12264547061214848,reversible
0.65,0.8,11,0.6763085261975847,0.67599032612381,0.0003182000737746993,4.342,4.355333333333333,0.013333333333333641,4,5,1,0.2679855568226027,0.9838419941133139,0.016158005886686144,0.7333333333333333,0.2666666666666667,0.28623755590512995,metastable
0.65,0.8,12,0.6039231971632576,0.6026085729258895,0.0013146242373680561,4.786,5.045333333333334,0.2593333333333341,4,4,0,0.27224519597628294,0.9670853372275795,0.0329146627724205,0.75,0.25,0.34807665216509603,metastable
0.65,0.8,13,0.4905508033896793,0.49077175810731954,0.00022095471764022045,5.434666666666667,5.044666666666667,0.3899999999999997,6,5,1,0.2561269155203816,0.8852231033212105,0.11477689667878954,0.9333333333333333,0.06666666666666665,0.27899880202486615,reversible
0.65,0.8,14,0.6058821463345844,0.6033861807244156,0.0024959656101687377,4.536666666666667,4.248,0.28866666666666685,4,4,0,0.25025318599816815,0.9844991629567375,0.01550083704326255,0.9166666666666666,0.08333333333333337,0.17162482844580482,reversible
0.65,0.8,15,0.40415983703452535,0.3643088089153404,0.03985102811918495,3.514666666666667,2.89,0.6246666666666667,4,2,2,0.28502069209065395,0.5630372365138056,0.43696276348619445,0.0,1.0,1.6030921871826573,irreversible
0.65,0.8,16,0.5458829069873697,0.540998166543992,0.004884740443377722,5.926,5.696,0.23000000000000043,6,6,0,0.2692276120484055,0.9396941876410227,0.06030581235897725,1.0,0.0,0.11902699746982179,reversible
0.65,0.8,17,0.6155930047641475,0.6159803989994572,0.00038739423530975703,5.411333333333333,5.278666666666667,0.13266666666666627,5,5,0,0.279673379802743,0.9555597648720217,0.044440235127978345,0.9833333333333333,0.01666666666666672,0.09437041702013907,reversible
0.65,0.8,18,0.5232070263495904,0.521979421400367,0.0012276049492233598,5.295333333333334,5.3053333333333335,0.009999999999999787,5,5,0,0.27988870702187263,0.9301414522218329,0.06985854777816713,0.9833333333333333,0.01666666666666672,0.08933211568213964,reversible
0.65,0.8,19,0.3947841404107265,0.3869255194537192,0.00785862095700729,3.9393333333333334,3.756,0.18333333333333357,4,5,1,0.2673808214540693,0.5290982562122822,0.47090174378771776,0.0,1.0,1.5186997323603029,irreversible
0.65,0.9,0,0.4307951771518489,0.4266772049997253,0.004117972152123617,4.296,4.462,0.16599999999999948,5,5,0,0.34415194568358665,0.9078593096748011,0.09214069032519889,0.0,1.0,1.1346701833632298,irreversible
0.65,0.9,1,0.7414196834650243,0.7413029753066018,0.00011670815842246274,2.824,2.8726666666666665,0.048666666666666636,3,3,0,0.36659678277522656,0.9927982348535939,0.007201765146406136,0.9333333333333333,0.06666666666666665,0.08606427551934506,reversible
0.65,0.9,2,0.40001183063680507,0.34644440435979035,0.05356742627701472,3.26,2.348,0.9119999999999999,4,2,2,0.35680389314978156,0.5544334824734839,0.4455665175265161,0.0,1.0,1.6869583740957699,irreversible
0.65,0.9,3,0.6041814919506139,0.6037132040445955,0.0004682879060183831,5.544666666666667,5.1,0.44466666666666743,6,5,1,0.29121320719538846,0.959863308073605,0.04013669192639502,0.9166666666666666,0.08333333333333337,0.23475376390289984,reversible
0.65,0.9,4,0.5364284882225544,0.5327762603478546,0.003652227874699765,5.828,5.449333333333334,0.3786666666666667,6,6,0,0.31465004432663024,0.9631574160311727,0.036842583968827336,0.9833333333333333,0.01666666666666672,0.14908897427083567,reversible
0.65,0.9,5,0.6208215210720457,0.6178676406701665,0.002953880401879161,4.658666666666667,4.61,0.048666666666666636,5,5,0,0.32837406531701563,0.9840621684585589,0.015937831541441128,0.9833333333333333,0.01666666666666672,0.045509634975244295,reversible
0.65,0.9,6,0.40804730108937715,0.41326143281013045,0.005214131720753301,3.288666666666667,2.8686666666666665,0.4200000000000004,0,0,0,0.3550989395108479,0.9594694321639544,0.04053056783604558,0.36666666666666664,0.6333333333333333,0.7801674340995673,irreversible
0.65,0.9,7,0.6842680789594778,0.6838312360634239,0.0004368428960539461,2.7666666666666666,2.4953333333333334,0.2713333333333332,3,3,0,0.38020617485138786,0.9955656204908993,0.00443437950910075,0.8666666666666667,0.1333333333333333,0.20571025689978084,reversible
0.65,0.9,8,0.4076857867527521,0.420531125993228,0.012845339240475928,3.6606666666666667,3.812666666666667,0.15200000000000014,4,3,1,0.3662902551220858,0.8019432202515578,0.19805677974844216,0.9666666666666667,0.033333333333333326,0.2726014478918945,metastable
0.65,0.9,9,0.47034065537318626,0.42246455368377017,0.047876101689416084,4.918666666666667,4.599333333333333,0.3193333333333337,5,4,1,0.3079858292773926,0.8619937717696916,0.1380062282303084,0.6333333333333333,0.3666666666666667,0.5964752536526625,metastable
0.65,0.9,10,0.6391449999532234,0.6385646830629271,0.0005803168902962508,3.953333333333333,4.182,0.22866666666666724,4,4,0,0.32705085886181484,0.9865019691232886,0.01349803087671142,0.9333333333333333,0.06666666666666665,0.13747644343261894,reversible
0.65,0.9,11,0.6763085261975847,0.676004198542757,0.0003043276548277962,4.342,4.38,0.038000000000000256,4,5,1,0.3266558027137042,0.9836886374893826,0.016311362510617378,0.7833333333333333,0.21666666666666667,0.24255411109099106,reversible
0.65,0.9,12,0.6039231971632576,0.6025654047597512,0.0013577924035064193,4.786,5.026666666666666,0.2406666666666668,4,5,1,0.33102499349652525,0.9672708845787812,0.03272911542121881,0.7666666666666667,0.23333333333333328,0.3265685635220954,reversible
0.65,0.9,13,0.4905508033896793,0.48997997969204016,0.0005708236976391667,5.434666666666667,5.048,0.3866666666666667,6,5,1,0.3119688734471462,0.886146721145356,0.11385327885464402,0.9,0.09999999999999998,0.3106626514457205,reversible
0.65,0.9,14,0.6058821463345844,0.6031432071468446,0.0027389391877398195,4.536666666666667,4.1353333333333335,0.40133333333333354,4,4,0,0.3055697279459352,0.9846096732385294,0.015390326761470563,0.9166666666666666,0.08333333333333337,0.19974172822507227,reversible
0.65,0.9,15,0.40415983703452535,0.3650997763090986,0.039060060725426726,3.514666666666667,2.924,0.5906666666666669,4,3,1,0.3447394411660015,0.5925124240077237,0.40748757599227625,0.0,1.0,1.5649192578402997,irreversible
0.65,0.9,16,0.5458829069873697,0.5413033669750755,0.004579540012294214,5.926,5.746,0.17999999999999972,6,5,1,0.32629971891682885,0.9392481087329779,0.06075189126702207,1.0,0.0,0.10689677627009556,reversible
0.65,0.9,17,0.6155930047641475,0.6159151702560433,0.00032216549189578725,5.411333333333333,5.295333333333334,0.11599999999999966,5,6,1,0.33921402636192133,0.9556393476514482,0.0443606523485518,0.9833333333333333,0.01666666666666672,0.09010786038819238,reversible
0.65,0.9,18,0.5232070263495904,0.5212148188350153,0.001992207514575073,5.295333333333334,5.406,0.11066666666666602,5,6,1,0.3384514978699342,0.9288290000398846,0.07117099996011544,0.9333333333333333,0.06666666666666665,0.16600238517209237,reversible
0.65,0.9,19,0.3947841404107265,0.38359949081638844,0.01118464959433807,3.9393333333333334,3.6193333333333335,0.31999999999999984,4,3,1,0.32655996458531633,0.6587845842789164,0.3412154157210836,0.15,0.85,1.2740115781196681,irreversible
0.65,1.0,0,0.4307951771518489,0.42800194002986175,0.0027932371219871466,4.296,4.505333333333334,0.20933333333333337,5,5,0,0.40760812482259345,0.9069944493459405,0.09300555065405947,0.0,1.0,1.1460371932678897,irreversible
0.65,1.0,1,0.7414196834650243,0.7413060963447736,0.00011358712025066886,2.824,2.862,0.038000000000000256,3,3,0,0.43165828661491457,0.9926142338875967,0.007385766112403269,0.9333333333333333,0.06666666666666665,0.08358082955913265,reversible
0.65,1.0,2,0.40001183063680507,0.3780536872912559,0.021958143345549186,3.26,2.7506666666666666,0.5093333333333332,4,1,3,0.4218700240676443,0.8809688111757723,0.1190311888242277,0.21666666666666667,0.7833333333333333,1.0351873913272815,irreversible
0.65,1.0,3,0.6041814919506139,0.6036994913131173,0.0004820006374965935,5.544666666666667,5.308,0.23666666666666725,6,5,1,0.34728706259872266,0.959380360085849,0.04061963991415096,0.9166666666666666,0.08333333333333337,0.1832401400735253,reversible
0.65,1.0,4,0.5364284882225544,0.5328991139247325,0.0035293742978218523,5.828,5.53,0.29800000000000004,6,6,0,0.3743076784720879,0.9623541804556005,0.037645819544399495,1.0,0.0,0.11302816311885497,reversible
0.65,1.0,5,0.6208215210720457,0.6179589267968745,0.0028625942751712152,4.658666666666667,4.692,0.033333333333333215,5,5,0,0.388729854774285,0.9839803601187868,0.016019639881213243,0.9833333333333333,0.01666666666666672,0.04173528845000607,reversible
0.65,1.0,6,0.40804730108937715,0.4340814675746241,0.02603416648524698,3.288666666666667,3.1946666666666665,0.0940000000000003,0,0,0,0.41809817499408897,0.9707606987407867,0.029239301259213257,0.016666666666666666,0.9833333333333333,1.0425811762138584,irreversible
0.65,1.0,7,0.6842680789594778,0.6838351295308386,0.000432949428639251,2.7666666666666666,2.5566666666666666,0.20999999999999996,3,2,1,0.4473999905927053,0.9956261410788414,0.004373858921158602,0.9,0.09999999999999998,0.15698209627831838,reversible
0.65,1.0,8,0.4076857867527521,0.4201994752384374,0.012513688485685348,3.6606666666666667,3.787333333333333,0.12666666666666648,4,4,0,0.4303993070689579,0.7939486001816389,0.20605139981836107,1.0,0.0,0.24084648860644903,metastable
0.65,1.0,9,0.47034065537318626,0.4316897921599179,0.03865086321326838,4.918666666666667,4.806,0.11266666666666669,5,5,0,0.36443353351768903,0.9215590803399822,0.07844091966001776,0.8833333333333333,0.1166666666666667,0.23293696879666823,reversible
0.65,1.0,10,0.6391449999532234,0.6384413108168793,0.00070368913634411,3.953333333333333,4.1146666666666665,0.16133333333333333,4,4,0,0.38708525285072215,0.9863758912350825,0.013624108764917486,0.9333333333333333,0.06666666666666665,0.1208000310490035,reversible
0.65,1.0,11,0.6763085261975847,0.676014774418027,0.00029375177955770493,4.342,4.386,0.04400000000000048,4,5,1,0.38692027793110395,0.9836962962018522,0.01630370379814783,0.8,0.19999999999999996,0.22737714174303733,reversible
0.65,1.0,12,0.6039231971632576,0.602452980596664,0.0014702165665936295,4.786,5.149333333333334,0.3633333333333342,4,5,1,0.39105267428874413,0.9672451936050133,0.032754806394986735,0.8,0.19999999999999996,0.32395569386996864,reversible
0.65,1.0,13,0.4905508033896793,0.48567421147178846,0.00487659191789086,5.434666666666667,5.314666666666667,0.1200000000000001,6,6,0,0.369214738265525,0.8880419376820646,0.11195806231793537,0.9333333333333333,0.06666666666666665,0.20984387696407475,reversible
0.65,1.0,14,0.6058821463345844,0.602913840254944,0.0029683060796403815,4.536666666666667,4.078666666666667,0.4580000000000002,4,4,0,0.3626454650169587,0.9846569733819405,0.01534302661805953,0.9166666666666666,0.08333333333333337,0.21391843647130304,reversible
0.65,1.0,15,0.40415983703452535,0.3955876743030094,0.008572162731515953,3.514666666666667,3.6266666666666665,0.11199999999999966,4,4,0,0.4049453089357601,0.788675887123684,0.21132411287631603,0.05,0.95,1.191467153559195,irreversible
0.65,1.0,16,0.5458829069873697,0.5420597540200853,0.0038231529672844156,5.926,5.655333333333333,0.27066666666666706,6,5,1,0.38425889830483717,0.9398983967071283,0.06010160329287173,1.0,0.0,0.1287240582013596,reversible
0.65,1.0,17,0.6155930047641475,0.6158121241600149,0.00021911939586738427,5.411333333333333,5.577333333333334,0.16600000000000037,5,6,1,0.39964411495250174,0.9558290337169602,0.04417096628303985,0.9666666666666667,0.033333333333333326,0.11905907946534011,reversible
0.65,1.0,18,0.5232070263495904,0.5213077099631765,0.0018993163864138296,5.295333333333334,5.435333333333333,0.13999999999999968,5,5,0,0.3975658855474439,0.9297600912626411,0.07023990873735886,0.8333333333333334,0.16666666666666663,0.27238140450062887,reversible
0.65,1.0,19,0.3947841404107265,0.4205704697217467,0.025786329311020206,3.9393333333333334,3.8226666666666667,0.1166666666666667,4,4,0,0.3875722560635204,0.8343548164906174,0.16564518350938262,0.65,0.35,0.5512584325038044,metastable
0.7,0.0,0,0.7218732564210486,0.7218267700532469,4.648636780169024e-05,3.001333333333333,2.941333333333333,0.06000000000000005,3,3,0,0.0,0.9937574189298956,0.006242581070104447,0.03333333333333333,0.9666666666666667,0.9879208693287216,irreversible
0.7,0.0,1,0.8022371250695054,0.8022016398362363,3.5485233269128e-05,1.3713333333333333,1.362,0.009333333333333194,1,1,0,0.0,0.999995804213072,4.195786928007372e-06,0.03333333333333333,0.9666666666666667,0.9690130670952453,irreversible
0.7,0.0,2,0.6629038761555033,0.6619704047327016,0.0009334714228016461,2.425333333333333,2.69,0.2646666666666668,2,2,0,0.0,0.9945981679603536,0.005401832039646393,1.0,0.0,0.07180186656201351,reversible
0.7,0.0,3,0.7222484177675536,0.7223293969479853,8.097918043170615e-05,2.546666666666667,2.55,0.0033333333333329662,3,3,0,0.0,0.992369854930791,0.0076301450692090045,0.6666666666666666,0.33333333333333337,0.34181705653098354,metastable
0.7,0.0,4,0.7062567160142766,0.7060557900665306,0.00020092594774601125,3.028,2.8333333333333335,0.19466666666666654,3,3,0,0.0,0.9995274892092181,0.0004725107907819215,0.016666666666666666,0.9833333333333333,1.0325227422777186,irreversible
0.7,0.0,5,0.742926367173053,0.7428143301024053,0.00011203707064777468,1.4346666666666668,1.3973333333333333,0.03733333333333344,1,1,0,0.0,0.999887782734866,0.00011221726513399588,0.06666666666666667,0.9333333333333333,0.9428068931994626,irreversible
0.7,0.0,6,0.6370268463056187,0.6354628990139382,0.001563947291680523,3.63,3.7946666666666666,0.16466666666666674,4,4,0,0.0,0.9919231139395113,0.00807688606048873,0.0,1.0,1.0496345395500755,irreversible
0.7,0.0,7,0.7758108644214698,0.7757940812052354,1.6783216234439458e-05,1.42,1.4273333333333333,0.007333333333333414,1,1,0,0.0,0.9998025814080075,0.00019741859199251532,0.016666666666666666,0.9833333333333333,0.9853682810627178,irreversible
0.7,0.0,8,0.6355030536802196,0.6347634700014404,0.0007395836787792431,3.67,3.676,0.006000000000000227,3,4,1,0.0,0.9895918872148303,0.010408112785169732,0.26666666666666666,0.7333333333333334,0.745426342038198,irreversible
0.7,0.0,9,0.7004253327793264,0.7000440997210317,0.00038123305829473875,2.154,2.0873333333333335,0.06666666666666643,2,2,0,0.0,0.9990459503202793,0.000954049679720681,0.5833333333333334,0.41666666666666663,0.43438269127762763,metastable
0.7,0.0,10,0.7468646080068486,0.7468341366556912,3.047135115741284e-05,1.7006666666666668,1.454,0.2466666666666668,1,1,0,0.0,0.9975729408973597,0.0024270591026402943,0.75,0.25,0.31410134360709635,metastable
0.7,0.0,11,0.7624776457924888,0.7623886503483697,8.899544411911098e-05,1.8706666666666667,1.4226666666666667,0.44799999999999995,2,1,1,0.0,0.9989664704449776,0.00103352955502245,0.11666666666666667,0.8833333333333333,0.9963891117493855,irreversible
0.7,0.0,12,0.7206758697888835,0.720595462937583,8.04068513005074e-05,1.816,1.7113333333333334,0.10466666666666669,2,2,0,0.0,0.999236860714688,0.00076313928531202,0.75,0.25,0.2769499076648038,metastable
0.7,0.0,13,0.6713029031426073,0.6712363374091697,6.656573343766237e-05,3.384,3.421333333333333,0.03733333333333322,3,2,1,0.0,0.9859462703402663,0.014053729659733727,0.7666666666666667,0.23333333333333328,0.25673703775975976,reversible
0.7,0.0,14,0.7430468131122946,0.7429840669446299,6.274616766466234e-05,1.514,1.46,0.05400000000000005,1,1,0,0.0,0.9999948640892633,5.135910736697724e-06,0.0,1.0,1.0135208224526528,irreversible
0.7,0.0,15,0.6585954442447634,0.6575710453814939,0.0010243988632694379,2.106,2.178,0.07200000000000006,2,2,0,0.0,0.9998746626364713,0.00012533736352871028,0.0,1.0,1.0183814370793463,irreversible
0.7,0.0,16,0.7138126659139505,0.7137384009384873,7.426497546325628e-05,1.4386666666666668,1.4306666666666668,0.008000000000000007,1,1,0,0.0,0.9955568298320288,0.004443170167971244,0.3,0.7,0.7064617364118371,irreversible
0.7,0.0,17,0.7196897748339495,0.7195276986577922,0.00016207617615726644,2.328666666666667,1.9386666666666668,0.3900000000000001,2,2,0,0.0,0.9962840243824833,0.003715975617516687,0.1,0.9,1.001256494661556,irreversible
0.7,0.0,18,0.6718061483719198,0.6720354163085791,0.00022926793665933864,3.6126666666666667,3.993333333333333,0.3806666666666665,4,4,0,0.0,0.9875205670673523,0.01247943293264775,0.05,0.95,1.057703416583479,irreversible
0.7,0.0,19,0.7143348724590856,0.7141301747861659,0.00020469767291964036,2.6653333333333333,2.9126666666666665,0.24733333333333318,3,3,0,0.0,0.9977617844843557,0.002238215515644293,0.0,1.0,1.0641227232672075,irreversible
0.7,0.1,0,0.7218732564210486,0.7218184965509543,5.475987009428973e-05,3.001333333333333,2.92,0.08133333333333326,3,3,0,0.005082959184978253,0.9934356575025196,0.006564342497480391,0.03333333333333333,0.9666666666666667,0.993578032465004,irreversible
0.7,0.1,1,0.8022371250695054,0.802207762189251,2.9362880254346635e-05,1.3713333333333333,1.3633333333333333,0.008000000000000007,1,1,0,0.005567735344719993,0.9999962063860153,3.7936139847261074e-06,0.8,0.19999999999999996,0.20201113433404827,reversible
0.7,0.1,2,0.6629038761555033,0.6619439520413959,0.0009599241141073911,2.425333333333333,2.68,0.25466666666666704,2,3,1,0.005307263305182053,0.9949767768982878,0.005023223101712215,0.9666666666666667,0.033333333333333326,0.10226320413023915,reversible
0.7,0.1,3,0.7222484177675536,0.7223263469528911,7.792918533755522e-05,2.546666666666667,2.5573333333333332,0.01066666666666638,3,2,1,0.004175440822384302,0.9922491447009337,0.007750855299066273,0.7,0.30000000000000004,0.31043700426206733,metastable
0.7,0.1,4,0.7062567160142766,0.7060659543488934,0.00019076166538323225,3.028,2.8833333333333333,0.14466666666666672,3,3,0,0.004554961461759155,0.9994656533186524,0.0005343466813475528,0.016666666666666666,0.9833333333333333,1.0200820370976933,irreversible
0.7,0.1,5,0.742926367173053,0.7428454262856806,8.09408873724271e-05,1.4346666666666668,1.5533333333333332,0.11866666666666648,1,2,1,0.004855247808518315,0.9998990301804187,0.00010096981958129803,0.6666666666666666,0.33333333333333337,0.3631212050414244,metastable
0.7,0.1,6,0.6370268463056187,0.6355564880671104,0.0014703582385082736,3.63,3.79,0.16000000000000014,4,4,0,0.00540133673198373,0.9930045337529966,0.0069954662470034235,0.0,1.0,1.0473630558066307,irreversible
0.7,0.1,7,0.7758108644214698,0.7757957368869641,1.512753450572113e-05,1.42,1.428,0.008000000000000007,1,1,0,0.005785230342152614,0.9998299428837389,0.00017005711626105757,0.016666666666666666,0.9833333333333333,0.9855071723332207,irreversible
0.7,0.1,8,0.6355030536802196,0.6347521953559127,0.0007508583243069911,3.67,3.6286666666666667,0.04133333333333322,3,4,1,0.005601349941135814,0.9897604162805674,0.010239583719432566,0.65,0.35,0.3707606316338426,metastable
0.7,0.1,9,0.7004253327793264,0.7000245122951434,0.00040082048418299543,2.154,2.1033333333333335,0.050666666666666416,2,2,0,0.0045797356965694425,0.9990192857219563,0.0009807142780436928,0.16666666666666666,0.8333333333333334,0.8470809193990894,irreversible
0.7,0.1,10,0.7468646080068486,0.7468624010451896,2.2069616589792673e-06,1.7006666666666668,1.464,0.2366666666666668,1,1,0,0.004845457257861452,0.9975778244079555,0.0024221755920444954,0.7666666666666667,0.23333333333333328,0.2949227273324592,reversible
0.7,0.1,11,0.7624776457924888,0.7624096759443397,6.796984814905205e-05,1.8706666666666667,1.4946666666666666,0.3760000000000001,2,1,1,0.004834404950814775,0.9990126660252393,0.0009873339747606957,0.2,0.8,0.895004326436798,irreversible
0.7,0.1,12,0.7206758697888835,0.7206059400699678,6.992971891572886e-05,1.816,1.7206666666666666,0.09533333333333349,2,2,0,0.004960474886224864,0.9992212098822891,0.0007787901177108703,0.7833333333333333,0.21666666666666667,0.24129627254743985,reversible
0.7,0.1,13,0.6713029031426073,0.6713771924210374,7.428927843011746e-05,3.384,3.402,0.018000000000000238,3,2,1,0.004633053394615061,0.9856599750784594,0.014340024921540628,0.75,0.25,0.26885859724114824,metastable
0.7,0.1,14,0.7430468131122946,0.7429939141452628,5.2898967031755895e-05,1.514,1.4593333333333334,0.05466666666666664,1,1,0,0.004485647838096685,0.9999937952328907,6.204767109330156e-06,0.7333333333333333,0.2666666666666667,0.2803527628422007,metastable
0.7,0.1,15,0.6585954442447634,0.6575817183461188,0.0010137258986445685,2.106,2.162,0.05600000000000005,2,2,0,0.0053028351034647425,0.9997488259108719,0.00025117408912811445,0.0,1.0,1.0145046055637892,irreversible
0.7,0.1,16,0.7138126659139505,0.713726211586483,8.645432746756665e-05,1.4386666666666668,1.4333333333333333,0.005333333333333412,1,1,0,0.0049821369432875295,0.995403770214603,0.004596229785396977,0.03333333333333333,0.9666666666666667,0.9726178433672639,irreversible
0.7,0.1,17,0.7196897748339495,0.719545942441289,0.0001438323926604701,2.328666666666667,1.9893333333333334,0.3393333333333335,2,2,0,0.0051455148148101815,0.9963055576469793,0.0036944423530207438,0.7666666666666667,0.23333333333333328,0.3218970671178525,reversible
0.7,0.1,18,0.6718061483719198,0.6720900307368372,0.00028388236491738716,3.6126666666666667,3.8873333333333333,0.2746666666666666,4,4,0,0.005223089436370398,0.9876025699170614,0.012397430082938588,0.016666666666666666,0.9833333333333333,1.064468400674168,irreversible
0.7,0.1,19,0.7143348724590856,0.7141230742703568,0.00021179818872874012,2.6653333333333333,2.886,0.2206666666666668,3,3,0,0.0047804830987612235,0.997706724005456,0.0022932759945439862,0.0,1.0,1.0575128922083927,irreversible
0.7,0.2,0,0.7218732564210486,0.7218181410011191,5.511541992953006e-05,3.001333333333333,2.9466666666666668,0.05466666666666642,3,3,0,0.020193045814065447,0.9934400617068923,0.006559938293107748,0.05,0.95,0.9702403838147566,irreversible
0.7,0.2,1,0.8022371250695054,0.8022147770006642,2.2348068841160362e-05,1.3713333333333333,1.3633333333333333,0.008000000000000007,1,1,0,0.02209382812342442,0.999982400996373,1.759900362696687e-05,0.8,0.19999999999999996,0.20202318602083721,reversible
0.7,0.2,2,0.6629038761555033,0.6620017700263654,0.0009021061291378807,2.425333333333333,2.654,0.2286666666666668,2,3,1,0.021078674462537306,0.9959881348167702,0.0040118651832298236,0.8833333333333333,0.1166666666666667,0.1780707250488477,reversible
0.7,0.2,3,0.7222484177675536,0.7223182309345587,6.98131670051616e-05,2.546666666666667,2.5573333333333332,0.01066666666666638,3,2,1,0.01660651766859711,0.9922052831177892,0.007794716882210784,0.7166666666666667,0.2833333333333333,0.293812170173962,metastable
0.7,0.2,4,0.7062567160142766,0.7060628151373176,0.00019390087695903002,3.028,2.8966666666666665,0.13133333333333352,3,3,0,0.01810989112517447,0.9993650408167783,0.0006349591832216506,0.03333333333333333,0.9666666666666667,1.0001834344024616,irreversible
0.7,0.2,5,0.742926367173053,0.742855792180589,7.057499246410082e-05,1.4346666666666668,1.584,0.14933333333333332,1,2,1,0.019288153457760138,0.9999048035385821,9.519646141786797e-05,0.85,0.15000000000000002,0.18744617354286724,reversible
0.7,0.2,6,0.6370268463056187,0.6356979690829996,0.001328877222619096,3.63,3.755333333333333,0.1253333333333333,4,4,0,0.0214311705939928,0.993525533398057,0.006474466601942952,0.0,1.0,1.038140019240931,irreversible
0.7,0.2,7,0.7758108644214698,0.7757969052144343,1.3959207035507681e-05,1.42,1.428,0.008000000000000007,1,1,0,0.02295582617563563,0.9998459932118459,0.00015400678815413738,0.016666666666666666,0.9833333333333333,0.9854908299232463,irreversible
0.7,0.2,8,0.6355030536802196,0.6348152320883937,0.000687821591825899,3.67,3.552,0.11799999999999988,3,3,0,0.02222273995200541,0.9898494622623133,0.010150537737686705,0.6333333333333333,0.3666666666666667,0.4064891598023098,metastable
0.7,0.2,9,0.7004253327793264,0.6999803606354192,0.0004449721439071519,2.154,2.0993333333333335,0.05466666666666642,2,2,0,0.018187698023347854,0.9989759832360926,0.0010240167639073983,0.0,1.0,1.0148019264665507,irreversible
0.7,0.2,10,0.7468646080068486,0.7468956833507411,3.107534389246158e-05,1.7006666666666668,1.4906666666666666,0.2100000000000002,1,1,0,0.019247186053557908,0.9975711536848278,0.0024288463151721507,0.7833333333333333,0.21666666666666667,0.271603281817812,reversible
0.7,0.2,11,0.7624776457924888,0.7624395874034006,3.805838908821357e-05,1.8706666666666667,1.7286666666666666,0.14200000000000013,2,1,1,0.019202771093093873,0.9990441528068374,0.0009558471931625512,0.8333333333333334,0.16666666666666663,0.20313202845710127,reversible
0.7,0.2,12,0.7206758697888835,0.7206168058918718,5.9063897011712996e-05,1.816,1.8593333333333333,0.043333333333333224,2,2,0,0.019693681911027383,0.9992296622167137,0.000770337783286279,0.8166666666666667,0.18333333333333335,0.19495177042420586,reversible
0.7,0.2,13,0.6713029031426073,0.6715730558599247,0.00027015271731734014,3.384,3.470666666666667,0.08666666666666689,3,2,1,0.018400621743477563,0.9858610120647756,0.01413898793522439,0.75,0.25,0.2858731927812205,metastable
0.7,0.2,14,0.7430468131122946,0.743003110654697,4.370245759754976e-05,1.514,1.4586666666666666,0.055333333333333456,1,1,0,0.017822918794434872,0.9999934231841632,6.576815836822902e-06,0.9333333333333333,0.06666666666666665,0.08051750243023623,reversible
0.7,0.2,15,0.6585954442447634,0.6576251956384032,0.0009702486063601912,2.106,2.14,0.03400000000000025,2,2,0,0.021030983863888464,0.9996431735294018,0.0003568264705982038,0.6666666666666666,0.33333333333333337,0.34243272195552166,metastable
0.7,0.2,16,0.7138126659139505,0.7137187046853437,9.396122860683143e-05,1.4386666666666668,1.4346666666666668,0.0040000000000000036,1,1,0,0.019762566257660485,0.995269479527738,0.004730520472261968,0.03333333333333333,0.9666666666666667,0.9724206774460804,irreversible
0.7,0.2,17,0.7196897748339495,0.7195792878214904,0.00011048701245908177,2.328666666666667,2.050666666666667,0.278,2,2,0,0.02041849490494585,0.9963032679778464,0.0036967320221535926,0.8833333333333333,0.1166666666666667,0.18989102044193507,reversible
0.7,0.2,18,0.6718061483719198,0.6721320213921271,0.00032587302020736786,3.6126666666666667,3.784666666666667,0.17200000000000015,4,4,0,0.020710169321628502,0.987525016906363,0.012474983093637038,0.016666666666666666,0.9833333333333333,1.0388897846820222,irreversible
0.7,0.2,19,0.7143348724590856,0.7140813300080318,0.0002535424510538009,2.6653333333333333,2.8713333333333333,0.20599999999999996,3,3,0,0.018997841239258295,0.9976974912361815,0.002302508763818545,0.0,1.0,1.0538658943765817,irreversible
0.7,0.3,0,0.7218732564210486,0.7218352898899035,3.796653114507276e-05,3.001333333333333,2.9466666666666668,0.05466666666666642,3,3,0,0.04491957961568338,0.9937143753802821,0.006285624619717933,0.05,0.95,0.9699617829191708,irreversible
0.7,0.3,1,0.8022371250695054,0.8022206337641534,1.6491305351973296e-05,1.3713333333333333,1.3646666666666667,0.006666666666666599,1,1,0,0.04905571508536821,0.9999649038483239,3.509615167607283e-05,0.8,0.19999999999999996,0.20170588564468067,reversible
0.7,0.3,2,0.6629038761555033,0.6621371209938485,0.0007667551616548085,2.425333333333333,2.6733333333333333,0.24800000000000022,2,3,1,0.04686935264896541,0.9973412418255075,0.0026587581744924593,0.9,0.09999999999999998,0.1648504469649062,reversible
0.7,0.3,3,0.7222484177675536,0.7223038497225557,5.543195500212761e-05,2.546666666666667,2.5526666666666666,0.005999999999999783,3,2,1,0.037010886385621666,0.992166534891288,0.007833465108711968,0.7166666666666667,0.2833333333333333,0.29268065643079577,metastable
0.7,0.3,4,0.7062567160142766,0.7060527339738798,0.00020398204039684398,3.028,2.884,0.14400000000000013,3,2,1,0.04033879710526955,0.9992084628049529,0.0007915371950470984,0.55,0.44999999999999996,0.4868425327051463,metastable
0.7,0.3,5,0.742926367173053,0.7428596146092131,6.675256383992245e-05,1.4346666666666668,1.5993333333333333,0.16466666666666652,1,2,1,0.04290546087307101,0.9999080743931393,9.192560686066553e-05,0.8833333333333333,0.1166666666666667,0.15794194708115397,reversible
0.7,0.3,6,0.6370268463056187,0.6358329029071936,0.0011939433984250458,3.63,3.8106666666666666,0.18066666666666675,4,4,0,0.04757620097962545,0.9937979658212547,0.006202034178745319,0.25,0.75,0.8016671866950182,irreversible
0.7,0.3,7,0.7758108644214698,0.7757976504436529,1.321397781695044e-05,1.42,1.4286666666666668,0.008666666666666822,1,1,0,0.05096549380339721,0.9998538378578973,0.0001461621421027237,0.03333333333333333,0.9666666666666667,0.9689827989698903,irreversible
0.7,0.3,8,0.6355030536802196,0.6348924024195932,0.0006106512606264269,3.67,3.3626666666666667,0.30733333333333324,3,3,0,0.04932491169818787,0.9899784973385324,0.010021502661467618,0.6666666666666666,0.33333333333333337,0.4203408321432909,metastable
0.7,0.3,9,0.7004253327793264,0.6998860198090822,0.0005393129702442323,2.154,2.042666666666667,0.11133333333333306,2,2,0,0.04043632998506097,0.9990530881651235,0.000946911834876496,0.65,0.35,0.3789150734107708,metastable
0.7,0.3,10,0.7468646080068486,0.7469176792163604,5.3071209511812434e-05,1.7006666666666668,1.54,0.16066666666666674,1,2,1,0.04280687287122964,0.9975567232429496,0.002443276757050361,0.7833333333333333,0.21666666666666667,0.2592898778927617,reversible
0.7,0.3,11,0.7624776457924888,0.7624573441568212,2.030163566757448e-05,1.8706666666666667,1.836,0.03466666666666662,2,2,0,0.04270669406900163,0.9990578341600046,0.0009421658399954014,0.9,0.09999999999999998,0.10961390791557893,reversible
0.7,0.3,12,0.7206758697888835,0.7206248437519798,5.102603690376739e-05,1.816,1.9226666666666667,0.10666666666666669,2,2,0,0.043762203751507744,0.9992580562013248,0.0007419437986752042,0.8333333333333334,0.16666666666666663,0.19408803364123445,reversible
0.7,0.3,13,0.6713029031426073,0.6716710115168383,0.00036810837423095766,3.384,3.542,0.15799999999999992,3,2,1,0.040913970742664674,0.9865231904215389,0.01347680957846109,0.7666666666666667,0.23333333333333328,0.28640217000535206,reversible
0.7,0.3,14,0.7430468131122946,0.7430105444953072,3.626861698735606e-05,1.514,1.4566666666666668,0.057333333333333236,1,1,0,0.039658121293117965,0.9999935674319098,6.432568090186663e-06,0.9666666666666667,0.033333333333333326,0.04768216638900366,reversible
0.7,0.3,15,0.6585954442447634,0.6576919533182081,0.0009034909265552837,2.106,2.124,0.018000000000000238,2,2,0,0.04665332075894657,0.9991652073056345,0.0008347926943654826,0.8,0.19999999999999996,0.20556066542600432,reversible
0.7,0.3,16,0.7138126659139505,0.7137144038348813,9.826207906926676e-05,1.4386666666666668,1.4353333333333333,0.0033333333333334103,1,1,0,0.04385319866641246,0.9951502412818795,0.004849758718120545,0.5,0.5,0.5057076575712212,metastable
0.7,0.3,17,0.7196897748339495,0.719601353671749,8.842116220042495e-05,2.328666666666667,2.126,0.202666666666667,2,2,0,0.045336698142943166,0.9963063538930502,0.0036936461069497772,0.9166666666666666,0.08333333333333337,0.1377157513975,reversible
0.7,0.3,18,0.6718061483719198,0.672149454052593,0.00034330568067320044,3.6126666666666667,3.6273333333333335,0.014666666666666828,4,3,1,0.04592561741286416,0.9871745333587145,0.012825466641285477,0.6666666666666666,0.33333333333333337,0.34991129306145385,metastable
0.7,0.3,19,0.7143348724590856,0.7140479399911464,0.0002869324679392049,2.6653333333333333,2.8826666666666667,0.21733333333333338,3,3,0,0.04228468101897398,0.9978052743658019,0.0021947256341980914,0.0,1.0,1.0565997920845163,irreversible
0.7,0.4,0,0.7218732564210486,0.7218531723266354,2.008409441323078e-05,3.001333333333333,2.8813333333333335,0.11999999999999966,3,3,0,0.078596769228518,0.993869205736622,0.006130794263378037,0.05,0.95,0.9861358152869812,irreversible
0.7,0.4,1,0.8022371250695054,0.802224780860701,1.2344208804360157e-05,1.3713333333333333,1.3786666666666667,0.007333333333333414,1,1,0,0.08561117446767541,0.9999480157845153,5.1984215484690566e-05,0.8,0.19999999999999996,0.2018884036010191,reversible
0.7,0.4,2,0.6629038761555033,0.6622190998785248,0.0006847762769784937,2.425333333333333,2.654,0.2286666666666668,2,3,1,0.08195835964297293,0.9961204584784715,0.0038795415215284734,0.9333333333333333,0.06666666666666665,0.12788406892410645,reversible
0.7,0.4,3,0.7222484177675536,0.7222847618617178,3.6344094164197926e-05,2.546666666666667,2.534,0.012666666666667048,3,2,1,0.06492912668400885,0.9922476612364476,0.007752338763552413,0.7166666666666667,0.2833333333333333,0.29426142478709355,metastable
0.7,0.4,4,0.7062567160142766,0.7060471637974663,0.00020955221681029368,3.028,2.8633333333333333,0.16466666666666674,3,3,0,0.07071109653724983,0.9990288898438038,0.0009711101561962199,0.6833333333333333,0.31666666666666665,0.35885683154373216,metastable
0.7,0.4,5,0.742926367173053,0.7428610926500933,6.527452295979064e-05,1.4346666666666668,1.606,0.17133333333333334,1,2,1,0.0750690014097507,0.9999109430826781,8.905691732186138e-05,0.8833333333333333,0.1166666666666667,0.15960537554806184,reversible
0.7,0.4,6,0.6370268463056187,0.6359622077679561,0.0010646385376625878,3.63,3.828666666666667,0.198666666666667,4,4,0,0.08301100111133863,0.993923432928802,0.006076567071197969,0.8166666666666667,0.18333333333333335,0.2393427267056137,reversible
0.7,0.4,7,0.7758108644214698,0.7757981045949188,1.2759826551023146e-05,1.42,1.4286666666666668,0.008666666666666822,1,1,0,0.08893318175785414,0.999856306937317,0.00014369306268302573,0.03333333333333333,0.9666666666666667,0.9689802163526542,irreversible
0.7,0.4,8,0.6355030536802196,0.6349249195938109,0.0005781340864087214,3.67,3.2546666666666666,0.41533333333333333,3,3,0,0.0860376583618786,0.9902353776959628,0.009764622304037185,0.8,0.19999999999999996,0.3137424891589726,reversible
0.7,0.4,9,0.7004253327793264,0.7000018243012947,0.0004235084780317422,2.154,2.0406666666666666,0.11333333333333329,2,2,0,0.07069990312459717,0.9989678007899443,0.0010321992100557065,0.6666666666666666,0.33333333333333337,0.36280474299623033,metastable
0.7,0.4,10,0.7468646080068486,0.7469306240053513,6.601599850264428e-05,1.7006666666666668,1.582,0.1186666666666667,1,2,1,0.07487908239870322,0.9975358007763564,0.002464199223643604,0.7833333333333333,0.21666666666666667,0.2488140365566026,reversible
0.7,0.4,11,0.7624776457924888,0.7624663224897067,1.132330278208471e-05,1.8706666666666667,1.8773333333333333,0.006666666666666599,2,1,1,0.07470227106958927,0.999064263614059,0.0009357363859410217,0.9,0.09999999999999998,0.10260523387830317,reversible
0.7,0.4,12,0.7206758697888835,0.7206297842643832,4.6085524500361075e-05,1.816,1.9546666666666668,0.13866666666666672,2,2,0,0.07646068187257193,0.9992982897007637,0.0007017102992362689,0.85,0.15000000000000002,0.18537989834702806,reversible
0.7,0.4,13,0.6713029031426073,0.6716745665746372,0.0003716634320298784,3.384,3.5313333333333334,0.14733333333333354,3,2,1,0.071544980527114,0.9870293568991144,0.012970643100885582,0.7666666666666667,0.23333333333333328,0.2832302256255597,reversible
0.7,0.4,14,0.7430468131122946,0.7430162288859579,3.0584226336727305e-05,1.514,1.4566666666666668,0.057333333333333236,1,1,0,0.0694192131554272,0.9999939505425073,6.0494574927183464e-06,0.9666666666666667,0.033333333333333326,0.047680362180743535,reversible
0.7,0.4,15,0.6585954442447634,0.657759831084527,0.0008356131602363925,2.106,2.1233333333333335,0.017333333333333645,2,2,0,0.08131708391445913,0.9984610189744045,0.001538981025595465,0.8333333333333334,0.16666666666666663,0.1727478843156546,reversible
0.7,0.4,16,0.7138126659139505,0.7137122589155923,0.00010040699835822675,1.4386666666666668,1.4353333333333333,0.0033333333333334103,1,1,0,0.07647264166529855,0.9950522895044815,0.004947710495518454,0.6666666666666666,0.33333333333333337,0.33913947891177476,metastable
0.7,0.4,17,0.7196897748339495,0.7196098725112033,7.990232274612818e-05,2.328666666666667,2.1393333333333335,0.18933333333333335,2,2,0,0.0791239878765776,0.9963247487684546,0.00367525123154544,0.9333333333333333,0.06666666666666665,0.11769522681223196,reversible
0.7,0.4,18,0.6718061483719198,0.6721477136990909,0.00034156532717111165,3.6126666666666667,3.6506666666666665,0.03799999999999981,4,3,1,0.080012374822243,0.986343880765886,0.013656119234114028,0.7166666666666667,0.2833333333333333,0.30657484389924006,metastable
0.7,0.4,19,0.7143348724590856,0.7140884905682937,0.0002463818907918469,2.6653333333333333,2.8253333333333335,0.16000000000000014,3,3,0,0.07404470506928251,0.9976534007673281,0.0023465992326718865,0.0,1.0,1.0424081947053698,irreversible
0.7,0.5,0,0.7218732564210486,0.7218647113631473,8.545057901265807e-06,3.001333333333333,2.862,0.1393333333333331,3,3,0,0.12033069666070473,0.993920089903559,0.0060799100964410435,0.5833333333333334,0.41666666666666663,0.45758204636091626,metastable
0.7,0.5,1,0.8022371250695054,0.8022274380691105,9.687000394942302e-06,1.3713333333333333,1.3846666666666667,0.01333333333333342,1,1,0,0.13063955510002467,0.999932846036014,6.715396398604412e-05,0.8,0.19999999999999996,0.2034029090474181,reversible
0.7,0.5,2,0.6629038761555033,0.6622729057434981,0.0006309704120052162,2.425333333333333,2.598,0.17266666666666675,2,2,0,0.12537838721291605,0.9955707022145235,0.004429297785476516,0.9666666666666667,0.033333333333333326,0.08108704038847783,reversible
0.7,0.5,3,0.7222484177675536,0.7222656028368684,1.718506931480679e-05,2.546666666666667,2.532,0.014666666666666828,3,2,1,0.09974093526391925,0.9934596160494676,0.006540383950532358,0.7166666666666667,0.2833333333333333,0.29354468021786106,metastable
0.7,0.5,4,0.7062567160142766,0.7060427913268421,0.0002139246874345302,3.028,2.802,0.22599999999999998,3,3,0,0.10851013231817641,0.9988925061659492,0.0011074938340508433,0.8,0.19999999999999996,0.25766097500590945,reversible
0.7,0.5,5,0.742926367173053,0.7428612200434018,6.514712965122182e-05,1.4346666666666668,1.6133333333333333,0.17866666666666653,1,2,1,0.11492066500086584,0.9999144607225658,8.553927743415457e-05,0.9,0.09999999999999998,0.14476849272651357,reversible
0.7,0.5,6,0.6370268463056187,0.6360574907995858,0.0009693555060328318,3.63,3.844,0.21399999999999997,4,4,0,0.12664078909907894,0.9939002051121736,0.006099794887826415,0.8833333333333333,0.1166666666666667,0.1765088004310013,reversible
0.7,0.5,7,0.7758108644214698,0.7757983911506872,1.2473270782686896e-05,1.42,1.4286666666666668,0.008666666666666822,1,1,0,0.1356854011947447,0.9998574949999348,0.00014250500006518507,0.016666666666666666,0.9833333333333333,0.9856456233177608,irreversible
0.7,0.5,8,0.6355030536802196,0.634890789574558,0.0006122641056616196,3.67,3.408,0.262,3,4,1,0.13120089928104572,0.9905283526233762,0.00947164737662376,0.95,0.050000000000000044,0.1251247134030392,reversible
0.7,0.5,9,0.7004253327793264,0.7001100772558654,0.00031525552346101104,2.154,2.1206666666666667,0.033333333333333215,2,2,0,0.10814347616729081,0.9988360924794051,0.00116390752059492,0.6666666666666666,0.33333333333333337,0.3429093880681269,metastable
0.7,0.5,10,0.7468646080068486,0.7469383665622705,7.375855542191001e-05,1.7006666666666668,1.606,0.09466666666666668,1,2,1,0.11459786559889451,0.9975106822155583,0.0024893177844417247,0.7833333333333333,0.21666666666666667,0.24284109075663055,reversible
0.7,0.5,11,0.7624776457924888,0.7624701252589563,7.520533532479057e-06,1.8706666666666667,1.89,0.019333333333333202,2,1,1,0.11432899370206262,0.9990679878552445,0.0009320121447554675,0.9166666666666666,0.08333333333333337,0.08910055894480526,reversible
0.7,0.5,12,0.7206758697888835,0.7206324058175032,4.346397138033087e-05,1.816,1.978,0.16199999999999992,2,2,0,0.11684978056724893,0.999343994756364,0.0006560052436359598,0.8833333333333333,0.1166666666666667,0.15783353790314772,reversible
0.7,0.5,13,0.6713029031426073,0.6716492714651883,0.00034636832258094774,3.384,3.5366666666666666,0.15266666666666673,3,4,1,0.10945454337863159,0.9872648169974796,0.012735183002520412,0.7666666666666667,0.23333333333333328,0.2843217750831656,reversible
0.7,0.5,14,0.7430468131122946,0.743020525251122,2.6287861172535898e-05,1.514,1.456,0.05800000000000005,1,1,0,0.10634090326647128,0.9999943559162238,5.644083776235043e-06,0.9666666666666667,0.033333333333333326,0.04784554938240271,reversible
0.7,0.5,15,0.6585954442447634,0.6578240037358782,0.0007714405088851128,2.106,2.1266666666666665,0.02066666666666661,2,2,0,0.1238941505101453,0.9978955386340157,0.0021044613659843003,0.85,0.15000000000000002,0.15746398815987225,reversible
0.7,0.5,16,0.7138126659139505,0.7137114471266661,0.00010121878728441835,1.4386666666666668,1.4366666666666668,0.0020000000000000018,1,1,0,0.11659172823971997,0.995000355781081,0.004999644218918964,0.7166666666666667,0.2833333333333333,0.2888582822490734,metastable
0.7,0.5,17,0.7196897748339495,0.7196116801456022,7.80946883472966e-05,2.328666666666667,2.142,0.18666666666666698,2,2,0,0.1207497832915988,0.996346757647764,0.0036532423522359636,0.9333333333333333,0.06666666666666665,0.11700609935765618,reversible
0.7,0.5,18,0.6718061483719198,0.6721367408255234,0.00033059245360367306,3.6126666666666667,3.746,0.1333333333333333,4,4,0,0.12184256438476349,0.9851250399940271,0.014874960005972881,0.65,0.35,0.3982909414527071,metastable
0.7,0.5,19,0.7143348724590856,0.7141266905755655,0.00020818188352000888,2.6653333333333333,2.6506666666666665,0.014666666666666828,3,3,0,0.11347591667395573,0.9977090214774135,0.0022909785225865287,0.0,1.0,1.0060096906601332,irreversible
0.7,0.6,0,0.7218732564210486,0.7218616189590827,1.1637461965863238e-05,3.001333333333333,2.8546666666666667,0.1466666666666665,3,3,0,0.1690351016255488,0.9939021520507979,0.006097847949202095,0.6666666666666666,0.33333333333333337,0.37610075731469356,metastable
0.7,0.6,1,0.8022371250695054,0.8022292054497057,7.919619799734434e-06,1.3713333333333333,1.388,0.016666666666666607,1,1,0,0.18279593430765406,0.9999187372617809,8.126273821906782e-05,0.8,0.19999999999999996,0.2042499093098356,reversible
0.7,0.6,2,0.6629038761555033,0.6623084516806796,0.0005954244748236359,2.425333333333333,2.5573333333333332,0.13200000000000012,2,2,0,0.1759551704983523,0.9954902876451179,0.004509712354882067,0.9666666666666667,0.033333333333333326,0.07099190180692133,reversible
0.7,0.6,3,0.7222484177675536,0.7222641454897298,1.5727722176284153e-05,2.546666666666667,2.518,0.028666666666667062,3,3,0,0.14068675175838763,0.9945576509369828,0.0054423490630172155,0.7166666666666667,0.2833333333333333,0.29594628099356135,metastable
0.7,0.6,4,0.7062567160142766,0.7060350697856714,0.0002216462286052101,3.028,2.8186666666666667,0.20933333333333337,3,3,0,0.15285794978753298,0.9987794687877084,0.0012205312122915979,0.8166666666666667,0.18333333333333335,0.2369426094361096,reversible
0.7,0.6,5,0.742926367173053,0.742860381439342,6.598573371108252e-05,1.4346666666666668,1.616,0.18133333333333335,1,2,1,0.16141558093615416,0.9999181048180039,8.189518199608337e-05,0.9166666666666666,0.08333333333333337,0.12876505828209056,reversible
0.7,0.6,6,0.6370268463056187,0.6359782761240464,0.0010485701815722281,3.63,3.8753333333333333,0.2453333333333334,4,4,0,0.17715685290420558,0.9937957064842223,0.00620429351577767,0.8833333333333333,0.1166666666666667,0.18446643606117077,reversible
0.7,0.6,7,0.7758108644214698,0.7757986213887144,1.2243032755487882e-05,1.42,1.4286666666666668,0.008666666666666822,1,1,0,0.18981192657850976,0.9998597202603533,0.00014027973964669815,0.016666666666666666,0.9833333333333333,0.9856433404978355,irreversible
0.7,0.6,8,0.6355030536802196,0.6348198418763954,0.0006832118038242463,3.67,3.434,0.23599999999999977,3,3,0,0.18341878788838462,0.9908852205790024,0.009114779420997587,0.95,0.050000000000000044,0.11828558237195363,reversible
0.7,0.6,9,0.7004253327793264,0.7001698163595296,0.0002555164197968196,2.154,2.1866666666666665,0.03266666666666662,2,2,0,0.15176085266784833,0.9986893894219253,0.001310610578074689,0.7,0.30000000000000004,0.3095411563496906,metastable
0.7,0.6,10,0.7468646080068486,0.7469408603878137,7.625238096509168e-05,1.7006666666666668,1.606,0.09466666666666668,1,2,1,0.16091203107090946,0.9974825530991173,0.002517446900882736,0.7833333333333333,0.21666666666666667,0.24286984332945735,reversible
0.7,0.6,11,0.7624776457924888,0.762471298253801,6.347538687778709e-06,1.8706666666666667,1.8966666666666667,0.026000000000000023,2,1,1,0.1605477573456059,0.9990776537478204,0.0009223462521795733,0.9,0.09999999999999998,0.1074239331368515,reversible
0.7,0.6,12,0.7206758697888835,0.7206335980970586,4.2271691824913304e-05,1.816,1.9886666666666666,0.17266666666666652,2,2,0,0.16380075062216648,0.9993884526850972,0.0006115473149027606,0.8833333333333333,0.1166666666666667,0.16045544857119232,reversible
0.7,0.6,13,0.6713029031426073,0.6716174624411084,0.00031455929850110476,3.384,3.544,0.16000000000000014,3,3,0,0.15362989293676188,0.9874268870047472,0.012573112995252766,0.7666666666666667,0.23333333333333328,0.2859850861532114,reversible
0.7,0.6,14,0.7430468131122946,0.7430234079567349,2.3405155559652613e-05,1.514,1.456,0.05800000000000005,1,1,0,0.14949773844743808,0.9999946698752114,5.330124788649471e-06,0.9666666666666667,0.033333333333333326,0.0478445147470119,reversible
0.7,0.6,15,0.6585954442447634,0.6578870387674403,0.000708405477323093,2.106,2.1146666666666665,0.0086666666666666,2,2,0,0.17304121991015198,0.9974944884105543,0.0025055115894456748,0.9,0.09999999999999998,0.10484927962544308,reversible
0.7,0.6,16,0.7138126659139505,0.7137110542034795,0.00010161171047107231,1.4386666666666668,1.4373333333333334,0.0013333333333334085,1,1,0,0.16299225377376192,0.9950575364262408,0.004942463573759159,0.75,0.25,0.2553011998347103,metastable
0.7,0.6,17,0.7196897748339495,0.7196149322029048,7.484263104462485e-05,2.328666666666667,2.134,0.194666666666667,2,2,0,0.16898054287260322,0.9963921436015317,0.0036078563984682788,0.9333333333333333,0.06666666666666665,0.11895990038956283,reversible
0.7,0.6,18,0.6718061483719198,0.6721270718846992,0.0003209235127794585,3.6126666666666667,3.768,0.1553333333333331,4,3,1,0.17008288002199068,0.9840008579698819,0.015999142030118096,0.5333333333333333,0.4666666666666667,0.5215793729083129,metastable
0.7,0.6,19,0.7143348724590856,0.7141528096819263,0.00018206277715926422,2.6653333333333333,2.5686666666666667,0.09666666666666668,3,2,1,0.15960148961079312,0.997815547285548,0.002184452714452001,0.3333333333333333,0.6666666666666667,0.6930633017420752,irreversible
0.7,0.7,0,0.7218732564210486,0.7218541438306598,1.9112590388781214e-05,3.001333333333333,2.848,0.15333333333333332,3,3,0,0.22347411786755633,0.9938971656990194,0.006102834300980575,0.6833333333333333,0.31666666666666665,0.36110761244857775,metastable
0.7,0.7,1,0.8022371250695054,0.8022303608860732,6.764183432150794e-06,1.3713333333333333,1.3886666666666667,0.017333333333333423,1,1,0,0.24057493509390515,0.9999045600129581,9.543998704186762e-05,0.8,0.19999999999999996,0.20443046436623322,reversible
0.7,0.7,2,0.6629038761555033,0.6623320086786602,0.0005718674768431242,2.425333333333333,2.526666666666667,0.10133333333333372,2,2,0,0.23235462764065717,0.9955372903439745,0.004462709656025465,0.9666666666666667,0.033333333333333326,0.063272343191903,reversible
0.7,0.7,3,0.7222484177675536,0.7222701535000934,2.17357325398293e-05,2.546666666666667,2.506666666666667,0.040000000000000036,3,3,0,0.18689383951303928,0.9943085737636993,0.005691426236300701,0.7166666666666667,0.2833333333333333,0.299030193502769,metastable
0.7,0.7,4,0.7062567160142766,0.7060262541013466,0.00023046191293008,3.028,2.8593333333333333,0.16866666666666674,3,3,0,0.20274525621965345,0.9986444534903886,0.0013555465096114494,0.8,0.19999999999999996,0.2435798286545106,reversible
0.7,0.7,5,0.742926367173053,0.7428591333721065,6.72338009465312e-05,1.4346666666666668,1.622,0.18733333333333335,1,2,1,0.21336185078483927,0.9999226624695069,7.733753049310454e-05,0.9333333333333333,0.06666666666666665,0.11359414598072973,reversible
0.7,0.7,6,0.6370268463056187,0.6358828707465065,0.0011439755591121648,3.63,4.041333333333333,0.41133333333333333,4,4,0,0.23310068001676498,0.9947671527528626,0.005232847247137351,1.0,0.0,0.10835217447024872,reversible
0.7,0.7,7,0.7758108644214698,0.7757988715794242,1.1992842045671637e-05,1.42,1.428,0.008000000000000007,1,1,0,0.2497316123459521,0.999863542971677,0.00013645702832298934,0.0,1.0,1.0021394552388345,irreversible
0.7,0.7,8,0.6355030536802196,0.6347594447176133,0.0007436089626063902,3.67,3.4286666666666665,0.2413333333333334,3,3,0,0.2411237405712664,0.9915268636936567,0.008473136306343276,0.8833333333333333,0.1166666666666667,0.18565903854699492,reversible
0.7,0.7,9,0.7004253327793264,0.7002033885007162,0.00022194427861021992,2.154,2.2046666666666668,0.05066666666666686,2,2,0,0.200419174545991,0.9981958603893655,0.0018041396106345253,0.7,0.30000000000000004,0.31452629234695384,metastable
0.7,0.7,10,0.7468646080068486,0.7469421749159488,7.756690910021291e-05,1.7006666666666668,1.604,0.09666666666666668,1,2,1,0.21262724847223147,0.9974382844669967,0.002561715533003328,0.7833333333333333,0.21666666666666667,0.24341444059361173,reversible
0.7,0.7,11,0.7624776457924888,0.7624712186586298,6.427133859010503e-06,1.8706666666666667,1.9046666666666667,0.03400000000000003,2,1,1,0.21218574341148344,0.9990903578166177,0.0009096421833822976,0.9,0.09999999999999998,0.10941124896684704,reversible
0.7,0.7,12,0.7206758697888835,0.7206338670621296,4.200272675392025e-05,1.816,1.9926666666666666,0.17666666666666653,2,2,0,0.21604782622402663,0.9994258667032219,0.0005741332967781343,0.9,0.09999999999999998,0.14475130064513322,reversible
0.7,0.7,13,0.6713029031426073,0.6715882040510579,0.00028530090845058087,3.384,3.5326666666666666,0.14866666666666672,3,3,0,0.20292863866700206,0.9875552950625142,0.01244470493748584,0.7666666666666667,0.23333333333333328,0.2830160301645984,reversible
0.7,0.7,14,0.7430468131122946,0.7430250570458834,2.1756066411193764e-05,1.514,1.4553333333333334,0.058666666666666645,1,1,0,0.19784328393886808,0.99999482154247,5.178457530008451e-06,0.9666666666666667,0.033333333333333326,0.048010617474132794,reversible
0.7,0.7,15,0.6585954442447634,0.6579478565360964,0.000647587708666908,2.106,2.108,0.002000000000000224,2,2,0,0.2272697277063237,0.9970691795120246,0.0029308204879754385,0.9166666666666666,0.08333333333333337,0.08692605074847559,reversible
0.7,0.7,16,0.7138126659139505,0.7137111994743974,0.00010146643955311063,1.4386666666666668,1.438,0.0006666666666668153,1,1,0,0.21433439168764057,0.995191418775552,0.00480858122444805,0.8,0.19999999999999996,0.205000614501003,reversible
0.7,0.7,17,0.7196897748339495,0.7196154574653877,7.431736856178262e-05,2.328666666666667,2.122,0.206666666666667,2,2,0,0.22243987785149633,0.996444257566771,0.003555742433228981,0.9166666666666666,0.08333333333333337,0.13857432177536955,reversible
0.7,0.7,18,0.6718061483719198,0.6721251041850158,0.0003189558130960446,3.6126666666666667,3.719333333333333,0.10666666666666647,4,4,0,0.22326977168864792,0.9831692817770077,0.016830718222992314,0.36666666666666664,0.6333333333333333,0.6769104571762663,irreversible
0.7,0.7,19,0.7143348724590856,0.7141619734587087,0.00017289900037686934,2.6653333333333333,2.574666666666667,0.09066666666666645,3,2,1,0.21130679791920737,0.9978925615874453,0.002107438412554674,0.5666666666666667,0.43333333333333335,0.45815066316264885,metastable
0.7,0.8,0,0.7218732564210486,0.721840073211228,3.3183209820597526e-05,3.001333333333333,2.8353333333333333,0.16599999999999993,3,3,0,0.28230978332219914,0.9939146611295759,0.006085338870424062,0.7,0.30000000000000004,0.34759363467287924,metastable
0.7,0.8,1,0.8022371250695054,0.8022311931799475,5.931889557886372e-06,1.3713333333333333,1.3893333333333333,0.018000000000000016,1,1,0,0.3023803935167242,0.9998907714774136,0.00010922852258643534,0.8,0.19999999999999996,0.20461071149497587,reversible
0.7,0.8,2,0.6629038761555033,0.6623468943301685,0.0005569818253348124,2.425333333333333,2.4766666666666666,0.05133333333333345,2,2,0,0.29313535743470653,0.995639364197916,0.004360635802084012,0.9666666666666667,0.033333333333333326,0.050666547925084404,reversible
0.7,0.8,3,0.7222484177675536,0.7222758815147562,2.7463747202638444e-05,2.546666666666667,2.502,0.044666666666667076,3,3,0,0.23740565444346806,0.9942334810204879,0.005766518979512081,0.7166666666666667,0.2833333333333333,0.30027338491631284,metastable
0.7,0.8,4,0.7062567160142766,0.706020307699926,0.00023640831435067788,3.028,2.8926666666666665,0.13533333333333353,3,3,0,0.2570652733390806,0.9984670140525443,0.0015329859474556562,0.8,0.19999999999999996,0.23542542135937666,reversible
0.7,0.8,5,0.742926367173053,0.7428578952364584,6.847193659464956e-05,1.4346666666666668,1.6306666666666667,0.19599999999999995,1,2,1,0.26946486824883564,0.999928844375513,7.115562448700707e-05,0.95,0.050000000000000044,0.0990882736086357,reversible
0.7,0.8,6,0.6370268463056187,0.6361438169420633,0.0008830293635553321,3.63,4.021333333333334,0.39133333333333375,4,4,0,0.2929323807861649,0.9946721551781641,0.005327844821835903,0.9833333333333333,0.01666666666666672,0.1200486021627249,reversible
0.7,0.8,7,0.7758108644214698,0.7757991484705544,1.171595091542521e-05,1.42,1.4293333333333333,0.009333333333333416,1,1,0,0.3137645108385745,0.9998683093860986,0.0001316906139013918,0.0,1.0,1.0024679529349634,irreversible
0.7,0.8,8,0.6355030536802196,0.6346914384369524,0.0008116152432672274,3.67,3.456,0.21399999999999997,3,4,1,0.30264676987830474,0.9923386362694958,0.007661363730504189,0.8833333333333333,0.1166666666666667,0.17803093420798768,reversible
0.7,0.8,9,0.7004253327793264,0.7002239657870268,0.00020136699229955646,2.154,2.22,0.06600000000000028,2,2,0,0.2529074120190332,0.9970932407160511,0.002906759283948901,0.7,0.30000000000000004,0.3194571010320239,metastable
0.7,0.8,10,0.7468646080068486,0.7469425971463707,7.79891395220611e-05,1.7006666666666668,1.61,0.09066666666666667,1,2,1,0.26845283135329534,0.9973837718534817,0.0026162281465182957,0.7833333333333333,0.21666666666666667,0.24196905876473215,reversible
0.7,0.8,11,0.7624776457924888,0.7624703231699999,7.3226224889255676e-06,1.8706666666666667,1.9126666666666667,0.04200000000000004,2,1,1,0.2679855568226027,0.9991012397712088,0.0008987602287912067,0.9,0.09999999999999998,0.11140059088441343,reversible
0.7,0.8,12,0.7206758697888835,0.7206337857535541,4.208403532945937e-05,1.816,1.9913333333333334,0.17533333333333334,2,2,0,0.27224519597628294,0.9994432640263793,0.0005567359736207145,0.9,0.09999999999999998,0.1444005903157864,reversible
0.7,0.8,13,0.6713029031426073,0.6715632670468744,0.00026036390426709133,3.384,3.481333333333333,0.09733333333333327,3,3,0,0.2561269155203816,0.9877272094441244,0.012272790555875601,0.7666666666666667,0.23333333333333328,0.270004548198609,reversible
0.7,0.8,14,0.7430468131122946,0.7430248994650526,2.191364724202227e-05,1.514,1.4553333333333334,0.058666666666666645,1,1,0,0.25025318599816815,0.9999945219910156,5.478008984427518e-06,0.9666666666666667,0.033333333333333326,0.04801095642079492,reversible
0.7,0.8,15,0.6585954442447634,0.6579987772138666,0.0005966670308967803,2.106,2.092,0.01399999999999979,2,2,0,0.28502069209065406,0.9966663151936396,0.0033336848063604263,0.95,0.050000000000000044,0.05698285156408461,reversible
0.7,0.8,16,0.7138126659139505,0.7137121335884897,0.00010053232546081148,1.4386666666666668,1.4366666666666668,0.0020000000000000018,1,1,0,0.2692276120484054,0.9952511321400291,0.004748867859970862,0.8166666666666667,0.18333333333333335,0.1886073342746694,reversible
0.7,0.8,17,0.7196897748339495,0.7196168086652949,7.296616865459793e-05,2.328666666666667,2.1026666666666665,0.22600000000000042,2,2,0,0.279673379802743,0.9964942371184986,0.0035057628815013953,0.9,0.09999999999999998,0.16002400442366513,reversible
0.7,0.8,18,0.6718061483719198,0.6721296383503979,0.00032348997847808647,3.6126666666666667,3.6293333333333333,0.016666666666666607,4,2,2,0.27988870702187263,0.9826978780910167,0.01730212190898328,0.25,0.75,0.7715496610702695,irreversible
0.7,0.8,19,0.7143348724590856,0.7141509144949547,0.0001839579641308431,2.6653333333333333,2.566,0.0993333333333335,3,2,1,0.2673808214540693,0.9979552166574706,0.0020447833425294437,0.6833333333333333,0.31666666666666665,0.3435907728335622,metastable
0.7,0.9,0,0.7218732564210486,0.721813654934102,5.960148694661438e-05,3.001333333333333,2.8113333333333332,0.18999999999999995,3,3,0,0.34415194568358665,0.9939604127077686,0.006039587292231419,0.7666666666666667,0.23333333333333328,0.28688782099730137,reversible
0.7,0.9,1,0.8022371250695054,0.8022318778106398,5.24725886563715e-06,1.3713333333333333,1.39,0.01866666666666661,1,1,0,0.36659678277522656,0.9998768046091095,0.0001231953908904515,0.8,0.19999999999999996,0.20479117387227347,reversible
0.7,0.9,2,0.6629038761555033,0.662358284831242,0.0005455913242612409,2.425333333333333,2.4566666666666666,0.031333333333333435,2,2,0,0.35680389314978145,0.9957574536873587,0.004242546312641315,0.9666666666666667,0.033333333333333326,0.04554561081037331,reversible
0.7,0.9,3,0.7222484177675536,0.7222797711156909,3.13533481373085e-05,2.546666666666667,2.4993333333333334,0.04733333333333345,3,3,0,0.29121320719538846,0.9942121486500661,0.00578785134993387,0.7166666666666667,0.2833333333333333,0.3009623563536349,metastable
0.7,0.9,4,0.7062567160142766,0.7060239493587744,0.00023276665550220343,3.028,2.9606666666666666,0.06733333333333347,3,3,0,0.31465004432663024,0.9982674152922376,0.0017325847077623857,0.8166666666666667,0.18333333333333335,0.20195744303830465,reversible
0.7,0.9,5,0.742926367173053,0.7428568067484065,6.95604246465642e-05,1.4346666666666668,1.6373333333333333,0.20266666666666655,1,2,1,0.32837406531701563,0.9999375240868188,6.24759131812036e-05,0.95,0.050000000000000044,0.10074653268600953,reversible
0.7,0.9,6,0.6370268463056187,0.636267378284407,0.0007594680212116289,3.63,3.997333333333333,0.3673333333333333,4,3,1,0.3550989395108479,0.9945119840464078,0.005488015953592162,0.9833333333333333,0.01666666666666672,0.11417788295889511,reversible
0.7,0.9,7,0.7758108644214698,0.7757994325217621,1.143189970775893e-05,1.42,1.428,0.008000000000000007,1,1,0,0.38020617485138786,0.9998729348785338,0.00012706512146620774,0.0,1.0,1.0021299230963931,irreversible
0.7,0.9,8,0.6355030536802196,0.6346318753001825,0.0008711783800371409,3.67,3.4406666666666665,0.2293333333333334,3,4,1,0.3662902551220857,0.9927972978115872,0.007202702188412791,0.8833333333333333,0.1166666666666667,0.18142049678342212,reversible
0.7,0.9,9,0.7004253327793264,0.7002398529125923,0.00018547986673411732,2.154,2.227333333333333,0.07333333333333325,2,2,0,0.3079858292773926,0.9961110787361979,0.0038889212638021364,0.8166666666666667,0.18333333333333335,0.20560195789715233,reversible
0.7,0.9,10,0.7468646080068486,0.7469424915775039,7.78835706553016e-05,1.7006666666666668,1.6146666666666667,0.08600000000000008,1,2,1,0.32705085886181484,0.9973239300616986,0.002676069938301384,0.7833333333333333,0.21666666666666667,0.2408622074976319,reversible
0.7,0.9,11,0.7624776457924888,0.7624687072445177,8.938547971126809e-06,1.8706666666666667,1.922,0.05133333333333323,2,1,1,0.3266558027137042,0.9991104780035048,0.0008895219964951684,0.9166666666666666,0.08333333333333337,0.09705842330015463,reversible
0.7,0.9,12,0.7206758697888835,0.7206349566949142,4.09130939693636e-05,1.816,1.9906666666666666,0.17466666666666653,2,2,0,0.33102499349652503,0.9994437972509421,0.0005562027490578769,0.9,0.09999999999999998,0.14423309768921683,reversible
0.7,0.9,13,0.6713029031426073,0.6715471759057108,0.00024427276310345913,3.384,3.462,0.07800000000000029,3,3,0,0.3119688734471462,0.9879257647330674,0.012074235266932631,0.7666666666666667,0.23333333333333328,0.2649686367910419,reversible
0.7,0.9,14,0.7430468131122946,0.7430241305571316,2.2682555163022755e-05,1.514,1.4566666666666668,0.057333333333333236,1,1,0,0.3055697279459352,0.9999941361269343,5.8638730656701554e-06,0.9833333333333333,0.01666666666666672,0.031011534511856453,reversible
0.7,0.9,15,0.6585954442447634,0.6580249008525667,0.000570543392196643,2.106,2.0913333333333335,0.014666666666666384,2,2,0,0.3447394411660015,0.9963076741393668,0.003692325860633172,0.9833333333333333,0.01666666666666672,0.024168295042015647,reversible
0.7,0.9,16,0.7138126659139505,0.7137139897982661,9.867611568448176e-05,1.4386666666666668,1.4366666666666668,0.0020000000000000018,1,1,0,0.32629971891682896,0.9951996007308607,0.004800399269139333,0.8666666666666667,0.1333333333333333,0.13865840163139376,reversible
0.7,0.9,17,0.7196897748339495,0.7196210340994885,6.874073446094808e-05,2.328666666666667,2.0913333333333335,0.2373333333333334,2,2,0,0.33921402636192133,0.9965760210885733,0.0034239789114266506,0.9,0.09999999999999998,0.16277449742837521,reversible
0.7,0.9,18,0.6718061483719198,0.6721240679125511,0.00031791954063131733,3.6126666666666667,3.6493333333333333,0.036666666666666625,4,2,2,0.3384514978699342,0.9826216269682768,0.017378373031723182,0.36666666666666664,0.6333333333333333,0.659957852916881,irreversible
0.7,0.9,19,0.7143348724590856,0.7141262072965047,0.00020866516258088996,2.6653333333333333,2.5273333333333334,0.1379999999999999,3,2,1,0.32655996458531633,0.9980385843875441,0.0019614156124558857,0.6833333333333333,0.31666666666666665,0.3531802485697677,metastable
0.7,1.0,0,0.7218732564210486,0.7217619377480381,0.00011131867301050757,3.001333333333333,2.76,0.2413333333333334,3,3,0,0.40760812482259345,0.9940701527283177,0.005929847271682331,0.8833333333333333,0.1166666666666667,0.182957676939935,reversible
0.7,1.0,1,0.8022371250695054,0.8022324317799765,4.6932895289009124e-06,1.3713333333333333,1.39,0.01866666666666661,1,1,0,0.43165828661491445,0.9998639958117056,0.00013600418829440297,0.8166666666666667,0.18333333333333335,0.18813717751067663,reversible
0.7,1.0,2,0.6629038761555033,0.6623676476060996,0.0005362285494037167,2.425333333333333,2.422,0.0033333333333329662,2,2,0,0.4218700240676443,0.9958346777420047,0.004165322257995263,0.9833333333333333,0.01666666666666672,0.021799379395346152,reversible
0.7,1.0,3,0.7222484177675536,0.7222823080487827,3.389028122913196e-05,2.546666666666667,2.498,0.048666666666666636,3,3,0,0.34728706259872266,0.9942150518862891,0.005784948113710886,0.7166666666666667,0.2833333333333333,0.30129342068401815,metastable
0.7,1.0,4,0.7062567160142766,0.7060298924443726,0.000226823569904,3.028,3.0073333333333334,0.02066666666666661,3,3,0,0.3743076784720879,0.9980411160671643,0.00195888393283572,0.8166666666666667,0.18333333333333335,0.19051558982531172,reversible
0.7,1.0,5,0.742926367173053,0.7428560409188798,7.032625417324745e-05,1.4346666666666668,1.6393333333333333,0.20466666666666655,1,2,1,0.388729854774285,0.9999488310704375,5.1168929562472876e-05,0.95,0.050000000000000044,0.10123541715977247,reversible
0.7,1.0,6,0.6370268463056187,0.6363858723707487,0.0006409739348699484,3.63,3.962,0.3320000000000003,4,3,1,0.41809817499408897,0.994317627445414,0.005682372554586035,0.9666666666666667,0.033333333333333326,0.12217594937163692,reversible
0.7,1.0,7,0.7758108644214698,0.7757998754196443,1.0989001825500999e-05,1.42,1.4286666666666668,0.008666666666666822,1,1,0,0.4473999905927053,0.9998813314261047,0.0001186685738953086,0.016666666666666666,0.9833333333333333,0.9856214158243516,irreversible
0.7,1.0,8,0.6355030536802196,0.6345968239447252,0.0009062297354944793,3.67,3.4193333333333333,0.2506666666666666,3,4,1,0.430399307068958,0.9929287621022017,0.007071237897798288,0.8833333333333333,0.1166666666666667,0.18663112866500525,reversible
0.7,1.0,9,0.7004253327793264,0.7002495977721337,0.00017573500719270108,2.154,2.218,0.06400000000000006,2,2,0,0.36443353351768903,0.9954789480430435,0.004521051956956512,0.8833333333333333,0.1166666666666667,0.1372316523754214,reversible
0.7,1.0,10,0.7468646080068486,0.7469418113438293,7.720333698069126e-05,1.7006666666666668,1.6153333333333333,0.08533333333333348,1,2,1,0.38708525285072215,0.9972314411516263,0.002768558848373681,0.7833333333333333,0.21666666666666667,0.2407878596826189,reversible
0.7,1.0,11,0.7624776457924888,0.7624665736048908,1.1072187597993555e-05,1.8706666666666667,1.932,0.06133333333333324,2,1,1,0.38692027793110395,0.999126699667031,0.0008733003329689515,0.9166666666666666,0.08333333333333337,0.09954273504653513,reversible
0.7,1.0,12,0.7206758697888835,0.7206354967093658,4.03730795177637e-05,1.816,1.9866666666666666,0.17066666666666652,2,2,0,0.39105267428874413,0.9994449216281192,0.0005550783718808461,0.9,0.09999999999999998,0.1432318383084269,reversible
0.7,1.0,13,0.6713029031426073,0.6715320398541995,0.00022913671159219273,3.384,3.445333333333333,0.06133333333333324,3,3,0,0.369214738265525,0.9880937251506169,0.011906274849383114,0.7833333333333333,0.21666666666666667,0.24396355902728115,reversible
0.7,1.0,14,0.7430468131122946,0.7430225192470538,2.429386524083199e-05,1.514,1.4573333333333334,0.05666666666666664,1,1,0,0.3626454650169587,0.9999937694160674,6.230583932564926e-06,0.9666666666666667,0.033333333333333326,0.04751230405024276,reversible
0.7,1.0,15,0.6585954442447634,0.6580315666408055,0.0005638776039578186,2.106,2.092,0.01399999999999979,2,2,0,0.4049453089357601,0.9960094159923422,0.003990584007657838,1.0,0.0,0.00763155340864724,reversible
0.7,1.0,16,0.7138126659139505,0.7137159811804434,9.668473350710194e-05,1.4386666666666668,1.436,0.002666666666666817,1,1,0,0.38425889830483717,0.9951227794371561,0.004877220562843898,0.9166666666666666,0.08333333333333337,0.08890139174622075,reversible
0.7,1.0,17,0.7196897748339495,0.7196273552113349,6.241962261455125e-05,2.328666666666667,2.076,0.2526666666666668,2,2,0,0.39964411495250163,0.9966775993720957,0.0033224006279043428,0.8833333333333333,0.1166666666666667,0.18317133886689138,reversible
0.7,1.0,18,0.6718061483719198,0.6721190592677191,0.0003129108957993232,3.6126666666666667,3.6253333333333333,0.012666666666666604,4,3,1,0.3975658855474439,0.9830972626931742,0.016902737306825788,0.43333333333333335,0.5666666666666667,0.5868142983641089,metastable
0.7,1.0,19,0.7143348724590856,0.7140883525345071,0.00024651992457846994,2.6653333333333333,2.52,0.14533333333333331,3,2,1,0.3875722560635204,0.9982482642175815,0.0017517357824184954,0.7166666666666667,0.2833333333333333,0.32148003243022977,metastable
0.75,0.0,0,0.78978823247269,0.7898724139302782,8.418145758815054e-05,1.4333333333333333,1.4053333333333333,0.028000000000000025,1,1,0,0.0,0.9999914861925879,8.513807412069418e-06,0.03333333333333333,0.9666666666666667,0.9736962258384758,irreversible
0.75,0.0,1,0.8405846804471656,0.8405859325011352,1.2520539696136979e-06,1.0,1.0,0.0,1,1,0,0.0,0.9999999999996024,3.9757086511826856e-13,0.0,1.0,1.00000031301389,irreversible
0.75,0.0,2,0.7604853828714172,0.7604827219916017,2.660879815485906e-06,1.0,1.0,0.0,1,1,0,0.0,0.9999999979899155,2.0100845432580172e-09,0.7166666666666667,0.2833333333333333,0.28333400056337177,metastable
0.75,0.0,3,0.7845178228052009,0.7845139432512211,3.879553979735384e-06,1.1206666666666667,1.0,0.1206666666666667,1,1,0,0.0,0.9999999870104819,1.2989518127781707e-08,0.75,0.25,0.28016764954467976,metastable
0.75,0.0,4,0.776929283514857,0.7769076098175427,2.167369731431723e-05,1.0206666666666666,1.0,0.02066666666666661,1,1,0,0.0,0.9999980042474252,1.995752574757148e-06,0.9666666666666667,0.033333333333333326,0.038507414176903315,reversible
0.75,0.0,5,0.8020898638044798,0.8020905406214062,6.768169263926538e-07,1.0,1.0,0.0,1,1,0,0.0,0.9999999999999957,4.3298697960381105e-15,0.05,0.95,0.9500001692042359,irreversible
0.75,0.0,6,0.7544338832564869,0.7543959957468964,3.788750959043963e-05,1.2233333333333334,1.0,0.22333333333333338,1,1,0,0.0,0.999994220943173,5.779056826971107e-06,0.0,1.0,1.0558485842675578,irreversible
0.75,0.0,7,0.8247095194777921,0.8247108446438636,1.32516607143085e-06,1.0,1.0,0.0,1,1,0,0.0,0.9999999998538693,1.4613066312563205e-10,0.9833333333333333,0.01666666666666672,0.01666699810431524,reversible
0.75,0.0,8,0.7468006367291815,0.7467070493501545,9.358737902698255e-05,1.6393333333333333,1.4046666666666667,0.23466666666666658,2,1,1,0.0,0.9998527226411321,0.00014727735886788107,0.016666666666666666,0.9833333333333333,1.0421706742036245,irreversible
0.75,0.0,9,0.7773734566376826,0.7773711207935382,2.3358441444409905e-06,1.0,1.0,0.0,1,1,0,0.0,0.9999999974459759,2.5540241033183975e-09,0.016666666666666666,0.9833333333333333,0.9833339198483935,irreversible
0.75,0.0,10,0.8035695437820957,0.8035663014673021,3.2423147935389807e-06,1.0393333333333334,1.0,0.03933333333333344,1,1,0,0.0,0.9999998147128374,1.8528716261290157e-07,0.8166666666666667,0.18333333333333335,0.1931676625325277,reversible
0.75,0.0,11,0.8126876283212132,0.8126558782686115,3.175005260169783e-05,2.1133333333333333,2.029333333333333,0.08400000000000007,2,2,0,0.0,0.9999883570357414,1.164296425859579e-05,0.05,0.95,0.971019580477409,irreversible
0.75,0.0,12,0.7853680056948861,0.7853680418496215,3.615473542772918e-08,1.0,1.0,0.0,1,1,0,0.0,0.9999999930104236,6.989576362137484e-09,0.016666666666666666,0.9833333333333333,0.9833333493615934,irreversible
0.75,0.0,13,0.7512130490780061,0.7512013949529427,1.1654125063431664e-05,1.1006666666666667,1.0,0.10066666666666668,1,1,0,0.0,0.9999976462704683,2.353729531723303e-06,0.6666666666666666,0.33333333333333337,0.3585052672607976,metastable
0.75,0.0,14,0.803770230826189,0.803770808783503,5.77957314007449e-07,1.968,2.0,0.03200000000000003,2,2,0,0.0,0.999999999975219,2.478095506575073e-11,0.0,1.0,1.0080001445141096,irreversible
0.75,0.0,15,0.7638053827389516,0.7637929781684152,1.2404570536417303e-05,1.0406666666666666,1.0,0.04066666666666663,1,1,0,0.0,0.9999998984674715,1.0153252849587346e-07,0.016666666666666666,0.9833333333333333,0.9935032026751626,irreversible
0.75,0.0,16,0.783714365872977,0.7837115782524962,2.7876204808929828e-06,1.234,1.0,0.23399999999999999,1,1,0,0.0,0.9999989879047817,1.0120952183001464e-06,0.8166666666666667,0.18333333333333335,0.24183504233367187,reversible
0.75,0.0,17,0.781816059964542,0.7817984278589571,1.7632105584808322e-05,1.392,1.3826666666666667,0.009333333333333194,1,1,0,0.0,0.9996988558538699,0.00030114414613013896,0.5666666666666667,0.43333333333333335,0.435972218839193,metastable
0.75,0.0,18,0.7505943068700596,0.7505792297614646,1.5077108594940825e-05,1.0,1.0,0.0,1,1,0,0.0,0.999997686833611,2.313166388989707e-06,0.6666666666666666,0.33333333333333337,0.3333394157768711,metastable
0.75,0.0,19,0.7888508320343205,0.7888498203120592,1.0117222613015286e-06,1.0,1.0,0.0,1,1,0,0.0,0.9999999999989133,1.0866862965031032e-12,0.016666666666666666,0.9833333333333333,0.9833335862649852,irreversible
0.75,0.1,0,0.78978823247269,0.7898723553733962,8.412290070614059e-05,1.4333333333333333,1.4053333333333333,0.028000000000000025,1,1,0,0.005082959184978253,0.9999930225665068,6.977433493204899e-06,0.03333333333333333,0.9666666666666667,0.9736946748253364,irreversible
0.75,0.1,1,0.8405846804471656,0.840585907020729,1.2265735633842922e-06,1.0,1.0,0.0,1,1,0,0.005567735344719993,0.9999999999998762,1.2378986724570495e-13,0.8,0.19999999999999996,0.2000003066435146,reversible
0.75,0.1,2,0.7604853828714172,0.7604832980831009,2.084788316314423e-06,1.0,1.0,0.0,1,1,0,0.005307263305182053,0.99999999738491,2.6150900334087623e-09,0.8833333333333333,0.1166666666666667,0.11666719047883581,reversible
0.75,0.1,3,0.7845178228052009,0.7845143832981364,3.439507064495473e-06,1.1206666666666667,1.0,0.1206666666666667,1,1,0,0.004175440822384302,0.9999999019450333,9.805496670178826e-08,0.95,0.050000000000000044,0.08016762459839955,reversible
0.75,0.1,4,0.776929283514857,0.7769070430325439,2.2240482313140575e-05,1.0206666666666666,1.0,0.02066666666666661,1,1,0,0.004554961461759155,0.9999972929427644,2.7070572355958333e-06,0.0,1.0,1.0051749338444806,irreversible
0.75,0.1,5,0.8020898638044798,0.8020905403738631,6.765693832955222e-07,1.0,1.0,0.0,1,1,0,0.004855247808518315,0.9999999999999963,3.6637359812630166e-15,0.03333333333333333,0.9666666666666667,0.9666668358090161,irreversible
0.75,0.1,6,0.7544338832564869,0.7543964907487444,3.739250774248415e-05,1.2233333333333334,1.0,0.22333333333333338,1,1,0,0.00540133673198373,0.9999906609573427,9.339042657319219e-06,0.8,0.19999999999999996,0.2558520205029262,reversible
0.75,0.1,7,0.8247095194777921,0.8247106968844422,1.1774066500658265e-06,1.0,1.0,0.0,1,1,0,0.005785230342152614,0.9999999998594011,1.4059886588313475e-10,0.9833333333333333,0.01666666666666672,0.0166669611589281,reversible
0.75,0.1,8,0.7468006367291815,0.746727595283659,7.30414455225592e-05,1.6393333333333333,1.5386666666666666,0.10066666666666668,2,1,1,0.005601349941135814,0.9997946009881469,0.0002053990118531246,0.6,0.4,0.42539032603990046,metastable
0.75,0.1,9,0.7773734566376826,0.7773715634698095,1.8931678731348711e-06,1.0,1.0,0.0,1,1,0,0.0045797356965694425,0.9999999972431681,2.7568318738957487e-09,0.6333333333333333,0.3666666666666667,0.36666714271546685,metastable
0.75,0.1,10,0.8035695437820957,0.8035659170748092,3.626707286485953e-06,1.0393333333333334,1.0,0.03933333333333344,1,1,0,0.004845457257861452,0.9999997687906226,2.3120937742149295e-07,0.8333333333333334,0.16666666666666663,0.17650113788619903,reversible
0.75,0.1,11,0.8126876283212132,0.8126534605964453,3.416772476794172e-05,2.1133333333333333,2.030666666666667,0.08266666666666644,2,2,0,0.004834404950814775,0.9999757500104083,2.424998959171809e-05,0.08333333333333333,0.9166666666666666,0.937366125254117,irreversible
0.75,0.1,12,0.7853680056948861,0.785367736013022,2.696818640623988e-07,1.0,1.0,0.0,1,1,0,0.004960474886224864,0.9999999945659678,5.434032224194141e-09,0.016666666666666666,0.9833333333333333,0.9833334061878315,irreversible
0.75,0.1,13,0.7512130490780061,0.7512029251754637,1.0123902542402696e-05,1.1006666666666667,1.0,0.10066666666666668,1,1,0,0.004633053394615061,0.9999969820684828,3.017931517246275e-06,0.6666666666666666,0.33333333333333337,0.3585055489071529,metastable
0.75,0.1,14,0.803770230826189,0.8037707438065507,5.129803616332751e-07,1.968,2.0,0.03200000000000003,2,2,0,0.004485647838096685,0.9999999999809208,1.9079182678183315e-11,0.9833333333333333,0.01666666666666672,0.024666794930836317,reversible
0.75,0.1,15,0.7638053827389516,0.7637930457771112,1.2336961840442306e-05,1.0406666666666666,1.0,0.04066666666666663,1,1,0,0.0053028351034647425,0.9999998343568108,1.6564318916501009e-07,0.7666666666666667,0.23333333333333328,0.24350324988364921,reversible
0.75,0.1,16,0.783714365872977,0.7837107201127224,3.645760254689101e-06,1.234,1.0,0.23399999999999999,1,1,0,0.0049821369432875295,0.999998896251946,1.103748053954412e-06,0.03333333333333333,0.9666666666666667,1.0251686818547843,irreversible
0.75,0.1,17,0.781816059964542,0.7818042390373889,1.1820927153016747e-05,1.392,1.386,0.006000000000000005,1,1,0,0.0051455148148101815,0.9996954487446448,0.0003045512553552232,0.5833333333333334,0.41666666666666663,0.4184741731538101,metastable
0.75,0.1,18,0.7505943068700596,0.7505789410539206,1.5365816138923627e-05,1.0,1.0,0.0,1,1,0,0.005223089436370398,0.9999981692655404,1.8307344595847042e-06,0.8,0.19999999999999996,0.20000567218849427,reversible
0.75,0.1,19,0.7888508320343205,0.788849977710223,8.543240974656641e-07,1.0,1.0,0.0,1,1,0,0.0047804830987612235,0.9999999999991772,8.227862835497035e-13,0.03333333333333333,0.9666666666666667,0.9666668802485139,irreversible
0.75,0.2,0,0.78978823247269,0.7898723294604448,8.409698775480035e-05,1.4333333333333333,1.4053333333333333,0.028000000000000025,1,1,0,0.020193045814065447,0.9999946062898557,5.393710144296904e-06,0.016666666666666666,0.9833333333333333,0.9903597512904163,irreversible
0.75,0.2,1,0.8405846804471656,0.8405858821399134,1.2016927477542794e-06,1.0,1.0,0.0,1,1,0,0.02209382812342442,0.9999999999999728,2.7200464103316335e-14,0.8,0.19999999999999996,0.2000003004232141,reversible
0.75,0.2,2,0.7604853828714172,0.760483945949503,1.436921914232947e-06,1.0,1.0,0.0,1,1,0,0.021078674462537306,0.9999999966202924,3.3797076248731628e-09,0.8333333333333334,0.16666666666666663,0.1666670292768528,reversible
0.75,0.2,3,0.7845178228052009,0.784515195623022,2.627182178915888e-06,1.1206666666666667,1.0,0.1206666666666667,1,1,0,0.01660651766859711,0.9999995976640075,4.0233599252204044e-07,0.9,0.09999999999999998,0.1301677257982039,reversible
0.75,0.2,4,0.776929283514857,0.7769074227801184,2.1860734738643472e-05,1.0206666666666666,1.0,0.02066666666666661,1,1,0,0.01810989112517447,0.9999964425685928,3.557431407230638e-06,0.0,1.0,1.0051756892817587,irreversible
0.75,0.2,5,0.8020898638044798,0.8020905484813596,6.846768798585146e-07,1.0,1.0,0.0,1,1,0,0.019288153457760138,0.9999999999999967,3.3306690738754696e-15,0.03333333333333333,0.9666666666666667,0.96666683783589,irreversible
0.75,0.2,6,0.7544338832564869,0.7544006015082615,3.328174822536667e-05,1.2233333333333334,1.004,0.21933333333333338,1,1,0,0.0214311705939928,0.9999857447293816,1.4255270618379612e-05,0.8,0.19999999999999996,0.254855909041008,reversible
0.75,0.2,7,0.8247095194777921,0.8247104982121751,9.787343829836814e-07,1.0,1.0,0.0,1,1,0,0.02295582617563563,0.9999999998633362,1.3666379139465334e-10,0.9833333333333333,0.01666666666666672,0.016666911486926256,reversible
0.75,0.2,8,0.7468006367291815,0.7467415076014213,5.912912776018242e-05,1.6393333333333333,1.6213333333333333,0.018000000000000016,2,2,0,0.02222273995200541,0.9997663435918187,0.00023365640818129307,0.8,0.19999999999999996,0.2047484386901213,reversible
0.75,0.2,9,0.7773734566376826,0.7773720829813768,1.3736563058142082e-06,1.0,1.0,0.0,1,1,0,0.018187698023347854,0.9999999969390215,3.0609784706925325e-09,0.6333333333333333,0.3666666666666667,0.3666670131417216,metastable
0.75,0.2,10,0.8035695437820957,0.803565542567304,4.001214791715668e-06,1.0393333333333334,1.0,0.03933333333333344,1,1,0,0.019247186053557908,0.9999997320200144,2.679799856464271e-07,0.9166666666666666,0.08333333333333337,0.0931679349503503,reversible
0.75,0.2,11,0.8126876283212132,0.8126522047779895,3.542354322372265e-05,2.1133333333333333,2.0393333333333334,0.07399999999999984,2,2,0,0.019202771093093873,0.9999594428764543,4.0557123545670315e-05,0.08333333333333333,0.9166666666666666,0.9352160796760182,irreversible
0.75,0.2,12,0.7853680056948861,0.7853675167177898,4.889770962579476e-07,1.0,1.0,0.0,1,1,0,0.019693681911027383,0.9999999956669003,4.33309965686135e-09,0.016666666666666666,0.9833333333333333,0.983333459910707,irreversible
0.75,0.2,13,0.7512130490780061,0.7512043502500197,8.698827986375335e-06,1.1006666666666667,1.0,0.10066666666666668,1,1,0,0.018400621743477563,0.9999966811830492,3.318816950814707e-06,0.6666666666666666,0.33333333333333337,0.35850549352394745,metastable
0.75,0.2,14,0.803770230826189,0.8037706768544151,4.460282260199122e-07,1.968,2.0,0.03200000000000003,2,2,0,0.017822918794434872,0.9999999999866411,1.3358869566104659e-11,0.9833333333333333,0.01666666666666672,0.0246667781870821,reversible
0.75,0.2,15,0.7638053827389516,0.7637935221251392,1.1860613812419984e-05,1.0406666666666666,1.0,0.04066666666666663,1,1,0,0.021030983863888464,0.9999997697925076,2.3020749240210137e-07,0.7666666666666667,0.23333333333333328,0.24350319536094545,reversible
0.75,0.2,16,0.783714365872977,0.78371195300131,2.4128716670235306e-06,1.234,1.0873333333333333,0.14666666666666672,1,1,0,0.019762566257660485,0.9999988222248679,1.1777751320884988e-06,0.6333333333333333,0.3666666666666667,0.40333511432638225,metastable
0.75,0.2,17,0.781816059964542,0.7818077198164586,8.340148083374466e-06,1.392,1.3886666666666667,0.0033333333333331883,1,1,0,0.02041849490494585,0.9997022522189741,0.00029774778102586996,0.5833333333333334,0.41666666666666663,0.41779983281804667,metastable
0.75,0.2,18,0.7505943068700596,0.7505799571276884,1.4349742371133622e-05,1.0,1.0,0.0,1,1,0,0.020710169321628502,0.9999984929830159,1.5070169840925018e-06,0.9333333333333333,0.06666666666666665,0.06667176111924353,reversible
0.75,0.2,19,0.7888508320343205,0.788850146764251,6.852700694670588e-07,1.0,1.0,0.0,1,1,0,0.018997841239258295,0.9999999999994078,5.921929613350585e-13,0.03333333333333333,0.9666666666666667,0.9666668379847763,irreversible
0.75,0.3,0,0.78978823247269,0.789872400722077,8.416824938695111e-05,1.4333333333333333,1.404,0.029333333333333433,1,1,0,0.04491957961568338,0.9999961388127456,3.861187254372567e-06,0.016666666666666666,0.9833333333333333,0.9906915699162677,irreversible
0.75,0.3,1,0.8405846804471656,0.8405858591972413,1.1787500756588187e-06,1.0,1.0,0.0,1,1,0,0.04905571508536821,0.9999999999999268,7.316369732279782e-14,0.8,0.19999999999999996,0.20000029468759203,reversible
0.75,0.3,2,0.7604853828714172,0.7604845723256285,8.1054578870976e-07,1.0,1.0,0.0,1,1,0,0.04686935264896541,0.9999999958554932,4.144506848824392e-09,0.85,0.15000000000000002,0.15000020678095405,reversible
0.75,0.3,3,0.7845178228052009,0.7845164622069418,1.3605982590592092e-06,1.1206666666666667,1.0,0.1206666666666667,1,1,0,0.037010886385621666,0.9999989611789932,1.0388210067713288e-06,0.9333333333333333,0.06666666666666665,0.09683471230390486,reversible
0.75,0.3,4,0.776929283514857,0.77690827044874,2.1013066117014922e-05,1.0206666666666666,1.0,0.02066666666666661,1,1,0,0.04033879710526955,0.9999955979541011,4.402045898910245e-06,0.0,1.0,1.005176321979095,irreversible
0.75,0.3,5,0.8020898638044798,0.8020905552422163,6.914377365108137e-07,1.0,1.0,0.0,1,1,0,0.04290546087307101,0.9999999999999961,3.885780586188048e-15,0.03333333333333333,0.9666666666666667,0.9666668395261047,irreversible
0.75,0.3,6,0.7544338832564869,0.7544062690390718,2.7614217415039555e-05,1.2233333333333334,1.08,0.1433333333333333,1,1,0,0.04757620097962545,0.9999808523894489,1.914761055110681e-05,0.8,0.19999999999999996,0.23585938449823815,reversible
0.75,0.3,7,0.8247095194777921,0.8247102561965214,7.367187292439681e-07,1.0,1.0,0.0,1,1,0,0.0509654938033971,0.99999999986425,1.3574996682308438e-10,0.9833333333333333,0.01666666666666672,0.016666850982098996,reversible
0.75,0.3,8,0.7468006367291815,0.7467479710224831,5.266570669837378e-05,1.6393333333333333,1.6473333333333333,0.008000000000000007,2,2,0,0.04932491169818787,0.9997568181451648,0.00024318185483518384,0.8333333333333334,0.16666666666666663,0.1689230149481764,reversible
0.75,0.3,9,0.7773734566376826,0.777372683672596,7.729650866039606e-07,1.0,1.0,0.0,1,1,0,0.04043632998506097,0.9999999965419958,3.45800421630571e-09,0.6166666666666667,0.3833333333333333,0.38333353003260917,metastable
0.75,0.3,10,0.8035695437820957,0.8035651607192698,4.383062825907835e-06,1.0393333333333334,1.0,0.03933333333333344,1,1,0,0.04280687287122964,0.9999997051374793,2.9486252073329666e-07,0.7666666666666667,0.23333333333333328,0.24316805729489385,reversible
0.75,0.3,11,0.8126876283212132,0.8126530065700179,3.46217511952851e-05,2.1133333333333333,2.0326666666666666,0.08066666666666666,2,2,0,0.04270669406900163,0.999944016804017,5.598319598298929e-05,0.08333333333333333,0.9166666666666666,0.9368979719671151,irreversible
0.75,0.3,12,0.7853680056948861,0.7853673722366241,6.334582619560436e-07,1.0,1.0,0.0,1,1,0,0.043762203751507744,0.9999999963936529,3.6063471098302102e-09,0.016666666666666666,0.9833333333333333,0.9833334953042459,irreversible
0.75,0.3,13,0.7512130490780061,0.7512051329401417,7.916137864438788e-06,1.1006666666666667,1.0,0.10066666666666668,1,1,0,0.04091397074266456,0.9999968003149556,3.1996850443638536e-06,0.6666666666666666,0.33333333333333337,0.3585051787195105,metastable
0.75,0.3,14,0.803770230826189,0.8037706287072567,3.9788106764859776e-07,1.968,2.0,0.03200000000000003,2,2,0,0.039658121293117965,0.9999999999915961,8.403944207202585e-12,0.9833333333333333,0.01666666666666672,0.024666766145337582,reversible
0.75,0.3,15,0.7638053827389516,0.7637940637428722,1.1318996079423549e-05,1.0406666666666666,1.0,0.04066666666666663,1,1,0,0.04665332075894657,0.9999997298450001,2.7015499992621983e-07,0.7666666666666667,0.23333333333333328,0.24350309990401972,reversible
0.75,0.3,16,0.783714365872977,0.7837138219552909,5.439176861132822e-07,1.234,1.176,0.05800000000000005,1,1,0,0.04385319866641246,0.9999988919733175,1.1080266825169716e-06,0.7333333333333333,0.2666666666666667,0.2811679106727708,metastable
0.75,0.3,17,0.781816059964542,0.7818098475929831,6.212371558844687e-06,1.392,1.3893333333333333,0.002666666666666595,1,1,0,0.045336698142943166,0.999714144291395,0.000285855708604954,0.5833333333333334,0.41666666666666663,0.4176207421348279,metastable
0.75,0.3,18,0.7505943068700596,0.7505809238036889,1.3383066370664665e-05,1.0,1.0,0.0,1,1,0,0.04592561741286427,0.9999987075223125,1.2924776875422594e-06,0.9666666666666667,0.033333333333333326,0.033337971577613534,reversible
0.75,0.3,19,0.7888508320343205,0.7888502953054379,5.367288825608441e-07,1.0,1.0,0.0,1,1,0,0.04228468101897398,0.9999999999995517,4.483080573436382e-13,0.03333333333333333,0.9666666666666667,0.9666668008493357,irreversible
0.75,0.4,0,0.78978823247269,0.7898725569862257,8.432451353568293e-05,1.4333333333333333,1.4046666666666667,0.028666666666666618,1,1,0,0.078596769228518,0.9999974217115376,2.578288462395939e-06,0.016666666666666666,0.9833333333333333,0.9905236594168463,irreversible
0.75,0.4,1,0.8405846804471656,0.8405858391509609,1.1587037952454082e-06,1.0,1.0,0.0,1,1,0,0.08561117446767541,0.9999999999997595,2.404743071338089e-13,0.8,0.19999999999999996,0.20000028967618924,reversible
0.75,0.4,2,0.7604853828714172,0.760485040106284,3.427651331655568e-07,1.0,1.0,0.0,1,1,0,0.08195835964297293,0.9999999953265327,4.6734672798365295e-09,0.8833333333333333,0.1166666666666667,0.11666675703141727,reversible
0.75,0.4,3,0.7845178228052009,0.7845181141531032,2.9134790235918473e-07,1.1206666666666667,1.0,0.1206666666666667,1,1,0,0.06492912668400885,0.9999980129461461,1.9870538539024096e-06,0.95,0.050000000000000044,0.08016872655749621,reversible
0.75,0.4,4,0.776929283514857,0.7769089942518437,2.0289263013339998e-05,1.0206666666666666,1.0,0.02066666666666661,1,1,0,0.07071109653724983,0.9999948834361685,5.116563831508714e-06,0.0,1.0,1.0051768555462515,irreversible
0.75,0.4,5,0.8020898638044798,0.8020905469863443,6.831818645247623e-07,1.0,1.0,0.0,1,1,0,0.0750690014097507,0.999999999999995,4.9960036108132044e-15,0.03333333333333333,0.9666666666666667,0.9666668374621378,irreversible
0.75,0.4,6,0.7544338832564869,0.7544112780475349,2.2605208951920197e-05,1.2233333333333334,1.144,0.07933333333333348,1,1,0,0.08301100111133863,0.9999771435191831,2.2856480816901836e-05,0.8,0.19999999999999996,0.2198618411163882,reversible
0.75,0.4,7,0.8247095194777921,0.8247099999385784,4.804607862674004e-07,1.0,1.0,0.0,1,1,0,0.08893318175785414,0.9999999998591894,1.4081058541393077e-10,0.9833333333333333,0.01666666666666672,0.01666678692267387,reversible
0.75,0.4,8,0.7468006367291815,0.7467505625256053,5.007420357616699e-05,1.6393333333333333,1.6533333333333333,0.014000000000000012,2,2,0,0.08603765836187849,0.9997584663196826,0.0002415336803174295,0.85,0.15000000000000002,0.1537540522312115,reversible
0.75,0.4,9,0.7773734566376826,0.7773733638307664,9.280691626312176e-08,1.0,1.0,0.0,1,1,0,0.07069990312459717,0.9999999960767197,3.9232802562239044e-09,0.6166666666666667,0.3833333333333333,0.38333336045834265,metastable
0.75,0.4,10,0.8035695437820957,0.8035647916529975,4.752129098117841e-06,1.0393333333333334,1.0,0.03933333333333344,1,1,0,0.07487908239870322,0.9999996889019903,3.11098009686539e-07,0.5833333333333334,0.41666666666666663,0.42650149913028423,metastable
0.75,0.4,11,0.8126876283212132,0.8126562260701661,3.140225104714123e-05,2.1133333333333333,2.0273333333333334,0.08599999999999985,2,2,0,0.07470227106958927,0.9999359008018067,6.409919819327925e-05,0.08333333333333333,0.9166666666666666,0.9382386164276216,irreversible
0.75,0.4,12,0.7853680056948861,0.7853672951932095,7.105016766040251e-07,1.0,1.0,0.0,1,1,0,0.07646068187257193,0.9999999968453012,3.1546988354946848e-09,0.016666666666666666,0.9833333333333333,0.9833335141134513,irreversible
0.75,0.4,13,0.7512130490780061,0.7512054328626813,7.616215324857123e-06,1.1006666666666667,1.0,0.10066666666666668,1,1,0,0.071544980527114,0.9999972692338885,2.7307661114583937e-06,0.6833333333333333,0.31666666666666665,0.341837968153276,metastable
0.75,0.4,14,0.803770230826189,0.8037706185690874,3.877428983445341e-07,1.968,2.0,0.03200000000000003,2,2,0,0.0694192131554271,0.9999999999950941,4.905853501213642e-12,0.9833333333333333,0.01666666666666672,0.024666763607297165,reversible
0.75,0.4,15,0.7638053827389516,0.7637944118396488,1.0970899302797932e-05,1.0406666666666666,1.0,0.04066666666666663,1,1,0,0.08131708391445913,0.9999997124450298,2.875549701686353e-07,0.7666666666666667,0.23333333333333328,0.2435030302797958,reversible
0.75,0.4,16,0.783714365872977,0.7837149805203732,6.146473962020949e-07,1.234,1.2153333333333334,0.01866666666666661,1,1,0,0.07647264166529855,0.9999990575548457,9.424451542505707e-07,0.7833333333333333,0.21666666666666667,0.22133442944033663,reversible
0.75,0.4,17,0.781816059964542,0.7818111877749683,4.8721895736791865e-06,1.392,1.39,0.0020000000000000018,1,1,0,0.0791239878765776,0.9997287874881069,0.00027121251189310414,0.5833333333333334,0.41666666666666663,0.4174390972259532,metastable
0.75,0.4,18,0.7505943068700596,0.7505816556170751,1.2651252984441363e-05,1.0,1.0,0.0,1,1,0,0.080012374822243,0.9999988570283614,1.1429716385569222e-06,0.9666666666666667,0.033333333333333326,0.03333763911821799,reversible
0.75,0.4,19,0.7888508320343205,0.7888503864388527,4.4559546774625147e-07,1.0,1.0,0.0,1,1,0,0.07404470506928251,0.9999999999996162,3.838040996129166e-13,0.03333333333333333,0.9666666666666667,0.9666667780659174,irreversible
0.75,0.5,0,0.78978823247269,0.7898727048333019,8.447236061182029e-05,1.4333333333333333,1.4026666666666667,0.03066666666666662,1,1,0,0.12033069666070473,0.9999983303908881,1.6696091118539869e-06,0.016666666666666666,0.9833333333333333,0.9910227876992647,irreversible
0.75,0.5,1,0.8405846804471656,0.8405858250342456,1.1445870800042002e-06,1.0,1.0,0.0,1,1,0,0.13063955510002478,0.9999999999994811,5.189182417097982e-13,0.8,0.19999999999999996,0.20000028614728887,reversible
0.75,0.5,2,0.7604853828714172,0.7604852942944572,8.857695998898407e-08,1.0,1.0,0.0,1,1,0,0.12537838721291605,0.9999999951101959,4.8898041171696605e-09,0.9,0.09999999999999998,0.10000002703404409,reversible
0.75,0.5,3,0.7845178228052009,0.784519768852063,1.9460468621002036e-06,1.1206666666666667,1.0,0.1206666666666667,1,1,0,0.09974093526391925,0.9999970105903114,2.989409688569644e-06,0.9333333333333333,0.06666666666666665,0.09683680925473742,reversible
0.75,0.5,4,0.776929283514857,0.7769093859212372,1.9897593619866427e-05,1.0206666666666666,1.0,0.02066666666666661,1,1,0,0.10851013231817641,0.9999943590492321,5.640950767937802e-06,0.2833333333333333,0.7166666666666667,0.7218439486825062,irreversible
0.75,0.5,5,0.8020898638044798,0.8020905226498034,6.588453236311409e-07,1.0,1.0,0.0,1,1,0,0.11492066500086584,0.9999999999999933,6.661338147750939e-15,0.03333333333333333,0.9666666666666667,0.9666668313780042,irreversible
0.75,0.5,6,0.7544338832564869,0.7544148383794334,1.904487705350899e-05,1.2233333333333334,1.172,0.05133333333333345,1,1,0,0.12664078909907894,0.9999748515353316,2.5148464668389714e-05,0.8,0.19999999999999996,0.21286324301726509,reversible
0.75,0.5,7,0.8247095194777921,0.824709779262449,2.59784656897466e-07,1.0,1.0,0.0,1,1,0,0.1356854011947447,0.9999999998472415,1.5275847253803931e-10,0.9833333333333333,0.01666666666666672,0.016666731765589415,reversible
0.75,0.5,8,0.7468006367291815,0.7467514207588428,4.921597033868963e-05,1.6393333333333333,1.652,0.012666666666666604,2,2,0,0.13120089928104572,0.9997644786179196,0.00023552138208038365,0.8166666666666667,0.18333333333333335,0.18674782537466506,reversible
0.75,0.5,9,0.7773734566376826,0.7773740753940456,6.187563629245219e-07,1.0,1.0,0.0,1,1,0,0.10814347616729081,0.9999999956245663,4.375433682035634e-09,0.6166666666666667,0.3833333333333333,0.38333349239785774,metastable
0.75,0.5,10,0.8035695437820957,0.8035644748744036,5.068907692029612e-06,1.0393333333333334,1.0,0.03933333333333344,1,1,0,0.11459786559889451,0.9999996808913493,3.1910865072593e-07,0.6,0.4,0.4098349196689071,metastable
0.75,0.5,11,0.8126876283212132,0.812660883399838,2.674492137522133e-05,2.1133333333333333,2.022,0.09133333333333349,2,2,0,0.11432899370206262,0.9999362581263175,6.374187368252127e-05,0.06666666666666667,0.9333333333333333,0.9562370947706931,irreversible
0.75,0.5,12,0.7853680056948861,0.785367280202159,7.254927271160838e-07,1.0,1.0,0.0,1,1,0,0.11684978056724893,0.9999999971303907,2.8696093279378942e-09,0.016666666666666666,0.9833333333333333,0.9833335175761244,irreversible
0.75,0.5,13,0.7512130490780061,0.7512055764202933,7.472657712837005e-06,1.1006666666666667,1.0,0.10066666666666668,1,1,0,0.10945454337863159,0.9999979034489641,2.0965510358905703e-06,0.6833333333333333,0.31666666666666665,0.3418372980487974,metastable
0.75,0.5,14,0.803770230826189,0.8037706442035287,4.133773396919338e-07,1.968,1.9993333333333334,0.031333333333333435,2,2,0,0.10634090326647128,0.9999999999971261,2.8739233215446802e-12,0.9833333333333333,0.01666666666666672,0.024500103347208924,reversible
0.75,0.5,15,0.7638053827389516,0.7637945310823606,1.0851656590982195e-05,1.0406666666666666,1.004,0.036666666666666625,1,1,0,0.1238941505101453,0.9999997077427938,2.922572062136197e-07,0.7666666666666667,0.23333333333333328,0.2425030051713539,reversible
0.75,0.5,16,0.783714365872977,0.7837154222475331,1.0563745560521198e-06,1.234,1.2286666666666666,0.005333333333333412,1,1,0,0.11659172823971997,0.9999992321254312,7.678745688188826e-07,0.8,0.19999999999999996,0.20133436530154114,reversible
0.75,0.5,17,0.781816059964542,0.7818120643939777,3.995570564296891e-06,1.392,1.388,0.0040000000000000036,1,1,0,0.1207497832915988,0.9997443038412241,0.0002556961587758533,0.5833333333333334,0.41666666666666663,0.41792336171808353,metastable
0.75,0.5,18,0.7505943068700596,0.7505822082149636,1.2098655095993394e-05,1.0,1.0,0.0,1,1,0,0.1218425643847636,0.999998953663809,1.046336191024011e-06,0.9833333333333333,0.01666666666666672,0.01667073766663174,reversible
0.75,0.5,19,0.7888508320343205,0.7888504080338857,4.2400043476220617e-07,1.0,1.0,0.0,1,1,0,0.11347591667395573,0.9999999999996387,3.6126657221302594e-13,0.016666666666666666,0.9833333333333333,0.9833334393338032,irreversible
0.75,0.6,0,0.78978823247269,0.7898727330619801,8.450058929010407e-05,1.4333333333333333,1.4026666666666667,0.03066666666666662,1,1,0,0.1690351016255489,0.9999988127401026,1.1872598973949877e-06,0.016666666666666666,0.9833333333333333,0.9910223124072199,irreversible
0.75,0.6,1,0.8405846804471656,0.8405858181608468,1.1377136811541178e-06,1.0,1.0,0.0,1,1,0,0.18279593430765406,0.9999999999990646,9.353628982466944e-13,0.8,0.19999999999999996,0.2000002844293556,reversible
0.75,0.6,2,0.7604853828714172,0.7604854288789394,4.600752223637983e-08,1.0,1.0,0.0,1,1,0,0.1759551704983523,0.9999999950853563,4.914643692011111e-09,0.9,0.09999999999999998,0.10000001641652423,reversible
0.75,0.6,3,0.7845178228052009,0.7845211016365674,3.2788313665266244e-06,1.1206666666666667,1.0193333333333334,0.10133333333333328,1,1,0,0.14068675175838763,0.9999961728173989,3.8271826010571885e-06,0.9333333333333333,0.06666666666666665,0.09200464689044266,reversible
0.75,0.6,4,0.776929283514857,0.7769095677191578,1.9715795699259964e-05,1.0206666666666666,1.0,0.02066666666666661,1,1,0,0.15285794978753298,0.9999940335512786,5.966448721417272e-06,0.36666666666666664,0.6333333333333333,0.6385108953976462,irreversible
0.75,0.6,5,0.8020898638044798,0.802090492705786,6.289013062543702e-07,1.0,1.0,0.0,1,1,0,0.16141558093615416,0.9999999999999921,7.882583474838611e-15,0.03333333333333333,0.9666666666666667,0.9666668238920011,irreversible
0.75,0.6,6,0.7544338832564869,0.7544171911303872,1.669212609967108e-05,1.2233333333333334,1.1886666666666668,0.03466666666666662,1,1,0,0.17715685290420558,0.9999736503434465,2.6349656553459333e-05,0.8,0.19999999999999996,0.208697189354745,reversible
0.75,0.6,7,0.8247095194777921,0.824709630736699,1.1125890686525253e-07,1.0,1.0,0.0,1,1,0,0.18981192657850976,0.9999999998305162,1.6948376035941237e-10,0.9666666666666667,0.033333333333333326,0.0333333613175438,reversible
0.75,0.6,8,0.7468006367291815,0.7467515188911549,4.9117838026635496e-05,1.6393333333333333,1.6453333333333333,0.006000000000000005,2,2,0,0.18341878788838462,0.9997719486277216,0.0002280513722784372,0.8166666666666667,0.18333333333333335,0.18507366416511845,reversible
0.75,0.6,9,0.7773734566376826,0.7773746889527569,1.2323150742066247e-06,1.0,1.0,0.0,1,1,0,0.1517608526678481,0.9999999953723744,4.6276256160382445e-09,0.6333333333333333,0.3666666666666667,0.36666697937306086,metastable
0.75,0.6,10,0.8035695437820957,0.803564260879204,5.282902891701191e-06,1.0393333333333334,1.0,0.03933333333333344,1,1,0,0.16091203107090957,0.9999996724704742,3.275295258342581e-07,0.7666666666666667,0.23333333333333328,0.2431683149219154,reversible
0.75,0.6,11,0.8126876283212132,0.8126655305399936,2.209778121964323e-05,2.1133333333333333,2.0166666666666666,0.09666666666666668,2,3,1,0.16054775734560578,0.9999412041658207,5.879583417933709e-05,0.6333333333333333,0.3666666666666667,0.3908976536128176,metastable
0.75,0.6,12,0.7853680056948861,0.7853673276205676,6.780743184719995e-07,1.0,1.0,0.0,1,1,0,0.16380075062216648,0.999999997310279,2.6897210014809048e-09,0.016666666666666666,0.9833333333333333,0.9833335055416339,irreversible
0.75,0.6,13,0.7512130490780061,0.7512057551932051,7.293884801029549e-06,1.1006666666666667,1.0,0.10066666666666668,1,1,0,0.15362989293676188,0.9999985175191359,1.482480864067881e-06,0.6833333333333333,0.31666666666666665,0.34183663928539765,metastable
0.75,0.6,14,0.803770230826189,0.8037706806968713,4.49870682261988e-07,1.968,1.9966666666666666,0.028666666666666618,2,2,0,0.14949773844743808,0.9999999999980742,1.9257928585147965e-12,0.9833333333333333,0.01666666666666672,0.02383344580292973,reversible
0.75,0.6,15,0.7638053827389516,0.7637945244683091,1.0858270642510881e-05,1.0406666666666666,1.0053333333333334,0.03533333333333322,1,1,0,0.17304121991015198,0.9999997109065831,2.890934168719994e-07,0.7666666666666667,0.23333333333333328,0.24216967032774409,reversible
0.75,0.6,16,0.783714365872977,0.7837154864309708,1.1205579937278998e-06,1.234,1.2366666666666666,0.002666666666666595,1,1,0,0.16299225377376192,0.9999993780824028,6.219175971988733e-07,0.8166666666666667,0.18333333333333335,0.18400090205709563,reversible
0.75,0.6,17,0.781816059964542,0.7818127103787722,3.3495857697518616e-06,1.392,1.3913333333333333,0.0006666666666665932,1,1,0,0.16898054287260322,0.9997609705770573,0.0002390294229427381,0.6,0.4,0.4004065334860518,metastable
0.75,0.6,18,0.7505943068700596,0.7505828017239967,1.1505146062851246e-05,1.0,1.0,0.0,1,1,0,0.17008288002199046,0.9999989880077245,1.0119922755347233e-06,0.9666666666666667,0.033333333333333326,0.03333722161212457,reversible
0.75,0.6,19,0.7888508320343205,0.788850381881847,4.5015247351898324e-07,1.0,1.0,0.0,1,1,0,0.15960148961079312,0.9999999999996375,3.624878175401136e-13,0.016666666666666666,0.9833333333333333,0.9833334458718141,irreversible
0.75,0.7,0,0.78978823247269,0.7898725278231936,8.429535050358261e-05,1.4333333333333333,1.4026666666666667,0.03066666666666662,1,1,0,0.22347411786755633,0.9999989998648661,1.0001351339328224e-06,0.016666666666666666,0.9833333333333333,0.9910220739727598,irreversible
0.75,0.7,1,0.8405846804471656,0.8405858267806112,1.1463334456118801e-06,1.0,1.0,0.0,1,1,0,0.24057493509390515,0.9999999999984585,1.5415446696920299e-12,0.8166666666666667,0.18333333333333335,0.1833336199182363,reversible
0.75,0.7,2,0.7604853828714172,0.7604855245157511,1.4164433392860332e-07,1.0,1.0,0.0,1,1,0,0.23235462764065717,0.9999999951242726,4.875727377395833e-09,0.9166666666666666,0.08333333333333337,0.08333337362014423,reversible
0.75,0.7,3,0.7845178228052009,0.7845218493443717,4.026539170864929e-06,1.1206666666666667,1.0406666666666666,0.08000000000000007,1,1,0,0.18689383951303928,0.9999956857846868,4.3142153132169625e-06,0.9333333333333333,0.06666666666666665,0.0866719875167726,reversible
0.75,0.7,4,0.776929283514857,0.7769096714138656,1.9612100991439618e-05,1.0206666666666666,1.0006666666666666,0.020000000000000018,1,1,0,0.20274525621965345,0.99999384420759,6.1557924100341666e-06,0.43333333333333335,0.5666666666666667,0.5716777254843246,metastable
0.75,0.7,5,0.8020898638044798,0.8020904664532545,6.026487747723408e-07,1.0,1.0,0.0,1,1,0,0.21336185078483916,0.9999999999999913,8.659739592076221e-15,0.03333333333333333,0.9666666666666667,0.966666817328869,irreversible
0.75,0.7,6,0.7544338832564869,0.7544188774120553,1.5005844431592585e-05,1.2233333333333334,1.1966666666666668,0.026666666666666616,1,1,0,0.23310068001676498,0.9999730287800492,2.6971219950766567e-05,0.8,0.19999999999999996,0.20669738934772527,reversible
0.75,0.7,7,0.8247095194777921,0.8247095541580399,3.46802477846353e-08,1.0,1.0,0.0,1,1,0,0.2497316123459521,0.9999999998118362,1.8816381786024294e-10,0.18333333333333332,0.8166666666666667,0.8166666755248924,irreversible
0.75,0.7,8,0.7468006367291815,0.7467513634994917,4.927322968983905e-05,1.6393333333333333,1.642,0.002666666666666595,2,2,0,0.2411237405712664,0.9997795731985232,0.00022042680147682514,0.8166666666666667,0.18333333333333335,0.18423274510889928,reversible
0.75,0.7,9,0.7773734566376826,0.7773751659559108,1.7093182281824326e-06,1.0,1.0,0.0,1,1,0,0.200419174545991,0.9999999953532344,4.646765638938177e-09,0.6333333333333333,0.3666666666666667,0.3666670986429894,metastable
0.75,0.7,10,0.8035695437820957,0.8035642000249784,5.343757117248771e-06,1.0393333333333334,1.0,0.03933333333333344,1,1,0,0.21262724847223147,0.9999996690915597,3.3090844031580247e-07,0.8833333333333333,0.1166666666666667,0.12650166684771968,reversible
0.75,0.7,11,0.8126876283212132,0.8126689746145603,1.8653706652882462e-05,2.1133333333333333,2.029333333333333,0.08400000000000007,2,3,1,0.21218574341148344,0.9999460327609094,5.3967239090568775e-05,0.85,0.15000000000000002,0.17105863066575383,reversible
0.75,0.7,12,0.7853680056948861,0.7853674381597199,5.675351661960093e-07,1.0,1.0,0.0,1,1,0,0.21604782622402674,0.9999999974062683,2.593731673883326e-09,0.016666666666666666,0.9833333333333333,0.9833334778108564,irreversible
0.75,0.7,13,0.7512130490780061,0.751205968291776,7.080786230129199e-06,1.1006666666666667,1.0,0.10066666666666668,1,1,0,0.20292863866700206,0.999999013986306,9.860136940265107e-07,0.6833333333333333,0.31666666666666665,0.3418360895435849,metastable
0.75,0.7,14,0.803770230826189,0.8037707141905321,4.833643431068069e-07,1.968,1.996,0.028000000000000025,2,2,0,0.19784328393886808,0.9999999999984615,1.538547067525542e-12,0.9833333333333333,0.01666666666666672,0.02366678750929105,reversible
0.75,0.7,15,0.7638053827389516,0.7637944466024152,1.0936136536354724e-05,1.0406666666666666,1.0006666666666666,0.040000000000000036,1,1,0,0.2272697277063237,0.9999997195575908,2.8044240918401186e-07,0.7666666666666667,0.23333333333333328,0.24333634780987656,reversible
0.75,0.7,16,0.783714365872977,0.7837154894128836,1.1235399065556706e-06,1.234,1.2366666666666666,0.002666666666666595,1,1,0,0.21433439168764057,0.9999994544475687,5.455524313413562e-07,0.8333333333333334,0.16666666666666663,0.16733415977074126,reversible
0.75,0.7,17,0.781816059964542,0.7818131453067123,2.914657829644618e-06,1.392,1.3906666666666667,0.0013333333333331865,1,1,0,0.22243987785149633,0.9997782377439703,0.00022176225602965616,0.6,0.4,0.4005558242538204,metastable
0.75,0.7,18,0.7505943068700596,0.7505834221991642,1.0884670895383586e-05,1.0,1.0,0.0,1,1,0,0.22326977168864792,0.9999989679644351,1.0320355648962831e-06,0.95,0.050000000000000044,0.05000375320328879,reversible
0.75,0.7,19,0.7888508320343205,0.7888503408507581,4.911835623788718e-07,1.0,1.0,0.0,1,1,0,0.21130679791920748,0.9999999999996294,3.7059244561987725e-13,0.016666666666666666,0.9833333333333333,0.9833334561295944,irreversible
0.75,0.8,0,0.78978823247269,0.7898720680200443,8.383554735424958e-05,1.4333333333333333,1.4026666666666667,0.03066666666666662,1,1,0,0.28230978332219914,0.9999989314342858,1.0685657142461835e-06,0.016666666666666666,0.9833333333333333,0.9910220274525527,irreversible
0.75,0.8,1,0.8405846804471656,0.8405858508300292,1.170382863624475e-06,1.0,1.0,0.0,1,1,0,0.3023803935167242,0.9999999999976463,2.353672812205332e-12,0.8166666666666667,0.18333333333333335,0.18333362593140293,reversible
0.75,0.8,2,0.7604853828714172,0.7604856304142904,2.475428731996132e-07,1.0,1.0,0.0,1,1,0,0.29313535743470653,0.9999999951853343,4.814665666152962e-09,0.9166666666666666,0.08333333333333337,0.08333340003371734,reversible
0.75,0.8,3,0.7845178228052009,0.7845221916111702,4.3688059693236525e-06,1.1206666666666667,1.0506666666666666,0.07000000000000006,1,1,0,0.23740565444346806,0.9999954747465286,4.525253471387991e-06,0.9166666666666666,0.08333333333333337,0.1008389507882971,reversible
0.75,0.8,4,0.776929283514857,0.7769098025588261,1.9480956030881735e-05,1.0206666666666666,1.0013333333333334,0.019333333333333202,1,1,0,0.2570652733390806,0.9999937740583402,6.225941659776524e-06,0.4666666666666667,0.5333333333333333,0.5381777628473342,metastable
0.75,0.8,5,0.8020898638044798,0.8020904443337343,5.805292545568719e-07,1.0,1.0,0.0,1,1,0,0.26946486824883564,0.9999999999999911,8.881784197001252e-15,0.03333333333333333,0.9666666666666667,0.9666668117989892,irreversible
0.75,0.8,6,0.7544338832564869,0.7544201500687353,1.37331877515523e-05,1.2233333333333334,1.2033333333333334,0.020000000000000018,1,1,0,0.2929323807861649,0.9999727407814584,2.7259218541630936e-05,0.8,0.19999999999999996,0.20503069251547948,reversible
0.75,0.8,7,0.8247095194777921,0.8247095285850002,9.107208098768638e-09,1.0,1.0,0.0,1,1,0,0.3137645108385745,0.9999999997958687,2.0413126744500687e-10,0.05,0.95,0.9500000024809332,irreversible
0.75,0.8,8,0.7468006367291815,0.746751689424605,4.894730457649654e-05,1.6393333333333333,1.634,0.005333333333333412,2,2,0,0.30264676987830474,0.9997830460406036,0.00021695395939635986,0.8166666666666667,0.18333333333333335,0.18489585745220719,reversible
0.75,0.8,9,0.7773734566376826,0.7773755063077794,2.049670096759826e-06,1.0,1.0,0.0,1,1,0,0.2529074120190332,0.9999999954932383,4.506761741573939e-09,0.75,0.25,0.25000051692428593,metastable
0.75,0.8,10,0.8035695437820957,0.8035642403459683,5.303436127368499e-06,1.0393333333333334,1.008,0.031333333333333435,1,1,0,0.26845283135329534,0.9999996636390106,3.363609893947128e-07,0.9166666666666666,0.08333333333333337,0.09116832888668797,reversible
0.75,0.8,11,0.8126876283212132,0.8126714487035255,1.6179617687739345e-05,2.1133333333333333,2.042666666666667,0.07066666666666643,2,3,1,0.2679855568226027,0.9999502122259438,4.978777405617585e-05,0.95,0.050000000000000044,0.06772049934514476,reversible
0.75,0.8,12,0.7853680056948861,0.78536754509676,4.6059812608412187e-07,1.0,1.0,0.0,1,1,0,0.27224519597628294,0.9999999973891438,2.6108561979043543e-09,0.21666666666666667,0.7833333333333333,0.7833334510937211,irreversible
0.75,0.8,13,0.7512130490780061,0.7512063526636132,6.6964143928816e-06,1.1006666666666667,1.0,0.10066666666666668,1,1,0,0.2561269155203816,0.9999993643847732,6.356152267850135e-07,0.6833333333333333,0.31666666666666665,0.3418356430521583,metastable
0.75,0.8,14,0.803770230826189,0.8037707419272624,5.111010733527266e-07,1.968,1.9953333333333334,0.02733333333333343,2,2,0,0.25025318599816815,0.9999999999985707,1.4293011219024265e-12,0.9833333333333333,0.01666666666666672,0.023500127776697716,reversible
0.75,0.8,15,0.7638053827389516,0.7637943629319722,1.1019806979373215e-05,1.0406666666666666,1.0,0.04066666666666663,1,1,0,0.28502069209065395,0.999999733395873,2.6660412699719416e-07,0.7666666666666667,0.23333333333333328,0.24350302155587178,reversible
0.75,0.8,16,0.783714365872977,0.7837155048519994,1.1389790223192975e-06,1.234,1.238,0.0040000000000000036,1,1,0,0.2692276120484055,0.999999484627988,5.153720119555061e-07,0.8333333333333334,0.16666666666666663,0.16766746678343417,reversible
0.75,0.8,17,0.781816059964542,0.7818134492939817,2.6106705602879643e-06,1.392,1.3913333333333333,0.0006666666666665932,1,1,0,0.279673379802743,0.9997940164757488,0.00020598352425116317,0.6,0.4,0.4003733028585579,metastable
0.75,0.8,18,0.7505943068700596,0.7505840096109054,1.0297259154135041e-05,1.0,1.0,0.0,1,1,0,0.27988870702187263,0.9999988867115391,1.1132884608633375e-06,0.95,0.050000000000000044,0.05000368760324944,reversible
0.75,0.8,19,0.7888508320343205,0.7888502937070121,5.383273083969797e-07,1.0,1.0,0.0,1,1,0,0.2673808214540693,0.9999999999996235,3.764766276503906e-13,0.7,0.30000000000000004,0.30000013458220365,metastable
0.75,0.9,0,0.78978823247269,0.7898713002025023,8.30677298122584e-05,1.4333333333333333,1.4033333333333333,0.030000000000000027,1,1,0,0.34415194568358665,0.9999985118583892,1.4881416108281087e-06,0.016666666666666666,0.9833333333333333,0.9908555884073971,irreversible
0.75,0.9,1,0.8405846804471656,0.8405858941137888,1.213666623200993e-06,1.0,1.0,0.0,1,1,0,0.36659678277522656,0.9999999999965932,3.4068303733647554e-12,0.8166666666666667,0.18333333333333335,0.18333363675339598,reversible
0.75,0.9,2,0.7604853828714172,0.7604857913245544,4.0845313720172527e-07,1.0,1.0,0.0,1,1,0,0.35680389314978145,0.9999999952832291,4.716770862778219e-09,0.9166666666666666,0.08333333333333337,0.08333344016338853,reversible
0.75,0.9,3,0.7845178228052009,0.7845222572236993,4.4344184984002055e-06,1.1206666666666667,1.0646666666666667,0.05600000000000005,1,1,0,0.29121320719538846,0.9999954532388144,4.546761185553194e-06,0.8833333333333333,0.1166666666666667,0.13067232203247686,reversible
0.75,0.9,4,0.776929283514857,0.7769101610724768,1.912244238022609e-05,1.0206666666666666,1.002,0.01866666666666661,1,1,0,0.31465004432663024,0.9999937981982561,6.201801743932478e-06,0.48333333333333334,0.5166666666666666,0.5213443157456722,metastable
0.75,0.9,5,0.8020898638044798,0.8020904297567283,5.659522485101931e-07,1.0,1.0,0.0,1,1,0,0.32837406531701563,0.9999999999999915,8.548717289613705e-15,0.03333333333333333,0.9666666666666667,0.9666668081547374,irreversible
0.75,0.9,6,0.7544338832564869,0.7544211696853463,1.2713571140521296e-05,1.2233333333333334,1.2046666666666668,0.01866666666666661,1,1,0,0.3550989395108479,0.9999726974246114,2.7302575388632455e-05,0.8166666666666667,0.18333333333333335,0.18803048096817376,reversible
0.75,0.9,7,0.8247095194777921,0.8247095342269792,1.4749187093876515e-08,1.0,1.0,0.0,1,1,0,0.38020617485138786,0.9999999997837496,2.1625035095951262e-10,0.016666666666666666,0.9833333333333333,0.9833333372368804,irreversible
0.75,0.9,8,0.7468006367291815,0.7467526493252777,4.7987403903770876e-05,1.6393333333333333,1.6266666666666667,0.012666666666666604,2,2,0,0.3662902551220858,0.9997834205236924,0.000216579476307599,0.8166666666666667,0.18333333333333335,0.18672857632728354,reversible
0.75,0.9,9,0.7773734566376826,0.7773757253292355,2.2686915528424834e-06,1.0,1.0,0.0,1,1,0,0.3079858292773926,0.9999999957221185,4.277881493486291e-09,0.8333333333333334,0.16666666666666663,0.16666723811743633,reversible
0.75,0.9,10,0.8035695437820957,0.8035642824281901,5.261353905550159e-06,1.0393333333333334,1.016,0.023333333333333428,1,1,0,0.32705085886181484,0.9999996419634599,3.5803654008237373e-07,0.9166666666666666,0.08333333333333337,0.0891683400416832,reversible
0.75,0.9,11,0.8126876283212132,0.812673174366409,1.4453954804261038e-05,2.1133333333333333,2.0513333333333335,0.06199999999999983,2,3,1,0.3266558027137042,0.999953452873329,4.654712667095939e-05,0.95,0.050000000000000044,0.06555016061537203,reversible
0.75,0.9,12,0.7853680056948861,0.7853676297490465,3.759458395702353e-07,1.0,1.0,0.0,1,1,0,0.33102499349652525,0.9999999972948336,2.70516642419949e-09,0.35,0.65,0.6500000966916264,irreversible
0.75,0.9,13,0.7512130490780061,0.7512067725048839,6.276573122243612e-06,1.1006666666666667,1.0,0.10066666666666668,1,1,0,0.3119688734471462,0.9999995560113265,4.439886734930454e-07,0.6833333333333333,0.31666666666666665,0.34183534646528735,metastable
0.75,0.9,14,0.803770230826189,0.803770758842977,5.28016787959551e-07,1.968,1.996,0.028000000000000025,2,2,0,0.3055697279459352,0.9999999999985084,1.4915846335838978e-12,0.9833333333333333,0.01666666666666672,0.0236667986723553,reversible
0.75,0.9,15,0.7638053827389516,0.7637942920801759,1.1090658775692042e-05,1.0406666666666666,1.0,0.04066666666666663,1,1,0,0.3447394411660015,0.9999997508000771,2.491999229192743e-07,0.7666666666666667,0.23333333333333328,0.24350302186461678,reversible
0.75,0.9,16,0.783714365872977,0.7837155494190859,1.1835461088960386e-06,1.234,1.2386666666666666,0.004666666666666597,1,1,0,0.32629971891682885,0.9999994901817207,5.098182792595551e-07,0.8333333333333334,0.16666666666666663,0.16783413903813976,reversible
0.75,0.9,17,0.781816059964542,0.7818137448650484,2.3150994935550173e-06,1.392,1.3893333333333333,0.002666666666666595,1,1,0,0.33921402636192144,0.9998113260884539,0.00018867391154608892,0.6,0.4,0.4008559193530862,metastable
0.75,0.9,18,0.7505943068700596,0.7505845907232791,9.716146780469614e-06,1.0,1.0,0.0,1,1,0,0.3384514978699342,0.9999987634481483,1.2365518516910257e-06,0.95,0.050000000000000044,0.05000366558854685,reversible
0.75,0.9,19,0.7888508320343205,0.7888502810569737,5.50977346747139e-07,1.0,1.0,0.0,1,1,0,0.32655996458531633,0.9999999999996162,3.838040996129166e-13,0.8666666666666667,0.1333333333333333,0.1333334710780538,reversible
0.75,1.0,0,0.78978823247269,0.7898701801507717,8.194767808167303e-05,1.4333333333333333,1.404,0.029333333333333433,1,1,0,0.40760812482259345,0.999997590468483,2.4095315169780918e-06,0.016666666666666666,0.9833333333333333,0.990689563117704,irreversible
0.75,1.0,1,0.8405846804471656,0.8405859536945968,1.273247431154978e-06,1.0,1.0,0.0,1,1,0,0.43165828661491445,0.9999999999953633,4.636735440044504e-12,0.8166666666666667,0.18333333333333335,0.18333365164982787,reversible
0.75,1.0,2,0.7604853828714172,0.7604860159410592,6.330696420420168e-07,1.0,1.0,0.0,1,1,0,0.4218700240676443,0.9999999954409935,4.559006505644447e-09,0.9166666666666666,0.08333333333333337,0.08333349615975039,reversible
0.75,1.0,3,0.7845178228052009,0.7845222084902598,4.38568505889414e-06,1.1206666666666667,1.0693333333333332,0.05133333333333345,1,1,0,0.34728706259872266,0.9999955225109064,4.477489093601683e-06,0.8833333333333333,0.1166666666666667,0.12950557391035838,reversible
0.75,1.0,4,0.776929283514857,0.7769106643646134,1.861915024359284e-05,1.0206666666666666,1.002,0.01866666666666661,1,1,0,0.3743076784720879,0.9999939019739512,6.0980260487841775e-06,0.48333333333333334,0.5166666666666666,0.5213440861469429,metastable
0.75,1.0,5,0.8020898638044798,0.8020904296615072,5.658570274569286e-07,1.0,1.0,0.0,1,1,0,0.388729854774285,0.9999999999999922,7.771561172376096e-15,0.03333333333333333,0.9666666666666667,0.9666668081309313,irreversible
0.75,1.0,6,0.7544338832564869,0.7544221171026432,1.176615384368418e-05,1.2233333333333334,1.2066666666666668,0.016666666666666607,1,1,0,0.41809817499408897,0.9999727940911085,2.7205908891492214e-05,0.8166666666666667,0.18333333333333335,0.1875301474473524,reversible
0.75,1.0,7,0.8247095194777921,0.8247095581064259,3.8628633736159657e-08,1.0,1.0,0.0,1,1,0,0.4473999905927053,0.9999999997781428,2.2185719927847458e-10,0.016666666666666666,0.9833333333333333,0.9833333432123489,irreversible
0.75,1.0,8,0.7468006367291815,0.7467543274230011,4.6309306180436494e-05,1.6393333333333333,1.624,0.015333333333333199,2,1,1,0.4303993070689579,0.9997827035160525,0.00021729648394752665,0.8,0.19999999999999996,0.2040622071438259,reversible
0.75,1.0,9,0.7773734566376826,0.7773758481119087,2.3914742260933153e-06,1.0,1.0,0.0,1,1,0,0.36443353351768903,0.9999999959539018,4.0460982342338525e-09,0.8666666666666667,0.1333333333333333,0.13333393524798806,reversible
0.75,1.0,10,0.8035695437820957,0.8035643068342232,5.236947872466757e-06,1.0393333333333334,1.0193333333333334,0.020000000000000018,1,1,0,0.38708525285072215,0.9999996127171561,3.8728284390554535e-07,0.9333333333333333,0.06666666666666665,0.07166836318647868,reversible
0.75,1.0,11,0.8126876283212132,0.8126743427667155,1.3285554497755037e-05,2.1133333333333333,2.058666666666667,0.05466666666666642,2,3,1,0.38692027793110395,0.9999553003581864,4.469964181363917e-05,0.95,0.050000000000000044,0.06371468769710473,reversible
0.75,1.0,12,0.7853680056948861,0.7853677312697276,2.744251584863022e-07,1.0,1.0,0.0,1,1,0,0.39105267428874413,0.9999999971993445,2.8006554853021726e-09,0.43333333333333335,0.5666666666666667,0.5666667380736118,metastable
0.75,1.0,13,0.7512130490780061,0.7512071922677286,5.856810277538038e-06,1.1006666666666667,1.0,0.10066666666666668,1,1,0,0.369214738265525,0.9999996715996398,3.284003602388452e-07,0.6833333333333333,0.31666666666666665,0.341835125936263,metastable
0.75,1.0,14,0.803770230826189,0.8037707526791654,5.218529763872937e-07,1.968,1.9966666666666666,0.028666666666666618,2,2,0,0.3626454650169587,0.9999999999983133,1.6866508190105378e-12,0.9833333333333333,0.01666666666666672,0.02383346379826412,reversible
0.75,1.0,15,0.7638053827389516,0.7637942072366534,1.1175502298232942e-05,1.0406666666666666,1.0,0.04066666666666663,1,1,0,0.4049453089357601,0.9999997707816232,2.2921837683487212e-07,0.7666666666666667,0.23333333333333328,0.24350302309395133,reversible
0.75,1.0,16,0.783714365872977,0.7837156288074317,1.2629344546821741e-06,1.234,1.24,0.006000000000000005,1,1,0,0.38425889830483717,0.9999994799510667,5.200489332501945e-07,0.8333333333333334,0.16666666666666663,0.16816750244921355,reversible
0.75,1.0,17,0.781816059964542,0.7818140643146008,1.9956499411888373e-06,1.392,1.3886666666666667,0.0033333333333331883,1,1,0,0.39964411495250163,0.9998306749204222,0.00016932507957778675,0.6,0.4,0.4010031573253964,metastable
0.75,1.0,18,0.7505943068700596,0.750585158874446,9.147995613578708e-06,1.0,1.0,0.0,1,1,0,0.3975658855474439,0.9999986057403228,1.3942596771565618e-06,0.95,0.050000000000000044,0.050003681258580596,reversible
0.75,1.0,19,0.7888508320343205,0.7888502949570799,5.370772405699498e-07,1.0,1.0,0.0,1,1,0,0.3875722560635204,0.9999999999996125,3.8746783559417963e-13,0.9333333333333333,0.06666666666666665,0.06666680093636426,reversible
0.8,0.0,0,0.830082750483168,0.8300853271369047,2.57665373670779e-06,1.0,1.0,0.0,1,1,0,0.0,0.999999994698947,5.301053040973613e-09,0.9333333333333333,0.06666666666666665,0.06666731613115387,reversible
0.8,0.0,1,0.8673014833520502,0.8673015331692607,4.981721057895072e-08,2.0,2.0,0.0,2,2,0,0.0,1.0,0.0,0.38333333333333336,0.6166666666666667,0.6166666791209694,irreversible
0.8,0.0,2,0.8114100769299016,0.8114100052678322,7.166206938968855e-08,1.0,1.0,0.0,1,1,0,0.0,1.0,0.0,0.31666666666666665,0.6833333333333333,0.6833333512488506,irreversible
0.8,0.0,3,0.8246476867909289,0.8246481444631164,4.576721874816059e-07,1.0,1.0,0.0,1,1,0,0.0,0.9999999999999992,7.771561172376096e-16,0.4666666666666667,0.5333333333333333,0.5333334477513809,metastable
0.8,0.0,4,0.8201236635624236,0.8201233502403187,3.1332210492784895e-07,1.0,1.0,0.0,1,1,0,0.0,0.999999999999989,1.099120794378905e-14,0.9666666666666667,0.033333333333333326,0.03333341166387055,reversible
0.8,0.0,5,0.8392519499454977,0.8392519405240115,9.42148614679894e-09,1.0,1.0,0.0,1,1,0,0.0,0.9999999999999999,1.1102230246251565e-16,0.25,0.75,0.7500000023553717,irreversible
0.8,0.0,6,0.8079048912798105,0.8079044734481798,4.178316306280294e-07,1.0,1.0,0.0,1,1,0,0.0,0.9999999999999961,3.885780586188048e-15,0.016666666666666666,0.9833333333333333,0.9833334377912448,irreversible
0.8,0.0,7,0.856573765953494,0.8565738191273058,5.3173811798146176e-08,1.0,1.0,0.0,1,1,0,0.0,0.9999999999999999,1.1102230246251565e-16,0.7333333333333333,0.2666666666666667,0.2666666799601198,metastable
0.8,0.0,8,0.8019298867255241,0.8019292972496872,5.894758369207054e-07,1.0,1.0,0.0,1,1,0,0.0,0.9999999999994308,5.692113447253178e-13,0.0,1.0,1.0000001473695286,irreversible
0.8,0.0,9,0.8218747098314771,0.8218746696312573,4.0200219819652716e-08,1.0,1.0,0.0,1,1,0,0.0,0.9999999999999999,1.1102230246251565e-16,0.016666666666666666,0.9833333333333333,0.9833333433833884,irreversible
0.8,0.0,10,0.8398367469549178,0.8398367517885341,4.833616285004894e-09,1.0,1.0,0.0,1,1,0,0.0,0.9999999999999974,2.55351295663786e-15,0.016666666666666666,0.9833333333333333,0.9833333345417399,irreversible
0.8,0.0,11,0.8460104193359402,0.846009619137624,8.001983162753135e-07,2.0,2.0,0.0,2,2,0,0.0,0.9999999999971825,2.8175239918937223e-12,0.9833333333333333,0.01666666666666672,0.01666686671906331,reversible
0.8,0.0,12,0.8262822759921701,0.8262822789708677,2.978697621891513e-09,1.0,1.0,0.0,1,1,0,0.0,1.0,0.0,0.016666666666666666,0.9833333333333333,0.9833333340780077,irreversible
0.8,0.0,13,0.8000593746344448,0.8000597439519176,3.693174728258697e-07,1.0,1.0,0.0,1,1,0,0.0,0.9999999999999913,8.659739592076221e-15,0.6166666666666667,0.3833333333333333,0.38333342566271017,metastable
0.8,0.0,14,0.8412040072796712,0.8412040187812205,1.1501549379566711e-08,2.0,2.0,0.0,2,2,0,0.0,1.0,0.0,0.3,0.7,0.7000000028753873,irreversible
0.8,0.0,15,0.8154462727404228,0.8154459379572785,3.3478314431789613e-07,1.0,1.0,0.0,1,1,0,0.0,1.0,0.0,0.016666666666666666,0.9833333333333333,0.9833334170291194,irreversible
0.8,0.0,16,0.8260673407693333,0.8260673755864443,3.4817110972085175e-08,1.0,1.0,0.0,1,1,0,0.0,0.9999999999999996,4.440892098500626e-16,0.7,0.30000000000000004,0.30000000870427823,metastable
0.8,0.0,17,0.8222376982924262,0.8222391025763837,1.404283957451291e-06,1.0,1.0,0.0,1,1,0,0.0,0.9999999999542925,4.570754885691031e-11,0.2,0.8,0.800000351116697,irreversible
0.8,0.0,18,0.7999114608062827,0.799911776081784,3.15275501261425e-07,1.0,1.0,0.0,1,1,0,0.0,0.9999999999999967,3.3306690738754696e-15,0.55,0.44999999999999996,0.4500000788188786,metastable
0.8,0.0,19,0.8306555972126962,0.8306555569142507,4.02984454694888e-08,1.0,1.0,0.0,1,1,0,0.0,1.0,0.0,0.45,0.55,0.5500000100746114,metastable
0.8,0.1,0,0.830082750483168,0.8300855906281893,2.8401450212767188e-06,1.0,1.0,0.0,1,1,0,0.005082959184978253,0.9999999935313811,6.468618862776054e-09,0.9333333333333333,0.06666666666666665,0.06666738317154083,reversible
0.8,0.1,1,0.8673014833520502,0.8673015330939426,4.974189249384864e-08,2.0,2.0,0.0,2,2,0,0.005567735344719993,1.0,0.0,0.9333333333333333,0.06666666666666665,0.06666667910213978,reversible
0.8,0.1,2,0.8114100769299016,0.8114100090630133,6.786688833138044e-08,1.0,1.0,0.0,1,1,0,0.005307263305182053,1.0,0.0,0.9,0.09999999999999998,0.10000001696672206,reversible
0.8,0.1,3,0.8246476867909289,0.8246481499311175,4.6314018853355066e-07,1.0,1.0,0.0,1,1,0,0.004175440822384302,0.9999999999999997,3.3306690738754696e-16,0.3,0.7,0.7000001157850474,irreversible
0.8,0.1,4,0.8201236635624236,0.8201233418775006,3.2168492303252805e-07,1.0,1.0,0.0,1,1,0,0.004554961461759155,0.9999999999999881,1.1879386363489175e-14,0.03333333333333333,0.9666666666666667,0.9666667470879093,irreversible
0.8,0.1,5,0.8392519499454977,0.8392519402161775,9.729320127327412e-09,1.0,1.0,0.0,1,1,0,0.004855247808518315,1.0,0.0,0.016666666666666666,0.9833333333333333,0.9833333357656633,irreversible
0.8,0.1,6,0.8079048912798105,0.8079044693466971,4.219331133370474e-07,1.0,1.0,0.0,1,1,0,0.00540133673198373,0.9999999999999954,4.551914400963142e-15,0.7333333333333333,0.2666666666666667,0.2666667721499496,metastable
0.8,0.1,7,0.856573765953494,0.8565738172256006,5.127210656041825e-08,1.0,1.0,0.0,1,1,0,0.005785230342152614,0.9999999999999999,1.1102230246251565e-16,0.9833333333333333,0.01666666666666672,0.01666667948469347,reversible
0.8,0.1,8,0.8019298867255241,0.8019292646709917,6.220545324397975e-07,1.0,1.0,0.0,1,1,0,0.005601349941135814,0.999999999999256,7.439604488013174e-13,0.0,1.0,1.000000155514377,irreversible
0.8,0.1,9,0.8218747098314771,0.8218746726944225,3.713705465369088e-08,1.0,1.0,0.0,1,1,0,0.0045797356965694425,1.0,0.0,0.9166666666666666,0.08333333333333337,0.08333334261759703,reversible
0.8,0.1,10,0.8398367469549178,0.8398367456083291,1.3465887294117351e-09,1.0,1.0,0.0,1,1,0,0.004845457257861452,0.9999999999999974,2.55351295663786e-15,0.016666666666666666,0.9833333333333333,0.983333333669983,irreversible
0.8,0.1,11,0.8460104193359402,0.8460095458798754,8.734560648093748e-07,2.0,2.0,0.0,2,2,0,0.004834404950814775,0.9999999999963989,3.6011194026741578e-12,0.9833333333333333,0.01666666666666672,0.01666688503428404,reversible
0.8,0.1,12,0.8262822759921701,0.8262822753493947,6.427753884707954e-10,1.0,1.0,0.0,1,1,0,0.004960474886224864,1.0000000000000002,-2.220446049250313e-16,0.1,0.9,0.9000000001606936,irreversible
0.8,0.1,13,0.8000593746344448,0.8000597597357006,3.851012558842015e-07,1.0,1.0,0.0,1,1,0,0.004633053394615061,0.9999999999999909,9.103828801926284e-15,0.016666666666666666,0.9833333333333333,0.9833334296086563,irreversible
0.8,0.1,14,0.8412040072796712,0.841204018738153,1.1458481830040057e-08,2.0,2.0,0.0,2,2,0,0.004485647838096685,0.9999999999999999,1.1102230246251565e-16,0.9666666666666667,0.033333333333333326,0.033333336197953894,reversible
0.8,0.1,15,0.8154462727404228,0.8154459393022216,3.334382011610515e-07,1.0,1.0,0.0,1,1,0,0.0053028351034647425,0.9999999999999999,1.1102230246251565e-16,0.75,0.25,0.2500000833595504,metastable
0.8,0.1,16,0.8260673407693333,0.8260673614935564,2.072422311538702e-08,1.0,1.0,0.0,1,1,0,0.0049821369432875295,0.9999999999999997,3.3306690738754696e-16,0.06666666666666667,0.9333333333333333,0.9333333385143895,irreversible
0.8,0.1,17,0.8222376982924262,0.8222392078706836,1.5095782573970595e-06,1.0,1.0,0.0,1,1,0,0.0051455148148101815,0.999999999943073,5.692701865456229e-11,0.2,0.8,0.8000003774514914,irreversible
0.8,0.1,18,0.7999114608062827,0.7999117560287142,2.95222431501152e-07,1.0,1.0,0.0,1,1,0,0.005223089436370398,0.9999999999999969,3.1086244689504383e-15,0.016666666666666666,0.9833333333333333,0.9833334071389442,irreversible
0.8,0.1,19,0.8306555972126962,0.8306555573977051,3.98149910818546e-08,1.0,1.0,0.0,1,1,0,0.0047804830987612235,1.0,0.0,0.016666666666666666,0.9833333333333333,0.983333343287081,irreversible
0.8,0.2,0,0.830082750483168,0.8300857989296199,3.0484464518254484e-06,1.0,1.0,0.0,1,1,0,0.020193045814065447,0.9999999927153016,7.2846984000563e-09,0.85,0.15000000000000002,0.15000076939631138,reversible
0.8,0.2,1,0.8673014833520502,0.8673015329598843,4.9607834173848175e-08,2.0,2.0,0.0,2,2,0,0.02209382812342442,1.0,0.0,0.9333333333333333,0.06666666666666665,0.0666666790686252,reversible
0.8,0.2,2,0.8114100769299016,0.8114100127868845,6.41430171199886e-08,1.0,1.0,0.0,1,1,0,0.021078674462537306,1.0,0.0,0.9,0.09999999999999998,0.10000001603575426,reversible
0.8,0.2,3,0.8246476867909289,0.8246481562624683,4.6947153942156206e-07,1.0,1.0,0.0,1,1,0,0.01660651766859711,0.9999999999999997,3.3306690738754696e-16,0.3,0.7,0.7000001173678851,irreversible
0.8,0.2,4,0.8201236635624236,0.8201233326178087,3.3094461493465843e-07,1.0,1.0,0.0,1,1,0,0.01810989112517447,0.9999999999999869,1.3100631690576847e-14,0.016666666666666666,0.9833333333333333,0.9833334160695001,irreversible
0.8,0.2,5,0.8392519499454977,0.8392519398947421,1.0050755561152869e-08,1.0,1.0,0.0,1,1,0,0.019288153457760138,1.0000000000000002,-2.220446049250313e-16,0.016666666666666666,0.9833333333333333,0.9833333358460219,irreversible
0.8,0.2,6,0.8079048912798105,0.8079044610116619,4.302681485546245e-07,1.0,1.0,0.0,1,1,0,0.0214311705939928,0.9999999999999946,5.440092820663267e-15,0.7333333333333333,0.2666666666666667,0.2666667742337093,metastable
0.8,0.2,7,0.856573765953494,0.8565738145576867,4.8604192670609336e-08,1.0,1.0,0.0,1,1,0,0.02295582617563563,1.0000000000000002,-2.220446049250313e-16,0.9833333333333333,0.01666666666666672,0.016666678817714664,reversible
0.8,0.2,8,0.8019298867255241,0.8019292327425229,6.539830011975667e-07,1.0,1.0,0.0,1,1,0,0.02222273995200541,0.9999999999990346,9.654499422140361e-13,0.0,1.0,1.0000001634967157,irreversible
0.8,0.2,9,0.8218747098314771,0.8218746762471965,3.3584280689780144e-08,1.0,1.0,0.0,1,1,0,0.018187698023347854,0.9999999999999999,1.1102230246251565e-16,0.9166666666666666,0.08333333333333337,0.08333334172940365,reversible
0.8,0.2,10,0.8398367469549178,0.8398367389260317,8.028886111510758e-09,1.0,1.0,0.0,1,1,0,0.019247186053557908,0.9999999999999974,2.55351295663786e-15,0.016666666666666666,0.9833333333333333,0.9833333353405573,irreversible
0.8,0.2,11,0.8460104193359402,0.8460094659124345,9.534235057007123e-07,2.0,2.0,0.0,2,2,0,0.019202771093093873,0.9999999999954653,4.534705944081452e-12,0.7,0.30000000000000004,0.3000002383604112,metastable
0.8,0.2,12,0.8262822759921701,0.8262822721046913,3.8874787833265145e-09,1.0,1.0,0.0,1,1,0,0.019693681911027383,1.0,0.0,0.05,0.95,0.9500000009718697,irreversible
0.8,0.2,13,0.8000593746344448,0.8000597730168199,3.9838237508860175e-07,1.0,1.0,0.0,1,1,0,0.018400621743477563,0.9999999999999907,9.325873406851315e-15,0.5333333333333333,0.4666666666666667,0.46666676626226977,metastable
0.8,0.2,14,0.8412040072796712,0.8412040186047073,1.1325036131104582e-08,2.0,2.0,0.0,2,2,0,0.017822918794434872,1.0000000000000002,-2.220446049250313e-16,0.9666666666666667,0.033333333333333326,0.03333333616459214,reversible
0.8,0.2,15,0.8154462727404228,0.8154459396916865,3.330487362562806e-07,1.0,1.0,0.0,1,1,0,0.021030983863888464,1.0,0.0,0.75,0.25,0.25000008326218404,metastable
0.8,0.2,16,0.8260673407693333,0.8260673474890935,6.719760192730462e-09,1.0,1.0,0.0,1,1,0,0.019762566257660485,0.9999999999999998,2.220446049250313e-16,0.06666666666666667,0.9333333333333333,0.9333333350132736,irreversible
0.8,0.2,17,0.8222376982924262,0.8222393293969245,1.6311044982453282e-06,1.0,1.0,0.0,1,1,0,0.02041849490494585,0.9999999999285986,7.14014403158103e-11,0.2,0.8,0.800000407847526,irreversible
0.8,0.2,18,0.7999114608062827,0.7999117376483325,2.7684204972899806e-07,1.0,1.0,0.0,1,1,0,0.020710169321628502,0.999999999999997,2.9976021664879227e-15,0.03333333333333333,0.9666666666666667,0.9666667358771821,irreversible
0.8,0.2,19,0.8306555972126962,0.8306555577771335,3.943556270424864e-08,1.0,1.0,0.0,1,1,0,0.018997841239258295,1.0,0.0,0.016666666666666666,0.9833333333333333,0.983333343192224,irreversible
0.8,0.3,0,0.830082750483168,0.8300859415173798,3.191034211758037e-06,1.0,1.0,0.0,1,1,0,0.04491957961568338,0.9999999923573519,7.642648069960956e-09,0.7666666666666667,0.23333333333333328,0.2333341387345343,reversible
0.8,0.3,1,0.8673014833520502,0.8673015327732991,4.942124898210665e-08,2.0,2.0,0.0,2,2,0,0.04905571508536821,1.0000000000000002,-2.220446049250313e-16,0.9333333333333333,0.06666666666666665,0.06666667902197868,reversible
0.8,0.3,2,0.8114100769299016,0.8114100165846515,6.034525013021153e-08,1.0,1.0,0.0,1,1,0,0.04686935264896541,1.0,0.0,0.8666666666666667,0.1333333333333333,0.13333334841964584,reversible
0.8,0.3,3,0.8246476867909289,0.8246481630761636,4.7628523469622763e-07,1.0,1.0,0.0,1,1,0,0.037010886385621666,0.9999999999999997,3.3306690738754696e-16,0.3,0.7,0.700000119071309,irreversible
0.8,0.3,4,0.8201236635624236,0.8201233220501972,3.4151222638723056e-07,1.0,1.0,0.0,1,1,0,0.04033879710526955,0.9999999999999856,1.4432899320127035e-14,0.016666666666666666,0.9833333333333333,0.9833334187114043,irreversible
0.8,0.3,5,0.8392519499454977,0.839251939557031,1.0388466642474725e-08,1.0,1.0,0.0,1,1,0,0.04290546087307101,1.0000000000000002,-2.220446049250313e-16,0.016666666666666666,0.9833333333333333,0.9833333359304497,irreversible
0.8,0.3,6,0.8079048912798105,0.8079044494444907,4.418353197754854e-07,1.0,1.0,0.0,1,1,0,0.04757620097962545,0.9999999999999932,6.772360450213455e-15,0.7333333333333333,0.2666666666666667,0.26666677712550346,metastable
0.8,0.3,7,0.856573765953494,0.8565738109937053,4.5040211338331915e-08,1.0,1.0,0.0,1,1,0,0.05096549380339721,1.0,0.0,0.9833333333333333,0.01666666666666672,0.016666677926719553,reversible
0.8,0.3,8,0.8019298867255241,0.801929217884492,6.688410321142868e-07,1.0,1.0,0.0,1,1,0,0.04932491169818787,0.9999999999987719,1.2281287098403482e-12,0.0,1.0,1.0000001672114862,irreversible
0.8,0.3,9,0.8218747098314771,0.821874680460471,2.937100618272126e-08,1.0,1.0,0.0,1,1,0,0.04043632998506097,1.0,0.0,0.9166666666666666,0.08333333333333337,0.08333334067608492,reversible
0.8,0.3,10,0.8398367469549178,0.8398367312494064,1.5705511446917342e-08,1.0,1.0,0.0,1,1,0,0.04280687287122964,0.9999999999999973,2.6645352591003757e-15,0.9666666666666667,0.033333333333333326,0.03333333725971385,reversible
0.8,0.3,11,0.8460104193359402,0.8460093820289846,1.0373069556646186e-06,2.0,2.0,0.0,2,2,0,0.04270669406900163,0.9999999999944068,5.593192575759076e-12,0.016666666666666666,0.9833333333333333,0.9833335926656654,irreversible
0.8,0.3,12,0.8262822759921701,0.8262822693564271,6.6357429551189284e-09,1.0,1.0,0.0,1,1,0,0.043762203751507744,1.0,0.0,0.03333333333333333,0.9666666666666667,0.9666666683256024,irreversible
0.8,0.3,13,0.8000593746344448,0.8000597815648605,4.0693041569728194e-07,1.0,1.0,0.0,1,1,0,0.04091397074266456,0.9999999999999907,9.325873406851315e-15,0.6333333333333333,0.3666666666666667,0.3666667683992799,metastable
0.8,0.3,14,0.8412040072796712,0.8412040184821388,1.1202467620208267e-08,2.0,2.0,0.0,2,2,0,0.039658121293117965,1.0,0.0,0.9666666666666667,0.033333333333333326,0.03333333613395023,reversible
0.8,0.3,15,0.8154462727404228,0.8154459405050787,3.322353441248538e-07,1.0,1.0,0.0,1,1,0,0.04665332075894657,0.9999999999999998,2.220446049250313e-16,0.7666666666666667,0.23333333333333328,0.23333341639216953,reversible
0.8,0.3,16,0.8260673407693333,0.8260673334025765,7.3667567601631845e-09,1.0,1.0,0.0,1,1,0,0.04385319866641246,0.9999999999999997,3.3306690738754696e-16,0.06666666666666667,0.9333333333333333,0.9333333351750228,irreversible
0.8,0.3,17,0.8222376982924262,0.8222394673399837,1.7690475574427822e-06,1.0,1.0,0.0,1,1,0,0.045336698142943166,0.9999999999114622,8.853784372320206e-11,0.2,0.8,0.8000004423504272,irreversible
0.8,0.3,18,0.7999114608062827,0.7999117177268207,2.569205379554518e-07,1.0,1.0,0.0,1,1,0,0.04592561741286416,0.9999999999999973,2.6645352591003757e-15,0.03333333333333333,0.9666666666666667,0.9666667308968038,irreversible
0.8,0.3,19,0.8306555972126962,0.8306555580564406,3.9156255571271004e-08,1.0,1.0,0.0,1,1,0,0.04228468101897398,0.9999999999999999,1.1102230246251565e-16,0.016666666666666666,0.9833333333333333,0.9833333431223973,irreversible
0.8,0.4,0,0.830082750483168,0.8300860177280139,3.267244845894801e-06,1.0,1.0,0.0,1,1,0,0.078596769228518,0.9999999924197595,7.580240546367634e-09,0.15,0.85,0.850000824391452,irreversible
0.8,0.4,1,0.8673014833520502,0.8673015325412164,4.918916629570447e-08,2.0,2.0,0.0,2,2,0,0.08561117446767541,1.0,0.0,0.9333333333333333,0.06666666666666665,0.06666667896395823,reversible
0.8,0.4,2,0.8114100769299016,0.8114100201845846,5.674531700083918e-08,1.0,1.0,0.0,1,1,0,0.08195835964297293,1.0,0.0,0.8,0.19999999999999996,0.2000000141863292,reversible
0.8,0.4,3,0.8246476867909289,0.8246481691829252,4.823919962371193e-07,1.0,1.0,0.0,1,1,0,0.06492912668400885,0.9999999999999997,3.3306690738754696e-16,0.3,0.7,0.7000001205979993,irreversible
0.8,0.4,4,0.8201236635624236,0.8201233099477467,3.536146768734483e-07,1.0,1.0,0.0,1,1,0,0.07071109653724983,0.9999999999999843,1.5654144647214707e-14,0.016666666666666666,0.9833333333333333,0.9833334217370182,irreversible
0.8,0.4,5,0.8392519499454977,0.8392519391787312,1.0766766478376155e-08,1.0,1.0,0.0,1,1,0,0.0750690014097507,0.9999999999999999,1.1102230246251565e-16,0.016666666666666666,0.9833333333333333,0.983333336025025,irreversible
0.8,0.4,6,0.8079048912798105,0.8079044374844185,4.537953919303561e-07,1.0,1.0,0.0,1,1,0,0.08301100111133863,0.999999999999992,7.993605777301127e-15,0.7333333333333333,0.2666666666666667,0.2666667801155227,metastable
0.8,0.4,7,0.856573765953494,0.8565738065638435,4.0610349527625544e-08,1.0,1.0,0.0,1,1,0,0.08893318175785414,1.0,0.0,0.9833333333333333,0.01666666666666672,0.0166666768192541,reversible
0.8,0.4,8,0.8019298867255241,0.8019292188290359,6.67896488226738e-07,1.0,1.0,0.0,1,1,0,0.08603765836187849,0.9999999999985082,1.4918066781888228e-12,0.0,1.0,1.0000001669756138,irreversible
0.8,0.4,9,0.8218747098314771,0.8218746853892632,2.4442213919506628e-08,1.0,1.0,0.0,1,1,0,0.07069990312459717,1.0,0.0,0.9166666666666666,0.08333333333333337,0.08333333944388685,reversible
0.8,0.4,10,0.8398367469549178,0.8398367221446185,2.48102993705146e-08,1.0,1.0,0.0,1,1,0,0.07487908239870322,0.9999999999999972,2.7755575615628914e-15,0.9666666666666667,0.033333333333333326,0.033333339535910944,reversible
0.8,0.4,11,0.8460104193359402,0.8460093007303188,1.1186056214640416e-06,2.0,2.0,0.0,2,2,0,0.07470227106958927,0.9999999999933177,6.682321362916355e-12,0.016666666666666666,0.9833333333333333,0.983333612991421,irreversible
0.8,0.4,12,0.8262822759921701,0.8262822672623229,8.729847178479133e-09,1.0,1.0,0.0,1,1,0,0.07646068187257193,1.0,0.0,0.06666666666666667,0.9333333333333333,0.9333333355157951,irreversible
0.8,0.4,13,0.8000593746344448,0.8000597845622912,4.0992784644533486e-07,1.0,1.0,0.0,1,1,0,0.071544980527114,0.9999999999999911,8.881784197001252e-15,0.6333333333333333,0.3666666666666667,0.36666676914863716,metastable
0.8,0.4,14,0.8412040072796712,0.8412040185172639,1.1237592745239056e-08,2.0,2.0,0.0,2,2,0,0.0694192131554272,0.9999999999999999,1.1102230246251565e-16,0.9666666666666667,0.033333333333333326,0.03333333614273162,reversible
0.8,0.4,15,0.8154462727404228,0.8154459425379731,3.3020244971648793e-07,1.0,1.0,0.0,1,1,0,0.08131708391445913,1.0,0.0,0.7666666666666667,0.23333333333333328,0.2333334158839457,reversible
0.8,0.4,16,0.8260673407693333,0.8260673194199071,2.1349426226890955e-08,1.0,1.0,0.0,1,1,0,0.07647264166529855,0.9999999999999997,3.3306690738754696e-16,0.06666666666666667,0.9333333333333333,0.9333333386706902,irreversible
0.8,0.4,17,0.8222376982924262,0.8222396133836407,1.915091214499398e-06,1.0,1.0,0.0,1,1,0,0.0791239878765776,0.9999999998940726,1.0592737798020835e-10,0.2,0.8,0.800000478878731,irreversible
0.8,0.4,18,0.7999114608062827,0.7999116974218832,2.3661560044629937e-07,1.0,1.0,0.0,1,1,0,0.080012374822243,0.9999999999999976,2.4424906541753444e-15,0.26666666666666666,0.7333333333333334,0.733333392487236,irreversible
0.8,0.4,19,0.8306555972126962,0.8306555582209862,3.899170997190282e-08,1.0,1.0,0.0,1,1,0,0.07404470506928251,1.0000000000000002,-2.220446049250313e-16,0.016666666666666666,0.9833333333333333,0.9833333430812605,irreversible
0.8,0.5,0,0.830082750483168,0.8300860395621094,3.28907894131536e-06,1.0,1.0,0.0,1,1,0,0.12033069666070473,0.9999999927833515,7.216648501007228e-09,0.016666666666666666,0.9833333333333333,0.9833341628197171,irreversible
0.8,0.5,1,0.8673014833520502,0.8673015323105164,4.8958466281057156e-08,2.0,2.0,0.0,2,2,0,0.13063955510002467,1.0,0.0,0.9333333333333333,0.06666666666666665,0.06666667890628322,reversible
0.8,0.5,2,0.8114100769299016,0.8114100224878107,5.4442090946515975e-08,1.0,1.0,0.0,1,1,0,0.12537838721291605,1.0,0.0,0.5166666666666667,0.4833333333333333,0.483333346943856,metastable
0.8,0.5,3,0.8246476867909289,0.8246481725847937,4.857938648017424e-07,1.0,1.0,0.0,1,1,0,0.09974093526391925,0.9999999999999989,1.1102230246251565e-15,0.3,0.7,0.7000001214484672,irreversible
0.8,0.5,4,0.8201236635624236,0.8201232971878413,3.66374582339013e-07,1.0,1.0,0.0,1,1,0,0.10851013231817641,0.9999999999999831,1.687538997430238e-14,0.016666666666666666,0.9833333333333333,0.9833334249269957,irreversible
0.8,0.5,5,0.8392519499454977,0.8392519387661328,1.117936487826654e-08,1.0,1.0,0.0,1,1,0,0.11492066500086584,0.9999999999999998,2.220446049250313e-16,0.016666666666666666,0.9833333333333333,0.9833333361281748,irreversible
0.8,0.5,6,0.8079048912798105,0.8079044296234824,4.61656328054616e-07,1.0,1.0,0.0,1,1,0,0.12664078909907894,0.9999999999999905,9.547918011776346e-15,0.7333333333333333,0.2666666666666667,0.2666667820807583,metastable
0.8,0.5,7,0.856573765953494,0.8565738017271631,3.577366913809499e-08,1.0,1.0,0.0,1,1,0,0.1356854011947447,1.0,0.0,0.9833333333333333,0.01666666666666672,0.016666675610084003,reversible
0.8,0.5,8,0.8019298867255241,0.8019292279417398,6.587837843019528e-07,1.0,1.0,0.0,1,1,0,0.13120089928104572,0.9999999999983028,1.6971979377444768e-12,0.0,1.0,1.0000001646976433,irreversible
0.8,0.5,9,0.8218747098314771,0.8218746910448544,1.8786622701938427e-08,1.0,1.0,0.0,1,1,0,0.1081434761672907,1.0,0.0,0.9166666666666666,0.08333333333333337,0.08333333802998905,reversible
0.8,0.5,10,0.8398367469549178,0.8398367107990339,3.6155883953448154e-08,1.0,1.0,0.0,1,1,0,0.11459786559889451,0.9999999999999971,2.886579864025407e-15,0.9666666666666667,0.033333333333333326,0.0333333423723072,reversible
0.8,0.5,11,0.8460104193359402,0.8460092298764732,1.1894594670325276e-06,2.0,2.0,0.0,2,2,0,0.11432899370206262,0.9999999999923236,7.67641505916572e-12,0.016666666666666666,0.9833333333333333,0.9833336307058764,irreversible
0.8,0.5,12,0.8262822759921701,0.8262822657755303,1.0216639756421841e-08,1.0,1.0,0.0,1,1,0,0.11684978056724893,1.0,0.0,0.08333333333333333,0.9166666666666666,0.9166666692208265,irreversible
0.8,0.5,13,0.8000593746344448,0.8000597839212485,4.092868037819386e-07,1.0,1.0,0.0,1,1,0,0.10945454337863159,0.9999999999999918,8.215650382226158e-15,0.6166666666666667,0.3833333333333333,0.38333343565504246,metastable
0.8,0.5,14,0.8412040072796712,0.841204018858774,1.1579102898728877e-08,2.0,2.0,0.0,2,2,0,0.10634090326647128,1.0,0.0,0.9666666666666667,0.033333333333333326,0.03333333622810905,reversible
0.8,0.5,15,0.8154462727404228,0.8154459443488012,3.283916215623961e-07,1.0,1.0,0.0,1,1,0,0.1238941505101453,0.9999999999999999,1.1102230246251565e-16,0.75,0.25,0.2500000820979055,metastable
0.8,0.5,16,0.8260673407693333,0.8260673059265311,3.4842802199008815e-08,1.0,1.0,0.0,1,1,0,0.11659172823971997,1.0,0.0,0.06666666666666667,0.9333333333333333,0.933333342044034,irreversible
0.8,0.5,17,0.8222376982924262,0.8222397543785213,2.0560860950480375e-06,1.0,1.0,0.0,1,1,0,0.1207497832915988,0.9999999998793834,1.2061662779672133e-10,0.2,0.8,0.8000005141421405,irreversible
0.8,0.5,18,0.7999114608062827,0.7999116795505121,2.1874422939660576e-07,1.0,1.0,0.0,1,1,0,0.1218425643847636,0.9999999999999976,2.4424906541753444e-15,0.65,0.35,0.35000005468605977,metastable
0.8,0.5,19,0.8306555972126962,0.8306555581901912,3.902250500509297e-08,1.0,1.0,0.0,1,1,0,0.11347591667395573,1.0,0.0,0.016666666666666666,0.9833333333333333,0.9833333430889595,irreversible
0.8,0.6,0,0.830082750483168,0.8300860450276119,3.2945444438103877e-06,1.0,1.0,0.0,1,1,0,0.1690351016255488,0.999999993122437,6.8775629635808855e-09,0.0,1.0,1.0000008305136738,irreversible
0.8,0.6,1,0.8673014833520502,0.8673015320901041,4.873805392602293e-08,2.0,2.0,0.0,2,2,0,0.18279593430765406,0.9999999999999999,1.1102230246251565e-16,0.9333333333333333,0.06666666666666665,0.06666667885118024,reversible
0.8,0.6,2,0.8114100769299016,0.8114100235016244,5.342827724685861e-08,1.0,1.0,0.0,1,1,0,0.1759551704983523,1.0,0.0,0.0,1.0,1.0000000133570692,irreversible
0.8,0.6,3,0.8246476867909289,0.8246481723435678,4.855526388736209e-07,1.0,1.0,0.0,1,1,0,0.14068675175838774,0.9999999999999976,2.4424906541753444e-15,0.3,0.7,0.7000001213881621,irreversible
0.8,0.6,4,0.8201236635624236,0.8201232859353998,3.776270237620949e-07,1.0,1.0,0.0,1,1,0,0.15285794978753298,0.9999999999999817,1.8318679906315083e-14,0.016666666666666666,0.9833333333333333,0.9833334277401076,irreversible
0.8,0.6,5,0.8392519499454977,0.8392519383225808,1.1622916851194987e-08,1.0,1.0,0.0,1,1,0,0.16141558093615416,0.9999999999999999,1.1102230246251565e-16,0.016666666666666666,0.9833333333333333,0.9833333362390626,irreversible
0.8,0.6,6,0.8079048912798105,0.8079044293334188,4.6194639169439e-07,1.0,1.0,0.0,1,1,0,0.17715685290420558,0.9999999999999892,1.0769163338864018e-14,0.7333333333333333,0.2666666666666667,0.26666678215327544,metastable
0.8,0.6,7,0.856573765953494,0.8565737974003877,3.144689375567111e-08,1.0,1.0,0.0,1,1,0,0.18981192657850976,1.0,0.0,0.8333333333333334,0.16666666666666663,0.16666667452839007,reversible
0.8,0.6,8,0.8019298867255241,0.8019292408566245,6.458688995847339e-07,1.0,1.0,0.0,1,1,0,0.1834187878883845,0.9999999999981928,1.8072210394848298e-12,0.0,1.0,1.0000001614690321,irreversible
0.8,0.6,9,0.8218747098314771,0.821874696879926,1.2951551164874786e-08,1.0,1.0,0.0,1,1,0,0.1517608526678481,1.0,0.0,0.9166666666666666,0.08333333333333337,0.08333333657122116,reversible
0.8,0.6,10,0.8398367469549178,0.8398366967356558,5.021926208215177e-08,1.0,1.0,0.0,1,1,0,0.16091203107090946,0.9999999999999971,2.886579864025407e-15,0.9666666666666667,0.033333333333333326,0.03333334588815173,reversible
0.8,0.6,11,0.8460104193359402,0.8460091708557541,1.248480186122336e-06,2.0,2.0,0.0,2,2,0,0.1605477573456059,0.9999999999914709,8.52906634207784e-12,0.016666666666666666,0.9833333333333333,0.9833336454619088,irreversible
0.8,0.6,12,0.8262822759921701,0.826282264887632,1.1104538066852854e-08,1.0,1.0,0.0,1,1,0,0.16380075062216648,0.9999999999999999,1.1102230246251565e-16,0.05,0.95,0.9500000027761346,irreversible
0.8,0.6,13,0.8000593746344448,0.8000597816770484,4.07042603622898e-07,1.0,1.0,0.0,1,1,0,0.15362989293676166,0.9999999999999921,7.882583474838611e-15,0.6166666666666667,0.3833333333333333,0.3833334350939921,metastable
0.8,0.6,14,0.8412040072796712,0.8412040194053338,1.2125662696149675e-08,2.0,2.0,0.0,2,2,0,0.14949773844743808,1.0000000000000002,-2.220446049250313e-16,0.9666666666666667,0.033333333333333326,0.03333333636474878,reversible
0.8,0.6,15,0.8154462727404228,0.8154459459693034,3.2677111938550496e-07,1.0,1.0,0.0,1,1,0,0.17304121991015198,0.9999999999999999,1.1102230246251565e-16,0.7666666666666667,0.23333333333333328,0.23333341502611324,reversible
0.8,0.6,16,0.8260673407693333,0.826067293741887,4.702744627049782e-08,1.0,1.0,0.0,1,1,0,0.16299225377376192,0.9999999999999999,1.1102230246251565e-16,0.06666666666666667,0.9333333333333333,0.933333345090195,irreversible
0.8,0.6,17,0.8222376982924262,0.8222398832947153,2.1850022891012344e-06,1.0,1.0,0.0,1,1,0,0.16898054287260322,0.9999999998697705,1.3022949385543825e-10,0.2,0.8,0.8000005463808018,irreversible
0.8,0.6,18,0.7999114608062827,0.7999116660186358,2.0521235311043995e-07,1.0,1.0,0.0,1,1,0,0.17008288002199046,0.9999999999999977,2.3314683517128287e-15,0.7666666666666667,0.23333333333333328,0.2333333846364239,reversible
0.8,0.6,19,0.8306555972126962,0.830655557933912,3.9278784225160734e-08,1.0,1.0,0.0,1,1,0,0.15960148961079312,1.0,0.0,0.016666666666666666,0.9833333333333333,0.9833333431530293,irreversible
0.8,0.7,0,0.830082750483168,0.8300860301915555,3.2797083874269717e-06,1.0,1.0,0.0,1,1,0,0.22347411786755633,0.9999999934348734,6.5651265535038306e-09,0.0,1.0,1.0000008264922235,irreversible
0.8,0.7,1,0.8673014833520502,0.8673015320296017,4.867755154513986e-08,2.0,2.0,0.0,2,2,0,0.24057493509390515,1.0,0.0,0.9333333333333333,0.06666666666666665,0.06666667883605454,reversible
0.8,0.7,2,0.8114100769299016,0.8114100239954841,5.293441751597072e-08,1.0,1.0,0.0,1,1,0,0.23235462764065706,0.9999999999999999,1.1102230246251565e-16,0.0,1.0,1.0000000132336044,irreversible
0.8,0.7,3,0.8246476867909289,0.824648167716981,4.809260520932668e-07,1.0,1.0,0.0,1,1,0,0.1868938395130394,0.9999999999999964,3.552713678800501e-15,0.3,0.7,0.7000001202315165,irreversible
0.8,0.7,4,0.8201236635624236,0.8201232768763975,3.866860260881566e-07,1.0,1.0,0.0,1,1,0,0.20274525621965345,0.9999999999999812,1.8762769116165146e-14,0.016666666666666666,0.9833333333333333,0.9833334300048586,irreversible
0.8,0.7,5,0.8392519499454977,0.8392519378730983,1.2072399413476376e-08,1.0,1.0,0.0,1,1,0,0.21336185078483927,0.9999999999999998,2.220446049250313e-16,0.016666666666666666,0.9833333333333333,0.9833333363514334,irreversible
0.8,0.7,6,0.8079048912798105,0.8079044381174236,4.5316238683756893e-07,1.0,1.0,0.0,1,1,0,0.23310068001676498,0.999999999999988,1.199040866595169e-14,0.7333333333333333,0.2666666666666667,0.2666667799572754,metastable
0.8,0.7,7,0.856573765953494,0.8565737943955772,2.8442083244151206e-08,1.0,1.0,0.0,1,1,0,0.2497316123459521,1.0000000000000002,-2.220446049250313e-16,0.65,0.35,0.3500000071105206,metastable
0.8,0.7,8,0.8019298867255241,0.8019292578473989,6.288781252417053e-07,1.0,1.0,0.0,1,1,0,0.2411237405712664,0.9999999999981775,1.822542117224657e-12,0.0,1.0,1.000000157221354,irreversible
0.8,0.7,9,0.8218747098314771,0.8218747026205598,7.210917307709508e-09,1.0,1.0,0.0,1,1,0,0.200419174545991,1.0,0.0,0.9333333333333333,0.06666666666666665,0.06666666846939598,reversible
0.8,0.7,10,0.8398367469549178,0.8398366810765056,6.58784122808953e-08,1.0,1.0,0.0,1,1,0,0.21262724847223158,0.9999999999999971,2.886579864025407e-15,0.9666666666666667,0.033333333333333326,0.03333334980293928,reversible
0.8,0.7,11,0.8460104193359402,0.8460091274057447,1.2919301954905649e-06,2.0,2.0,0.0,2,2,0,0.21218574341148344,0.9999999999908123,9.187650640285483e-12,0.016666666666666666,0.9833333333333333,0.9833336563250699,irreversible
0.8,0.7,12,0.8262822759921701,0.8262822647679963,1.1224173812607319e-08,1.0,1.0,0.0,1,1,0,0.21604782622402663,1.0,0.0,0.1,0.9,0.9000000028060435,irreversible
0.8,0.7,13,0.8000593746344448,0.8000597780317139,4.0339726914417895e-07,1.0,1.0,0.0,1,1,0,0.20292863866700206,0.9999999999999927,7.327471962526033e-15,0.6166666666666667,0.3833333333333333,0.3833334341826579,metastable
0.8,0.7,14,0.8412040072796712,0.8412040200325052,1.2752834011031666e-08,2.0,2.0,0.0,2,2,0,0.19784328393886808,1.0,0.0,0.9666666666666667,0.033333333333333326,0.03333333652154183,reversible
0.8,0.7,15,0.8154462727404228,0.8154459469025171,3.2583790565698934e-07,1.0,1.0,0.0,1,1,0,0.2272697277063237,1.0,0.0,0.7666666666666667,0.23333333333333328,0.2333334147928097,reversible
0.8,0.7,16,0.8260673407693333,0.826067285897998,5.487133525328147e-08,1.0,1.0,0.0,1,1,0,0.21433439168764057,0.9999999999999998,2.220446049250313e-16,0.06666666666666667,0.9333333333333333,0.9333333470511673,irreversible
0.8,0.7,17,0.8222376982924262,0.8222399941750678,2.295882641556446e-06,1.0,1.0,0.0,1,1,0,0.22243987785149633,0.999999999865618,1.3438195001214126e-10,0.2,0.8,0.8000005741050424,irreversible
0.8,0.7,18,0.7999114608062827,0.7999116574154039,1.966091212057819e-07,1.0,1.0,0.0,1,1,0,0.22326977168864792,0.9999999999999978,2.220446049250313e-15,0.7833333333333333,0.21666666666666667,0.2166667158189492,reversible
0.8,0.7,19,0.8306555972126962,0.8306555577804672,3.94322290375726e-08,1.0,1.0,0.0,1,1,0,0.21130679791920748,0.9999999999999998,2.220446049250313e-16,0.016666666666666666,0.9833333333333333,0.9833333431913908,irreversible
0.8,0.8,0,0.830082750483168,0.8300860096141575,3.259130989419212e-06,1.0,1.0,0.0,1,1,0,0.28230978332219914,0.9999999936414082,6.358591764232813e-09,0.0,1.0,1.0000008211413391,irreversible
0.8,0.8,1,0.8673014833520502,0.8673015321730781,4.8821027998080524e-08,2.0,2.0,0.0,2,2,0,0.3023803935167242,1.0,0.0,0.9333333333333333,0.06666666666666665,0.06666667887192365,reversible
0.8,0.8,2,0.8114100769299016,0.8114100249354066,5.1994495042784195e-08,1.0,1.0,0.0,1,1,0,0.29313535743470653,1.0,0.0,0.13333333333333333,0.8666666666666667,0.8666666796652904,irreversible
0.8,0.8,3,0.8246476867909289,0.8246481605314587,4.7374052980497794e-07,1.0,1.0,0.0,1,1,0,0.23740565444346806,0.9999999999999951,4.884981308350689e-15,0.3,0.7,0.7000001184351373,irreversible
0.8,0.8,4,0.8201236635624236,0.8201232715691511,3.919932725082731e-07,1.0,1.0,0.0,1,1,0,0.25706527333908047,0.9999999999999806,1.942890293094024e-14,0.016666666666666666,0.9833333333333333,0.9833334313316708,irreversible
0.8,0.8,5,0.8392519499454977,0.839251937350138,1.2595359644151927e-08,1.0,1.0,0.0,1,1,0,0.26946486824883564,1.0,0.0,0.016666666666666666,0.9833333333333333,0.9833333364821732,irreversible
0.8,0.8,6,0.8079048912798105,0.8079044517002391,4.3957957140960957e-07,1.0,1.0,0.0,1,1,0,0.2929323807861649,0.9999999999999875,1.2545520178264269e-14,0.7333333333333333,0.2666666666666667,0.2666667765615721,metastable
0.8,0.8,7,0.856573765953494,0.8565737929377158,2.6984221856984902e-08,1.0,1.0,0.0,1,1,0,0.3137645108385745,1.0000000000000002,-2.220446049250313e-16,0.016666666666666666,0.9833333333333333,0.9833333400793886,irreversible
0.8,0.8,8,0.8019298867255241,0.8019292816284866,6.050970374760212e-07,1.0,1.0,0.0,1,1,0,0.30264676987830474,0.9999999999982039,1.7961188092385783e-12,0.0,1.0,1.0000001512760555,irreversible
0.8,0.8,9,0.8218747098314771,0.8218747084900098,1.3414673816214417e-09,1.0,1.0,0.0,1,1,0,0.2529074120190332,0.9999999999999999,1.1102230246251565e-16,0.95,0.050000000000000044,0.050000000335367,reversible
0.8,0.8,10,0.8398367469549178,0.8398366629691881,8.398572970413909e-08,1.0,1.0,0.0,1,1,0,0.26845283135329534,0.9999999999999968,3.219646771412954e-15,0.9666666666666667,0.033333333333333326,0.03333335432976897,reversible
0.8,0.8,11,0.8460104193359402,0.8460090957507673,1.3235851729076487e-06,2.0,2.0,0.0,2,2,0,0.2679855568226027,0.9999999999903223,9.677703083355027e-12,0.016666666666666666,0.9833333333333333,0.9833336642393042,irreversible
0.8,0.8,12,0.8262822759921701,0.8262822654036345,1.0588535603872629e-08,1.0,1.0,0.0,1,1,0,0.27224519597628294,1.0000000000000002,-2.220446049250313e-16,0.16666666666666666,0.8333333333333334,0.8333333359804671,irreversible
0.8,0.8,13,0.8000593746344448,0.8000597744820568,3.9984761202038754e-07,1.0,1.0,0.0,1,1,0,0.2561269155203816,0.9999999999999933,6.661338147750939e-15,0.6166666666666667,0.3833333333333333,0.38333343329524294,metastable
0.8,0.8,14,0.8412040072796712,0.8412040206510616,1.3371390439331776e-08,2.0,2.0,0.0,2,2,0,0.25025318599816815,1.0,0.0,0.9666666666666667,0.033333333333333326,0.033333336676180936,reversible
0.8,0.8,15,0.8154462727404228,0.8154459488515786,3.2388884418921293e-07,1.0,1.0,0.0,1,1,0,0.28502069209065406,1.0,0.0,0.7666666666666667,0.23333333333333328,0.23333341430554433,reversible
0.8,0.8,16,0.8260673407693333,0.8260672816637137,5.910561962085836e-08,1.0,1.0,0.0,1,1,0,0.2692276120484055,0.9999999999999999,1.1102230246251565e-16,0.06666666666666667,0.9333333333333333,0.9333333481097383,irreversible
0.8,0.8,17,0.8222376982924262,0.8222400802564853,2.3819640591060676e-06,1.0,1.0,0.0,1,1,0,0.279673379802743,0.9999999998654413,1.3455869751766159e-10,0.2,0.8,0.8000005956255736,irreversible
0.8,0.8,18,0.7999114608062827,0.7999116535494686,1.9274318585615902e-07,1.0,1.0,0.0,1,1,0,0.27988870702187263,0.9999999999999979,2.1094237467877974e-15,0.8,0.19999999999999996,0.20000004818579853,reversible
0.8,0.8,19,0.8306555972126962,0.8306555574086979,3.980399831959858e-08,1.0,1.0,0.0,1,1,0,0.2673808214540693,1.0000000000000002,-2.220446049250313e-16,0.016666666666666666,0.9833333333333333,0.9833333432843326,irreversible
0.8,0.9,0,0.830082750483168,0.8300859916598052,3.2411766371920336e-06,1.0,1.0,0.0,1,1,0,0.34415194568358665,0.9999999936910664,6.308933597765076e-09,0.0,1.0,1.000000816603093,irreversible
0.8,0.9,1,0.8673014833520502,0.8673015326511795,4.929912933437919e-08,2.0,2.0,0.0,2,2,0,0.36659678277522656,1.0,0.0,0.9333333333333333,0.06666666666666665,0.06666667899144899,reversible
0.8,0.9,2,0.8114100769299016,0.8114100271258461,4.980405554633194e-08,1.0,1.0,0.0,1,1,0,0.35680389314978145,1.0,0.0,0.7166666666666667,0.2833333333333333,0.2833333457843472,metastable
0.8,0.9,3,0.8246476867909289,0.82464815174881,4.6495788108558145e-07,1.0,1.0,0.0,1,1,0,0.29121320719538846,0.9999999999999942,5.773159728050814e-15,0.3,0.7,0.700000116239476,irreversible
0.8,0.9,4,0.8201236635624236,0.820123273805652,3.89756771634886e-07,1.0,1.0,0.0,1,1,0,0.31465004432663024,0.9999999999999805,1.9539925233402755e-14,0.016666666666666666,0.9833333333333333,0.9833334307725458,irreversible
0.8,0.9,5,0.8392519499454977,0.8392519367464991,1.319899856078166e-08,1.0,1.0,0.0,1,1,0,0.32837406531701563,1.0,0.0,0.016666666666666666,0.9833333333333333,0.983333336633083,irreversible
0.8,0.9,6,0.8079048912798105,0.8079044674909261,4.237888843183768e-07,1.0,1.0,0.0,1,1,0,0.3550989395108479,0.9999999999999869,1.3100631690576847e-14,0.7333333333333333,0.2666666666666667,0.2666667726139009,metastable
0.8,0.9,7,0.856573765953494,0.8565737926469398,2.6693445787095982e-08,1.0,1.0,0.0,1,1,0,0.38020617485138775,1.0000000000000002,-2.220446049250313e-16,0.016666666666666666,0.9833333333333333,0.9833333400066945,irreversible
0.8,0.9,8,0.8019298867255241,0.8019293129541136,5.7377141049475e-07,1.0,1.0,0.0,1,1,0,0.3662902551220857,0.9999999999982341,1.765920742968774e-12,0.0,1.0,1.0000001434446186,irreversible
0.8,0.9,9,0.8218747098314771,0.8218747143614069,4.5299297646295145e-09,1.0,1.0,0.0,1,1,0,0.3079858292773926,1.0,0.0,0.95,0.050000000000000044,0.050000001132482486,reversible
0.8,0.9,10,0.8398367469549178,0.8398366430056367,1.0394928118273583e-07,1.0,1.0,0.0,1,1,0,0.32705085886181484,0.9999999999999969,3.1086244689504383e-15,0.9666666666666667,0.033333333333333326,0.03333335932065673,reversible
0.8,0.9,11,0.8460104193359402,0.8460090727383823,1.346597557905227e-06,2.0,2.0,0.0,2,2,0,0.3266558027137041,0.9999999999899511,1.0048850640487217e-11,0.016666666666666666,0.9833333333333333,0.9833336699927716,irreversible
0.8,0.9,12,0.8262822759921701,0.8262822667278791,9.264291001009894e-09,1.0,1.0,0.0,1,1,0,0.33102499349652503,0.9999999999999998,2.220446049250313e-16,0.38333333333333336,0.6166666666666667,0.6166666689827397,irreversible
0.8,0.9,13,0.8000593746344448,0.8000597721497753,3.975153305413315e-07,1.0,1.0,0.0,1,1,0,0.3119688734471462,0.9999999999999939,6.106226635438361e-15,0.6333333333333333,0.3666666666666667,0.3666667660455054,metastable
0.8,0.9,14,0.8412040072796712,0.8412040212610716,1.3981400481810624e-08,2.0,2.0,0.0,2,2,0,0.3055697279459352,1.0,0.0,0.9666666666666667,0.033333333333333326,0.033333336828683446,reversible
0.8,0.9,15,0.8154462727404228,0.8154459530920998,3.196483230327729e-07,1.0,1.0,0.0,1,1,0,0.3447394411660015,1.0,0.0,0.7666666666666667,0.23333333333333328,0.23333341324541404,reversible
0.8,0.9,16,0.8260673407693333,0.8260672792631588,6.150617448685836e-08,1.0,1.0,0.0,1,1,0,0.32629971891682896,1.0,0.0,0.06666666666666667,0.9333333333333333,0.9333333487098769,irreversible
0.8,0.9,17,0.8222376982924262,0.8222401489490624,2.450656636177051e-06,1.0,1.0,0.0,1,1,0,0.33921402636192144,0.999999999868413,1.3158696354764743e-10,0.2,0.8,0.8000006127957461,irreversible
0.8,0.9,18,0.7999114608062827,0.7999116542699024,1.934636196798678e-07,1.0,1.0,0.0,1,1,0,0.3384514978699342,0.9999999999999979,2.1094237467877974e-15,0.8166666666666667,0.18333333333333335,0.18333338169924038,reversible
0.8,0.9,19,0.8306555972126962,0.8306555576105159,3.960218031284768e-08,1.0,1.0,0.0,1,1,0,0.32655996458531633,1.0,0.0,0.016666666666666666,0.9833333333333333,0.9833333432338783,irreversible
0.8,1.0,0,0.830082750483168,0.8300859909998572,3.240516689206885e-06,1.0,1.0,0.0,1,1,0,0.40760812482259345,0.9999999934973922,6.502607785563441e-09,0.0,1.0,1.00000081663178,irreversible
0.8,1.0,1,0.8673014833520502,0.8673015335672232,5.0215173019729775e-08,2.0,2.0,0.0,2,2,0,0.43165828661491445,1.0,0.0,0.9333333333333333,0.06666666666666665,0.0666666792204599,reversible
0.8,1.0,2,0.8114100769299016,0.8114100322514898,4.467841185906707e-08,1.0,1.0,0.0,1,1,0,0.4218700240676443,1.0000000000000002,-2.220446049250313e-16,0.8833333333333333,0.1166666666666667,0.11666667783626944,reversible
0.8,1.0,3,0.8246476867909289,0.8246481434092369,4.5661830794241354e-07,1.0,1.0,0.0,1,1,0,0.34728706259872266,0.9999999999999936,6.439293542825908e-15,0.3,0.7,0.7000001141545834,irreversible
0.8,1.0,4,0.8201236635624236,0.8201232817925233,3.817699003594299e-07,1.0,1.0,0.0,1,1,0,0.3743076784720879,0.9999999999999802,1.9761969838327786e-14,0.0,1.0,1.0000000954424948,irreversible
0.8,1.0,5,0.8392519499454977,0.8392519362939799,1.3651517805080005e-08,1.0,1.0,0.0,1,1,0,0.388729854774285,1.0,0.0,0.03333333333333333,0.9666666666666667,0.9666666700795461,irreversible
0.8,1.0,6,0.8079048912798105,0.8079044869575794,4.0432223102904175e-07,1.0,1.0,0.0,1,1,0,0.41809817499408897,0.9999999999999865,1.354472090042691e-14,0.7333333333333333,0.2666666666666667,0.266666767747238,metastable
0.8,1.0,7,0.856573765953494,0.8565737931296005,2.7176106476289874e-08,1.0,1.0,0.0,1,1,0,0.4473999905927053,1.0,0.0,0.016666666666666666,0.9833333333333333,0.9833333401273598,irreversible
0.8,1.0,8,0.8019298867255241,0.8019293525793934,5.341461307706297e-07,1.0,1.0,0.0,1,1,0,0.4303993070689579,0.9999999999982632,1.7368328997235949e-12,0.0,1.0,1.0000001335382696,irreversible
0.8,1.0,9,0.8218747098314771,0.8218747197323316,9.900854469613307e-09,1.0,1.0,0.0,1,1,0,0.36443353351768903,1.0,0.0,0.95,0.050000000000000044,0.05000000247521366,reversible
0.8,1.0,10,0.8398367469549178,0.8398366233972794,1.2355763845395273e-07,1.0,1.0,0.0,1,1,0,0.38708525285072215,0.9999999999999966,3.4416913763379853e-15,0.9666666666666667,0.033333333333333326,0.03333336422274638,reversible
0.8,1.0,11,0.8460104193359402,0.8460090525881774,1.3667477628542812e-06,2.0,2.0,0.0,2,2,0,0.38692027793110395,0.9999999999895746,1.042543829044007e-11,0.016666666666666666,0.9833333333333333,0.9833336750306995,irreversible
0.8,1.0,12,0.8262822759921701,0.8262822685487444,7.443425653619329e-09,1.0,1.0,0.0,1,1,0,0.39105267428874413,1.0,0.0,0.5333333333333333,0.4666666666666667,0.4666666685275231,metastable
0.8,1.0,13,0.8000593746344448,0.8000597712549737,3.9662052897515565e-07,1.0,1.0,0.0,1,1,0,0.369214738265525,0.9999999999999942,5.773159728050814e-15,0.6333333333333333,0.3666666666666667,0.3666667658218047,metastable
0.8,1.0,14,0.8412040072796712,0.8412040217525782,1.4472907094997822e-08,2.0,2.0,0.0,2,2,0,0.3626454650169587,1.0,0.0,0.9666666666666667,0.033333333333333326,0.0333333369515601,reversible
0.8,1.0,15,0.8154462727404228,0.8154459582633493,3.144770734930802e-07,1.0,1.0,0.0,1,1,0,0.4049453089357601,0.9999999999999999,1.1102230246251565e-16,0.7666666666666667,0.23333333333333328,0.23333341195260177,reversible
0.8,1.0,16,0.8260673407693333,0.8260672778567768,6.291255649770733e-08,1.0,1.0,0.0,1,1,0,0.38425889830483717,0.9999999999999999,1.1102230246251565e-16,0.06666666666666667,0.9333333333333333,0.9333333490614726,irreversible
0.8,1.0,17,0.8222376982924262,0.8222402069889609,2.5086965347309587e-06,1.0,1.0,0.0,1,1,0,0.39964411495250163,0.9999999998735757,1.26424315460838e-10,0.2,0.8,0.800000627300558,irreversible
0.8,1.0,18,0.7999114608062827,0.7999116637573956,2.029511129153505e-07,1.0,1.0,0.0,1,1,0,0.39756588554744376,0.9999999999999979,2.1094237467877974e-15,0.8333333333333334,0.16666666666666663,0.16666671740444697,reversible
0.8,1.0,19,0.8306555972126962,0.8306555586697001,3.854299612804368e-08,1.0,1.0,0.0,1,1,0,0.3875722560635204,0.9999999999999999,1.1102230246251565e-16,0.016666666666666666,0.9833333333333333,0.9833333429690825,irreversible
0.85,0.0,0,0.857826025144549,0.8578262689361663,2.4379161733811827e-07,2.0,2.0,0.0,2,2,0,0.0,0.9999999999999989,1.1102230246251565e-15,0.9333333333333333,0.06666666666666665,0.0666667276145721,reversible
0.85,0.0,1,0.8871004361990114,0.8871004376225983,1.4235869150169833e-09,2.0,2.0,0.0,2,2,0,0.0,1.0,0.0,0.16666666666666666,0.8333333333333334,0.8333333336892301,irreversible
0.85,0.0,2,0.8446692229747953,0.844669218279004,4.695791311348785e-09,1.0,1.0,0.0,1,1,0,0.0,1.0000000000000002,-2.220446049250313e-16,0.18333333333333332,0.8166666666666667,0.8166666678406143,irreversible
0.85,0.0,3,0.8529648967516408,0.8529649112358929,1.448425213101956e-08,1.0,1.0,0.0,1,1,0,0.0,1.0000000000000002,-2.220446049250313e-16,0.23333333333333334,0.7666666666666666,0.7666666702877294,irreversible
0.85,0.0,4,0.8498874304414297,0.8498874206251534,9.81627623630743e-09,1.0,1.0,0.0,1,1,0,0.0,1.0,0.0,0.2,0.8,0.8000000024540691,irreversible
0.85,0.0,5,0.8653574130553476,0.8653574118814538,1.1738938709981994e-09,1.0,1.0,0.0,1,1,0,0.0,1.0,0.0,0.21666666666666667,0.7833333333333333,0.7833333336268068,irreversible
0.85,0.0,6,0.8419213140730784,0.841921293568113,2.0504965392298402e-08,2.0,2.0,0.0,2,2,0,0.0,0.9999999999999999,1.1102230246251565e-16,0.05,0.95,0.9500000051262414,irreversible
0.85,0.0,7,0.8792822180966346,0.8792822195308732,1.4342385057375395e-09,2.0,2.0,0.0,2,2,0,0.0,1.0000000000000002,-2.220446049250313e-16,0.38333333333333336,0.6166666666666667,0.6166666670252261,irreversible
0.85,0.0,8,0.8373000369001771,0.837300015812643,2.108753405227759e-08,1.0,1.0,0.0,1,1,0,0.0,0.9999999999999999,1.1102230246251565e-16,0.1,0.9,0.9000000052718836,irreversible
0.85,0.0,9,0.8520055702920037,0.8520055652246725,5.067331221297877e-09,1.0,1.0,0.0,1,1,0,0.0,0.9999999999999999,1.1102230246251565e-16,0.03333333333333333,0.9666666666666667,0.9666666679334996,irreversible
0.85,0.0,10,0.8654625035615652,0.8654625025127859,1.0487792856395117e-09,1.0,1.0,0.0,1,1,0,0.0,1.0000000000000002,-2.220446049250313e-16,0.15,0.85,0.8500000002621946,irreversible
0.85,0.0,11,0.8700078038913038,0.8700077818313375,2.2059966298115796e-08,2.0,2.0,0.0,2,2,0,0.0,1.0,0.0,0.5166666666666667,0.4833333333333333,0.48333333884832486,metastable
0.85,0.0,12,0.8549246355561537,0.8549246305564824,4.999671343597356e-09,1.0,1.0,0.0,1,1,0,0.0,0.9999999999999999,1.1102230246251565e-16,0.08333333333333333,0.9166666666666666,0.9166666679165846,irreversible
0.85,0.0,13,0.8336287127872506,0.8336287178983,5.111049361516962e-09,1.0,1.0,0.0,1,1,0,0.0,1.0000000000000002,-2.220446049250313e-16,0.13333333333333333,0.8666666666666667,0.8666666679444288,irreversible
0.85,0.0,14,0.8672415972847125,0.8672415969929484,2.917640573585345e-10,2.0,2.0,0.0,2,2,0,0.0,1.0,0.0,0.21666666666666667,0.7833333333333333,0.7833333334062743,irreversible
0.85,0.0,15,0.8484822878143852,0.8484822684330796,1.9381305560450812e-08,1.0,1.0,0.0,1,1,0,0.0,0.9999999999999999,1.1102230246251565e-16,0.26666666666666666,0.7333333333333334,0.7333333381786599,irreversible
0.85,0.0,16,0.8552401790949689,0.8552401753187759,3.776192913917953e-09,2.0,2.0,0.0,2,2,0,0.0,1.0,0.0,0.31666666666666665,0.6833333333333333,0.6833333342773815,irreversible
0.85,0.0,17,0.8509695173384947,0.8509695829662114,6.562771670548528e-08,1.0,1.0,0.0,1,1,0,0.0,0.9999999999999999,1.1102230246251565e-16,0.3,0.7,0.7000000164069292,irreversible
0.85,0.0,18,0.8336667777202095,0.833666780827318,3.107108570432615e-09,1.0,1.0,0.0,1,1,0,0.0,1.0,0.0,0.15,0.85,0.8500000007767772,irreversible
0.85,0.0,19,0.8589279938868807,0.858927991455966,2.4309146917644853e-09,1.0,1.0,0.0,1,1,0,0.0,1.0000000000000002,-2.220446049250313e-16,0.5166666666666667,0.4833333333333333,0.4833333339410617,metastable
0.85,0.1,0,0.857826025144549,0.8578262753927726,2.502482235877679e-07,2.0,2.0,0.0,2,2,0,0.005082959184978253,0.999999999999999,9.992007221626409e-16,0.16666666666666666,0.8333333333333334,0.8333333958953902,irreversible
0.85,0.1,1,0.8871004361990114,0.8871004376284839,1.4294725403374287e-09,2.0,2.0,0.0,2,2,0,0.005567735344719993,0.9999999999999999,1.1102230246251565e-16,0.9,0.09999999999999998,0.10000000035736822,reversible
0.85,0.1,2,0.8446692229747953,0.8446692183466513,4.628143979168442e-09,1.0,1.0,0.0,1,1,0,0.005307263305182053,1.0,0.0,0.95,0.050000000000000044,0.05000000115703604,reversible
0.85,0.1,3,0.8529648967516408,0.8529649113060886,1.4554447869130627e-08,1.0,1.0,0.0,1,1,0,0.004175440822384302,1.0,0.0,0.25,0.75,0.750000003638612,irreversible
0.85,0.1,4,0.8498874304414297,0.8498874204646648,9.976764858699028e-09,1.0,1.0,0.0,1,1,0,0.004554961461759155,1.0,0.0,0.0,1.0,1.0000000024941913,irreversible
0.85,0.1,5,0.8653574130553476,0.8653574118671659,1.1881817751913104e-09,1.0,1.0,0.0,1,1,0,0.004855247808518315,0.9999999999999999,1.1102230246251565e-16,0.0,1.0,1.0000000002970455,irreversible
0.85,0.1,6,0.8419213140730784,0.8419212935165915,2.0556486846068367e-08,2.0,2.0,0.0,2,2,0,0.00540133673198373,0.9999999999999999,1.1102230246251565e-16,0.0,1.0,1.0000000051391218,irreversible
0.85,0.1,7,0.8792822180966346,0.8792822195031464,1.4065117959205509e-09,2.0,2.0,0.0,2,2,0,0.005785230342152614,1.0000000000000002,-2.220446049250313e-16,0.7833333333333333,0.21666666666666667,0.2166666670182944,reversible
0.85,0.1,8,0.8373000369001771,0.837300015305801,2.1594376065081633e-08,1.0,1.0,0.0,1,1,0,0.005601349941135814,0.9999999999999999,1.1102230246251565e-16,0.016666666666666666,0.9833333333333333,0.9833333387319274,irreversible
0.85,0.1,9,0.8520055702920037,0.8520055652726072,5.019396565053569e-09,1.0,1.0,0.0,1,1,0,0.0045797356965694425,1.0000000000000002,-2.220446049250313e-16,0.95,0.050000000000000044,0.050000001254848964,reversible
0.85,0.1,10,0.8654625035615652,0.8654625024351383,1.1264268406918632e-09,1.0,1.0,0.0,1,1,0,0.004845457257861452,1.0,0.0,0.0,1.0,1.0000000002816067,irreversible
0.85,0.1,11,0.8700078038913038,0.8700077802043691,2.3686934746969257e-08,2.0,2.0,0.0,2,2,0,0.004834404950814775,1.0,0.0,0.06666666666666667,0.9333333333333333,0.933333339255067,irreversible
0.85,0.1,12,0.8549246355561537,0.8549246305307382,5.025415528159272e-09,1.0,1.0,0.0,1,1,0,0.004960474886224864,1.0,0.0,0.9166666666666666,0.08333333333333337,0.08333333458968725,reversible
0.85,0.1,13,0.8336287127872506,0.8336287180184663,5.231215682854895e-09,1.0,1.0,0.0,1,1,0,0.004633053394615061,1.0,0.0,0.03333333333333333,0.9666666666666667,0.9666666679744707,irreversible
0.85,0.1,14,0.8672415972847125,0.8672415970036761,2.8103641636079146e-10,2.0,2.0,0.0,2,2,0,0.004485647838096685,1.0000000000000002,-2.220446049250313e-16,0.85,0.15000000000000002,0.1500000000702589,reversible
0.85,0.1,15,0.8484822878143852,0.8484822684432994,1.9371085735464533e-08,1.0,1.0,0.0,1,1,0,0.0053028351034647425,1.0000000000000002,-2.220446049250313e-16,0.0,1.0,1.0000000048427713,irreversible
0.85,0.1,16,0.8552401790949689,0.8552401750238384,4.071130432770076e-09,2.0,2.0,0.0,2,2,0,0.0049821369432875295,0.9999999999999999,1.1102230246251565e-16,0.016666666666666666,0.9833333333333333,0.983333334351116,irreversible
0.85,0.1,17,0.8509695173384947,0.8509695853190621,6.798056739754088e-08,1.0,1.0,0.0,1,1,0,0.0051455148148101815,0.9999999999999999,1.1102230246251565e-16,0.31666666666666665,0.6833333333333333,0.6833333503284753,irreversible
0.85,0.1,18,0.8336667777202095,0.8336667806085358,2.888326355865445e-09,1.0,1.0,0.0,1,1,0,0.005223089436370398,1.0,0.0,0.8,0.19999999999999996,0.20000000072208154,reversible
0.85,0.1,19,0.8589279938868807,0.8589279914463809,2.4404998022475866e-09,1.0,1.0,0.0,1,1,0,0.0047804830987612235,1.0000000000000002,-2.220446049250313e-16,0.0,1.0,1.0000000006101248,irreversible
0.85,0.2,0,0.857826025144549,0.857826280358797,2.5521424806829174e-07,2.0,2.0,0.0,2,2,0,0.020193045814065447,0.9999999999999989,1.1102230246251565e-15,0.0,1.0,1.000000063803563,irreversible
0.85,0.2,1,0.8871004361990114,0.8871004376325475,1.4335361786521617e-09,2.0,2.0,0.0,2,2,0,0.02209382812342442,0.9999999999999999,1.1102230246251565e-16,0.9166666666666666,0.08333333333333337,0.08333333369171753,reversible
0.85,0.2,2,0.8446692229747953,0.8446692183876606,4.5871346721071404e-09,1.0,1.0,0.0,1,1,0,0.021078674462537306,1.0,0.0,0.9333333333333333,0.06666666666666665,0.06666666781345032,reversible
0.85,0.2,3,0.8529648967516408,0.8529649113695189,1.4617878130174233e-08,1.0,1.0,0.0,1,1,0,0.01660651766859711,1.0,0.0,0.16666666666666666,0.8333333333333334,0.8333333369878029,irreversible
0.85,0.2,4,0.8498874304414297,0.8498874202764661,1.0164963537562244e-08,1.0,1.0,0.0,1,1,0,0.01810989112517447,1.0000000000000002,-2.220446049250313e-16,0.0,1.0,1.0000000025412406,irreversible
0.85,0.2,5,0.8653574130553476,0.8653574118478388,1.2075088706708925e-09,1.0,1.0,0.0,1,1,0,0.019288153457760138,1.0,0.0,0.0,1.0,1.0000000003018772,irreversible
0.85,0.2,6,0.8419213140730784,0.8419212934042689,2.0668809441737324e-08,2.0,2.0,0.0,2,2,0,0.0214311705939928,1.0,0.0,0.0,1.0,1.0000000051672024,irreversible
0.85,0.2,7,0.8792822180966346,0.8792822194642422,1.367607582736241e-09,2.0,2.0,0.0,2,2,0,0.02295582617563563,0.9999999999999997,3.3306690738754696e-16,0.7833333333333333,0.21666666666666667,0.2166666670085689,reversible
0.85,0.2,8,0.8373000369001771,0.8373000146021059,2.229807116727045e-08,1.0,1.0,0.0,1,1,0,0.02222273995200541,1.0,0.0,0.016666666666666666,0.9833333333333333,0.9833333389078511,irreversible
0.85,0.2,9,0.8520055702920037,0.852005565321568,4.970435729667599e-09,1.0,1.0,0.0,1,1,0,0.018187698023347854,1.0,0.0,0.95,0.050000000000000044,0.05000000124260898,reversible
0.85,0.2,10,0.8654625035615652,0.8654625023399277,1.2216374578599698e-09,1.0,1.0,0.0,1,1,0,0.019247186053557908,1.0,0.0,0.0,1.0,1.0000000003054095,irreversible
0.85,0.2,11,0.8700078038913038,0.8700077783669536,2.552435018898791e-08,2.0,2.0,0.0,2,2,0,0.019202771093093873,0.9999999999999999,1.1102230246251565e-16,0.03333333333333333,0.9666666666666667,0.9666666730477543,irreversible
0.85,0.2,12,0.8549246355561537,0.8549246305035185,5.052635199120914e-09,1.0,1.0,0.0,1,1,0,0.019693681911027383,0.9999999999999998,2.220446049250313e-16,0.9166666666666666,0.08333333333333337,0.08333333459649239,reversible
0.85,0.2,13,0.8336287127872506,0.8336287181278543,5.3406037370251624e-09,1.0,1.0,0.0,1,1,0,0.018400621743477563,1.0,0.0,0.03333333333333333,0.9666666666666667,0.9666666680018177,irreversible
0.85,0.2,14,0.8672415972847125,0.8672415970117536,2.729588777228287e-10,2.0,2.0,0.0,2,2,0,0.017822918794434872,1.0,0.0,0.85,0.15000000000000002,0.15000000006823974,reversible
0.85,0.2,15,0.8484822878143852,0.8484822684512789,1.9363106229519644e-08,1.0,1.0,0.0,1,1,0,0.021030983863888464,1.0,0.0,0.0,1.0,1.0000000048407767,irreversible
0.85,0.2,16,0.8552401790949689,0.8552401747026062,4.392362695782026e-09,2.0,2.0,0.0,2,2,0,0.019762566257660485,1.0,0.0,0.016666666666666666,0.9833333333333333,0.9833333344314239,irreversible
0.85,0.2,17,0.8509695173384947,0.8509695880321112,7.069361651623751e-08,1.0,1.0,0.0,1,1,0,0.02041849490494585,1.0,0.0,0.31666666666666665,0.6833333333333333,0.6833333510067374,irreversible
0.85,0.2,18,0.8336667777202095,0.8336667804222008,2.7019912973713645e-09,1.0,1.0,0.0,1,1,0,0.020710169321628502,0.9999999999999999,1.1102230246251565e-16,0.8833333333333333,0.1166666666666667,0.11666666734216463,reversible
0.85,0.2,19,0.8589279938868807,0.8589279914260138,2.460866843634335e-09,1.0,1.0,0.0,1,1,0,0.018997841239258295,1.0000000000000002,-2.220446049250313e-16,0.0,1.0,1.0000000006152165,irreversible
0.85,0.3,0,0.857826025144549,0.8578262836678335,2.585232845575547e-07,2.0,2.0,0.0,2,2,0,0.04491957961568338,0.9999999999999989,1.1102230246251565e-15,0.0,1.0,1.0000000646308222,irreversible
0.85,0.3,1,0.8871004361990114,0.8871004376351384,1.436126995102427e-09,2.0,2.0,0.0,2,2,0,0.04905571508536821,1.0,0.0,0.9166666666666666,0.08333333333333337,0.08333333369236512,reversible
0.85,0.3,2,0.8446692229747953,0.8446692184098613,4.564933986372921e-09,1.0,1.0,0.0,1,1,0,0.04686935264896541,1.0,0.0,0.9,0.09999999999999998,0.10000000114123347,reversible
0.85,0.3,3,0.8529648967516408,0.8529649114284554,1.4676814652503367e-08,1.0,1.0,0.0,1,1,0,0.037010886385621666,1.0,0.0,0.16666666666666666,0.8333333333333334,0.8333333370025371,irreversible
0.85,0.3,4,0.8498874304414297,0.8498874200558315,1.0385598159246001e-08,1.0,1.0,0.0,1,1,0,0.04033879710526955,1.0000000000000002,-2.220446049250313e-16,0.0,1.0,1.0000000025963993,irreversible
0.85,0.3,5,0.8653574130553476,0.8653574118240716,1.231276081092858e-09,1.0,1.0,0.0,1,1,0,0.04290546087307101,0.9999999999999997,3.3306690738754696e-16,0.0,1.0,1.0000000003078195,irreversible
0.85,0.3,6,0.8419213140730784,0.8419212932490736,2.0824004742792113e-08,2.0,2.0,0.0,2,2,0,0.04757620097962545,1.0000000000000002,-2.220446049250313e-16,0.0,1.0,1.000000005206001,irreversible
0.85,0.3,7,0.8792822180966346,0.8792822194120917,1.3154570766005236e-09,2.0,2.0,0.0,2,2,0,0.05096549380339721,0.9999999999999999,1.1102230246251565e-16,0.7833333333333333,0.21666666666666667,0.21666666699553105,reversible
0.85,0.3,8,0.8373000369001771,0.8373000139178162,2.298236090325645e-08,1.0,1.0,0.0,1,1,0,0.04932491169818787,1.0,0.0,0.016666666666666666,0.9833333333333333,0.9833333390789235,irreversible
0.85,0.3,9,0.8520055702920037,0.8520055653764539,4.9155498560438105e-09,1.0,1.0,0.0,1,1,0,0.04043632998506097,1.0000000000000002,-2.220446049250313e-16,0.9333333333333333,0.06666666666666665,0.0666666678955539,reversible
0.85,0.3,10,0.8654625035615652,0.8654625022195842,1.3419809707926333e-09,1.0,1.0,0.0,1,1,0,0.04280687287122964,1.0000000000000002,-2.220446049250313e-16,0.05,0.95,0.9500000003354949,irreversible
0.85,0.3,11,0.8700078038913038,0.87000777632593,2.756537387238467e-08,2.0,2.0,0.0,2,2,0,0.04270669406900163,1.0000000000000002,-2.220446049250313e-16,0.016666666666666666,0.9833333333333333,0.9833333402246766,irreversible
0.85,0.3,12,0.8549246355561537,0.854924630477015,5.079138776231673e-09,1.0,1.0,0.0,1,1,0,0.043762203751507744,1.0,0.0,0.9166666666666666,0.08333333333333337,0.08333333460311806,reversible
0.85,0.3,13,0.8336287127872506,0.8336287182141809,5.4269303495502186e-09,1.0,1.0,0.0,1,1,0,0.04091397074266456,1.0,0.0,0.03333333333333333,0.9666666666666667,0.9666666680233993,irreversible
0.85,0.3,14,0.8672415972847125,0.8672415970190817,2.6563085064879033e-10,2.0,2.0,0.0,2,2,0,0.039658121293117965,0.9999999999999999,1.1102230246251565e-16,0.85,0.15000000000000002,0.15000000006640785,reversible
0.85,0.3,15,0.8484822878143852,0.8484822684770573,1.933732785008857e-08,1.0,1.0,0.0,1,1,0,0.04665332075894657,1.0,0.0,0.0,1.0,1.000000004834332,irreversible
0.85,0.3,16,0.8552401790949689,0.8552401743556425,4.739326375791109e-09,2.0,2.0,0.0,2,2,0,0.04385319866641246,0.9999999999999999,1.1102230246251565e-16,0.016666666666666666,0.9833333333333333,0.983333334518165,irreversible
0.85,0.3,17,0.8509695173384947,0.8509695912131553,7.387466061103964e-08,1.0,1.0,0.0,1,1,0,0.045336698142943166,1.0,0.0,0.31666666666666665,0.6833333333333333,0.6833333518019985,irreversible
0.85,0.3,18,0.8336667777202095,0.8336667802538625,2.5336530651287603e-09,1.0,1.0,0.0,1,1,0,0.04592561741286416,1.0,0.0,0.9333333333333333,0.06666666666666665,0.06666666730007992,reversible
0.85,0.3,19,0.8589279938868807,0.8589279913971903,2.489690342777351e-09,1.0,1.0,0.0,1,1,0,0.04228468101897398,1.0000000000000002,-2.220446049250313e-16,0.0,1.0,1.0000000006224223,irreversible
0.85,0.4,0,0.857826025144549,0.8578262853272697,2.601827207016072e-07,2.0,2.0,0.0,2,2,0,0.078596769228518,0.9999999999999989,1.1102230246251565e-15,0.0,1.0,1.0000000650456813,irreversible
0.85,0.4,1,0.8871004361990114,0.8871004376368098,1.437798435866e-09,2.0,2.0,0.0,2,2,0,0.08561117446767541,1.0000000000000002,-2.220446049250313e-16,0.9166666666666666,0.08333333333333337,0.08333333369278276,reversible
0.85,0.4,2,0.8446692229747953,0.8446692184195056,4.555289701002607e-09,1.0,1.0,0.0,1,1,0,0.08195835964297293,1.0,0.0,0.8833333333333333,0.1166666666666667,0.11666666780548912,reversible
0.85,0.4,3,0.8529648967516408,0.8529649114733826,1.4721741825596268e-08,1.0,1.0,0.0,1,1,0,0.06492912668400885,1.0,0.0,0.16666666666666666,0.8333333333333334,0.8333333370137688,irreversible
0.85,0.4,4,0.8498874304414297,0.8498874198017787,1.0639650938060186e-08,1.0,1.0,0.0,1,1,0,0.07071109653724983,1.0,0.0,0.0,1.0,1.0000000026599127,irreversible
0.85,0.4,5,0.8653574130553476,0.8653574117976438,1.2577038299710352e-09,1.0,1.0,0.0,1,1,0,0.0750690014097507,1.0,0.0,0.0,1.0,1.000000000314426,irreversible
0.85,0.4,6,0.8419213140730784,0.8419212930686729,2.1004405437174967e-08,2.0,2.0,0.0,2,2,0,0.08301100111133863,1.0000000000000002,-2.220446049250313e-16,0.0,1.0,1.000000005251101,irreversible
0.85,0.4,7,0.8792822180966346,0.8792822193460782,1.2494435486232192e-09,2.0,2.0,0.0,2,2,0,0.08893318175785414,1.0000000000000004,-4.440892098500626e-16,0.7666666666666667,0.23333333333333328,0.23333333364569372,reversible
0.85,0.4,8,0.8373000369001771,0.8373000134309165,2.3469260534980663e-08,1.0,1.0,0.0,1,1,0,0.0860376583618786,1.0,0.0,0.016666666666666666,0.9833333333333333,0.9833333392006485,irreversible
0.85,0.4,9,0.8520055702920037,0.8520055654324468,4.859556979042168e-09,1.0,1.0,0.0,1,1,0,0.07069990312459717,0.9999999999999998,2.220446049250313e-16,0.9333333333333333,0.06666666666666665,0.06666666788155612,reversible
0.85,0.4,10,0.8654625035615652,0.8654625020665072,1.4950579663164376e-09,1.0,1.0,0.0,1,1,0,0.07487908239870322,1.0000000000000002,-2.220446049250313e-16,0.7333333333333333,0.2666666666666667,0.26666666704043096,metastable
0.85,0.4,11,0.8700078038913038,0.8700077741722203,2.9719083527446344e-08,2.0,2.0,0.0,2,2,0,0.07470227106958927,1.0,0.0,0.016666666666666666,0.9833333333333333,0.9833333407631042,irreversible
0.85,0.4,12,0.8549246355561537,0.8549246304548132,5.101340572188917e-09,1.0,1.0,0.0,1,1,0,0.07646068187257193,1.0000000000000002,-2.220446049250313e-16,0.9166666666666666,0.08333333333333337,0.08333333460866829,reversible
0.85,0.4,13,0.8336287127872506,0.8336287182578678,5.470617181480009e-09,1.0,1.0,0.0,1,1,0,0.071544980527114,1.0,0.0,0.03333333333333333,0.9666666666666667,0.966666668034321,irreversible
0.85,0.4,14,0.8672415972847125,0.8672415970260289,2.586836300721984e-10,2.0,2.0,0.0,2,2,0,0.0694192131554272,1.0000000000000002,-2.220446049250313e-16,0.85,0.15000000000000002,0.1500000000646707,reversible
0.85,0.4,15,0.8484822878143852,0.8484822685309695,1.9283415642057378e-08,1.0,1.0,0.0,1,1,0,0.08131708391445913,0.9999999999999998,2.220446049250313e-16,0.0,1.0,1.0000000048208542,irreversible
0.85,0.4,16,0.8552401790949689,0.8552401739959644,5.099004440900501e-09,2.0,2.0,0.0,2,2,0,0.07647264166529855,0.9999999999999999,1.1102230246251565e-16,0.016666666666666666,0.9833333333333333,0.9833333346080845,irreversible
0.85,0.4,17,0.8509695173384947,0.8509695948412132,7.750271846518331e-08,1.0,1.0,0.0,1,1,0,0.0791239878765776,1.0,0.0,0.31666666666666665,0.6833333333333333,0.683333352709013,irreversible
0.85,0.4,18,0.8336667777202095,0.8336667800980064,2.3777969593297144e-09,1.0,1.0,0.0,1,1,0,0.080012374822243,1.0,0.0,0.95,0.050000000000000044,0.050000000594449284,reversible
0.85,0.4,19,0.8589279938868807,0.8589279913652952,2.521585495962597e-09,1.0,1.0,0.0,1,1,0,0.07404470506928251,0.9999999999999999,1.1102230246251565e-16,0.0,1.0,1.0000000006303964,irreversible
0.85,0.5,0,0.857826025144549,0.8578262855750676,2.6043051859492294e-07,2.0,2.0,0.0,2,2,0,0.12033069666070473,0.9999999999999989,1.1102230246251565e-15,0.0,1.0,1.0000000651076308,irreversible
0.85,0.5,1,0.8871004361990114,0.8871004376386359,1.4396245306969035e-09,2.0,2.0,0.0,2,2,0,0.13063955510002467,1.0,0.0,0.9166666666666666,0.08333333333333337,0.0833333336932395,reversible
0.85,0.5,2,0.8446692229747953,0.8446692183994967,4.575298584441612e-09,1.0,1.0,0.0,1,1,0,0.12537838721291605,1.0,0.0,0.18333333333333332,0.8166666666666667,0.8166666678104912,irreversible
0.85,0.5,3,0.8529648967516408,0.8529649114716482,1.4720007435187199e-08,1.0,1.0,0.0,1,1,0,0.09974093526391925,0.9999999999999999,1.1102230246251565e-16,0.16666666666666666,0.8333333333333334,0.8333333370133353,irreversible
0.85,0.5,4,0.8498874304414297,0.849887419528856,1.0912573622512411e-08,1.0,1.0,0.0,1,1,0,0.10851013231817641,1.0,0.0,0.0,1.0,1.0000000027281435,irreversible
0.85,0.5,5,0.8653574130553476,0.8653574117737844,1.2815631889040446e-09,1.0,1.0,0.0,1,1,0,0.11492066500086584,0.9999999999999999,1.1102230246251565e-16,0.0,1.0,1.0000000003203908,irreversible
0.85,0.5,6,0.8419213140730784,0.8419212928976795,2.1175398878803264e-08,2.0,2.0,0.0,2,2,0,0.12664078909907894,0.9999999999999999,1.1102230246251565e-16,0.0,1.0,1.0000000052938498,irreversible
0.85,0.5,7,0.8792822180966346,0.8792822192678396,1.1712049108325573e-09,2.0,2.0,0.0,2,2,0,0.1356854011947447,0.9999999999999998,2.220446049250313e-16,0.7333333333333333,0.2666666666666667,0.26666666695946817,metastable
0.85,0.5,8,0.8373000369001771,0.8373000131827179,2.37174592188083e-08,1.0,1.0,0.0,1,1,0,0.13120089928104572,1.0,0.0,0.016666666666666666,0.9833333333333333,0.9833333392626981,irreversible
0.85,0.5,9,0.8520055702920037,0.8520055654877831,4.804220687937288e-09,1.0,1.0,0.0,1,1,0,0.1081434761672907,1.0000000000000002,-2.220446049250313e-16,0.9333333333333333,0.06666666666666665,0.0666666678677216,reversible
0.85,0.5,10,0.8654625035615652,0.8654625018646454,1.6969198268768082e-09,1.0,1.0,0.0,1,1,0,0.11459786559889451,0.9999999999999999,1.1102230246251565e-16,0.7666666666666667,0.23333333333333328,0.23333333375756335,reversible
0.85,0.5,11,0.8700078038913038,0.8700077720777772,3.1813526590873664e-08,2.0,2.0,0.0,2,2,0,0.11432899370206262,1.0,0.0,0.016666666666666666,0.9833333333333333,0.9833333412867149,irreversible
0.85,0.5,12,0.8549246355561537,0.8549246304337089,5.122444801664017e-09,1.0,1.0,0.0,1,1,0,0.11684978056724893,0.9999999999999998,2.220446049250313e-16,0.9,0.09999999999999998,0.1000000012806114,reversible
0.85,0.5,13,0.8336287127872506,0.8336287182828044,5.495553789813812e-09,1.0,1.0,0.0,1,1,0,0.10945454337863159,1.0000000000000002,-2.220446049250313e-16,0.03333333333333333,0.9666666666666667,0.9666666680405549,irreversible
0.85,0.5,14,0.8672415972847125,0.8672415970356424,2.490700978796667e-10,2.0,2.0,0.0,2,2,0,0.10634090326647128,0.9999999999999999,1.1102230246251565e-16,0.85,0.15000000000000002,0.15000000006226766,reversible
0.85,0.5,15,0.8484822878143852,0.8484822685921054,1.922227976791646e-08,1.0,1.0,0.0,1,1,0,0.1238941505101453,1.0000000000000002,-2.220446049250313e-16,0.4666666666666667,0.5333333333333333,0.533333338138903,metastable
0.85,0.5,16,0.8552401790949689,0.8552401736390852,5.455883633764813e-09,2.0,2.0,0.0,2,2,0,0.11659172823971997,1.0000000000000002,-2.220446049250313e-16,0.016666666666666666,0.9833333333333333,0.983333334697304,irreversible
0.85,0.5,17,0.8509695173384947,0.8509695987686279,8.143013319195092e-08,1.0,1.0,0.0,1,1,0,0.1207497832915988,1.0000000000000002,-2.220446049250313e-16,0.31666666666666665,0.6833333333333333,0.6833333536908665,irreversible
0.85,0.5,18,0.8336667777202095,0.8336667799615005,2.2412910416491627e-09,1.0,1.0,0.0,1,1,0,0.1218425643847636,1.0,0.0,0.95,0.050000000000000044,0.050000000560322805,reversible
0.85,0.5,19,0.8589279938868807,0.8589279913352502,2.5516304624773056e-09,1.0,1.0,0.0,1,1,0,0.11347591667395573,1.0,0.0,0.0,1.0,1.0000000006379075,irreversible
0.85,0.6,0,0.857826025144549,0.8578262853934715,2.602489225234095e-07,2.0,2.0,0.0,2,2,0,0.1690351016255488,0.999999999999999,9.992007221626409e-16,0.0,1.0,1.0000000650622316,irreversible
0.85,0.6,1,0.8871004361990114,0.8871004376401834,1.4411720705709286e-09,2.0,2.0,0.0,2,2,0,0.18279593430765406,1.0000000000000002,-2.220446049250313e-16,0.9,0.09999999999999998,0.10000000036029277,reversible
0.85,0.6,2,0.8446692229747953,0.8446692183550695,4.619725824106524e-09,1.0,1.0,0.0,1,1,0,0.1759551704983523,1.0000000000000002,-2.220446049250313e-16,0.0,1.0,1.0000000011549313,irreversible
0.85,0.6,3,0.8529648967516408,0.8529649114023523,1.465071153283759e-08,1.0,1.0,0.0,1,1,0,0.14068675175838763,1.0,0.0,0.16666666666666666,0.8333333333333334,0.8333333369960112,irreversible
0.85,0.6,4,0.8498874304414297,0.8498874192685013,1.1172928360281276e-08,1.0,1.0,0.0,1,1,0,0.15285794978753298,1.0,0.0,0.0,1.0,1.000000002793232,irreversible
0.85,0.6,5,0.8653574130553476,0.8653574117531392,1.3022084521807642e-09,1.0,1.0,0.0,1,1,0,0.16141558093615416,0.9999999999999997,3.3306690738754696e-16,0.0,1.0,1.0000000003255525,irreversible
0.85,0.6,6,0.8419213140730784,0.8419212928225773,2.1250501025527058e-08,2.0,2.0,0.0,2,2,0,0.17715685290420558,1.0,0.0,0.0,1.0,1.0000000053126252,irreversible
0.85,0.6,7,0.8792822180966346,0.8792822191894555,1.0928208338256695e-09,2.0,2.0,0.0,2,2,0,0.18981192657850976,1.0000000000000002,-2.220446049250313e-16,0.7166666666666667,0.2833333333333333,0.28333333360653834,metastable
0.85,0.6,8,0.8373000369001771,0.837300013130151,2.3770026058578253e-08,1.0,1.0,0.0,1,1,0,0.18341878788838462,1.0,0.0,0.016666666666666666,0.9833333333333333,0.9833333392758398,irreversible
0.85,0.6,9,0.8520055702920037,0.8520055655456115,4.746392279209033e-09,1.0,1.0,0.0,1,1,0,0.1517608526678481,1.0,0.0,0.9333333333333333,0.06666666666666665,0.06666666785326472,reversible
0.85,0.6,10,0.8654625035615652,0.8654625016051456,1.9564195818944086e-09,1.0,1.0,0.0,1,1,0,0.16091203107090957,1.0000000000000002,-2.220446049250313e-16,0.7833333333333333,0.21666666666666667,0.21666666715577135,reversible
0.85,0.6,11,0.8700078038913038,0.8700077701190454,3.377225843426146e-08,2.0,2.0,0.0,2,2,0,0.1605477573456059,1.0,0.0,0.016666666666666666,0.9833333333333333,0.9833333417763979,irreversible
0.85,0.6,12,0.8549246355561537,0.8549246304139654,5.142188341800136e-09,1.0,1.0,0.0,1,1,0,0.16380075062216648,1.0,0.0,0.9,0.09999999999999998,0.10000000128554706,reversible
0.85,0.6,13,0.8336287127872506,0.8336287183190516,5.531801017255589e-09,1.0,1.0,0.0,1,1,0,0.15362989293676166,1.0,0.0,0.03333333333333333,0.9666666666666667,0.966666668049617,irreversible
0.85,0.6,14,0.8672415972847125,0.8672415970478278,2.3688473405059085e-10,2.0,2.0,0.0,2,2,0,0.14949773844743808,1.0,0.0,0.85,0.15000000000000002,0.1500000000592212,reversible
0.85,0.6,15,0.8484822878143852,0.848482268676516,1.9137869178287303e-08,1.0,1.0,0.0,1,1,0,0.17304121991015198,0.9999999999999999,1.1102230246251565e-16,0.7833333333333333,0.21666666666666667,0.21666667145113408,reversible
0.85,0.6,16,0.8552401790949689,0.8552401733044487,5.790520174464575e-09,2.0,2.0,0.0,2,2,0,0.16299225377376192,1.0,0.0,0.016666666666666666,0.9833333333333333,0.9833333347809633,irreversible
0.85,0.6,17,0.8509695173384947,0.8509696028497981,8.551130337153268e-08,1.0,1.0,0.0,1,1,0,0.16898054287260322,1.0,0.0,0.3,0.7,0.7000000213778258,irreversible
0.85,0.6,18,0.8336667777202095,0.8336667798538022,2.1335927469223748e-09,1.0,1.0,0.0,1,1,0,0.17008288002199068,1.0,0.0,0.95,0.050000000000000044,0.05000000053339823,reversible
0.85,0.6,19,0.8589279938868807,0.8589279913088721,2.578008584386282e-09,1.0,1.0,0.0,1,1,0,0.15960148961079312,1.0,0.0,0.0,1.0,1.0000000006445022,irreversible
0.85,0.7,0,0.857826025144549,0.8578262847127708,2.595682218053952e-07,2.0,2.0,0.0,2,2,0,0.22347411786755633,0.999999999999999,9.992007221626409e-16,0.0,1.0,1.0000000648920564,irreversible
0.85,0.7,1,0.8871004361990114,0.8871004376439655,1.4449541563266166e-09,2.0,2.0,0.0,2,2,0,0.24057493509390515,1.0,0.0,0.9,0.09999999999999998,0.10000000036123852,reversible
0.85,0.7,2,0.8446692229747953,0.8446692183055244,4.669270858848051e-09,1.0,1.0,0.0,1,1,0,0.23235462764065706,1.0,0.0,0.0,1.0,1.0000000011673178,irreversible
0.85,0.7,3,0.8529648967516408,0.8529649112564572,1.4504816459037784e-08,1.0,1.0,0.0,1,1,0,0.18689383951303928,1.0000000000000002,-2.220446049250313e-16,0.16666666666666666,0.8333333333333334,0.8333333369595373,irreversible
0.85,0.7,4,0.8498874304414297,0.8498874190351162,1.1406313449313643e-08,1.0,1.0,0.0,1,1,0,0.20274525621965356,1.0000000000000002,-2.220446049250313e-16,0.0,1.0,1.000000002851578,irreversible
0.85,0.7,5,0.8653574130553476,0.8653574117345315,1.3208161231403892e-09,1.0,1.0,0.0,1,1,0,0.21336185078483916,0.9999999999999999,1.1102230246251565e-16,0.0,1.0,1.000000000330204,irreversible
0.85,0.7,6,0.8419213140730784,0.8419212929027087,2.1170369679524015e-08,2.0,2.0,0.0,2,2,0,0.23310068001676498,0.9999999999999999,1.1102230246251565e-16,0.0,1.0,1.0000000052925924,irreversible
0.85,0.7,7,0.8792822180966346,0.8792822191298661,1.0332315003580561e-09,2.0,2.0,0.0,2,2,0,0.2497316123459521,1.0000000000000002,-2.220446049250313e-16,0.6666666666666666,0.33333333333333337,0.333333333591641,metastable
0.85,0.7,8,0.8373000369001771,0.8373000132975233,2.3602653720367073e-08,1.0,1.0,0.0,1,1,0,0.2411237405712664,0.9999999999999999,1.1102230246251565e-16,0.016666666666666666,0.9833333333333333,0.9833333392339968,irreversible
0.85,0.7,9,0.8520055702920037,0.8520055656071415,4.684862275894375e-09,1.0,1.0,0.0,1,1,0,0.200419174545991,1.0,0.0,0.9333333333333333,0.06666666666666665,0.06666666783788222,reversible
0.85,0.7,10,0.8654625035615652,0.8654625012985546,2.2630105567245096e-09,1.0,1.0,0.0,1,1,0,0.21262724847223147,1.0,0.0,0.8,0.19999999999999996,0.2000000005657526,reversible
0.85,0.7,11,0.8700078038913038,0.8700077685143879,3.5376915952234356e-08,2.0,2.0,0.0,2,2,0,0.21218574341148344,1.0,0.0,0.016666666666666666,0.9833333333333333,0.9833333421775623,irreversible
0.85,0.7,12,0.8549246355561537,0.8549246304054923,5.1506614529017725e-09,1.0,1.0,0.0,1,1,0,0.21604782622402674,1.0000000000000002,-2.220446049250313e-16,0.8666666666666667,0.1333333333333333,0.13333333462099844,reversible
0.85,0.7,13,0.8336287127872506,0.8336287183766145,5.589363860636354e-09,1.0,1.0,0.0,1,1,0,0.20292863866700206,1.0,0.0,0.03333333333333333,0.9666666666666667,0.9666666680640077,irreversible
0.85,0.7,14,0.8672415972847125,0.8672415970629194,2.217931394099537e-10,2.0,2.0,0.0,2,2,0,0.19784328393886808,0.9999999999999997,3.3306690738754696e-16,0.85,0.15000000000000002,0.15000000005544864,reversible
0.85,0.7,15,0.8484822878143852,0.8484822687536069,1.90607782890595e-08,1.0,1.0,0.0,1,1,0,0.2272697277063236,0.9999999999999999,1.1102230246251565e-16,0.8,0.19999999999999996,0.20000000476519464,reversible
0.85,0.7,16,0.8552401790949689,0.8552401730542949,6.0406739610385785e-09,2.0,2.0,0.0,2,2,0,0.21433439168764057,0.9999999999999999,1.1102230246251565e-16,0.016666666666666666,0.9833333333333333,0.9833333348435018,irreversible
0.85,0.7,17,0.8509695173384947,0.8509696068835793,8.954508456948673e-08,1.0,1.0,0.0,1,1,0,0.22243987785149633,1.0,0.0,0.3,0.7,0.7000000223862711,irreversible
0.85,0.7,18,0.8336667777202095,0.8336667797887546,2.0685451129764942e-09,1.0,1.0,0.0,1,1,0,0.22326977168864792,1.0,0.0,0.95,0.050000000000000044,0.05000000051713632,reversible
0.85,0.7,19,0.8589279938868807,0.8589279913004086,2.5864720365476046e-09,1.0,1.0,0.0,1,1,0,0.21130679791920748,1.0,0.0,0.0,1.0,1.000000000646618,irreversible
0.85,0.8,0,0.857826025144549,0.8578262838804808,2.587359317907101e-07,2.0,2.0,0.0,2,2,0,0.28230978332219914,0.999999999999999,9.992007221626409e-16,0.0,1.0,1.000000064683984,irreversible
0.85,0.8,1,0.8871004361990114,0.8871004376507529,1.4517415047876625e-09,2.0,2.0,0.0,2,2,0,0.3023803935167242,1.0,0.0,0.9,0.09999999999999998,0.10000000036293535,reversible
0.85,0.8,2,0.8446692229747953,0.8446692182867146,4.688080701420461e-09,1.0,1.0,0.0,1,1,0,0.29313535743470653,1.0000000000000002,-2.220446049250313e-16,0.0,1.0,1.00000000117202,irreversible
0.85,0.8,3,0.8529648967516408,0.85296491105929,1.430764917653704e-08,1.0,1.0,0.0,1,1,0,0.23740565444346806,1.0,0.0,0.16666666666666666,0.8333333333333334,0.8333333369102457,irreversible
0.85,0.8,4,0.8498874304414297,0.849887418867754,1.15736756844953e-08,1.0,1.0,0.0,1,1,0,0.25706527333908047,0.9999999999999998,2.220446049250313e-16,0.0,1.0,1.000000002893419,irreversible
0.85,0.8,5,0.8653574130553476,0.8653574117125684,1.3427792211473388e-09,1.0,1.0,0.0,1,1,0,0.26946486824883564,0.9999999999999999,1.1102230246251565e-16,0.0,1.0,1.0000000003356948,irreversible
0.85,0.8,6,0.8419213140730784,0.8419212931003661,2.09727122335579e-08,2.0,2.0,0.0,2,2,0,0.2929323807861648,1.0,0.0,0.0,1.0,1.0000000052431781,irreversible
0.85,0.8,7,0.8792822180966346,0.8792822191036641,1.0070294598207852e-09,2.0,2.0,0.0,2,2,0,0.3137645108385745,1.0000000000000002,-2.220446049250313e-16,0.55,0.44999999999999996,0.4500000002517571,metastable
0.85,0.8,8,0.8373000369001771,0.8373000137052832,2.319489389446261e-08,1.0,1.0,0.0,1,1,0,0.30264676987830497,1.0,0.0,0.016666666666666666,0.9833333333333333,0.9833333391320568,irreversible
0.85,0.8,9,0.8520055702920037,0.8520055656979802,4.594023494952637e-09,1.0,1.0,0.0,1,1,0,0.2529074120190332,1.0,0.0,0.9333333333333333,0.06666666666666665,0.06666666781517253,reversible
0.85,0.8,10,0.8654625035615652,0.8654625009112126,2.650352604049999e-09,1.0,1.0,0.0,1,1,0,0.26845283135329534,1.0,0.0,0.8,0.19999999999999996,0.2000000006625881,reversible
0.85,0.8,11,0.8700078038913038,0.8700077672548799,3.663642389462041e-08,2.0,2.0,0.0,2,2,0,0.2679855568226027,1.0,0.0,0.016666666666666666,0.9833333333333333,0.9833333424924393,irreversible
0.85,0.8,12,0.8549246355561537,0.8549246304027139,5.153439786020897e-09,1.0,1.0,0.0,1,1,0,0.27224519597628294,0.9999999999999997,3.3306690738754696e-16,0.8166666666666667,0.18333333333333335,0.18333333462169363,reversible
0.85,0.8,13,0.8336287127872506,0.8336287184569418,5.669691161003243e-09,1.0,1.0,0.0,1,1,0,0.2561269155203816,1.0,0.0,0.6166666666666667,0.3833333333333333,0.3833333347507561,metastable
0.85,0.8,14,0.8672415972847125,0.8672415970775913,2.0712120907262488e-10,2.0,2.0,0.0,2,2,0,0.25025318599816815,0.9999999999999999,1.1102230246251565e-16,0.85,0.15000000000000002,0.15000000005178044,reversible
0.85,0.8,15,0.8484822878143852,0.8484822688745156,1.8939869561585e-08,1.0,1.0,0.0,1,1,0,0.28502069209065406,1.0000000000000002,-2.220446049250313e-16,0.8,0.19999999999999996,0.20000000473496712,reversible
0.85,0.8,16,0.8552401790949689,0.8552401728908523,6.2041165538317955e-09,2.0,2.0,0.0,2,2,0,0.2692276120484055,1.0000000000000002,-2.220446049250313e-16,0.016666666666666666,0.9833333333333333,0.9833333348843623,irreversible
0.85,0.8,17,0.8509695173384947,0.8509696104658897,9.31273950177669e-08,1.0,1.0,0.0,1,1,0,0.279673379802743,1.0,0.0,0.3,0.7,0.7000000232818487,irreversible
0.85,0.8,18,0.8336667777202095,0.8336667797908891,2.0706796277636386e-09,1.0,1.0,0.0,1,1,0,0.27988870702187263,1.0,0.0,0.95,0.050000000000000044,0.05000000051766995,reversible
0.85,0.8,19,0.8589279938868807,0.8589279912879574,2.598923298791078e-09,1.0,1.0,0.0,1,1,0,0.2673808214540693,0.9999999999999999,1.1102230246251565e-16,0.0,1.0,1.000000000649731,irreversible
0.85,0.9,0,0.857826025144549,0.8578262830906207,2.579460717244686e-07,2.0,2.0,0.0,2,2,0,0.34415194568358665,0.999999999999999,9.992007221626409e-16,0.0,1.0,1.0000000644865188,irreversible
0.85,0.9,1,0.8871004361990114,0.8871004376627504,1.4637390188809718e-09,2.0,2.0,0.0,2,2,0,0.36659678277522656,0.9999999999999999,1.1102230246251565e-16,0.9,0.09999999999999998,0.10000000036593484,reversible
0.85,0.9,2,0.8446692229747953,0.844669218324167,4.650628326885453e-09,1.0,1.0,0.0,1,1,0,0.35680389314978145,1.0,0.0,0.0,1.0,1.000000001162657,irreversible
0.85,0.9,3,0.8529648967516408,0.8529649108252967,1.4073655907331784e-08,1.0,1.0,0.0,1,1,0,0.29121320719538846,1.0,0.0,0.16666666666666666,0.8333333333333334,0.8333333368517474,irreversible
0.85,0.9,4,0.8498874304414297,0.849887418825376,1.1616053674501359e-08,1.0,1.0,0.0,1,1,0,0.31465004432663024,1.0,0.0,0.0,1.0,1.0000000029040135,irreversible
0.85,0.9,5,0.8653574130553476,0.8653574116848438,1.3705038215405807e-09,1.0,1.0,0.0,1,1,0,0.32837406531701563,1.0,0.0,0.0,1.0,1.000000000342626,irreversible
0.85,0.9,6,0.8419213140730784,0.8419212933339694,2.0739108985701193e-08,2.0,2.0,0.0,2,2,0,0.3550989395108479,1.0000000000000002,-2.220446049250313e-16,0.0,1.0,1.000000005184777,irreversible
0.85,0.9,7,0.8792822180966346,0.8792822191080553,1.0114206139277826e-09,2.0,2.0,0.0,2,2,0,0.38020617485138786,1.0,0.0,0.016666666666666666,0.9833333333333333,0.9833333335861885,irreversible
0.85,0.9,8,0.8373000369001771,0.8373000142661131,2.2634063956417094e-08,1.0,1.0,0.0,1,1,0,0.3662902551220857,1.0000000000000002,-2.220446049250313e-16,0.1,0.9,0.9000000056585158,irreversible
0.85,0.9,9,0.8520055702920037,0.8520055658320363,4.459967395398223e-09,1.0,1.0,0.0,1,1,0,0.3079858292773926,1.0,0.0,0.9333333333333333,0.06666666666666665,0.0666666677816585,reversible
0.85,0.9,10,0.8654625035615652,0.8654625004435296,3.118035607485581e-09,1.0,1.0,0.0,1,1,0,0.32705085886181484,1.0,0.0,0.8,0.19999999999999996,0.20000000077950886,reversible
0.85,0.9,11,0.8700078038913038,0.870007766326104,3.7565199839662e-08,2.0,2.0,0.0,2,2,0,0.3266558027137042,1.0,0.0,0.016666666666666666,0.9833333333333333,0.9833333427246332,irreversible
0.85,0.9,12,0.8549246355561537,0.8549246304174485,5.138705239104979e-09,1.0,1.0,0.0,1,1,0,0.33102499349652503,1.0,0.0,0.8166666666666667,0.18333333333333335,0.18333333461800966,reversible
0.85,0.9,13,0.8336287127872506,0.8336287185472957,5.760045107550127e-09,1.0,1.0,0.0,1,1,0,0.3119688734471462,1.0,0.0,0.6166666666666667,0.3833333333333333,0.3833333347733446,metastable
0.85,0.9,14,0.8672415972847125,0.8672415970955836,1.891289347355496e-10,2.0,2.0,0.0,2,2,0,0.30556972794593507,0.9999999999999999,1.1102230246251565e-16,0.85,0.15000000000000002,0.15000000004728237,reversible
0.85,0.9,15,0.8484822878143852,0.8484822691094279,1.8704957249759957e-08,1.0,1.0,0.0,1,1,0,0.3447394411660015,0.9999999999999999,1.1102230246251565e-16,0.8666666666666667,0.1333333333333333,0.13333333800957273,reversible
0.85,0.9,16,0.8552401790949689,0.8552401727820282,6.312940614705553e-09,2.0,2.0,0.0,2,2,0,0.32629971891682885,1.0,0.0,0.016666666666666666,0.9833333333333333,0.9833333349115685,irreversible
0.85,0.9,17,0.8509695173384947,0.8509696135162077,9.617771301595468e-08,1.0,1.0,0.0,1,1,0,0.33921402636192133,0.9999999999999999,1.1102230246251565e-16,0.3,0.7,0.7000000240444283,irreversible
0.85,0.9,18,0.8336667777202095,0.8336667798703989,2.1501894709174962e-09,1.0,1.0,0.0,1,1,0,0.3384514978699342,1.0,0.0,0.9666666666666667,0.033333333333333326,0.033333333870880694,reversible
0.85,0.9,19,0.8589279938868807,0.858927991296208,2.5906726763835763e-09,1.0,1.0,0.0,1,1,0,0.32655996458531633,1.0,0.0,0.0,1.0,1.0000000006476681,irreversible
0.85,1.0,0,0.857826025144549,0.8578262828726089,2.577280598936582e-07,2.0,2.0,0.0,2,2,0,0.40760812482259345,0.999999999999999,9.992007221626409e-16,0.0,1.0,1.000000064432016,irreversible
0.85,1.0,1,0.8871004361990114,0.8871004376830907,1.4840793038928268e-09,2.0,2.0,0.0,2,2,0,0.43165828661491445,0.9999999999999999,1.1102230246251565e-16,0.9,0.09999999999999998,0.10000000037101991,reversible
0.85,1.0,2,0.8446692229747953,0.8446692184891073,4.485688043232017e-09,1.0,1.0,0.0,1,1,0,0.4218700240676443,1.0,0.0,0.7833333333333333,0.21666666666666667,0.21666666778808868,reversible
0.85,1.0,3,0.8529648967516408,0.8529649105939513,1.3842310520040257e-08,1.0,1.0,0.0,1,1,0,0.34728706259872266,1.0000000000000002,-2.220446049250313e-16,0.16666666666666666,0.8333333333333334,0.8333333367939108,irreversible
0.85,1.0,4,0.8498874304414297,0.849887418905123,1.1536306687709441e-08,1.0,1.0,0.0,1,1,0,0.3743076784720879,1.0000000000000002,-2.220446049250313e-16,0.0,1.0,1.0000000028840765,irreversible
0.85,1.0,5,0.8653574130553476,0.8653574116554373,1.3999102987938272e-09,1.0,1.0,0.0,1,1,0,0.388729854774285,1.0000000000000002,-2.220446049250313e-16,0.0,1.0,1.0000000003499774,irreversible
0.85,1.0,6,0.8419213140730784,0.8419212936471963,2.0425882096830605e-08,2.0,2.0,0.0,2,2,0,0.41809817499408897,0.9999999999999998,2.220446049250313e-16,0.0,1.0,1.0000000051064708,irreversible
0.85,1.0,7,0.8792822180966346,0.8792822191356356,1.0390009963501257e-09,2.0,2.0,0.0,2,2,0,0.4473999905927053,1.0000000000000002,-2.220446049250313e-16,0.016666666666666666,0.9833333333333333,0.9833333335930833,irreversible
0.85,1.0,8,0.8373000369001771,0.8373000149474361,2.19527409583975e-08,1.0,1.0,0.0,1,1,0,0.4303993070689579,1.0,0.0,0.2,0.8,0.8000000054881853,irreversible
0.85,1.0,9,0.8520055702920037,0.8520055660021204,4.289883337449396e-09,1.0,1.0,0.0,1,1,0,0.36443353351768903,0.9999999999999999,1.1102230246251565e-16,0.9333333333333333,0.06666666666666665,0.0666666677391376,reversible
0.85,1.0,10,0.8654625035615652,0.8654624999262114,3.6353537957722892e-09,1.0,1.0,0.0,1,1,0,0.38708525285072215,0.9999999999999999,1.1102230246251565e-16,0.8,0.19999999999999996,0.20000000090883852,reversible
0.85,1.0,11,0.8700078038913038,0.8700077655784705,3.831283335031799e-08,2.0,2.0,0.0,2,2,0,0.38692027793110395,1.0,0.0,0.016666666666666666,0.9833333333333333,0.9833333429115416,irreversible
0.85,1.0,12,0.8549246355561537,0.8549246304479232,5.108230505257438e-09,1.0,1.0,0.0,1,1,0,0.39105267428874413,0.9999999999999999,1.1102230246251565e-16,0.85,0.15000000000000002,0.15000000127705776,reversible
0.85,1.0,13,0.8336287127872506,0.8336287186585203,5.871269692647729e-09,1.0,1.0,0.0,1,1,0,0.369214738265525,1.0,0.0,0.6166666666666667,0.3833333333333333,0.3833333348011507,metastable
0.85,1.0,14,0.8672415972847125,0.8672415971215166,1.6319590123714534e-10,2.0,2.0,0.0,2,2,0,0.3626454650169587,1.0,0.0,0.85,0.15000000000000002,0.150000000040799,reversible
0.85,1.0,15,0.8484822878143852,0.8484822694292598,1.838512542207127e-08,1.0,1.0,0.0,1,1,0,0.4049453089357601,1.0,0.0,0.9333333333333333,0.06666666666666665,0.06666667126294801,reversible
0.85,1.0,16,0.8552401790949689,0.8552401727044486,6.390520224108798e-09,2.0,2.0,0.0,2,2,0,0.38425889830483717,1.0000000000000002,-2.220446049250313e-16,0.016666666666666666,0.9833333333333333,0.9833333349309631,irreversible
0.85,1.0,17,0.8509695173384947,0.8509696161503582,9.881186346927251e-08,1.0,1.0,0.0,1,1,0,0.39964411495250163,1.0000000000000002,-2.220446049250313e-16,0.3,0.7,0.7000000247029656,irreversible
0.85,1.0,18,0.8336667777202095,0.8336667800868126,2.3666031356839312e-09,1.0,1.0,0.0,1,1,0,0.39756588554744376,1.0,0.0,0.9666666666666667,0.033333333333333326,0.03333333392498411,reversible
0.85,1.0,19,0.8589279938868807,0.8589279913484776,2.5384030433173166e-09,1.0,1.0,0.0,1,1,0,0.3875722560635204,1.0,0.0,0.0,1.0,1.0000000006346008,irreversible
0.9,0.0,0,0.8783607966460604,0.8783608085502413,1.1904180974298129e-08,2.0,2.0,0.0,2,2,0,0.0,1.0000000000000002,-2.220446049250313e-16,0.18333333333333332,0.8166666666666667,0.8166666696427116,irreversible
0.9,0.0,1,0.9023850963365553,0.9023850963268483,9.707012971205131e-12,2.0,2.0,0.0,2,2,0,0.0,1.0,0.0,0.13333333333333333,0.8666666666666667,0.8666666666690934,irreversible
0.9,0.0,2,0.8685533911499959,0.8685533908115393,3.3845659608289225e-10,1.0,1.0,0.0,1,1,0,0.0,1.0,0.0,0.18333333333333332,0.8166666666666667,0.8166666667512807,irreversible
0.9,0.0,3,0.8741655540722043,0.8741655542840162,2.1181190135166617e-10,1.0,1.0,0.0,1,1,0,0.0,0.9999999999999999,1.1102230246251565e-16,0.16666666666666666,0.8333333333333334,0.8333333333862865,irreversible
0.9,0.0,4,0.8719001385323075,0.8719001379950805,5.372270406311941e-10,1.0,1.0,0.0,1,1,0,0.0,1.0000000000000004,-4.440892098500626e-16,0.05,0.95,0.9500000001343063,irreversible
0.9,0.0,5,0.8848454484041925,0.8848454483135203,9.067224748804392e-11,1.0,1.0,0.0,1,1,0,0.0,1.0000000000000002,-2.220446049250313e-16,0.11666666666666667,0.8833333333333333,0.8833333333560012,irreversible
0.9,0.0,6,0.8661930798768555,0.8661930783307968,1.5460586144655508e-09,2.0,2.0,0.0,2,2,0,0.0,0.9999999999999998,2.220446049250313e-16,0.1,0.9,0.900000000386515,irreversible
0.9,0.0,7,0.8963802957437492,0.896380295788397,4.464772995760313e-11,2.0,2.0,0.0,2,2,0,0.0,1.0000000000000002,-2.220446049250313e-16,0.35,0.65,0.6500000000111618,irreversible
0.9,0.0,8,0.8624899977214697,0.8624899968368287,8.846410270990646e-10,2.0,2.0,0.0,2,2,0,0.0,0.9999999999999998,2.220446049250313e-16,0.03333333333333333,0.9666666666666667,0.9666666668878272,irreversible
0.9,0.0,9,0.8740729091253586,0.8740729086295276,4.958310428904156e-10,1.0,1.0,0.0,1,1,0,0.0,1.0,0.0,0.05,0.95,0.9500000001239577,irreversible
0.9,0.0,10,0.8846823542161498,0.8846823541420831,7.406675273102792e-11,1.0,1.0,0.0,1,1,0,0.0,0.9999999999999999,1.1102230246251565e-16,0.18333333333333332,0.8166666666666667,0.8166666666851834,irreversible
0.9,0.0,11,0.8881983174499607,0.8881983169415509,5.084097587371161e-10,2.0,2.0,0.0,2,2,0,0.0,0.9999999999999999,1.1102230246251565e-16,0.11666666666666667,0.8833333333333333,0.8833333334604359,irreversible
0.9,0.0,12,0.8762160709949857,0.8762160704059843,5.890014032061686e-10,1.0,1.0,0.0,1,1,0,0.0,1.0,0.0,0.18333333333333332,0.8166666666666667,0.816666666813917,irreversible
0.9,0.0,13,0.8584233115684792,0.8584233114068499,1.6162926552709678e-10,1.0,1.0,0.0,1,1,0,0.0,1.0000000000000002,-2.220446049250313e-16,0.05,0.95,0.9500000000404071,irreversible
0.9,0.0,14,0.8865697804537295,0.886569780403921,4.980849066527071e-11,2.0,2.0,0.0,2,2,0,0.0,1.0,0.0,0.05,0.95,0.9500000000124521,irreversible
0.9,0.0,15,0.8719688615334141,0.8719688600871489,1.4462652186963965e-09,2.0,2.0,0.0,2,2,0,0.0,1.0,0.0,0.18333333333333332,0.8166666666666667,0.816666667028233,irreversible
0.9,0.0,16,0.8767257356710256,0.8767257352483889,4.226367034121381e-10,2.0,2.0,0.0,2,2,0,0.0,1.0,0.0,0.38333333333333336,0.6166666666666667,0.6166666667723258,irreversible
0.9,0.0,17,0.8725065623514582,0.8725065647252113,2.3737530829848197e-09,1.0,1.0,0.0,1,1,0,0.0,1.0000000000000002,-2.220446049250313e-16,0.1,0.9,0.9000000005934381,irreversible
0.9,0.0,18,0.8584885606308748,0.8584885602030705,4.278042364802559e-10,1.0,1.0,0.0,1,1,0,0.0,0.9999999999999998,2.220446049250313e-16,0.2833333333333333,0.7166666666666667,0.7166666667736179,irreversible
0.9,0.0,19,0.8797010544777799,0.879701054300295,1.7748491565328095e-10,1.0,1.0,0.0,1,1,0,0.0,0.9999999999999999,1.1102230246251565e-16,0.4666666666666667,0.5333333333333333,0.5333333333777046,metastable
0.9,0.1,0,0.8783607966460604,0.8783608087068272,1.206076682969126e-08,2.0,2.0,0.0,2,2,0,0.005082959184978253,1.0,0.0,0.0,1.0,1.0000000030151917,irreversible
0.9,0.1,1,0.9023850963365553,0.9023850963271914,9.363843034293495e-12,2.0,2.0,0.0,2,2,0,0.005567735344719993,1.0000000000000002,-2.220446049250313e-16,0.8,0.19999999999999996,0.2000000000023407,reversible
0.9,0.1,2,0.8685533911499959,0.8685533908149309,3.3506497576496486e-10,1.0,1.0,0.0,1,1,0,0.005307263305182053,0.9999999999999999,1.1102230246251565e-16,0.95,0.050000000000000044,0.0500000000837664,reversible
0.9,0.1,3,0.8741655540722043,0.8741655542853147,2.1311041820126775e-10,1.0,1.0,0.0,1,1,0,0.004175440822384302,1.0,0.0,0.8833333333333333,0.1166666666666667,0.1166666667199443,reversible
0.9,0.1,4,0.8719001385323075,0.8719001379921685,5.401390446024834e-10,1.0,1.0,0.0,1,1,0,0.004554961461759155,1.0000000000000002,-2.220446049250313e-16,0.0,1.0,1.0000000001350347,irreversible
0.9,0.1,5,0.8848454484041925,0.8848454483125543,9.163825254177027e-11,1.0,1.0,0.0,1,1,0,0.004855247808518315,0.9999999999999998,2.220446049250313e-16,0.0,1.0,1.0000000000229097,irreversible
0.9,0.1,6,0.8661930798768555,0.8661930783269606,1.5498948791048406e-09,2.0,2.0,0.0,2,2,0,0.00540133673198373,1.0,0.0,0.0,1.0,1.0000000003874736,irreversible
0.9,0.1,7,0.8963802957437492,0.8963802957876597,4.3910430846949566e-11,2.0,2.0,0.0,2,2,0,0.005785230342152614,1.0,0.0,0.7666666666666667,0.23333333333333328,0.2333333333443109,reversible
0.9,0.1,8,0.8624899977214697,0.8624899968284635,8.930062245227077e-10,2.0,2.0,0.0,2,2,0,0.005601349941135814,1.0,0.0,0.016666666666666666,0.9833333333333333,0.9833333335565848,irreversible
0.9,0.1,9,0.8740729091253586,0.8740729086318161,4.935425401697557e-10,1.0,1.0,0.0,1,1,0,0.0045797356965694425,0.9999999999999999,1.1102230246251565e-16,0.95,0.050000000000000044,0.05000000012338579,reversible
0.9,0.1,10,0.8846823542161498,0.8846823541413613,7.478850871933673e-11,1.0,1.0,0.0,1,1,0,0.004845457257861452,1.0,0.0,0.5833333333333334,0.41666666666666663,0.4166666666853638,metastable
0.9,0.1,11,0.8881983174499607,0.8881983169068882,5.43072475878148e-10,2.0,2.0,0.0,2,2,0,0.004834404950814775,0.9999999999999999,1.1102230246251565e-16,0.1,0.9,0.9000000001357682,irreversible
0.9,0.1,12,0.8762160709949857,0.8762160704066679,5.883177278676044e-10,1.0,1.0,0.0,1,1,0,0.004960474886224864,1.0000000000000002,-2.220446049250313e-16,0.95,0.050000000000000044,0.050000000147079254,reversible
0.9,0.1,13,0.8584233115684792,0.8584233114060658,1.6241341604938953e-10,1.0,1.0,0.0,1,1,0,0.004633053394615061,1.0,0.0,0.016666666666666666,0.9833333333333333,0.9833333333739367,irreversible
0.9,0.1,14,0.8865697804537295,0.8865697804045363,4.919320506502345e-11,2.0,2.0,0.0,2,2,0,0.004485647838096685,0.9999999999999999,1.1102230246251565e-16,0.9166666666666666,0.08333333333333337,0.08333333334563178,reversible
0.9,0.1,15,0.8719688615334141,0.8719688600856158,1.4477983256711013e-09,2.0,2.0,0.0,2,2,0,0.0053028351034647425,0.9999999999999999,1.1102230246251565e-16,0.0,1.0,1.0000000003619496,irreversible
0.9,0.1,16,0.8767257356710256,0.8767257352416044,4.2942127631562244e-10,2.0,2.0,0.0,2,2,0,0.0049821369432875295,1.0,0.0,0.016666666666666666,0.9833333333333333,0.9833333334406886,irreversible
0.9,0.1,17,0.8725065623514582,0.872506564776823,2.4253647978866866e-09,1.0,1.0,0.0,1,1,0,0.0051455148148101815,1.0,0.0,0.6166666666666667,0.3833333333333333,0.3833333339396745,metastable
0.9,0.1,18,0.8584885606308748,0.8584885602024724,4.2840231362362147e-10,1.0,1.0,0.0,1,1,0,0.005223089436370398,1.0,0.0,0.9333333333333333,0.06666666666666665,0.06666666677376723,reversible
0.9,0.1,19,0.8797010544777799,0.879701054299515,1.7826495835038259e-10,1.0,1.0,0.0,1,1,0,0.0047804830987612235,0.9999999999999998,2.220446049250313e-16,0.0,1.0,1.0000000000445666,irreversible
0.9,0.2,0,0.8783607966460604,0.8783608088253074,1.2179247055321696e-08,2.0,2.0,0.0,2,2,0,0.020193045814065447,1.0,0.0,0.0,1.0,1.0000000030448117,irreversible
0.9,0.2,1,0.9023850963365553,0.9023850963274475,9.107825604814934e-12,2.0,2.0,0.0,2,2,0,0.02209382812342442,1.0,0.0,0.7833333333333333,0.21666666666666667,0.21666666666894363,reversible
0.9,0.2,2,0.8685533911499959,0.8685533908164959,3.3350000538945324e-10,1.0,1.0,0.0,1,1,0,0.021078674462537306,1.0,0.0,0.95,0.050000000000000044,0.050000000083375046,reversible
0.9,0.2,3,0.8741655540722043,0.874165554286134,2.1392965177113865e-10,1.0,1.0,0.0,1,1,0,0.01660651766859711,0.9999999999999998,2.220446049250313e-16,0.85,0.15000000000000002,0.15000000005348266,reversible
0.9,0.2,4,0.8719001385323075,0.8719001379882945,5.440130568246104e-10,1.0,1.0,0.0,1,1,0,0.01810989112517447,1.0000000000000002,-2.220446049250313e-16,0.0,1.0,1.000000000136003,irreversible
0.9,0.2,5,0.8848454484041925,0.8848454483111822,9.30103771779045e-11,1.0,1.0,0.0,1,1,0,0.019288153457760138,1.0000000000000002,-2.220446049250313e-16,0.0,1.0,1.0000000000232523,irreversible
0.9,0.2,6,0.8661930798768555,0.8661930783213372,1.5555182697468695e-09,2.0,2.0,0.0,2,2,0,0.0214311705939928,1.0000000000000002,-2.220446049250313e-16,0.0,1.0,1.0000000003888794,irreversible
0.9,0.2,7,0.8963802957437492,0.8963802957866368,4.288758237436241e-11,2.0,2.0,0.0,2,2,0,0.02295582617563563,0.9999999999999999,1.1102230246251565e-16,0.7666666666666667,0.23333333333333328,0.2333333333440553,reversible
0.9,0.2,8,0.8624899977214697,0.8624899968142821,9.071876583277572e-10,2.0,2.0,0.0,2,2,0,0.02222273995200541,1.0,0.0,0.016666666666666666,0.9833333333333333,0.9833333335601302,irreversible
0.9,0.2,9,0.8740729091253586,0.8740729086338888,4.91469864805083e-10,1.0,1.0,0.0,1,1,0,0.018187698023347854,0.9999999999999999,1.1102230246251565e-16,0.95,0.050000000000000044,0.05000000012286762,reversible
0.9,0.2,10,0.8846823542161498,0.8846823541400439,7.610589936035694e-11,1.0,1.0,0.0,1,1,0,0.019247186053557908,1.0,0.0,0.55,0.44999999999999996,0.4500000000190264,metastable
0.9,0.2,11,0.8881983174499607,0.8881983168673194,5.826412685649984e-10,2.0,2.0,0.0,2,2,0,0.019202771093093873,0.9999999999999999,1.1102230246251565e-16,0.13333333333333333,0.8666666666666667,0.8666666668123271,irreversible
0.9,0.2,12,0.8762160709949857,0.8762160704070356,5.879500220018485e-10,1.0,1.0,0.0,1,1,0,0.019693681911027383,1.0,0.0,0.9333333333333333,0.06666666666666665,0.06666666681365416,reversible
0.9,0.2,13,0.8584233115684792,0.8584233114048451,1.6363410626496488e-10,1.0,1.0,0.0,1,1,0,0.018400621743477563,1.0,0.0,0.016666666666666666,0.9833333333333333,0.9833333333742418,irreversible
0.9,0.2,14,0.8865697804537295,0.8865697804049223,4.880718051936128e-11,2.0,2.0,0.0,2,2,0,0.017822918794434872,1.0,0.0,0.9166666666666666,0.08333333333333337,0.08333333334553517,reversible
0.9,0.2,15,0.8719688615334141,0.871968860083961,1.4494531130893051e-09,2.0,2.0,0.0,2,2,0,0.021030983863888464,0.9999999999999999,1.1102230246251565e-16,0.0,1.0,1.0000000003623633,irreversible
0.9,0.2,16,0.8767257356710256,0.8767257352339571,4.370684925092405e-10,2.0,2.0,0.0,2,2,0,0.019762566257660485,0.9999999999999998,2.220446049250313e-16,0.016666666666666666,0.9833333333333333,0.9833333334426007,irreversible
0.9,0.2,17,0.8725065623514582,0.8725065648370185,2.4855603131257453e-09,1.0,1.0,0.0,1,1,0,0.02041849490494585,0.9999999999999997,3.3306690738754696e-16,0.6166666666666667,0.3833333333333333,0.3833333339547237,metastable
0.9,0.2,18,0.8584885606308748,0.8584885602021128,4.2876191486129756e-10,1.0,1.0,0.0,1,1,0,0.020710169321628502,0.9999999999999998,2.220446049250313e-16,0.9333333333333333,0.06666666666666665,0.06666666677385735,reversible
0.9,0.2,19,0.8797010544777799,0.8797010542980043,1.7977563881999004e-10,1.0,1.0,0.0,1,1,0,0.018997841239258295,1.0,0.0,0.0,1.0,1.0000000000449438,irreversible
0.9,0.3,0,0.8783607966460604,0.8783608089015803,1.2255519932224956e-08,2.0,2.0,0.0,2,2,0,0.04491957961568338,1.0,0.0,0.0,1.0,1.00000000306388,irreversible
0.9,0.3,1,0.9023850963365553,0.9023850963276421,8.913203508598144e-12,2.0,2.0,0.0,2,2,0,0.04905571508536821,1.0000000000000002,-2.220446049250313e-16,0.7666666666666667,0.23333333333333328,0.23333333333556136,reversible
0.9,0.3,2,0.8685533911499959,0.8685533908165901,3.3340574745466256e-10,1.0,1.0,0.0,1,1,0,0.04686935264896541,1.0,0.0,0.95,0.050000000000000044,0.05000000008335148,reversible
0.9,0.3,3,0.8741655540722043,0.8741655542866973,2.1449297893383346e-10,1.0,1.0,0.0,1,1,0,0.037010886385621666,1.0,0.0,0.8166666666666667,0.18333333333333335,0.1833333333869566,reversible
0.9,0.3,4,0.8719001385323075,0.8719001379834392,5.488682841559012e-10,1.0,1.0,0.0,1,1,0,0.04033879710526955,1.0,0.0,0.0,1.0,1.0000000001372171,irreversible
0.9,0.3,5,0.8848454484041925,0.8848454483094235,9.476908147121321e-11,1.0,1.0,0.0,1,1,0,0.04290546087307101,1.0,0.0,0.0,1.0,1.0000000000236922,irreversible
0.9,0.3,6,0.8661930798768555,0.8661930783148473,1.5620081894596183e-09,2.0,2.0,0.0,2,2,0,0.04757620097962545,1.0,0.0,0.0,1.0,1.000000000390502,irreversible
0.9,0.3,7,0.8963802957437492,0.8963802957853267,4.1577519205304725e-11,2.0,2.0,0.0,2,2,0,0.05096549380339721,1.0,0.0,0.7833333333333333,0.21666666666666667,0.21666666667706105,reversible
0.9,0.3,8,0.8624899977214697,0.8624899967968962,9.245735288487822e-10,2.0,2.0,0.0,2,2,0,0.04932491169818787,0.9999999999999998,2.220446049250313e-16,0.016666666666666666,0.9833333333333333,0.9833333335644769,irreversible
0.9,0.3,9,0.8740729091253586,0.8740729086360151,4.893435656683209e-10,1.0,1.0,0.0,1,1,0,0.04043632998506097,1.0000000000000002,-2.220446049250313e-16,0.95,0.050000000000000044,0.050000000122335714,reversible
0.9,0.3,10,0.8846823542161498,0.8846823541380495,7.810030400179357e-11,1.0,1.0,0.0,1,1,0,0.04280687287122964,1.0,0.0,0.3333333333333333,0.6666666666666667,0.6666666666861918,irreversible
0.9,0.3,11,0.8881983174499607,0.888198316822403,6.275576724945608e-10,2.0,2.0,0.0,2,2,0,0.04270669406900163,0.9999999999999999,1.1102230246251565e-16,0.11666666666666667,0.8833333333333333,0.8833333334902228,irreversible
0.9,0.3,12,0.8762160709949857,0.8762160704071779,5.878078024323941e-10,1.0,1.0,0.0,1,1,0,0.043762203751507744,1.0,0.0,0.9333333333333333,0.06666666666666665,0.0666666668136186,reversible
0.9,0.3,13,0.8584233115684792,0.8584233114033811,1.6509804634523562e-10,1.0,1.0,0.0,1,1,0,0.04091397074266456,1.0,0.0,0.016666666666666666,0.9833333333333333,0.9833333333746078,irreversible
0.9,0.3,14,0.8865697804537295,0.8865697804051732,4.8556270115795996e-11,2.0,2.0,0.0,2,2,0,0.039658121293117965,1.0000000000000002,-2.220446049250313e-16,0.8833333333333333,0.1166666666666667,0.11666666667880554,reversible
0.9,0.3,15,0.8719688615334141,0.8719688600832033,1.4502108403036118e-09,2.0,2.0,0.0,2,2,0,0.04665332075894657,1.0,0.0,0.0,1.0,1.0000000003625527,irreversible
0.9,0.3,16,0.8767257356710256,0.8767257352256778,4.4534786969308016e-10,2.0,2.0,0.0,2,2,0,0.04385319866641246,0.9999999999999999,1.1102230246251565e-16,0.016666666666666666,0.9833333333333333,0.9833333334446703,irreversible
0.9,0.3,17,0.8725065623514582,0.8725065649093559,2.5578976714513146e-09,1.0,1.0,0.0,1,1,0,0.045336698142943166,1.0,0.0,0.6166666666666667,0.3833333333333333,0.3833333339728077,metastable
0.9,0.3,18,0.8584885606308748,0.858488560202312,4.285627408506798e-10,1.0,1.0,0.0,1,1,0,0.04592561741286416,1.0000000000000002,-2.220446049250313e-16,0.9333333333333333,0.06666666666666665,0.06666666677380712,reversible
0.9,0.3,19,0.8797010544777799,0.8797010542958984,1.8188150985309903e-10,1.0,1.0,0.0,1,1,0,0.04228468101897398,1.0,0.0,0.0,1.0,1.0000000000454703,irreversible
0.9,0.4,0,0.8783607966460604,0.8783608089360154,1.228995505364594e-08,2.0,2.0,0.0,2,2,0,0.078596769228518,1.0,0.0,0.0,1.0,1.0000000030724887,irreversible
0.9,0.4,1,0.9023850963365553,0.9023850963278176,8.737677248404907e-12,2.0,2.0,0.0,2,2,0,0.08561117446767541,1.0000000000000002,-2.220446049250313e-16,0.7166666666666667,0.2833333333333333,0.2833333333355175,metastable
0.9,0.4,2,0.8685533911499959,0.8685533908155574,3.344384769121689e-10,1.0,1.0,0.0,1,1,0,0.08195835964297293,1.0,0.0,0.9,0.09999999999999998,0.1000000000836096,reversible
0.9,0.4,3,0.8741655540722043,0.8741655542869678,2.147635402849346e-10,1.0,1.0,0.0,1,1,0,0.06492912668400885,1.0000000000000002,-2.220446049250313e-16,0.8166666666666667,0.18333333333333335,0.183333333387024,reversible
0.9,0.4,4,0.8719001385323075,0.8719001379776964,5.546111347953797e-10,1.0,1.0,0.0,1,1,0,0.07071109653724983,1.0000000000000002,-2.220446049250313e-16,0.0,1.0,1.0000000001386526,irreversible
0.9,0.4,5,0.8848454484041925,0.8848454483073925,9.680001245016001e-11,1.0,1.0,0.0,1,1,0,0.0750690014097507,0.9999999999999998,2.220446049250313e-16,0.0,1.0,1.0000000000242002,irreversible
0.9,0.4,6,0.8661930798768555,0.8661930783076095,1.5692459554017546e-09,2.0,2.0,0.0,2,2,0,0.08301100111133863,0.9999999999999999,1.1102230246251565e-16,0.0,1.0,1.0000000003923115,irreversible
0.9,0.4,7,0.8963802957437492,0.8963802957837853,4.003608555791516e-11,2.0,2.0,0.0,2,2,0,0.08893318175785403,1.0,0.0,0.7833333333333333,0.21666666666666667,0.2166666666766757,reversible
0.9,0.4,8,0.8624899977214697,0.8624899967805768,9.408929191323523e-10,2.0,2.0,0.0,2,2,0,0.08603765836187849,1.0000000000000002,-2.220446049250313e-16,0.0,1.0,1.000000000235223,irreversible
0.9,0.4,9,0.8740729091253586,0.8740729086377991,4.875595482900508e-10,1.0,1.0,0.0,1,1,0,0.07069990312459717,1.0000000000000002,-2.220446049250313e-16,0.95,0.050000000000000044,0.05000000012188971,reversible
0.9,0.4,10,0.8846823542161498,0.8846823541352979,8.085188074602456e-11,1.0,1.0,0.0,1,1,0,0.07487908239870322,0.9999999999999998,2.220446049250313e-16,0.05,0.95,0.9500000000202131,irreversible
0.9,0.4,11,0.8881983174499607,0.8881983167732478,6.767129079321421e-10,2.0,2.0,0.0,2,2,0,0.07470227106958927,1.0,0.0,0.13333333333333333,0.8666666666666667,0.8666666668358449,irreversible
0.9,0.4,12,0.8762160709949857,0.8762160704072496,5.877360820250033e-10,1.0,1.0,0.0,1,1,0,0.07646068187257193,1.0000000000000004,-4.440892098500626e-16,0.9333333333333333,0.06666666666666665,0.06666666681360023,reversible
0.9,0.4,13,0.8584233115684792,0.8584233114016065,1.6687262682779647e-10,1.0,1.0,0.0,1,1,0,0.071544980527114,1.0,0.0,0.016666666666666666,0.9833333333333333,0.9833333333750515,irreversible
0.9,0.4,14,0.8865697804537295,0.8865697804052423,4.848721424366431e-11,2.0,2.0,0.0,2,2,0,0.0694192131554271,1.0,0.0,0.8166666666666667,0.18333333333333335,0.18333333334545515,reversible
0.9,0.4,15,0.8719688615334141,0.8719688600838259,1.449588227231402e-09,2.0,2.0,0.0,2,2,0,0.08131708391445913,1.0000000000000002,-2.220446049250313e-16,0.0,1.0,1.0000000003623968,irreversible
0.9,0.4,16,0.8767257356710256,0.8767257352171998,4.5382586577602524e-10,2.0,2.0,0.0,2,2,0,0.07647264166529855,1.0000000000000002,-2.220446049250313e-16,0.016666666666666666,0.9833333333333333,0.9833333334467895,irreversible
0.9,0.4,17,0.8725065623514582,0.8725065649950963,2.6436380862193687e-09,1.0,1.0,0.0,1,1,0,0.0791239878765776,0.9999999999999998,2.220446049250313e-16,0.6166666666666667,0.3833333333333333,0.3833333339942431,metastable
0.9,0.4,18,0.8584885606308748,0.8584885602035759,4.272988629594465e-10,1.0,1.0,0.0,1,1,0,0.080012374822243,1.0,0.0,0.9333333333333333,0.06666666666666665,0.06666666677349137,reversible
0.9,0.4,19,0.8797010544777799,0.8797010542935267,1.842531682783033e-10,1.0,1.0,0.0,1,1,0,0.07404470506928251,1.0,0.0,0.0,1.0,1.0000000000460634,irreversible
0.9,0.5,0,0.8783607966460604,0.8783608089336373,1.2287576955927193e-08,2.0,2.0,0.0,2,2,0,0.12033069666070473,0.9999999999999999,1.1102230246251565e-16,0.0,1.0,1.0000000030718943,irreversible
0.9,0.5,1,0.9023850963365553,0.9023850963280242,8.531064743522165e-12,2.0,2.0,0.0,2,2,0,0.13063955510002467,1.0,0.0,0.7166666666666667,0.2833333333333333,0.28333333333546606,metastable
0.9,0.5,2,0.8685533911499959,0.8685533908125641,3.3743174920886077e-10,1.0,1.0,0.0,1,1,0,0.12537838721291605,1.0,0.0,0.13333333333333333,0.8666666666666667,0.8666666667510247,irreversible
0.9,0.5,3,0.8741655540722043,0.8741655542860798,2.1387547288753694e-10,1.0,1.0,0.0,1,1,0,0.09974093526391925,0.9999999999999998,2.220446049250313e-16,0.8,0.19999999999999996,0.20000000005346905,reversible
0.9,0.5,4,0.8719001385323075,0.8719001379713675,5.609400721695579e-10,1.0,1.0,0.0,1,1,0,0.10851013231817641,1.0000000000000002,-2.220446049250313e-16,0.0,1.0,1.0000000001402347,irreversible
0.9,0.5,5,0.8848454484041925,0.8848454483055171,9.867540118335683e-11,1.0,1.0,0.0,1,1,0,0.11492066500086584,1.0,0.0,0.0,1.0,1.000000000024669,irreversible
0.9,0.5,6,0.8661930798768555,0.8661930782997236,1.577131869545667e-09,2.0,2.0,0.0,2,2,0,0.12664078909907894,1.0,0.0,0.0,1.0,1.000000000394283,irreversible
0.9,0.5,7,0.8963802957437492,0.8963802957819281,3.8178904482322196e-11,2.0,2.0,0.0,2,2,0,0.1356854011947447,1.0,0.0,0.7833333333333333,0.21666666666666667,0.2166666666762114,reversible
0.9,0.5,8,0.8624899977214697,0.8624899967691807,9.522890254132221e-10,2.0,2.0,0.0,2,2,0,0.1312008992810456,1.0,0.0,0.0,1.0,1.0000000002380722,irreversible
0.9,0.5,9,0.8740729091253586,0.8740729086390001,4.863585090220113e-10,1.0,1.0,0.0,1,1,0,0.1081434761672907,0.9999999999999998,2.220446049250313e-16,0.95,0.050000000000000044,0.050000000121589894,reversible
0.9,0.5,10,0.8846823542161498,0.8846823541314334,8.471645607244227e-11,1.0,1.0,0.0,1,1,0,0.11459786559889451,1.0,0.0,0.03333333333333333,0.9666666666666667,0.9666666666878458,irreversible
0.9,0.5,11,0.8881983174499607,0.8881983167228964,7.270642976564545e-10,2.0,2.0,0.0,2,2,0,0.11432899370206262,1.0000000000000002,-2.220446049250313e-16,0.13333333333333333,0.8666666666666667,0.8666666668484325,irreversible
0.9,0.5,12,0.8762160709949857,0.8762160704069923,5.879933206998089e-10,1.0,1.0,0.0,1,1,0,0.11684978056724893,0.9999999999999998,2.220446049250313e-16,0.9333333333333333,0.06666666666666665,0.0666666668136652,reversible
0.9,0.5,13,0.8584233115684792,0.8584233114006885,1.67790670246859e-10,1.0,1.0,0.0,1,1,0,0.10945454337863159,0.9999999999999999,1.1102230246251565e-16,0.016666666666666666,0.9833333333333333,0.9833333333752811,irreversible
0.9,0.5,14,0.8865697804537295,0.8865697804052891,4.844036283202513e-11,2.0,2.0,0.0,2,2,0,0.10634090326647128,0.9999999999999999,1.1102230246251565e-16,0.7166666666666667,0.2833333333333333,0.2833333333454435,metastable
0.9,0.5,15,0.8719688615334141,0.8719688600852187,1.4481954524470098e-09,2.0,2.0,0.0,2,2,0,0.1238941505101453,1.0,0.0,0.0,1.0,1.0000000003620488,irreversible
0.9,0.5,16,0.8767257356710256,0.876725735208981,4.6204462478272035e-10,2.0,2.0,0.0,2,2,0,0.11659172823971997,1.0000000000000002,-2.220446049250313e-16,0.016666666666666666,0.9833333333333333,0.9833333334488442,irreversible
0.9,0.5,17,0.8725065623514582,0.8725065650933888,2.7419305714815323e-09,1.0,1.0,0.0,1,1,0,0.1207497832915988,0.9999999999999998,2.220446049250313e-16,0.6166666666666667,0.3833333333333333,0.3833333340188162,metastable
0.9,0.5,18,0.8584885606308748,0.8584885602059609,4.2491388185794676e-10,1.0,1.0,0.0,1,1,0,0.1218425643847636,0.9999999999999998,2.220446049250313e-16,0.95,0.050000000000000044,0.05000000010622874,reversible
0.9,0.5,19,0.8797010544777799,0.8797010542911977,1.8658219413936195e-10,1.0,1.0,0.0,1,1,0,0.11347591667395573,1.0,0.0,0.0,1.0,1.0000000000466456,irreversible
0.9,0.6,0,0.8783607966460604,0.8783608089197289,1.2273668525963899e-08,2.0,2.0,0.0,2,2,0,0.1690351016255489,1.0,0.0,0.0,1.0,1.000000003068417,irreversible
0.9,0.6,1,0.9023850963365553,0.9023850963281878,8.36752889199488e-12,2.0,2.0,0.0,2,2,0,0.18279593430765406,1.0,0.0,0.7333333333333333,0.2666666666666667,0.2666666666687586,metastable
0.9,0.6,2,0.8685533911499959,0.8685533908079319,3.420639327345043e-10,1.0,1.0,0.0,1,1,0,0.1759551704983523,1.0000000000000002,-2.220446049250313e-16,0.0,1.0,1.0000000000855158,irreversible
0.9,0.6,3,0.8741655540722043,0.8741655542832841,2.1107982028922834e-10,1.0,1.0,0.0,1,1,0,0.14068675175838763,1.0,0.0,0.75,0.25,0.25000000005276996,metastable
0.9,0.6,4,0.8719001385323075,0.8719001379646973,5.676101810792034e-10,1.0,1.0,0.0,1,1,0,0.15285794978753298,0.9999999999999999,1.1102230246251565e-16,0.0,1.0,1.0000000001419025,irreversible
0.9,0.6,5,0.8848454484041925,0.8848454483038893,1.0030321018206223e-10,1.0,1.0,0.0,1,1,0,0.16141558093615416,1.0,0.0,0.0,1.0,1.0000000000250757,irreversible
0.9,0.6,6,0.8661930798768555,0.8661930782945192,1.5823362620182024e-09,2.0,2.0,0.0,2,2,0,0.17715685290420558,1.0000000000000002,-2.220446049250313e-16,0.0,1.0,1.0000000003955838,irreversible
0.9,0.6,7,0.8963802957437492,0.8963802957800477,3.629851974551457e-11,2.0,2.0,0.0,2,2,0,0.18981192657850976,1.0,0.0,0.7666666666666667,0.23333333333333328,0.2333333333424079,reversible
0.9,0.6,8,0.8624899977214697,0.8624899967643911,9.570786385637575e-10,2.0,2.0,0.0,2,2,0,0.18341878788838462,1.0,0.0,0.0,1.0,1.0000000002392697,irreversible
0.9,0.6,9,0.8740729091253586,0.8740729086400104,4.853482060696024e-10,1.0,1.0,0.0,1,1,0,0.1517608526678481,1.0,0.0,0.9666666666666667,0.033333333333333326,0.03333333345467038,reversible
0.9,0.6,10,0.8846823542161498,0.8846823541263698,8.978007226545515e-11,1.0,1.0,0.0,1,1,0,0.16091203107090957,1.0,0.0,0.06666666666666667,0.9333333333333333,0.9333333333557784,irreversible
0.9,0.6,11,0.8881983174499607,0.8881983166728284,7.771322474425801e-10,2.0,2.0,0.0,2,2,0,0.1605477573456059,0.9999999999999998,2.220446049250313e-16,0.13333333333333333,0.8666666666666667,0.86666666686095,irreversible
0.9,0.6,12,0.8762160709949857,0.8762160704063879,5.885977261144149e-10,1.0,1.0,0.0,1,1,0,0.16380075062216648,1.0000000000000002,-2.220446049250313e-16,0.9166666666666666,0.08333333333333337,0.08333333348048258,reversible
0.9,0.6,13,0.8584233115684792,0.8584233114012138,1.6726542373390885e-10,1.0,1.0,0.0,1,1,0,0.15362989293676166,1.0000000000000002,-2.220446049250313e-16,0.016666666666666666,0.9833333333333333,0.9833333333751494,irreversible
0.9,0.6,14,0.8865697804537295,0.8865697804053703,4.835920552892503e-11,2.0,2.0,0.0,2,2,0,0.14949773844743786,1.0000000000000002,-2.220446049250313e-16,0.55,0.44999999999999996,0.4500000000120895,metastable
0.9,0.6,15,0.8719688615334141,0.8719688600891434,1.4442707030326574e-09,2.0,2.0,0.0,2,2,0,0.17304121991015198,1.0,0.0,0.0,1.0,1.0000000003610676,irreversible
0.9,0.6,16,0.8767257356710256,0.8767257352012272,4.697984223867024e-10,2.0,2.0,0.0,2,2,0,0.16299225377376192,1.0000000000000002,-2.220446049250313e-16,0.016666666666666666,0.9833333333333333,0.9833333334507827,irreversible
0.9,0.6,17,0.8725065623514582,0.8725065652032548,2.851796576663901e-09,1.0,1.0,0.0,1,1,0,0.16898054287260322,0.9999999999999999,1.1102230246251565e-16,0.6166666666666667,0.3833333333333333,0.38333333404628256,metastable
0.9,0.6,18,0.8584885606308748,0.8584885602089528,4.2192194182888443e-10,1.0,1.0,0.0,1,1,0,0.17008288002199068,1.0,0.0,0.95,0.050000000000000044,0.05000000010548053,reversible
0.9,0.6,19,0.8797010544777799,0.8797010542889748,1.8880508267926643e-10,1.0,1.0,0.0,1,1,0,0.15960148961079312,0.9999999999999998,2.220446049250313e-16,0.0,1.0,1.0000000000472016,irreversible
0.9,0.7,0,0.8783607966460604,0.8783608088922868,1.2246226477330424e-08,2.0,2.0,0.0,2,2,0,0.22347411786755633,1.0,0.0,0.0,1.0,1.0000000030615566,irreversible
0.9,0.7,1,0.9023850963365553,0.902385096328376,8.179235067018453e-12,2.0,2.0,0.0,2,2,0,0.24057493509390515,1.0000000000000002,-2.220446049250313e-16,0.7166666666666667,0.2833333333333333,0.2833333333353779,metastable
0.9,0.7,2,0.8685533911499959,0.868553390802781,3.472148124572527e-10,1.0,1.0,0.0,1,1,0,0.23235462764065717,1.0000000000000002,-2.220446049250313e-16,0.0,1.0,1.0000000000868035,irreversible
0.9,0.7,3,0.8741655540722043,0.8741655542785899,2.0638557529650825e-10,1.0,1.0,0.0,1,1,0,0.18689383951303928,1.0,0.0,0.5333333333333333,0.4666666666666667,0.46666666671826307,metastable
0.9,0.7,4,0.8719001385323075,0.8719001379579574,5.743501230170978e-10,1.0,1.0,0.0,1,1,0,0.20274525621965345,0.9999999999999997,3.3306690738754696e-16,0.0,1.0,1.000000000143588,irreversible
0.9,0.7,5,0.8848454484041925,0.8848454483024414,1.0175116305077836e-10,1.0,1.0,0.0,1,1,0,0.21336185078483927,1.0000000000000002,-2.220446049250313e-16,0.0,1.0,1.0000000000254377,irreversible
0.9,0.7,6,0.8661930798768555,0.8661930782933499,1.5835055489077376e-09,2.0,2.0,0.0,2,2,0,0.23310068001676498,0.9999999999999998,2.220446049250313e-16,0.0,1.0,1.0000000003958767,irreversible
0.9,0.7,7,0.8963802957437492,0.8963802957787981,3.504885270899649e-11,2.0,2.0,0.0,2,2,0,0.2497316123459521,1.0,0.0,0.7666666666666667,0.23333333333333328,0.2333333333420955,reversible
0.9,0.7,8,0.8624899977214697,0.8624899967700446,9.514251608777613e-10,2.0,2.0,0.0,2,2,0,0.2411237405712664,1.0,0.0,0.16666666666666666,0.8333333333333334,0.8333333335711897,irreversible
0.9,0.7,9,0.8740729091253586,0.8740729086408917,4.844669110326549e-10,1.0,1.0,0.0,1,1,0,0.200419174545991,1.0,0.0,0.9666666666666667,0.033333333333333326,0.033333333454450054,reversible
0.9,0.7,10,0.8846823542161498,0.884682354120653,9.5496832663855e-11,1.0,1.0,0.0,1,1,0,0.21262724847223147,0.9999999999999999,1.1102230246251565e-16,0.06666666666666667,0.9333333333333333,0.9333333333572077,irreversible
0.9,0.7,11,0.8881983174499607,0.888198316628968,8.209927182534216e-10,2.0,2.0,0.0,2,2,0,0.21218574341148344,0.9999999999999999,1.1102230246251565e-16,0.15,0.85,0.8500000002052482,irreversible
0.9,0.7,12,0.8762160709949857,0.8762160704062214,5.887642595681086e-10,1.0,1.0,0.0,1,1,0,0.21604782622402663,0.9999999999999999,1.1102230246251565e-16,0.9,0.09999999999999998,0.10000000014719115,reversible
0.9,0.7,13,0.8584233115684792,0.8584233114035363,1.6494283716639302e-10,1.0,1.0,0.0,1,1,0,0.20292863866700206,1.0,0.0,0.016666666666666666,0.9833333333333333,0.983333333374569,irreversible
0.9,0.7,14,0.8865697804537295,0.8865697804055999,4.812961140743255e-11,2.0,2.0,0.0,2,2,0,0.19784328393886808,1.0,0.0,0.4666666666666667,0.5333333333333333,0.5333333333453657,metastable
0.9,0.7,15,0.8719688615334141,0.8719688600933374,1.4400767245348334e-09,2.0,2.0,0.0,2,2,0,0.2272697277063237,1.0000000000000002,-2.220446049250313e-16,0.6,0.4,0.400000000360019,metastable
0.9,0.7,16,0.8767257356710256,0.8767257351953313,4.756943727812768e-10,2.0,2.0,0.0,2,2,0,0.21433439168764057,1.0000000000000002,-2.220446049250313e-16,0.016666666666666666,0.9833333333333333,0.9833333334522567,irreversible
0.9,0.7,17,0.8725065623514582,0.8725065653220446,2.970586443495904e-09,1.0,1.0,0.0,1,1,0,0.22243987785149633,1.0000000000000002,-2.220446049250313e-16,0.6166666666666667,0.3833333333333333,0.3833333340759797,metastable
0.9,0.7,18,0.8584885606308748,0.858488560212325,4.18549750413888e-10,1.0,1.0,0.0,1,1,0,0.22326977168864792,1.0000000000000002,-2.220446049250313e-16,0.95,0.050000000000000044,0.05000000010463726,reversible
0.9,0.7,19,0.8797010544777799,0.8797010542877776,1.900023471890222e-10,1.0,1.0,0.0,1,1,0,0.21130679791920737,1.0,0.0,0.0,1.0,1.0000000000475007,irreversible
0.9,0.8,0,0.8783607966460604,0.8783608088602389,1.221417855745699e-08,2.0,2.0,0.0,2,2,0,0.28230978332219914,1.0,0.0,0.0,1.0,1.0000000030535445,irreversible
0.9,0.8,1,0.9023850963365553,0.9023850963285838,7.971512339111086e-12,2.0,2.0,0.0,2,2,0,0.3023803935167242,1.0000000000000002,-2.220446049250313e-16,0.7,0.30000000000000004,0.3000000000019927,metastable
0.9,0.8,2,0.8685533911499959,0.8685533907991552,3.50840689833376e-10,1.0,1.0,0.0,1,1,0,0.29313535743470653,1.0,0.0,0.0,1.0,1.0000000000877103,irreversible
0.9,0.8,3,0.8741655540722043,0.8741655542725293,2.0032497882738198e-10,1.0,1.0,0.0,1,1,0,0.23740565444346806,1.0000000000000002,-2.220446049250313e-16,0.21666666666666667,0.7833333333333333,0.7833333333834144,irreversible
0.9,0.8,4,0.8719001385323075,0.8719001379525748,5.797327062850854e-10,1.0,1.0,0.0,1,1,0,0.25706527333908047,0.9999999999999999,1.1102230246251565e-16,0.0,1.0,1.0000000001449332,irreversible
0.9,0.8,5,0.8848454484041925,0.8848454483008132,1.0337930511639115e-10,1.0,1.0,0.0,1,1,0,0.26946486824883553,1.0,0.0,0.0,1.0,1.0000000000258449,irreversible
0.9,0.8,6,0.8661930798768555,0.8661930782954175,1.5814379805689782e-09,2.0,2.0,0.0,2,2,0,0.2929323807861649,1.0,0.0,0.0,1.0,1.0000000003953595,irreversible
0.9,0.8,7,0.8963802957437492,0.8963802957788307,3.508149326592047e-11,2.0,2.0,0.0,2,2,0,0.3137645108385745,0.9999999999999999,1.1102230246251565e-16,0.7333333333333333,0.2666666666666667,0.2666666666754372,metastable
0.9,0.8,8,0.8624899977214697,0.8624899967879929,9.334768513724612e-10,2.0,2.0,0.0,2,2,0,0.30264676987830474,1.0000000000000002,-2.220446049250313e-16,0.5333333333333333,0.4666666666666667,0.46666666690003566,metastable
0.9,0.8,9,0.8740729091253586,0.8740729086432508,4.821077981276289e-10,1.0,1.0,0.0,1,1,0,0.2529074120190332,1.0000000000000002,-2.220446049250313e-16,0.95,0.050000000000000044,0.05000000012052677,reversible
0.9,0.8,10,0.8846823542161498,0.8846823541132168,1.0293299546049184e-10,1.0,1.0,0.0,1,1,0,0.26845283135329534,0.9999999999999999,1.1102230246251565e-16,0.06666666666666667,0.9333333333333333,0.9333333333590668,irreversible
0.9,0.8,11,0.8881983174499607,0.888198316592499,8.574616572332161e-10,2.0,2.0,0.0,2,2,0,0.2679855568226027,1.0,0.0,0.15,0.85,0.8500000002143654,irreversible
0.9,0.8,12,0.8762160709949857,0.8762160704056223,5.893633359121964e-10,1.0,1.0,0.0,1,1,0,0.27224519597628294,1.0000000000000002,-2.220446049250313e-16,0.8333333333333334,0.16666666666666663,0.16666666681400724,reversible
0.9,0.8,13,0.8584233115684792,0.8584233114080724,1.6040679895468202e-10,1.0,1.0,0.0,1,1,0,0.2561269155203816,0.9999999999999998,2.220446049250313e-16,0.016666666666666666,0.9833333333333333,0.9833333333734352,irreversible
0.9,0.8,14,0.8865697804537295,0.8865697804057342,4.7995274421452905e-11,2.0,2.0,0.0,2,2,0,0.25025318599816815,1.0,0.0,0.36666666666666664,0.6333333333333333,0.6333333333453322,irreversible
0.9,0.8,15,0.8719688615334141,0.8719688600998949,1.4335191922398849e-09,2.0,2.0,0.0,2,2,0,0.28502069209065395,1.0000000000000002,-2.220446049250313e-16,0.9166666666666666,0.08333333333333337,0.08333333369171295,reversible
0.9,0.8,16,0.8767257356710256,0.8767257351917721,4.792535257536201e-10,2.0,2.0,0.0,2,2,0,0.2692276120484055,0.9999999999999998,2.220446049250313e-16,0.016666666666666666,0.9833333333333333,0.9833333334531469,irreversible
0.9,0.8,17,0.8725065623514582,0.8725065654388774,3.087419209180098e-09,1.0,1.0,0.0,1,1,0,0.279673379802743,1.0,0.0,0.6166666666666667,0.3833333333333333,0.3833333341051881,metastable
0.9,0.8,18,0.8584885606308748,0.8584885602175187,4.1335601608238903e-10,1.0,1.0,0.0,1,1,0,0.27988870702187263,0.9999999999999999,1.1102230246251565e-16,0.95,0.050000000000000044,0.05000000010333916,reversible
0.9,0.8,19,0.8797010544777799,0.8797010542863937,1.9138624018921746e-10,1.0,1.0,0.0,1,1,0,0.2673808214540693,0.9999999999999999,1.1102230246251565e-16,0.0,1.0,1.0000000000478466,irreversible
0.9,0.9,0,0.8783607966460604,0.8783608088279455,1.218188516727281e-08,2.0,2.0,0.0,2,2,0,0.34415194568358665,0.9999999999999998,2.220446049250313e-16,0.0,1.0,1.0000000030454714,irreversible
0.9,0.9,1,0.9023850963365553,0.902385096328846,7.709277660694625e-12,2.0,2.0,0.0,2,2,0,0.36659678277522656,1.0,0.0,0.6833333333333333,0.31666666666666665,0.316666666668594,metastable
0.9,0.9,2,0.8685533911499959,0.8685533907987751,3.512207191747052e-10,1.0,1.0,0.0,1,1,0,0.35680389314978145,1.0,0.0,0.0,1.0,1.000000000087805,irreversible
0.9,0.9,3,0.8741655540722043,0.87416555426581,1.936056870377456e-10,1.0,1.0,0.0,1,1,0,0.29121320719538846,1.0,0.0,0.06666666666666667,0.9333333333333333,0.9333333333817347,irreversible
0.9,0.9,4,0.8719001385323075,0.8719001379502525,5.820550708079963e-10,1.0,1.0,0.0,1,1,0,0.31465004432663024,1.0000000000000002,-2.220446049250313e-16,0.0,1.0,1.0000000001455136,irreversible
0.9,0.9,5,0.8848454484041925,0.8848454482988506,1.053419573793235e-10,1.0,1.0,0.0,1,1,0,0.32837406531701563,1.0,0.0,0.0,1.0,1.0000000000263354,irreversible
0.9,0.9,6,0.8661930798768555,0.8661930782962448,1.5806106423710276e-09,2.0,2.0,0.0,2,2,0,0.3550989395108479,0.9999999999999998,2.220446049250313e-16,0.0,1.0,1.0000000003951528,irreversible
0.9,0.9,7,0.8963802957437492,0.8963802957801105,3.636124734640589e-11,2.0,2.0,0.0,2,2,0,0.38020617485138786,1.0000000000000002,-2.220446049250313e-16,0.6166666666666667,0.3833333333333333,0.38333333334242337,metastable
0.9,0.9,8,0.8624899977214697,0.8624899968135563,9.079134111189546e-10,2.0,2.0,0.0,2,2,0,0.3662902551220858,0.9999999999999999,1.1102230246251565e-16,0.7,0.30000000000000004,0.3000000002269785,metastable
0.9,0.9,9,0.8740729091253586,0.8740729086482564,4.77102246598804e-10,1.0,1.0,0.0,1,1,0,0.3079858292773926,1.0,0.0,0.9666666666666667,0.033333333333333326,0.03333333345260889,reversible
0.9,0.9,10,0.8846823542161498,0.884682354103548,1.1260181675964986e-10,1.0,1.0,0.0,1,1,0,0.32705085886181484,1.0,0.0,0.06666666666666667,0.9333333333333333,0.9333333333614838,irreversible
0.9,0.9,11,0.8881983174499607,0.8881983165650286,8.849321275761213e-10,2.0,2.0,0.0,2,2,0,0.3266558027137042,0.9999999999999999,1.1102230246251565e-16,0.15,0.85,0.8500000002212331,irreversible
0.9,0.9,12,0.8762160709949857,0.8762160704053628,5.896229060553537e-10,1.0,1.0,0.0,1,1,0,0.33102499349652525,0.9999999999999999,1.1102230246251565e-16,0.7,0.30000000000000004,0.3000000001474059,metastable
0.9,0.9,13,0.8584233115684792,0.8584233114138915,1.5458767599341172e-10,1.0,1.0,0.0,1,1,0,0.3119688734471462,0.9999999999999999,1.1102230246251565e-16,0.016666666666666666,0.9833333333333333,0.9833333333719803,irreversible
0.9,0.9,14,0.8865697804537295,0.8865697804060746,4.765488004210283e-11,2.0,2.0,0.0,2,2,0,0.3055697279459352,1.0000000000000002,-2.220446049250313e-16,0.45,0.55,0.5500000000119135,metastable
0.9,0.9,15,0.8719688615334141,0.8719688601129569,1.420457196310565e-09,2.0,2.0,0.0,2,2,0,0.3447394411660015,0.9999999999999999,1.1102230246251565e-16,0.9833333333333333,0.01666666666666672,0.01666666702178113,reversible
0.9,0.9,16,0.8767257356710256,0.8767257351897797,4.812459319936124e-10,2.0,2.0,0.0,2,2,0,0.32629971891682885,1.0000000000000002,-2.220446049250313e-16,0.1,0.9,0.9000000001203112,irreversible
0.9,0.9,17,0.8725065623514582,0.8725065655465517,3.195093523089554e-09,1.0,1.0,0.0,1,1,0,0.33921402636192144,1.0,0.0,0.6166666666666667,0.3833333333333333,0.3833333341321067,metastable
0.9,0.9,18,0.8584885606308748,0.8584885602255917,4.052830293588272e-10,1.0,1.0,0.0,1,1,0,0.3384514978699342,1.0000000000000002,-2.220446049250313e-16,0.95,0.050000000000000044,0.05000000010132058,reversible
0.9,0.9,19,0.8797010544777799,0.8797010542859425,1.9183743482642512e-10,1.0,1.0,0.0,1,1,0,0.32655996458531633,1.0,0.0,0.0,1.0,1.0000000000479594,irreversible
0.9,1.0,0,0.8783607966460604,0.8783608088119406,1.2165880192149814e-08,2.0,2.0,0.0,2,2,0,0.40760812482259345,1.0,0.0,0.0,1.0,1.00000000304147,irreversible
0.9,1.0,1,0.9023850963365553,0.9023850963293086,7.246647726333322e-12,2.0,2.0,0.0,2,2,0,0.43165828661491445,1.0000000000000002,-2.220446049250313e-16,0.65,0.35,0.3500000000018114,metastable
0.9,1.0,2,0.8685533911499959,0.8685533908057677,3.442282014987086e-10,1.0,1.0,0.0,1,1,0,0.4218700240676443,0.9999999999999999,1.1102230246251565e-16,0.0,1.0,1.000000000086057,irreversible
0.9,1.0,3,0.8741655540722043,0.8741655542596568,1.874524979683656e-10,1.0,1.0,0.0,1,1,0,0.34728706259872266,0.9999999999999998,2.220446049250313e-16,0.08333333333333333,0.9166666666666666,0.9166666667135299,irreversible
0.9,1.0,4,0.8719001385323075,0.8719001379514454,5.808621361680366e-10,1.0,1.0,0.0,1,1,0,0.3743076784720879,1.0,0.0,0.0,1.0,1.0000000001452156,irreversible
0.9,1.0,5,0.8848454484041925,0.8848454482965618,1.0763079316689073e-10,1.0,1.0,0.0,1,1,0,0.388729854774285,1.0000000000000002,-2.220446049250313e-16,0.0,1.0,1.0000000000269074,irreversible
0.9,1.0,6,0.8661930798768555,0.8661930782969184,1.5799370700619875e-09,2.0,2.0,0.0,2,2,0,0.41809817499408897,1.0000000000000002,-2.220446049250313e-16,0.0,1.0,1.000000000394984,irreversible
0.9,1.0,7,0.8963802957437492,0.896380295782414,3.8664738077898164e-11,2.0,2.0,0.0,2,2,0,0.4473999905927053,1.0,0.0,0.016666666666666666,0.9833333333333333,0.9833333333429994,irreversible
0.9,1.0,8,0.8624899977214697,0.8624899968424813,8.78988437591488e-10,2.0,2.0,0.0,2,2,0,0.4303993070689579,1.0,0.0,0.7833333333333333,0.21666666666666667,0.21666666688641378,reversible
0.9,1.0,9,0.8740729091253586,0.8740729086558546,4.695039912405718e-10,1.0,1.0,0.0,1,1,0,0.36443353351768903,0.9999999999999998,2.220446049250313e-16,0.9333333333333333,0.06666666666666665,0.06666666678404287,reversible
0.9,1.0,10,0.8846823542161498,0.8846823540923345,1.2381529135296887e-10,1.0,1.0,0.0,1,1,0,0.38708525285072204,1.0,0.0,0.06666666666666667,0.9333333333333333,0.9333333333642871,irreversible
0.9,1.0,11,0.8881983174499607,0.8881983165441346,9.058260808103569e-10,2.0,2.0,0.0,2,2,0,0.38692027793110395,1.0,0.0,0.15,0.85,0.8500000002264565,irreversible
0.9,1.0,12,0.8762160709949857,0.8762160704059013,5.890843368661081e-10,1.0,1.0,0.0,1,1,0,0.39105267428874413,0.9999999999999999,1.1102230246251565e-16,0.7,0.30000000000000004,0.30000000014727124,metastable
0.9,1.0,13,0.8584233115684792,0.858423311420145,1.483341227626056e-10,1.0,1.0,0.0,1,1,0,0.369214738265525,1.0,0.0,0.13333333333333333,0.8666666666666667,0.8666666667037503,irreversible
0.9,1.0,14,0.8865697804537295,0.8865697804071212,4.6608272796788697e-11,2.0,2.0,0.0,2,2,0,0.3626454650169587,0.9999999999999999,1.1102230246251565e-16,0.7666666666666667,0.23333333333333328,0.23333333334498546,reversible
0.9,1.0,15,0.8719688615334141,0.8719688601320916,1.4013225024811504e-09,2.0,2.0,0.0,2,2,0,0.4049453089357601,0.9999999999999998,2.220446049250313e-16,0.9833333333333333,0.01666666666666672,0.016666667016997566,reversible
0.9,1.0,16,0.8767257356710256,0.8767257351887885,4.822371391099978e-10,2.0,2.0,0.0,2,2,0,0.38425889830483717,1.0,0.0,0.5666666666666667,0.43333333333333335,0.43333333345389263,metastable
0.9,1.0,17,0.8725065623514582,0.8725065656445645,3.2931063431718144e-09,1.0,1.0,0.0,1,1,0,0.39964411495250163,1.0000000000000002,-2.220446049250313e-16,0.6166666666666667,0.3833333333333333,0.38333333415660964,metastable
0.9,1.0,18,0.8584885606308748,0.8584885602374335,3.934412795558728e-10,1.0,1.0,0.0,1,1,0,0.3975658855474439,0.9999999999999999,1.1102230246251565e-16,0.95,0.050000000000000044,0.050000000098360475,reversible
0.9,1.0,19,0.8797010544777799,0.8797010542882227,1.8955725877844998e-10,1.0,1.0,0.0,1,1,0,0.3875722560635204,1.0,0.0,0.0,1.0,1.0000000000473892,irreversible
0.95,0.0,0,0.8942603743434223,0.8942603747958201,4.523977858994499e-10,2.0,2.0,0.0,2,2,0,0.0,1.0,0.0,0.1,0.9,0.9000000001130994,irreversible
0.95,0.0,1,0.9145300007186636,0.9145300007129655,5.6981086515861534e-12,2.0,2.0,0.0,2,2,0,0.0,1.0,0.0,0.08333333333333333,0.9166666666666666,0.9166666666680912,irreversible
0.95,0.0,2,0.8866529007465086,0.8866529007169726,2.953604028022028e-11,1.0,1.0,0.0,1,1,0,0.0,1.0,0.0,0.13333333333333333,0.8666666666666667,0.8666666666740507,irreversible
0.95,0.0,3,0.8906574927699167,0.8906574927553644,1.455224829527424e-11,1.0,1.0,0.0,1,1,0,0.0,1.0000000000000002,-2.220446049250313e-16,0.18333333333333332,0.8166666666666667,0.8166666666703045,irreversible
0.95,0.0,4,0.8889018139382955,0.8889018138930099,4.5285553085250285e-11,1.0,1.0,0.0,1,1,0,0.0,1.0000000000000002,-2.220446049250313e-16,0.1,0.9,0.9000000000113212,irreversible
0.95,0.0,5,0.899974551967495,0.8999745519596303,7.864708884142146e-12,1.0,1.0,0.0,1,1,0,0.0,0.9999999999999999,1.1102230246251565e-16,0.08333333333333333,0.9166666666666666,0.916666666668633,irreversible
0.95,0.0,6,0.8845644955189934,0.8845644953767361,1.422573170373198e-10,2.0,2.0,0.0,2,2,0,0.0,0.9999999999999998,2.220446049250313e-16,0.06666666666666667,0.9333333333333333,0.9333333333688979,irreversible
0.95,0.0,7,0.9097375616342833,0.9097375616363779,2.0945467582578203e-12,2.0,2.0,0.0,2,2,0,0.0,0.9999999999999998,2.220446049250313e-16,0.18333333333333332,0.8166666666666667,0.8166666666671905,irreversible
0.95,0.0,8,0.8815030387772809,0.8815030387287548,4.852607204952619e-11,2.0,2.0,0.0,2,2,0,0.0,1.0,0.0,0.05,0.95,0.9500000000121315,irreversible
0.95,0.0,9,0.8910060801836249,0.8910060801322237,5.140121661639796e-11,1.0,1.0,0.0,1,1,0,0.0,1.0,0.0,0.13333333333333333,0.8666666666666667,0.866666666679517,irreversible
0.95,0.0,10,0.8996630767712178,0.8996630767652151,6.002753849543296e-12,1.0,1.0,0.0,1,1,0,0.0,1.0,0.0,0.21666666666666667,0.7833333333333333,0.783333333334834,irreversible
0.95,0.0,11,0.9024773654883217,0.9024773654757914,1.2530310122826904e-11,2.0,2.0,0.0,2,2,0,0.0,1.0,0.0,0.1,0.9,0.9000000000031326,irreversible
0.95,0.0,12,0.8926803062469956,0.8926803061782104,6.878519975828112e-11,1.0,1.0,0.0,1,1,0,0.0,0.9999999999999998,2.220446049250313e-16,0.05,0.95,0.9500000000171964,irreversible
0.95,0.0,13,0.8775276355287381,0.8775276355031167,2.5621393895391975e-11,1.0,1.0,0.0,1,1,0,0.0,1.0,0.0,0.21666666666666667,0.7833333333333333,0.7833333333397386,irreversible
0.95,0.0,14,0.9015256637366778,0.9015256637308922,5.785594225926616e-12,2.0,2.0,0.0,2,2,0,0.0,1.0000000000000002,-2.220446049250313e-16,0.11666666666666667,0.8833333333333333,0.8833333333347795,irreversible
0.95,0.0,15,0.8896747343174526,0.8896747341882413,1.2921130831955452e-10,2.0,2.0,0.0,2,2,0,0.0,0.9999999999999998,2.220446049250313e-16,0.13333333333333333,0.8666666666666667,0.8666666666989697,irreversible
0.95,0.0,16,0.8932457901942753,0.8932457901526759,4.159939059888984e-11,2.0,2.0,0.0,2,2,0,0.0,1.0000000000000002,-2.220446049250313e-16,0.6166666666666667,0.3833333333333333,0.38333333334373293,metastable
0.95,0.0,17,0.8892571215118678,0.8892571215869429,7.507516830429495e-11,1.0,1.0,0.0,1,1,0,0.0,0.9999999999999999,1.1102230246251565e-16,0.05,0.95,0.9500000000187688,irreversible
0.95,0.0,18,0.877571297204746,0.8775712971486237,5.6122329006313976e-11,1.0,1.0,0.0,1,1,0,0.0,1.0000000000000002,-2.220446049250313e-16,0.15,0.85,0.8500000000140303,irreversible
0.95,0.0,19,0.8956997007780162,0.8956997007623445,1.5671686171003785e-11,1.0,1.0,0.0,1,1,0,0.0,0.9999999999999999,1.1102230246251565e-16,0.45,0.55,0.550000000003918,metastable
0.95,0.1,0,0.8942603743434223,0.8942603747995191,4.56096826972896e-10,2.0,2.0,0.0,2,2,0,0.005082959184978253,1.0,0.0,0.0,1.0,1.0000000001140241,irreversible
0.95,0.1,1,0.9145300007186636,0.9145300007129904,5.67323965583455e-12,2.0,2.0,0.0,2,2,0,0.005567735344719993,1.0,0.0,0.75,0.25,0.2500000000014183,metastable
0.95,0.1,2,0.8866529007465086,0.8866529007172255,2.9283131475210666e-11,1.0,1.0,0.0,1,1,0,0.005307263305182275,1.0000000000000002,-2.220446049250313e-16,0.95,0.050000000000000044,0.050000000007320605,reversible
0.95,0.1,3,0.8906574927699167,0.8906574927554372,1.4479528687161292e-11,1.0,1.0,0.0,1,1,0,0.004175440822384302,0.9999999999999999,1.1102230246251565e-16,0.9,0.09999999999999998,0.10000000000361997,reversible
0.95,0.1,4,0.8889018139382955,0.8889018138929582,4.533728947819782e-11,1.0,1.0,0.0,1,1,0,0.004554961461759155,0.9999999999999996,4.440892098500626e-16,0.05,0.95,0.9500000000113347,irreversible
0.95,0.1,5,0.899974551967495,0.8999745519595469,7.948086633291496e-12,1.0,1.0,0.0,1,1,0,0.004855247808518315,1.0000000000000002,-2.220446049250313e-16,0.0,1.0,1.0000000000019869,irreversible
0.95,0.1,6,0.8845644955189934,0.884564495376406,1.4258738634254087e-10,2.0,2.0,0.0,2,2,0,0.00540133673198373,0.9999999999999998,2.220446049250313e-16,0.0,1.0,1.000000000035647,irreversible
0.95,0.1,7,0.9097375616342833,0.9097375616363317,2.048361480433414e-12,2.0,2.0,0.0,2,2,0,0.005785230342152614,1.0000000000000004,-4.440892098500626e-16,0.6833333333333333,0.31666666666666665,0.3166666666671783,metastable
0.95,0.1,8,0.8815030387772809,0.8815030387286144,4.8666515262141274e-11,2.0,2.0,0.0,2,2,0,0.005601349941135814,1.0000000000000002,-2.220446049250313e-16,0.06666666666666667,0.9333333333333333,0.9333333333454997,irreversible
0.95,0.1,9,0.8910060801836249,0.8910060801324013,5.1223580932457935e-11,1.0,1.0,0.0,1,1,0,0.0045797356965694425,1.0,0.0,0.95,0.050000000000000044,0.05000000001280594,reversible
0.95,0.1,10,0.8996630767712178,0.8996630767652268,5.99098548548227e-12,1.0,1.0,0.0,1,1,0,0.004845457257861452,1.0000000000000002,-2.220446049250313e-16,0.7166666666666667,0.2833333333333333,0.28333333333483085,metastable
0.95,0.1,11,0.9024773654883217,0.9024773654750498,1.3271939103276509e-11,2.0,2.0,0.0,2,2,0,0.004834404950814775,0.9999999999999999,1.1102230246251565e-16,0.0,1.0,1.000000000003318,irreversible
0.95,0.1,12,0.8926803062469956,0.892680306178303,6.869260715802739e-11,1.0,1.0,0.0,1,1,0,0.004960474886224864,1.0,0.0,0.9333333333333333,0.06666666666666665,0.0666666666838398,reversible
0.95,0.1,13,0.8775276355287381,0.8775276355029578,2.5780377832518298e-11,1.0,1.0,0.0,1,1,0,0.004633053394615061,1.0,0.0,0.0,1.0,1.000000000006445,irreversible
0.95,0.1,14,0.9015256637366778,0.9015256637309388,5.738964858892359e-12,2.0,2.0,0.0,2,2,0,0.004485647838096685,1.0,0.0,0.8833333333333333,0.1166666666666667,0.11666666666810144,reversible
0.95,0.1,15,0.8896747343174526,0.8896747341880846,1.2936796078832913e-10,2.0,2.0,0.0,2,2,0,0.0053028351034647425,1.0000000000000002,-2.220446049250313e-16,0.0,1.0,1.0000000000323417,irreversible
0.95,0.1,16,0.8932457901942753,0.8932457901524367,4.183864366069656e-11,2.0,2.0,0.0,2,2,0,0.0049821369432875295,1.0,0.0,0.0,1.0,1.0000000000104596,irreversible
0.95,0.1,17,0.8892571215118678,0.8892571215881138,7.624600950606464e-11,1.0,1.0,0.0,1,1,0,0.0051455148148101815,0.9999999999999997,3.3306690738754696e-16,0.7,0.30000000000000004,0.3000000000190619,metastable
0.95,0.1,18,0.877571297204746,0.877571297148749,5.5996984826833796e-11,1.0,1.0,0.0,1,1,0,0.005223089436370398,0.9999999999999998,2.220446049250313e-16,0.9333333333333333,0.06666666666666665,0.06666666668066612,reversible
0.95,0.1,19,0.8956997007780162,0.8956997007622848,1.5731416169728618e-11,1.0,1.0,0.0,1,1,0,0.0047804830987612235,1.0,0.0,0.0,1.0,1.0000000000039329,irreversible
0.95,0.2,0,0.8942603743434223,0.8942603748022062,4.5878389975939626e-10,2.0,2.0,0.0,2,2,0,0.020193045814065447,1.0000000000000002,-2.220446049250313e-16,0.0,1.0,1.0000000001146958,irreversible
0.95,0.2,1,0.9145300007186636,0.9145300007130084,5.655254042835622e-12,2.0,2.0,0.0,2,2,0,0.02209382812342442,1.0,0.0,0.7333333333333333,0.2666666666666667,0.26666666666808053,metastable
0.95,0.2,2,0.8866529007465086,0.8866529007173425,2.9166113968415175e-11,1.0,1.0,0.0,1,1,0,0.021078674462537306,1.0,0.0,0.95,0.050000000000000044,0.05000000000729157,reversible
0.95,0.2,3,0.8906574927699167,0.8906574927554927,1.4424017535930034e-11,1.0,1.0,0.0,1,1,0,0.01660651766859711,1.0,0.0,0.9,0.09999999999999998,0.10000000000360598,reversible
0.95,0.2,4,0.8889018139382955,0.8889018138928569,4.543854181804363e-11,1.0,1.0,0.0,1,1,0,0.01810989112517447,1.0,0.0,0.0,1.0,1.0000000000113596,irreversible
0.95,0.2,5,0.899974551967495,0.899974551959428,8.06699151922885e-12,1.0,1.0,0.0,1,1,0,0.019288153457760138,1.0000000000000002,-2.220446049250313e-16,0.0,1.0,1.0000000000020166,irreversible
0.95,0.2,6,0.8845644955189934,0.8845644953759675,1.430259244372678e-10,2.0,2.0,0.0,2,2,0,0.0214311705939928,1.0000000000000002,-2.220446049250313e-16,0.0,1.0,1.0000000000357563,irreversible
0.95,0.2,7,0.9097375616342833,0.9097375616362685,1.9851897903322424e-12,2.0,2.0,0.0,2,2,0,0.02295582617563563,1.0000000000000002,-2.220446049250313e-16,0.6833333333333333,0.31666666666666665,0.3166666666671627,metastable
0.95,0.2,8,0.8815030387772809,0.8815030387282635,4.9017345737922824e-11,2.0,2.0,0.0,2,2,0,0.02222273995200541,1.0000000000000002,-2.220446049250313e-16,0.0,1.0,1.0000000000122542,irreversible
0.95,0.2,9,0.8910060801836249,0.8910060801325594,5.106548517375131e-11,1.0,1.0,0.0,1,1,0,0.018187698023347854,1.0000000000000002,-2.220446049250313e-16,0.95,0.050000000000000044,0.050000000012766194,reversible
0.95,0.2,10,0.8996630767712178,0.8996630767652105,6.0073057639442595e-12,1.0,1.0,0.0,1,1,0,0.019247186053557908,1.0,0.0,0.6333333333333333,0.3666666666666667,0.3666666666681685,metastable
0.95,0.2,11,0.9024773654883217,0.9024773654741992,1.4122480962441841e-11,2.0,2.0,0.0,2,2,0,0.019202771093093873,1.0,0.0,0.0,1.0,1.0000000000035305,irreversible
0.95,0.2,12,0.8926803062469956,0.8926803061783672,6.862832524490159e-11,1.0,1.0,0.0,1,1,0,0.019693681911027383,1.0000000000000002,-2.220446049250313e-16,0.9166666666666666,0.08333333333333337,0.08333333335049023,reversible
0.95,0.2,13,0.8775276355287381,0.8775276355027478,2.5990321006474915e-11,1.0,1.0,0.0,1,1,0,0.018400621743477563,0.9999999999999999,1.1102230246251565e-16,0.0,1.0,1.0000000000064975,irreversible
0.95,0.2,14,0.9015256637366778,0.9015256637309645,5.7132076847210556e-12,2.0,2.0,0.0,2,2,0,0.017822918794434872,0.9999999999999999,1.1102230246251565e-16,0.8666666666666667,0.1333333333333333,0.13333333333476172,reversible
0.95,0.2,15,0.8896747343174526,0.8896747341879084,1.2954415318233714e-10,2.0,2.0,0.0,2,2,0,0.021030983863888464,1.0000000000000002,-2.220446049250313e-16,0.0,1.0,1.0000000000323859,irreversible
0.95,0.2,16,0.8932457901942753,0.8932457901521718,4.2103542874372124e-11,2.0,2.0,0.0,2,2,0,0.019762566257660485,1.0,0.0,0.0,1.0,1.0000000000105258,irreversible
0.95,0.2,17,0.8892571215118678,0.8892571215894841,7.761635778535947e-11,1.0,1.0,0.0,1,1,0,0.02041849490494585,0.9999999999999999,1.1102230246251565e-16,0.7,0.30000000000000004,0.30000000001940424,metastable
0.95,0.2,18,0.877571297204746,0.8775712971488583,5.588773888121068e-11,1.0,1.0,0.0,1,1,0,0.020710169321628502,0.9999999999999998,2.220446049250313e-16,0.9166666666666666,0.08333333333333337,0.08333333334730553,reversible
0.95,0.2,19,0.8956997007780162,0.8956997007621688,1.5847434475801947e-11,1.0,1.0,0.0,1,1,0,0.018997841239258295,1.0000000000000002,-2.220446049250313e-16,0.0,1.0,1.0000000000039617,irreversible
0.95,0.3,0,0.8942603743434223,0.8942603748037886,4.603663006363945e-10,2.0,2.0,0.0,2,2,0,0.04491957961568338,1.0,0.0,0.016666666666666666,0.9833333333333333,0.9833333334484249,irreversible
0.95,0.3,1,0.9145300007186636,0.9145300007130218,5.641820344237658e-12,2.0,2.0,0.0,2,2,0,0.04905571508536821,0.9999999999999999,1.1102230246251565e-16,0.7,0.30000000000000004,0.3000000000014106,metastable
0.95,0.3,2,0.8866529007465086,0.8866529007173467,2.91618951209216e-11,1.0,1.0,0.0,1,1,0,0.04686935264896541,1.0000000000000002,-2.220446049250313e-16,0.9666666666666667,0.033333333333333326,0.03333333334062358,reversible
0.95,0.3,3,0.8906574927699167,0.8906574927555512,1.4365508782532288e-11,1.0,1.0,0.0,1,1,0,0.037010886385621666,0.9999999999999999,1.1102230246251565e-16,0.9,0.09999999999999998,0.10000000000359147,reversible
0.95,0.3,4,0.8889018139382955,0.888901813892712,4.558353694505968e-11,1.0,1.0,0.0,1,1,0,0.04033879710526955,1.0,0.0,0.0,1.0,1.0000000000113958,irreversible
0.95,0.3,5,0.899974551967495,0.8999745519592737,8.221312519651747e-12,1.0,1.0,0.0,1,1,0,0.04290546087307101,1.0,0.0,0.0,1.0,1.0000000000020552,irreversible
0.95,0.3,6,0.8845644955189934,0.8845644953754813,1.4351209109975116e-10,2.0,2.0,0.0,2,2,0,0.04757620097962545,1.0000000000000002,-2.220446049250313e-16,0.0,1.0,1.0000000000358777,irreversible
0.95,0.3,7,0.9097375616342833,0.9097375616361904,1.9070300893986314e-12,2.0,2.0,0.0,2,2,0,0.05096549380339721,0.9999999999999999,1.1102230246251565e-16,0.6833333333333333,0.31666666666666665,0.3166666666671435,metastable
0.95,0.3,8,0.8815030387772809,0.8815030387277666,4.9514281563745044e-11,2.0,2.0,0.0,2,2,0,0.04932491169818787,1.0,0.0,0.0,1.0,1.0000000000123785,irreversible
0.95,0.3,9,0.8910060801836249,0.8910060801327185,5.090639021432253e-11,1.0,1.0,0.0,1,1,0,0.04043632998506097,1.0,0.0,0.95,0.050000000000000044,0.05000000001272664,reversible
0.95,0.3,10,0.8996630767712178,0.8996630767651674,6.050382417299716e-12,1.0,1.0,0.0,1,1,0,0.04280687287122964,1.0,0.0,0.11666666666666667,0.8833333333333333,0.8833333333348459,irreversible
0.95,0.3,11,0.9024773654883217,0.9024773654732265,1.509514735431594e-11,2.0,2.0,0.0,2,2,0,0.04270669406900163,1.0000000000000002,-2.220446049250313e-16,0.05,0.95,0.9500000000037735,irreversible
0.95,0.3,12,0.8926803062469956,0.89268030617841,6.858558165845352e-11,1.0,1.0,0.0,1,1,0,0.043762203751507744,0.9999999999999999,1.1102230246251565e-16,0.9166666666666666,0.08333333333333337,0.08333333335047988,reversible
0.95,0.3,13,0.8775276355287381,0.8775276355025046,2.6233570871170286e-11,1.0,1.0,0.0,1,1,0,0.04091397074266456,0.9999999999999999,1.1102230246251565e-16,0.0,1.0,1.0000000000065583,irreversible
0.95,0.3,14,0.9015256637366778,0.9015256637309753,5.7024385213821915e-12,2.0,2.0,0.0,2,2,0,0.039658121293117965,0.9999999999999998,2.220446049250313e-16,0.8333333333333334,0.16666666666666663,0.16666666666809246,reversible
0.95,0.3,15,0.8896747343174526,0.8896747341877805,1.2967205087477396e-10,2.0,2.0,0.0,2,2,0,0.04665332075894657,1.0000000000000002,-2.220446049250313e-16,0.0,1.0,1.0000000000324178,irreversible
0.95,0.3,16,0.8932457901942753,0.8932457901519076,4.236766493193045e-11,2.0,2.0,0.0,2,2,0,0.04385319866641246,1.0000000000000004,-4.440892098500626e-16,0.0,1.0,1.0000000000105915,irreversible
0.95,0.3,17,0.8892571215118678,0.8892571215911603,7.929257250793853e-11,1.0,1.0,0.0,1,1,0,0.045336698142943166,1.0,0.0,0.7,0.30000000000000004,0.3000000000198232,metastable
0.95,0.3,18,0.877571297204746,0.8775712971489826,5.576339390245266e-11,1.0,1.0,0.0,1,1,0,0.04592561741286427,0.9999999999999999,1.1102230246251565e-16,0.9166666666666666,0.08333333333333337,0.08333333334727433,reversible
0.95,0.3,19,0.8956997007780162,0.8956997007620063,1.6009860104304607e-11,1.0,1.0,0.0,1,1,0,0.04228468101897398,1.0000000000000002,-2.220446049250313e-16,0.0,1.0,1.0000000000040021,irreversible
0.95,0.4,0,0.8942603743434223,0.8942603748043009,4.6087855753995655e-10,2.0,2.0,0.0,2,2,0,0.078596769228518,0.9999999999999998,2.220446049250313e-16,0.016666666666666666,0.9833333333333333,0.9833333334485531,irreversible
0.95,0.4,1,0.9145300007186636,0.9145300007130341,5.629496868664319e-12,2.0,2.0,0.0,2,2,0,0.08561117446767541,1.0,0.0,0.6833333333333333,0.31666666666666665,0.316666666668074,metastable
0.95,0.4,2,0.8866529007465086,0.8866529007172594,2.9249158650657137e-11,1.0,1.0,0.0,1,1,0,0.08195835964297293,1.0,0.0,0.9166666666666666,0.08333333333333337,0.08333333334064566,reversible
0.95,0.4,3,0.8906574927699167,0.8906574927556185,1.4298229267240004e-11,1.0,1.0,0.0,1,1,0,0.06492912668400885,0.9999999999999998,2.220446049250313e-16,0.9166666666666666,0.08333333333333337,0.08333333333690815,reversible
0.95,0.4,4,0.8889018139382955,0.8889018138925345,4.576095058439478e-11,1.0,1.0,0.0,1,1,0,0.07071109653724983,1.0000000000000004,-4.440892098500626e-16,0.0,1.0,1.0000000000114397,irreversible
0.95,0.4,5,0.899974551967495,0.8999745519590914,8.403611140295197e-12,1.0,1.0,0.0,1,1,0,0.0750690014097507,1.0,0.0,0.0,1.0,1.000000000002101,irreversible
0.95,0.4,6,0.8845644955189934,0.884564495374941,1.4405243664583622e-10,2.0,2.0,0.0,2,2,0,0.08301100111133863,1.0000000000000002,-2.220446049250313e-16,0.0,1.0,1.000000000036013,irreversible
0.95,0.4,7,0.9097375616342833,0.9097375616361049,1.8215429165024943e-12,2.0,2.0,0.0,2,2,0,0.08893318175785414,1.0000000000000002,-2.220446049250313e-16,0.6833333333333333,0.31666666666666665,0.31666666666712184,metastable
0.95,0.4,8,0.8815030387772809,0.8815030387272496,5.003131242631298e-11,2.0,2.0,0.0,2,2,0,0.08603765836187849,1.0,0.0,0.0,1.0,1.0000000000125078,irreversible
0.95,0.4,9,0.8910060801836249,0.8910060801328484,5.0776494120441384e-11,1.0,1.0,0.0,1,1,0,0.07069990312459717,1.0,0.0,0.95,0.050000000000000044,0.05000000001269417,reversible
0.95,0.4,10,0.8996630767712178,0.899663076765101,6.1167737541723e-12,1.0,1.0,0.0,1,1,0,0.07487908239870322,0.9999999999999998,2.220446049250313e-16,0.03333333333333333,0.9666666666666667,0.9666666666681961,irreversible
0.95,0.4,11,0.9024773654883217,0.9024773654721421,1.6179613204769794e-11,2.0,2.0,0.0,2,2,0,0.07470227106958927,1.0,0.0,0.21666666666666667,0.7833333333333333,0.7833333333373782,irreversible
0.95,0.4,12,0.8926803062469956,0.8926803061784415,6.855405132455417e-11,1.0,1.0,0.0,1,1,0,0.07646068187257193,0.9999999999999998,2.220446049250313e-16,0.8833333333333333,0.1166666666666667,0.11666666668380543,reversible
0.95,0.4,13,0.8775276355287381,0.8775276355022409,2.649724883951876e-11,1.0,1.0,0.0,1,1,0,0.071544980527114,0.9999999999999999,1.1102230246251565e-16,0.0,1.0,1.0000000000066243,irreversible
0.95,0.4,14,0.9015256637366778,0.9015256637309654,5.7123195063013554e-12,2.0,2.0,0.0,2,2,0,0.0694192131554272,1.0,0.0,0.6666666666666666,0.33333333333333337,0.33333333333476145,metastable
0.95,0.4,15,0.8896747343174526,0.8896747341877324,1.297202345540427e-10,2.0,2.0,0.0,2,2,0,0.08131708391445913,1.0000000000000002,-2.220446049250313e-16,0.0,1.0,1.0000000000324298,irreversible
0.95,0.4,16,0.8932457901942753,0.8932457901516693,4.260602981531747e-11,2.0,2.0,0.0,2,2,0,0.07647264166529855,0.9999999999999998,2.220446049250313e-16,0.0,1.0,1.0000000000106517,irreversible
0.95,0.4,17,0.8892571215118678,0.8892571215931933,8.132550188832965e-11,1.0,1.0,0.0,1,1,0,0.0791239878765776,1.0000000000000002,-2.220446049250313e-16,0.7,0.30000000000000004,0.3000000000203312,metastable
0.95,0.4,18,0.877571297204746,0.8775712971491756,5.557043714077281e-11,1.0,1.0,0.0,1,1,0,0.080012374822243,1.0,0.0,0.9166666666666666,0.08333333333333337,0.08333333334722598,reversible
0.95,0.4,19,0.8956997007780162,0.8956997007618213,1.619493428250962e-11,1.0,1.0,0.0,1,1,0,0.07404470506928251,1.0,0.0,0.0,1.0,1.0000000000040488,irreversible
0.95,0.5,0,0.8942603743434223,0.8942603748038573,4.604350234416188e-10,2.0,2.0,0.0,2,2,0,0.12033069666070473,1.0000000000000002,-2.220446049250313e-16,0.016666666666666666,0.9833333333333333,0.9833333334484418,irreversible
0.95,0.5,1,0.9145300007186636,0.9145300007130492,5.614397835529417e-12,2.0,2.0,0.0,2,2,0,0.13063955510002478,1.0,0.0,0.6833333333333333,0.31666666666666665,0.31666666666807025,metastable
0.95,0.5,2,0.8866529007465086,0.8866529007170186,2.948996602469833e-11,1.0,1.0,0.0,1,1,0,0.12537838721291605,0.9999999999999999,1.1102230246251565e-16,0.15,0.85,0.8500000000073726,irreversible
0.95,0.5,3,0.8906574927699167,0.8906574927556423,1.4274359472210563e-11,1.0,1.0,0.0,1,1,0,0.09974093526391925,1.0000000000000002,-2.220446049250313e-16,0.9166666666666666,0.08333333333333337,0.08333333333690174,reversible
0.95,0.5,4,0.8889018139382955,0.8889018138923345,4.596101277343223e-11,1.0,1.0,0.0,1,1,0,0.10851013231817641,1.0,0.0,0.0,1.0,1.0000000000114904,irreversible
0.95,0.5,5,0.899974551967495,0.8999745519589178,8.57713899904411e-12,1.0,1.0,0.0,1,1,0,0.11492066500086584,0.9999999999999999,1.1102230246251565e-16,0.0,1.0,1.0000000000021443,irreversible
0.95,0.5,6,0.8845644955189934,0.8845644953743241,1.4466927655831796e-10,2.0,2.0,0.0,2,2,0,0.12664078909907894,0.9999999999999999,1.1102230246251565e-16,0.0,1.0,1.0000000000361673,irreversible
0.95,0.5,7,0.9097375616342833,0.9097375616360026,1.7192913759345174e-12,2.0,2.0,0.0,2,2,0,0.1356854011947447,1.0000000000000002,-2.220446049250313e-16,0.6833333333333333,0.31666666666666665,0.31666666666709625,metastable
0.95,0.5,8,0.8815030387772809,0.881503038726879,5.0401904871932857e-11,2.0,2.0,0.0,2,2,0,0.1312008992810456,1.0000000000000002,-2.220446049250313e-16,0.0,1.0,1.0000000000126001,irreversible
0.95,0.5,9,0.8910060801836249,0.8910060801329273,5.0697668285693e-11,1.0,1.0,0.0,1,1,0,0.1081434761672907,1.0,0.0,0.95,0.050000000000000044,0.05000000001267446,reversible
0.95,0.5,10,0.8996630767712178,0.8996630767649975,6.220357562369827e-12,1.0,1.0,0.0,1,1,0,0.11459786559889451,1.0,0.0,0.016666666666666666,0.9833333333333333,0.9833333333348884,irreversible
0.95,0.5,11,0.9024773654883217,0.9024773654710019,1.731981225105983e-11,2.0,2.0,0.0,2,2,0,0.11432899370206262,0.9999999999999999,1.1102230246251565e-16,0.38333333333333336,0.6166666666666667,0.6166666666709968,irreversible
0.95,0.5,12,0.8926803062469956,0.8926803061784382,6.855738199362804e-11,1.0,1.0,0.0,1,1,0,0.11684978056724893,1.0000000000000002,-2.220446049250313e-16,0.8666666666666667,0.1333333333333333,0.13333333335047243,reversible
0.95,0.5,13,0.8775276355287381,0.8775276355020519,2.6686208798309963e-11,1.0,1.0,0.0,1,1,0,0.10945454337863159,1.0,0.0,0.0,1.0,1.0000000000066716,irreversible
0.95,0.5,14,0.9015256637366778,0.9015256637309467,5.7310822754175206e-12,2.0,2.0,0.0,2,2,0,0.10634090326647128,1.0,0.0,0.35,0.65,0.6500000000014328,irreversible
0.95,0.5,15,0.8896747343174526,0.8896747341877312,1.2972134477706732e-10,2.0,2.0,0.0,2,2,0,0.1238941505101453,1.0000000000000002,-2.220446049250313e-16,0.0,1.0,1.00000000003243,irreversible
0.95,0.5,16,0.8932457901942753,0.8932457901514755,4.279976373311456e-11,2.0,2.0,0.0,2,2,0,0.11659172823971997,1.0,0.0,0.0,1.0,1.0000000000106999,irreversible
0.95,0.5,17,0.8892571215118678,0.8892571215955989,8.373113313808744e-11,1.0,1.0,0.0,1,1,0,0.1207497832915988,0.9999999999999999,1.1102230246251565e-16,0.7,0.30000000000000004,0.30000000002093297,metastable
0.95,0.5,18,0.877571297204746,0.8775712971494644,5.528166813206781e-11,1.0,1.0,0.0,1,1,0,0.12184256438476349,1.0,0.0,0.9166666666666666,0.08333333333333337,0.08333333334715379,reversible
0.95,0.5,19,0.8956997007780162,0.8956997007616341,1.6382117884461422e-11,1.0,1.0,0.0,1,1,0,0.11347591667395573,0.9999999999999998,2.220446049250313e-16,0.0,1.0,1.0000000000040958,irreversible
0.95,0.6,0,0.8942603743434223,0.8942603748030931,4.5967074591146684e-10,2.0,2.0,0.0,2,2,0,0.1690351016255488,1.0,0.0,0.016666666666666666,0.9833333333333333,0.983333333448251,irreversible
0.95,0.6,1,0.9145300007186636,0.9145300007130585,5.605182984425028e-12,2.0,2.0,0.0,2,2,0,0.18279593430765406,1.0000000000000002,-2.220446049250313e-16,0.6833333333333333,0.31666666666666665,0.31666666666806775,metastable
0.95,0.6,2,0.8866529007465086,0.8866529007166356,2.987299296819401e-11,1.0,1.0,0.0,1,1,0,0.1759551704983523,1.0,0.0,0.0,1.0,1.0000000000074682,irreversible
0.95,0.6,3,0.8906574927699167,0.8906574927555788,1.4337864229219122e-11,1.0,1.0,0.0,1,1,0,0.14068675175838763,0.9999999999999999,1.1102230246251565e-16,0.9,0.09999999999999998,0.10000000000358455,reversible
0.95,0.6,4,0.8889018139382955,0.8889018138920907,4.6204817749639915e-11,1.0,1.0,0.0,1,1,0,0.15285794978753298,1.0,0.0,0.0,1.0,1.0000000000115512,irreversible
0.95,0.6,5,0.899974551967495,0.8999745519587624,8.732570222491631e-12,1.0,1.0,0.0,1,1,0,0.16141558093615416,0.9999999999999998,2.220446049250313e-16,0.0,1.0,1.0000000000021834,irreversible
0.95,0.6,6,0.8845644955189934,0.8845644953738308,1.4516265967046138e-10,2.0,2.0,0.0,2,2,0,0.17715685290420558,0.9999999999999999,1.1102230246251565e-16,0.0,1.0,1.0000000000362907,irreversible
0.95,0.6,7,0.9097375616342833,0.9097375616359014,1.6180390360887031e-12,2.0,2.0,0.0,2,2,0,0.18981192657850976,0.9999999999999999,1.1102230246251565e-16,0.6833333333333333,0.31666666666666665,0.3166666666670713,metastable
0.95,0.6,8,0.8815030387772809,0.8815030387267953,5.0485615687989593e-11,2.0,2.0,0.0,2,2,0,0.18341878788838462,1.0,0.0,0.0,1.0,1.0000000000126215,irreversible
0.95,0.6,9,0.8910060801836249,0.8910060801329843,5.0640602822227265e-11,1.0,1.0,0.0,1,1,0,0.1517608526678481,1.0,0.0,0.9333333333333333,0.06666666666666665,0.0666666666793268,reversible
0.95,0.6,10,0.8996630767712178,0.8996630767648579,6.359912596565209e-12,1.0,1.0,0.0,1,1,0,0.16091203107090946,0.9999999999999999,1.1102230246251565e-16,0.016666666666666666,0.9833333333333333,0.9833333333349233,irreversible
0.95,0.6,11,0.9024773654883217,0.9024773654698166,1.8505086352149647e-11,2.0,2.0,0.0,2,2,0,0.1605477573456059,1.0000000000000002,-2.220446049250313e-16,0.43333333333333335,0.5666666666666667,0.5666666666712927,metastable
0.95,0.6,12,0.8926803062469956,0.8926803061783951,6.86004586469835e-11,1.0,1.0,0.0,1,1,0,0.16380075062216648,0.9999999999999998,2.220446049250313e-16,0.8166666666666667,0.18333333333333335,0.18333333335048368,reversible
0.95,0.6,13,0.8775276355287381,0.877527635501956,2.6782132067637576e-11,1.0,1.0,0.0,1,1,0,0.15362989293676166,1.0,0.0,0.0,1.0,1.0000000000066955,irreversible
0.95,0.6,14,0.9015256637366778,0.9015256637309241,5.753619802817411e-12,2.0,2.0,0.0,2,2,0,0.14949773844743808,1.0000000000000002,-2.220446049250313e-16,0.05,0.95,0.9500000000014381,irreversible
0.95,0.6,15,0.8896747343174526,0.8896747341879564,1.2949619154767333e-10,2.0,2.0,0.0,2,2,0,0.17304121991015198,0.9999999999999999,1.1102230246251565e-16,0.0,1.0,1.000000000032374,irreversible
0.95,0.6,16,0.8932457901942753,0.8932457901513071,4.2968184565950196e-11,2.0,2.0,0.0,2,2,0,0.16299225377376192,1.0000000000000002,-2.220446049250313e-16,0.0,1.0,1.0000000000107419,irreversible
0.95,0.6,17,0.8892571215118678,0.8892571215984253,8.655753891417817e-11,1.0,1.0,0.0,1,1,0,0.16898054287260322,0.9999999999999996,4.440892098500626e-16,0.7,0.30000000000000004,0.30000000002163985,metastable
0.95,0.6,18,0.877571297204746,0.8775712971498184,5.4927618009514845e-11,1.0,1.0,0.0,1,1,0,0.17008288002199046,1.0,0.0,0.9333333333333333,0.06666666666666665,0.06666666668039856,reversible
0.95,0.6,19,0.8956997007780162,0.8956997007614422,1.657396442311665e-11,1.0,1.0,0.0,1,1,0,0.15960148961079312,1.0,0.0,0.0,1.0,1.0000000000041436,irreversible
0.95,0.7,0,0.8942603743434223,0.8942603748019858,4.5856352048900817e-10,2.0,2.0,0.0,2,2,0,0.22347411786755633,1.0,0.0,0.0,1.0,1.000000000114641,irreversible
0.95,0.7,1,0.9145300007186636,0.9145300007130654,5.598188579369889e-12,2.0,2.0,0.0,2,2,0,0.24057493509390515,1.0000000000000002,-2.220446049250313e-16,0.6333333333333333,0.3666666666666667,0.366666666668066,metastable
0.95,0.7,2,0.8866529007465086,0.8866529007161871,3.0321523070142575e-11,1.0,1.0,0.0,1,1,0,0.23235462764065706,1.0,0.0,0.0,1.0,1.0000000000075804,irreversible
0.95,0.7,3,0.8906574927699167,0.8906574927554345,1.4482193222420392e-11,1.0,1.0,0.0,1,1,0,0.1868938395130394,0.9999999999999998,2.220446049250313e-16,0.9,0.09999999999999998,0.10000000000362075,reversible
0.95,0.7,4,0.8889018139382955,0.8889018138918018,4.649369778064738e-11,1.0,1.0,0.0,1,1,0,0.20274525621965345,1.0000000000000002,-2.220446049250313e-16,0.0,1.0,1.0000000000116231,irreversible
0.95,0.7,5,0.899974551967495,0.8999745519586237,8.871237078267313e-12,1.0,1.0,0.0,1,1,0,0.21336185078483927,0.9999999999999998,2.220446049250313e-16,0.0,1.0,1.000000000002218,irreversible
0.95,0.7,6,0.8845644955189934,0.8845644953735109,1.454825149238559e-10,2.0,2.0,0.0,2,2,0,0.23310068001676498,1.0,0.0,0.0,1.0,1.0000000000363707,irreversible
0.95,0.7,7,0.9097375616342833,0.9097375616358437,1.5604184611106575e-12,2.0,2.0,0.0,2,2,0,0.2497316123459521,1.0,0.0,0.6666666666666666,0.33333333333333337,0.3333333333337235,metastable
0.95,0.7,8,0.8815030387772809,0.8815030387273101,4.997080527147091e-11,2.0,2.0,0.0,2,2,0,0.2411237405712664,1.0000000000000002,-2.220446049250313e-16,0.5666666666666667,0.43333333333333335,0.4333333333458258,metastable
0.95,0.7,9,0.8910060801836249,0.8910060801330189,5.060607488616142e-11,1.0,1.0,0.0,1,1,0,0.200419174545991,1.0000000000000002,-2.220446049250313e-16,0.9333333333333333,0.06666666666666665,0.06666666667931795,reversible
0.95,0.7,10,0.8996630767712178,0.8996630767647373,6.480482817039501e-12,1.0,1.0,0.0,1,1,0,0.21262724847223147,0.9999999999999998,2.220446049250313e-16,0.016666666666666666,0.9833333333333333,0.9833333333349537,irreversible
0.95,0.7,11,0.9024773654883217,0.9024773654687236,1.9598100919893113e-11,2.0,2.0,0.0,2,2,0,0.21218574341148344,0.9999999999999999,1.1102230246251565e-16,0.45,0.55,0.5500000000048997,metastable
0.95,0.7,12,0.8926803062469956,0.8926803061783825,6.861311518946422e-11,1.0,1.0,0.0,1,1,0,0.21604782622402674,1.0,0.0,0.7666666666666667,0.23333333333333328,0.23333333335048656,reversible
0.95,0.7,13,0.8775276355287381,0.8775276355019574,2.6780688777705564e-11,1.0,1.0,0.0,1,1,0,0.20292863866700206,1.0,0.0,0.0,1.0,1.000000000006695,irreversible
0.95,0.7,14,0.9015256637366778,0.9015256637309085,5.769273947464626e-12,2.0,2.0,0.0,2,2,0,0.19784328393886808,0.9999999999999999,1.1102230246251565e-16,0.03333333333333333,0.9666666666666667,0.9666666666681091,irreversible
0.95,0.7,15,0.8896747343174526,0.8896747341882332,1.2921941294763428e-10,2.0,2.0,0.0,2,2,0,0.2272697277063237,1.0,0.0,0.0,1.0,1.0000000000323048,irreversible
0.95,0.7,16,0.8932457901942753,0.8932457901512195,4.305578116259312e-11,2.0,2.0,0.0,2,2,0,0.21433439168764057,0.9999999999999998,2.220446049250313e-16,0.0,1.0,1.0000000000107643,irreversible
0.95,0.7,17,0.8892571215118678,0.8892571216016993,8.983158661379775e-11,1.0,1.0,0.0,1,1,0,0.22243987785149633,1.0,0.0,0.7,0.30000000000000004,0.30000000002245797,metastable
0.95,0.7,18,0.877571297204746,0.8775712971501886,5.455746965310482e-11,1.0,1.0,0.0,1,1,0,0.22326977168864792,0.9999999999999999,1.1102230246251565e-16,0.95,0.050000000000000044,0.05000000001363952,reversible
0.95,0.7,19,0.8956997007780162,0.8956997007613126,1.6703638472392868e-11,1.0,1.0,0.0,1,1,0,0.21130679791920737,1.0,0.0,0.0,1.0,1.000000000004176,irreversible
0.95,0.8,0,0.8942603743434223,0.8942603748007859,4.573635914439933e-10,2.0,2.0,0.0,2,2,0,0.28230978332219914,0.9999999999999998,2.220446049250313e-16,0.0,1.0,1.0000000001143412,irreversible
0.95,0.8,1,0.9145300007186636,0.9145300007130673,5.5963012002280266e-12,2.0,2.0,0.0,2,2,0,0.3023803935167242,1.0000000000000002,-2.220446049250313e-16,0.6333333333333333,0.3666666666666667,0.3666666666680656,metastable
0.95,0.8,2,0.8866529007465086,0.8866529007158115,3.0697111519373266e-11,1.0,1.0,0.0,1,1,0,0.29313535743470653,1.0000000000000002,-2.220446049250313e-16,0.0,1.0,1.000000000007674,irreversible
0.95,0.8,3,0.8906574927699167,0.8906574927552301,1.4686585281253883e-11,1.0,1.0,0.0,1,1,0,0.23740565444346806,0.9999999999999999,1.1102230246251565e-16,0.7833333333333333,0.21666666666666667,0.21666666667033843,reversible
0.95,0.8,4,0.8889018139382955,0.8889018138915474,4.6748049875589004e-11,1.0,1.0,0.0,1,1,0,0.25706527333908047,1.0,0.0,0.0,1.0,1.000000000011687,irreversible
0.95,0.8,5,0.899974551967495,0.8999745519584764,9.018563673635072e-12,1.0,1.0,0.0,1,1,0,0.26946486824883564,0.9999999999999998,2.220446049250313e-16,0.0,1.0,1.0000000000022549,irreversible
0.95,0.8,6,0.8845644955189934,0.8845644953733639,1.4562950845231626e-10,2.0,2.0,0.0,2,2,0,0.2929323807861648,1.0,0.0,0.0,1.0,1.0000000000364073,irreversible
0.95,0.8,7,0.9097375616342833,0.909737561635877,1.5937251518494122e-12,2.0,2.0,0.0,2,2,0,0.3137645108385745,1.0000000000000002,-2.220446049250313e-16,0.6833333333333333,0.31666666666666665,0.3166666666670649,metastable
0.95,0.8,8,0.8815030387772809,0.8815030387286171,4.866373970457971e-11,2.0,2.0,0.0,2,2,0,0.3026467698783051,0.9999999999999999,1.1102230246251565e-16,0.8666666666666667,0.1333333333333333,0.13333333334549935,reversible
0.95,0.8,9,0.8910060801836249,0.8910060801331477,5.047717799300244e-11,1.0,1.0,0.0,1,1,0,0.2529074120190332,1.0000000000000002,-2.220446049250313e-16,0.9333333333333333,0.06666666666666665,0.06666666667928572,reversible
0.95,0.8,10,0.8996630767712178,0.8996630767645966,6.621259096561971e-12,1.0,1.0,0.0,1,1,0,0.26845283135329534,1.0000000000000002,-2.220446049250313e-16,0.016666666666666666,0.9833333333333333,0.9833333333349884,irreversible
0.95,0.8,11,0.9024773654883217,0.9024773654677677,2.0554002944095373e-11,2.0,2.0,0.0,2,2,0,0.2679855568226027,1.0,0.0,0.45,0.55,0.5500000000051386,metastable
0.95,0.8,12,0.8926803062469956,0.8926803061783208,6.867473256733092e-11,1.0,1.0,0.0,1,1,0,0.27224519597628294,1.0000000000000002,-2.220446049250313e-16,0.6,0.4,0.4000000000171685,metastable
0.95,0.8,13,0.8775276355287381,0.8775276355021309,2.6607271941259114e-11,1.0,1.0,0.0,1,1,0,0.2561269155203816,0.9999999999999999,1.1102230246251565e-16,0.0,1.0,1.0000000000066518,irreversible
0.95,0.8,14,0.9015256637366778,0.901525663730877,5.8008042813639804e-12,2.0,2.0,0.0,2,2,0,0.25025318599816815,1.0000000000000002,-2.220446049250313e-16,0.0,1.0,1.00000000000145,irreversible
0.95,0.8,15,0.8896747343174526,0.8896747341886636,1.287889794809871e-10,2.0,2.0,0.0,2,2,0,0.28502069209065406,1.0000000000000002,-2.220446049250313e-16,0.7333333333333333,0.2666666666666667,0.26666666669886374,metastable
0.95,0.8,16,0.8932457901942753,0.8932457901512456,4.302969092151443e-11,2.0,2.0,0.0,2,2,0,0.2692276120484055,0.9999999999999999,1.1102230246251565e-16,0.0,1.0,1.0000000000107574,irreversible
0.95,0.8,17,0.8892571215118678,0.8892571216051938,9.332601358380543e-11,1.0,1.0,0.0,1,1,0,0.279673379802743,0.9999999999999997,3.3306690738754696e-16,0.7,0.30000000000000004,0.3000000000233319,metastable
0.95,0.8,18,0.877571297204746,0.8775712971506636,5.408240522086771e-11,1.0,1.0,0.0,1,1,0,0.27988870702187263,1.0000000000000002,-2.220446049250313e-16,0.95,0.050000000000000044,0.050000000013520424,reversible
0.95,0.8,19,0.8956997007780162,0.8956997007611625,1.685374062532219e-11,1.0,1.0,0.0,1,1,0,0.2673808214540693,0.9999999999999999,1.1102230246251565e-16,0.0,1.0,1.0000000000042135,irreversible
0.95,0.9,0,0.8942603743434223,0.8942603747996273,4.562049626954945e-10,2.0,2.0,0.0,2,2,0,0.34415194568358665,0.9999999999999999,1.1102230246251565e-16,0.0,1.0,1.0000000001140512,irreversible
0.95,0.9,1,0.9145300007186636,0.914530000713063,5.600631070024065e-12,2.0,2.0,0.0,2,2,0,0.36659678277522656,1.0000000000000002,-2.220446049250313e-16,0.48333333333333334,0.5166666666666666,0.5166666666680666,metastable
0.95,0.9,2,0.8866529007465086,0.8866529007156435,3.086508826299905e-11,1.0,1.0,0.0,1,1,0,0.35680389314978145,1.0,0.0,0.0,1.0,1.0000000000077163,irreversible
0.95,0.9,3,0.8906574927699167,0.8906574927550194,1.4897305611327738e-11,1.0,1.0,0.0,1,1,0,0.29121320719538846,0.9999999999999999,1.1102230246251565e-16,0.75,0.25,0.25000000000372447,metastable
0.95,0.9,4,0.8889018139382955,0.888901813891431,4.686451227087218e-11,1.0,1.0,0.0,1,1,0,0.31465004432663024,1.0,0.0,0.0,1.0,1.0000000000117162,irreversible
0.95,0.9,5,0.899974551967495,0.8999745519583057,9.18931597482242e-12,1.0,1.0,0.0,1,1,0,0.32837406531701563,0.9999999999999998,2.220446049250313e-16,0.0,1.0,1.0000000000022975,irreversible
0.95,0.9,6,0.8845644955189934,0.884564495373094,1.4589940366960263e-10,2.0,2.0,0.0,2,2,0,0.3550989395108478,0.9999999999999999,1.1102230246251565e-16,0.0,1.0,1.0000000000364748,irreversible
0.95,0.9,7,0.9097375616342833,0.9097375616360026,1.7192913759345174e-12,2.0,2.0,0.0,2,2,0,0.38020617485138786,1.0,0.0,0.6333333333333333,0.3666666666666667,0.3666666666670965,metastable
0.95,0.9,8,0.8815030387772809,0.8815030387305266,4.6754267124526905e-11,2.0,2.0,0.0,2,2,0,0.3662902551220858,1.0,0.0,0.9166666666666666,0.08333333333333337,0.08333333334502194,reversible
0.95,0.9,9,0.8910060801836249,0.8910060801334648,5.01600982971695e-11,1.0,1.0,0.0,1,1,0,0.3079858292773926,0.9999999999999999,1.1102230246251565e-16,0.9333333333333333,0.06666666666666665,0.06666666667920679,reversible
0.95,0.9,10,0.8996630767712178,0.8996630767643861,6.831757382030901e-12,1.0,1.0,0.0,1,1,0,0.32705085886181484,0.9999999999999998,2.220446049250313e-16,0.016666666666666666,0.9833333333333333,0.9833333333350415,irreversible
0.95,0.9,11,0.9024773654883217,0.9024773654670477,2.1273982575564787e-11,2.0,2.0,0.0,2,2,0,0.3266558027137042,1.0,0.0,0.45,0.55,0.5500000000053186,metastable
0.95,0.9,12,0.8926803062469956,0.8926803061782602,6.873535074447545e-11,1.0,1.0,0.0,1,1,0,0.33102499349652525,1.0,0.0,0.3,0.7,0.7000000000171838,irreversible
0.95,0.9,13,0.8775276355287381,0.8775276355024805,2.6257662710804652e-11,1.0,1.0,0.0,1,1,0,0.3119688734471462,1.0,0.0,0.0,1.0,1.0000000000065645,irreversible
0.95,0.9,14,0.9015256637366778,0.901525663730854,5.823785897973721e-12,2.0,2.0,0.0,2,2,0,0.3055697279459352,0.9999999999999999,1.1102230246251565e-16,0.0,1.0,1.000000000001456,irreversible
0.95,0.9,15,0.8896747343174526,0.8896747341895295,1.2792311654408195e-10,2.0,2.0,0.0,2,2,0,0.3447394411660015,1.0,0.0,0.8833333333333333,0.1166666666666667,0.11666666669864748,reversible
0.95,0.9,16,0.8932457901942753,0.8932457901513403,4.2934988897513904e-11,2.0,2.0,0.0,2,2,0,0.32629971891682885,1.0000000000000002,-2.220446049250313e-16,0.23333333333333334,0.7666666666666666,0.7666666666774001,irreversible
0.95,0.9,17,0.8892571215118678,0.8892571216086861,9.681833113006633e-11,1.0,1.0,0.0,1,1,0,0.33921402636192144,1.0,0.0,0.7,0.30000000000000004,0.3000000000242046,metastable
0.95,0.9,18,0.877571297204746,0.8775712971513443,5.340172748447003e-11,1.0,1.0,0.0,1,1,0,0.3384514978699342,1.0,0.0,0.95,0.050000000000000044,0.050000000013350476,reversible
0.95,0.9,19,0.8956997007780162,0.8956997007610661,1.6950107983859652e-11,1.0,1.0,0.0,1,1,0,0.32655996458531633,1.0000000000000002,-2.220446049250313e-16,0.0,1.0,1.0000000000042373,irreversible
0.95,1.0,0,0.8942603743434223,0.8942603747990564,4.5563408601623223e-10,2.0,2.0,0.0,2,2,0,0.40760812482259345,1.0000000000000002,-2.220446049250313e-16,0.0,1.0,1.0000000001139082,irreversible
0.95,1.0,1,0.9145300007186636,0.9145300007130627,5.600964136931452e-12,2.0,2.0,0.0,2,2,0,0.43165828661491445,1.0000000000000002,-2.220446049250313e-16,0.26666666666666666,0.7333333333333334,0.7333333333347334,irreversible
0.95,1.0,2,0.8866529007465086,0.8866529007160012,3.0507374404464827e-11,1.0,1.0,0.0,1,1,0,0.4218700240676443,1.0,0.0,0.0,1.0,1.0000000000076268,irreversible
0.95,1.0,3,0.8906574927699167,0.8906574927548657,1.505096047793586e-11,1.0,1.0,0.0,1,1,0,0.34728706259872266,0.9999999999999999,1.1102230246251565e-16,0.75,0.25,0.2500000000037629,metastable
0.95,1.0,4,0.8889018139382955,0.888901813891493,4.6802450803795637e-11,1.0,1.0,0.0,1,1,0,0.3743076784720879,1.0,0.0,0.0,1.0,1.0000000000117006,irreversible
0.95,1.0,5,0.899974551967495,0.8999745519581052,9.389822253069724e-12,1.0,1.0,0.0,1,1,0,0.388729854774285,1.0,0.0,0.0,1.0,1.0000000000023475,irreversible
0.95,1.0,6,0.8845644955189934,0.884564495372652,1.463413834557059e-10,2.0,2.0,0.0,2,2,0,0.41809817499408897,0.9999999999999998,2.220446049250313e-16,0.0,1.0,1.0000000000365856,irreversible
0.95,1.0,7,0.9097375616342833,0.9097375616362032,1.9199086764842832e-12,2.0,2.0,0.0,2,2,0,0.4473999905927053,0.9999999999999999,1.1102230246251565e-16,0.3,0.7,0.70000000000048,irreversible
0.95,1.0,8,0.8815030387772809,0.8815030387327493,4.453160062922734e-11,2.0,2.0,0.0,2,2,0,0.4303993070689579,1.0,0.0,0.9166666666666666,0.08333333333333337,0.08333333334446627,reversible
0.95,1.0,9,0.8910060801836249,0.8910060801339693,4.9655612954779826e-11,1.0,1.0,0.0,1,1,0,0.36443353351768903,1.0000000000000002,-2.220446049250313e-16,0.95,0.050000000000000044,0.050000000012413726,reversible
0.95,1.0,10,0.8996630767712178,0.8996630767641521,7.065681373319421e-12,1.0,1.0,0.0,1,1,0,0.38708525285072215,1.0000000000000002,-2.220446049250313e-16,0.016666666666666666,0.9833333333333333,0.9833333333350995,irreversible
0.95,1.0,11,0.9024773654883217,0.9024773654665508,2.1770918401387007e-11,2.0,2.0,0.0,2,2,0,0.38692027793110395,1.0000000000000002,-2.220446049250313e-16,0.4666666666666667,0.5333333333333333,0.5333333333387759,metastable
0.95,1.0,12,0.8926803062469956,0.892680306178246,6.874956159919066e-11,1.0,1.0,0.0,1,1,0,0.39105267428874413,1.0,0.0,0.21666666666666667,0.7833333333333333,0.7833333333505207,irreversible
0.95,1.0,13,0.8775276355287381,0.8775276355028967,2.584144009887268e-11,1.0,1.0,0.0,1,1,0,0.369214738265525,1.0,0.0,0.0,1.0,1.0000000000064604,irreversible
0.95,1.0,14,0.9015256637366778,0.9015256637308836,5.7941429432162295e-12,2.0,2.0,0.0,2,2,0,0.3626454650169587,1.0000000000000002,-2.220446049250313e-16,0.0,1.0,1.0000000000014484,irreversible
0.95,1.0,15,0.8896747343174526,0.8896747341908567,1.2659584491814257e-10,2.0,2.0,0.0,2,2,0,0.4049453089357601,1.0000000000000002,-2.220446049250313e-16,0.9166666666666666,0.08333333333333337,0.08333333336498211,reversible
0.95,1.0,16,0.8932457901942753,0.8932457901514823,4.2792991372664346e-11,2.0,2.0,0.0,2,2,0,0.38425889830483717,1.0,0.0,0.8,0.19999999999999996,0.2000000000106982,reversible
0.95,1.0,17,0.8892571215118678,0.8892571216120817,1.0021394825088237e-10,1.0,1.0,0.0,1,1,0,0.39964411495250163,1.0000000000000002,-2.220446049250313e-16,0.7,0.30000000000000004,0.30000000002505334,metastable
0.95,1.0,18,0.877571297204746,0.8775712971522698,5.24762455711425e-11,1.0,1.0,0.0,1,1,0,0.39756588554744376,1.0,0.0,0.95,0.050000000000000044,0.050000000013119106,reversible
0.95,1.0,19,0.8956997007780162,0.8956997007611541,1.6862067298006878e-11,1.0,1.0,0.0,1,1,0,0.3875722560635204,1.0000000000000002,-2.220446049250313e-16,0.0,1.0,1.0000000000042153,irreversible
1.0,0.0,0,0.906952214409339,0.9069522144224568,1.3117729125156075e-11,2.0,2.0,0.0,2,2,0,0.0,1.0000000000000002,-2.220446049250313e-16,0.1,0.9,0.9000000000032793,irreversible
1.0,0.0,1,0.9243933646739054,0.9243933646731116,7.938094626069869e-13,2.0,2.0,0.0,2,2,0,0.0,0.9999999999999998,2.220446049250313e-16,0.11666666666666667,0.8833333333333333,0.883333333333532,irreversible
1.0,0.0,2,0.9008686916672074,0.9008686916641803,3.027134098942952e-12,1.0,1.0,0.0,1,1,0,0.0,1.0,0.0,0.18333333333333332,0.8166666666666667,0.8166666666674234,irreversible
1.0,0.0,3,0.9038435865223157,0.9038435865196128,2.7028379534499436e-12,1.0,1.0,0.0,1,1,0,0.0,1.0000000000000002,-2.220446049250313e-16,0.15,0.85,0.8500000000006754,irreversible
1.0,0.0,4,0.9024330793730908,0.9024330793682515,4.839351142038595e-12,1.0,1.0,0.0,1,1,0,0.0,1.0000000000000002,-2.220446049250313e-16,0.2,0.8,0.8000000000012096,irreversible
1.0,0.0,5,0.912053898870222,0.9120538988694256,7.964739978660873e-13,1.0,1.0,0.0,1,1,0,0.0,1.0000000000000002,-2.220446049250313e-16,0.15,0.85,0.8500000000001988,irreversible
1.0,0.0,6,0.8989987819938039,0.898998781978886,1.4917844737283303e-11,2.0,2.0,0.0,2,2,0,0.0,1.0,0.0,0.13333333333333333,0.8666666666666667,0.8666666666703962,irreversible
1.0,0.0,7,0.9204560834921306,0.920456083492271,1.404432126150823e-13,2.0,2.0,0.0,2,2,0,0.0,0.9999999999999999,1.1102230246251565e-16,0.16666666666666666,0.8333333333333334,0.8333333333333686,irreversible
1.0,0.0,8,0.89640549838093,0.8964054983771991,3.7309044742528386e-12,2.0,2.0,0.0,2,2,0,0.0,0.9999999999999999,1.1102230246251565e-16,0.0,1.0,1.0000000000009328,irreversible
1.0,0.0,9,0.9044201620419959,0.90442016203611,5.88595838735273e-12,1.0,1.0,0.0,1,1,0,0.0,0.9999999999999999,1.1102230246251565e-16,0.15,0.85,0.8500000000014716,irreversible
1.0,0.0,10,0.9116638007005211,0.9116638006998546,6.664668816824815e-13,1.0,1.0,0.0,1,1,0,0.0,1.0000000000000002,-2.220446049250313e-16,0.13333333333333333,0.8666666666666667,0.8666666666668331,irreversible
1.0,0.0,11,0.9139748150289021,0.9139748150282421,6.600275881396556e-13,3.0,3.0,0.0,3,3,0,0.0,1.0000000000000002,-2.220446049250313e-16,0.18333333333333332,0.8166666666666667,0.8166666666668314,irreversible
1.0,0.0,12,0.9057815519928641,0.905781551983997,8.8671292530762e-12,1.0,1.0,0.0,1,1,0,0.0,1.0,0.0,0.18333333333333332,0.8166666666666667,0.8166666666688834,irreversible
1.0,0.0,13,0.892684836853589,0.892684836850784,2.804978471715458e-12,1.0,1.0,0.0,1,1,0,0.0,1.0000000000000002,-2.220446049250313e-16,0.06666666666666667,0.9333333333333333,0.9333333333340343,irreversible
1.0,0.0,14,0.9134438001358555,0.9134438001351521,7.033262861000367e-13,2.0,2.0,0.0,2,2,0,0.0,1.0000000000000002,-2.220446049250313e-16,0.05,0.95,0.9500000000001756,irreversible
1.0,0.0,15,0.9035429530001585,0.9035429529869871,1.3171463919547932e-11,2.0,2.0,0.0,2,2,0,0.0,1.0,0.0,0.25,0.75,0.7500000000032929,irreversible
1.0,0.0,16,0.9063448925125698,0.9063448925080959,4.473865722331993e-12,2.0,2.0,0.0,2,2,0,0.0,1.0000000000000002,-2.220446049250313e-16,0.8333333333333334,0.16666666666666663,0.16666666666778487,reversible
1.0,0.0,17,0.9026415794116901,0.9026415794130441,1.354028000832841e-12,1.0,1.0,0.0,1,1,0,0.0,1.0000000000000002,-2.220446049250313e-16,0.08333333333333333,0.9166666666666666,0.9166666666670049,irreversible
1.0,0.0,18,0.8927001869277778,0.8927001869216825,6.095235427494572e-12,1.0,1.0,0.0,1,1,0,0.0,1.0,0.0,0.21666666666666667,0.7833333333333333,0.7833333333348571,irreversible
1.0,0.0,19,0.9084145710353144,0.9084145710337079,1.6064927166326015e-12,1.0,1.0,0.0,1,1,0,0.0,1.0000000000000002,-2.220446049250313e-16,0.5333333333333333,0.4666666666666667,0.4666666666670681,metastable
1.0,0.1,0,0.906952214409339,0.9069522144225429,1.3203882431866987e-11,2.0,2.0,0.0,2,2,0,0.005082959184978253,1.0,0.0,0.016666666666666666,0.9833333333333333,0.9833333333366343,irreversible
1.0,0.1,1,0.9243933646739054,0.9243933646731142,7.912559496503491e-13,2.0,2.0,0.0,2,2,0,0.005567735344719993,1.0000000000000002,-2.220446049250313e-16,0.6833333333333333,0.31666666666666665,0.31666666666686427,metastable
1.0,0.1,2,0.9008686916672074,0.9008686916642027,3.0047075938455237e-12,1.0,1.0,0.0,1,1,0,0.005307263305182275,1.0,0.0,0.9166666666666666,0.08333333333333337,0.08333333333408455,reversible
1.0,0.1,3,0.9038435865223157,0.9038435865196199,2.6957325260923426e-12,1.0,1.0,0.0,1,1,0,0.004175440822384302,1.0,0.0,0.8666666666666667,0.1333333333333333,0.13333333333400724,reversible
1.0,0.1,4,0.9024330793730908,0.9024330793682506,4.840239320458295e-12,1.0,1.0,0.0,1,1,0,0.004554961461759155,1.0000000000000004,-4.440892098500626e-16,0.06666666666666667,0.9333333333333333,0.9333333333345429,irreversible
1.0,0.1,5,0.912053898870222,0.9120538988694173,8.046896482483135e-13,1.0,1.0,0.0,1,1,0,0.004855247808518315,1.0000000000000002,-2.220446049250313e-16,0.0,1.0,1.000000000000201,irreversible
1.0,0.1,6,0.8989987819938039,0.8989987819788563,1.4947598714343258e-11,2.0,2.0,0.0,2,2,0,0.00540133673198373,0.9999999999999999,1.1102230246251565e-16,0.0,1.0,1.000000000003737,irreversible
1.0,0.1,7,0.9204560834921306,0.9204560834922666,1.3600232051658168e-13,2.0,2.0,0.0,2,2,0,0.005785230342152614,0.9999999999999999,1.1102230246251565e-16,0.3,0.7,0.700000000000034,irreversible
1.0,0.1,8,0.89640549838093,0.8964054983771971,3.732902875697164e-12,2.0,2.0,0.0,2,2,0,0.005601349941135814,1.0,0.0,0.06666666666666667,0.9333333333333333,0.9333333333342666,irreversible
1.0,0.1,9,0.9044201620419959,0.9044201620361267,5.86919401968089e-12,1.0,1.0,0.0,1,1,0,0.0045797356965694425,1.0000000000000002,-2.220446049250313e-16,0.9,0.09999999999999998,0.10000000000146705,reversible
1.0,0.1,10,0.9116638007005211,0.9116638006998568,6.643574579356937e-13,1.0,1.0,0.0,1,1,0,0.004845457257861452,0.9999999999999999,1.1102230246251565e-16,0.6333333333333333,0.3666666666666667,0.3666666666668329,metastable
1.0,0.1,11,0.9139748150289021,0.9139748150282249,6.772360450213455e-13,3.0,3.0,0.0,3,3,0,0.004834404950814775,0.9999999999999997,3.3306690738754696e-16,0.0,1.0,1.0000000000001696,irreversible
1.0,0.1,12,0.9057815519928641,0.9057815519840066,8.857581335064424e-12,1.0,1.0,0.0,1,1,0,0.004960474886224864,0.9999999999999998,2.220446049250313e-16,0.9166666666666666,0.08333333333333337,0.08333333333554799,reversible
1.0,0.1,13,0.892684836853589,0.8926848368507683,2.8207436386651352e-12,1.0,1.0,0.0,1,1,0,0.004633053394615061,1.0,0.0,0.0,1.0,1.0000000000007052,irreversible
1.0,0.1,14,0.9134438001358555,0.9134438001351567,6.987743716990735e-13,2.0,2.0,0.0,2,2,0,0.004485647838096685,1.0000000000000004,-4.440892098500626e-16,0.85,0.15000000000000002,0.15000000000017427,reversible
1.0,0.1,15,0.9035429530001585,0.9035429529869726,1.318589681886806e-11,2.0,2.0,0.0,2,2,0,0.0053028351034647425,1.0000000000000002,-2.220446049250313e-16,0.0,1.0,1.0000000000032963,irreversible
1.0,0.1,16,0.9063448925125698,0.9063448925080805,4.489297822374283e-12,2.0,2.0,0.0,2,2,0,0.0049821369432875295,1.0000000000000002,-2.220446049250313e-16,0.0,1.0,1.0000000000011222,irreversible
1.0,0.1,17,0.9026415794116901,0.9026415794130745,1.3844481117075702e-12,1.0,1.0,0.0,1,1,0,0.0051455148148101815,0.9999999999999998,2.220446049250313e-16,0.7666666666666667,0.23333333333333328,0.23333333333367962,reversible
1.0,0.1,18,0.8927001869277778,0.8927001869216953,6.082467862711383e-12,1.0,1.0,0.0,1,1,0,0.005223089436370398,0.9999999999999999,1.1102230246251565e-16,0.8333333333333334,0.16666666666666663,0.16666666666818736,reversible
1.0,0.1,19,0.9084145710353144,0.9084145710337026,1.6118217871508023e-12,1.0,1.0,0.0,1,1,0,0.0047804830987612235,0.9999999999999999,1.1102230246251565e-16,0.0,1.0,1.000000000000403,irreversible
1.0,0.2,0,0.906952214409339,0.9069522144226005,1.3261503006845032e-11,2.0,2.0,0.0,2,2,0,0.020193045814065447,0.9999999999999998,2.220446049250313e-16,0.016666666666666666,0.9833333333333333,0.9833333333366489,irreversible
1.0,0.2,1,0.9243933646739054,0.924393364673116,7.894795928109488e-13,2.0,2.0,0.0,2,2,0,0.02209382812342442,1.0,0.0,0.6833333333333333,0.31666666666666665,0.31666666666686405,metastable
1.0,0.2,2,0.9008686916672074,0.9008686916642135,2.9939384305066596e-12,1.0,1.0,0.0,1,1,0,0.021078674462537306,0.9999999999999999,1.1102230246251565e-16,0.9166666666666666,0.08333333333333337,0.08333333333408197,reversible
1.0,0.2,3,0.9038435865223157,0.9038435865196263,2.6894042548519792e-12,1.0,1.0,0.0,1,1,0,0.01660651766859711,1.0000000000000002,-2.220446049250313e-16,0.8666666666666667,0.1333333333333333,0.13333333333400543,reversible
1.0,0.2,4,0.9024330793730908,0.902433079368246,4.844791234859258e-12,1.0,1.0,0.0,1,1,0,0.01810989112517447,1.0,0.0,0.0,1.0,1.0000000000012113,irreversible
1.0,0.2,5,0.912053898870222,0.9120538988694055,8.165690346118026e-13,1.0,1.0,0.0,1,1,0,0.019288153457760138,1.0000000000000002,-2.220446049250313e-16,0.0,1.0,1.0000000000002038,irreversible
1.0,0.2,6,0.8989987819938039,0.898998781978818,1.4985901408692825e-11,2.0,2.0,0.0,2,2,0,0.0214311705939928,1.0000000000000004,-4.440892098500626e-16,0.0,1.0,1.0000000000037461,irreversible
1.0,0.2,7,0.9204560834921306,0.9204560834922607,1.3011813848606835e-13,2.0,2.0,0.0,2,2,0,0.02295582617563563,0.9999999999999999,1.1102230246251565e-16,0.2833333333333333,0.7166666666666667,0.7166666666666993,irreversible
1.0,0.2,8,0.89640549838093,0.8964054983771826,3.747335775017291e-12,2.0,2.0,0.0,2,2,0,0.02222273995200541,1.0,0.0,0.0,1.0,1.0000000000009368,irreversible
1.0,0.2,9,0.9044201620419959,0.9044201620361414,5.854539075755838e-12,1.0,1.0,0.0,1,1,0,0.018187698023347854,0.9999999999999999,1.1102230246251565e-16,0.9,0.09999999999999998,0.10000000000146372,reversible
1.0,0.2,10,0.9116638007005211,0.9116638006998571,6.640243910283061e-13,1.0,1.0,0.0,1,1,0,0.019247186053557908,0.9999999999999999,1.1102230246251565e-16,0.43333333333333335,0.5666666666666667,0.5666666666668327,metastable
1.0,0.2,11,0.9139748150289021,0.9139748150282049,6.972200594645983e-13,3.0,3.0,0.0,3,3,0,0.019202771093093873,0.9999999999999998,2.220446049250313e-16,0.0,1.0,1.0000000000001745,irreversible
1.0,0.2,12,0.9057815519928641,0.9057815519840136,8.850586930009285e-12,1.0,1.0,0.0,1,1,0,0.019693681911027383,1.0000000000000004,-4.440892098500626e-16,0.8833333333333333,0.1166666666666667,0.1166666666688789,reversible
1.0,0.2,13,0.892684836853589,0.8926848368507473,2.8417268538305507e-12,1.0,1.0,0.0,1,1,0,0.018400621743477563,1.0,0.0,0.0,1.0,1.0000000000007105,irreversible
1.0,0.2,14,0.9134438001358555,0.9134438001351591,6.963318810448982e-13,2.0,2.0,0.0,2,2,0,0.017822918794434872,1.0,0.0,0.7833333333333333,0.21666666666666667,0.21666666666684076,reversible
1.0,0.2,15,0.9035429530001585,0.9035429529869564,1.3202106075027586e-11,2.0,2.0,0.0,2,2,0,0.021030983863888464,1.0,0.0,0.0,1.0,1.0000000000033005,irreversible
1.0,0.2,16,0.9063448925125698,0.9063448925080639,4.505840145441198e-12,2.0,2.0,0.0,2,2,0,0.019762566257660485,0.9999999999999998,2.220446049250313e-16,0.0,1.0,1.0000000000011267,irreversible
1.0,0.2,17,0.9026415794116901,0.902641579413109,1.41886502547095e-12,1.0,1.0,0.0,1,1,0,0.02041849490494585,1.0000000000000002,-2.220446049250313e-16,0.6833333333333333,0.31666666666666665,0.31666666666702115,metastable
1.0,0.2,18,0.8927001869277778,0.8927001869217059,6.071809721674981e-12,1.0,1.0,0.0,1,1,0,0.020710169321628502,1.0,0.0,0.8,0.19999999999999996,0.2000000000015179,reversible
1.0,0.2,19,0.9084145710353144,0.9084145710336925,1.6219248166748912e-12,1.0,1.0,0.0,1,1,0,0.018997841239258295,0.9999999999999999,1.1102230246251565e-16,0.0,1.0,1.0000000000004055,irreversible
1.0,0.3,0,0.906952214409339,0.9069522144226287,1.3289702671670511e-11,2.0,2.0,0.0,2,2,0,0.04491957961568338,1.0,0.0,0.016666666666666666,0.9833333333333333,0.9833333333366557,irreversible
1.0,0.3,1,0.9243933646739054,0.9243933646731172,7.882583474838611e-13,2.0,2.0,0.0,2,2,0,0.04905571508536821,1.0,0.0,0.6666666666666666,0.33333333333333337,0.33333333333353043,metastable
1.0,0.3,2,0.9008686916672074,0.9008686916642146,2.9928282074820345e-12,1.0,1.0,0.0,1,1,0,0.04686935264896541,1.0,0.0,0.9,0.09999999999999998,0.10000000000074818,reversible
1.0,0.3,3,0.9038435865223157,0.9038435865196338,2.681854738284528e-12,1.0,1.0,0.0,1,1,0,0.037010886385621666,1.0,0.0,0.8666666666666667,0.1333333333333333,0.13333333333400377,reversible
1.0,0.3,4,0.9024330793730908,0.9024330793682381,4.852673818334097e-12,1.0,1.0,0.0,1,1,0,0.04033879710526955,1.0000000000000002,-2.220446049250313e-16,0.0,1.0,1.000000000001213,irreversible
1.0,0.3,5,0.912053898870222,0.9120538988693901,8.318901123516298e-13,1.0,1.0,0.0,1,1,0,0.04290546087307101,1.0,0.0,0.0,1.0,1.000000000000208,irreversible
1.0,0.3,6,0.8989987819938039,0.8989987819787754,1.502853397283843e-11,2.0,2.0,0.0,2,2,0,0.04757620097962545,0.9999999999999999,1.1102230246251565e-16,0.0,1.0,1.0000000000037572,irreversible
1.0,0.3,7,0.9204560834921306,0.9204560834922534,1.2279066652354231e-13,2.0,2.0,0.0,2,2,0,0.05096549380339721,1.0,0.0,0.2833333333333333,0.7166666666666667,0.7166666666666974,irreversible
1.0,0.3,8,0.89640549838093,0.89640549837716,3.769984324719644e-12,2.0,2.0,0.0,2,2,0,0.04932491169818787,0.9999999999999999,1.1102230246251565e-16,0.0,1.0,1.0000000000009426,irreversible
1.0,0.3,9,0.9044201620419959,0.9044201620361564,5.839551064923398e-12,1.0,1.0,0.0,1,1,0,0.04043632998506097,1.0,0.0,0.9,0.09999999999999998,0.10000000000145987,reversible
1.0,0.3,10,0.9116638007005211,0.9116638006998554,6.656897255652439e-13,1.0,1.0,0.0,1,1,0,0.04280687287122964,0.9999999999999999,1.1102230246251565e-16,0.15,0.85,0.8500000000001665,irreversible
1.0,0.3,11,0.9139748150289021,0.9139748150281821,7.19979631469414e-13,3.0,3.0,0.0,3,3,0,0.04270669406900163,0.9999999999999998,2.220446049250313e-16,0.0,1.0,1.0000000000001803,irreversible
1.0,0.3,12,0.9057815519928641,0.9057815519840186,8.845590926398472e-12,1.0,1.0,0.0,1,1,0,0.043762203751507744,1.0000000000000002,-2.220446049250313e-16,0.8833333333333333,0.1166666666666667,0.11666666666887787,reversible
1.0,0.3,13,0.892684836853589,0.8926848368507226,2.866373804977229e-12,1.0,1.0,0.0,1,1,0,0.04091397074266456,1.0000000000000002,-2.220446049250313e-16,0.0,1.0,1.0000000000007163,irreversible
1.0,0.3,14,0.9134438001358555,0.9134438001351599,6.955547249276606e-13,2.0,2.0,0.0,2,2,0,0.039658121293117965,0.9999999999999999,1.1102230246251565e-16,0.65,0.35,0.35000000000017395,metastable
1.0,0.3,15,0.9035429530001585,0.9035429529869433,1.3215206706718163e-11,2.0,2.0,0.0,2,2,0,0.04665332075894657,1.0,0.0,0.0,1.0,1.0000000000033038,irreversible
1.0,0.3,16,0.9063448925125698,0.906344892508049,4.5208281562736374e-12,2.0,2.0,0.0,2,2,0,0.04385319866641246,0.9999999999999999,1.1102230246251565e-16,0.0,1.0,1.0000000000011302,irreversible
1.0,0.3,17,0.9026415794116901,0.9026415794131514,1.461275545011631e-12,1.0,1.0,0.0,1,1,0,0.045336698142943166,1.0,0.0,0.6666666666666666,0.33333333333333337,0.3333333333336987,metastable
1.0,0.3,18,0.8927001869277778,0.8927001869217172,6.060596469126267e-12,1.0,1.0,0.0,1,1,0,0.04592561741286416,1.0000000000000002,-2.220446049250313e-16,0.8,0.19999999999999996,0.20000000000151488,reversible
1.0,0.3,19,0.9084145710353144,0.9084145710336783,1.6361356713900932e-12,1.0,1.0,0.0,1,1,0,0.04228468101897398,0.9999999999999999,1.1102230246251565e-16,0.0,1.0,1.000000000000409,irreversible
1.0,0.4,0,0.906952214409339,0.9069522144226301,1.3291034939300062e-11,2.0,2.0,0.0,2,2,0,0.078596769228518,1.0,0.0,0.016666666666666666,0.9833333333333333,0.9833333333366561,irreversible
1.0,0.4,1,0.9243933646739054,0.9243933646731186,7.868150575518484e-13,2.0,2.0,0.0,2,2,0,0.08561117446767541,1.0000000000000002,-2.220446049250313e-16,0.6333333333333333,0.3666666666666667,0.3666666666668632,metastable
1.0,0.4,2,0.9008686916672074,0.9008686916642076,2.999822612537173e-12,1.0,1.0,0.0,1,1,0,0.08195835964297293,1.0,0.0,0.8666666666666667,0.1333333333333333,0.13333333333408326,reversible
1.0,0.4,3,0.9038435865223157,0.9038435865196436,2.6720847756678268e-12,1.0,1.0,0.0,1,1,0,0.06492912668400885,1.0000000000000002,-2.220446049250313e-16,0.8666666666666667,0.1333333333333333,0.1333333333340011,reversible
1.0,0.4,4,0.9024330793730908,0.9024330793682284,4.862443780950798e-12,1.0,1.0,0.0,1,1,0,0.07071109653724983,0.9999999999999999,1.1102230246251565e-16,0.0,1.0,1.0000000000012157,irreversible
1.0,0.4,5,0.912053898870222,0.9120538988693718,8.502087922579449e-13,1.0,1.0,0.0,1,1,0,0.0750690014097507,1.0,0.0,0.0,1.0,1.0000000000002125,irreversible
1.0,0.4,6,0.8989987819938039,0.898998781978728,1.5075940495989926e-11,2.0,2.0,0.0,2,2,0,0.08301100111133863,1.0,0.0,0.0,1.0,1.000000000003769,irreversible
1.0,0.4,7,0.9204560834921306,0.9204560834922455,1.149080830487037e-13,2.0,2.0,0.0,2,2,0,0.08893318175785414,1.0000000000000002,-2.220446049250313e-16,0.2833333333333333,0.7166666666666667,0.7166666666666952,irreversible
1.0,0.4,8,0.89640549838093,0.8964054983771363,3.79363207514416e-12,2.0,2.0,0.0,2,2,0,0.08603765836187849,1.0,0.0,0.0,1.0,1.0000000000009484,irreversible
1.0,0.4,9,0.9044201620419959,0.9044201620361688,5.827116567047597e-12,1.0,1.0,0.0,1,1,0,0.07069990312459717,1.0,0.0,0.9,0.09999999999999998,0.10000000000145676,reversible
1.0,0.4,10,0.9116638007005211,0.9116638006998523,6.687983500341943e-13,1.0,1.0,0.0,1,1,0,0.07487908239870322,0.9999999999999999,1.1102230246251565e-16,0.05,0.95,0.9500000000001673,irreversible
1.0,0.4,11,0.9139748150289021,0.9139748150281566,7.455147610357926e-13,3.0,3.0,0.0,3,3,0,0.07470227106958927,1.0000000000000002,-2.220446049250313e-16,0.0,1.0,1.000000000000186,irreversible
1.0,0.4,12,0.9057815519928641,0.9057815519840223,8.841816168114747e-12,1.0,1.0,0.0,1,1,0,0.07646068187257193,0.9999999999999999,1.1102230246251565e-16,0.8333333333333334,0.16666666666666663,0.1666666666688772,reversible
1.0,0.4,13,0.892684836853589,0.8926848368506949,2.894129380592858e-12,1.0,1.0,0.0,1,1,0,0.071544980527114,1.0000000000000002,-2.220446049250313e-16,0.0,1.0,1.0000000000007234,irreversible
1.0,0.4,14,0.9134438001358555,0.9134438001351585,6.969980148596733e-13,2.0,2.0,0.0,2,2,0,0.0694192131554272,1.0000000000000002,-2.220446049250313e-16,0.5166666666666667,0.4833333333333333,0.4833333333335073,metastable
1.0,0.4,15,0.9035429530001585,0.9035429529869359,1.3222645200983152e-11,2.0,2.0,0.0,2,2,0,0.08131708391445913,1.0000000000000002,-2.220446049250313e-16,0.0,1.0,1.0000000000033054,irreversible
1.0,0.4,16,0.9063448925125698,0.9063448925080377,4.5320414088223515e-12,2.0,2.0,0.0,2,2,0,0.07647264166529855,0.9999999999999999,1.1102230246251565e-16,0.0,1.0,1.000000000001133,irreversible
1.0,0.4,17,0.9026415794116901,0.9026415794132037,1.513567049471476e-12,1.0,1.0,0.0,1,1,0,0.0791239878765776,0.9999999999999998,2.220446049250313e-16,0.65,0.35,0.35000000000037856,metastable
1.0,0.4,18,0.8927001869277778,0.8927001869217338,6.04394312375689e-12,1.0,1.0,0.0,1,1,0,0.080012374822243,0.9999999999999999,1.1102230246251565e-16,0.8333333333333334,0.16666666666666663,0.16666666666817773,reversible
1.0,0.4,19,0.9084145710353144,0.9084145710336619,1.6525669721545455e-12,1.0,1.0,0.0,1,1,0,0.07404470506928251,1.0,0.0,0.0,1.0,1.0000000000004132,irreversible
1.0,0.5,0,0.906952214409339,0.9069522144226072,1.3268164344992783e-11,2.0,2.0,0.0,2,2,0,0.12033069666070473,1.0000000000000002,-2.220446049250313e-16,0.016666666666666666,0.9833333333333333,0.9833333333366501,irreversible
1.0,0.5,1,0.9243933646739054,0.9243933646731199,7.854827899222983e-13,2.0,2.0,0.0,2,2,0,0.13063955510002467,1.0,0.0,0.6166666666666667,0.3833333333333333,0.3833333333335297,metastable
1.0,0.5,2,0.9008686916672074,0.9008686916641873,3.0201396938878133e-12,1.0,1.0,0.0,1,1,0,0.12537838721291605,1.0000000000000002,-2.220446049250313e-16,0.16666666666666666,0.8333333333333334,0.8333333333340882,irreversible
1.0,0.5,3,0.9038435865223157,0.9038435865196504,2.6653124152176133e-12,1.0,1.0,0.0,1,1,0,0.09974093526391925,1.0000000000000002,-2.220446049250313e-16,0.8833333333333333,0.1166666666666667,0.1166666666673328,reversible
1.0,0.5,4,0.9024330793730908,0.9024330793682174,4.873434988894587e-12,1.0,1.0,0.0,1,1,0,0.10851013231817641,1.0,0.0,0.0,1.0,1.0000000000012184,irreversible
1.0,0.5,5,0.912053898870222,0.912053898869354,8.680833829544099e-13,1.0,1.0,0.0,1,1,0,0.11492066500086584,1.0000000000000004,-4.440892098500626e-16,0.0,1.0,1.0000000000002165,irreversible
1.0,0.5,6,0.8989987819938039,0.8989987819786727,1.513122960261626e-11,2.0,2.0,0.0,2,2,0,0.12664078909907894,1.0000000000000002,-2.220446049250313e-16,0.0,1.0,1.0000000000037825,irreversible
1.0,0.5,7,0.9204560834921306,0.9204560834922362,1.0558220964185239e-13,2.0,2.0,0.0,2,2,0,0.1356854011947447,1.0000000000000002,-2.220446049250313e-16,0.2833333333333333,0.7166666666666667,0.7166666666666929,irreversible
1.0,0.5,8,0.89640549838093,0.8964054983771208,3.809175197488912e-12,2.0,2.0,0.0,2,2,0,0.1312008992810456,0.9999999999999999,1.1102230246251565e-16,0.0,1.0,1.0000000000009523,irreversible
1.0,0.5,9,0.9044201620419959,0.9044201620361767,5.819233983572758e-12,1.0,1.0,0.0,1,1,0,0.1081434761672907,1.0,0.0,0.8833333333333333,0.1166666666666667,0.1166666666681215,reversible
1.0,0.5,10,0.9116638007005211,0.9116638006998471,6.740163982499325e-13,1.0,1.0,0.0,1,1,0,0.11459786559889451,1.0,0.0,0.0,1.0,1.0000000000001685,irreversible
1.0,0.5,11,0.9139748150289021,0.9139748150281306,7.714939798120213e-13,3.0,3.0,0.0,3,3,0,0.11432899370206262,0.9999999999999999,1.1102230246251565e-16,0.0,1.0,1.000000000000193,irreversible
1.0,0.5,12,0.9057815519928641,0.9057815519840225,8.841594123509822e-12,1.0,1.0,0.0,1,1,0,0.11684978056724893,0.9999999999999998,2.220446049250313e-16,0.8,0.19999999999999996,0.20000000000221058,reversible
1.0,0.5,13,0.892684836853589,0.892684836850673,2.9160007741779737e-12,1.0,1.0,0.0,1,1,0,0.10945454337863159,1.0000000000000002,-2.220446049250313e-16,0.0,1.0,1.0000000000007288,irreversible
1.0,0.5,14,0.9134438001358555,0.913443800135156,6.994405055138486e-13,2.0,2.0,0.0,2,2,0,0.10634090326647128,1.0,0.0,0.11666666666666667,0.8833333333333333,0.8833333333335082,irreversible
1.0,0.5,15,0.9035429530001585,0.9035429529869311,1.322741915998904e-11,2.0,2.0,0.0,2,2,0,0.1238941505101453,1.0000000000000002,-2.220446049250313e-16,0.0,1.0,1.0000000000033067,irreversible
1.0,0.5,16,0.9063448925125698,0.9063448925080311,4.5387027469701025e-12,2.0,2.0,0.0,2,2,0,0.11659172823971997,1.0000000000000002,-2.220446049250313e-16,0.0,1.0,1.0000000000011344,irreversible
1.0,0.5,17,0.9026415794116901,0.9026415794132665,1.5764056726652598e-12,1.0,1.0,0.0,1,1,0,0.1207497832915988,0.9999999999999999,1.1102230246251565e-16,0.6333333333333333,0.3666666666666667,0.36666666666706094,metastable
1.0,0.5,18,0.8927001869277778,0.8927001869217592,6.018519016492974e-12,1.0,1.0,0.0,1,1,0,0.12184256438476349,0.9999999999999999,1.1102230246251565e-16,0.8666666666666667,0.1333333333333333,0.13333333333483804,reversible
1.0,0.5,19,0.9084145710353144,0.9084145710336451,1.6693313398263854e-12,1.0,1.0,0.0,1,1,0,0.11347591667395573,1.0,0.0,0.0,1.0,1.0000000000004174,irreversible
1.0,0.6,0,0.906952214409339,0.9069522144225719,1.3232859252809703e-11,2.0,2.0,0.0,2,2,0,0.1690351016255489,0.9999999999999998,2.220446049250313e-16,0.016666666666666666,0.9833333333333333,0.9833333333366417,irreversible
1.0,0.6,1,0.9243933646739054,0.9243933646731208,7.845946115025981e-13,2.0,2.0,0.0,2,2,0,0.18279593430765406,1.0,0.0,0.6,0.4,0.4000000000001962,metastable
1.0,0.6,2,0.9008686916672074,0.9008686916641536,3.0537794515339556e-12,1.0,1.0,0.0,1,1,0,0.1759551704983523,1.0000000000000002,-2.220446049250313e-16,0.0,1.0,1.0000000000007632,irreversible
1.0,0.6,3,0.9038435865223157,0.9038435865196511,2.6645352591003757e-12,1.0,1.0,0.0,1,1,0,0.14068675175838763,1.0000000000000002,-2.220446049250313e-16,0.8666666666666667,0.1333333333333333,0.13333333333399922,reversible
1.0,0.6,4,0.9024330793730908,0.902433079368202,4.888756066634414e-12,1.0,1.0,0.0,1,1,0,0.15285794978753298,1.0000000000000004,-4.440892098500626e-16,0.0,1.0,1.0000000000012217,irreversible
1.0,0.6,5,0.912053898870222,0.9120538988693376,8.844036614163997e-13,1.0,1.0,0.0,1,1,0,0.16141558093615416,1.0,0.0,0.0,1.0,1.0000000000002212,irreversible
1.0,0.6,6,0.8989987819938039,0.8989987819786244,1.5179524304187453e-11,2.0,2.0,0.0,2,2,0,0.17715685290420558,0.9999999999999999,1.1102230246251565e-16,0.0,1.0,1.000000000003795,irreversible
1.0,0.6,7,0.9204560834921306,0.9204560834922267,9.614531393253856e-14,2.0,2.0,0.0,2,2,0,0.18981192657850976,1.0000000000000002,-2.220446049250313e-16,0.3,0.7,0.7000000000000237,irreversible
1.0,0.6,8,0.89640549838093,0.8964054983771231,3.806843729137199e-12,2.0,2.0,0.0,2,2,0,0.18341878788838462,0.9999999999999999,1.1102230246251565e-16,0.0,1.0,1.0000000000009517,irreversible
1.0,0.6,9,0.9044201620419959,0.9044201620361825,5.813460823844707e-12,1.0,1.0,0.0,1,1,0,0.1517608526678481,0.9999999999999999,1.1102230246251565e-16,0.8833333333333333,0.1166666666666667,0.11666666666812017,reversible
1.0,0.6,10,0.9116638007005211,0.9116638006998394,6.816769371198461e-13,1.0,1.0,0.0,1,1,0,0.16091203107090957,0.9999999999999998,2.220446049250313e-16,0.0,1.0,1.0000000000001705,irreversible
1.0,0.6,11,0.9139748150289021,0.9139748150281024,7.996936446375003e-13,3.0,3.0,0.0,3,3,0,0.1605477573456059,1.0000000000000002,-2.220446049250313e-16,0.0,1.0,1.0000000000001996,irreversible
1.0,0.6,12,0.9057815519928641,0.9057815519840184,8.845701948700935e-12,1.0,1.0,0.0,1,1,0,0.16380075062216648,0.9999999999999998,2.220446049250313e-16,0.7,0.30000000000000004,0.3000000000022117,metastable
1.0,0.6,13,0.892684836853589,0.8926848368506579,2.9310998073128758e-12,1.0,1.0,0.0,1,1,0,0.15362989293676166,0.9999999999999999,1.1102230246251565e-16,0.0,1.0,1.0000000000007327,irreversible
1.0,0.6,14,0.9134438001358555,0.9134438001351527,7.027711745877241e-13,2.0,2.0,0.0,2,2,0,0.14949773844743808,1.0000000000000002,-2.220446049250313e-16,0.05,0.95,0.9500000000001754,irreversible
1.0,0.6,15,0.9035429530001585,0.9035429529869469,1.3211653993039363e-11,2.0,2.0,0.0,2,2,0,0.17304121991015198,0.9999999999999998,2.220446049250313e-16,0.0,1.0,1.0000000000033031,irreversible
1.0,0.6,16,0.9063448925125698,0.9063448925080265,4.5432546613710656e-12,2.0,2.0,0.0,2,2,0,0.16299225377376203,0.9999999999999999,1.1102230246251565e-16,0.0,1.0,1.0000000000011358,irreversible
1.0,0.6,17,0.9026415794116901,0.9026415794133439,1.6537882174816332e-12,1.0,1.0,0.0,1,1,0,0.16898054287260322,1.0000000000000004,-4.440892098500626e-16,0.6833333333333333,0.31666666666666665,0.31666666666707965,metastable
1.0,0.6,18,0.8927001869277778,0.892700186921792,5.9857674372665315e-12,1.0,1.0,0.0,1,1,0,0.17008288002199068,1.0,0.0,0.9,0.09999999999999998,0.10000000000149642,reversible
1.0,0.6,19,0.9084145710353144,0.908414571033627,1.6874279751277754e-12,1.0,1.0,0.0,1,1,0,0.15960148961079312,1.0,0.0,0.0,1.0,1.0000000000004219,irreversible
1.0,0.7,0,0.906952214409339,0.9069522144225284,1.3189338510244397e-11,2.0,2.0,0.0,2,2,0,0.22347411786755633,1.0,0.0,0.016666666666666666,0.9833333333333333,0.9833333333366306,irreversible
1.0,0.7,1,0.9243933646739054,0.9243933646731213,7.841505222927481e-13,2.0,2.0,0.0,2,2,0,0.24057493509390515,1.0000000000000002,-2.220446049250313e-16,0.5833333333333334,0.41666666666666663,0.4166666666668625,metastable
1.0,0.7,2,0.9008686916672074,0.9008686916641129,3.094524636537699e-12,1.0,1.0,0.0,1,1,0,0.23235462764065706,1.0,0.0,0.0,1.0,1.0000000000007736,irreversible
1.0,0.7,3,0.9038435865223157,0.9038435865196462,2.6694202404087264e-12,1.0,1.0,0.0,1,1,0,0.18689383951303928,1.0000000000000002,-2.220446049250313e-16,0.8166666666666667,0.18333333333333335,0.18333333333400048,reversible
1.0,0.7,4,0.9024330793730908,0.9024330793681817,4.909073147985055e-12,1.0,1.0,0.0,1,1,0,0.20274525621965345,1.0,0.0,0.0,1.0,1.0000000000012272,irreversible
1.0,0.7,5,0.912053898870222,0.9120538988693228,8.992806499463768e-13,1.0,1.0,0.0,1,1,0,0.21336185078483927,1.0000000000000002,-2.220446049250313e-16,0.0,1.0,1.0000000000002247,irreversible
1.0,0.7,6,0.8989987819938039,0.8989987819785857,1.5218160065444408e-11,2.0,2.0,0.0,2,2,0,0.23310068001676498,1.0,0.0,0.0,1.0,1.0000000000038045,irreversible
1.0,0.7,7,0.9204560834921306,0.920456083492221,9.037215420448774e-14,2.0,2.0,0.0,2,2,0,0.2497316123459521,0.9999999999999998,2.220446049250313e-16,0.2833333333333333,0.7166666666666667,0.7166666666666894,irreversible
1.0,0.7,8,0.89640549838093,0.8964054983771679,3.7621017412448055e-12,2.0,2.0,0.0,2,2,0,0.2411237405712664,1.0,0.0,0.26666666666666666,0.7333333333333334,0.733333333334274,irreversible
1.0,0.7,9,0.9044201620419959,0.9044201620361858,5.810130154770832e-12,1.0,1.0,0.0,1,1,0,0.200419174545991,1.0,0.0,0.8833333333333333,0.1166666666666667,0.11666666666811923,reversible
1.0,0.7,10,0.9116638007005211,0.9116638006998353,6.857847623109592e-13,1.0,1.0,0.0,1,1,0,0.21262724847223147,1.0,0.0,0.0,1.0,1.0000000000001714,irreversible
1.0,0.7,11,0.9139748150289021,0.9139748150280756,8.264500195309665e-13,3.0,3.0,0.0,3,3,0,0.21218574341148344,1.0000000000000002,-2.220446049250313e-16,0.0,1.0,1.0000000000002065,irreversible
1.0,0.7,12,0.9057815519928641,0.9057815519840168,8.847367283237872e-12,1.0,1.0,0.0,1,1,0,0.21604782622402674,0.9999999999999998,2.220446049250313e-16,0.6,0.4,0.4000000000022121,metastable
1.0,0.7,13,0.892684836853589,0.892684836850648,2.9409807922320397e-12,1.0,1.0,0.0,1,1,0,0.20292863866700206,1.0,0.0,0.0,1.0,1.0000000000007352,irreversible
1.0,0.7,14,0.9134438001358555,0.9134438001351497,7.05768776754212e-13,2.0,2.0,0.0,2,2,0,0.19784328393886808,1.0,0.0,0.016666666666666666,0.9833333333333333,0.9833333333335097,irreversible
1.0,0.7,15,0.9035429530001585,0.9035429529869696,1.3188894421034547e-11,2.0,2.0,0.0,2,2,0,0.2272697277063237,0.9999999999999998,2.220446049250313e-16,0.0,1.0,1.0000000000032974,irreversible
1.0,0.7,16,0.9063448925125698,0.9063448925080282,4.541589326834128e-12,2.0,2.0,0.0,2,2,0,0.21433439168764057,1.0000000000000002,-2.220446049250313e-16,0.0,1.0,1.000000000001135,irreversible
1.0,0.7,17,0.9026415794116901,0.9026415794134415,1.7513768213461844e-12,1.0,1.0,0.0,1,1,0,0.22243987785149633,0.9999999999999999,1.1102230246251565e-16,0.75,0.25,0.250000000000438,metastable
1.0,0.7,18,0.8927001869277778,0.8927001869218268,5.9509064342933016e-12,1.0,1.0,0.0,1,1,0,0.22326977168864792,1.0,0.0,0.9333333333333333,0.06666666666666665,0.06666666666815438,reversible
1.0,0.7,19,0.9084145710353144,0.9084145710336133,1.7010837183306649e-12,1.0,1.0,0.0,1,1,0,0.21130679791920737,1.0000000000000002,-2.220446049250313e-16,0.0,1.0,1.000000000000425,irreversible
1.0,0.8,0,0.906952214409339,0.9069522144224843,1.3145262656166778e-11,2.0,2.0,0.0,2,2,0,0.28230978332219914,0.9999999999999999,1.1102230246251565e-16,0.016666666666666666,0.9833333333333333,0.9833333333366197,irreversible
1.0,0.8,1,0.9243933646739054,0.9243933646731209,7.844835892001356e-13,2.0,2.0,0.0,2,2,0,0.3023803935167242,1.0,0.0,0.48333333333333334,0.5166666666666666,0.5166666666668627,metastable
1.0,0.8,2,0.9008686916672074,0.9008686916640755,3.1319391524675666e-12,1.0,1.0,0.0,1,1,0,0.29313535743470653,0.9999999999999999,1.1102230246251565e-16,0.0,1.0,1.000000000000783,irreversible
1.0,0.8,3,0.9038435865223157,0.9038435865196376,2.6780799800008026e-12,1.0,1.0,0.0,1,1,0,0.23740565444346806,0.9999999999999999,1.1102230246251565e-16,0.7833333333333333,0.21666666666666667,0.2166666666673363,reversible
1.0,0.8,4,0.9024330793730908,0.9024330793681622,4.9286130732184574e-12,1.0,1.0,0.0,1,1,0,0.25706527333908047,1.0,0.0,0.0,1.0,1.0000000000012321,irreversible
1.0,0.8,5,0.912053898870222,0.9120538988693075,9.144907053837414e-13,1.0,1.0,0.0,1,1,0,0.26946486824883564,0.9999999999999998,2.220446049250313e-16,0.0,1.0,1.000000000000229,irreversible
1.0,0.8,6,0.8989987819938039,0.8989987819785599,1.5244028261918174e-11,2.0,2.0,0.0,2,2,0,0.2929323807861648,1.0000000000000004,-4.440892098500626e-16,0.0,1.0,1.0000000000038105,irreversible
1.0,0.8,7,0.9204560834921306,0.9204560834922235,9.29256671611256e-14,2.0,2.0,0.0,2,2,0,0.3137645108385745,1.0000000000000002,-2.220446049250313e-16,0.26666666666666666,0.7333333333333334,0.7333333333333564,irreversible
1.0,0.8,8,0.89640549838093,0.8964054983772741,3.655853397788178e-12,2.0,2.0,0.0,2,2,0,0.30264676987830497,0.9999999999999999,1.1102230246251565e-16,0.9,0.09999999999999998,0.10000000000091405,reversible
1.0,0.8,9,0.9044201620419959,0.9044201620361967,5.799249969129505e-12,1.0,1.0,0.0,1,1,0,0.2529074120190332,1.0,0.0,0.8833333333333333,0.1166666666666667,0.11666666666811651,reversible
1.0,0.8,10,0.9116638007005211,0.9116638006998324,6.886713421749846e-13,1.0,1.0,0.0,1,1,0,0.26845283135329534,1.0,0.0,0.0,1.0,1.000000000000172,irreversible
1.0,0.8,11,0.9139748150289021,0.9139748150280514,8.506528814677949e-13,3.0,3.0,0.0,3,3,0,0.2679855568226027,1.0000000000000002,-2.220446049250313e-16,0.0,1.0,1.0000000000002125,irreversible
1.0,0.8,12,0.9057815519928641,0.9057815519840104,8.853695554478236e-12,1.0,1.0,0.0,1,1,0,0.27224519597628294,1.0000000000000002,-2.220446049250313e-16,0.4166666666666667,0.5833333333333333,0.5833333333355465,metastable
1.0,0.8,13,0.892684836853589,0.8926848368506518,2.937206033948314e-12,1.0,1.0,0.0,1,1,0,0.2561269155203816,1.0,0.0,0.0,1.0,1.0000000000007343,irreversible
1.0,0.8,14,0.9134438001358555,0.9134438001351443,7.112088695748753e-13,2.0,2.0,0.0,2,2,0,0.25025318599816815,1.0,0.0,0.0,1.0,1.0000000000001779,irreversible
1.0,0.8,15,0.9035429530001585,0.9035429529870049,1.3153589328851467e-11,2.0,2.0,0.0,2,2,0,0.28502069209065395,1.0000000000000002,-2.220446049250313e-16,0.31666666666666665,0.6833333333333333,0.6833333333366215,irreversible
1.0,0.8,16,0.9063448925125698,0.9063448925080393,4.530487096587876e-12,2.0,2.0,0.0,2,2,0,0.2692276120484055,1.0,0.0,0.0,1.0,1.0000000000011326,irreversible
1.0,0.8,17,0.9026415794116901,0.9026415794135543,1.8641754806481003e-12,1.0,1.0,0.0,1,1,0,0.279673379802743,0.9999999999999998,2.220446049250313e-16,0.8333333333333334,0.16666666666666663,0.1666666666671329,reversible
1.0,0.8,18,0.8927001869277778,0.8927001869218703,5.907496714030458e-12,1.0,1.0,0.0,1,1,0,0.27988870702187263,0.9999999999999999,1.1102230246251565e-16,0.9333333333333333,0.06666666666666665,0.06666666666814364,reversible
1.0,0.8,19,0.9084145710353144,0.9084145710335971,1.7172929744901921e-12,1.0,1.0,0.0,1,1,0,0.2673808214540693,0.9999999999999997,3.3306690738754696e-16,0.0,1.0,1.0000000000004299,irreversible
1.0,0.9,0,0.906952214409339,0.9069522144224462,1.3107182006422136e-11,2.0,2.0,0.0,2,2,0,0.34415194568358665,1.0,0.0,0.016666666666666666,0.9833333333333333,0.9833333333366101,irreversible
1.0,0.9,1,0.9243933646739054,0.9243933646731196,7.858158568296858e-13,2.0,2.0,0.0,2,2,0,0.36659678277522656,0.9999999999999999,1.1102230246251565e-16,0.38333333333333336,0.6166666666666667,0.6166666666668632,irreversible
1.0,0.9,2,0.9008686916672074,0.900868691664053,3.1543656575649948e-12,1.0,1.0,0.0,1,1,0,0.35680389314978145,1.0000000000000002,-2.220446049250313e-16,0.0,1.0,1.0000000000007883,irreversible
1.0,0.9,3,0.9038435865223157,0.9038435865196297,2.6859625634756412e-12,1.0,1.0,0.0,1,1,0,0.29121320719538846,0.9999999999999997,3.3306690738754696e-16,0.75,0.25,0.2500000000006718,metastable
1.0,0.9,4,0.9024330793730908,0.9024330793681523,4.938494058137621e-12,1.0,1.0,0.0,1,1,0,0.31465004432663024,1.0,0.0,0.0,1.0,1.0000000000012346,irreversible
1.0,0.9,5,0.912053898870222,0.9120538988692911,9.309220061481938e-13,1.0,1.0,0.0,1,1,0,0.32837406531701563,1.0000000000000002,-2.220446049250313e-16,0.0,1.0,1.0000000000002325,irreversible
1.0,0.9,6,0.8989987819938039,0.898998781978526,1.5277890064169242e-11,2.0,2.0,0.0,2,2,0,0.3550989395108479,1.0000000000000002,-2.220446049250313e-16,0.0,1.0,1.0000000000038192,irreversible
1.0,0.9,7,0.9204560834921306,0.920456083492235,1.0436096431476471e-13,2.0,2.0,0.0,2,2,0,0.38020617485138786,1.0,0.0,0.3333333333333333,0.6666666666666667,0.6666666666666928,irreversible
1.0,0.9,8,0.89640549838093,0.8964054983774349,3.4950931038224553e-12,2.0,2.0,0.0,2,2,0,0.3662902551220858,0.9999999999999999,1.1102230246251565e-16,0.9166666666666666,0.08333333333333337,0.08333333333420725,reversible
1.0,0.9,9,0.9044201620419959,0.9044201620362234,5.772493594236039e-12,1.0,1.0,0.0,1,1,0,0.3079858292773926,1.0000000000000002,-2.220446049250313e-16,0.9,0.09999999999999998,0.10000000000144288,reversible
1.0,0.9,10,0.9116638007005211,0.9116638006998266,6.945555242054979e-13,1.0,1.0,0.0,1,1,0,0.32705085886181484,1.0000000000000002,-2.220446049250313e-16,0.0,1.0,1.0000000000001734,irreversible
1.0,0.9,11,0.9139748150289021,0.913974815028035,8.670841822322473e-13,3.0,3.0,0.0,3,3,0,0.3266558027137042,1.0000000000000002,-2.220446049250313e-16,0.0,1.0,1.0000000000002165,irreversible
1.0,0.9,12,0.9057815519928641,0.9057815519840032,8.8609120041383e-12,1.0,1.0,0.0,1,1,0,0.33102499349652503,1.0000000000000002,-2.220446049250313e-16,0.16666666666666666,0.8333333333333334,0.8333333333355484,irreversible
1.0,0.9,13,0.892684836853589,0.8926848368506755,2.9135582835237983e-12,1.0,1.0,0.0,1,1,0,0.3119688734471462,1.0,0.0,0.0,1.0,1.0000000000007283,irreversible
1.0,0.9,14,0.9134438001358555,0.9134438001351388,7.166489623955385e-13,2.0,2.0,0.0,2,2,0,0.3055697279459352,1.0,0.0,0.0,1.0,1.0000000000001792,irreversible
1.0,0.9,15,0.9035429530001585,0.9035429529870741,1.308442243441732e-11,2.0,2.0,0.0,2,2,0,0.3447394411660015,0.9999999999999999,1.1102230246251565e-16,0.8166666666666667,0.18333333333333335,0.18333333333660456,reversible
1.0,0.9,16,0.9063448925125698,0.9063448925080563,4.513500684311111e-12,2.0,2.0,0.0,2,2,0,0.32629971891682885,1.0,0.0,0.0,1.0,1.0000000000011284,irreversible
1.0,0.9,17,0.9026415794116901,0.9026415794136783,1.9881873924987303e-12,1.0,1.0,0.0,1,1,0,0.33921402636192144,1.0000000000000004,-4.440892098500626e-16,0.85,0.15000000000000002,0.15000000000049662,reversible
1.0,0.9,18,0.8927001869277778,0.8927001869219314,5.846323425373612e-12,1.0,1.0,0.0,1,1,0,0.3384514978699342,0.9999999999999999,1.1102230246251565e-16,0.9333333333333333,0.06666666666666665,0.06666666666812834,reversible
1.0,0.9,19,0.9084145710353144,0.9084145710335848,1.7296164500635314e-12,1.0,1.0,0.0,1,1,0,0.32655996458531633,1.0000000000000002,-2.220446049250313e-16,0.0,1.0,1.000000000000432,irreversible
1.0,1.0,0,0.906952214409339,0.9069522144224381,1.3099077378342372e-11,2.0,2.0,0.0,2,2,0,0.40760812482259345,1.0000000000000002,-2.220446049250313e-16,0.2,0.8,0.8000000000032745,irreversible
1.0,1.0,1,0.9243933646739054,0.924393364673118,7.874811913666235e-13,2.0,2.0,0.0,2,2,0,0.43165828661491445,1.0,0.0,0.2,0.8,0.8000000000001969,irreversible
1.0,1.0,2,0.9008686916672074,0.9008686916640739,3.133493464702042e-12,1.0,1.0,0.0,1,1,0,0.4218700240676443,0.9999999999999999,1.1102230246251565e-16,0.0,1.0,1.0000000000007834,irreversible
1.0,1.0,3,0.9038435865223157,0.903843586519627,2.6886270987347416e-12,1.0,1.0,0.0,1,1,0,0.34728706259872266,0.9999999999999999,1.1102230246251565e-16,0.75,0.25,0.25000000000067224,metastable
1.0,1.0,4,0.9024330793730908,0.9024330793681562,4.934608277551433e-12,1.0,1.0,0.0,1,1,0,0.3743076784720879,0.9999999999999998,2.220446049250313e-16,0.0,1.0,1.000000000001234,irreversible
1.0,1.0,5,0.912053898870222,0.9120538988692718,9.502398867766715e-13,1.0,1.0,0.0,1,1,0,0.388729854774285,1.0,0.0,0.0,1.0,1.0000000000002376,irreversible
1.0,1.0,6,0.8989987819938039,0.8989987819784746,1.5329293390209386e-11,2.0,2.0,0.0,2,2,0,0.41809817499408897,1.0000000000000002,-2.220446049250313e-16,0.0,1.0,1.000000000003832,irreversible
1.0,1.0,7,0.9204560834921306,0.9204560834922537,1.2312373343092986e-13,2.0,2.0,0.0,2,2,0,0.4473999905927053,1.0000000000000002,-2.220446049250313e-16,0.3,0.7,0.7000000000000305,irreversible
1.0,1.0,8,0.89640549838093,0.8964054983776335,3.296474204717015e-12,2.0,2.0,0.0,2,2,0,0.430399307068958,1.0,0.0,0.9166666666666666,0.08333333333333337,0.08333333333415749,reversible
1.0,1.0,9,0.9044201620419959,0.9044201620362659,5.730083074695358e-12,1.0,1.0,0.0,1,1,0,0.36443353351768903,1.0,0.0,0.9,0.09999999999999998,0.1000000000014325,reversible
1.0,1.0,10,0.9116638007005211,0.9116638006998219,6.992184609089236e-13,1.0,1.0,0.0,1,1,0,0.38708525285072193,1.0,0.0,0.0,1.0,1.0000000000001747,irreversible
1.0,1.0,11,0.9139748150289021,0.9139748150280286,8.735234757750732e-13,3.0,3.0,0.0,3,3,0,0.38692027793110395,0.9999999999999999,1.1102230246251565e-16,0.18333333333333332,0.8166666666666667,0.8166666666668851,irreversible
1.0,1.0,12,0.9057815519928641,0.9057815519839989,8.865241873934337e-12,1.0,1.0,0.0,1,1,0,0.39105267428874413,1.0,0.0,0.1,0.9,0.9000000000022164,irreversible
1.0,1.0,13,0.892684836853589,0.8926848368507107,2.878364213643181e-12,1.0,1.0,0.0,1,1,0,0.369214738265525,0.9999999999999999,1.1102230246251565e-16,0.0,1.0,1.0000000000007196,irreversible
1.0,1.0,14,0.9134438001358555,0.9134438001351376,7.178702077226262e-13,2.0,2.0,0.0,2,2,0,0.3626454650169587,1.0,0.0,0.0,1.0,1.0000000000001794,irreversible
1.0,1.0,15,0.9035429530001585,0.903542952987182,1.2976508756423755e-11,2.0,2.0,0.0,2,2,0,0.4049453089357601,0.9999999999999999,1.1102230246251565e-16,0.9,0.09999999999999998,0.10000000000324422,reversible
1.0,1.0,16,0.9063448925125698,0.9063448925080773,4.492517469145696e-12,2.0,2.0,0.0,2,2,0,0.38425889830483717,1.0,0.0,0.45,0.55,0.5500000000011231,metastable
1.0,1.0,17,0.9026415794116901,0.9026415794138082,2.1180834863798736e-12,1.0,1.0,0.0,1,1,0,0.39964411495250163,0.9999999999999999,1.1102230246251565e-16,0.8666666666666667,0.1333333333333333,0.13333333333386294,reversible
1.0,1.0,18,0.8927001869277778,0.8927001869220151,5.762612609316875e-12,1.0,1.0,0.0,1,1,0,0.39756588554744376,0.9999999999999998,2.220446049250313e-16,0.9333333333333333,0.06666666666666665,0.06666666666810753,reversible
1.0,1.0,19,0.9084145710353144,0.9084145710335867,1.7277290709216686e-12,1.0,1.0,0.0,1,1,0,0.3875722560635204,1.0000000000000002,-2.220446049250313e-16,0.0,1.0,1.0000000000004317,irreversible
1.05,0.0,0,0.9173132609633049,0.9173132609633009,3.9968028886505635e-15,2.0,2.0,0.0,2,2,0,0.0,0.9999999999999998,2.220446049250313e-16,0.11666666666666667,0.8833333333333333,0.8833333333333345,irreversible
1.05,0.0,1,0.9325440737650667,0.93254407376496,1.0669243266647754e-13,1.0,1.0,0.0,1,1,0,0.0,1.0000000000000002,-2.220446049250313e-16,0.18333333333333332,0.8166666666666667,0.8166666666666931,irreversible
1.05,0.0,2,0.9123287540555869,0.9123287540552377,3.4916514124461173e-13,1.0,1.0,0.0,1,1,0,0.0,0.9999999999999999,1.1102230246251565e-16,0.15,0.85,0.8500000000000874,irreversible
1.05,0.0,3,0.9146101194258348,0.9146101194254701,3.647082635893639e-13,1.0,1.0,0.0,1,1,0,0.0,1.0,0.0,0.13333333333333333,0.8666666666666667,0.8666666666667578,irreversible
1.05,0.0,4,0.9134462783067365,0.9134462783061422,5.943023850818463e-13,1.0,1.0,0.0,1,1,0,0.0,0.9999999999999998,2.220446049250313e-16,0.11666666666666667,0.8833333333333333,0.8833333333334821,irreversible
1.05,0.0,5,0.9219072571414653,0.9219072571413731,9.214851104388799e-14,1.0,1.0,0.0,1,1,0,0.0,1.0,0.0,0.11666666666666667,0.8833333333333333,0.8833333333333564,irreversible
1.05,0.0,6,0.9106435234704061,0.9106435234686742,1.7319479184152442e-12,2.0,2.0,0.0,2,2,0,0.0,1.0,0.0,0.15,0.85,0.850000000000433,irreversible
1.05,0.0,7,0.9292360043626611,0.9292360043626716,1.0547118733938987e-14,2.0,2.0,0.0,2,2,0,0.0,0.9999999999999999,1.1102230246251565e-16,0.06666666666666667,0.9333333333333333,0.9333333333333361,irreversible
1.05,0.0,8,0.9084055022712755,0.9084055022709057,3.6981528950263964e-13,2.0,2.0,0.0,2,2,0,0.0,1.0000000000000002,-2.220446049250313e-16,0.05,0.95,0.9500000000000922,irreversible
1.05,0.0,9,0.9153005065188995,0.9153005065181595,7.399636459126668e-13,1.0,1.0,0.0,1,1,0,0.0,1.0,0.0,0.1,0.9,0.900000000000185,irreversible
1.05,0.0,10,0.9214796053098823,0.9214796053097969,8.537615059367454e-14,1.0,1.0,0.0,1,1,0,0.0,0.9999999999999999,1.1102230246251565e-16,0.2833333333333333,0.7166666666666667,0.7166666666666881,irreversible
1.05,0.0,11,0.9234159836206285,0.9234159836205466,8.193445921733655e-14,3.0,3.0,0.0,3,3,0,0.0,1.0,0.0,0.2,0.8,0.8000000000000205,irreversible
1.05,0.0,12,0.9164386225556939,0.9164386225544463,1.2475576127712884e-12,1.0,1.0,0.0,1,1,0,0.0,1.0000000000000002,-2.220446049250313e-16,0.26666666666666666,0.7333333333333334,0.733333333333645,irreversible
1.05,0.0,13,0.90498064277442,0.904980642774101,3.1907809727727e-13,1.0,1.0,0.0,1,1,0,0.0,0.9999999999999998,2.220446049250313e-16,0.13333333333333333,0.8666666666666667,0.8666666666667466,irreversible
1.05,0.0,14,0.9231546278663997,0.9231546278663084,9.126033262418787e-14,2.0,2.0,0.0,2,2,0,0.0,1.0,0.0,0.18333333333333332,0.8166666666666667,0.8166666666666895,irreversible
1.05,0.0,15,0.9147061866492835,0.9147061866477978,1.4857004515533845e-12,2.0,2.0,0.0,2,2,0,0.0,0.9999999999999999,1.1102230246251565e-16,0.05,0.95,0.9500000000003714,irreversible
1.05,0.0,16,0.9169763786737473,0.916976378673218,5.292433158388121e-13,2.0,2.0,0.0,2,2,0,0.0,0.9999999999999999,1.1102230246251565e-16,0.6666666666666666,0.33333333333333337,0.3333333333334658,metastable
1.05,0.0,17,0.9135626602913948,0.9135626602912763,1.184607967275042e-13,1.0,1.0,0.0,1,1,0,0.0,1.0,0.0,0.11666666666666667,0.8833333333333333,0.883333333333363,irreversible
1.05,0.0,18,0.9049727710880837,0.904972771087395,6.886713421749846e-13,1.0,1.0,0.0,1,1,0,0.0,1.0,0.0,0.1,0.9,0.9000000000001722,irreversible
1.05,0.0,19,0.9187553506894153,0.9187553506892312,1.8407497748285095e-13,1.0,1.0,0.0,1,1,0,0.0,0.9999999999999999,1.1102230246251565e-16,0.5,0.5,0.5000000000000462,metastable
1.05,0.1,0,0.9173132609633049,0.9173132609633029,1.9984014443252818e-15,2.0,2.0,0.0,2,2,0,0.005082959184978253,1.0,0.0,0.0,1.0,1.0000000000000004,irreversible
1.05,0.1,1,0.9325440737650667,0.9325440737649603,1.0635936575909e-13,1.0,1.0,0.0,1,1,0,0.005567735344719993,1.0,0.0,0.6333333333333333,0.3666666666666667,0.3666666666666933,metastable
1.05,0.1,2,0.9123287540555869,0.9123287540552399,3.469446951953614e-13,1.0,1.0,0.0,1,1,0,0.005307263305182275,0.9999999999999999,1.1102230246251565e-16,0.9,0.09999999999999998,0.10000000000008682,reversible
1.05,0.1,3,0.9146101194258348,0.9146101194254707,3.6415315207705135e-13,1.0,1.0,0.0,1,1,0,0.004175440822384302,1.0,0.0,0.8166666666666667,0.18333333333333335,0.1833333333334244,reversible
1.05,0.1,4,0.9134462783067365,0.9134462783061423,5.941913627793838e-13,1.0,1.0,0.0,1,1,0,0.004554961461759155,0.9999999999999999,1.1102230246251565e-16,0.05,0.95,0.9500000000001486,irreversible
1.05,0.1,5,0.9219072571414653,0.9219072571413721,9.314771176605063e-14,1.0,1.0,0.0,1,1,0,0.004855247808518315,0.9999999999999998,2.220446049250313e-16,0.0,1.0,1.0000000000000235,irreversible
1.05,0.1,6,0.9106435234704061,0.9106435234686715,1.7346124536743446e-12,2.0,2.0,0.0,2,2,0,0.00540133673198373,1.0000000000000002,-2.220446049250313e-16,0.0,1.0,1.0000000000004334,irreversible
1.05,0.1,7,0.9292360043626611,0.9292360043626712,1.0103029524088925e-14,2.0,2.0,0.0,2,2,0,0.005785230342152614,1.0,0.0,0.06666666666666667,0.9333333333333333,0.9333333333333359,irreversible
1.05,0.1,8,0.9084055022712755,0.9084055022709058,3.6970426720017713e-13,2.0,2.0,0.0,2,2,0,0.005601349941135814,1.0000000000000002,-2.220446049250313e-16,0.05,0.95,0.9500000000000921,irreversible
1.05,0.1,9,0.9153005065188995,0.9153005065181612,7.382983113757291e-13,1.0,1.0,0.0,1,1,0,0.0045797356965694425,1.0,0.0,0.8833333333333333,0.1166666666666667,0.11666666666685127,reversible
1.05,0.1,10,0.9214796053098823,0.9214796053097971,8.515410598874951e-14,1.0,1.0,0.0,1,1,0,0.004845457257861452,1.0,0.0,0.55,0.44999999999999996,0.45000000000002127,metastable
1.05,0.1,11,0.9234159836206285,0.923415983620546,8.248957072964913e-14,3.0,3.0,0.0,3,3,0,0.004834404950814775,1.0,0.0,0.016666666666666666,0.9833333333333333,0.9833333333333539,irreversible
1.05,0.1,12,0.9164386225556939,0.9164386225544473,1.2465584120491258e-12,1.0,1.0,0.0,1,1,0,0.004960474886224864,1.0000000000000002,-2.220446049250313e-16,0.8333333333333334,0.16666666666666663,0.16666666666697805,reversible
1.05,0.1,13,0.90498064277442,0.9049806427740993,3.207434318142077e-13,1.0,1.0,0.0,1,1,0,0.004633053394615061,0.9999999999999999,1.1102230246251565e-16,0.0,1.0,1.0000000000000802,irreversible
1.05,0.1,14,0.9231546278663997,0.9231546278663088,9.092726571680032e-14,2.0,2.0,0.0,2,2,0,0.004485647838096685,1.0000000000000002,-2.220446049250313e-16,0.7166666666666667,0.2833333333333333,0.28333333333335586,metastable
1.05,0.1,15,0.9147061866492835,0.9147061866477965,1.4870327191829347e-12,2.0,2.0,0.0,2,2,0,0.0053028351034647425,1.0,0.0,0.0,1.0,1.0000000000003717,irreversible
1.05,0.1,16,0.9169763786737473,0.9169763786732168,5.304645611658998e-13,2.0,2.0,0.0,2,2,0,0.0049821369432875295,1.0,0.0,0.0,1.0,1.0000000000001326,irreversible
1.05,0.1,17,0.9135626602913948,0.9135626602912774,1.1735057370287905e-13,1.0,1.0,0.0,1,1,0,0.0051455148148101815,1.0000000000000002,-2.220446049250313e-16,0.7,0.30000000000000004,0.30000000000002913,metastable
1.05,0.1,18,0.9049727710880837,0.9049727710873962,6.875611191503594e-13,1.0,1.0,0.0,1,1,0,0.005223089436370398,1.0000000000000002,-2.220446049250313e-16,0.7833333333333333,0.21666666666666667,0.21666666666683834,reversible
1.05,0.1,19,0.9187553506894153,0.9187553506892308,1.8451906669270102e-13,1.0,1.0,0.0,1,1,0,0.0047804830987612235,1.0000000000000002,-2.220446049250313e-16,0.0,1.0,1.000000000000046,irreversible
1.05,0.2,0,0.9173132609633049,0.9173132609633039,9.992007221626409e-16,2.0,2.0,0.0,2,2,0,0.020193045814065447,1.0,0.0,0.0,1.0,1.0000000000000002,irreversible
1.05,0.2,1,0.9325440737650667,0.9325440737649604,1.0624834345662748e-13,1.0,1.0,0.0,1,1,0,0.02209382812342442,0.9999999999999999,1.1102230246251565e-16,0.5833333333333334,0.41666666666666663,0.4166666666666933,metastable
1.05,0.2,2,0.9123287540555869,0.912328754055241,3.4583447217073626e-13,1.0,1.0,0.0,1,1,0,0.021078674462537306,1.0,0.0,0.8833333333333333,0.1166666666666667,0.11666666666675315,reversible
1.05,0.2,3,0.9146101194258348,0.9146101194254715,3.632649736573512e-13,1.0,1.0,0.0,1,1,0,0.01660651766859711,1.0,0.0,0.8,0.19999999999999996,0.20000000000009077,reversible
1.05,0.2,4,0.9134462783067365,0.913446278306142,5.945244296867713e-13,1.0,1.0,0.0,1,1,0,0.01810989112517447,1.0,0.0,0.0,1.0,1.0000000000001485,irreversible
1.05,0.2,5,0.9219072571414653,0.9219072571413709,9.43689570931383e-14,1.0,1.0,0.0,1,1,0,0.019288153457760138,0.9999999999999997,3.3306690738754696e-16,0.0,1.0,1.000000000000024,irreversible
1.05,0.2,6,0.9106435234704061,0.9106435234686675,1.7386092565629951e-12,2.0,2.0,0.0,2,2,0,0.0214311705939928,0.9999999999999999,1.1102230246251565e-16,0.0,1.0,1.0000000000004348,irreversible
1.05,0.2,7,0.9292360043626611,0.9292360043626706,9.547918011776346e-15,2.0,2.0,0.0,2,2,0,0.02295582617563563,1.0,0.0,0.06666666666666667,0.9333333333333333,0.9333333333333358,irreversible
1.05,0.2,8,0.9084055022712755,0.9084055022709048,3.7070346792233977e-13,2.0,2.0,0.0,2,2,0,0.02222273995200541,1.0,0.0,0.0,1.0,1.0000000000000926,irreversible
1.05,0.2,9,0.9153005065188995,0.9153005065181626,7.368550214437164e-13,1.0,1.0,0.0,1,1,0,0.018187698023347854,0.9999999999999999,1.1102230246251565e-16,0.8666666666666667,0.1333333333333333,0.13333333333351763,reversible
1.05,0.2,10,0.9214796053098823,0.9214796053097972,8.504308368628699e-14,1.0,1.0,0.0,1,1,0,0.019247186053557908,1.0,0.0,0.31666666666666665,0.6833333333333333,0.6833333333333547,irreversible
1.05,0.2,11,0.9234159836206285,0.9234159836205453,8.315570454442422e-14,3.0,3.0,0.0,3,3,0,0.019202771093093873,0.9999999999999998,2.220446049250313e-16,0.016666666666666666,0.9833333333333333,0.9833333333333543,irreversible
1.05,0.2,12,0.9164386225556939,0.9164386225544481,1.2457812559318882e-12,1.0,1.0,0.0,1,1,0,0.019693681911027383,1.0,0.0,0.8166666666666667,0.18333333333333335,0.1833333333336448,reversible
1.05,0.2,13,0.90498064277442,0.9049806427740972,3.228528555609955e-13,1.0,1.0,0.0,1,1,0,0.018400621743477563,1.0,0.0,0.0,1.0,1.0000000000000808,irreversible
1.05,0.2,14,0.9231546278663997,0.9231546278663091,9.059419880941277e-14,2.0,2.0,0.0,2,2,0,0.017822918794434872,1.0,0.0,0.6166666666666667,0.3833333333333333,0.38333333333335595,metastable
1.05,0.2,15,0.9147061866492835,0.9147061866477948,1.4886980537198724e-12,2.0,2.0,0.0,2,2,0,0.021030983863888464,1.0,0.0,0.0,1.0,1.0000000000003721,irreversible
1.05,0.2,16,0.9169763786737473,0.9169763786732151,5.321298957028375e-13,2.0,2.0,0.0,2,2,0,0.019762566257660485,1.0000000000000002,-2.220446049250313e-16,0.0,1.0,1.0000000000001328,irreversible
1.05,0.2,17,0.9135626602913948,0.9135626602912786,1.1612932837579137e-13,1.0,1.0,0.0,1,1,0,0.02041849490494585,1.0000000000000002,-2.220446049250313e-16,0.65,0.35,0.3500000000000288,metastable
1.05,0.2,18,0.9049727710880837,0.9049727710873974,6.863398738232718e-13,1.0,1.0,0.0,1,1,0,0.020710169321628502,0.9999999999999999,1.1102230246251565e-16,0.7833333333333333,0.21666666666666667,0.21666666666683837,reversible
1.05,0.2,19,0.9187553506894153,0.9187553506892296,1.8562928971732617e-13,1.0,1.0,0.0,1,1,0,0.018997841239258295,1.0,0.0,0.0,1.0,1.0000000000000464,irreversible
1.05,0.3,0,0.9173132609633049,0.9173132609633042,6.661338147750939e-16,2.0,2.0,0.0,2,2,0,0.04491957961568338,1.0,0.0,0.0,1.0,1.0000000000000002,irreversible
1.05,0.3,1,0.9325440737650667,0.9325440737649605,1.0613732115416497e-13,1.0,1.0,0.0,1,1,0,0.04905571508536821,0.9999999999999998,2.220446049250313e-16,0.5833333333333334,0.41666666666666663,0.4166666666666934,metastable
1.05,0.3,2,0.9123287540555869,0.9123287540552413,3.4561242756581123e-13,1.0,1.0,0.0,1,1,0,0.04686935264896541,1.0,0.0,0.8666666666666667,0.1333333333333333,0.1333333333334197,reversible
1.05,0.3,3,0.9146101194258348,0.9146101194254724,3.623767952376511e-13,1.0,1.0,0.0,1,1,0,0.037010886385621666,0.9999999999999999,1.1102230246251565e-16,0.7833333333333333,0.21666666666666667,0.21666666666675738,reversible
1.05,0.3,4,0.9134462783067365,0.9134462783061411,5.954126081064715e-13,1.0,1.0,0.0,1,1,0,0.04033879710526955,1.0,0.0,0.0,1.0,1.0000000000001488,irreversible
1.05,0.3,5,0.9219072571414653,0.9219072571413692,9.603429163007604e-14,1.0,1.0,0.0,1,1,0,0.04290546087307101,0.9999999999999998,2.220446049250313e-16,0.0,1.0,1.0000000000000242,irreversible
1.05,0.3,6,0.9106435234704061,0.9106435234686636,1.7424950371491832e-12,2.0,2.0,0.0,2,2,0,0.04757620097962545,1.0,0.0,0.0,1.0,1.0000000000004357,irreversible
1.05,0.3,7,0.9292360043626611,0.9292360043626698,8.770761894538737e-15,2.0,2.0,0.0,2,2,0,0.05096549380339721,1.0,0.0,0.06666666666666667,0.9333333333333333,0.9333333333333356,irreversible
1.05,0.3,8,0.9084055022712755,0.9084055022709031,3.723688024592775e-13,2.0,2.0,0.0,2,2,0,0.04932491169818787,0.9999999999999999,1.1102230246251565e-16,0.0,1.0,1.000000000000093,irreversible
1.05,0.3,9,0.9153005065188995,0.9153005065181642,7.353007092092412e-13,1.0,1.0,0.0,1,1,0,0.04043632998506097,1.0000000000000002,-2.220446049250313e-16,0.8666666666666667,0.1333333333333333,0.1333333333335169,reversible
1.05,0.3,10,0.9214796053098823,0.9214796053097971,8.515410598874951e-14,1.0,1.0,0.0,1,1,0,0.04280687287122964,1.0000000000000004,-4.440892098500626e-16,0.15,0.85,0.8500000000000208,irreversible
1.05,0.3,11,0.9234159836206285,0.9234159836205444,8.404388296412435e-14,3.0,3.0,0.0,3,3,0,0.04270669406900163,0.9999999999999997,3.3306690738754696e-16,0.016666666666666666,0.9833333333333333,0.9833333333333546,irreversible
1.05,0.3,12,0.9164386225556939,0.9164386225544487,1.245115122117113e-12,1.0,1.0,0.0,1,1,0,0.043762203751507744,0.9999999999999999,1.1102230246251565e-16,0.8,0.19999999999999996,0.20000000000031135,reversible
1.05,0.3,13,0.90498064277442,0.9049806427740946,3.254063685176334e-13,1.0,1.0,0.0,1,1,0,0.04091397074266456,0.9999999999999999,1.1102230246251565e-16,0.0,1.0,1.0000000000000813,irreversible
1.05,0.3,14,0.9231546278663997,0.9231546278663092,9.048317650695026e-14,2.0,2.0,0.0,2,2,0,0.039658121293117965,1.0000000000000002,-2.220446049250313e-16,0.5666666666666667,0.43333333333333335,0.4333333333333558,metastable
1.05,0.3,15,0.9147061866492835,0.9147061866477934,1.4901413436518851e-12,2.0,2.0,0.0,2,2,0,0.04665332075894657,1.0,0.0,0.0,1.0,1.0000000000003726,irreversible
1.05,0.3,16,0.9169763786737473,0.9169763786732137,5.335731856348502e-13,2.0,2.0,0.0,2,2,0,0.04385319866641246,1.0,0.0,0.0,1.0,1.0000000000001334,irreversible
1.05,0.3,17,0.9135626602913948,0.91356266029128,1.1479706074624119e-13,1.0,1.0,0.0,1,1,0,0.045336698142943166,0.9999999999999998,2.220446049250313e-16,0.6,0.4,0.40000000000002894,metastable
1.05,0.3,18,0.9049727710880837,0.9049727710873983,6.854516954035716e-13,1.0,1.0,0.0,1,1,0,0.04592561741286427,0.9999999999999999,1.1102230246251565e-16,0.7833333333333333,0.21666666666666667,0.21666666666683815,reversible
1.05,0.3,19,0.9187553506894153,0.9187553506892283,1.8696155734687636e-13,1.0,1.0,0.0,1,1,0,0.04228468101897398,1.0,0.0,0.0,1.0,1.0000000000000466,irreversible
1.05,0.4,0,0.9173132609633049,0.9173132609633041,7.771561172376096e-16,2.0,2.0,0.0,2,2,0,0.078596769228518,1.0,0.0,0.0,1.0,1.0000000000000002,irreversible
1.05,0.4,1,0.9325440737650667,0.9325440737649607,1.0591527654923993e-13,1.0,1.0,0.0,1,1,0,0.08561117446767541,1.0,0.0,0.55,0.44999999999999996,0.45000000000002643,metastable
1.05,0.4,2,0.9123287540555869,0.9123287540552407,3.461675390781238e-13,1.0,1.0,0.0,1,1,0,0.08195835964297293,1.0,0.0,0.7833333333333333,0.21666666666666667,0.21666666666675322,reversible
1.05,0.4,3,0.9146101194258348,0.9146101194254734,3.6137759451548845e-13,1.0,1.0,0.0,1,1,0,0.06492912668400885,1.0,0.0,0.8,0.19999999999999996,0.2000000000000903,reversible
1.05,0.4,4,0.9134462783067365,0.9134462783061403,5.961897642237091e-13,1.0,1.0,0.0,1,1,0,0.07071109653724983,0.9999999999999998,2.220446049250313e-16,0.0,1.0,1.0000000000001492,irreversible
1.05,0.4,5,0.9219072571414653,0.9219072571413673,9.792167077193881e-14,1.0,1.0,0.0,1,1,0,0.0750690014097507,1.0,0.0,0.0,1.0,1.0000000000000244,irreversible
1.05,0.4,6,0.9106435234704061,0.9106435234686591,1.7470469515501463e-12,2.0,2.0,0.0,2,2,0,0.08301100111133863,1.0,0.0,0.0,1.0,1.0000000000004368,irreversible
1.05,0.4,7,0.9292360043626611,0.929236004362669,7.882583474838611e-15,2.0,2.0,0.0,2,2,0,0.08893318175785414,0.9999999999999997,3.3306690738754696e-16,0.06666666666666667,0.9333333333333333,0.9333333333333357,irreversible
1.05,0.4,8,0.9084055022712755,0.9084055022709014,3.7403413699621524e-13,2.0,2.0,0.0,2,2,0,0.08603765836187849,1.0,0.0,0.0,1.0,1.0000000000000935,irreversible
1.05,0.4,9,0.9153005065188995,0.9153005065181655,7.33968441579691e-13,1.0,1.0,0.0,1,1,0,0.07069990312459717,0.9999999999999998,2.220446049250313e-16,0.8666666666666667,0.1333333333333333,0.13333333333351702,reversible
1.05,0.4,10,0.9214796053098823,0.9214796053097969,8.537615059367454e-14,1.0,1.0,0.0,1,1,0,0.07487908239870322,0.9999999999999999,1.1102230246251565e-16,0.1,0.9,0.9000000000000214,irreversible
1.05,0.4,11,0.9234159836206285,0.9234159836205437,8.482103908136196e-14,3.0,3.0,0.0,3,3,0,0.07470227106958927,1.0,0.0,0.016666666666666666,0.9833333333333333,0.9833333333333545,irreversible
1.05,0.4,12,0.9164386225556939,0.9164386225544492,1.244671032907263e-12,1.0,1.0,0.0,1,1,0,0.07646068187257193,0.9999999999999997,3.3306690738754696e-16,0.7666666666666667,0.23333333333333328,0.23333333333364478,reversible
1.05,0.4,13,0.90498064277442,0.9049806427740917,3.282929483816588e-13,1.0,1.0,0.0,1,1,0,0.071544980527114,0.9999999999999998,2.220446049250313e-16,0.0,1.0,1.0000000000000824,irreversible
1.05,0.4,14,0.9231546278663997,0.9231546278663091,9.059419880941277e-14,2.0,2.0,0.0,2,2,0,0.0694192131554271,0.9999999999999999,1.1102230246251565e-16,0.35,0.65,0.6500000000000228,irreversible
1.05,0.4,15,0.9147061866492835,0.9147061866477927,1.4908074774666602e-12,2.0,2.0,0.0,2,2,0,0.08131708391445913,1.0000000000000002,-2.220446049250313e-16,0.0,1.0,1.0000000000003726,irreversible
1.05,0.4,16,0.9169763786737473,0.9169763786732128,5.344613640545504e-13,2.0,2.0,0.0,2,2,0,0.07647264166529855,1.0,0.0,0.0,1.0,1.0000000000001337,irreversible
1.05,0.4,17,0.9135626602913948,0.9135626602912816,1.1313172620930345e-13,1.0,1.0,0.0,1,1,0,0.0791239878765776,1.0000000000000002,-2.220446049250313e-16,0.5833333333333334,0.41666666666666663,0.4166666666666947,metastable
1.05,0.4,18,0.9049727710880837,0.9049727710873997,6.840084054715589e-13,1.0,1.0,0.0,1,1,0,0.080012374822243,0.9999999999999999,1.1102230246251565e-16,0.7833333333333333,0.21666666666666667,0.2166666666668378,reversible
1.05,0.4,19,0.9187553506894153,0.9187553506892266,1.886268918838141e-13,1.0,1.0,0.0,1,1,0,0.07404470506928251,1.0000000000000004,-4.440892098500626e-16,0.0,1.0,1.0000000000000466,irreversible
1.05,0.5,0,0.9173132609633049,0.9173132609633033,1.5543122344752192e-15,2.0,2.0,0.0,2,2,0,0.12033069666070473,1.0,0.0,0.0,1.0,1.0000000000000004,irreversible
1.05,0.5,1,0.9325440737650667,0.9325440737649608,1.0580425424677742e-13,1.0,1.0,0.0,1,1,0,0.13063955510002467,0.9999999999999999,1.1102230246251565e-16,0.5333333333333333,0.4666666666666667,0.4666666666666932,metastable
1.05,0.5,2,0.9123287540555869,0.9123287540552388,3.480549182199866e-13,1.0,1.0,0.0,1,1,0,0.12537838721291605,1.0,0.0,0.23333333333333334,0.7666666666666666,0.7666666666667536,irreversible
1.05,0.5,3,0.9146101194258348,0.9146101194254743,3.6048941609578833e-13,1.0,1.0,0.0,1,1,0,0.09974093526391925,1.0,0.0,0.7833333333333333,0.21666666666666667,0.2166666666667568,reversible
1.05,0.5,4,0.9134462783067365,0.9134462783061394,5.970779426434092e-13,1.0,1.0,0.0,1,1,0,0.10851013231817641,1.0000000000000002,-2.220446049250313e-16,0.0,1.0,1.000000000000149,irreversible
1.05,0.5,5,0.9219072571414653,0.9219072571413653,9.992007221626409e-14,1.0,1.0,0.0,1,1,0,0.11492066500086584,0.9999999999999999,1.1102230246251565e-16,0.0,1.0,1.0000000000000249,irreversible
1.05,0.5,6,0.9106435234704061,0.9106435234686535,1.7525980666732721e-12,2.0,2.0,0.0,2,2,0,0.12664078909907894,1.0,0.0,0.0,1.0,1.000000000000438,irreversible
1.05,0.5,7,0.9292360043626611,0.929236004362668,6.8833827526759706e-15,2.0,2.0,0.0,2,2,0,0.1356854011947447,0.9999999999999999,1.1102230246251565e-16,0.05,0.95,0.9500000000000017,irreversible
1.05,0.5,8,0.9084055022712755,0.9084055022709002,3.752553823233029e-13,2.0,2.0,0.0,2,2,0,0.1312008992810456,1.0000000000000002,-2.220446049250313e-16,0.0,1.0,1.0000000000000937,irreversible
1.05,0.5,9,0.9153005065188995,0.9153005065181664,7.330802631599909e-13,1.0,1.0,0.0,1,1,0,0.1081434761672907,1.0,0.0,0.85,0.15000000000000002,0.1500000000001833,reversible
1.05,0.5,10,0.9214796053098823,0.9214796053097963,8.593126210598712e-14,1.0,1.0,0.0,1,1,0,0.11459786559889451,0.9999999999999999,1.1102230246251565e-16,0.03333333333333333,0.9666666666666667,0.9666666666666883,irreversible
1.05,0.5,11,0.9234159836206285,0.923415983620543,8.548717289613705e-14,3.0,3.0,0.0,3,3,0,0.11432899370206262,1.0,0.0,0.016666666666666666,0.9833333333333333,0.9833333333333547,irreversible
1.05,0.5,12,0.9164386225556939,0.9164386225544493,1.2445600106048005e-12,1.0,1.0,0.0,1,1,0,0.11684978056724893,1.0000000000000002,-2.220446049250313e-16,0.7166666666666667,0.2833333333333333,0.28333333333364424,metastable
1.05,0.5,13,0.90498064277442,0.9049806427740893,3.3073543903583413e-13,1.0,1.0,0.0,1,1,0,0.10945454337863159,1.0000000000000002,-2.220446049250313e-16,0.0,1.0,1.0000000000000824,irreversible
1.05,0.5,14,0.9231546278663997,0.9231546278663088,9.092726571680032e-14,2.0,2.0,0.0,2,2,0,0.10634090326647128,1.0,0.0,0.1,0.9,0.9000000000000228,irreversible
1.05,0.5,15,0.9147061866492835,0.9147061866477919,1.4915846335838978e-12,2.0,2.0,0.0,2,2,0,0.1238941505101453,0.9999999999999999,1.1102230246251565e-16,0.0,1.0,1.0000000000003728,irreversible
1.05,0.5,16,0.9169763786737473,0.9169763786732124,5.349054532644004e-13,2.0,2.0,0.0,2,2,0,0.11659172823971997,0.9999999999999997,3.3306690738754696e-16,0.0,1.0,1.0000000000001341,irreversible
1.05,0.5,17,0.9135626602913948,0.9135626602912836,1.1113332476497817e-13,1.0,1.0,0.0,1,1,0,0.1207497832915988,0.9999999999999998,2.220446049250313e-16,0.6166666666666667,0.3833333333333333,0.3833333333333613,metastable
1.05,0.5,18,0.9049727710880837,0.9049727710874024,6.813438702124586e-13,1.0,1.0,0.0,1,1,0,0.12184256438476349,1.0000000000000002,-2.220446049250313e-16,0.7833333333333333,0.21666666666666667,0.2166666666668368,reversible
1.05,0.5,19,0.9187553506894153,0.9187553506892252,1.900701818158268e-13,1.0,1.0,0.0,1,1,0,0.11347591667395573,1.0,0.0,0.0,1.0,1.0000000000000475,irreversible
1.05,0.6,0,0.9173132609633049,0.9173132609633018,3.1086244689504383e-15,2.0,2.0,0.0,2,2,0,0.1690351016255488,0.9999999999999999,1.1102230246251565e-16,0.0,1.0,1.0000000000000009,irreversible
1.05,0.6,1,0.9325440737650667,0.9325440737649611,1.0558220964185239e-13,1.0,1.0,0.0,1,1,0,0.18279593430765406,0.9999999999999999,1.1102230246251565e-16,0.5166666666666667,0.4833333333333333,0.4833333333333598,metastable
1.05,0.6,2,0.9123287540555869,0.9123287540552355,3.5138558729386205e-13,1.0,1.0,0.0,1,1,0,0.1759551704983523,0.9999999999999999,1.1102230246251565e-16,0.0,1.0,1.000000000000088,irreversible
1.05,0.6,3,0.9146101194258348,0.9146101194254745,3.602673714908633e-13,1.0,1.0,0.0,1,1,0,0.14068675175838763,1.0000000000000002,-2.220446049250313e-16,0.7666666666666667,0.23333333333333328,0.23333333333342313,reversible
1.05,0.6,4,0.9134462783067365,0.9134462783061381,5.984102102729594e-13,1.0,1.0,0.0,1,1,0,0.15285794978753298,1.0,0.0,0.0,1.0,1.0000000000001497,irreversible
1.05,0.6,5,0.9219072571414653,0.9219072571413633,1.0191847366058937e-13,1.0,1.0,0.0,1,1,0,0.16141558093615416,0.9999999999999999,1.1102230246251565e-16,0.0,1.0,1.0000000000000255,irreversible
1.05,0.6,6,0.9106435234704061,0.9106435234686487,1.7573720256791603e-12,2.0,2.0,0.0,2,2,0,0.17715685290420558,0.9999999999999998,2.220446049250313e-16,0.0,1.0,1.0000000000004396,irreversible
1.05,0.6,7,0.9292360043626611,0.929236004362667,5.88418203051333e-15,2.0,2.0,0.0,2,2,0,0.18981192657850976,0.9999999999999998,2.220446049250313e-16,0.06666666666666667,0.9333333333333333,0.933333333333335,irreversible
1.05,0.6,8,0.9084055022712755,0.9084055022709004,3.750333377183779e-13,2.0,2.0,0.0,2,2,0,0.18341878788838462,1.0,0.0,0.0,1.0,1.0000000000000937,irreversible
1.05,0.6,9,0.9153005065188995,0.9153005065181672,7.323031070427533e-13,1.0,1.0,0.0,1,1,0,0.1517608526678481,1.0000000000000002,-2.220446049250313e-16,0.85,0.15000000000000002,0.15000000000018288,reversible
1.05,0.6,10,0.9214796053098823,0.9214796053097957,8.659739592076221e-14,1.0,1.0,0.0,1,1,0,0.16091203107090946,1.0000000000000002,-2.220446049250313e-16,0.0,1.0,1.0000000000000213,irreversible
1.05,0.6,11,0.9234159836206285,0.9234159836205422,8.626432901337466e-14,3.0,3.0,0.0,3,3,0,0.1605477573456059,1.0000000000000002,-2.220446049250313e-16,0.016666666666666666,0.9833333333333333,0.9833333333333546,irreversible
1.05,0.6,12,0.9164386225556939,0.9164386225544489,1.2450040998146505e-12,1.0,1.0,0.0,1,1,0,0.16380075062216648,1.0,0.0,0.5833333333333334,0.41666666666666663,0.4166666666669779,metastable
1.05,0.6,13,0.90498064277442,0.9049806427740873,3.327338404801594e-13,1.0,1.0,0.0,1,1,0,0.15362989293676188,0.9999999999999999,1.1102230246251565e-16,0.0,1.0,1.0000000000000833,irreversible
1.05,0.6,14,0.9231546278663997,0.9231546278663084,9.126033262418787e-14,2.0,2.0,0.0,2,2,0,0.14949773844743786,1.0,0.0,0.05,0.95,0.9500000000000228,irreversible
1.05,0.6,15,0.9147061866492835,0.9147061866477934,1.4901413436518851e-12,2.0,2.0,0.0,2,2,0,0.17304121991015198,1.0000000000000002,-2.220446049250313e-16,0.0,1.0,1.0000000000003724,irreversible
1.05,0.6,16,0.9169763786737473,0.9169763786732119,5.353495424742505e-13,2.0,2.0,0.0,2,2,0,0.16299225377376192,0.9999999999999999,1.1102230246251565e-16,0.0,1.0,1.000000000000134,irreversible
1.05,0.6,17,0.9135626602913948,0.9135626602912863,1.084687895058778e-13,1.0,1.0,0.0,1,1,0,0.16898054287260322,1.0000000000000002,-2.220446049250313e-16,0.6333333333333333,0.3666666666666667,0.36666666666669356,metastable
1.05,0.6,18,0.9049727710880837,0.9049727710874057,6.780132011385831e-13,1.0,1.0,0.0,1,1,0,0.17008288002199068,1.0,0.0,0.8166666666666667,0.18333333333333335,0.18333333333350285,reversible
1.05,0.6,19,0.9187553506894153,0.9187553506892233,1.9195756095768957e-13,1.0,1.0,0.0,1,1,0,0.15960148961079312,1.0,0.0,0.0,1.0,1.000000000000048,irreversible
1.05,0.7,0,0.9173132609633049,0.9173132609633,4.884981308350689e-15,2.0,2.0,0.0,2,2,0,0.22347411786755633,1.0,0.0,0.016666666666666666,0.9833333333333333,0.9833333333333345,irreversible
1.05,0.7,1,0.9325440737650667,0.9325440737649612,1.0547118733938987e-13,1.0,1.0,0.0,1,1,0,0.24057493509390515,1.0,0.0,0.45,0.55,0.5500000000000265,metastable
1.05,0.7,2,0.9123287540555869,0.9123287540552316,3.552713678800501e-13,1.0,1.0,0.0,1,1,0,0.23235462764065706,1.0,0.0,0.0,1.0,1.0000000000000888,irreversible
1.05,0.7,3,0.9146101194258348,0.9146101194254744,3.603783937933258e-13,1.0,1.0,0.0,1,1,0,0.1868938395130394,0.9999999999999999,1.1102230246251565e-16,0.7333333333333333,0.2666666666666667,0.2666666666667569,metastable
1.05,0.7,4,0.9134462783067365,0.9134462783061362,6.002975894148221e-13,1.0,1.0,0.0,1,1,0,0.20274525621965345,1.0000000000000002,-2.220446049250313e-16,0.0,1.0,1.0000000000001499,irreversible
1.05,0.7,5,0.9219072571414653,0.9219072571413617,1.035838081975271e-13,1.0,1.0,0.0,1,1,0,0.21336185078483927,0.9999999999999999,1.1102230246251565e-16,0.0,1.0,1.000000000000026,irreversible
1.05,0.7,6,0.9106435234704061,0.9106435234686442,1.7619239400801234e-12,2.0,2.0,0.0,2,2,0,0.23310068001676498,0.9999999999999999,1.1102230246251565e-16,0.0,1.0,1.0000000000004405,irreversible
1.05,0.7,7,0.9292360043626611,0.9292360043626662,5.10702591327572e-15,2.0,2.0,0.0,2,2,0,0.2497316123459521,1.0000000000000002,-2.220446049250313e-16,0.08333333333333333,0.9166666666666666,0.9166666666666676,irreversible
1.05,0.7,8,0.9084055022712755,0.9084055022709044,3.710365348297273e-13,2.0,2.0,0.0,2,2,0,0.2411237405712664,0.9999999999999999,1.1102230246251565e-16,0.016666666666666666,0.9833333333333333,0.9833333333334262,irreversible
1.05,0.7,9,0.9153005065188995,0.9153005065181676,7.318590178329032e-13,1.0,1.0,0.0,1,1,0,0.200419174545991,1.0000000000000002,-2.220446049250313e-16,0.8166666666666667,0.18333333333333335,0.1833333333335161,reversible
1.05,0.7,10,0.9214796053098823,0.9214796053097952,8.704148513061227e-14,1.0,1.0,0.0,1,1,0,0.21262724847223147,0.9999999999999997,3.3306690738754696e-16,0.0,1.0,1.0000000000000222,irreversible
1.05,0.7,11,0.9234159836206285,0.9234159836205414,8.704148513061227e-14,3.0,3.0,0.0,3,3,0,0.21218574341148344,1.0000000000000002,-2.220446049250313e-16,0.016666666666666666,0.9833333333333333,0.9833333333333548,irreversible
1.05,0.7,12,0.9164386225556939,0.9164386225544487,1.245115122117113e-12,1.0,1.0,0.0,1,1,0,0.21604782622402674,0.9999999999999998,2.220446049250313e-16,0.55,0.44999999999999996,0.4500000000003115,metastable
1.05,0.7,13,0.90498064277442,0.9049806427740856,3.3439917501709715e-13,1.0,1.0,0.0,1,1,0,0.20292863866700206,1.0000000000000002,-2.220446049250313e-16,0.0,1.0,1.0000000000000835,irreversible
1.05,0.7,14,0.9231546278663997,0.923154627866308,9.170442183403793e-14,2.0,2.0,0.0,2,2,0,0.19784328393886808,1.0,0.0,0.016666666666666666,0.9833333333333333,0.9833333333333563,irreversible
1.05,0.7,15,0.9147061866492835,0.9147061866477953,1.4881429422075598e-12,2.0,2.0,0.0,2,2,0,0.2272697277063237,0.9999999999999999,1.1102230246251565e-16,0.0,1.0,1.0000000000003721,irreversible
1.05,0.7,16,0.9169763786737473,0.9169763786732122,5.350164755668629e-13,2.0,2.0,0.0,2,2,0,0.21433439168764057,1.0000000000000002,-2.220446049250313e-16,0.0,1.0,1.0000000000001334,irreversible
1.05,0.7,17,0.9135626602913948,0.9135626602912902,1.0458300891968975e-13,1.0,1.0,0.0,1,1,0,0.22243987785149633,0.9999999999999998,2.220446049250313e-16,0.75,0.25,0.25000000000002637,metastable
1.05,0.7,18,0.9049727710880837,0.9049727710874091,6.745715097622451e-13,1.0,1.0,0.0,1,1,0,0.2232697716886478,1.0000000000000002,-2.220446049250313e-16,0.85,0.15000000000000002,0.15000000000016844,reversible
1.05,0.7,19,0.9187553506894153,0.9187553506892218,1.9351187319216478e-13,1.0,1.0,0.0,1,1,0,0.21130679791920748,0.9999999999999999,1.1102230246251565e-16,0.0,1.0,1.0000000000000484,irreversible
1.05,0.8,0,0.9173132609633049,0.9173132609632985,6.439293542825908e-15,2.0,2.0,0.0,2,2,0,0.28230978332219914,0.9999999999999998,2.220446049250313e-16,0.016666666666666666,0.9833333333333333,0.9833333333333352,irreversible
1.05,0.8,1,0.9325440737650667,0.9325440737649611,1.0558220964185239e-13,1.0,1.0,0.0,1,1,0,0.3023803935167242,1.0,0.0,0.38333333333333336,0.6166666666666667,0.6166666666666931,irreversible
1.05,0.8,2,0.9123287540555869,0.9123287540552278,3.590461261637756e-13,1.0,1.0,0.0,1,1,0,0.29313535743470653,1.0000000000000002,-2.220446049250313e-16,0.0,1.0,1.0000000000000895,irreversible
1.05,0.8,3,0.9146101194258348,0.914610119425474,3.608224830031759e-13,1.0,1.0,0.0,1,1,0,0.23740565444346806,1.0,0.0,0.6833333333333333,0.31666666666666665,0.31666666666675686,metastable
1.05,0.8,4,0.9134462783067365,0.9134462783061341,6.024070131616099e-13,1.0,1.0,0.0,1,1,0,0.2570652733390806,1.0000000000000002,-2.220446049250313e-16,0.0,1.0,1.0000000000001503,irreversible
1.05,0.8,5,0.9219072571414653,0.92190725714136,1.0524914273446484e-13,1.0,1.0,0.0,1,1,0,0.26946486824883564,1.0000000000000002,-2.220446049250313e-16,0.0,1.0,1.0000000000000262,irreversible
1.05,0.8,6,0.9106435234704061,0.9106435234686409,1.765254609153999e-12,2.0,2.0,0.0,2,2,0,0.2929323807861649,1.0,0.0,0.0,1.0,1.0000000000004414,irreversible
1.05,0.8,7,0.9292360043626611,0.9292360043626665,5.440092820663267e-15,2.0,2.0,0.0,2,2,0,0.3137645108385745,1.0000000000000002,-2.220446049250313e-16,0.08333333333333333,0.9166666666666666,0.9166666666666677,irreversible
1.05,0.8,8,0.9084055022712755,0.9084055022709137,3.618216837253385e-13,2.0,2.0,0.0,2,2,0,0.30264676987830497,0.9999999999999999,1.1102230246251565e-16,0.7833333333333333,0.21666666666666667,0.21666666666675724,reversible
1.05,0.8,9,0.9153005065188995,0.9153005065181687,7.30748794808278e-13,1.0,1.0,0.0,1,1,0,0.2529074120190332,1.0,0.0,0.8,0.19999999999999996,0.20000000000018264,reversible
1.05,0.8,10,0.9214796053098823,0.9214796053097952,8.704148513061227e-14,1.0,1.0,0.0,1,1,0,0.26845283135329534,1.0000000000000002,-2.220446049250313e-16,0.0,1.0,1.0000000000000215,irreversible
1.05,0.8,11,0.9234159836206285,0.9234159836205408,8.770761894538737e-14,3.0,3.0,0.0,3,3,0,0.2679855568226027,1.0000000000000002,-2.220446049250313e-16,0.016666666666666666,0.9833333333333333,0.9833333333333549,irreversible
1.05,0.8,12,0.9164386225556939,0.916438622554448,1.2458922782343507e-12,1.0,1.0,0.0,1,1,0,0.27224519597628294,1.0000000000000004,-4.440892098500626e-16,0.3333333333333333,0.6666666666666667,0.6666666666669778,irreversible
1.05,0.8,13,0.90498064277442,0.9049806427740853,3.347322419244847e-13,1.0,1.0,0.0,1,1,0,0.2561269155203816,1.0,0.0,0.0,1.0,1.0000000000000837,irreversible
1.05,0.8,14,0.9231546278663997,0.9231546278663072,9.248157795127554e-14,2.0,2.0,0.0,2,2,0,0.25025318599816815,1.0,0.0,0.0,1.0,1.000000000000023,irreversible
1.05,0.8,15,0.9147061866492835,0.9147061866477989,1.4845902285287593e-12,2.0,2.0,0.0,2,2,0,0.28502069209065406,1.0,0.0,0.05,0.95,0.9500000000003711,irreversible
1.05,0.8,16,0.9169763786737473,0.9169763786732135,5.337952302397753e-13,2.0,2.0,0.0,2,2,0,0.2692276120484055,1.0,0.0,0.0,1.0,1.0000000000001334,irreversible
1.05,0.8,17,0.9135626602913948,0.9135626602912952,9.958700530887654e-14,1.0,1.0,0.0,1,1,0,0.279673379802743,1.0000000000000002,-2.220446049250313e-16,0.8,0.19999999999999996,0.20000000000002463,reversible
1.05,0.8,18,0.9049727710880837,0.9049727710874136,6.701306176637445e-13,1.0,1.0,0.0,1,1,0,0.27988870702187263,1.0,0.0,0.8666666666666667,0.1333333333333333,0.13333333333350084,reversible
1.05,0.8,19,0.9187553506894153,0.91875535068922,1.9528823003156504e-13,1.0,1.0,0.0,1,1,0,0.2673808214540693,1.0000000000000002,-2.220446049250313e-16,0.0,1.0,1.0000000000000486,irreversible
1.05,0.9,0,0.9173132609633049,0.9173132609632975,7.438494264988549e-15,2.0,2.0,0.0,2,2,0,0.34415194568358665,1.0,0.0,0.03333333333333333,0.9666666666666667,0.9666666666666686,irreversible
1.05,0.9,1,0.9325440737650667,0.9325440737649608,1.0580425424677742e-13,1.0,1.0,0.0,1,1,0,0.36659678277522656,1.0,0.0,0.3,0.7,0.7000000000000264,irreversible
1.05,0.9,2,0.9123287540555869,0.9123287540552253,3.615996391204135e-13,1.0,1.0,0.0,1,1,0,0.35680389314978145,1.0,0.0,0.0,1.0,1.0000000000000904,irreversible
1.05,0.9,3,0.9146101194258348,0.9146101194254735,3.6126657221302594e-13,1.0,1.0,0.0,1,1,0,0.29121320719538846,1.0000000000000002,-2.220446049250313e-16,0.65,0.35,0.3500000000000901,metastable
1.05,0.9,4,0.9134462783067365,0.9134462783061331,6.034062138837726e-13,1.0,1.0,0.0,1,1,0,0.31465004432663024,1.0000000000000002,-2.220446049250313e-16,0.0,1.0,1.0000000000001505,irreversible
1.05,0.9,5,0.9219072571414653,0.9219072571413582,1.0702549957386509e-13,1.0,1.0,0.0,1,1,0,0.32837406531701563,0.9999999999999999,1.1102230246251565e-16,0.0,1.0,1.0000000000000266,irreversible
1.05,0.9,6,0.9106435234704061,0.9106435234686372,1.768918345135262e-12,2.0,2.0,0.0,2,2,0,0.3550989395108478,0.9999999999999999,1.1102230246251565e-16,0.0,1.0,1.0000000000004423,irreversible
1.05,0.9,7,0.9292360043626611,0.9292360043626674,6.328271240363392e-15,2.0,2.0,0.0,2,2,0,0.38020617485138786,0.9999999999999998,2.220446049250313e-16,0.13333333333333333,0.8666666666666667,0.8666666666666685,irreversible
1.05,0.9,8,0.9084055022712755,0.9084055022709281,3.473887844052115e-13,2.0,2.0,0.0,2,2,0,0.3662902551220858,1.0000000000000002,-2.220446049250313e-16,0.8833333333333333,0.1166666666666667,0.11666666666675332,reversible
1.05,0.9,9,0.9153005065188995,0.9153005065181714,7.280842595491777e-13,1.0,1.0,0.0,1,1,0,0.3079858292773926,0.9999999999999999,1.1102230246251565e-16,0.8333333333333334,0.16666666666666663,0.16666666666684876,reversible
1.05,0.9,10,0.9214796053098823,0.921479605309795,8.72635297355373e-14,1.0,1.0,0.0,1,1,0,0.32705085886181484,0.9999999999999998,2.220446049250313e-16,0.016666666666666666,0.9833333333333333,0.9833333333333554,irreversible
1.05,0.9,11,0.9234159836206285,0.9234159836205406,8.79296635503124e-14,3.0,3.0,0.0,3,3,0,0.3266558027137042,0.9999999999999999,1.1102230246251565e-16,0.016666666666666666,0.9833333333333333,0.9833333333333554,irreversible
1.05,0.9,12,0.9164386225556939,0.9164386225544472,1.2466694343515883e-12,1.0,1.0,0.0,1,1,0,0.33102499349652525,0.9999999999999999,1.1102230246251565e-16,0.15,0.85,0.8500000000003117,irreversible
1.05,0.9,13,0.90498064277442,0.9049806427740869,3.331779296900095e-13,1.0,1.0,0.0,1,1,0,0.3119688734471462,1.0,0.0,0.0,1.0,1.0000000000000833,irreversible
1.05,0.9,14,0.9231546278663997,0.9231546278663063,9.336975637097567e-14,2.0,2.0,0.0,2,2,0,0.3055697279459352,1.0000000000000002,-2.220446049250313e-16,0.0,1.0,1.000000000000023,irreversible
1.05,0.9,15,0.9147061866492835,0.9147061866478052,1.478261957288396e-12,2.0,2.0,0.0,2,2,0,0.3447394411660015,0.9999999999999999,1.1102230246251565e-16,0.7166666666666667,0.2833333333333333,0.28333333333370303,metastable
1.05,0.9,16,0.9169763786737473,0.9169763786732152,5.32018873400375e-13,2.0,2.0,0.0,2,2,0,0.32629971891682885,0.9999999999999998,2.220446049250313e-16,0.0,1.0,1.0000000000001332,irreversible
1.05,0.9,17,0.9135626602913948,0.9135626602913014,9.336975637097567e-14,1.0,1.0,0.0,1,1,0,0.33921402636192144,1.0000000000000002,-2.220446049250313e-16,0.8166666666666667,0.18333333333333335,0.18333333333335647,reversible
1.05,0.9,18,0.9049727710880837,0.9049727710874196,6.641354133307686e-13,1.0,1.0,0.0,1,1,0,0.3384514978699342,1.0000000000000002,-2.220446049250313e-16,0.8833333333333333,0.1166666666666667,0.11666666666683251,reversible
1.05,0.9,19,0.9187553506894153,0.9187553506892184,1.9684254226604025e-13,1.0,1.0,0.0,1,1,0,0.32655996458531633,1.0,0.0,0.0,1.0,1.0000000000000493,irreversible
1.05,1.0,0,0.9173132609633049,0.9173132609632983,6.5503158452884236e-15,2.0,2.0,0.0,2,2,0,0.40760812482259334,1.0,0.0,0.31666666666666665,0.6833333333333333,0.683333333333335,irreversible
1.05,1.0,1,0.9325440737650667,0.9325440737649605,1.0613732115416497e-13,1.0,1.0,0.0,1,1,0,0.43165828661491445,1.0,0.0,0.16666666666666666,0.8333333333333334,0.8333333333333599,irreversible
1.05,1.0,2,0.9123287540555869,0.9123287540552266,3.602673714908633e-13,1.0,1.0,0.0,1,1,0,0.4218700240676443,1.0,0.0,0.0,1.0,1.0000000000000902,irreversible
1.05,1.0,3,0.9146101194258348,0.9146101194254737,3.611555499105634e-13,1.0,1.0,0.0,1,1,0,0.34728706259872266,0.9999999999999999,1.1102230246251565e-16,0.65,0.35,0.35000000000009035,metastable
1.05,1.0,4,0.9134462783067365,0.9134462783061332,6.032951915813101e-13,1.0,1.0,0.0,1,1,0,0.3743076784720879,1.0,0.0,0.0,1.0,1.0000000000001508,irreversible
1.05,1.0,5,0.9219072571414653,0.9219072571413562,1.0902390101819037e-13,1.0,1.0,0.0,1,1,0,0.388729854774285,1.0000000000000002,-2.220446049250313e-16,0.0,1.0,1.000000000000027,irreversible
1.05,1.0,6,0.9106435234704061,0.9106435234686318,1.7743584379559252e-12,2.0,2.0,0.0,2,2,0,0.41809817499408897,0.9999999999999998,2.220446049250313e-16,0.0,1.0,1.0000000000004439,irreversible
1.05,1.0,7,0.9292360043626611,0.9292360043626694,8.326672684688674e-15,2.0,2.0,0.0,2,2,0,0.4473999905927053,1.0000000000000002,-2.220446049250313e-16,0.16666666666666666,0.8333333333333334,0.8333333333333353,irreversible
1.05,1.0,8,0.9084055022712755,0.9084055022709473,3.2818192607919627e-13,2.0,2.0,0.0,2,2,0,0.4303993070689579,1.0,0.0,0.8833333333333333,0.1166666666666667,0.11666666666674874,reversible
1.05,1.0,9,0.9153005065188995,0.9153005065181755,7.239764343580646e-13,1.0,1.0,0.0,1,1,0,0.36443353351768903,1.0,0.0,0.85,0.15000000000000002,0.15000000000018102,reversible
1.05,1.0,10,0.9214796053098823,0.921479605309795,8.72635297355373e-14,1.0,1.0,0.0,1,1,0,0.38708525285072193,0.9999999999999999,1.1102230246251565e-16,0.016666666666666666,0.9833333333333333,0.9833333333333552,irreversible
1.05,1.0,11,0.9234159836206285,0.923415983620541,8.748557434046234e-14,3.0,3.0,0.0,3,3,0,0.38692027793110395,0.9999999999999999,1.1102230246251565e-16,0.016666666666666666,0.9833333333333333,0.9833333333333553,irreversible
1.05,1.0,12,0.9164386225556939,0.9164386225544466,1.2472245458639009e-12,1.0,1.0,0.0,1,1,0,0.39105267428874413,1.0,0.0,0.1,0.9,0.9000000000003119,irreversible
1.05,1.0,13,0.90498064277442,0.9049806427740902,3.29847260616134e-13,1.0,1.0,0.0,1,1,0,0.369214738265525,1.0,0.0,0.0,1.0,1.0000000000000824,irreversible
1.05,1.0,14,0.9231546278663997,0.9231546278663059,9.381384558082573e-14,2.0,2.0,0.0,2,2,0,0.3626454650169587,1.0,0.0,0.0,1.0,1.0000000000000235,irreversible
1.05,1.0,15,0.9147061866492835,0.9147061866478153,1.468158927764307e-12,2.0,2.0,0.0,2,2,0,0.4049453089357601,1.0000000000000002,-2.220446049250313e-16,0.85,0.15000000000000002,0.15000000000036684,reversible
1.05,1.0,16,0.9169763786737473,0.9169763786732177,5.295763827461997e-13,2.0,2.0,0.0,2,2,0,0.38425889830483717,0.9999999999999998,2.220446049250313e-16,0.03333333333333333,0.9666666666666667,0.9666666666667993,irreversible
1.05,1.0,17,0.9135626602913948,0.9135626602913083,8.64863736182997e-14,1.0,1.0,0.0,1,1,0,0.39964411495250163,1.0,0.0,0.8333333333333334,0.16666666666666663,0.16666666666668825,reversible
1.05,1.0,18,0.9049727710880837,0.9049727710874279,6.5580874064608e-13,1.0,1.0,0.0,1,1,0,0.39756588554744376,1.0,0.0,0.9,0.09999999999999998,0.10000000000016393,reversible
1.05,1.0,19,0.9187553506894153,0.9187553506892184,1.9684254226604025e-13,1.0,1.0,0.0,1,1,0,0.3875722560635204,1.0,0.0,0.0,1.0,1.0000000000000493,irreversible
1.1,0.0,0,0.9259202626613487,0.9259202626612817,6.705747068735946e-14,2.0,2.0,0.0,2,2,0,0.0,1.0,0.0,0.2,0.8,0.8000000000000168,irreversible
1.1,0.0,1,0.9393761614105243,0.9393761614105092,1.509903313490213e-14,1.0,1.0,0.0,1,1,0,0.0,1.0000000000000002,-2.220446049250313e-16,0.1,0.9,0.9000000000000036,irreversible
1.1,0.0,2,0.9217543333916186,0.9217543333915744,4.418687638008123e-14,1.0,1.0,0.0,1,1,0,0.0,0.9999999999999999,1.1102230246251565e-16,0.1,0.9,0.9000000000000112,irreversible
1.1,0.0,3,0.9235495360255415,0.9235495360254921,4.9404924595819466e-14,1.0,1.0,0.0,1,1,0,0.0,1.0000000000000002,-2.220446049250313e-16,0.2,0.8,0.8000000000000121,irreversible
1.1,0.0,4,0.9225691832836668,0.9225691832835867,8.004708007547379e-14,1.0,1.0,0.0,1,1,0,0.0,0.9999999999999998,2.220446049250313e-16,0.3333333333333333,0.6666666666666667,0.666666666666687,irreversible
1.1,0.0,5,0.9300833563583413,0.9300833563583295,1.176836406102666e-14,1.0,1.0,0.0,1,1,0,0.0,1.0000000000000002,-2.220446049250313e-16,0.05,0.95,0.9500000000000026,irreversible
1.1,0.0,6,0.920228186195119,0.9202281861949008,2.1826984664130578e-13,2.0,2.0,0.0,2,2,0,0.0,0.9999999999999999,1.1102230246251565e-16,0.21666666666666667,0.7833333333333333,0.7833333333333881,irreversible
1.1,0.0,7,0.9365469950507168,0.9365469950507174,5.551115123125783e-16,2.0,2.0,0.0,2,2,0,0.0,1.0000000000000002,-2.220446049250313e-16,0.05,0.95,0.9499999999999998,irreversible
1.1,0.0,8,0.918268574298607,0.9182685742985642,4.2743586448068527e-14,2.0,2.0,0.0,2,2,0,0.0,1.0,0.0,0.1,0.9,0.9000000000000107,irreversible
1.1,0.0,9,0.9242901281021644,0.9242901281020638,1.0058620603103918e-13,1.0,1.0,0.0,1,1,0,0.0,0.9999999999999998,2.220446049250313e-16,0.1,0.9,0.9000000000000254,irreversible
1.1,0.0,10,0.9296424139337517,0.9296424139337399,1.176836406102666e-14,1.0,1.0,0.0,1,1,0,0.0,0.9999999999999999,1.1102230246251565e-16,0.25,0.75,0.7500000000000031,irreversible
1.1,0.0,11,0.9312917519824743,0.9312917519824618,1.2434497875801753e-14,3.0,3.0,0.0,3,3,0,0.0,1.0000000000000002,-2.220446049250313e-16,0.13333333333333333,0.8666666666666667,0.8666666666666696,irreversible
1.1,0.0,12,0.9252610980549025,0.9252610980547148,1.8773871346411397e-13,1.0,1.0,0.0,1,1,0,0.0,1.0,0.0,0.05,0.95,0.9500000000000469,irreversible
1.1,0.0,13,0.9151338552874897,0.9151338552874507,3.8968828164342995e-14,1.0,1.0,0.0,1,1,0,0.0,1.0000000000000002,-2.220446049250313e-16,0.11666666666666667,0.8833333333333333,0.8833333333333429,irreversible
1.1,0.0,14,0.9312069869365628,0.9312069869365502,1.2545520178264269e-14,2.0,2.0,0.0,2,2,0,0.0,1.0,0.0,0.11666666666666667,0.8833333333333333,0.8833333333333364,irreversible
1.1,0.0,15,0.9238802736297717,0.9238802736295896,1.8207657603852567e-13,2.0,2.0,0.0,2,2,0,0.0,1.0000000000000002,-2.220446049250313e-16,0.16666666666666666,0.8333333333333334,0.8333333333333787,irreversible
1.1,0.0,16,0.9257650018114452,0.9257650018113776,6.761258219967203e-14,2.0,2.0,0.0,2,2,0,0.0,0.9999999999999998,2.220446049250313e-16,0.0,1.0,1.000000000000017,irreversible
1.1,0.0,17,0.9226250429575605,0.9226250429575343,2.6201263381153694e-14,1.0,1.0,0.0,1,1,0,0.0,1.0,0.0,0.13333333333333333,0.8666666666666667,0.8666666666666732,irreversible
1.1,0.0,18,0.9151094767432781,0.9151094767431948,8.337774914934926e-14,1.0,1.0,0.0,1,1,0,0.0,1.0,0.0,0.1,0.9,0.9000000000000209,irreversible
1.1,0.0,19,0.9273176948404745,0.9273176948404516,2.298161660974074e-14,1.0,1.0,0.0,1,1,0,0.0,0.9999999999999999,1.1102230246251565e-16,0.38333333333333336,0.6166666666666667,0.6166666666666726,irreversible
1.1,0.1,0,0.9259202626613487,0.9259202626612817,6.705747068735946e-14,2.0,2.0,0.0,2,2,0,0.005082959184978253,1.0000000000000002,-2.220446049250313e-16,0.0,1.0,1.0000000000000164,irreversible
1.1,0.1,1,0.9393761614105243,0.9393761614105092,1.509903313490213e-14,1.0,1.0,0.0,1,1,0,0.005567735344719993,1.0,0.0,0.48333333333333334,0.5166666666666666,0.5166666666666704,metastable
1.1,0.1,2,0.9217543333916186,0.9217543333915746,4.39648317751562e-14,1.0,1.0,0.0,1,1,0,0.005307263305182275,0.9999999999999999,1.1102230246251565e-16,0.8833333333333333,0.1166666666666667,0.1166666666666778,reversible
1.1,0.1,3,0.9235495360255415,0.9235495360254921,4.9404924595819466e-14,1.0,1.0,0.0,1,1,0,0.004175440822384302,0.9999999999999999,1.1102230246251565e-16,0.75,0.25,0.25000000000001243,metastable
1.1,0.1,4,0.9225691832836668,0.9225691832835867,8.004708007547379e-14,1.0,1.0,0.0,1,1,0,0.004554961461759155,1.0,0.0,0.06666666666666667,0.9333333333333333,0.9333333333333533,irreversible
1.1,0.1,5,0.9300833563583413,0.9300833563583295,1.176836406102666e-14,1.0,1.0,0.0,1,1,0,0.004855247808518315,1.0,0.0,0.0,1.0,1.0000000000000029,irreversible
1.1,0.1,6,0.920228186195119,0.9202281861949004,2.1860291354869332e-13,2.0,2.0,0.0,2,2,0,0.00540133673198373,1.0,0.0,0.0,1.0,1.0000000000000546,irreversible
1.1,0.1,7,0.9365469950507168,0.9365469950507174,5.551115123125783e-16,2.0,2.0,0.0,2,2,0,0.005785230342152614,0.9999999999999999,1.1102230246251565e-16,0.06666666666666667,0.9333333333333333,0.9333333333333336,irreversible
1.1,0.1,8,0.918268574298607,0.9182685742985642,4.2743586448068527e-14,2.0,2.0,0.0,2,2,0,0.005601349941135814,0.9999999999999999,1.1102230246251565e-16,0.03333333333333333,0.9666666666666667,0.9666666666666774,irreversible
1.1,0.1,9,0.9242901281021644,0.924290128102064,1.0036416142611415e-13,1.0,1.0,0.0,1,1,0,0.0045797356965694425,1.0,0.0,0.8666666666666667,0.1333333333333333,0.1333333333333584,reversible
1.1,0.1,10,0.9296424139337517,0.9296424139337399,1.176836406102666e-14,1.0,1.0,0.0,1,1,0,0.004845457257861452,0.9999999999999999,1.1102230246251565e-16,0.31666666666666665,0.6833333333333333,0.6833333333333365,irreversible
1.1,0.1,11,0.9312917519824743,0.9312917519824618,1.2434497875801753e-14,3.0,3.0,0.0,3,3,0,0.004834404950814775,0.9999999999999996,4.440892098500626e-16,0.016666666666666666,0.9833333333333333,0.9833333333333368,irreversible
1.1,0.1,12,0.9252610980549025,0.9252610980547148,1.8773871346411397e-13,1.0,1.0,0.0,1,1,0,0.004960474886224864,1.0,0.0,0.8166666666666667,0.18333333333333335,0.18333333333338028,reversible
1.1,0.1,13,0.9151338552874897,0.9151338552874504,3.930189507173054e-14,1.0,1.0,0.0,1,1,0,0.004633053394615061,0.9999999999999999,1.1102230246251565e-16,0.0,1.0,1.0000000000000098,irreversible
1.1,0.1,14,0.9312069869365628,0.9312069869365502,1.2545520178264269e-14,2.0,2.0,0.0,2,2,0,0.004485647838096685,1.0,0.0,0.6166666666666667,0.3833333333333333,0.3833333333333364,metastable
1.1,0.1,15,0.9238802736297717,0.9238802736295895,1.821875983409882e-13,2.0,2.0,0.0,2,2,0,0.0053028351034647425,1.0,0.0,0.0,1.0,1.0000000000000455,irreversible
1.1,0.1,16,0.9257650018114452,0.9257650018113776,6.761258219967203e-14,2.0,2.0,0.0,2,2,0,0.0049821369432875295,1.0000000000000002,-2.220446049250313e-16,0.0,1.0,1.0000000000000167,irreversible
1.1,0.1,17,0.9226250429575605,0.9226250429575344,2.609024107869118e-14,1.0,1.0,0.0,1,1,0,0.0051455148148101815,1.0,0.0,0.5,0.5,0.5000000000000066,metastable
1.1,0.1,18,0.9151094767432781,0.9151094767431948,8.337774914934926e-14,1.0,1.0,0.0,1,1,0,0.005223089436370398,0.9999999999999999,1.1102230246251565e-16,0.7333333333333333,0.2666666666666667,0.2666666666666877,metastable
1.1,0.1,19,0.9273176948404745,0.9273176948404515,2.3092638912203256e-14,1.0,1.0,0.0,1,1,0,0.0047804830987612235,0.9999999999999998,2.220446049250313e-16,0.0,1.0,1.000000000000006,irreversible
1.1,0.2,0,0.9259202626613487,0.9259202626612817,6.705747068735946e-14,2.0,2.0,0.0,2,2,0,0.020193045814065447,1.0,0.0,0.0,1.0,1.0000000000000169,irreversible
1.1,0.2,1,0.9393761614105243,0.9393761614105094,1.4876988529977098e-14,1.0,1.0,0.0,1,1,0,0.02209382812342442,0.9999999999999999,1.1102230246251565e-16,0.5333333333333333,0.4666666666666667,0.4666666666666705,metastable
1.1,0.2,2,0.9217543333916186,0.921754333391575,4.363176486776865e-14,1.0,1.0,0.0,1,1,0,0.021078674462537306,1.0000000000000002,-2.220446049250313e-16,0.85,0.15000000000000002,0.1500000000000107,reversible
1.1,0.2,3,0.9235495360255415,0.9235495360254921,4.9404924595819466e-14,1.0,1.0,0.0,1,1,0,0.01660651766859711,0.9999999999999999,1.1102230246251565e-16,0.7833333333333333,0.21666666666666667,0.21666666666667914,reversible
1.1,0.2,4,0.9225691832836668,0.9225691832835867,8.004708007547379e-14,1.0,1.0,0.0,1,1,0,0.01810989112517447,0.9999999999999996,4.440892098500626e-16,0.0,1.0,1.0000000000000204,irreversible
1.1,0.2,5,0.9300833563583413,0.9300833563583293,1.199040866595169e-14,1.0,1.0,0.0,1,1,0,0.019288153457760138,1.0,0.0,0.0,1.0,1.000000000000003,irreversible
1.1,0.2,6,0.920228186195119,0.9202281861949001,2.1893598045608087e-13,2.0,2.0,0.0,2,2,0,0.0214311705939928,1.0000000000000002,-2.220446049250313e-16,0.0,1.0,1.0000000000000546,irreversible
1.1,0.2,7,0.9365469950507168,0.9365469950507174,5.551115123125783e-16,2.0,2.0,0.0,2,2,0,0.02295582617563563,0.9999999999999998,2.220446049250313e-16,0.03333333333333333,0.9666666666666667,0.966666666666667,irreversible
1.1,0.2,8,0.918268574298607,0.9182685742985641,4.285460875053104e-14,2.0,2.0,0.0,2,2,0,0.02222273995200541,0.9999999999999999,1.1102230246251565e-16,0.0,1.0,1.0000000000000107,irreversible
1.1,0.2,9,0.9242901281021644,0.924290128102064,1.0036416142611415e-13,1.0,1.0,0.0,1,1,0,0.018187698023347854,1.0,0.0,0.8333333333333334,0.16666666666666663,0.16666666666669172,reversible
1.1,0.2,10,0.9296424139337517,0.9296424139337399,1.176836406102666e-14,1.0,1.0,0.0,1,1,0,0.019247186053557908,0.9999999999999999,1.1102230246251565e-16,0.25,0.75,0.7500000000000031,irreversible
1.1,0.2,11,0.9312917519824743,0.9312917519824618,1.2434497875801753e-14,3.0,3.0,0.0,3,3,0,0.019202771093093873,1.0000000000000002,-2.220446049250313e-16,0.016666666666666666,0.9833333333333333,0.9833333333333362,irreversible
1.1,0.2,12,0.9252610980549025,0.9252610980547148,1.8773871346411397e-13,1.0,1.0,0.0,1,1,0,0.019693681911027383,1.0000000000000002,-2.220446049250313e-16,0.7833333333333333,0.21666666666666667,0.2166666666667134,reversible
1.1,0.2,13,0.9151338552874897,0.9151338552874501,3.963496197911809e-14,1.0,1.0,0.0,1,1,0,0.018400621743477563,0.9999999999999999,1.1102230246251565e-16,0.0,1.0,1.00000000000001,irreversible
1.1,0.2,14,0.9312069869365628,0.9312069869365502,1.2545520178264269e-14,2.0,2.0,0.0,2,2,0,0.017822918794434872,0.9999999999999998,2.220446049250313e-16,0.5666666666666667,0.43333333333333335,0.4333333333333367,metastable
1.1,0.2,15,0.9238802736297717,0.9238802736295892,1.8240964294591322e-13,2.0,2.0,0.0,2,2,0,0.021030983863888464,1.0000000000000002,-2.220446049250313e-16,0.0,1.0,1.0000000000000453,irreversible
1.1,0.2,16,0.9257650018114452,0.9257650018113772,6.794564910705958e-14,2.0,2.0,0.0,2,2,0,0.019762566257660485,1.0000000000000002,-2.220446049250313e-16,0.0,1.0,1.0000000000000169,irreversible
1.1,0.2,17,0.9226250429575605,0.9226250429575344,2.609024107869118e-14,1.0,1.0,0.0,1,1,0,0.02041849490494585,1.0000000000000002,-2.220446049250313e-16,0.43333333333333335,0.5666666666666667,0.566666666666673,metastable
1.1,0.2,18,0.9151094767432781,0.9151094767431951,8.304468224196171e-14,1.0,1.0,0.0,1,1,0,0.020710169321628502,1.0000000000000002,-2.220446049250313e-16,0.7,0.30000000000000004,0.3000000000000206,metastable
1.1,0.2,19,0.9273176948404745,0.9273176948404513,2.3203661214665772e-14,1.0,1.0,0.0,1,1,0,0.018997841239258295,1.0,0.0,0.0,1.0,1.0000000000000058,irreversible
1.1,0.3,0,0.9259202626613487,0.9259202626612817,6.705747068735946e-14,2.0,2.0,0.0,2,2,0,0.04491957961568338,0.9999999999999999,1.1102230246251565e-16,0.0,1.0,1.0000000000000169,irreversible
1.1,0.3,1,0.9393761614105243,0.9393761614105094,1.4876988529977098e-14,1.0,1.0,0.0,1,1,0,0.04905571508536821,1.0,0.0,0.48333333333333334,0.5166666666666666,0.5166666666666704,metastable
1.1,0.3,2,0.9217543333916186,0.921754333391575,4.363176486776865e-14,1.0,1.0,0.0,1,1,0,0.04686935264896541,1.0,0.0,0.8166666666666667,0.18333333333333335,0.18333333333334426,reversible
1.1,0.3,3,0.9235495360255415,0.9235495360254924,4.907185768843192e-14,1.0,1.0,0.0,1,1,0,0.037010886385621666,1.0,0.0,0.7666666666666667,0.23333333333333328,0.23333333333334555,reversible
1.1,0.3,4,0.9225691832836668,0.9225691832835866,8.01581023779363e-14,1.0,1.0,0.0,1,1,0,0.04033879710526955,0.9999999999999998,2.220446049250313e-16,0.0,1.0,1.0000000000000202,irreversible
1.1,0.3,5,0.9300833563583413,0.9300833563583292,1.2101430968414206e-14,1.0,1.0,0.0,1,1,0,0.04290546087307101,1.0000000000000004,-4.440892098500626e-16,0.0,1.0,1.0000000000000027,irreversible
1.1,0.3,6,0.920228186195119,0.9202281861948995,2.1949109196839345e-13,2.0,2.0,0.0,2,2,0,0.04757620097962545,1.0,0.0,0.0,1.0,1.0000000000000548,irreversible
1.1,0.3,7,0.9365469950507168,0.9365469950507174,5.551115123125783e-16,2.0,2.0,0.0,2,2,0,0.0509654938033971,1.0000000000000002,-2.220446049250313e-16,0.03333333333333333,0.9666666666666667,0.9666666666666666,irreversible
1.1,0.3,8,0.918268574298607,0.9182685742985639,4.3076653355456074e-14,2.0,2.0,0.0,2,2,0,0.04932491169818787,0.9999999999999999,1.1102230246251565e-16,0.0,1.0,1.0000000000000107,irreversible
1.1,0.3,9,0.9242901281021644,0.9242901281020643,1.000310945187266e-13,1.0,1.0,0.0,1,1,0,0.04043632998506097,1.0,0.0,0.85,0.15000000000000002,0.15000000000002503,reversible
1.1,0.3,10,0.9296424139337517,0.9296424139337399,1.176836406102666e-14,1.0,1.0,0.0,1,1,0,0.04280687287122964,1.0,0.0,0.18333333333333332,0.8166666666666667,0.8166666666666695,irreversible
1.1,0.3,11,0.9312917519824743,0.9312917519824617,1.2545520178264269e-14,3.0,3.0,0.0,3,3,0,0.04270669406900163,0.9999999999999999,1.1102230246251565e-16,0.016666666666666666,0.9833333333333333,0.9833333333333365,irreversible
1.1,0.3,12,0.9252610980549025,0.925261098054715,1.8751666885918894e-13,1.0,1.0,0.0,1,1,0,0.043762203751507744,1.0000000000000002,-2.220446049250313e-16,0.7833333333333333,0.21666666666666667,0.21666666666671333,reversible
1.1,0.3,13,0.9151338552874897,0.9151338552874497,3.9968028886505635e-14,1.0,1.0,0.0,1,1,0,0.04091397074266456,0.9999999999999999,1.1102230246251565e-16,0.0,1.0,1.00000000000001,irreversible
1.1,0.3,14,0.9312069869365628,0.9312069869365502,1.2545520178264269e-14,2.0,2.0,0.0,2,2,0,0.039658121293117965,1.0,0.0,0.45,0.55,0.5500000000000032,metastable
1.1,0.3,15,0.9238802736297717,0.9238802736295892,1.8240964294591322e-13,2.0,2.0,0.0,2,2,0,0.04665332075894657,1.0,0.0,0.0,1.0,1.0000000000000455,irreversible
1.1,0.3,16,0.9257650018114452,0.9257650018113771,6.80566714095221e-14,2.0,2.0,0.0,2,2,0,0.04385319866641246,0.9999999999999999,1.1102230246251565e-16,0.0,1.0,1.000000000000017,irreversible
1.1,0.3,17,0.9226250429575605,0.9226250429575344,2.609024107869118e-14,1.0,1.0,0.0,1,1,0,0.045336698142943166,1.0,0.0,0.43333333333333335,0.5666666666666667,0.5666666666666732,metastable
1.1,0.3,18,0.9151094767432781,0.9151094767431951,8.304468224196171e-14,1.0,1.0,0.0,1,1,0,0.04592561741286427,1.0,0.0,0.6833333333333333,0.31666666666666665,0.3166666666666874,metastable
1.1,0.3,19,0.9273176948404745,0.9273176948404513,2.3203661214665772e-14,1.0,1.0,0.0,1,1,0,0.04228468101897398,1.0,0.0,0.0,1.0,1.0000000000000058,irreversible
1.1,0.4,0,0.9259202626613487,0.9259202626612817,6.705747068735946e-14,2.0,2.0,0.0,2,2,0,0.078596769228518,1.0,0.0,0.0,1.0,1.0000000000000169,irreversible
1.1,0.4,1,0.9393761614105243,0.9393761614105094,1.4876988529977098e-14,1.0,1.0,0.0,1,1,0,0.08561117446767541,1.0,0.0,0.4666666666666667,0.5333333333333333,0.533333333333337,metastable
1.1,0.4,2,0.9217543333916186,0.921754333391575,4.363176486776865e-14,1.0,1.0,0.0,1,1,0,0.08195835964297293,0.9999999999999999,1.1102230246251565e-16,0.6166666666666667,0.3833333333333333,0.3833333333333443,metastable
1.1,0.4,3,0.9235495360255415,0.9235495360254924,4.907185768843192e-14,1.0,1.0,0.0,1,1,0,0.06492912668400885,0.9999999999999999,1.1102230246251565e-16,0.7666666666666667,0.23333333333333328,0.23333333333334566,reversible
1.1,0.4,4,0.9225691832836668,0.9225691832835866,8.01581023779363e-14,1.0,1.0,0.0,1,1,0,0.07071109653724983,1.0,0.0,0.0,1.0,1.00000000000002,irreversible
1.1,0.4,5,0.9300833563583413,0.9300833563583288,1.2434497875801753e-14,1.0,1.0,0.0,1,1,0,0.0750690014097507,1.0000000000000002,-2.220446049250313e-16,0.0,1.0,1.0000000000000029,irreversible
1.1,0.4,6,0.920228186195119,0.9202281861948992,2.19824158875781e-13,2.0,2.0,0.0,2,2,0,0.08301100111133863,1.0000000000000002,-2.220446049250313e-16,0.0,1.0,1.0000000000000546,irreversible
1.1,0.4,7,0.9365469950507168,0.936546995050717,2.220446049250313e-16,2.0,2.0,0.0,2,2,0,0.08893318175785414,1.0,0.0,0.016666666666666666,0.9833333333333333,0.9833333333333334,irreversible
1.1,0.4,8,0.918268574298607,0.9182685742985638,4.318767565791859e-14,2.0,2.0,0.0,2,2,0,0.0860376583618786,1.0,0.0,0.0,1.0,1.0000000000000109,irreversible
1.1,0.4,9,0.9242901281021644,0.9242901281020645,9.992007221626409e-14,1.0,1.0,0.0,1,1,0,0.07069990312459717,1.0,0.0,0.8666666666666667,0.1333333333333333,0.13333333333335828,reversible
1.1,0.4,10,0.9296424139337517,0.9296424139337399,1.176836406102666e-14,1.0,1.0,0.0,1,1,0,0.07487908239870322,1.0,0.0,0.11666666666666667,0.8833333333333333,0.8833333333333362,irreversible
1.1,0.4,11,0.9312917519824743,0.9312917519824617,1.2545520178264269e-14,3.0,3.0,0.0,3,3,0,0.07470227106958927,1.0000000000000002,-2.220446049250313e-16,0.016666666666666666,0.9833333333333333,0.9833333333333362,irreversible
1.1,0.4,12,0.9252610980549025,0.9252610980547151,1.8740564655672642e-13,1.0,1.0,0.0,1,1,0,0.07646068187257193,1.0000000000000002,-2.220446049250313e-16,0.7166666666666667,0.2833333333333333,0.28333333333337996,metastable
1.1,0.4,13,0.9151338552874897,0.9151338552874495,4.0190073491430667e-14,1.0,1.0,0.0,1,1,0,0.071544980527114,0.9999999999999999,1.1102230246251565e-16,0.0,1.0,1.00000000000001,irreversible
1.1,0.4,14,0.9312069869365628,0.9312069869365502,1.2545520178264269e-14,2.0,2.0,0.0,2,2,0,0.0694192131554272,1.0,0.0,0.23333333333333334,0.7666666666666666,0.7666666666666697,irreversible
1.1,0.4,15,0.9238802736297717,0.9238802736295891,1.8252066524837574e-13,2.0,2.0,0.0,2,2,0,0.08131708391445913,1.0000000000000002,-2.220446049250313e-16,0.0,1.0,1.0000000000000453,irreversible
1.1,0.4,16,0.9257650018114452,0.925765001811377,6.816769371198461e-14,2.0,2.0,0.0,2,2,0,0.07647264166529855,1.0000000000000002,-2.220446049250313e-16,0.0,1.0,1.0000000000000169,irreversible
1.1,0.4,17,0.9226250429575605,0.9226250429575347,2.5868196473766147e-14,1.0,1.0,0.0,1,1,0,0.0791239878765776,1.0000000000000002,-2.220446049250313e-16,0.43333333333333335,0.5666666666666667,0.5666666666666729,metastable
1.1,0.4,18,0.9151094767432781,0.9151094767431952,8.293365993949919e-14,1.0,1.0,0.0,1,1,0,0.080012374822243,0.9999999999999998,2.220446049250313e-16,0.6833333333333333,0.31666666666666665,0.31666666666668764,metastable
1.1,0.4,19,0.9273176948404745,0.927317694840451,2.353672812205332e-14,1.0,1.0,0.0,1,1,0,0.07404470506928251,1.0000000000000002,-2.220446049250313e-16,0.0,1.0,1.0000000000000058,irreversible
1.1,0.5,0,0.9259202626613487,0.9259202626612817,6.705747068735946e-14,2.0,2.0,0.0,2,2,0,0.12033069666070473,1.0,0.0,0.016666666666666666,0.9833333333333333,0.98333333333335,irreversible
1.1,0.5,1,0.9393761614105243,0.9393761614105094,1.4876988529977098e-14,1.0,1.0,0.0,1,1,0,0.13063955510002467,1.0,0.0,0.4666666666666667,0.5333333333333333,0.533333333333337,metastable
1.1,0.5,2,0.9217543333916186,0.9217543333915746,4.39648317751562e-14,1.0,1.0,0.0,1,1,0,0.12537838721291605,1.0,0.0,0.21666666666666667,0.7833333333333333,0.7833333333333443,irreversible
1.1,0.5,3,0.9235495360255415,0.9235495360254925,4.8960835385969403e-14,1.0,1.0,0.0,1,1,0,0.09974093526391925,1.0,0.0,0.7666666666666667,0.23333333333333328,0.23333333333334552,reversible
1.1,0.5,4,0.9225691832836668,0.9225691832835864,8.038014698286133e-14,1.0,1.0,0.0,1,1,0,0.10851013231817641,1.0,0.0,0.0,1.0,1.00000000000002,irreversible
1.1,0.5,5,0.9300833563583413,0.9300833563583286,1.2656542480726785e-14,1.0,1.0,0.0,1,1,0,0.11492066500086584,1.0,0.0,0.0,1.0,1.000000000000003,irreversible
1.1,0.5,6,0.920228186195119,0.9202281861948987,2.2037927038809357e-13,2.0,2.0,0.0,2,2,0,0.12664078909907894,1.0000000000000002,-2.220446049250313e-16,0.0,1.0,1.0000000000000548,irreversible
1.1,0.5,7,0.9365469950507168,0.9365469950507169,1.1102230246251565e-16,2.0,2.0,0.0,2,2,0,0.1356854011947447,1.0,0.0,0.016666666666666666,0.9833333333333333,0.9833333333333333,irreversible
1.1,0.5,8,0.918268574298607,0.9182685742985638,4.318767565791859e-14,2.0,2.0,0.0,2,2,0,0.1312008992810456,1.0000000000000002,-2.220446049250313e-16,0.0,1.0,1.0000000000000107,irreversible
1.1,0.5,9,0.9242901281021644,0.9242901281020647,9.969802761133906e-14,1.0,1.0,0.0,1,1,0,0.10814347616729081,0.9999999999999999,1.1102230246251565e-16,0.8333333333333334,0.16666666666666663,0.16666666666669167,reversible
1.1,0.5,10,0.9296424139337517,0.9296424139337399,1.176836406102666e-14,1.0,1.0,0.0,1,1,0,0.11459786559889451,1.0,0.0,0.05,0.95,0.9500000000000028,irreversible
1.1,0.5,11,0.9312917519824743,0.9312917519824617,1.2545520178264269e-14,3.0,3.0,0.0,3,3,0,0.11432899370206262,0.9999999999999998,2.220446049250313e-16,0.016666666666666666,0.9833333333333333,0.9833333333333366,irreversible
1.1,0.5,12,0.9252610980549025,0.9252610980547151,1.8740564655672642e-13,1.0,1.0,0.0,1,1,0,0.11684978056724893,1.0,0.0,0.65,0.35,0.35000000000004683,metastable
1.1,0.5,13,0.9151338552874897,0.9151338552874492,4.0523140398818214e-14,1.0,1.0,0.0,1,1,0,0.10945454337863159,0.9999999999999999,1.1102230246251565e-16,0.0,1.0,1.0000000000000102,irreversible
1.1,0.5,14,0.9312069869365628,0.9312069869365502,1.2545520178264269e-14,2.0,2.0,0.0,2,2,0,0.10634090326647128,1.0,0.0,0.1,0.9,0.9000000000000031,irreversible
1.1,0.5,15,0.9238802736297717,0.923880273629589,1.8263168755083825e-13,2.0,2.0,0.0,2,2,0,0.1238941505101453,1.0000000000000002,-2.220446049250313e-16,0.0,1.0,1.0000000000000455,irreversible
1.1,0.5,16,0.9257650018114452,0.925765001811377,6.816769371198461e-14,2.0,2.0,0.0,2,2,0,0.11659172823971997,0.9999999999999999,1.1102230246251565e-16,0.0,1.0,1.000000000000017,irreversible
1.1,0.5,17,0.9226250429575605,0.9226250429575348,2.5757174171303632e-14,1.0,1.0,0.0,1,1,0,0.1207497832915988,1.0000000000000002,-2.220446049250313e-16,0.48333333333333334,0.5166666666666666,0.5166666666666728,metastable
1.1,0.5,18,0.9151094767432781,0.9151094767431953,8.282263763703668e-14,1.0,1.0,0.0,1,1,0,0.12184256438476349,1.0000000000000002,-2.220446049250313e-16,0.7333333333333333,0.2666666666666667,0.2666666666666872,metastable
1.1,0.5,19,0.9273176948404745,0.9273176948404509,2.3647750424515834e-14,1.0,1.0,0.0,1,1,0,0.11347591667395573,1.0,0.0,0.0,1.0,1.000000000000006,irreversible
1.1,0.6,0,0.9259202626613487,0.9259202626612817,6.705747068735946e-14,2.0,2.0,0.0,2,2,0,0.1690351016255488,0.9999999999999999,1.1102230246251565e-16,0.016666666666666666,0.9833333333333333,0.9833333333333502,irreversible
1.1,0.6,1,0.9393761614105243,0.9393761614105094,1.4876988529977098e-14,1.0,1.0,0.0,1,1,0,0.18279593430765417,0.9999999999999997,3.3306690738754696e-16,0.4,0.6,0.6000000000000041,irreversible
1.1,0.6,2,0.9217543333916186,0.9217543333915743,4.4297898682543746e-14,1.0,1.0,0.0,1,1,0,0.1759551704983523,1.0,0.0,0.0,1.0,1.000000000000011,irreversible
1.1,0.6,3,0.9235495360255415,0.9235495360254925,4.8960835385969403e-14,1.0,1.0,0.0,1,1,0,0.14068675175838763,0.9999999999999998,2.220446049250313e-16,0.7333333333333333,0.2666666666666667,0.26666666666667915,metastable
1.1,0.6,4,0.9225691832836668,0.9225691832835864,8.038014698286133e-14,1.0,1.0,0.0,1,1,0,0.15285794978753298,1.0,0.0,0.0,1.0,1.00000000000002,irreversible
1.1,0.6,5,0.9300833563583413,0.9300833563583284,1.2878587085651816e-14,1.0,1.0,0.0,1,1,0,0.16141558093615416,0.9999999999999999,1.1102230246251565e-16,0.0,1.0,1.000000000000003,irreversible
1.1,0.6,6,0.920228186195119,0.920228186194898,2.2104540420286867e-13,2.0,2.0,0.0,2,2,0,0.17715685290420558,1.0,0.0,0.0,1.0,1.0000000000000553,irreversible
1.1,0.6,7,0.9365469950507168,0.9365469950507169,1.1102230246251565e-16,2.0,2.0,0.0,2,2,0,0.18981192657850976,1.0,0.0,0.0,1.0,1.0,irreversible
1.1,0.6,8,0.918268574298607,0.9182685742985638,4.318767565791859e-14,2.0,2.0,0.0,2,2,0,0.18341878788838462,0.9999999999999997,3.3306690738754696e-16,0.0,1.0,1.0000000000000113,irreversible
1.1,0.6,9,0.9242901281021644,0.9242901281020647,9.969802761133906e-14,1.0,1.0,0.0,1,1,0,0.1517608526678481,1.0,0.0,0.8166666666666667,0.18333333333333335,0.18333333333335827,reversible
1.1,0.6,10,0.9296424139337517,0.9296424139337399,1.176836406102666e-14,1.0,1.0,0.0,1,1,0,0.16091203107090946,1.0,0.0,0.016666666666666666,0.9833333333333333,0.9833333333333363,irreversible
1.1,0.6,11,0.9312917519824743,0.9312917519824617,1.2545520178264269e-14,3.0,3.0,0.0,3,3,0,0.1605477573456061,0.9999999999999998,2.220446049250313e-16,0.016666666666666666,0.9833333333333333,0.9833333333333366,irreversible
1.1,0.6,12,0.9252610980549025,0.9252610980547151,1.8740564655672642e-13,1.0,1.0,0.0,1,1,0,0.16380075062216648,1.0000000000000002,-2.220446049250313e-16,0.5333333333333333,0.4666666666666667,0.4666666666667133,metastable
1.1,0.6,13,0.9151338552874897,0.9151338552874491,4.063416270128073e-14,1.0,1.0,0.0,1,1,0,0.15362989293676188,1.0,0.0,0.0,1.0,1.0000000000000102,irreversible
1.1,0.6,14,0.9312069869365628,0.9312069869365502,1.2545520178264269e-14,2.0,2.0,0.0,2,2,0,0.14949773844743808,1.0,0.0,0.05,0.95,0.9500000000000031,irreversible
1.1,0.6,15,0.9238802736297717,0.9238802736295891,1.8252066524837574e-13,2.0,2.0,0.0,2,2,0,0.17304121991015198,1.0,0.0,0.0,1.0,1.0000000000000457,irreversible
1.1,0.6,16,0.9257650018114452,0.9257650018113768,6.838973831690964e-14,2.0,2.0,0.0,2,2,0,0.16299225377376192,1.0,0.0,0.0,1.0,1.000000000000017,irreversible
1.1,0.6,17,0.9226250429575605,0.9226250429575348,2.5757174171303632e-14,1.0,1.0,0.0,1,1,0,0.16898054287260322,1.0000000000000002,-2.220446049250313e-16,0.5,0.5,0.5000000000000062,metastable
1.1,0.6,18,0.9151094767432781,0.9151094767431958,8.237854842718662e-14,1.0,1.0,0.0,1,1,0,0.17008288002199068,1.0,0.0,0.7666666666666667,0.23333333333333328,0.23333333333335388,reversible
1.1,0.6,19,0.9273176948404745,0.9273176948404507,2.3869795029440866e-14,1.0,1.0,0.0,1,1,0,0.15960148961079312,1.0,0.0,0.0,1.0,1.000000000000006,irreversible
1.1,0.7,0,0.9259202626613487,0.9259202626612815,6.727951529228449e-14,2.0,2.0,0.0,2,2,0,0.22347411786755633,1.0,0.0,0.016666666666666666,0.9833333333333333,0.98333333333335,irreversible
1.1,0.7,1,0.9393761614105243,0.9393761614105094,1.4876988529977098e-14,1.0,1.0,0.0,1,1,0,0.24057493509390515,0.9999999999999999,1.1102230246251565e-16,0.36666666666666664,0.6333333333333333,0.6333333333333371,irreversible
1.1,0.7,2,0.9217543333916186,0.921754333391574,4.463096558993129e-14,1.0,1.0,0.0,1,1,0,0.23235462764065706,1.0,0.0,0.0,1.0,1.000000000000011,irreversible
1.1,0.7,3,0.9235495360255415,0.9235495360254925,4.8960835385969403e-14,1.0,1.0,0.0,1,1,0,0.1868938395130394,1.0000000000000002,-2.220446049250313e-16,0.7,0.30000000000000004,0.30000000000001203,metastable
1.1,0.7,4,0.9225691832836668,0.9225691832835862,8.060219158778636e-14,1.0,1.0,0.0,1,1,0,0.20274525621965356,0.9999999999999999,1.1102230246251565e-16,0.0,1.0,1.0000000000000202,irreversible
1.1,0.7,5,0.9300833563583413,0.9300833563583283,1.2989609388114332e-14,1.0,1.0,0.0,1,1,0,0.21336185078483916,1.0000000000000002,-2.220446049250313e-16,0.0,1.0,1.000000000000003,irreversible
1.1,0.7,6,0.920228186195119,0.9202281861948975,2.2148949341271873e-13,2.0,2.0,0.0,2,2,0,0.23310068001676498,1.0000000000000002,-2.220446049250313e-16,0.0,1.0,1.000000000000055,irreversible
1.1,0.7,7,0.9365469950507168,0.9365469950507168,0.0,2.0,2.0,0.0,2,2,0,0.2497316123459521,0.9999999999999997,3.3306690738754696e-16,0.016666666666666666,0.9833333333333333,0.9833333333333336,irreversible
1.1,0.7,8,0.918268574298607,0.9182685742985641,4.285460875053104e-14,2.0,2.0,0.0,2,2,0,0.2411237405712664,1.0000000000000002,-2.220446049250313e-16,0.0,1.0,1.0000000000000104,irreversible
1.1,0.7,9,0.9242901281021644,0.9242901281020648,9.958700530887654e-14,1.0,1.0,0.0,1,1,0,0.200419174545991,1.0,0.0,0.8166666666666667,0.18333333333333335,0.18333333333335824,reversible
1.1,0.7,10,0.9296424139337517,0.9296424139337397,1.199040866595169e-14,1.0,1.0,0.0,1,1,0,0.21262724847223147,0.9999999999999999,1.1102230246251565e-16,0.016666666666666666,0.9833333333333333,0.9833333333333364,irreversible
1.1,0.7,11,0.9312917519824743,0.9312917519824615,1.27675647831893e-14,3.0,3.0,0.0,3,3,0,0.21218574341148344,0.9999999999999998,2.220446049250313e-16,0.016666666666666666,0.9833333333333333,0.9833333333333367,irreversible
1.1,0.7,12,0.9252610980549025,0.9252610980547151,1.8740564655672642e-13,1.0,1.0,0.0,1,1,0,0.21604782622402674,1.0,0.0,0.45,0.55,0.5500000000000469,metastable
1.1,0.7,13,0.9151338552874897,0.9151338552874488,4.085620730620576e-14,1.0,1.0,0.0,1,1,0,0.20292863866700228,1.0,0.0,0.0,1.0,1.0000000000000102,irreversible
1.1,0.7,14,0.9312069869365628,0.9312069869365502,1.2545520178264269e-14,2.0,2.0,0.0,2,2,0,0.19784328393886808,1.0,0.0,0.03333333333333333,0.9666666666666667,0.9666666666666698,irreversible
1.1,0.7,15,0.9238802736297717,0.9238802736295892,1.8240964294591322e-13,2.0,2.0,0.0,2,2,0,0.2272697277063237,1.0000000000000002,-2.220446049250313e-16,0.0,1.0,1.0000000000000453,irreversible
1.1,0.7,16,0.9257650018114452,0.925765001811377,6.816769371198461e-14,2.0,2.0,0.0,2,2,0,0.21433439168764057,1.0,0.0,0.0,1.0,1.000000000000017,irreversible
1.1,0.7,17,0.9226250429575605,0.9226250429575351,2.5424107263916085e-14,1.0,1.0,0.0,1,1,0,0.22243987785149633,0.9999999999999999,1.1102230246251565e-16,0.5833333333333334,0.41666666666666663,0.41666666666667307,metastable
1.1,0.7,18,0.9151094767432781,0.9151094767431962,8.193445921733655e-14,1.0,1.0,0.0,1,1,0,0.2232697716886478,1.0,0.0,0.7833333333333333,0.21666666666666667,0.21666666666668716,reversible
1.1,0.7,19,0.9273176948404745,0.9273176948404506,2.398081733190338e-14,1.0,1.0,0.0,1,1,0,0.21130679791920737,0.9999999999999998,2.220446049250313e-16,0.0,1.0,1.0000000000000062,irreversible
1.1,0.8,0,0.9259202626613487,0.9259202626612815,6.727951529228449e-14,2.0,2.0,0.0,2,2,0,0.28230978332219914,1.0000000000000002,-2.220446049250313e-16,0.016666666666666666,0.9833333333333333,0.9833333333333498,irreversible
1.1,0.8,1,0.9393761614105243,0.9393761614105094,1.4876988529977098e-14,1.0,1.0,0.0,1,1,0,0.3023803935167242,1.0,0.0,0.35,0.65,0.6500000000000037,irreversible
1.1,0.8,2,0.9217543333916186,0.9217543333915735,4.5075054799781356e-14,1.0,1.0,0.0,1,1,0,0.29313535743470653,1.0,0.0,0.0,1.0,1.0000000000000113,irreversible
1.1,0.8,3,0.9235495360255415,0.9235495360254924,4.907185768843192e-14,1.0,1.0,0.0,1,1,0,0.23740565444346806,0.9999999999999999,1.1102230246251565e-16,0.6333333333333333,0.3666666666666667,0.3666666666666791,metastable
1.1,0.8,4,0.9225691832836668,0.9225691832835858,8.093525849517391e-14,1.0,1.0,0.0,1,1,0,0.25706527333908047,0.9999999999999998,2.220446049250313e-16,0.0,1.0,1.0000000000000204,irreversible
1.1,0.8,5,0.9300833563583413,0.930083356358328,1.3322676295501878e-14,1.0,1.0,0.0,1,1,0,0.26946486824883553,0.9999999999999998,2.220446049250313e-16,0.0,1.0,1.0000000000000036,irreversible
1.1,0.8,6,0.920228186195119,0.9202281861948971,2.219335826225688e-13,2.0,2.0,0.0,2,2,0,0.2929323807861648,1.0000000000000002,-2.220446049250313e-16,0.0,1.0,1.0000000000000553,irreversible
1.1,0.8,7,0.9365469950507168,0.9365469950507168,0.0,2.0,2.0,0.0,2,2,0,0.3137645108385745,1.0000000000000002,-2.220446049250313e-16,0.05,0.95,0.9499999999999997,irreversible
1.1,0.8,8,0.918268574298607,0.918268574298565,4.196643033083092e-14,2.0,2.0,0.0,2,2,0,0.30264676987830497,1.0,0.0,0.55,0.44999999999999996,0.45000000000001045,metastable
1.1,0.8,9,0.9242901281021644,0.9242901281020648,9.958700530887654e-14,1.0,1.0,0.0,1,1,0,0.2529074120190332,1.0000000000000002,-2.220446049250313e-16,0.7833333333333333,0.21666666666666667,0.21666666666669135,reversible
1.1,0.8,10,0.9296424139337517,0.9296424139337397,1.199040866595169e-14,1.0,1.0,0.0,1,1,0,0.26845283135329534,1.0,0.0,0.016666666666666666,0.9833333333333333,0.9833333333333363,irreversible
1.1,0.8,11,0.9312917519824743,0.9312917519824615,1.27675647831893e-14,3.0,3.0,0.0,3,3,0,0.2679855568226027,0.9999999999999999,1.1102230246251565e-16,0.016666666666666666,0.9833333333333333,0.9833333333333366,irreversible
1.1,0.8,12,0.9252610980549025,0.9252610980547148,1.8773871346411397e-13,1.0,1.0,0.0,1,1,0,0.27224519597628294,1.0000000000000004,-4.440892098500626e-16,0.3333333333333333,0.6666666666666667,0.6666666666667133,irreversible
1.1,0.8,13,0.9151338552874897,0.9151338552874486,4.107825191113079e-14,1.0,1.0,0.0,1,1,0,0.2561269155203816,1.0,0.0,0.0,1.0,1.0000000000000102,irreversible
1.1,0.8,14,0.9312069869365628,0.9312069869365499,1.2878587085651816e-14,2.0,2.0,0.0,2,2,0,0.25025318599816815,1.0,0.0,0.0,1.0,1.000000000000003,irreversible
1.1,0.8,15,0.9238802736297717,0.9238802736295897,1.8196555373606316e-13,2.0,2.0,0.0,2,2,0,0.28502069209065395,0.9999999999999999,1.1102230246251565e-16,0.016666666666666666,0.9833333333333333,0.9833333333333789,irreversible
1.1,0.8,16,0.9257650018114452,0.925765001811377,6.816769371198461e-14,2.0,2.0,0.0,2,2,0,0.2692276120484055,1.0000000000000002,-2.220446049250313e-16,0.0,1.0,1.0000000000000169,irreversible
1.1,0.8,17,0.9226250429575605,0.9226250429575356,2.4980018054066022e-14,1.0,1.0,0.0,1,1,0,0.279673379802743,1.0,0.0,0.75,0.25,0.2500000000000062,metastable
1.1,0.8,18,0.9151094767432781,0.9151094767431965,8.1601392309949e-14,1.0,1.0,0.0,1,1,0,0.27988870702187263,0.9999999999999998,2.220446049250313e-16,0.8,0.19999999999999996,0.20000000000002058,reversible
1.1,0.8,19,0.9273176948404745,0.9273176948404505,2.4091839634365897e-14,1.0,1.0,0.0,1,1,0,0.2673808214540693,0.9999999999999999,1.1102230246251565e-16,0.0,1.0,1.000000000000006,irreversible
1.1,0.9,0,0.9259202626613487,0.9259202626612815,6.727951529228449e-14,2.0,2.0,0.0,2,2,0,0.34415194568358665,1.0,0.0,0.03333333333333333,0.9666666666666667,0.9666666666666834,irreversible
1.1,0.9,1,0.9393761614105243,0.9393761614105094,1.4876988529977098e-14,1.0,1.0,0.0,1,1,0,0.36659678277522656,0.9999999999999999,1.1102230246251565e-16,0.26666666666666666,0.7333333333333334,0.7333333333333372,irreversible
1.1,0.9,2,0.9217543333916186,0.9217543333915732,4.54081217071689e-14,1.0,1.0,0.0,1,1,0,0.35680389314978145,1.0000000000000002,-2.220446049250313e-16,0.0,1.0,1.000000000000011,irreversible
1.1,0.9,3,0.9235495360255415,0.9235495360254924,4.907185768843192e-14,1.0,1.0,0.0,1,1,0,0.29121320719538846,0.9999999999999999,1.1102230246251565e-16,0.5666666666666667,0.43333333333333335,0.4333333333333457,metastable
1.1,0.9,4,0.9225691832836668,0.9225691832835858,8.093525849517391e-14,1.0,1.0,0.0,1,1,0,0.31465004432663024,1.0,0.0,0.0,1.0,1.0000000000000202,irreversible
1.1,0.9,5,0.9300833563583413,0.9300833563583278,1.3433698597964394e-14,1.0,1.0,0.0,1,1,0,0.32837406531701563,1.0000000000000002,-2.220446049250313e-16,0.0,1.0,1.000000000000003,irreversible
1.1,0.9,6,0.920228186195119,0.9202281861948968,2.2226664952995634e-13,2.0,2.0,0.0,2,2,0,0.3550989395108478,0.9999999999999999,1.1102230246251565e-16,0.0,1.0,1.0000000000000555,irreversible
1.1,0.9,7,0.9365469950507168,0.9365469950507169,1.1102230246251565e-16,2.0,2.0,0.0,2,2,0,0.38020617485138786,1.0000000000000002,-2.220446049250313e-16,0.05,0.95,0.9499999999999997,irreversible
1.1,0.9,8,0.918268574298607,0.9182685742985666,4.04121180963557e-14,2.0,2.0,0.0,2,2,0,0.3662902551220858,1.0,0.0,0.8333333333333334,0.16666666666666663,0.16666666666667673,reversible
1.1,0.9,9,0.9242901281021644,0.9242901281020652,9.914291609902648e-14,1.0,1.0,0.0,1,1,0,0.3079858292773926,0.9999999999999999,1.1102230246251565e-16,0.7833333333333333,0.21666666666666667,0.21666666666669157,reversible
1.1,0.9,10,0.9296424139337517,0.9296424139337396,1.2101430968414206e-14,1.0,1.0,0.0,1,1,0,0.32705085886181484,1.0,0.0,0.03333333333333333,0.9666666666666667,0.9666666666666697,irreversible
1.1,0.9,11,0.9312917519824743,0.9312917519824615,1.27675647831893e-14,3.0,3.0,0.0,3,3,0,0.3266558027137042,0.9999999999999998,2.220446049250313e-16,0.016666666666666666,0.9833333333333333,0.9833333333333367,irreversible
1.1,0.9,12,0.9252610980549025,0.9252610980547148,1.8773871346411397e-13,1.0,1.0,0.0,1,1,0,0.33102499349652503,0.9999999999999999,1.1102230246251565e-16,0.2,0.8,0.8000000000000471,irreversible
1.1,0.9,13,0.9151338552874897,0.9151338552874488,4.085620730620576e-14,1.0,1.0,0.0,1,1,0,0.3119688734471462,1.0,0.0,0.0,1.0,1.0000000000000102,irreversible
1.1,0.9,14,0.9312069869365628,0.9312069869365499,1.2878587085651816e-14,2.0,2.0,0.0,2,2,0,0.3055697279459352,1.0,0.0,0.0,1.0,1.000000000000003,irreversible
1.1,0.9,15,0.9238802736297717,0.9238802736295905,1.8118839761882555e-13,2.0,2.0,0.0,2,2,0,0.3447394411660015,1.0,0.0,0.6666666666666666,0.33333333333333337,0.33333333333337867,metastable
1.1,0.9,16,0.9257650018114452,0.9257650018113772,6.794564910705958e-14,2.0,2.0,0.0,2,2,0,0.32629971891682885,1.0000000000000004,-4.440892098500626e-16,0.0,1.0,1.0000000000000164,irreversible
1.1,0.9,17,0.9226250429575605,0.922625042957536,2.453592884421596e-14,1.0,1.0,0.0,1,1,0,0.33921402636192144,1.0,0.0,0.8,0.19999999999999996,0.2000000000000061,reversible
1.1,0.9,18,0.9151094767432781,0.9151094767431974,8.071321389024888e-14,1.0,1.0,0.0,1,1,0,0.3384514978699342,1.0,0.0,0.8166666666666667,0.18333333333333335,0.18333333333335353,reversible
1.1,0.9,19,0.9273176948404745,0.9273176948404501,2.4424906541753444e-14,1.0,1.0,0.0,1,1,0,0.32655996458531633,1.0000000000000002,-2.220446049250313e-16,0.0,1.0,1.0000000000000058,irreversible
1.1,1.0,0,0.9259202626613487,0.9259202626612817,6.705747068735946e-14,2.0,2.0,0.0,2,2,0,0.40760812482259345,1.0,0.0,0.11666666666666667,0.8833333333333333,0.8833333333333501,irreversible
1.1,1.0,1,0.9393761614105243,0.9393761614105094,1.4876988529977098e-14,1.0,1.0,0.0,1,1,0,0.43165828661491445,1.0000000000000002,-2.220446049250313e-16,0.2,0.8,0.8000000000000036,irreversible
1.1,1.0,2,0.9217543333916186,0.9217543333915732,4.54081217071689e-14,1.0,1.0,0.0,1,1,0,0.4218700240676443,0.9999999999999999,1.1102230246251565e-16,0.0,1.0,1.0000000000000113,irreversible
1.1,1.0,3,0.9235495360255415,0.9235495360254924,4.907185768843192e-14,1.0,1.0,0.0,1,1,0,0.34728706259872266,1.0,0.0,0.5333333333333333,0.4666666666666667,0.46666666666667894,metastable
1.1,1.0,4,0.9225691832836668,0.9225691832835858,8.093525849517391e-14,1.0,1.0,0.0,1,1,0,0.3743076784720879,1.0,0.0,0.0,1.0,1.0000000000000202,irreversible
1.1,1.0,5,0.9300833563583413,0.9300833563583276,1.3655743202889425e-14,1.0,1.0,0.0,1,1,0,0.388729854774285,1.0000000000000002,-2.220446049250313e-16,0.0,1.0,1.000000000000003,irreversible
1.1,1.0,6,0.920228186195119,0.9202281861948962,2.2282176104226892e-13,2.0,2.0,0.0,2,2,0,0.41809817499408897,1.0000000000000002,-2.220446049250313e-16,0.0,1.0,1.0000000000000555,irreversible
1.1,1.0,7,0.9365469950507168,0.9365469950507173,4.440892098500626e-16,2.0,2.0,0.0,2,2,0,0.4473999905927053,1.0000000000000002,-2.220446049250313e-16,0.1,0.9,0.8999999999999999,irreversible
1.1,1.0,8,0.918268574298607,0.9182685742985683,3.863576125695545e-14,2.0,2.0,0.0,2,2,0,0.4303993070689579,1.0,0.0,0.85,0.15000000000000002,0.15000000000000968,reversible
1.1,1.0,9,0.9242901281021644,0.9242901281020656,9.880984919163893e-14,1.0,1.0,0.0,1,1,0,0.36443353351768903,1.0000000000000002,-2.220446049250313e-16,0.8333333333333334,0.16666666666666663,0.1666666666666911,reversible
1.1,1.0,10,0.9296424139337517,0.9296424139337397,1.199040866595169e-14,1.0,1.0,0.0,1,1,0,0.38708525285072204,1.0000000000000002,-2.220446049250313e-16,0.05,0.95,0.9500000000000027,irreversible
1.1,1.0,11,0.9312917519824743,0.9312917519824617,1.2545520178264269e-14,3.0,3.0,0.0,3,3,0,0.38692027793110395,1.0,0.0,0.016666666666666666,0.9833333333333333,0.9833333333333364,irreversible
1.1,1.0,12,0.9252610980549025,0.9252610980547148,1.8773871346411397e-13,1.0,1.0,0.0,1,1,0,0.39105267428874413,1.0,0.0,0.13333333333333333,0.8666666666666667,0.8666666666667137,irreversible
1.1,1.0,13,0.9151338552874897,0.9151338552874492,4.0523140398818214e-14,1.0,1.0,0.0,1,1,0,0.369214738265525,0.9999999999999999,1.1102230246251565e-16,0.0,1.0,1.0000000000000102,irreversible
1.1,1.0,14,0.9312069869365628,0.9312069869365499,1.2878587085651816e-14,2.0,2.0,0.0,2,2,0,0.3626454650169587,1.0,0.0,0.0,1.0,1.000000000000003,irreversible
1.1,1.0,15,0.9238802736297717,0.9238802736295916,1.800781745942004e-13,2.0,2.0,0.0,2,2,0,0.4049453089357601,1.0000000000000002,-2.220446049250313e-16,0.75,0.25,0.2500000000000448,metastable
1.1,1.0,16,0.9257650018114452,0.9257650018113776,6.761258219967203e-14,2.0,2.0,0.0,2,2,0,0.38425889830483717,1.0,0.0,0.0,1.0,1.0000000000000169,irreversible
1.1,1.0,17,0.9226250429575605,0.9226250429575366,2.398081733190338e-14,1.0,1.0,0.0,1,1,0,0.39964411495250163,1.0,0.0,0.8,0.19999999999999996,0.20000000000000595,reversible
1.1,1.0,18,0.9151094767432781,0.9151094767431984,7.971401316808624e-14,1.0,1.0,0.0,1,1,0,0.3975658855474439,1.0,0.0,0.85,0.15000000000000002,0.15000000000001995,reversible
1.1,1.0,19,0.9273176948404745,0.9273176948404501,2.4424906541753444e-14,1.0,1.0,0.0,1,1,0,0.3875722560635204,1.0000000000000002,-2.220446049250313e-16,0.0,1.0,1.0000000000000058,irreversible
1.15,0.0,0,0.933171550270877,0.9331715502708648,1.2101430968414206e-14,2.0,2.0,0.0,2,2,0,0.0,1.0,0.0,0.16666666666666666,0.8333333333333334,0.8333333333333364,irreversible
1.15,0.0,1,0.945171959307028,0.9451719593070258,2.220446049250313e-15,1.0,1.0,0.0,1,1,0,0.0,1.0000000000000002,-2.220446049250313e-16,0.18333333333333332,0.8166666666666667,0.816666666666667,irreversible
1.15,0.0,2,0.9296318942463131,0.9296318942463073,5.773159728050814e-15,1.0,1.0,0.0,1,1,0,0.0,1.0,0.0,0.18333333333333332,0.8166666666666667,0.8166666666666681,irreversible
1.15,0.0,3,0.9310748908932422,0.9310748908932349,7.327471962526033e-15,1.0,1.0,0.0,1,1,0,0.0,1.0,0.0,0.1,0.9,0.9000000000000019,irreversible
1.15,0.0,4,0.930235357907855,0.9302353579078435,1.1546319456101628e-14,1.0,1.0,0.0,1,1,0,0.0,0.9999999999999998,2.220446049250313e-16,0.08333333333333333,0.9166666666666666,0.9166666666666697,irreversible
1.15,0.0,5,0.9369635580717373,0.9369635580717356,1.6653345369377348e-15,1.0,1.0,0.0,1,1,0,0.0,0.9999999999999999,1.1102230246251565e-16,0.13333333333333333,0.8666666666666667,0.8666666666666673,irreversible
1.15,0.0,6,0.9282439403887235,0.928243940388694,2.9531932455029164e-14,2.0,2.0,0.0,2,2,0,0.0,0.9999999999999999,1.1102230246251565e-16,0.1,0.9,0.9000000000000075,irreversible
1.15,0.0,7,0.9427174602365861,0.9427174602365861,0.0,2.0,2.0,0.0,2,2,0,0.0,1.0,0.0,0.18333333333333332,0.8166666666666667,0.8166666666666667,irreversible
1.15,0.0,8,0.9265082106254662,0.9265082106254606,5.551115123125783e-15,2.0,2.0,0.0,2,2,0,0.0,1.0000000000000002,-2.220446049250313e-16,0.1,0.9,0.9000000000000012,irreversible
1.15,0.0,9,0.9318294811030831,0.9318294811030683,1.4765966227514582e-14,1.0,1.0,0.0,1,1,0,0.0,1.0,0.0,0.23333333333333334,0.7666666666666666,0.7666666666666703,irreversible
1.15,0.0,10,0.9365235998553768,0.936523599855375,1.7763568394002505e-15,1.0,1.0,0.0,1,1,0,0.0,1.0000000000000002,-2.220446049250313e-16,0.23333333333333334,0.7666666666666666,0.7666666666666668,irreversible
1.15,0.0,11,0.9379477951047972,0.9379477951047953,1.887379141862766e-15,2.0,2.0,0.0,2,2,0,0.0,1.0,0.0,0.2,0.8,0.8000000000000005,irreversible
1.15,0.0,12,0.932670850160633,0.9326708501606031,2.986499936241671e-14,1.0,1.0,0.0,1,1,0,0.0,1.0000000000000002,-2.220446049250313e-16,0.06666666666666667,0.9333333333333333,0.9333333333333406,irreversible
1.15,0.0,13,0.9236413422458336,0.9236413422458284,5.218048215738236e-15,1.0,1.0,0.0,1,1,0,0.0,0.9999999999999998,2.220446049250313e-16,0.11666666666666667,0.8833333333333333,0.8833333333333349,irreversible
1.15,0.0,14,0.9379802725426813,0.9379802725426795,1.887379141862766e-15,2.0,2.0,0.0,2,2,0,0.0,1.0,0.0,0.05,0.95,0.9500000000000004,irreversible
1.15,0.0,15,0.9315443988166201,0.9315443988165962,2.3869795029440866e-14,2.0,2.0,0.0,2,2,0,0.0,1.0,0.0,0.1,0.9,0.900000000000006,irreversible
1.15,0.0,16,0.9331393139267199,0.9331393139267108,9.103828801926284e-15,2.0,2.0,0.0,2,2,0,0.0,0.9999999999999998,2.220446049250313e-16,0.43333333333333335,0.5666666666666667,0.5666666666666691,metastable
1.15,0.0,17,0.9302502995147164,0.9302502995147124,3.9968028886505635e-15,1.0,1.0,0.0,1,1,0,0.0,0.9999999999999998,2.220446049250313e-16,0.1,0.9,0.9000000000000012,irreversible
1.15,0.0,18,0.9236060578480122,0.9236060578480016,1.0547118733938987e-14,1.0,1.0,0.0,1,1,0,0.0,1.0000000000000002,-2.220446049250313e-16,0.15,0.85,0.8500000000000024,irreversible
1.15,0.0,19,0.9345113429776524,0.9345113429776493,3.1086244689504383e-15,1.0,1.0,0.0,1,1,0,0.0,1.0,0.0,0.25,0.75,0.7500000000000008,irreversible
1.15,0.1,0,0.933171550270877,0.9331715502708648,1.2101430968414206e-14,2.0,2.0,0.0,2,2,0,0.005082959184978253,1.0,0.0,0.06666666666666667,0.9333333333333333,0.9333333333333363,irreversible
1.15,0.1,1,0.945171959307028,0.9451719593070258,2.220446049250313e-15,1.0,1.0,0.0,1,1,0,0.005567735344719993,1.0,0.0,0.35,0.65,0.6500000000000006,irreversible
1.15,0.1,2,0.9296318942463131,0.9296318942463073,5.773159728050814e-15,1.0,1.0,0.0,1,1,0,0.005307263305182275,1.0000000000000002,-2.220446049250313e-16,0.6333333333333333,0.3666666666666667,0.3666666666666679,metastable
1.15,0.1,3,0.9310748908932422,0.9310748908932349,7.327471962526033e-15,1.0,1.0,0.0,1,1,0,0.004175440822384302,1.0,0.0,0.48333333333333334,0.5166666666666666,0.5166666666666684,metastable
1.15,0.1,4,0.930235357907855,0.9302353579078435,1.1546319456101628e-14,1.0,1.0,0.0,1,1,0,0.004554961461759155,0.9999999999999999,1.1102230246251565e-16,0.06666666666666667,0.9333333333333333,0.9333333333333363,irreversible
1.15,0.1,5,0.9369635580717373,0.9369635580717356,1.6653345369377348e-15,1.0,1.0,0.0,1,1,0,0.004855247808518315,1.0000000000000002,-2.220446049250313e-16,0.0,1.0,1.0000000000000002,irreversible
1.15,0.1,6,0.9282439403887235,0.9282439403886937,2.9753977059954195e-14,2.0,2.0,0.0,2,2,0,0.00540133673198373,0.9999999999999997,3.3306690738754696e-16,0.0,1.0,1.000000000000008,irreversible
1.15,0.1,7,0.9427174602365861,0.9427174602365861,0.0,2.0,2.0,0.0,2,2,0,0.005785230342152614,1.0,0.0,0.16666666666666666,0.8333333333333334,0.8333333333333334,irreversible
1.15,0.1,8,0.9265082106254662,0.9265082106254606,5.551115123125783e-15,2.0,2.0,0.0,2,2,0,0.005601349941135814,1.0,0.0,0.016666666666666666,0.9833333333333333,0.9833333333333347,irreversible
1.15,0.1,9,0.9318294811030831,0.9318294811030684,1.4654943925052066e-14,1.0,1.0,0.0,1,1,0,0.0045797356965694425,1.0,0.0,0.5833333333333334,0.41666666666666663,0.4166666666666703,metastable
1.15,0.1,10,0.9365235998553768,0.936523599855375,1.7763568394002505e-15,1.0,1.0,0.0,1,1,0,0.004845457257861452,1.0000000000000002,-2.220446049250313e-16,0.3,0.7,0.7000000000000002,irreversible
1.15,0.1,11,0.9379477951047972,0.9379477951047953,1.887379141862766e-15,2.0,2.0,0.0,2,2,0,0.004834404950814775,1.0,0.0,0.05,0.95,0.9500000000000004,irreversible
1.15,0.1,12,0.932670850160633,0.9326708501606031,2.986499936241671e-14,1.0,1.0,0.0,1,1,0,0.004960474886224864,1.0,0.0,0.5,0.5,0.5000000000000074,metastable
1.15,0.1,13,0.9236413422458336,0.9236413422458284,5.218048215738236e-15,1.0,1.0,0.0,1,1,0,0.004633053394615061,1.0,0.0,0.0,1.0,1.0000000000000013,irreversible
1.15,0.1,14,0.9379802725426813,0.9379802725426795,1.887379141862766e-15,2.0,2.0,0.0,2,2,0,0.004485647838096685,1.0,0.0,0.23333333333333334,0.7666666666666666,0.766666666666667,irreversible
1.15,0.1,15,0.9315443988166201,0.9315443988165962,2.3869795029440866e-14,2.0,2.0,0.0,2,2,0,0.0053028351034647425,1.0,0.0,0.0,1.0,1.000000000000006,irreversible
1.15,0.1,16,0.9331393139267199,0.9331393139267108,9.103828801926284e-15,2.0,2.0,0.0,2,2,0,0.0049821369432875295,1.0,0.0,0.016666666666666666,0.9833333333333333,0.9833333333333356,irreversible
1.15,0.1,17,0.9302502995147164,0.9302502995147124,3.9968028886505635e-15,1.0,1.0,0.0,1,1,0,0.0051455148148101815,1.0000000000000002,-2.220446049250313e-16,0.26666666666666666,0.7333333333333334,0.7333333333333342,irreversible
1.15,0.1,18,0.9236060578480122,0.9236060578480014,1.0769163338864018e-14,1.0,1.0,0.0,1,1,0,0.005223089436370398,1.0,0.0,0.5,0.5,0.5000000000000027,metastable
1.15,0.1,19,0.9345113429776524,0.9345113429776493,3.1086244689504383e-15,1.0,1.0,0.0,1,1,0,0.0047804830987612235,0.9999999999999999,1.1102230246251565e-16,0.03333333333333333,0.9666666666666667,0.9666666666666676,irreversible
1.15,0.2,0,0.933171550270877,0.9331715502708648,1.2101430968414206e-14,2.0,2.0,0.0,2,2,0,0.020193045814065447,1.0000000000000002,-2.220446049250313e-16,0.0,1.0,1.0000000000000029,irreversible
1.15,0.2,1,0.945171959307028,0.9451719593070258,2.220446049250313e-15,1.0,1.0,0.0,1,1,0,0.02209382812342442,1.0,0.0,0.4,0.6,0.6000000000000005,irreversible
1.15,0.2,2,0.9296318942463131,0.9296318942463073,5.773159728050814e-15,1.0,1.0,0.0,1,1,0,0.021078674462537306,0.9999999999999999,1.1102230246251565e-16,0.6666666666666666,0.33333333333333337,0.3333333333333349,metastable
1.15,0.2,3,0.9310748908932422,0.9310748908932349,7.327471962526033e-15,1.0,1.0,0.0,1,1,0,0.01660651766859711,0.9999999999999999,1.1102230246251565e-16,0.5833333333333334,0.41666666666666663,0.4166666666666686,metastable
1.15,0.2,4,0.930235357907855,0.9302353579078435,1.1546319456101628e-14,1.0,1.0,0.0,1,1,0,0.01810989112517447,0.9999999999999999,1.1102230246251565e-16,0.03333333333333333,0.9666666666666667,0.9666666666666697,irreversible
1.15,0.2,5,0.9369635580717373,0.9369635580717356,1.6653345369377348e-15,1.0,1.0,0.0,1,1,0,0.019288153457760138,1.0,0.0,0.0,1.0,1.0000000000000004,irreversible
1.15,0.2,6,0.9282439403887235,0.9282439403886937,2.9753977059954195e-14,2.0,2.0,0.0,2,2,0,0.0214311705939928,1.0000000000000002,-2.220446049250313e-16,0.0,1.0,1.000000000000007,irreversible
1.15,0.2,7,0.9427174602365861,0.9427174602365861,0.0,2.0,2.0,0.0,2,2,0,0.02295582617563563,1.0000000000000002,-2.220446049250313e-16,0.16666666666666666,0.8333333333333334,0.8333333333333331,irreversible
1.15,0.2,8,0.9265082106254662,0.9265082106254606,5.551115123125783e-15,2.0,2.0,0.0,2,2,0,0.02222273995200541,1.0,0.0,0.0,1.0,1.0000000000000013,irreversible
1.15,0.2,9,0.9318294811030831,0.9318294811030684,1.4654943925052066e-14,1.0,1.0,0.0,1,1,0,0.018187698023347854,1.0000000000000002,-2.220446049250313e-16,0.6333333333333333,0.3666666666666667,0.36666666666667014,metastable
1.15,0.2,10,0.9365235998553768,0.936523599855375,1.7763568394002505e-15,1.0,1.0,0.0,1,1,0,0.019247186053557908,1.0000000000000004,-4.440892098500626e-16,0.25,0.75,0.75,irreversible
1.15,0.2,11,0.9379477951047972,0.9379477951047953,1.887379141862766e-15,2.0,2.0,0.0,2,2,0,0.019202771093093873,0.9999999999999999,1.1102230246251565e-16,0.016666666666666666,0.9833333333333333,0.9833333333333338,irreversible
1.15,0.2,12,0.932670850160633,0.9326708501606032,2.9753977059954195e-14,1.0,1.0,0.0,1,1,0,0.019693681911027383,1.0,0.0,0.5833333333333334,0.41666666666666663,0.41666666666667407,metastable
1.15,0.2,13,0.9236413422458336,0.9236413422458283,5.329070518200751e-15,1.0,1.0,0.0,1,1,0,0.018400621743477563,1.0,0.0,0.0,1.0,1.0000000000000013,irreversible
1.15,0.2,14,0.9379802725426813,0.9379802725426795,1.887379141862766e-15,2.0,2.0,0.0,2,2,0,0.017822918794434872,1.0,0.0,0.3333333333333333,0.6666666666666667,0.6666666666666672,irreversible
1.15,0.2,15,0.9315443988166201,0.9315443988165962,2.3869795029440866e-14,2.0,2.0,0.0,2,2,0,0.021030983863888464,1.0,0.0,0.0,1.0,1.000000000000006,irreversible
1.15,0.2,16,0.9331393139267199,0.9331393139267108,9.103828801926284e-15,2.0,2.0,0.0,2,2,0,0.019762566257660485,1.0,0.0,0.0,1.0,1.0000000000000022,irreversible
1.15,0.2,17,0.9302502995147164,0.9302502995147124,3.9968028886505635e-15,1.0,1.0,0.0,1,1,0,0.02041849490494585,1.0000000000000002,-2.220446049250313e-16,0.3333333333333333,0.6666666666666667,0.6666666666666675,irreversible
1.15,0.2,18,0.9236060578480122,0.9236060578480014,1.0769163338864018e-14,1.0,1.0,0.0,1,1,0,0.020710169321628502,1.0000000000000002,-2.220446049250313e-16,0.5333333333333333,0.4666666666666667,0.4666666666666691,metastable
1.15,0.2,19,0.9345113429776524,0.9345113429776493,3.1086244689504383e-15,1.0,1.0,0.0,1,1,0,0.018997841239258295,0.9999999999999999,1.1102230246251565e-16,0.0,1.0,1.0000000000000009,irreversible
1.15,0.3,0,0.933171550270877,0.9331715502708648,1.2101430968414206e-14,2.0,2.0,0.0,2,2,0,0.04491957961568338,1.0,0.0,0.016666666666666666,0.9833333333333333,0.9833333333333363,irreversible
1.15,0.3,1,0.945171959307028,0.9451719593070258,2.220446049250313e-15,1.0,1.0,0.0,1,1,0,0.04905571508536821,1.0000000000000002,-2.220446049250313e-16,0.4,0.6,0.6000000000000003,irreversible
1.15,0.3,2,0.9296318942463131,0.9296318942463073,5.773159728050814e-15,1.0,1.0,0.0,1,1,0,0.04686935264896541,1.0,0.0,0.6166666666666667,0.3833333333333333,0.38333333333333475,metastable
1.15,0.3,3,0.9310748908932422,0.9310748908932349,7.327471962526033e-15,1.0,1.0,0.0,1,1,0,0.037010886385621666,1.0,0.0,0.65,0.35,0.3500000000000018,metastable
1.15,0.3,4,0.930235357907855,0.9302353579078435,1.1546319456101628e-14,1.0,1.0,0.0,1,1,0,0.04033879710526955,0.9999999999999999,1.1102230246251565e-16,0.0,1.0,1.0000000000000029,irreversible
1.15,0.3,5,0.9369635580717373,0.9369635580717356,1.6653345369377348e-15,1.0,1.0,0.0,1,1,0,0.04290546087307101,1.0000000000000004,-4.440892098500626e-16,0.0,1.0,1.0,irreversible
1.15,0.3,6,0.9282439403887235,0.9282439403886937,2.9753977059954195e-14,2.0,2.0,0.0,2,2,0,0.04757620097962545,0.9999999999999998,2.220446049250313e-16,0.0,1.0,1.0000000000000075,irreversible
1.15,0.3,7,0.9427174602365861,0.9427174602365861,0.0,2.0,2.0,0.0,2,2,0,0.05096549380339721,1.0,0.0,0.11666666666666667,0.8833333333333333,0.8833333333333333,irreversible
1.15,0.3,8,0.9265082106254662,0.9265082106254606,5.551115123125783e-15,2.0,2.0,0.0,2,2,0,0.04932491169818787,1.0000000000000002,-2.220446049250313e-16,0.0,1.0,1.000000000000001,irreversible
1.15,0.3,9,0.9318294811030831,0.9318294811030685,1.454392162258955e-14,1.0,1.0,0.0,1,1,0,0.04043632998506097,0.9999999999999999,1.1102230246251565e-16,0.7333333333333333,0.2666666666666667,0.2666666666666705,metastable
1.15,0.3,10,0.9365235998553768,0.936523599855375,1.7763568394002505e-15,1.0,1.0,0.0,1,1,0,0.04280687287122964,1.0000000000000002,-2.220446049250313e-16,0.2833333333333333,0.7166666666666667,0.7166666666666669,irreversible
1.15,0.3,11,0.9379477951047972,0.9379477951047953,1.887379141862766e-15,2.0,2.0,0.0,2,2,0,0.04270669406900163,0.9999999999999999,1.1102230246251565e-16,0.016666666666666666,0.9833333333333333,0.9833333333333338,irreversible
1.15,0.3,12,0.932670850160633,0.9326708501606032,2.9753977059954195e-14,1.0,1.0,0.0,1,1,0,0.043762203751507744,0.9999999999999998,2.220446049250313e-16,0.6333333333333333,0.3666666666666667,0.36666666666667436,metastable
1.15,0.3,13,0.9236413422458336,0.9236413422458283,5.329070518200751e-15,1.0,1.0,0.0,1,1,0,0.04091397074266456,1.0000000000000002,-2.220446049250313e-16,0.0,1.0,1.000000000000001,irreversible
1.15,0.3,14,0.9379802725426813,0.9379802725426795,1.887379141862766e-15,2.0,2.0,0.0,2,2,0,0.039658121293117965,1.0000000000000002,-2.220446049250313e-16,0.2833333333333333,0.7166666666666667,0.7166666666666669,irreversible
1.15,0.3,15,0.9315443988166201,0.9315443988165962,2.3869795029440866e-14,2.0,2.0,0.0,2,2,0,0.04665332075894657,1.0000000000000002,-2.220446049250313e-16,0.0,1.0,1.0000000000000058,irreversible
1.15,0.3,16,0.9331393139267199,0.9331393139267107,9.2148511043888e-15,2.0,2.0,0.0,2,2,0,0.04385319866641246,1.0,0.0,0.0,1.0,1.0000000000000022,irreversible
1.15,0.3,17,0.9302502995147164,0.9302502995147124,3.9968028886505635e-15,1.0,1.0,0.0,1,1,0,0.045336698142943166,1.0000000000000002,-2.220446049250313e-16,0.2833333333333333,0.7166666666666667,0.7166666666666675,irreversible
1.15,0.3,18,0.9236060578480122,0.9236060578480014,1.0769163338864018e-14,1.0,1.0,0.0,1,1,0,0.04592561741286427,1.0000000000000002,-2.220446049250313e-16,0.5833333333333334,0.41666666666666663,0.41666666666666907,metastable
1.15,0.3,19,0.9345113429776524,0.9345113429776493,3.1086244689504383e-15,1.0,1.0,0.0,1,1,0,0.04228468101897398,1.0000000000000002,-2.220446049250313e-16,0.0,1.0,1.0000000000000004,irreversible
1.15,0.4,0,0.933171550270877,0.9331715502708648,1.2101430968414206e-14,2.0,2.0,0.0,2,2,0,0.078596769228518,0.9999999999999999,1.1102230246251565e-16,0.016666666666666666,0.9833333333333333,0.9833333333333364,irreversible
1.15,0.4,1,0.945171959307028,0.9451719593070258,2.220446049250313e-15,1.0,1.0,0.0,1,1,0,0.08561117446767541,1.0000000000000002,-2.220446049250313e-16,0.31666666666666665,0.6833333333333333,0.6833333333333337,irreversible
1.15,0.4,2,0.9296318942463131,0.9296318942463073,5.773159728050814e-15,1.0,1.0,0.0,1,1,0,0.08195835964297293,1.0,0.0,0.5833333333333334,0.41666666666666663,0.4166666666666681,metastable
1.15,0.4,3,0.9310748908932422,0.931074890893235,7.216449660063518e-15,1.0,1.0,0.0,1,1,0,0.06492912668400885,0.9999999999999999,1.1102230246251565e-16,0.6666666666666666,0.33333333333333337,0.33333333333333526,metastable
1.15,0.4,4,0.930235357907855,0.9302353579078435,1.1546319456101628e-14,1.0,1.0,0.0,1,1,0,0.07071109653724983,1.0,0.0,0.0,1.0,1.0000000000000029,irreversible
1.15,0.4,5,0.9369635580717373,0.9369635580717356,1.6653345369377348e-15,1.0,1.0,0.0,1,1,0,0.0750690014097507,1.0000000000000002,-2.220446049250313e-16,0.0,1.0,1.0000000000000002,irreversible
1.15,0.4,6,0.9282439403887235,0.9282439403886937,2.9753977059954195e-14,2.0,2.0,0.0,2,2,0,0.08301100111133863,0.9999999999999999,1.1102230246251565e-16,0.0,1.0,1.0000000000000075,irreversible
1.15,0.4,7,0.9427174602365861,0.9427174602365861,0.0,2.0,2.0,0.0,2,2,0,0.08893318175785414,1.0,0.0,0.06666666666666667,0.9333333333333333,0.9333333333333333,irreversible
1.15,0.4,8,0.9265082106254662,0.9265082106254606,5.551115123125783e-15,2.0,2.0,0.0,2,2,0,0.08603765836187849,1.0,0.0,0.0,1.0,1.0000000000000013,irreversible
1.15,0.4,9,0.9318294811030831,0.9318294811030685,1.454392162258955e-14,1.0,1.0,0.0,1,1,0,0.07069990312459717,1.0,0.0,0.65,0.35,0.35000000000000364,metastable
1.15,0.4,10,0.9365235998553768,0.936523599855375,1.7763568394002505e-15,1.0,1.0,0.0,1,1,0,0.07487908239870322,1.0,0.0,0.16666666666666666,0.8333333333333334,0.8333333333333338,irreversible
1.15,0.4,11,0.9379477951047972,0.9379477951047953,1.887379141862766e-15,2.0,2.0,0.0,2,2,0,0.07470227106958927,1.0,0.0,0.016666666666666666,0.9833333333333333,0.9833333333333337,irreversible
1.15,0.4,12,0.932670850160633,0.9326708501606032,2.9753977059954195e-14,1.0,1.0,0.0,1,1,0,0.07646068187257193,1.0000000000000002,-2.220446049250313e-16,0.6,0.4,0.40000000000000724,metastable
1.15,0.4,13,0.9236413422458336,0.9236413422458283,5.329070518200751e-15,1.0,1.0,0.0,1,1,0,0.071544980527114,1.0000000000000002,-2.220446049250313e-16,0.0,1.0,1.000000000000001,irreversible
1.15,0.4,14,0.9379802725426813,0.9379802725426795,1.887379141862766e-15,2.0,2.0,0.0,2,2,0,0.0694192131554271,0.9999999999999999,1.1102230246251565e-16,0.23333333333333334,0.7666666666666666,0.7666666666666672,irreversible
1.15,0.4,15,0.9315443988166201,0.9315443988165962,2.3869795029440866e-14,2.0,2.0,0.0,2,2,0,0.08131708391445913,1.0,0.0,0.0,1.0,1.000000000000006,irreversible
1.15,0.4,16,0.9331393139267199,0.9331393139267107,9.2148511043888e-15,2.0,2.0,0.0,2,2,0,0.07647264166529855,0.9999999999999999,1.1102230246251565e-16,0.0,1.0,1.0000000000000022,irreversible
1.15,0.4,17,0.9302502995147164,0.9302502995147124,3.9968028886505635e-15,1.0,1.0,0.0,1,1,0,0.0791239878765776,1.0000000000000002,-2.220446049250313e-16,0.35,0.65,0.6500000000000008,irreversible
1.15,0.4,18,0.9236060578480122,0.9236060578480016,1.0547118733938987e-14,1.0,1.0,0.0,1,1,0,0.080012374822243,1.0,0.0,0.65,0.35,0.35000000000000264,metastable
1.15,0.4,19,0.9345113429776524,0.9345113429776493,3.1086244689504383e-15,1.0,1.0,0.0,1,1,0,0.07404470506928251,1.0,0.0,0.0,1.0,1.0000000000000009,irreversible
1.15,0.5,0,0.933171550270877,0.9331715502708648,1.2101430968414206e-14,2.0,2.0,0.0,2,2,0,0.12033069666070473,0.9999999999999999,1.1102230246251565e-16,0.06666666666666667,0.9333333333333333,0.9333333333333365,irreversible
1.15,0.5,1,0.945171959307028,0.9451719593070258,2.220446049250313e-15,1.0,1.0,0.0,1,1,0,0.13063955510002478,1.0,0.0,0.38333333333333336,0.6166666666666667,0.6166666666666673,irreversible
1.15,0.5,2,0.9296318942463131,0.9296318942463073,5.773159728050814e-15,1.0,1.0,0.0,1,1,0,0.12537838721291605,1.0000000000000002,-2.220446049250313e-16,0.3,0.7,0.7000000000000012,irreversible
1.15,0.5,3,0.9310748908932422,0.931074890893235,7.216449660063518e-15,1.0,1.0,0.0,1,1,0,0.09974093526391925,1.0000000000000002,-2.220446049250313e-16,0.6666666666666666,0.33333333333333337,0.3333333333333349,metastable
1.15,0.5,4,0.930235357907855,0.9302353579078435,1.1546319456101628e-14,1.0,1.0,0.0,1,1,0,0.10851013231817641,0.9999999999999998,2.220446049250313e-16,0.0,1.0,1.000000000000003,irreversible
1.15,0.5,5,0.9369635580717373,0.9369635580717356,1.6653345369377348e-15,1.0,1.0,0.0,1,1,0,0.11492066500086584,0.9999999999999999,1.1102230246251565e-16,0.0,1.0,1.0000000000000004,irreversible
1.15,0.5,6,0.9282439403887235,0.9282439403886936,2.986499936241671e-14,2.0,2.0,0.0,2,2,0,0.12664078909907894,0.9999999999999999,1.1102230246251565e-16,0.0,1.0,1.0000000000000075,irreversible
1.15,0.5,7,0.9427174602365861,0.9427174602365861,0.0,2.0,2.0,0.0,2,2,0,0.1356854011947447,0.9999999999999999,1.1102230246251565e-16,0.05,0.95,0.9500000000000001,irreversible
1.15,0.5,8,0.9265082106254662,0.9265082106254606,5.551115123125783e-15,2.0,2.0,0.0,2,2,0,0.1312008992810456,1.0,0.0,0.0,1.0,1.0000000000000013,irreversible
1.15,0.5,9,0.9318294811030831,0.9318294811030685,1.454392162258955e-14,1.0,1.0,0.0,1,1,0,0.1081434761672907,1.0,0.0,0.75,0.25,0.25000000000000366,metastable
1.15,0.5,10,0.9365235998553768,0.936523599855375,1.7763568394002505e-15,1.0,1.0,0.0,1,1,0,0.11459786559889451,0.9999999999999998,2.220446049250313e-16,0.13333333333333333,0.8666666666666667,0.8666666666666674,irreversible
1.15,0.5,11,0.9379477951047972,0.9379477951047953,1.887379141862766e-15,2.0,2.0,0.0,2,2,0,0.11432899370206262,0.9999999999999999,1.1102230246251565e-16,0.016666666666666666,0.9833333333333333,0.9833333333333338,irreversible
1.15,0.5,12,0.932670850160633,0.9326708501606032,2.9753977059954195e-14,1.0,1.0,0.0,1,1,0,0.11684978056724893,1.0000000000000002,-2.220446049250313e-16,0.5833333333333334,0.41666666666666663,0.41666666666667385,metastable
1.15,0.5,13,0.9236413422458336,0.9236413422458282,5.440092820663267e-15,1.0,1.0,0.0,1,1,0,0.10945454337863159,1.0,0.0,0.0,1.0,1.0000000000000013,irreversible
1.15,0.5,14,0.9379802725426813,0.9379802725426795,1.887379141862766e-15,2.0,2.0,0.0,2,2,0,0.10634090326647128,1.0000000000000002,-2.220446049250313e-16,0.06666666666666667,0.9333333333333333,0.9333333333333336,irreversible
1.15,0.5,15,0.9315443988166201,0.9315443988165962,2.3869795029440866e-14,2.0,2.0,0.0,2,2,0,0.1238941505101453,1.0,0.0,0.0,1.0,1.000000000000006,irreversible
1.15,0.5,16,0.9331393139267199,0.9331393139267107,9.2148511043888e-15,2.0,2.0,0.0,2,2,0,0.11659172823971997,0.9999999999999999,1.1102230246251565e-16,0.0,1.0,1.0000000000000022,irreversible
1.15,0.5,17,0.9302502995147164,0.9302502995147124,3.9968028886505635e-15,1.0,1.0,0.0,1,1,0,0.1207497832915988,0.9999999999999999,1.1102230246251565e-16,0.35,0.65,0.6500000000000011,irreversible
1.15,0.5,18,0.9236060578480122,0.9236060578480016,1.0547118733938987e-14,1.0,1.0,0.0,1,1,0,0.1218425643847636,1.0000000000000002,-2.220446049250313e-16,0.6666666666666666,0.33333333333333337,0.3333333333333358,metastable
1.15,0.5,19,0.9345113429776524,0.9345113429776493,3.1086244689504383e-15,1.0,1.0,0.0,1,1,0,0.11347591667395573,1.0000000000000002,-2.220446049250313e-16,0.0,1.0,1.0000000000000004,irreversible
1.15,0.6,0,0.933171550270877,0.9331715502708648,1.2101430968414206e-14,2.0,2.0,0.0,2,2,0,0.1690351016255488,1.0000000000000002,-2.220446049250313e-16,0.03333333333333333,0.9666666666666667,0.9666666666666694,irreversible
1.15,0.6,1,0.945171959307028,0.9451719593070258,2.220446049250313e-15,1.0,1.0,0.0,1,1,0,0.18279593430765406,1.0,0.0,0.38333333333333336,0.6166666666666667,0.6166666666666673,irreversible
1.15,0.6,2,0.9296318942463131,0.9296318942463073,5.773159728050814e-15,1.0,1.0,0.0,1,1,0,0.1759551704983523,0.9999999999999998,2.220446049250313e-16,0.016666666666666666,0.9833333333333333,0.983333333333335,irreversible
1.15,0.6,3,0.9310748908932422,0.9310748908932353,6.994405055138486e-15,1.0,1.0,0.0,1,1,0,0.14068675175838763,1.0000000000000002,-2.220446049250313e-16,0.6333333333333333,0.3666666666666667,0.36666666666666825,metastable
1.15,0.6,4,0.930235357907855,0.9302353579078435,1.1546319456101628e-14,1.0,1.0,0.0,1,1,0,0.15285794978753298,0.9999999999999999,1.1102230246251565e-16,0.0,1.0,1.0000000000000029,irreversible
1.15,0.6,5,0.9369635580717373,0.9369635580717354,1.887379141862766e-15,1.0,1.0,0.0,1,1,0,0.16141558093615416,1.0000000000000002,-2.220446049250313e-16,0.0,1.0,1.0000000000000002,irreversible
1.15,0.6,6,0.9282439403887235,0.9282439403886935,2.9976021664879227e-14,2.0,2.0,0.0,2,2,0,0.17715685290420558,1.0,0.0,0.0,1.0,1.0000000000000075,irreversible
1.15,0.6,7,0.9427174602365861,0.942717460236586,1.1102230246251565e-16,2.0,2.0,0.0,2,2,0,0.18981192657850976,0.9999999999999999,1.1102230246251565e-16,0.06666666666666667,0.9333333333333333,0.9333333333333335,irreversible
1.15,0.6,8,0.9265082106254662,0.9265082106254606,5.551115123125783e-15,2.0,2.0,0.0,2,2,0,0.18341878788838462,1.0,0.0,0.0,1.0,1.0000000000000013,irreversible
1.15,0.6,9,0.9318294811030831,0.9318294811030685,1.454392162258955e-14,1.0,1.0,0.0,1,1,0,0.1517608526678481,1.0,0.0,0.7166666666666667,0.2833333333333333,0.283333333333337,metastable
1.15,0.6,10,0.9365235998553768,0.936523599855375,1.7763568394002505e-15,1.0,1.0,0.0,1,1,0,0.16091203107090957,1.0,0.0,0.06666666666666667,0.9333333333333333,0.9333333333333338,irreversible
1.15,0.6,11,0.9379477951047972,0.9379477951047953,1.887379141862766e-15,2.0,2.0,0.0,2,2,0,0.1605477573456059,1.0,0.0,0.016666666666666666,0.9833333333333333,0.9833333333333337,irreversible
1.15,0.6,12,0.932670850160633,0.9326708501606032,2.9753977059954195e-14,1.0,1.0,0.0,1,1,0,0.16380075062216648,1.0,0.0,0.5,0.5,0.5000000000000074,metastable
1.15,0.6,13,0.9236413422458336,0.9236413422458282,5.440092820663267e-15,1.0,1.0,0.0,1,1,0,0.15362989293676166,1.0,0.0,0.0,1.0,1.0000000000000013,irreversible
1.15,0.6,14,0.9379802725426813,0.9379802725426795,1.887379141862766e-15,2.0,2.0,0.0,2,2,0,0.14949773844743808,1.0000000000000002,-2.220446049250313e-16,0.05,0.95,0.9500000000000002,irreversible
1.15,0.6,15,0.9315443988166201,0.9315443988165962,2.3869795029440866e-14,2.0,2.0,0.0,2,2,0,0.17304121991015198,1.0000000000000002,-2.220446049250313e-16,0.0,1.0,1.0000000000000058,irreversible
1.15,0.6,16,0.9331393139267199,0.9331393139267107,9.2148511043888e-15,2.0,2.0,0.0,2,2,0,0.16299225377376203,1.0000000000000002,-2.220446049250313e-16,0.0,1.0,1.000000000000002,irreversible
1.15,0.6,17,0.9302502995147164,0.9302502995147124,3.9968028886505635e-15,1.0,1.0,0.0,1,1,0,0.16898054287260322,0.9999999999999998,2.220446049250313e-16,0.36666666666666664,0.6333333333333333,0.6333333333333345,irreversible
1.15,0.6,18,0.9236060578480122,0.9236060578480016,1.0547118733938987e-14,1.0,1.0,0.0,1,1,0,0.17008288002199068,1.0000000000000002,-2.220446049250313e-16,0.7,0.30000000000000004,0.3000000000000025,metastable
1.15,0.6,19,0.9345113429776524,0.9345113429776493,3.1086244689504383e-15,1.0,1.0,0.0,1,1,0,0.15960148961079312,1.0000000000000002,-2.220446049250313e-16,0.0,1.0,1.0000000000000004,irreversible
1.15,0.7,0,0.933171550270877,0.9331715502708648,1.2101430968414206e-14,2.0,2.0,0.0,2,2,0,0.22347411786755633,1.0000000000000002,-2.220446049250313e-16,0.03333333333333333,0.9666666666666667,0.9666666666666694,irreversible
1.15,0.7,1,0.945171959307028,0.9451719593070258,2.220446049250313e-15,1.0,1.0,0.0,1,1,0,0.24057493509390515,1.0000000000000002,-2.220446049250313e-16,0.36666666666666664,0.6333333333333333,0.6333333333333336,irreversible
1.15,0.7,2,0.9296318942463131,0.929631894246307,6.106226635438361e-15,1.0,1.0,0.0,1,1,0,0.23235462764065717,0.9999999999999999,1.1102230246251565e-16,0.0,1.0,1.0000000000000016,irreversible
1.15,0.7,3,0.9310748908932422,0.9310748908932353,6.994405055138486e-15,1.0,1.0,0.0,1,1,0,0.18689383951303928,1.0,0.0,0.55,0.44999999999999996,0.45000000000000173,metastable
1.15,0.7,4,0.930235357907855,0.9302353579078434,1.1657341758564144e-14,1.0,1.0,0.0,1,1,0,0.20274525621965345,0.9999999999999999,1.1102230246251565e-16,0.0,1.0,1.0000000000000029,irreversible
1.15,0.7,5,0.9369635580717373,0.9369635580717354,1.887379141862766e-15,1.0,1.0,0.0,1,1,0,0.21336185078483927,0.9999999999999999,1.1102230246251565e-16,0.0,1.0,1.0000000000000004,irreversible
1.15,0.7,6,0.9282439403887235,0.9282439403886935,2.9976021664879227e-14,2.0,2.0,0.0,2,2,0,0.23310068001676498,0.9999999999999999,1.1102230246251565e-16,0.0,1.0,1.0000000000000075,irreversible
1.15,0.7,7,0.9427174602365861,0.942717460236586,1.1102230246251565e-16,2.0,2.0,0.0,2,2,0,0.2497316123459521,1.0000000000000002,-2.220446049250313e-16,0.05,0.95,0.9499999999999997,irreversible
1.15,0.7,8,0.9265082106254662,0.9265082106254606,5.551115123125783e-15,2.0,2.0,0.0,2,2,0,0.2411237405712664,0.9999999999999998,2.220446049250313e-16,0.0,1.0,1.0000000000000016,irreversible
1.15,0.7,9,0.9318294811030831,0.9318294811030685,1.454392162258955e-14,1.0,1.0,0.0,1,1,0,0.200419174545991,1.0,0.0,0.6666666666666666,0.33333333333333337,0.33333333333333703,metastable
1.15,0.7,10,0.9365235998553768,0.936523599855375,1.7763568394002505e-15,1.0,1.0,0.0,1,1,0,0.21262724847223147,0.9999999999999999,1.1102230246251565e-16,0.05,0.95,0.9500000000000005,irreversible
1.15,0.7,11,0.9379477951047972,0.9379477951047953,1.887379141862766e-15,2.0,2.0,0.0,2,2,0,0.21218574341148344,0.9999999999999997,3.3306690738754696e-16,0.016666666666666666,0.9833333333333333,0.9833333333333341,irreversible
1.15,0.7,12,0.932670850160633,0.9326708501606032,2.9753977059954195e-14,1.0,1.0,0.0,1,1,0,0.21604782622402674,1.0000000000000002,-2.220446049250313e-16,0.5,0.5,0.5000000000000072,metastable
1.15,0.7,13,0.9236413422458336,0.9236413422458282,5.440092820663267e-15,1.0,1.0,0.0,1,1,0,0.20292863866700206,1.0000000000000002,-2.220446049250313e-16,0.0,1.0,1.000000000000001,irreversible
1.15,0.7,14,0.9379802725426813,0.9379802725426795,1.887379141862766e-15,2.0,2.0,0.0,2,2,0,0.19784328393886808,1.0000000000000002,-2.220446049250313e-16,0.03333333333333333,0.9666666666666667,0.9666666666666669,irreversible
1.15,0.7,15,0.9315443988166201,0.9315443988165962,2.3869795029440866e-14,2.0,2.0,0.0,2,2,0,0.2272697277063237,0.9999999999999998,2.220446049250313e-16,0.0,1.0,1.0000000000000062,irreversible
1.15,0.7,16,0.9331393139267199,0.9331393139267107,9.2148511043888e-15,2.0,2.0,0.0,2,2,0,0.21433439168764057,1.0000000000000002,-2.220446049250313e-16,0.0,1.0,1.000000000000002,irreversible
1.15,0.7,17,0.9302502995147164,0.9302502995147124,3.9968028886505635e-15,1.0,1.0,0.0,1,1,0,0.22243987785149633,1.0,0.0,0.45,0.55,0.550000000000001,metastable
1.15,0.7,18,0.9236060578480122,0.9236060578480016,1.0547118733938987e-14,1.0,1.0,0.0,1,1,0,0.22326977168864792,1.0,0.0,0.6833333333333333,0.31666666666666665,0.3166666666666693,metastable
1.15,0.7,19,0.9345113429776524,0.9345113429776493,3.1086244689504383e-15,1.0,1.0,0.0,1,1,0,0.21130679791920737,1.0,0.0,0.0,1.0,1.0000000000000009,irreversible
1.15,0.8,0,0.933171550270877,0.9331715502708648,1.2101430968414206e-14,2.0,2.0,0.0,2,2,0,0.28230978332219914,1.0000000000000002,-2.220446049250313e-16,0.03333333333333333,0.9666666666666667,0.9666666666666694,irreversible
1.15,0.8,1,0.945171959307028,0.9451719593070258,2.220446049250313e-15,1.0,1.0,0.0,1,1,0,0.3023803935167242,1.0000000000000002,-2.220446049250313e-16,0.2833333333333333,0.7166666666666667,0.716666666666667,irreversible
1.15,0.8,2,0.9296318942463131,0.929631894246307,6.106226635438361e-15,1.0,1.0,0.0,1,1,0,0.29313535743470653,1.0000000000000002,-2.220446049250313e-16,0.0,1.0,1.0000000000000013,irreversible
1.15,0.8,3,0.9310748908932422,0.931074890893235,7.216449660063518e-15,1.0,1.0,0.0,1,1,0,0.23740565444346806,1.0000000000000002,-2.220446049250313e-16,0.5,0.5,0.5000000000000016,metastable
1.15,0.8,4,0.930235357907855,0.9302353579078434,1.1657341758564144e-14,1.0,1.0,0.0,1,1,0,0.25706527333908047,1.0,0.0,0.0,1.0,1.0000000000000029,irreversible
1.15,0.8,5,0.9369635580717373,0.9369635580717354,1.887379141862766e-15,1.0,1.0,0.0,1,1,0,0.26946486824883586,1.0000000000000002,-2.220446049250313e-16,0.0,1.0,1.0000000000000002,irreversible
1.15,0.8,6,0.9282439403887235,0.9282439403886935,2.9976021664879227e-14,2.0,2.0,0.0,2,2,0,0.2929323807861649,0.9999999999999998,2.220446049250313e-16,0.0,1.0,1.0000000000000078,irreversible
1.15,0.8,7,0.9427174602365861,0.942717460236586,1.1102230246251565e-16,2.0,2.0,0.0,2,2,0,0.3137645108385745,1.0000000000000002,-2.220446049250313e-16,0.03333333333333333,0.9666666666666667,0.9666666666666665,irreversible
1.15,0.8,8,0.9265082106254662,0.9265082106254606,5.551115123125783e-15,2.0,2.0,0.0,2,2,0,0.30264676987830497,1.0,0.0,0.36666666666666664,0.6333333333333333,0.6333333333333346,irreversible
1.15,0.8,9,0.9318294811030831,0.9318294811030685,1.454392162258955e-14,1.0,1.0,0.0,1,1,0,0.2529074120190332,1.0,0.0,0.65,0.35,0.35000000000000364,metastable
1.15,0.8,10,0.9365235998553768,0.936523599855375,1.7763568394002505e-15,1.0,1.0,0.0,1,1,0,0.26845283135329534,0.9999999999999998,2.220446049250313e-16,0.03333333333333333,0.9666666666666667,0.9666666666666673,irreversible
1.15,0.8,11,0.9379477951047972,0.9379477951047953,1.887379141862766e-15,2.0,2.0,0.0,2,2,0,0.2679855568226027,0.9999999999999996,4.440892098500626e-16,0.016666666666666666,0.9833333333333333,0.9833333333333342,irreversible
1.15,0.8,12,0.932670850160633,0.9326708501606032,2.9753977059954195e-14,1.0,1.0,0.0,1,1,0,0.27224519597628294,1.0,0.0,0.31666666666666665,0.6833333333333333,0.6833333333333408,irreversible
1.15,0.8,13,0.9236413422458336,0.9236413422458282,5.440092820663267e-15,1.0,1.0,0.0,1,1,0,0.2561269155203816,1.0,0.0,0.0,1.0,1.0000000000000013,irreversible
1.15,0.8,14,0.9379802725426813,0.9379802725426795,1.887379141862766e-15,2.0,2.0,0.0,2,2,0,0.25025318599816815,0.9999999999999999,1.1102230246251565e-16,0.03333333333333333,0.9666666666666667,0.9666666666666672,irreversible
1.15,0.8,15,0.9315443988166201,0.9315443988165962,2.3869795029440866e-14,2.0,2.0,0.0,2,2,0,0.28502069209065395,1.0000000000000002,-2.220446049250313e-16,0.05,0.95,0.9500000000000057,irreversible
1.15,0.8,16,0.9331393139267199,0.9331393139267107,9.2148511043888e-15,2.0,2.0,0.0,2,2,0,0.2692276120484055,0.9999999999999998,2.220446049250313e-16,0.0,1.0,1.0000000000000024,irreversible
1.15,0.8,17,0.9302502995147164,0.9302502995147124,3.9968028886505635e-15,1.0,1.0,0.0,1,1,0,0.279673379802743,1.0,0.0,0.5333333333333333,0.4666666666666667,0.4666666666666677,metastable
1.15,0.8,18,0.9236060578480122,0.9236060578480018,1.0436096431476471e-14,1.0,1.0,0.0,1,1,0,0.27988870702187263,0.9999999999999998,2.220446049250313e-16,0.75,0.25,0.25000000000000283,metastable
1.15,0.8,19,0.9345113429776524,0.9345113429776493,3.1086244689504383e-15,1.0,1.0,0.0,1,1,0,0.2673808214540693,1.0,0.0,0.0,1.0,1.0000000000000009,irreversible
1.15,0.9,0,0.933171550270877,0.9331715502708648,1.2101430968414206e-14,2.0,2.0,0.0,2,2,0,0.34415194568358665,0.9999999999999999,1.1102230246251565e-16,0.016666666666666666,0.9833333333333333,0.9833333333333364,irreversible
1.15,0.9,1,0.945171959307028,0.9451719593070258,2.220446049250313e-15,1.0,1.0,0.0,1,1,0,0.36659678277522656,0.9999999999999999,1.1102230246251565e-16,0.2,0.8,0.8000000000000007,irreversible
1.15,0.9,2,0.9296318942463131,0.929631894246307,6.106226635438361e-15,1.0,1.0,0.0,1,1,0,0.35680389314978145,1.0,0.0,0.0,1.0,1.0000000000000016,irreversible
1.15,0.9,3,0.9310748908932422,0.931074890893235,7.216449660063518e-15,1.0,1.0,0.0,1,1,0,0.29121320719538846,1.0,0.0,0.4166666666666667,0.5833333333333333,0.583333333333335,metastable
1.15,0.9,4,0.930235357907855,0.9302353579078434,1.1657341758564144e-14,1.0,1.0,0.0,1,1,0,0.31465004432663024,1.0000000000000002,-2.220446049250313e-16,0.0,1.0,1.0000000000000027,irreversible
1.15,0.9,5,0.9369635580717373,0.9369635580717354,1.887379141862766e-15,1.0,1.0,0.0,1,1,0,0.32837406531701563,0.9999999999999998,2.220446049250313e-16,0.0,1.0,1.0000000000000007,irreversible
1.15,0.9,6,0.9282439403887235,0.9282439403886935,2.9976021664879227e-14,2.0,2.0,0.0,2,2,0,0.3550989395108479,1.0,0.0,0.0,1.0,1.0000000000000075,irreversible
1.15,0.9,7,0.9427174602365861,0.942717460236586,1.1102230246251565e-16,2.0,2.0,0.0,2,2,0,0.38020617485138786,1.0000000000000002,-2.220446049250313e-16,0.11666666666666667,0.8833333333333333,0.8833333333333331,irreversible
1.15,0.9,8,0.9265082106254662,0.9265082106254608,5.329070518200751e-15,2.0,2.0,0.0,2,2,0,0.3662902551220858,1.0,0.0,0.7666666666666667,0.23333333333333328,0.2333333333333346,reversible
1.15,0.9,9,0.9318294811030831,0.9318294811030685,1.454392162258955e-14,1.0,1.0,0.0,1,1,0,0.3079858292773926,1.0000000000000002,-2.220446049250313e-16,0.7333333333333333,0.2666666666666667,0.26666666666667016,metastable
1.15,0.9,10,0.9365235998553768,0.936523599855375,1.7763568394002505e-15,1.0,1.0,0.0,1,1,0,0.32705085886181484,1.0,0.0,0.05,0.95,0.9500000000000004,irreversible
1.15,0.9,11,0.9379477951047972,0.9379477951047953,1.887379141862766e-15,2.0,2.0,0.0,2,2,0,0.3266558027137042,0.9999999999999997,3.3306690738754696e-16,0.016666666666666666,0.9833333333333333,0.9833333333333341,irreversible
1.15,0.9,12,0.932670850160633,0.9326708501606032,2.9753977059954195e-14,1.0,1.0,0.0,1,1,0,0.33102499349652503,1.0000000000000002,-2.220446049250313e-16,0.16666666666666666,0.8333333333333334,0.8333333333333406,irreversible
1.15,0.9,13,0.9236413422458336,0.9236413422458282,5.440092820663267e-15,1.0,1.0,0.0,1,1,0,0.3119688734471462,1.0,0.0,0.0,1.0,1.0000000000000013,irreversible
1.15,0.9,14,0.9379802725426813,0.9379802725426795,1.887379141862766e-15,2.0,2.0,0.0,2,2,0,0.3055697279459352,1.0000000000000002,-2.220446049250313e-16,0.016666666666666666,0.9833333333333333,0.9833333333333335,irreversible
1.15,0.9,15,0.9315443988166201,0.9315443988165963,2.375877272697835e-14,2.0,2.0,0.0,2,2,0,0.3447394411660015,1.0,0.0,0.48333333333333334,0.5166666666666666,0.5166666666666726,metastable
1.15,0.9,16,0.9331393139267199,0.9331393139267107,9.2148511043888e-15,2.0,2.0,0.0,2,2,0,0.32629971891682896,0.9999999999999999,1.1102230246251565e-16,0.0,1.0,1.0000000000000022,irreversible
1.15,0.9,17,0.9302502995147164,0.9302502995147124,3.9968028886505635e-15,1.0,1.0,0.0,1,1,0,0.33921402636192144,0.9999999999999999,1.1102230246251565e-16,0.6666666666666666,0.33333333333333337,0.3333333333333345,metastable
1.15,0.9,18,0.9236060578480122,0.9236060578480018,1.0436096431476471e-14,1.0,1.0,0.0,1,1,0,0.3384514978699342,1.0,0.0,0.7833333333333333,0.21666666666666667,0.21666666666666928,reversible
1.15,0.9,19,0.9345113429776524,0.9345113429776493,3.1086244689504383e-15,1.0,1.0,0.0,1,1,0,0.32655996458531633,0.9999999999999998,2.220446049250313e-16,0.0,1.0,1.0000000000000009,irreversible
1.15,1.0,0,0.933171550270877,0.9331715502708648,1.2101430968414206e-14,2.0,2.0,0.0,2,2,0,0.40760812482259345,0.9999999999999999,1.1102230246251565e-16,0.1,0.9,0.9000000000000031,irreversible
1.15,1.0,1,0.945171959307028,0.9451719593070258,2.220446049250313e-15,1.0,1.0,0.0,1,1,0,0.43165828661491445,0.9999999999999998,2.220446049250313e-16,0.25,0.75,0.7500000000000008,irreversible
1.15,1.0,2,0.9296318942463131,0.929631894246307,6.106226635438361e-15,1.0,1.0,0.0,1,1,0,0.4218700240676443,1.0,0.0,0.0,1.0,1.0000000000000016,irreversible
1.15,1.0,3,0.9310748908932422,0.931074890893235,7.216449660063518e-15,1.0,1.0,0.0,1,1,0,0.34728706259872266,1.0000000000000002,-2.220446049250313e-16,0.45,0.55,0.5500000000000016,metastable
1.15,1.0,4,0.930235357907855,0.9302353579078434,1.1657341758564144e-14,1.0,1.0,0.0,1,1,0,0.3743076784720879,1.0000000000000002,-2.220446049250313e-16,0.0,1.0,1.0000000000000027,irreversible
1.15,1.0,5,0.9369635580717373,0.9369635580717353,1.9984014443252818e-15,1.0,1.0,0.0,1,1,0,0.388729854774285,1.0,0.0,0.0,1.0,1.0000000000000004,irreversible
1.15,1.0,6,0.9282439403887235,0.9282439403886933,3.019806626980426e-14,2.0,2.0,0.0,2,2,0,0.41809817499408897,0.9999999999999999,1.1102230246251565e-16,0.0,1.0,1.0000000000000075,irreversible
1.15,1.0,7,0.9427174602365861,0.9427174602365861,0.0,2.0,2.0,0.0,2,2,0,0.4473999905927053,1.0000000000000002,-2.220446049250313e-16,0.08333333333333333,0.9166666666666666,0.9166666666666664,irreversible
1.15,1.0,8,0.9265082106254662,0.926508210625461,5.218048215738236e-15,2.0,2.0,0.0,2,2,0,0.4303993070689579,1.0000000000000002,-2.220446049250313e-16,0.85,0.15000000000000002,0.1500000000000011,reversible
1.15,1.0,9,0.9318294811030831,0.9318294811030685,1.454392162258955e-14,1.0,1.0,0.0,1,1,0,0.36443353351768903,0.9999999999999999,1.1102230246251565e-16,0.75,0.25,0.2500000000000038,metastable
1.15,1.0,10,0.9365235998553768,0.936523599855375,1.7763568394002505e-15,1.0,1.0,0.0,1,1,0,0.38708525285072204,1.0000000000000002,-2.220446049250313e-16,0.06666666666666667,0.9333333333333333,0.9333333333333336,irreversible
1.15,1.0,11,0.9379477951047972,0.9379477951047953,1.887379141862766e-15,2.0,2.0,0.0,2,2,0,0.38692027793110395,1.0000000000000002,-2.220446049250313e-16,0.016666666666666666,0.9833333333333333,0.9833333333333335,irreversible
1.15,1.0,12,0.932670850160633,0.9326708501606032,2.9753977059954195e-14,1.0,1.0,0.0,1,1,0,0.39105267428874413,0.9999999999999999,1.1102230246251565e-16,0.15,0.85,0.8500000000000075,irreversible
1.15,1.0,13,0.9236413422458336,0.9236413422458282,5.440092820663267e-15,1.0,1.0,0.0,1,1,0,0.369214738265525,1.0,0.0,0.0,1.0,1.0000000000000013,irreversible
1.15,1.0,14,0.9379802725426813,0.9379802725426795,1.887379141862766e-15,2.0,2.0,0.0,2,2,0,0.3626454650169587,1.0,0.0,0.016666666666666666,0.9833333333333333,0.9833333333333337,irreversible
1.15,1.0,15,0.9315443988166201,0.9315443988165965,2.3647750424515834e-14,2.0,2.0,0.0,2,2,0,0.4049453089357601,0.9999999999999999,1.1102230246251565e-16,0.7,0.30000000000000004,0.30000000000000604,metastable
1.15,1.0,16,0.9331393139267199,0.9331393139267108,9.103828801926284e-15,2.0,2.0,0.0,2,2,0,0.38425889830483717,1.0000000000000002,-2.220446049250313e-16,0.0,1.0,1.000000000000002,irreversible
1.15,1.0,17,0.9302502995147164,0.9302502995147126,3.774758283725532e-15,1.0,1.0,0.0,1,1,0,0.39964411495250163,1.0,0.0,0.7333333333333333,0.2666666666666667,0.26666666666666766,metastable
1.15,1.0,18,0.9236060578480122,0.9236060578480019,1.0325074129013956e-14,1.0,1.0,0.0,1,1,0,0.3975658855474439,0.9999999999999998,2.220446049250313e-16,0.7833333333333333,0.21666666666666667,0.21666666666666948,reversible
1.15,1.0,19,0.9345113429776524,0.934511342977649,3.3306690738754696e-15,1.0,1.0,0.0,1,1,0,0.3875722560635204,1.0000000000000002,-2.220446049250313e-16,0.0,1.0,1.0000000000000007,irreversible
1.2,0.0,0,0.9393525878804083,0.9393525878804063,1.9984014443252818e-15,2.0,2.0,0.0,2,2,0,0.0,1.0000000000000002,-2.220446049250313e-16,0.08333333333333333,0.9166666666666666,0.916666666666667,irreversible
1.2,0.0,1,0.9501393278406866,0.9501393278406861,4.440892098500626e-16,1.0,1.0,0.0,1,1,0,0.0,0.9999999999999999,1.1102230246251565e-16,0.06666666666666667,0.9333333333333333,0.9333333333333336,irreversible
1.2,0.0,2,0.9363030962598844,0.9363030962598835,8.881784197001252e-16,1.0,1.0,0.0,1,1,0,0.0,0.9999999999999999,1.1102230246251565e-16,0.16666666666666666,0.8333333333333334,0.8333333333333337,irreversible
1.2,0.0,3,0.9374837760235845,0.9374837760235836,8.881784197001252e-16,1.0,1.0,0.0,1,1,0,0.0,0.9999999999999999,1.1102230246251565e-16,0.08333333333333333,0.9166666666666666,0.916666666666667,irreversible
1.2,0.0,4,0.9367550653588183,0.9367550653588166,1.6653345369377348e-15,1.0,1.0,0.0,1,1,0,0.0,1.0,0.0,0.13333333333333333,0.8666666666666667,0.8666666666666671,irreversible
1.2,0.0,5,0.9428218523983521,0.942821852398352,1.1102230246251565e-16,1.0,1.0,0.0,1,1,0,0.0,0.9999999999999998,2.220446049250313e-16,0.16666666666666666,0.8333333333333334,0.8333333333333336,irreversible
1.2,0.0,6,0.9350358121025882,0.9350358121025839,4.3298697960381105e-15,2.0,2.0,0.0,2,2,0,0.0,1.0000000000000002,-2.220446049250313e-16,0.23333333333333334,0.7666666666666666,0.7666666666666675,irreversible
1.2,0.0,7,0.9479846588378256,0.9479846588378256,0.0,2.0,2.0,0.0,2,2,0,0.0,1.0,0.0,0.11666666666666667,0.8833333333333333,0.8833333333333333,irreversible
1.2,0.0,8,0.9334838754742428,0.9334838754742419,8.881784197001252e-16,2.0,2.0,0.0,2,2,0,0.0,1.0000000000000002,-2.220446049250313e-16,0.016666666666666666,0.9833333333333333,0.9833333333333333,irreversible
1.2,0.0,9,0.9382316280098261,0.9382316280098237,2.3314683517128287e-15,1.0,1.0,0.0,1,1,0,0.0,1.0000000000000002,-2.220446049250313e-16,0.23333333333333334,0.7666666666666666,0.7666666666666669,irreversible
1.2,0.0,10,0.942391148751061,0.9423911487510608,2.220446049250313e-16,1.0,1.0,0.0,1,1,0,0.0,1.0,0.0,0.23333333333333334,0.7666666666666666,0.7666666666666666,irreversible
1.2,0.0,11,0.9436352439030885,0.9436352439030884,1.1102230246251565e-16,2.0,2.0,0.0,2,2,0,0.0,1.0,0.0,0.16666666666666666,0.8333333333333334,0.8333333333333334,irreversible
1.2,0.0,12,0.9389697766881687,0.938969776688164,4.773959005888173e-15,1.0,1.0,0.0,1,1,0,0.0,0.9999999999999999,1.1102230246251565e-16,0.15,0.85,0.8500000000000013,irreversible
1.2,0.0,13,0.9308581462309069,0.9308581462309063,5.551115123125783e-16,1.0,1.0,0.0,1,1,0,0.0,0.9999999999999999,1.1102230246251565e-16,0.18333333333333332,0.8166666666666667,0.8166666666666669,irreversible
1.2,0.0,14,0.9437460784062587,0.9437460784062583,3.3306690738754696e-16,2.0,2.0,0.0,2,2,0,0.0,0.9999999999999999,1.1102230246251565e-16,0.13333333333333333,0.8666666666666667,0.8666666666666669,irreversible
1.2,0.0,15,0.9380334762520682,0.9380334762520649,3.3306690738754696e-15,2.0,2.0,0.0,2,2,0,0.0,0.9999999999999998,2.220446049250313e-16,0.11666666666666667,0.8833333333333333,0.8833333333333344,irreversible
1.2,0.0,16,0.9394040757349053,0.9394040757349039,1.3322676295501878e-15,2.0,2.0,0.0,2,2,0,0.0,0.9999999999999998,2.220446049250313e-16,0.36666666666666664,0.6333333333333333,0.6333333333333339,irreversible
1.2,0.0,17,0.936741875843298,0.9367418758432975,5.551115123125783e-16,1.0,1.0,0.0,1,1,0,0.0,0.9999999999999997,3.3306690738754696e-16,0.13333333333333333,0.8666666666666667,0.8666666666666671,irreversible
1.2,0.0,18,0.9308160683437218,0.9308160683437202,1.5543122344752192e-15,1.0,1.0,0.0,1,1,0,0.0,1.0,0.0,0.08333333333333333,0.9166666666666666,0.916666666666667,irreversible
1.2,0.0,19,0.9406287279466585,0.9406287279466581,4.440892098500626e-16,1.0,1.0,0.0,1,1,0,0.0,1.0000000000000002,-2.220446049250313e-16,0.08333333333333333,0.9166666666666666,0.9166666666666665,irreversible
1.2,0.1,0,0.9393525878804083,0.9393525878804063,1.9984014443252818e-15,2.0,2.0,0.0,2,2,0,0.005082959184978253,0.9999999999999999,1.1102230246251565e-16,0.1,0.9,0.9000000000000006,irreversible
1.2,0.1,1,0.9501393278406866,0.9501393278406861,4.440892098500626e-16,1.0,1.0,0.0,1,1,0,0.005567735344719993,0.9999999999999998,2.220446049250313e-16,0.15,0.85,0.8500000000000003,irreversible
1.2,0.1,2,0.9363030962598844,0.9363030962598835,8.881784197001252e-16,1.0,1.0,0.0,1,1,0,0.005307263305182275,1.0,0.0,0.2833333333333333,0.7166666666666667,0.7166666666666669,irreversible
1.2,0.1,3,0.9374837760235845,0.9374837760235836,8.881784197001252e-16,1.0,1.0,0.0,1,1,0,0.004175440822384302,1.0,0.0,0.05,0.95,0.9500000000000002,irreversible
1.2,0.1,4,0.9367550653588183,0.9367550653588166,1.6653345369377348e-15,1.0,1.0,0.0,1,1,0,0.004554961461759155,1.0000000000000002,-2.220446049250313e-16,0.1,0.9,0.9000000000000002,irreversible
1.2,0.1,5,0.9428218523983521,0.942821852398352,1.1102230246251565e-16,1.0,1.0,0.0,1,1,0,0.004855247808518315,1.0000000000000004,-4.440892098500626e-16,0.1,0.9,0.8999999999999996,irreversible
1.2,0.1,6,0.9350358121025882,0.9350358121025839,4.3298697960381105e-15,2.0,2.0,0.0,2,2,0,0.00540133673198373,0.9999999999999999,1.1102230246251565e-16,0.0,1.0,1.000000000000001,irreversible
1.2,0.1,7,0.9479846588378256,0.9479846588378256,0.0,2.0,2.0,0.0,2,2,0,0.005785230342152614,0.9999999999999998,2.220446049250313e-16,0.15,0.85,0.8500000000000002,irreversible
1.2,0.1,8,0.9334838754742428,0.9334838754742419,8.881784197001252e-16,2.0,2.0,0.0,2,2,0,0.005601349941135814,1.0,0.0,0.05,0.95,0.9500000000000002,irreversible
1.2,0.1,9,0.9382316280098261,0.9382316280098237,2.3314683517128287e-15,1.0,1.0,0.0,1,1,0,0.0045797356965694425,1.0,0.0,0.2833333333333333,0.7166666666666667,0.7166666666666672,irreversible
1.2,0.1,10,0.942391148751061,0.9423911487510608,2.220446049250313e-16,1.0,1.0,0.0,1,1,0,0.004845457257861452,0.9999999999999999,1.1102230246251565e-16,0.3,0.7,0.7000000000000002,irreversible
1.2,0.1,11,0.9436352439030885,0.9436352439030883,2.220446049250313e-16,2.0,2.0,0.0,2,2,0,0.004834404950814775,0.9999999999999999,1.1102230246251565e-16,0.16666666666666666,0.8333333333333334,0.8333333333333335,irreversible
1.2,0.1,12,0.9389697766881687,0.938969776688164,4.773959005888173e-15,1.0,1.0,0.0,1,1,0,0.004960474886224864,0.9999999999999997,3.3306690738754696e-16,0.21666666666666667,0.7833333333333333,0.7833333333333349,irreversible
1.2,0.1,13,0.9308581462309069,0.9308581462309063,5.551115123125783e-16,1.0,1.0,0.0,1,1,0,0.004633053394615061,1.0,0.0,0.03333333333333333,0.9666666666666667,0.9666666666666668,irreversible
1.2,0.1,14,0.9437460784062587,0.9437460784062583,3.3306690738754696e-16,2.0,2.0,0.0,2,2,0,0.004485647838096685,1.0000000000000002,-2.220446049250313e-16,0.2,0.8,0.7999999999999999,irreversible
1.2,0.1,15,0.9380334762520682,0.9380334762520649,3.3306690738754696e-15,2.0,2.0,0.0,2,2,0,0.0053028351034647425,1.0000000000000002,-2.220446049250313e-16,0.05,0.95,0.9500000000000006,irreversible
1.2,0.1,16,0.9394040757349053,0.9394040757349039,1.3322676295501878e-15,2.0,2.0,0.0,2,2,0,0.0049821369432875295,1.0000000000000002,-2.220446049250313e-16,0.3,0.7,0.7000000000000001,irreversible
1.2,0.1,17,0.936741875843298,0.9367418758432975,5.551115123125783e-16,1.0,1.0,0.0,1,1,0,0.0051455148148101815,1.0000000000000002,-2.220446049250313e-16,0.16666666666666666,0.8333333333333334,0.8333333333333333,irreversible
1.2,0.1,18,0.9308160683437218,0.9308160683437202,1.5543122344752192e-15,1.0,1.0,0.0,1,1,0,0.005223089436370398,1.0,0.0,0.15,0.85,0.8500000000000003,irreversible
1.2,0.1,19,0.9406287279466585,0.9406287279466581,4.440892098500626e-16,1.0,1.0,0.0,1,1,0,0.0047804830987612235,0.9999999999999999,1.1102230246251565e-16,0.08333333333333333,0.9166666666666666,0.9166666666666669,irreversible
1.2,0.2,0,0.9393525878804083,0.9393525878804063,1.9984014443252818e-15,2.0,2.0,0.0,2,2,0,0.020193045814065447,0.9999999999999999,1.1102230246251565e-16,0.016666666666666666,0.9833333333333333,0.9833333333333338,irreversible
1.2,0.2,1,0.9501393278406866,0.9501393278406861,4.440892098500626e-16,1.0,1.0,0.0,1,1,0,0.02209382812342442,1.0,0.0,0.15,0.85,0.8500000000000001,irreversible
1.2,0.2,2,0.9363030962598844,0.9363030962598835,8.881784197001252e-16,1.0,1.0,0.0,1,1,0,0.021078674462537306,0.9999999999999999,1.1102230246251565e-16,0.4166666666666667,0.5833333333333333,0.5833333333333336,metastable
1.2,0.2,3,0.9374837760235845,0.9374837760235836,8.881784197001252e-16,1.0,1.0,0.0,1,1,0,0.01660651766859711,1.0,0.0,0.11666666666666667,0.8833333333333333,0.8833333333333335,irreversible
1.2,0.2,4,0.9367550653588183,0.9367550653588166,1.6653345369377348e-15,1.0,1.0,0.0,1,1,0,0.01810989112517447,1.0000000000000002,-2.220446049250313e-16,0.15,0.85,0.8500000000000002,irreversible
1.2,0.2,5,0.9428218523983521,0.942821852398352,1.1102230246251565e-16,1.0,1.0,0.0,1,1,0,0.019288153457760138,1.0,0.0,0.016666666666666666,0.9833333333333333,0.9833333333333333,irreversible
1.2,0.2,6,0.9350358121025882,0.9350358121025841,4.107825191113079e-15,2.0,2.0,0.0,2,2,0,0.0214311705939928,0.9999999999999999,1.1102230246251565e-16,0.0,1.0,1.000000000000001,irreversible
1.2,0.2,7,0.9479846588378256,0.9479846588378256,0.0,2.0,2.0,0.0,2,2,0,0.02295582617563563,0.9999999999999999,1.1102230246251565e-16,0.03333333333333333,0.9666666666666667,0.9666666666666668,irreversible
1.2,0.2,8,0.9334838754742428,0.9334838754742419,8.881784197001252e-16,2.0,2.0,0.0,2,2,0,0.02222273995200541,1.0,0.0,0.016666666666666666,0.9833333333333333,0.9833333333333335,irreversible
1.2,0.2,9,0.9382316280098261,0.9382316280098237,2.3314683517128287e-15,1.0,1.0,0.0,1,1,0,0.018187698023347854,1.0000000000000002,-2.220446049250313e-16,0.21666666666666667,0.7833333333333333,0.7833333333333337,irreversible
1.2,0.2,10,0.942391148751061,0.9423911487510608,2.220446049250313e-16,1.0,1.0,0.0,1,1,0,0.019247186053557908,1.0,0.0,0.13333333333333333,0.8666666666666667,0.8666666666666667,irreversible
1.2,0.2,11,0.9436352439030885,0.9436352439030884,1.1102230246251565e-16,2.0,2.0,0.0,2,2,0,0.019202771093093873,0.9999999999999999,1.1102230246251565e-16,0.08333333333333333,0.9166666666666666,0.9166666666666667,irreversible
1.2,0.2,12,0.9389697766881687,0.938969776688164,4.773959005888173e-15,1.0,1.0,0.0,1,1,0,0.019693681911027383,0.9999999999999999,1.1102230246251565e-16,0.3333333333333333,0.6666666666666667,0.6666666666666681,irreversible
1.2,0.2,13,0.9308581462309069,0.9308581462309063,5.551115123125783e-16,1.0,1.0,0.0,1,1,0,0.018400621743477563,1.0,0.0,0.0,1.0,1.0000000000000002,irreversible
1.2,0.2,14,0.9437460784062587,0.9437460784062583,3.3306690738754696e-16,2.0,2.0,0.0,2,2,0,0.017822918794434872,1.0,0.0,0.16666666666666666,0.8333333333333334,0.8333333333333335,irreversible
1.2,0.2,15,0.9380334762520682,0.9380334762520649,3.3306690738754696e-15,2.0,2.0,0.0,2,2,0,0.021030983863888464,1.0,0.0,0.0,1.0,1.0000000000000009,irreversible
1.2,0.2,16,0.9394040757349053,0.9394040757349039,1.3322676295501878e-15,2.0,2.0,0.0,2,2,0,0.019762566257660485,0.9999999999999999,1.1102230246251565e-16,0.2833333333333333,0.7166666666666667,0.7166666666666671,irreversible
1.2,0.2,17,0.936741875843298,0.9367418758432975,5.551115123125783e-16,1.0,1.0,0.0,1,1,0,0.02041849490494585,1.0000000000000004,-4.440892098500626e-16,0.2,0.8,0.7999999999999997,irreversible
1.2,0.2,18,0.9308160683437218,0.9308160683437202,1.5543122344752192e-15,1.0,1.0,0.0,1,1,0,0.020710169321628502,0.9999999999999999,1.1102230246251565e-16,0.26666666666666666,0.7333333333333334,0.7333333333333338,irreversible
1.2,0.2,19,0.9406287279466585,0.9406287279466581,4.440892098500626e-16,1.0,1.0,0.0,1,1,0,0.018997841239258295,1.0,0.0,0.03333333333333333,0.9666666666666667,0.9666666666666668,irreversible
1.2,0.3,0,0.9393525878804083,0.9393525878804063,1.9984014443252818e-15,2.0,2.0,0.0,2,2,0,0.04491957961568338,1.0000000000000002,-2.220446049250313e-16,0.06666666666666667,0.9333333333333333,0.9333333333333336,irreversible
1.2,0.3,1,0.9501393278406866,0.9501393278406861,4.440892098500626e-16,1.0,1.0,0.0,1,1,0,0.04905571508536821,1.0,0.0,0.21666666666666667,0.7833333333333333,0.7833333333333334,irreversible
1.2,0.3,2,0.9363030962598844,0.9363030962598835,8.881784197001252e-16,1.0,1.0,0.0,1,1,0,0.04686935264896541,1.0,0.0,0.43333333333333335,0.5666666666666667,0.5666666666666669,metastable
1.2,0.3,3,0.9374837760235845,0.9374837760235836,8.881784197001252e-16,1.0,1.0,0.0,1,1,0,0.037010886385621666,1.0000000000000002,-2.220446049250313e-16,0.21666666666666667,0.7833333333333333,0.7833333333333333,irreversible
1.2,0.3,4,0.9367550653588183,0.9367550653588166,1.6653345369377348e-15,1.0,1.0,0.0,1,1,0,0.04033879710526955,1.0,0.0,0.03333333333333333,0.9666666666666667,0.9666666666666671,irreversible
1.2,0.3,5,0.9428218523983521,0.942821852398352,1.1102230246251565e-16,1.0,1.0,0.0,1,1,0,0.04290546087307101,1.0000000000000002,-2.220446049250313e-16,0.0,1.0,0.9999999999999998,irreversible
1.2,0.3,6,0.9350358121025882,0.9350358121025839,4.3298697960381105e-15,2.0,2.0,0.0,2,2,0,0.04757620097962545,1.0000000000000002,-2.220446049250313e-16,0.0,1.0,1.0000000000000009,irreversible
1.2,0.3,7,0.9479846588378256,0.9479846588378256,0.0,2.0,2.0,0.0,2,2,0,0.0509654938033971,1.0000000000000002,-2.220446049250313e-16,0.08333333333333333,0.9166666666666666,0.9166666666666664,irreversible
1.2,0.3,8,0.9334838754742428,0.9334838754742419,8.881784197001252e-16,2.0,2.0,0.0,2,2,0,0.04932491169818787,1.0,0.0,0.0,1.0,1.0000000000000002,irreversible
1.2,0.3,9,0.9382316280098261,0.9382316280098236,2.4424906541753444e-15,1.0,1.0,0.0,1,1,0,0.04043632998506097,1.0,0.0,0.4,0.6,0.6000000000000005,irreversible
1.2,0.3,10,0.942391148751061,0.9423911487510608,2.220446049250313e-16,1.0,1.0,0.0,1,1,0,0.04280687287122964,0.9999999999999996,4.440892098500626e-16,0.15,0.85,0.8500000000000005,irreversible
1.2,0.3,11,0.9436352439030885,0.9436352439030884,1.1102230246251565e-16,2.0,2.0,0.0,2,2,0,0.04270669406900163,1.0000000000000002,-2.220446049250313e-16,0.1,0.9,0.8999999999999998,irreversible
1.2,0.3,12,0.9389697766881687,0.938969776688164,4.773959005888173e-15,1.0,1.0,0.0,1,1,0,0.043762203751507744,0.9999999999999999,1.1102230246251565e-16,0.3333333333333333,0.6666666666666667,0.6666666666666681,irreversible
1.2,0.3,13,0.9308581462309069,0.9308581462309063,5.551115123125783e-16,1.0,1.0,0.0,1,1,0,0.04091397074266456,0.9999999999999999,1.1102230246251565e-16,0.0,1.0,1.0000000000000002,irreversible
1.2,0.3,14,0.9437460784062587,0.9437460784062583,3.3306690738754696e-16,2.0,2.0,0.0,2,2,0,0.039658121293117965,1.0,0.0,0.15,0.85,0.8500000000000001,irreversible
1.2,0.3,15,0.9380334762520682,0.9380334762520649,3.3306690738754696e-15,2.0,2.0,0.0,2,2,0,0.04665332075894657,1.0,0.0,0.0,1.0,1.0000000000000009,irreversible
1.2,0.3,16,0.9394040757349053,0.9394040757349039,1.3322676295501878e-15,2.0,2.0,0.0,2,2,0,0.04385319866641246,0.9999999999999999,1.1102230246251565e-16,0.25,0.75,0.7500000000000004,irreversible
1.2,0.3,17,0.936741875843298,0.9367418758432975,5.551115123125783e-16,1.0,1.0,0.0,1,1,0,0.045336698142943166,1.0000000000000004,-4.440892098500626e-16,0.31666666666666665,0.6833333333333333,0.683333333333333,irreversible
1.2,0.3,18,0.9308160683437218,0.9308160683437202,1.5543122344752192e-15,1.0,1.0,0.0,1,1,0,0.04592561741286427,1.0,0.0,0.25,0.75,0.7500000000000004,irreversible
1.2,0.3,19,0.9406287279466585,0.9406287279466581,4.440892098500626e-16,1.0,1.0,0.0,1,1,0,0.04228468101897398,1.0,0.0,0.0,1.0,1.0,irreversible
1.2,0.4,0,0.9393525878804083,0.9393525878804063,1.9984014443252818e-15,2.0,2.0,0.0,2,2,0,0.078596769228518,1.0,0.0,0.08333333333333333,0.9166666666666666,0.9166666666666672,irreversible
1.2,0.4,1,0.9501393278406866,0.9501393278406861,4.440892098500626e-16,1.0,1.0,0.0,1,1,0,0.08561117446767541,1.0000000000000002,-2.220446049250313e-16,0.2,0.8,0.7999999999999999,irreversible
1.2,0.4,2,0.9363030962598844,0.9363030962598835,8.881784197001252e-16,1.0,1.0,0.0,1,1,0,0.08195835964297293,1.0,0.0,0.38333333333333336,0.6166666666666667,0.6166666666666669,irreversible
1.2,0.4,3,0.9374837760235845,0.9374837760235836,8.881784197001252e-16,1.0,1.0,0.0,1,1,0,0.06492912668400885,0.9999999999999999,1.1102230246251565e-16,0.3,0.7,0.7000000000000003,irreversible
1.2,0.4,4,0.9367550653588183,0.9367550653588166,1.6653345369377348e-15,1.0,1.0,0.0,1,1,0,0.07071109653724983,0.9999999999999998,2.220446049250313e-16,0.0,1.0,1.0000000000000007,irreversible
1.2,0.4,5,0.9428218523983521,0.942821852398352,1.1102230246251565e-16,1.0,1.0,0.0,1,1,0,0.0750690014097507,1.0,0.0,0.0,1.0,1.0,irreversible
1.2,0.4,6,0.9350358121025882,0.9350358121025839,4.3298697960381105e-15,2.0,2.0,0.0,2,2,0,0.08301100111133863,0.9999999999999999,1.1102230246251565e-16,0.0,1.0,1.000000000000001,irreversible
1.2,0.4,7,0.9479846588378256,0.9479846588378256,0.0,2.0,2.0,0.0,2,2,0,0.08893318175785403,1.0000000000000002,-2.220446049250313e-16,0.11666666666666667,0.8833333333333333,0.8833333333333331,irreversible
1.2,0.4,8,0.9334838754742428,0.9334838754742419,8.881784197001252e-16,2.0,2.0,0.0,2,2,0,0.08603765836187849,1.0,0.0,0.016666666666666666,0.9833333333333333,0.9833333333333335,irreversible
1.2,0.4,9,0.9382316280098261,0.9382316280098236,2.4424906541753444e-15,1.0,1.0,0.0,1,1,0,0.07069990312459717,1.0000000000000002,-2.220446049250313e-16,0.48333333333333334,0.5166666666666666,0.516666666666667,metastable
1.2,0.4,10,0.942391148751061,0.9423911487510608,2.220446049250313e-16,1.0,1.0,0.0,1,1,0,0.07487908239870322,0.9999999999999999,1.1102230246251565e-16,0.13333333333333333,0.8666666666666667,0.8666666666666669,irreversible
1.2,0.4,11,0.9436352439030885,0.9436352439030884,1.1102230246251565e-16,2.0,2.0,0.0,2,2,0,0.07470227106958927,1.0000000000000004,-4.440892098500626e-16,0.03333333333333333,0.9666666666666667,0.9666666666666662,irreversible
1.2,0.4,12,0.9389697766881687,0.938969776688164,4.773959005888173e-15,1.0,1.0,0.0,1,1,0,0.07646068187257193,1.0,0.0,0.3333333333333333,0.6666666666666667,0.666666666666668,irreversible
1.2,0.4,13,0.9308581462309069,0.9308581462309062,6.661338147750939e-16,1.0,1.0,0.0,1,1,0,0.071544980527114,1.0000000000000002,-2.220446049250313e-16,0.0,1.0,1.0,irreversible
1.2,0.4,14,0.9437460784062587,0.9437460784062583,3.3306690738754696e-16,2.0,2.0,0.0,2,2,0,0.0694192131554271,1.0,0.0,0.13333333333333333,0.8666666666666667,0.8666666666666668,irreversible
1.2,0.4,15,0.9380334762520682,0.9380334762520649,3.3306690738754696e-15,2.0,2.0,0.0,2,2,0,0.08131708391445913,1.0000000000000002,-2.220446049250313e-16,0.0,1.0,1.0000000000000007,irreversible
1.2,0.4,16,0.9394040757349053,0.9394040757349039,1.3322676295501878e-15,2.0,2.0,0.0,2,2,0,0.07647264166529855,0.9999999999999998,2.220446049250313e-16,0.2,0.8,0.8000000000000006,irreversible
1.2,0.4,17,0.936741875843298,0.9367418758432975,5.551115123125783e-16,1.0,1.0,0.0,1,1,0,0.0791239878765776,1.0,0.0,0.21666666666666667,0.7833333333333333,0.7833333333333334,irreversible
1.2,0.4,18,0.9308160683437218,0.9308160683437202,1.5543122344752192e-15,1.0,1.0,0.0,1,1,0,0.080012374822243,1.0,0.0,0.38333333333333336,0.6166666666666667,0.6166666666666671,irreversible
1.2,0.4,19,0.9406287279466585,0.9406287279466581,4.440892098500626e-16,1.0,1.0,0.0,1,1,0,0.07404470506928251,1.0000000000000004,-4.440892098500626e-16,0.0,1.0,0.9999999999999997,irreversible
1.2,0.5,0,0.9393525878804083,0.9393525878804063,1.9984014443252818e-15,2.0,2.0,0.0,2,2,0,0.12033069666070473,1.0,0.0,0.05,0.95,0.9500000000000004,irreversible
1.2,0.5,1,0.9501393278406866,0.9501393278406861,4.440892098500626e-16,1.0,1.0,0.0,1,1,0,0.13063955510002467,1.0000000000000002,-2.220446049250313e-16,0.2,0.8,0.7999999999999999,irreversible
1.2,0.5,2,0.9363030962598844,0.9363030962598835,8.881784197001252e-16,1.0,1.0,0.0,1,1,0,0.12537838721291605,1.0,0.0,0.26666666666666666,0.7333333333333334,0.7333333333333336,irreversible
1.2,0.5,3,0.9374837760235845,0.9374837760235836,8.881784197001252e-16,1.0,1.0,0.0,1,1,0,0.09974093526391925,0.9999999999999999,1.1102230246251565e-16,0.43333333333333335,0.5666666666666667,0.566666666666667,metastable
1.2,0.5,4,0.9367550653588183,0.9367550653588166,1.6653345369377348e-15,1.0,1.0,0.0,1,1,0,0.10851013231817641,0.9999999999999997,3.3306690738754696e-16,0.0,1.0,1.0000000000000009,irreversible
1.2,0.5,5,0.9428218523983521,0.942821852398352,1.1102230246251565e-16,1.0,1.0,0.0,1,1,0,0.11492066500086584,1.0000000000000002,-2.220446049250313e-16,0.0,1.0,0.9999999999999998,irreversible
1.2,0.5,6,0.9350358121025882,0.9350358121025839,4.3298697960381105e-15,2.0,2.0,0.0,2,2,0,0.12664078909907894,1.0,0.0,0.0,1.0,1.000000000000001,irreversible
1.2,0.5,7,0.9479846588378256,0.9479846588378256,0.0,2.0,2.0,0.0,2,2,0,0.1356854011947447,0.9999999999999999,1.1102230246251565e-16,0.06666666666666667,0.9333333333333333,0.9333333333333335,irreversible
1.2,0.5,8,0.9334838754742428,0.9334838754742419,8.881784197001252e-16,2.0,2.0,0.0,2,2,0,0.1312008992810456,1.0000000000000002,-2.220446049250313e-16,0.0,1.0,1.0,irreversible
1.2,0.5,9,0.9382316280098261,0.9382316280098237,2.3314683517128287e-15,1.0,1.0,0.0,1,1,0,0.1081434761672907,1.0,0.0,0.4,0.6,0.6000000000000005,irreversible
1.2,0.5,10,0.942391148751061,0.9423911487510608,2.220446049250313e-16,1.0,1.0,0.0,1,1,0,0.11459786559889451,1.0,0.0,0.16666666666666666,0.8333333333333334,0.8333333333333335,irreversible
1.2,0.5,11,0.9436352439030885,0.9436352439030883,2.220446049250313e-16,2.0,2.0,0.0,2,2,0,0.11432899370206262,1.0,0.0,0.03333333333333333,0.9666666666666667,0.9666666666666668,irreversible
1.2,0.5,12,0.9389697766881687,0.938969776688164,4.773959005888173e-15,1.0,1.0,0.0,1,1,0,0.11684978056724893,1.0,0.0,0.36666666666666664,0.6333333333333333,0.6333333333333345,irreversible
1.2,0.5,13,0.9308581462309069,0.9308581462309062,6.661338147750939e-16,1.0,1.0,0.0,1,1,0,0.10945454337863159,1.0,0.0,0.0,1.0,1.0000000000000002,irreversible
1.2,0.5,14,0.9437460784062587,0.9437460784062583,3.3306690738754696e-16,2.0,2.0,0.0,2,2,0,0.10634090326647128,1.0,0.0,0.13333333333333333,0.8666666666666667,0.8666666666666668,irreversible
1.2,0.5,15,0.9380334762520682,0.9380334762520649,3.3306690738754696e-15,2.0,2.0,0.0,2,2,0,0.1238941505101453,1.0,0.0,0.0,1.0,1.0000000000000009,irreversible
1.2,0.5,16,0.9394040757349053,0.9394040757349039,1.3322676295501878e-15,2.0,2.0,0.0,2,2,0,0.11659172823971997,1.0,0.0,0.3,0.7,0.7000000000000003,irreversible
1.2,0.5,17,0.936741875843298,0.9367418758432975,5.551115123125783e-16,1.0,1.0,0.0,1,1,0,0.1207497832915988,1.0000000000000004,-4.440892098500626e-16,0.2833333333333333,0.7166666666666667,0.7166666666666663,irreversible
1.2,0.5,18,0.9308160683437218,0.9308160683437202,1.5543122344752192e-15,1.0,1.0,0.0,1,1,0,0.1218425643847636,0.9999999999999998,2.220446049250313e-16,0.43333333333333335,0.5666666666666667,0.5666666666666673,metastable
1.2,0.5,19,0.9406287279466585,0.9406287279466581,4.440892098500626e-16,1.0,1.0,0.0,1,1,0,0.11347591667395573,0.9999999999999999,1.1102230246251565e-16,0.0,1.0,1.0,irreversible
1.2,0.6,0,0.9393525878804083,0.9393525878804063,1.9984014443252818e-15,2.0,2.0,0.0,2,2,0,0.1690351016255488,1.0,0.0,0.05,0.95,0.9500000000000004,irreversible
1.2,0.6,1,0.9501393278406866,0.9501393278406861,4.440892098500626e-16,1.0,1.0,0.0,1,1,0,0.18279593430765406,0.9999999999999998,2.220446049250313e-16,0.3,0.7,0.7000000000000003,irreversible
1.2,0.6,2,0.9363030962598844,0.9363030962598835,8.881784197001252e-16,1.0,1.0,0.0,1,1,0,0.1759551704983523,1.0,0.0,0.06666666666666667,0.9333333333333333,0.9333333333333336,irreversible
1.2,0.6,3,0.9374837760235845,0.9374837760235836,8.881784197001252e-16,1.0,1.0,0.0,1,1,0,0.14068675175838763,1.0000000000000002,-2.220446049250313e-16,0.35,0.65,0.65,irreversible
1.2,0.6,4,0.9367550653588183,0.9367550653588166,1.6653345369377348e-15,1.0,1.0,0.0,1,1,0,0.15285794978753298,1.0,0.0,0.0,1.0,1.0000000000000004,irreversible
1.2,0.6,5,0.9428218523983521,0.942821852398352,1.1102230246251565e-16,1.0,1.0,0.0,1,1,0,0.16141558093615416,1.0,0.0,0.0,1.0,1.0,irreversible
1.2,0.6,6,0.9350358121025882,0.9350358121025839,4.3298697960381105e-15,2.0,2.0,0.0,2,2,0,0.17715685290420558,0.9999999999999999,1.1102230246251565e-16,0.0,1.0,1.000000000000001,irreversible
1.2,0.6,7,0.9479846588378256,0.9479846588378256,0.0,2.0,2.0,0.0,2,2,0,0.18981192657850976,0.9999999999999999,1.1102230246251565e-16,0.05,0.95,0.9500000000000001,irreversible
1.2,0.6,8,0.9334838754742428,0.9334838754742419,8.881784197001252e-16,2.0,2.0,0.0,2,2,0,0.18341878788838462,0.9999999999999999,1.1102230246251565e-16,0.0,1.0,1.0000000000000002,irreversible
1.2,0.6,9,0.9382316280098261,0.9382316280098236,2.4424906541753444e-15,1.0,1.0,0.0,1,1,0,0.1517608526678481,1.0,0.0,0.43333333333333335,0.5666666666666667,0.5666666666666673,metastable
1.2,0.6,10,0.942391148751061,0.9423911487510608,2.220446049250313e-16,1.0,1.0,0.0,1,1,0,0.16091203107090946,1.0,0.0,0.15,0.85,0.8500000000000001,irreversible
1.2,0.6,11,0.9436352439030885,0.9436352439030883,2.220446049250313e-16,2.0,2.0,0.0,2,2,0,0.1605477573456059,0.9999999999999999,1.1102230246251565e-16,0.03333333333333333,0.9666666666666667,0.9666666666666668,irreversible
1.2,0.6,12,0.9389697766881687,0.938969776688164,4.773959005888173e-15,1.0,1.0,0.0,1,1,0,0.16380075062216648,1.0000000000000002,-2.220446049250313e-16,0.26666666666666666,0.7333333333333334,0.7333333333333344,irreversible
1.2,0.6,13,0.9308581462309069,0.9308581462309062,6.661338147750939e-16,1.0,1.0,0.0,1,1,0,0.15362989293676166,1.0,0.0,0.0,1.0,1.0000000000000002,irreversible
1.2,0.6,14,0.9437460784062587,0.9437460784062583,3.3306690738754696e-16,2.0,2.0,0.0,2,2,0,0.14949773844743808,1.0000000000000002,-2.220446049250313e-16,0.16666666666666666,0.8333333333333334,0.8333333333333333,irreversible
1.2,0.6,15,0.9380334762520682,0.9380334762520649,3.3306690738754696e-15,2.0,2.0,0.0,2,2,0,0.17304121991015198,1.0000000000000002,-2.220446049250313e-16,0.0,1.0,1.0000000000000007,irreversible
1.2,0.6,16,0.9394040757349053,0.9394040757349039,1.3322676295501878e-15,2.0,2.0,0.0,2,2,0,0.16299225377376192,0.9999999999999997,3.3306690738754696e-16,0.21666666666666667,0.7833333333333333,0.783333333333334,irreversible
1.2,0.6,17,0.936741875843298,0.9367418758432975,5.551115123125783e-16,1.0,1.0,0.0,1,1,0,0.16898054287260322,0.9999999999999998,2.220446049250313e-16,0.2833333333333333,0.7166666666666667,0.716666666666667,irreversible
1.2,0.6,18,0.9308160683437218,0.9308160683437204,1.3322676295501878e-15,1.0,1.0,0.0,1,1,0,0.17008288002199068,0.9999999999999999,1.1102230246251565e-16,0.5166666666666667,0.4833333333333333,0.4833333333333337,metastable
1.2,0.6,19,0.9406287279466585,0.9406287279466581,4.440892098500626e-16,1.0,1.0,0.0,1,1,0,0.15960148961079312,0.9999999999999999,1.1102230246251565e-16,0.0,1.0,1.0,irreversible
1.2,0.7,0,0.9393525878804083,0.9393525878804063,1.9984014443252818e-15,2.0,2.0,0.0,2,2,0,0.22347411786755633,1.0,0.0,0.05,0.95,0.9500000000000004,irreversible
1.2,0.7,1,0.9501393278406866,0.9501393278406861,4.440892098500626e-16,1.0,1.0,0.0,1,1,0,0.24057493509390515,0.9999999999999999,1.1102230246251565e-16,0.13333333333333333,0.8666666666666667,0.8666666666666669,irreversible
1.2,0.7,2,0.9363030962598844,0.9363030962598835,8.881784197001252e-16,1.0,1.0,0.0,1,1,0,0.23235462764065717,1.0,0.0,0.0,1.0,1.0000000000000002,irreversible
1.2,0.7,3,0.9374837760235845,0.9374837760235836,8.881784197001252e-16,1.0,1.0,0.0,1,1,0,0.18689383951303928,0.9999999999999999,1.1102230246251565e-16,0.38333333333333336,0.6166666666666667,0.616666666666667,irreversible
1.2,0.7,4,0.9367550653588183,0.9367550653588166,1.6653345369377348e-15,1.0,1.0,0.0,1,1,0,0.20274525621965345,1.0000000000000002,-2.220446049250313e-16,0.0,1.0,1.0000000000000002,irreversible
1.2,0.7,5,0.9428218523983521,0.942821852398352,1.1102230246251565e-16,1.0,1.0,0.0,1,1,0,0.21336185078483916,0.9999999999999998,2.220446049250313e-16,0.0,1.0,1.0000000000000002,irreversible
1.2,0.7,6,0.9350358121025882,0.9350358121025839,4.3298697960381105e-15,2.0,2.0,0.0,2,2,0,0.23310068001676498,0.9999999999999999,1.1102230246251565e-16,0.0,1.0,1.000000000000001,irreversible
1.2,0.7,7,0.9479846588378256,0.9479846588378256,0.0,2.0,2.0,0.0,2,2,0,0.2497316123459521,1.0000000000000002,-2.220446049250313e-16,0.03333333333333333,0.9666666666666667,0.9666666666666665,irreversible
1.2,0.7,8,0.9334838754742428,0.9334838754742419,8.881784197001252e-16,2.0,2.0,0.0,2,2,0,0.2411237405712664,1.0,0.0,0.0,1.0,1.0000000000000002,irreversible
1.2,0.7,9,0.9382316280098261,0.9382316280098237,2.3314683517128287e-15,1.0,1.0,0.0,1,1,0,0.200419174545991,1.0,0.0,0.4166666666666667,0.5833333333333333,0.5833333333333338,metastable
1.2,0.7,10,0.942391148751061,0.9423911487510608,2.220446049250313e-16,1.0,1.0,0.0,1,1,0,0.21262724847223147,0.9999999999999997,3.3306690738754696e-16,0.13333333333333333,0.8666666666666667,0.8666666666666671,irreversible
1.2,0.7,11,0.9436352439030885,0.9436352439030883,2.220446049250313e-16,2.0,2.0,0.0,2,2,0,0.21218574341148344,0.9999999999999999,1.1102230246251565e-16,0.016666666666666666,0.9833333333333333,0.9833333333333334,irreversible
1.2,0.7,12,0.9389697766881687,0.938969776688164,4.773959005888173e-15,1.0,1.0,0.0,1,1,0,0.21604782622402663,1.0,0.0,0.3,0.7,0.7000000000000012,irreversible
1.2,0.7,13,0.9308581462309069,0.9308581462309062,6.661338147750939e-16,1.0,1.0,0.0,1,1,0,0.20292863866700206,1.0,0.0,0.0,1.0,1.0000000000000002,irreversible
1.2,0.7,14,0.9437460784062587,0.9437460784062583,3.3306690738754696e-16,2.0,2.0,0.0,2,2,0,0.19784328393886808,0.9999999999999999,1.1102230246251565e-16,0.11666666666666667,0.8833333333333333,0.8833333333333335,irreversible
1.2,0.7,15,0.9380334762520682,0.9380334762520649,3.3306690738754696e-15,2.0,2.0,0.0,2,2,0,0.2272697277063237,1.0,0.0,0.0,1.0,1.0000000000000009,irreversible
1.2,0.7,16,0.9394040757349053,0.9394040757349039,1.3322676295501878e-15,2.0,2.0,0.0,2,2,0,0.21433439168764057,1.0,0.0,0.2,0.8,0.8000000000000004,irreversible
1.2,0.7,17,0.936741875843298,0.9367418758432975,5.551115123125783e-16,1.0,1.0,0.0,1,1,0,0.22243987785149633,0.9999999999999999,1.1102230246251565e-16,0.2833333333333333,0.7166666666666667,0.7166666666666669,irreversible
1.2,0.7,18,0.9308160683437218,0.9308160683437204,1.3322676295501878e-15,1.0,1.0,0.0,1,1,0,0.22326977168864792,1.0,0.0,0.6166666666666667,0.3833333333333333,0.38333333333333364,metastable
1.2,0.7,19,0.9406287279466585,0.9406287279466581,4.440892098500626e-16,1.0,1.0,0.0,1,1,0,0.21130679791920737,1.0,0.0,0.0,1.0,1.0,irreversible
1.2,0.8,0,0.9393525878804083,0.9393525878804063,1.9984014443252818e-15,2.0,2.0,0.0,2,2,0,0.28230978332219914,1.0,0.0,0.1,0.9,0.9000000000000006,irreversible
1.2,0.8,1,0.9501393278406866,0.9501393278406861,4.440892098500626e-16,1.0,1.0,0.0,1,1,0,0.3023803935167242,1.0000000000000002,-2.220446049250313e-16,0.23333333333333334,0.7666666666666666,0.7666666666666665,irreversible
1.2,0.8,2,0.9363030962598844,0.9363030962598835,8.881784197001252e-16,1.0,1.0,0.0,1,1,0,0.29313535743470653,1.0000000000000002,-2.220446049250313e-16,0.0,1.0,1.0,irreversible
1.2,0.8,3,0.9374837760235845,0.9374837760235836,8.881784197001252e-16,1.0,1.0,0.0,1,1,0,0.23740565444346806,1.0000000000000002,-2.220446049250313e-16,0.26666666666666666,0.7333333333333334,0.7333333333333334,irreversible
1.2,0.8,4,0.9367550653588183,0.9367550653588166,1.6653345369377348e-15,1.0,1.0,0.0,1,1,0,0.2570652733390806,1.0,0.0,0.0,1.0,1.0000000000000004,irreversible
1.2,0.8,5,0.9428218523983521,0.9428218523983519,2.220446049250313e-16,1.0,1.0,0.0,1,1,0,0.26946486824883564,0.9999999999999999,1.1102230246251565e-16,0.0,1.0,1.0,irreversible
1.2,0.8,6,0.9350358121025882,0.9350358121025839,4.3298697960381105e-15,2.0,2.0,0.0,2,2,0,0.2929323807861649,0.9999999999999998,2.220446049250313e-16,0.0,1.0,1.0000000000000013,irreversible
1.2,0.8,7,0.9479846588378256,0.9479846588378256,0.0,2.0,2.0,0.0,2,2,0,0.3137645108385745,1.0,0.0,0.016666666666666666,0.9833333333333333,0.9833333333333333,irreversible
1.2,0.8,8,0.9334838754742428,0.9334838754742419,8.881784197001252e-16,2.0,2.0,0.0,2,2,0,0.30264676987830497,1.0000000000000002,-2.220446049250313e-16,0.11666666666666667,0.8833333333333333,0.8833333333333333,irreversible
1.2,0.8,9,0.9382316280098261,0.9382316280098237,2.3314683517128287e-15,1.0,1.0,0.0,1,1,0,0.2529074120190332,1.0,0.0,0.4166666666666667,0.5833333333333333,0.5833333333333338,metastable
1.2,0.8,10,0.942391148751061,0.9423911487510608,2.220446049250313e-16,1.0,1.0,0.0,1,1,0,0.26845283135329534,1.0,0.0,0.2,0.8,0.8,irreversible
1.2,0.8,11,0.9436352439030885,0.9436352439030883,2.220446049250313e-16,2.0,2.0,0.0,2,2,0,0.2679855568226027,1.0000000000000002,-2.220446049250313e-16,0.016666666666666666,0.9833333333333333,0.9833333333333332,irreversible
1.2,0.8,12,0.9389697766881687,0.938969776688164,4.773959005888173e-15,1.0,1.0,0.0,1,1,0,0.27224519597628294,0.9999999999999999,1.1102230246251565e-16,0.25,0.75,0.7500000000000013,irreversible
1.2,0.8,13,0.9308581462309069,0.9308581462309062,6.661338147750939e-16,1.0,1.0,0.0,1,1,0,0.2561269155203816,1.0000000000000004,-4.440892098500626e-16,0.0,1.0,0.9999999999999998,irreversible
1.2,0.8,14,0.9437460784062587,0.9437460784062583,3.3306690738754696e-16,2.0,2.0,0.0,2,2,0,0.25025318599816815,1.0,0.0,0.05,0.95,0.9500000000000001,irreversible
1.2,0.8,15,0.9380334762520682,0.9380334762520649,3.3306690738754696e-15,2.0,2.0,0.0,2,2,0,0.28502069209065406,1.0000000000000002,-2.220446049250313e-16,0.03333333333333333,0.9666666666666667,0.9666666666666672,irreversible
1.2,0.8,16,0.9394040757349053,0.9394040757349039,1.3322676295501878e-15,2.0,2.0,0.0,2,2,0,0.2692276120484055,0.9999999999999997,3.3306690738754696e-16,0.23333333333333334,0.7666666666666666,0.7666666666666673,irreversible
1.2,0.8,17,0.936741875843298,0.9367418758432975,5.551115123125783e-16,1.0,1.0,0.0,1,1,0,0.279673379802743,1.0000000000000002,-2.220446049250313e-16,0.35,0.65,0.6499999999999999,irreversible
1.2,0.8,18,0.9308160683437218,0.9308160683437202,1.5543122344752192e-15,1.0,1.0,0.0,1,1,0,0.27988870702187263,0.9999999999999998,2.220446049250313e-16,0.6166666666666667,0.3833333333333333,0.3833333333333339,metastable
1.2,0.8,19,0.9406287279466585,0.9406287279466581,4.440892098500626e-16,1.0,1.0,0.0,1,1,0,0.2673808214540693,0.9999999999999999,1.1102230246251565e-16,0.0,1.0,1.0,irreversible
1.2,0.9,0,0.9393525878804083,0.9393525878804063,1.9984014443252818e-15,2.0,2.0,0.0,2,2,0,0.34415194568358665,0.9999999999999999,1.1102230246251565e-16,0.06666666666666667,0.9333333333333333,0.933333333333334,irreversible
1.2,0.9,1,0.9501393278406866,0.9501393278406861,4.440892098500626e-16,1.0,1.0,0.0,1,1,0,0.36659678277522656,1.0000000000000002,-2.220446049250313e-16,0.2,0.8,0.7999999999999999,irreversible
1.2,0.9,2,0.9363030962598844,0.9363030962598835,8.881784197001252e-16,1.0,1.0,0.0,1,1,0,0.35680389314978145,0.9999999999999999,1.1102230246251565e-16,0.0,1.0,1.0000000000000002,irreversible
1.2,0.9,3,0.9374837760235845,0.9374837760235836,8.881784197001252e-16,1.0,1.0,0.0,1,1,0,0.29121320719538846,0.9999999999999999,1.1102230246251565e-16,0.2833333333333333,0.7166666666666667,0.716666666666667,irreversible
1.2,0.9,4,0.9367550653588183,0.9367550653588166,1.6653345369377348e-15,1.0,1.0,0.0,1,1,0,0.31465004432663024,1.0000000000000002,-2.220446049250313e-16,0.0,1.0,1.0000000000000002,irreversible
1.2,0.9,5,0.9428218523983521,0.942821852398352,1.1102230246251565e-16,1.0,1.0,0.0,1,1,0,0.32837406531701563,1.0000000000000002,-2.220446049250313e-16,0.0,1.0,0.9999999999999998,irreversible
1.2,0.9,6,0.9350358121025882,0.9350358121025839,4.3298697960381105e-15,2.0,2.0,0.0,2,2,0,0.3550989395108479,0.9999999999999998,2.220446049250313e-16,0.0,1.0,1.0000000000000013,irreversible
1.2,0.9,7,0.9479846588378256,0.9479846588378256,0.0,2.0,2.0,0.0,2,2,0,0.38020617485138786,1.0,0.0,0.016666666666666666,0.9833333333333333,0.9833333333333333,irreversible
1.2,0.9,8,0.9334838754742428,0.9334838754742419,8.881784197001252e-16,2.0,2.0,0.0,2,2,0,0.3662902551220858,1.0,0.0,0.48333333333333334,0.5166666666666666,0.5166666666666668,metastable
1.2,0.9,9,0.9382316280098261,0.9382316280098236,2.4424906541753444e-15,1.0,1.0,0.0,1,1,0,0.3079858292773928,1.0,0.0,0.45,0.55,0.5500000000000007,metastable
1.2,0.9,10,0.942391148751061,0.9423911487510608,2.220446049250313e-16,1.0,1.0,0.0,1,1,0,0.32705085886181484,0.9999999999999999,1.1102230246251565e-16,0.08333333333333333,0.9166666666666666,0.9166666666666667,irreversible
1.2,0.9,11,0.9436352439030885,0.9436352439030883,2.220446049250313e-16,2.0,2.0,0.0,2,2,0,0.3266558027137042,1.0,0.0,0.0,1.0,1.0,irreversible
1.2,0.9,12,0.9389697766881687,0.938969776688164,4.773959005888173e-15,1.0,1.0,0.0,1,1,0,0.33102499349652503,1.0,0.0,0.21666666666666667,0.7833333333333333,0.7833333333333345,irreversible
1.2,0.9,13,0.9308581462309069,0.9308581462309062,6.661338147750939e-16,1.0,1.0,0.0,1,1,0,0.3119688734471462,1.0,0.0,0.0,1.0,1.0000000000000002,irreversible
1.2,0.9,14,0.9437460784062587,0.9437460784062583,3.3306690738754696e-16,2.0,2.0,0.0,2,2,0,0.3055697279459352,1.0,0.0,0.05,0.95,0.9500000000000001,irreversible
1.2,0.9,15,0.9380334762520682,0.9380334762520649,3.3306690738754696e-15,2.0,2.0,0.0,2,2,0,0.3447394411660015,1.0000000000000002,-2.220446049250313e-16,0.35,0.65,0.6500000000000006,irreversible
1.2,0.9,16,0.9394040757349053,0.9394040757349039,1.3322676295501878e-15,2.0,2.0,0.0,2,2,0,0.32629971891682896,0.9999999999999999,1.1102230246251565e-16,0.15,0.85,0.8500000000000004,irreversible
1.2,0.9,17,0.936741875843298,0.9367418758432975,5.551115123125783e-16,1.0,1.0,0.0,1,1,0,0.33921402636192144,0.9999999999999998,2.220446049250313e-16,0.4,0.6,0.6000000000000003,irreversible
1.2,0.9,18,0.9308160683437218,0.9308160683437204,1.3322676295501878e-15,1.0,1.0,0.0,1,1,0,0.3384514978699342,1.0000000000000002,-2.220446049250313e-16,0.7166666666666667,0.2833333333333333,0.28333333333333344,metastable
1.2,0.9,19,0.9406287279466585,0.9406287279466581,4.440892098500626e-16,1.0,1.0,0.0,1,1,0,0.32655996458531633,1.0,0.0,0.0,1.0,1.0,irreversible
1.2,1.0,0,0.9393525878804083,0.9393525878804063,1.9984014443252818e-15,2.0,2.0,0.0,2,2,0,0.40760812482259345,1.0000000000000002,-2.220446049250313e-16,0.11666666666666667,0.8833333333333333,0.8833333333333335,irreversible
1.2,1.0,1,0.9501393278406866,0.9501393278406861,4.440892098500626e-16,1.0,1.0,0.0,1,1,0,0.43165828661491445,1.0,0.0,0.08333333333333333,0.9166666666666666,0.9166666666666667,irreversible
1.2,1.0,2,0.9363030962598844,0.9363030962598835,8.881784197001252e-16,1.0,1.0,0.0,1,1,0,0.4218700240676443,1.0,0.0,0.0,1.0,1.0000000000000002,irreversible
1.2,1.0,3,0.9374837760235845,0.9374837760235836,8.881784197001252e-16,1.0,1.0,0.0,1,1,0,0.34728706259872266,0.9999999999999999,1.1102230246251565e-16,0.23333333333333334,0.7666666666666666,0.7666666666666669,irreversible
1.2,1.0,4,0.9367550653588183,0.9367550653588166,1.6653345369377348e-15,1.0,1.0,0.0,1,1,0,0.3743076784720879,0.9999999999999998,2.220446049250313e-16,0.0,1.0,1.0000000000000007,irreversible
1.2,1.0,5,0.9428218523983521,0.9428218523983519,2.220446049250313e-16,1.0,1.0,0.0,1,1,0,0.388729854774285,0.9999999999999999,1.1102230246251565e-16,0.0,1.0,1.0,irreversible
1.2,1.0,6,0.9350358121025882,0.9350358121025839,4.3298697960381105e-15,2.0,2.0,0.0,2,2,0,0.41809817499408897,0.9999999999999998,2.220446049250313e-16,0.0,1.0,1.0000000000000013,irreversible
1.2,1.0,7,0.9479846588378256,0.9479846588378256,0.0,2.0,2.0,0.0,2,2,0,0.4473999905927053,1.0,0.0,0.06666666666666667,0.9333333333333333,0.9333333333333333,irreversible
1.2,1.0,8,0.9334838754742428,0.9334838754742422,6.661338147750939e-16,2.0,2.0,0.0,2,2,0,0.4303993070689579,1.0,0.0,0.6833333333333333,0.31666666666666665,0.3166666666666668,metastable
1.2,1.0,9,0.9382316280098261,0.9382316280098237,2.3314683517128287e-15,1.0,1.0,0.0,1,1,0,0.36443353351768903,1.0000000000000002,-2.220446049250313e-16,0.55,0.44999999999999996,0.4500000000000003,metastable
1.2,1.0,10,0.942391148751061,0.9423911487510608,2.220446049250313e-16,1.0,1.0,0.0,1,1,0,0.38708525285072215,0.9999999999999999,1.1102230246251565e-16,0.11666666666666667,0.8833333333333333,0.8833333333333335,irreversible
1.2,1.0,11,0.9436352439030885,0.9436352439030883,2.220446049250313e-16,2.0,2.0,0.0,2,2,0,0.38692027793110395,1.0000000000000002,-2.220446049250313e-16,0.05,0.95,0.9499999999999997,irreversible
1.2,1.0,12,0.9389697766881687,0.938969776688164,4.773959005888173e-15,1.0,1.0,0.0,1,1,0,0.39105267428874413,1.0,0.0,0.15,0.85,0.8500000000000012,irreversible
1.2,1.0,13,0.9308581462309069,0.9308581462309062,6.661338147750939e-16,1.0,1.0,0.0,1,1,0,0.369214738265525,1.0000000000000004,-4.440892098500626e-16,0.0,1.0,0.9999999999999998,irreversible
1.2,1.0,14,0.9437460784062587,0.9437460784062583,3.3306690738754696e-16,2.0,2.0,0.0,2,2,0,0.3626454650169587,1.0,0.0,0.05,0.95,0.9500000000000001,irreversible
1.2,1.0,15,0.9380334762520682,0.9380334762520649,3.3306690738754696e-15,2.0,2.0,0.0,2,2,0,0.4049453089357601,0.9999999999999999,1.1102230246251565e-16,0.5,0.5,0.5000000000000009,metastable
1.2,1.0,16,0.9394040757349053,0.9394040757349039,1.3322676295501878e-15,2.0,2.0,0.0,2,2,0,0.38425889830483717,0.9999999999999998,2.220446049250313e-16,0.26666666666666666,0.7333333333333334,0.733333333333334,irreversible
1.2,1.0,17,0.936741875843298,0.9367418758432975,5.551115123125783e-16,1.0,1.0,0.0,1,1,0,0.39964411495250163,1.0000000000000002,-2.220446049250313e-16,0.5333333333333333,0.4666666666666667,0.46666666666666656,metastable
1.2,1.0,18,0.9308160683437218,0.9308160683437204,1.3322676295501878e-15,1.0,1.0,0.0,1,1,0,0.3975658855474439,1.0,0.0,0.7833333333333333,0.21666666666666667,0.216666666666667,reversible
1.2,1.0,19,0.9406287279466585,0.9406287279466581,4.440892098500626e-16,1.0,1.0,0.0,1,1,0,0.3875722560635205,1.0000000000000002,-2.220446049250313e-16,0.0,1.0,0.9999999999999999,irreversible
