seed,K,R_mean,R_std,R_var,R_ac1,recovery_proxy,R_min,R_max,R_range,rolling_var_mean,rolling_var_max,rolling_ac1_mean
0,0.4,0.13753157168424376,0.03929809119158592,0.0015443399713022028,0.9999755848581858,0.007127778423419746,0.06307396630248228,0.20125273059746054,0.13817876429497827,9.80557683390907e-05,0.00026082268897654126,0.9998059960590613
0,0.425,0.12169404497610976,0.05455637582610737,0.002976398143279472,0.9999820844779573,0.005889199006328372,0.059074621696744524,0.2317525226721948,0.17267790097545027,0.0001154617156510064,0.0004718946102775239,0.9997236496331074
0,0.45,0.16110155601555726,0.040547642622245104,0.0016441113222213078,0.9999712347828921,0.008637839571711076,0.0845540727988734,0.2492454876912116,0.16469141489233818,0.00012140978452239272,0.0004310858872052474,0.9997670867904639
0,0.475,0.33064081450241695,0.02462421453254687,0.0006063519413448924,0.9999381901386871,0.010463129951080608,0.2926923484914754,0.37653347214220084,0.08384112365072544,8.779151570322039e-05,0.000556905712670336,0.9995246426469752
0,0.5,0.3980186501695711,0.029966799349652243,0.0008980090632623182,0.9999219170647996,0.011018496136524784,0.34904274081897546,0.4409424758279589,0.09189973500898346,0.00015187607921091464,0.0006071415415538959,0.9997023971958271
0,0.525,0.42391562652407333,0.022906397140337945,0.0005247030299508824,0.9998976738799001,0.014047589231089619,0.3792146801105606,0.4726848098696774,0.09347012975911684,0.00010860370893517207,0.0007340754099864495,0.9995288396257094
0,0.55,0.4616728385697758,0.02159167460821153,0.00046620041238688663,0.999907540042668,0.013264027604828603,0.42946889859216897,0.5158881330683661,0.08641923447619715,9.619313646944237e-05,0.0006422387175594309,0.9994724982195476
0,0.575,0.4846114825347745,0.028229570658600486,0.0007969086595689175,0.9999041331058097,0.012593893642913639,0.4149653747478765,0.5326914937818694,0.11772611903399294,0.0001488876212746223,0.0007157033555195511,0.9993232208160984
0,0.6,0.5120098970456334,0.036990021209868974,0.0013682616691065566,0.9999301505640796,0.010514321274945459,0.448242294267573,0.5709979981166242,0.12275570384905121,0.0001751533844421675,0.0010708303813883986,0.9991123280081319
0,0.625,0.5241653523132596,0.03857316165604461,0.0014878888001433502,0.9998942067498054,0.013266681543837016,0.45803923604946983,0.5839946942118804,0.1259554581624106,0.00032324498882361564,0.0016654547618365591,0.9992413725269323
0,0.65,0.5225671886424725,0.030605926645404364,0.0009367227458238728,0.9998468928465859,0.01644580876486751,0.454411937186512,0.5886387662020044,0.13422682901549238,0.00021042740825172318,0.0011667226275757809,0.9985921852000456
0,0.675,0.5493751981860401,0.033311154392778326,0.0011096330069795147,0.9997801731739806,0.01642689144792473,0.5001849179440103,0.6153172533946223,0.11513233545061197,0.0002466537803892381,0.001512811857983444,0.9982423535607107
0,0.7,0.5721265382146214,0.04501115015364419,0.002026003638153903,0.9998492689325886,0.014772009727809886,0.504560407069193,0.6453463004885661,0.1407858934193731,0.000501230155720376,0.002374954975720591,0.9990105428897947
0,0.725,0.5758275708451195,0.027472470437154776,0.0007547366319203431,0.9995732082550577,0.023574789571394063,0.5132997668121686,0.6305911503588477,0.11729138354667912,0.00026836565315513654,0.001079844846032469,0.9978452491883124
0,0.75,0.5988785006544151,0.018400471546561832,0.0003385773531358316,0.9996068560041986,0.025227189710666353,0.5621142977978635,0.6337022931239185,0.07158799532605498,0.00014166047393684888,0.0004574845119615378,0.9987840735128204
0,0.775,0.6589023868270566,0.0050325809805214,2.5326871325505736e-05,0.9985323761895326,0.04750783465160144,0.6486013993884879,0.6694074466108105,0.0208060472223226,1.724694982126042e-05,5.614578490976097e-05,0.9966405269377323
0,0.8,0.7163825774659957,0.0025012101480669196,6.256052204792943e-06,0.9974586794813276,0.04947677119185494,0.7114722730193812,0.7213075675046537,0.009835294485272539,5.412053654350677e-06,1.0065306537892623e-05,0.9969407082291724
0,0.825,0.7579055517963648,0.0013368096241671385,1.787059971265886e-06,0.999104140979149,0.037000762612982005,0.75550757370315,0.7598740111666714,0.004366437463521389,1.6971406759137494e-06,2.564380920287613e-06,0.9990156128246758
0,0.85,0.7883551236206033,0.000233892068792541,5.4705499844054736e-08,0.9993222675218236,0.03660939445788254,0.7879239789519831,0.7888285634800268,0.0009045845280437614,4.942582477478462e-08,1.1626528421934816e-07,0.9992627609171576
0,0.875,0.8121832770376813,1.6476033345328573e-05,2.71459674796379e-10,0.9993954582169057,0.03545018760535304,0.8121456464487247,0.8122314926113543,8.584616262963252e-05,2.123547917406402e-10,1.0512426679835246e-09,0.9992834797091453
0,0.9,0.8321696824985813,1.048135198471573e-06,1.0985873942750438e-12,0.9994841896441947,0.0324482355098984,0.8321674708041251,0.8321734644403901,5.993636264967073e-06,6.931858531838884e-13,5.509487270281557e-12,0.9993145021337664
0,0.925,0.8489248248226305,7.862779858409955e-08,6.182330710181728e-15,0.9996539862608244,0.022892068595044248,0.8489247462804028,0.848925138873441,3.925930381898368e-07,2.301433995093444e-15,2.369523780217433e-14,0.9993155853951406
0,0.95,0.8629154157504952,8.07050249916221e-09,6.513301058898347e-17,0.9999104328313729,0.010140472492787326,0.8629154109413641,0.8629154437457441,3.280437999020336e-08,8.786028240624346e-18,1.0909852758768397e-16,0.9993306370174988
0,0.975,0.8747127082525537,1.1107000191994434e-09,1.233654532649644e-18,0.9999824509009576,0.005173711499017575,0.8747127076007439,0.8747127127354161,5.1346721319234234e-09,5.455783560546122e-20,6.361331925400123e-19,0.999510784195268
0,1.0,0.8847875583628757,1.8058960245107985e-10,3.261260451343906e-20,0.9999978892280558,0.005755166070787068,0.8847875582669582,0.8847875591924487,9.254904620448201e-10,1.2702642988961537e-21,2.6681991103609476e-20,0.9999883781439626
0,1.025,0.8934885212756847,3.005206221732676e-11,9.031264435140786e-22,0.9999998309538362,0.005814315047412173,0.8934885212607416,0.8934885214119748,1.512331371245068e-10,4.218821445257752e-23,8.3633069563216985e-22,0.9999458011055385
0,1.05,0.9010769761374968,5.092411800739959e-12,2.5932657948315596e-23,0.9999999759128575,0.006007178319480166,0.9010769761350761,0.9010769761610419,2.59657850776307e-11,1.309126557761462e-24,2.4739649519812817e-23,0.9945174856302479
0,1.075,0.9077534490325909,8.875543276797175e-13,7.877526845829953e-25,0.9999999843583629,0.006417124678399704,0.9077534490321867,0.9077534490368656,4.67892391498026e-12,4.163190516981138e-26,8.535851053543007e-25,0.8931519105633506
0,1.1,0.9136740180580367,1.5767911379678694e-13,2.486270292774009e-26,0.9999996464210607,0.0072562679753421745,0.9136740180579677,0.9136740180588235,8.558709296835332e-13,1.6320265742934946e-27,3.077877047372948e-26,0.7444937257679153
0,1.125,0.9189614798193132,2.833949094826829e-14,8.031267472069803e-28,0.999988528231354,0.011155140990623428,0.9189614798193009,0.9189614798194589,1.5798473640415978e-13,1.3968591732479105e-28,1.116526741926221e-27,0.6628358079389844
0,1.15,0.9237134356908763,5.147185456626384e-15,2.6493518124906156e-29,0.9996315353399299,0.03668856474780091,0.923713435690874,0.9237134356909035,2.942091015256665e-14,3.016115415553596e-29,4.32129710138964e-29,0.4316428406787685
0,1.175,0.9280082227630636,9.581101249192201e-16,9.179750114727236e-31,0.9899307579757263,0.20885079587196081,0.928008222763063,0.9280082227630692,6.106226635438361e-15,2.706553961167568e-29,2.9144951537455026e-29,0.7988899218001857
0,1.2,0.9319093005472702,3.117135151074838e-16,9.71653155006635e-32,0.8381214934055848,0.4332142857142857,0.9319093005472701,0.9319093005472715,1.4432899320127035e-15,1.051753587383051e-30,1.1409627021855744e-30,0.23074006607232464
1,0.4,0.15234723000514622,0.03617267474019684,0.0013084623978600748,0.9999737984224039,0.006527643984311613,0.10311192917039311,0.21183692874346136,0.10872499957306825,0.00010377918328334969,0.00036008545070057084,0.9997421034393861
1,0.425,0.1425349041889589,0.0569332927162415,0.003241399819513237,0.9999923072128152,0.004389152352552635,0.07621332470436941,0.26228626260562055,0.18607293790125112,9.401907374697757e-05,0.00042226598936719175,0.9998276360455391
1,0.45,0.22842395229996626,0.037812527590815534,0.0014297872428061858,0.9999746665619912,0.007748910386608023,0.1272557535013899,0.2799374082053072,0.1526816547039173,0.00011177831777998023,0.000367327787326711,0.9997535025779736
1,0.475,0.3148094361499974,0.036716505063178036,0.0013481017440543782,0.9999566441334752,0.008658572465619416,0.23722628353791173,0.3579082824456105,0.12068199890769879,0.00015173778879354775,0.0007953105106026636,0.999580744410043
1,0.5,0.47138296375501665,0.03035575035318851,0.0009214715795051044,0.9999484836917503,0.00894630398463844,0.40735118948356913,0.5110792103793252,0.10372802089575611,0.00012593458860344524,0.0006672581124912843,0.9996731770640233
1,0.525,0.5208004514690563,0.03021722191674263,0.0009130805003656711,0.9999510619646778,0.00933222042845994,0.47678833660496506,0.5756714558555409,0.09888311925057586,0.00010035984986354959,0.0005848527426663969,0.9996561010832887
1,0.55,0.545228574406847,0.028969196288526733,0.000839214333603191,0.9999548483877035,0.009369876147605663,0.4983600912255519,0.5933974195134211,0.09503732828786915,9.197541648258288e-05,0.0002854419427088717,0.9994837832661427
1,0.575,0.570814194054765,0.020475122769573976,0.00041923065242912666,0.9999050854746357,0.01434263809735694,0.5209016361190245,0.600971141557728,0.0800695054387035,6.133604170094918e-05,0.000350714288548696,0.999049404301696
1,0.6,0.5729981437837536,0.02516891561136671,0.000633474313052099,0.9998373355844539,0.01822535597933211,0.5192544254267248,0.6222243271404064,0.10296990171368159,0.00012243629812821313,0.0005331141925782349,0.9989373495273649
1,0.625,0.6002558521728091,0.029297592467270997,0.0008583489243782943,0.9998394525496366,0.015548322647348524,0.5475732523879198,0.6624040352506051,0.11483078286268533,0.0001595889816057624,0.0007940404316320075,0.998775830141616
1,0.65,0.5985244276848461,0.03554296133436392,0.001263302100416089,0.9997896162553239,0.01870912491871638,0.5342490560443414,0.6799321940856665,0.14568313804132516,0.000273861525183837,0.001520322468223124,0.9981988892511395
1,0.675,0.6150887533981415,0.03125023419676138,0.0009765771373524345,0.9998685522334981,0.015867791846051683,0.5651734473705229,0.6869390036123896,0.12176555624186669,0.00010097985624398114,0.00036453125078952166,0.9976688207564003
1,0.7,0.6248748825261556,0.022958657833823056,0.0005270999695305647,0.9996997189464194,0.02186069957657427,0.5762075602637456,0.672428807251201,0.09622124698745538,0.00014946400573823276,0.0008326305463320615,0.998240723446971
1,0.725,0.6953023906671493,0.006078062112174251,3.6942839039448115e-05,0.9985102184890581,0.04330919626873109,0.684099719522576,0.7125464848805069,0.028446765357930892,1.7872757311335967e-05,4.994276930557797e-05,0.9957840484449463
1,0.75,0.7556544012241357,0.0034381189272256864,1.1820661757747504e-05,0.9959122577307993,0.05029725089516011,0.7479573520637104,0.7638447180433643,0.0158873659796539,6.47078432428745e-06,1.4109327374803966e-05,0.9882172818794406
1,0.775,0.8009816922051985,0.0017950493100037511,3.222202025344943e-06,0.9898446835922626,0.061212021629135666,0.797628675921553,0.8051557133383929,0.00752703741683991,3.0204955907892746e-06,6.443587078646073e-06,0.9865327760101203
1,0.8,0.8252262464674177,0.0009378744887497616,8.796085566476266e-07,0.9987316729948383,0.04464932995974414,0.8235487021015936,0.8273309729310917,0.0037822708294981133,7.882708937848276e-07,2.0476560152488114e-06,0.9984116534790124
1,0.825,0.8427595609912214,0.00033559583521619417,1.1262456461445494e-07,0.999235166516538,0.03839051850514392,0.8422003034029667,0.8433045241657307,0.0011042207627639522,1.0773447858486856e-07,1.8605460577551253e-07,0.9992077459412962
1,0.85,0.8572406683848804,3.322630827360784e-05,1.1039875614928208e-09,0.9992988966329591,0.03731807836161777,0.8571795657565769,0.8573025232516719,0.00012295749509494414,1.0155898415466273e-09,2.1196958949907067e-09,0.9992553087387148
1,0.875,0.8695018205793063,2.4317426453780303e-06,5.913372293350141e-12,0.9993214078351638,0.03677163908059426,0.8694954501795756,0.869507847388826,1.2397209250392116e-05,4.9673664739611816e-12,2.3146599270744325e-11,0.9992619014582529
1,0.9,0.8800618547535375,1.7529876680047804e-07,3.0729657641768384e-14,0.9991836494396066,0.03923659573197076,0.8800612977770419,0.880062348009941,1.0502328990913412e-06,2.5112707202680106e-14,1.6660199278726608e-13,0.9992799665226114
1,0.925,0.8892784503174501,1.4490742257343152e-08,2.099816111687505e-16,0.9993456547482119,0.036940683353795085,0.8892784069578376,0.8892785189734449,1.1201560734530602e-07,1.2849386095172737e-16,1.279079527956893e-15,0.9992760547265838
1,0.95,0.8973939371693125,1.283171604070937e-09,1.6465293654939819e-18,0.9995744740437975,0.027064246050265393,0.8973939343796761,0.897393942887024,8.507347937225518e-09,7.337858136761182e-19,1.1086908737447743e-17,0.9993050008324299
1,0.975,0.9045940741758145,1.0757975812174198e-10,1.157340435753251e-20,0.9996201940246607,0.02095376445478359,0.9045940740561283,0.904594074650641,5.945126613227103e-10,3.835709217382507e-21,5.42409867451937e-20,0.9993084207091513
1,1.0,0.9110265562869965,1.1536281067098518e-11,1.3308578085909571e-22,0.9998995310616708,0.009612247444709067,0.9110265562813007,0.9110265563296924,4.839173506354655e-11,1.9281187843491768e-23,2.7125806477746707e-22,0.9992652090179263
1,1.025,0.9168057544001307,2.1169983582269593e-12,4.4816820487356414e-24,0.9999831305860151,0.006317941954171158,0.9168057543990843,0.9168057544107152,1.1630918450578065e-11,2.0042904347162053e-25,2.9615583741527084e-24,0.9728718640004868
1,1.05,0.9220198219793732,4.4248046923651914e-13,1.9578896565577015e-25,0.9999990534121816,0.006899694524994721,0.9220198219791726,0.9220198219816267,2.454036973631446e-12,1.1603231119593594e-26,2.5892077527350374e-25,0.84204594474009
1,1.075,0.9267389738970976,8.567415253876197e-14,7.340060413235055e-27,0.9999986048527564,0.007868735475094814,0.92673897389706,0.9267389738975219,4.619638005465276e-13,4.2427458553204e-28,9.367611264884578e-27,0.6256834530112324
1,1.1,0.9310217235671207,1.7032783817739953e-14,2.90115724581864e-28,0.9999273165607683,0.0145070216262835,0.9310217235671131,0.9310217235672074,9.425793479067579e-14,1.2971579473610278e-28,4.0445202459721805e-28,0.5220459717993211
1,1.125,0.9349184740837189,3.614490404619735e-15,1.3064540885088138e-29,0.999294382607619,0.04664973481736012,0.934918474083717,0.9349184740837378,2.0872192862952943e-14,7.701662898290816e-29,8.622748465132187e-29,0.4782800132851007
1,1.15,0.9384733667533073,8.294145742538102e-16,6.8792853598462926e-31,0.9843122925451094,0.1753854625550661,0.9384733667533065,0.9384733667533114,4.884981308350689e-15,1.833593369959619e-29,1.9782674638681963e-29,0.4911591974005349
1,1.175,0.9417252575887743,2.0812585990356538e-16,4.3316373560598524e-32,0.8548470906537439,0.707474985285462,0.9417252575887739,0.9417252575887755,1.5543122344752192e-15,1.1734532967840139e-30,1.3020600236732955e-30,0.0934212115058483
1,1.2,0.9447083080941822,1.1144882075417812e-16,1.2420839647496926e-32,0.158256880733945,1.3766233766233766,0.9447083080941818,0.9447083080941826,7.771561172376096e-16,5.676772315684651e-32,7.156695954585003e-32,0.7501940283931814
2,0.4,0.1462172027460928,0.04563261949536068,0.0020823359620083717,0.9999609131094551,0.007232328093234829,0.0495065672747706,0.2123250680820217,0.1628185008072511,0.00021006731651087586,0.001356438091635275,0.9997746684929328
2,0.425,0.1858299238709534,0.06848410621270774,0.004690072803753436,0.9999747558256334,0.00642176544169126,0.05318047612563158,0.30272326653299236,0.24954279040736077,0.00036035571813176854,0.001751533549619137,0.9998340931696229
2,0.45,0.16535805080221655,0.07624067484354528,0.005812640500599198,0.9999831212810012,0.006530891321984204,0.01914392031817475,0.3001386731094631,0.2809947527912884,0.00032619694330190583,0.0011326797019853806,0.9998745088967985
2,0.475,0.1754594504673158,0.043627470415270625,0.0019033561748353135,0.9999569372122816,0.008994965127266578,0.09561711424281154,0.26433944443469076,0.1687223301918792,0.00023852881518434405,0.0011194174713513615,0.9998409655026197
2,0.5,0.2373477646352421,0.061700522546113405,0.0038069544824634485,0.999975050554906,0.0075433374673516615,0.11273268539691507,0.32983552206670236,0.2171028366697873,0.00026518716189833416,0.0008431239949820669,0.9998257089327097
2,0.525,0.30720283378852464,0.032927355920028996,0.0010842107678842685,0.9999443159785029,0.011857281302142525,0.23853102431630926,0.36725938436235,0.12872836004604074,0.0001414705367230651,0.0003855930379045165,0.9997076433645273
2,0.55,0.3219842229030085,0.04911443528600139,0.002412227753462818,0.9999625878931508,0.0082415056072778,0.2430782505897466,0.4230158778005893,0.1799376272108427,0.00022038345463069547,0.0011428500901768458,0.9997773696993639
2,0.575,0.40602369061774757,0.031643193502527894,0.0010012916950384236,0.9999433815794986,0.010288468859049372,0.36302110069778104,0.47593561505395415,0.11291451435617311,0.00012639582461702124,0.0005297071816177639,0.999697458757975
2,0.6,0.41888307993292667,0.022469770775604626,0.0005048905987082156,0.9998909412879998,0.015105085123428908,0.3614224494160977,0.4516193434576584,0.09019689404156073,0.00012014158048554134,0.0003489502361046117,0.9995745387649116
2,0.625,0.44883530850346653,0.03201979190043459,0.0010252670733471362,0.9999217435021392,0.011961730114667687,0.39840372208735003,0.5097040800126617,0.11130035792531162,0.00014940559521287464,0.0006832793149264137,0.9994015961317144
2,0.65,0.4853281711653157,0.04189552507545604,0.001755235021348166,0.9999190096362558,0.01162482153447463,0.40895688777642875,0.5493192234839672,0.14036233570753848,0.00024244698387240163,0.0010755537816039128,0.9990257384350945
2,0.675,0.509022042483418,0.030341140831737622,0.000920584826971336,0.9998218566384026,0.017994110918539266,0.3998685035393278,0.5576898464142745,0.15782134287494676,0.00015157700270933665,0.0012554178670529164,0.9972127080789771
2,0.7,0.5013027407760358,0.0330251672854176,0.0010906616742298169,0.9998126244468774,0.018892552154660572,0.42590600147933794,0.5768479610009719,0.15094195952163397,0.0001527319753718023,0.0007615773180057997,0.9974100600244549
2,0.725,0.5127449533166193,0.0250712171135033,0.0006285659275524207,0.9996997942134903,0.02021377539462279,0.4580752973075131,0.5583624341483614,0.10028713684084828,0.00015205445484281542,0.0006113388271735765,0.9978801869279237
2,0.75,0.5575094220615371,0.03397856516047969,0.0011545428903649642,0.9998068758535282,0.02046703866947791,0.4903583520336498,0.6366823005848933,0.14632394855124348,0.00030761972237303094,0.0015128712043553398,0.9983958549623464
2,0.775,0.6156203073573423,0.009724263499529158,9.456130060827508e-05,0.9992281451649181,0.030181275396549526,0.5932360003976754,0.6364683220564665,0.043232321658791095,2.557873884488501e-05,9.187528474403611e-05,0.9957322487844339
2,0.8,0.7020825869740964,0.0021324001132505756,4.547130242991067e-06,0.9908019054500288,0.05626105604062303,0.6980238074405948,0.7078021089651206,0.009778301524525856,3.2667271858850315e-06,7.1722390569097514e-06,0.9835419021600255
2,0.825,0.7477075958611713,0.0007737841234336216,5.987418696779382e-07,0.9992247422057743,0.03601436113489136,0.746300142846649,0.7490585988600981,0.00275845601344904,5.30640196261527e-07,1.2541988582883602e-06,0.9990137431411523
2,0.85,0.781303635919076,9.961411934665696e-05,9.922972773210016e-09,0.9994403071396737,0.033564784585138716,0.7811534407941434,0.7815066778508238,0.00035323705668044436,8.410188451630156e-09,1.6959083188233098e-08,0.9993532036709595
2,0.875,0.8073122095896724,5.3201473510667e-06,2.8303967837062026e-11,0.9995301962403189,0.031501640831536414,0.8073045235892952,0.8073290323475028,2.4508758207586467e-05,1.9650694291993504e-11,9.165849855719359e-11,0.9993693526410468
2,0.9,0.8274873718589106,3.345168477874446e-07,1.1190152145364838e-13,0.9997328487863979,0.020158326441983072,0.8274870888045752,0.8274884971865029,1.4083819276367038e-06,3.6669320072538366e-14,2.6448028126422213e-13,0.9993832641219922
2,0.925,0.8438558092284812,4.266302089824361e-08,1.820133352163971e-15,0.9999709795810725,0.00746967974076969,0.843855781488293,0.8438560024703273,2.209820343379576e-07,8.90136040707476e-17,1.722980329603906e-15,0.999363771849959
2,0.95,0.857565063447458,6.581808797962763e-09,4.332020705294003e-17,0.9999984165796706,0.005021907531016254,0.8575650595499138,0.8575650900165478,3.046663399342009e-08,1.6701192437842359e-18,3.0787555457030466e-17,0.9999799658707677
2,0.975,0.8692748766619791,1.0539927605527054e-09,1.1109007392975128e-18,0.9999999002218583,0.0050463716175519835,0.8692748760722929,0.8692748809255106,4.853217716593861e-09,4.462082113598957e-20,6.328545593441276e-19,0.9999996769178292
2,1.0,0.8794216684485059,1.7192415000040714e-10,2.9557913353362496e-20,0.9999999975129552,0.00540649795815799,0.8794216683578115,0.8794216691861075,8.282959873540108e-10,1.2584596761968283e-21,2.0350131056699253e-20,0.999999528125867
2,1.025,0.8883096511661465,2.8356143253511913e-11,8.040708602136891e-22,0.9999999998906437,0.005742636570532907,0.8883096511520147,0.8883096512934878,1.4147316651502706e-10,3.7251037686002843e-23,6.693586494856146e-22,0.9999193965068373
2,1.05,0.8961565669253077,4.832334588235017e-12,2.335145757265249e-23,0.9999999995391046,0.006072109447778331,0.8961565669230185,0.8961565669478806,2.486211236885083e-11,1.1664117454312224e-24,2.2638617305496032e-23,0.993090877860619
2,1.075,0.9031274152739843,8.704764913098877e-13,7.57729321923173e-25,0.9999999802208852,0.006462738140843216,0.9031274152735903,0.9031274152782023,4.611977466595363e-12,4.249245657527771e-26,8.426938460377367e-25,0.8781330848856967
2,1.1,0.9093537654597814,1.6558010593315203e-13,2.741677148083385e-26,0.9999993220238645,0.007287139050375591,0.9093537654597093,0.9093537654606106,9.013900736931646e-13,1.732570138412287e-27,3.4408962263587086e-26,0.8086223530583686
2,1.125,0.9149431303917517,3.263371444496414e-14,1.0649593184754613e-27,0.9999876716992934,0.010825335892514394,0.9149431303917377,0.91494313039192,1.822986206434507e-13,1.3733211211821915e-28,1.4968566880559523e-27,0.7163996489503663
2,1.15,0.9199841133752478,6.537718277678873e-15,4.2741760278296407e-29,0.9997672691577053,0.030584813362125953,0.919984113375245,0.9199841133752827,3.774758283725532e-14,6.572824676753189e-29,8.001577832278287e-29,0.5792613343375465
2,1.175,0.9245500703186312,1.3402137784369936e-15,1.796172971912363e-30,0.9913511356905207,0.10935809592499099,0.9245500703186302,0.9245500703186382,7.993605777301127e-15,4.435191255996268e-29,4.7878582586211903e-29,0.3678079808333271
2,1.2,0.9287020631034217,2.8043390885081913e-16,7.864317723334953e-32,0.8743601195159396,0.6080621661000486,0.9287020631034213,0.9287020631034233,1.9984014443252818e-15,2.3411499296917294e-30,2.5303554375076107e-30,0.0859778583088995
3,0.4,0.15975852904238677,0.056821191685116734,0.0032286478245167794,0.9999754767743869,0.007201096296169295,0.03726642458338371,0.2352497950444227,0.19798337046103898,0.00019136033435680687,0.0010684808803143751,0.999824269624279
3,0.425,0.1372695268114339,0.07804474884361354,0.0060909828220627165,0.9999819360260949,0.005998755501364816,0.0015290790943332136,0.2642760920236671,0.2627470129293339,0.00030921620495769227,0.0009954235474002838,0.9998202676949556
3,0.45,0.2781343106707404,0.05764455864482157,0.0033228951413562732,0.9999724396281453,0.007570001239355848,0.19775788291903673,0.38985228910566594,0.1920944061866292,0.00023894052593952578,0.0012458820967520803,0.9998246260378353
3,0.475,0.352299853879044,0.06590025106466468,0.0043428430903858384,0.9999725373891665,0.007689126978916894,0.24993415374273625,0.46925635075971167,0.21932219701697542,0.0002765242994073581,0.001054381510887978,0.999812248825979
3,0.5,0.4032820523880304,0.027598736389835045,0.0007616902503156051,0.9999170097067274,0.012353112467122705,0.354166281219599,0.44850418228300204,0.09433790106340306,0.00016387314107774325,0.0006800243855923028,0.9997059753763622
3,0.525,0.4330778468772496,0.028324038662781124,0.0008022511661707199,0.9999149232986602,0.012625990796855039,0.37692489416272756,0.48837243270192077,0.1114475385391932,0.0001538332270590022,0.0009419177914160343,0.9997154517807002
3,0.55,0.48408787945487713,0.032120372069892406,0.0010317183019083243,0.9999418589912052,0.011568226143955232,0.4172051844211235,0.5452764816410466,0.1280712972199231,0.00014441242145148272,0.0004182805749518472,0.9996672800938495
3,0.575,0.5176565433036582,0.03416906961052527,0.0011675253180489218,0.9999399996289927,0.009939315423660748,0.4599191509190438,0.5701255761612362,0.11020642524219237,0.00013926192199302542,0.0005992827958520799,0.9995213338357157
3,0.6,0.533861297315518,0.04606556225252993,0.0021220360256417104,0.9999453451949559,0.010257612405179512,0.45911823248043,0.6144176649888544,0.15529943250842443,0.0002678748367504095,0.0009750987777779334,0.9995676698506154
3,0.625,0.5360265942774836,0.04567127727558289,0.002085865567983174,0.9999175563122729,0.011530943098949782,0.4658649067264599,0.6392842410006744,0.17341933427421447,0.0003111812463927436,0.0011240668258836485,0.9992615701244448
3,0.65,0.5481434689606747,0.06281142446227303,0.0039452750429798305,0.9999328669622226,0.010704161816348746,0.44675807118930316,0.6725362206678696,0.2257781494785664,0.0005015759873417407,0.0032348453094335782,0.9991353817888909
3,0.675,0.554983264377471,0.08380571896989582,0.0070233985320611566,0.9999318091414994,0.010358566458456137,0.4084392064834912,0.7133488378813362,0.304909631397845,0.0008696147864373639,0.007819503510662186,0.9981505203308367
3,0.7,0.5428445432292224,0.06497552505289392,0.004221818855899245,0.9998847989087413,0.011932268823218186,0.4086264306155803,0.7000237649725427,0.2913973343569624,0.0009619196686600941,0.010191591947389542,0.9987008391810075
3,0.725,0.5732181352793411,0.03845835058024356,0.0014790447293529202,0.9998199012744824,0.017193579827786833,0.5109822783437065,0.6552998321236284,0.14431755377992195,0.0004298594278849122,0.0017785047862487052,0.9994035247401832
3,0.75,0.6247230326593887,0.014063557367347216,0.00019778364582466614,0.9995296600608687,0.02875881278559078,0.5953796811214864,0.6623283199763106,0.06694863885482416,6.10207875187473e-05,0.00025625101032631205,0.9974997131695645
3,0.775,0.7000866889470873,0.004591266175952445,2.1079725098444994e-05,0.9968653168927822,0.0444667568842616,0.6899088458671645,0.7075281558243848,0.017619309957220275,1.6342906339681674e-05,3.748937812450008e-05,0.9956349418020561
3,0.8,0.7392285112666629,0.002483989099154853,6.170201844720137e-06,0.9977719580904186,0.04765621967203199,0.7340785464528218,0.7441220822330811,0.010043535780259294,5.3559965473176995e-06,1.1252754074239447e-05,0.9970049108965318
3,0.825,0.7719773035742571,0.001113697361099726,1.2403218121204933e-06,0.9986554539437498,0.04156974855778336,0.7695483876953395,0.7740798140333686,0.004531426338029054,1.0750126843507605e-06,2.7356885994607403e-06,0.9982032237307087
3,0.85,0.797133319468654,0.00037859005772498055,1.433304318082041e-07,0.9992239942120275,0.03850828192033264,0.796558972024512,0.7976896544743435,0.0011306824498314993,1.350996163784119e-07,1.937450598777851e-07,0.9991830177245944
3,0.875,0.8172573568536149,4.052331029484754e-05,1.6421386772524966e-09,0.9993008568815244,0.037490732075570986,0.8171778164672349,0.8173474909399427,0.00016967447270788139,1.4693246573744234e-09,4.294024752773382e-09,0.9992411086693641
3,0.9,0.8344352238223891,3.282196960093629e-06,1.077281688484786e-11,0.9992871475413571,0.03757589536296236,0.8344274269296177,0.8344450787734233,1.7651843805643885e-05,8.85529513021729e-12,4.7002250483802656e-11,0.9992485143901538
3,0.925,0.8493680002268866,2.6018665424320543e-07,6.769709504627333e-14,0.9992798328131431,0.0364427963056703,0.8493674291366301,0.8493689661193634,1.5369827333078234e-06,4.8001608541762493e-14,3.5980760039236335e-13,0.9992578720113285
3,0.95,0.8622997150911925,2.303968197256117e-08,5.308269453967602e-16,0.9995735335892455,0.025492773842878295,0.8622996887766601,0.8622998106473556,1.2187069553526442e-07,2.414969129607458e-16,2.288400448804351e-15,0.999265107159407
3,0.975,0.8734747933461335,3.3468566079728137e-09,1.1201449154331289e-17,0.9999119193962281,0.00961877028446756,0.8734747914122512,0.8734748050321924,1.3619941285902826e-08,1.2075959403267113e-18,1.5431359227358963e-17,0.9992535473509332
3,1.0,0.8831727129674029,7.643124376420327e-10,5.841735023343061e-19,0.9999931261553416,0.005561798086356724,0.883172712555922,0.8831727164090899,3.853167895861986e-09,2.3408596791130052e-20,3.069271009880898e-19,0.9998209702969664
3,1.025,0.8916495401129537,1.6718914898626403e-10,2.7952211538751193e-20,0.9999986601919036,0.005837771245445423,0.8916495400285991,0.8916495408834969,8.548978192024492e-10,1.2066427807151057e-21,2.1049239350100006e-20,0.999989789440283
3,1.05,0.8991173849207852,3.3639046675206446e-11,1.131585461216718e-21,0.9999995440271513,0.006201071899770836,0.8991173849047538,0.899117385082141,1.7738721602711394e-10,5.332297979141907e-23,1.1112312553167876e-21,0.9998200443533973
3,1.075,0.9057461605651504,5.955640142896095e-12,3.546964951167542e-23,0.9999999483873889,0.006447629318232388,0.9057461605624465,0.9057461605942949,3.184841279590955e-11,1.856207985740918e-24,4.028893600231129e-23,0.9862846963798227
3,1.1,0.911670304892208,1.0020782217721965e-12,1.0041607625501274e-24,0.9999999883090199,0.006761659964707799,0.9116703048917709,0.9116703048972251,5.4541926530760065e-12,5.494603609560411e-26,1.2606646909968421e-24,0.8731037316964628
3,1.125,0.9169961462480269,1.7026596347055375e-13,2.8990498316555944e-26,0.9999995944622095,0.007592998903369787,0.9169961462479552,0.9169961462489039,9.486855745421963e-13,1.7255335045165857e-27,4.025114697678801e-26,0.679819286724664
3,1.15,0.9218085469953766,2.959139813879486e-14,8.75650843808672e-28,0.9999792412630211,0.01174244425340627,0.9218085469953644,0.9218085469955336,1.6919798895287386e-13,1.6083598869419589e-28,1.3508389740296016e-27,0.6317472487531406
3,1.175,0.9261762372983892,5.264203846129045e-15,2.771184213359983e-29,0.9996067232592771,0.03822579762491107,0.9261762372983867,0.9261762372984178,3.108624468950438e-14,4.5065935202853096e-29,5.327486510598684e-29,0.3734403525025403
3,1.2,0.9301557876958476,9.692023930237368e-16,9.393532786429379e-31,0.9901855726643716,0.20206008583690985,0.9301557876958471,0.9301557876958532,6.106226635438361e-15,2.843026453230692e-29,3.06152751335719e-29,0.78802697121384
4,0.4,0.14508017658960626,0.08868867787919399,0.007865681583959434,0.9999947665231059,0.003240550686235367,0.014672832735589914,0.24581383012093527,0.23114099738534535,0.00015608510548725671,0.000502339187085081,0.999804876930477
4,0.425,0.2308648564688491,0.07724986540797832,0.005967541705550766,0.9999937423415892,0.003932065943687914,0.09190498919723016,0.31975952036181665,0.22785453116458648,0.0001312816977031701,0.0005559931952818761,0.9998478328914041
4,0.45,0.27572478442393916,0.061842347192178085,0.0038244759062378967,0.9999796535944265,0.0049785405734620765,0.2056503563968997,0.37240548487713543,0.16675512848023574,0.00020478927389004314,0.0009612597634402777,0.9997734290603238
4,0.475,0.2625382951320761,0.06359550198908656,0.004044387873243912,0.999991748541627,0.0033206016593591665,0.1956707586181364,0.3605766482530878,0.16490588963495137,8.38155331987968e-05,0.00045602270876202416,0.999609567836436
4,0.5,0.4125728568616252,0.03202580190904303,0.0010256519879172639,0.9999684757032481,0.007609210178769932,0.3568013117911745,0.46480602003555266,0.10800470824437813,7.19326656616312e-05,0.00033533481223566866,0.999694480436002
4,0.525,0.4345600373238176,0.021524582018668425,0.00046330763107838414,0.9999032444988456,0.012960555096402957,0.39605748282347447,0.46894480228177066,0.07288731945829618,9.286544553256712e-05,0.0005039624187284109,0.9994127837208415
4,0.55,0.500926051713639,0.03331070881270998,0.001109603321605154,0.9999233997682206,0.012273504870867343,0.440309059050696,0.5646551497559623,0.12434609070526631,0.0002164562131050548,0.0007974814776880761,0.999765252781501
4,0.575,0.5152848359179791,0.02392317275399952,0.0005723181946177049,0.9999321551256598,0.012881363347870609,0.486524381368197,0.5865126648138238,0.09998828344562682,8.87178220790439e-05,0.00033714145438876593,0.9992957469738605
4,0.6,0.5308622505250784,0.02669691459852657,0.0007127252490810212,0.9998927571791452,0.013987212948700523,0.47492933651666347,0.5792427626207431,0.10431342610407968,0.00015043407615811965,0.0006918459547892383,0.9994602567660941
4,0.625,0.5219355292895289,0.02958241610067922,0.0008751193423537252,0.9998509210816571,0.017086100020017293,0.45584734420931805,0.5760509228133471,0.12020357860402908,0.00020947204353658017,0.0010299545896338043,0.9989704195588548
4,0.65,0.5575396106261236,0.054681500373122714,0.0029900664830558193,0.9999151692763544,0.012845054707000678,0.434637041326458,0.658026557981493,0.22338951665503504,0.00043512188910228286,0.002814644245261092,0.9990328762982454
4,0.675,0.5653953333204785,0.05177870930142357,0.002681034736921328,0.9998779818736668,0.012961513950251169,0.4671353889560792,0.6671223273325454,0.1999869383764662,0.00045622524613871384,0.002898698908911945,0.9984077426400995
4,0.7,0.5821293598541207,0.06468820143858889,0.004184563405359453,0.999891284251996,0.012540361451998468,0.45217292907447654,0.7048109943490769,0.25263806527460037,0.0008020046370409093,0.007242489156158903,0.9993350321871309
4,0.725,0.5713085883225227,0.035442653375949866,0.0012561816783277305,0.9998071288437513,0.017323548648141472,0.5072504892515359,0.6398781446846488,0.13262765543311283,0.00031318802475653715,0.0016080467052520303,0.9986945775549346
4,0.75,0.5897181084231881,0.022849084670183463,0.000522080670265213,0.9996310946253595,0.02273281558748473,0.5476073897861802,0.6311081464795839,0.08350075669340373,0.00017034517404156203,0.0006348452371066787,0.9980599404477386
4,0.775,0.6495217140649256,0.006534546510152823,4.270029809335044e-05,0.9979054089434314,0.04695202978804597,0.6268760972552623,0.6621100789436282,0.03523398168836589,2.0195793274731296e-05,0.00010501803053774572,0.9934862324353715
4,0.8,0.7070903872104549,0.002531667398323673,6.409339815734956e-06,0.9984481017174817,0.03998782738662465,0.7026557192126398,0.7131083505851487,0.010452631372508847,4.5554164929346515e-06,1.8134267649211414e-05,0.9973204229307054
4,0.825,0.7520767349404768,0.0007708554084732132,5.942180607724045e-07,0.9994197706542269,0.033577045545532765,0.7507249738100168,0.7533093666272893,0.0025843928172725184,4.914328351799551e-07,8.418902139061674e-07,0.9993246210941317
4,0.85,0.7852649605319172,4.832178520805122e-05,2.334994925693038e-09,0.9995182273559845,0.032132609196895416,0.7851928559969504,0.7854022261082471,0.00020937011129662508,1.646494310346771e-09,6.592834274038528e-09,0.9993785990723235
4,0.875,0.80987439714298,2.8717127910513813e-06,8.246734354288115e-12,0.9997394800555186,0.0213176643168164,0.8098719079990899,0.8098842969436957,1.2388944605756791e-05,3.0674861089822534e-12,2.057885915097444e-11,0.9994004045751879
4,0.9,0.8293045734920742,3.623766698802631e-07,1.3131685087350918e-13,0.9999611362359347,0.008195300536573996,0.8293043143918093,0.8293061774528322,1.8630610228997924e-06,7.45278954849934e-15,1.3156060326784708e-13,0.9993826181815704
4,0.925,0.8452706966040866,4.961540501441247e-08,2.4616884147441857e-15,0.9999952748567437,0.004668593690823949,0.845270665217221,0.8452708818357088,2.1661848770282432e-07,1.0238161597082395e-16,1.6647210324422605e-15,0.9999282000786083
4,0.95,0.8588416638826579,7.139284290108799e-09,5.09693801749943e-17,0.999999461449856,0.004616912710152721,0.858841659622013,0.8588416905290095,3.090699651764339e-08,1.9157377255564325e-18,1.933057812733021e-17,0.9999980249448615
4,0.975,0.8705649421546479,1.3375563899947777e-09,1.789057096415862e-18,0.9999999586430885,0.005161157366286527,0.8705649414101692,0.870564947701645,6.291475895814358e-09,6.943006872298993e-20,1.0403866379976173e-18,0.9999999312197683
4,1.0,0.8807598486784787,2.830468524717762e-10,8.011552069417944e-20,0.999999998740213,0.005462057336460625,0.8807598485301341,0.880759849903181,1.373046898400787e-09,3.444856347616417e-21,5.787054436969919e-20,0.9999997636793753
4,1.025,0.8896710147389906,5.915422058720121e-11,3.499221813279259e-21,0.9999999999160605,0.0057339115426393115,0.8896710147094966,0.8896710150042496,2.9475299978543035e-10,1.618794770526362e-22,2.9018685341059002e-21,0.9999862653369515
4,1.05,0.8975056703780481,1.1881143019085189e-11,1.4116155943995672e-22,0.9999999999268034,0.006033321558793739,0.8975056703723933,0.8975056704333338,6.094058591088469e-11,6.934301694022551e-24,1.347983666821014e-22,0.9990368610800123
4,1.075,0.9044383107090338,2.3014697710155277e-12,5.296763106898266e-24,0.9999999973226565,0.0063592476873052806,0.9044383107079846,0.9044383107201207,1.2136069926782511e-11,2.765723647012391e-25,5.764621995992786e-24,0.9468971224300954
4,1.1,0.9106121357557486,4.336973656975232e-13,1.8809340501297116e-25,0.9999999495176364,0.006832132942417347,0.9106121357555587,0.910612135757907,2.348343741687131e-12,1.0541985198770511e-26,2.307399376015956e-25,0.8265055904041132
4,1.125,0.9161427316452732,8.033252375046763e-14,6.4533143721194464e-27,0.9999985103853183,0.008321447604199183,0.9161427316452389,0.9161427316456852,4.4630965589931293e-13,5.2829808233895175e-28,8.84852292139677e-27,0.6448395798965803
4,1.15,0.921123179313711,1.4786050928868242e-14,2.1862730207108536e-28,0.999946087752886,0.016477887460145727,0.9211231793137048,0.9211231793137888,8.404388296412435e-14,1.0565338076461874e-28,3.464433252098159e-28,0.8510807008744058
4,1.175,0.9256290289418331,2.732272619809317e-15,7.46531366895967e-30,0.99815876553975,0.06164277211324465,0.9256290289418316,0.925629028941848,1.63202784619898e-14,7.695798314306186e-29,8.403833830932591e-29,0.3063799284790496
4,1.2,0.9297223578215185,5.270527772510077e-16,2.777846300080004e-31,0.961569690434154,0.29704582461037454,0.9297223578215178,0.9297223578215211,3.3306690738754696e-15,7.679166688150996e-30,8.301002907216645e-30,0.2534468306758324
5,0.4,0.09933924959138415,0.03583901894367511,0.0012844352788451033,0.999959380623524,0.008686306264724658,0.03368755207090283,0.15813237037397826,0.12444481830307544,0.00013944578386911537,0.000732008499853519,0.999826717798204
5,0.425,0.05548025598799125,0.017181005919595937,0.0002951869644091906,0.9999546344739576,0.009496625238752167,0.017988689610528755,0.08656454788578545,0.0685758582752567,3.460974142046507e-05,0.0001564211606704279,0.9997767037143735
5,0.45,0.26423121532155835,0.03794651314610355,0.0014399378599474096,0.9999659159926823,0.008018557510892442,0.20934484845978676,0.3259302301761266,0.11658538171633984,0.00013505585571889304,0.000519835866216619,0.9998555138057844
5,0.475,0.3854091711703307,0.03133319510206899,0.0009817691153043203,0.9999282560459885,0.012306743468151918,0.3175020451593183,0.44319154154840423,0.12568949638908594,0.0001795633288558406,0.00098752488171446,0.9997811114143887
5,0.5,0.42735444629184133,0.0340108969663223,0.0011567411124537913,0.9999458521736766,0.01101395962601633,0.3762416103667003,0.50250453622485,0.12626292585814974,0.0001611791979863978,0.0007070680402539997,0.9997124461263288
5,0.525,0.48259245925794436,0.02471203578831218,0.000610684712802822,0.9998955525115585,0.013338468167150029,0.4466702256242409,0.5389789147437024,0.0923086891194615,0.00014792975179188532,0.0005326067329532863,0.9994317897882697
5,0.55,0.5246880874397142,0.023842709244291046,0.0005684747841078017,0.9999122548861782,0.014101463511162224,0.48377507269356224,0.5800382360802493,0.09626316338668706,0.00011263762065812887,0.0003193670501913314,0.9996316499500325
5,0.575,0.5379069218210781,0.019185991390533313,0.00036810226563761844,0.9998835655707196,0.015115433961269367,0.4973232334392691,0.5746626126741496,0.07733937923488055,8.10159440038999e-05,0.00034836374774914957,0.9993438782623874
5,0.6,0.5438788886606059,0.027408637527502624,0.0007512334111140251,0.9998754194090523,0.014701564963801685,0.4826988690265254,0.5833789239496018,0.10068005492307636,0.00012851605531762116,0.0007958882508272773,0.9990527588532584
5,0.625,0.5484572471666306,0.026021624930308754,0.0006771249640136661,0.9998244871351001,0.016843373409557667,0.4927742622481866,0.6005584701677527,0.10778420791956606,0.0001612903959930182,0.0005447332327413499,0.9989222200588705
5,0.65,0.5478921258123701,0.027084816006064893,0.0007335872580823891,0.999781725764293,0.02044387086107006,0.49207080195218555,0.6097268605153091,0.11765605856312356,0.00023559551066101704,0.0007814052968605257,0.9989678728918083
5,0.675,0.565086834754192,0.028876296998204213,0.0008338405283284976,0.999576459137926,0.02228161571778398,0.5057838405272796,0.6165192568812322,0.11073541635395256,0.00026619339402542586,0.0010315552589378004,0.997979473889137
5,0.7,0.591464689653132,0.03605704349932513,0.0013001103859122242,0.999814801953519,0.01659973494329258,0.5221226779583628,0.6435743903818287,0.12145171242346597,0.00033763572530804065,0.0011266506758696208,0.9987077179375657
5,0.725,0.6123707562873963,0.02357918159776004,0.0005559778048201458,0.999717583605531,0.02131444697887441,0.5547816312647227,0.672624505401959,0.11784287413723626,0.00013589294376659057,0.0014823403515914235,0.9976661090221779
5,0.75,0.6354813665902705,0.010527296411360172,0.00011082396973263675,0.9987040367448122,0.04156229001244601,0.6154065295886559,0.6621346365721124,0.04672810698345642,4.903450519561127e-05,0.00022926672603409016,0.994200894344139
5,0.775,0.6884845403999692,0.0032619495791409905,1.0640315056858084e-05,0.9969880339430947,0.05095833728303841,0.6818577803862698,0.6951650404232093,0.013307260036939494,7.497996201961445e-06,1.9320106673084037e-05,0.9947055381006957
5,0.8,0.7411546471496073,0.001302625478773227,1.6968331379491788e-06,0.9979861936519634,0.058231908020071464,0.7383334326607115,0.7438969516055147,0.005563518944803225,1.391184715188736e-06,3.6554089947872447e-06,0.9972953253188783
5,0.825,0.77550773282073,0.00021049142002890037,4.430663790578296e-08,0.9989519023725278,0.043481283841118344,0.7750337961980658,0.7759659352131542,0.0009321390150883735,3.494123181111187e-08,8.512720172903642e-08,0.9985808576112287
5,0.85,0.8019025915882905,2.1401474862034633e-05,4.580231262703003e-10,0.9994006479588551,0.03540050986297986,0.8018697193828025,0.8019504140851568,8.069470235427811e-05,3.8952156195857337e-10,7.580742967251429e-10,0.9993427661380527
5,0.875,0.8234725972789003,1.860823765272352e-06,3.4626650854023736e-12,0.999540079511171,0.030438200525728102,0.8234702559740287,0.8234786083984753,8.352424446633755e-06,2.1105953199432442e-12,9.973622766592978e-12,0.9993803485643877
5,0.9,0.841019935031754,1.9761302724816964e-07,3.905090853818584e-14,0.9998218244591625,0.017193369653332253,0.8410197888471277,0.84102089463221,1.10578508227821e-06,7.664136761776381e-15,6.168133348589129e-14,0.9993657277315098
5,0.925,0.8555939904374463,3.403726096411547e-08,1.1585351339392988e-15,0.9999858589935371,0.006233821284657419,0.8555939693759792,0.8555941362153799,1.668394007392493e-07,5.605401074415336e-17,1.3628733070375153e-15,0.9993976116947583
5,0.95,0.8679637153007986,5.240358651028422e-09,2.7461358791408423e-17,0.9999983625120524,0.004757903995214488,0.8679637122217293,0.8679637352725904,2.305086110876431e-08,1.1294378122281558e-18,1.5515724078650738e-17,0.9999909301544341
5,0.975,0.878688534942336,7.827160868507245e-10,6.126444726149109e-19,0.9999999121985516,0.0050715196773359035,0.8786885345086047,0.8786885381230737,3.6144689463668556e-09,2.4678243776597262e-20,3.3362579374542224e-19,0.9999997528869227
5,1.0,0.8881147548107324,1.291173175116853e-10,1.6671281681413355e-20,0.999999994117622,0.0055246618948534285,0.888114754743839,0.888114755374534,6.306949407175466e-10,7.2600678463294685e-22,1.2260265348032584e-20,0.9999985809472408
5,1.025,0.8964550548706209,2.3810232782225554e-11,5.669271851437684e-22,0.9999999998725475,0.005848693061694657,0.8964550548589563,0.8964550549789858,1.2002954186129955e-10,2.6966613271705324e-23,4.977875932087391e-22,0.9998483164928715
5,1.05,0.9038585278740059,4.679933783563133e-12,2.1901780218535542e-23,0.9999999991723711,0.00615302642268786,0.9038585278718152,0.9038585278960697,2.4254487307473482e-11,1.1117288352600125e-24,2.1990506579308567e-23,0.9895195123000423
5,1.075,0.9104456487386526,9.468089371168137e-13,8.964471634042705e-25,0.9999999898018863,0.0065044505031022016,0.910445648738227,0.910445648743266,5.038969241866198e-12,4.794766713056041e-26,1.0173207732861337e-24,0.9245284683197182
5,1.1,0.9163218393485991,1.9460311623735342e-13,3.7870372849288887e-26,0.9999997128261043,0.007192177547420274,0.9163218393485147,0.9163218393495769,1.0621503676588873e-12,2.0723335301635183e-27,4.80720825413716e-26,0.7925697894706665
5,1.125,0.9215811821239451,4.0374576427942026e-14,1.6301064217357318e-27,0.9999852834725445,0.009854123045241895,0.9215811821239279,0.9215811821241539,2.2593038551121936e-13,1.7592592518538134e-28,2.305087682960614e-27,0.7287949253274767
5,1.15,0.9263067482916134,8.414003531126695e-15,7.079545542181248e-29,0.9998551529959376,0.024528077073652323,0.9263067482916097,0.9263067482916584,4.8627768478581856e-14,1.2528332046226226e-28,1.3662552997358848e-28,0.4003909652983732
5,1.175,0.9305705691903331,1.753212633636023e-15,3.0737545387409603e-30,0.9971676940711999,0.09669986009381945,0.9305705691903321,0.9305705691903425,1.0436096431476471e-14,6.17930224301273e-29,6.694921852991967e-29,0.5590165424802767
5,1.2,0.9344341617385618,4.214734050921746e-16,1.7763983119999232e-31,0.9341404205125853,0.49878048780487805,0.9344341617385615,0.934434161738564,2.4424906541753444e-15,4.005817845496939e-30,4.325549076956784e-30,0.4057630324554031
6,0.4,0.051188387320189904,0.026379236230775007,0.0006958641041190329,0.9999137661389306,0.013450362442183493,0.011922968849420672,0.11827880936229351,0.10635584051287283,0.00012987836530683957,0.0006636859636800089,0.9997769265968026
6,0.425,0.044001772777994344,0.022581860768062758,0.000509940435748172,0.9999160355434771,0.011421107119916441,0.012313599975156131,0.09508258621227816,0.08276898623712203,7.015479554030062e-05,0.0004751016881589986,0.9996577140367322
6,0.45,0.09676771695612155,0.05485168332090319,0.0030087071631366494,0.9999645930389808,0.008942246942098235,0.011058886512682508,0.21603825394539272,0.20497936743271022,0.0002343633488899479,0.0008501474529674993,0.9996995686299041
6,0.475,0.11216248323348431,0.07067451325082129,0.0049948868232405136,0.999967655684202,0.007439969483347139,0.003913598502940653,0.2414091371454746,0.23749553864253395,0.0004077168630658442,0.0018181578689792498,0.9997484863573481
6,0.5,0.23176499932048064,0.04312322575390561,0.0018596125994223083,0.9999409053725705,0.010178610556450246,0.13388856220808348,0.29422531499166293,0.16033675278357945,0.00025384029814235366,0.0015926247803810397,0.9996817824214769
6,0.525,0.14512798209669395,0.03864455351182256,0.0014934015161281176,0.9999558289705762,0.010076480190146049,0.05654154836186411,0.206899010994233,0.15035746263236888,0.00019012122573328874,0.0006726421115108509,0.9996599338083371
6,0.55,0.31601571452806226,0.058725875648082404,0.003448728470634038,0.9999638488948988,0.008563118743534718,0.17215184588101343,0.4014527357271112,0.22930088984609778,0.00031173586146505825,0.00162546275874291,0.9996328212155152
6,0.575,0.3884946906984341,0.06670792361627516,0.0044499470731948,0.9999767899373658,0.0058680785060094285,0.26610930801180543,0.4692669620875656,0.20315765407576014,0.00025738524822971077,0.0019592940083097313,0.999650310484292
6,0.6,0.41823587601385603,0.032921637625537264,0.001083834223947191,0.9999618224192727,0.009076839597501525,0.35013040098386417,0.47285630326775885,0.12272590228389468,0.00010015837601890899,0.000402754241028439,0.9997595441161401
6,0.625,0.44842029464419486,0.027864940019291518,0.000776454882278714,0.9998877134468085,0.01458525179636174,0.40122582262042894,0.5111158548013578,0.10989003218092885,0.0001814865113915221,0.0006577042319568767,0.9995629896338807
6,0.65,0.48488695860161274,0.03795450580360529,0.0014405445107959077,0.9999341055619804,0.010923045974943544,0.41003802039454607,0.5554294419705618,0.1453914215760157,0.0001644250465297177,0.0005687647820029924,0.9993219105449236
6,0.675,0.49696972658228117,0.03996347866514401,0.001597079627019421,0.9999057691346414,0.01317787934978892,0.42392821867640695,0.5880391902670123,0.1641109715906054,0.00020363623092513355,0.0008302006420535698,0.998739405446926
6,0.7,0.535571074170829,0.044657635794923954,0.001994304434792073,0.9998403638576341,0.01725008588521178,0.4293070740731088,0.6219361324128931,0.19262905833978433,0.00046190604744770315,0.0022752232637496647,0.9990619697134085
6,0.725,0.5463501915318989,0.05616791390359422,0.003154834552281573,0.9998496453346734,0.015466490127748464,0.43185260951382093,0.6880470533438718,0.2561944438300509,0.0008017034744238923,0.004861632013742745,0.9991628177525618
6,0.75,0.5667572163017784,0.027304087614683573,0.0007455132004703169,0.9997117677768403,0.020278607834874902,0.5175838045130323,0.6252886601131958,0.10770485560016352,0.00018060610196024777,0.0008480122145942527,0.9981527869558801
6,0.775,0.608954060626088,0.008910298646523051,7.939342197023052e-05,0.9992613265857079,0.03314007637445786,0.5859813241516472,0.6253316498432936,0.039350325691646426,3.757669063710567e-05,0.00013005215360925354,0.9972136558304725
6,0.8,0.6676725568340988,0.003654400048078208,1.3354639711394008e-05,0.9986068849523513,0.049115129973724185,0.6583693545581074,0.67554533216376,0.017175977605652593,1.1414655574552585e-05,2.8164398245728e-05,0.998184688654486
6,0.825,0.7238412669467994,0.0026941774045285195,7.258591887072029e-06,0.998458560036844,0.03816863972350775,0.7191135076355463,0.7280871041031897,0.008973596467643397,6.274312419660069e-06,9.344607763317977e-06,0.9983752762983669
6,0.85,0.7660256743816185,0.0007570068819819074,5.730594193679695e-07,0.9992945608623252,0.03672793946880064,0.764833765439688,0.7672551078664244,0.002421342426736417,5.232782412610502e-07,8.602131447117376e-07,0.9992677957944388
6,0.875,0.7970660821789282,5.109770674022759e-05,2.6109756341103e-09,0.9993230409955571,0.036689433238462035,0.7969621453583662,0.7971998101075478,0.00023766474918163194,2.226967231027312e-09,8.600012757780296e-09,0.9992968926597549
6,0.9,0.8211898862521205,2.9599570669852763e-06,8.761345838396078e-12,0.9994005347973872,0.03451476531902008,0.821182219636627,0.8211998334067807,1.761377015374599e-05,6.166462110054927e-12,3.765631002297555e-11,0.9993023908003393
6,0.925,0.8402685638183224,1.7413579952022657e-07,3.0323276674548536e-14,0.9995049543476666,0.028774841868699243,0.8402682365092177,0.8402692422698601,1.005760642436293e-06,1.7857381295736665e-14,1.5249188306651363e-13,0.9993243286627307
6,0.95,0.8557801598251602,1.2643448109938904e-08,1.5985678010871767e-16,0.999653526935894,0.019601696119332566,0.8557801521804765,0.8557802137652993,6.15848227969451e-08,4.628837248395342e-17,4.035471097095502e-16,0.9993085641603096
6,0.975,0.8686658497601023,1.8071575831525956e-09,3.2658185303459304e-18,0.9999579592085374,0.00859854735205035,0.8686658487618779,0.8686658593854287,1.0623550816823979e-08,1.777093170353489e-19,4.966754866207048e-18,0.9992619994132095
6,1.0,0.8795289030182302,2.797707314503529e-10,7.827166217626548e-20,0.9999962382486856,0.005825207341383354,0.8795289028730613,0.8795289042914181,1.4183567653702767e-09,3.6150742341506724e-21,9.131359876785892e-20,0.9999764644438316
6,1.025,0.8888019163964074,4.2070589212285546e-11,1.7699344766688768e-21,0.9999994158334254,0.005579580358729016,0.8888019163753299,0.88880191657936,2.0403012612746352e-10,8.588566264521453e-23,1.5061738271982652e-21,0.9999786310993796
6,1.05,0.8968117934131506,6.515083698616914e-12,4.244631559998385e-23,0.9999999627793013,0.00590525174553757,0.8968117934100205,0.8968117934428903,3.28698179785647e-11,2.0964431199090578e-24,3.7783758232036966e-23,0.9976682273389957
6,1.075,0.9038081234490762,1.0501502508900581e-12,1.1028155494444518e-24,0.9999999851842364,0.006356303738660334,0.9038081234485948,0.9038081234541168,5.521916257578141e-12,5.735311806237084e-26,1.1712759614056124e-24,0.914015298821352
6,1.1,0.9099814994596419,1.7372671553458155e-13,3.0180971690433414e-26,0.9999992497110985,0.007148349591802537,0.9099814994595655,0.9099814994605059,9.403589018575076e-13,1.7889056232575518e-27,3.6876697471442194e-26,0.7303842957388638
6,1.125,0.9154776170608172,2.9268834043600695e-14,8.56664646271839e-28,0.9999799777620672,0.01112036750529598,0.9154776170608048,0.9154776170609674,1.6264767310758543e-13,1.3520421904617817e-28,1.1805288158630402e-27,0.5771922235448377
6,1.15,0.9204085175843032,5.008902051738274e-15,2.5089099763907896e-29,0.99963891062502,0.034916083326305136,0.9204085175843009,0.9204085175843296,2.8754776337791554e-14,2.8564127978642025e-29,3.8309057709795386e-29,0.813800044460932
6,1.175,0.9248613147250122,8.7895343803508355e-16,7.725591462336935e-31,0.9870670568621782,0.18697261287934863,0.9248613147250115,0.9248613147250169,5.329070518200751e-15,2.235694073324209e-29,2.412628266804751e-29,0.4751351138667708
6,1.2,0.9289047392811405,2.5509643812583377e-16,6.507419274448734e-32,0.9207555986264583,0.5752913752913753,0.9289047392811403,0.9289047392811415,1.2212453270876722e-15,7.4016932045992e-31,8.148505086875956e-31,0.5538994813381753
7,0.4,0.1084263769096277,0.05676234629196828,0.003221963956569325,0.9999712657303242,0.007824590482212786,0.011165813441546085,0.20688698645755893,0.19572117301601286,0.00022078217248910553,0.0006320766070160339,0.9998232714469031
7,0.425,0.12208719589595476,0.07149240693259834,0.005111164249016234,0.9999863497022576,0.005452114876692042,0.009882303400213469,0.22941414905400942,0.21953184565379597,0.0001976998205980763,0.0005400073091613411,0.9997064431715611
7,0.45,0.14477451870700836,0.05081587821039651,0.0025822534782938508,0.9999747225632775,0.006837753127007223,0.06881933443336734,0.2411694857212966,0.17235015128792924,0.0001919799163172017,0.0008370917512618717,0.9998346974854342
7,0.475,0.3107117013121033,0.02618150804962603,0.0006854713637526326,0.9999605084085739,0.008760378368492557,0.25568263918560896,0.34424800322901783,0.08856536404340887,6.872339213363683e-05,0.00025107905642106744,0.9996558771116224
7,0.5,0.47005465197613744,0.03251270892440501,0.0010570762416030855,0.9999466893814838,0.009418543641335398,0.41680835686380346,0.5292111032240421,0.11240274636023861,0.0001336743504933915,0.0007953114591133551,0.9996278648973332
7,0.525,0.5287985514211695,0.02067300204364137,0.0004273730134964003,0.9998634103414462,0.017046937414770404,0.49667029171242705,0.5711870641021475,0.07451677238972043,0.00010574181243593121,0.0002954956031404859,0.9996383665161301
7,0.55,0.5573328216712562,0.020871352241299445,0.00043561334438039535,0.999894802103651,0.014028217830010906,0.513925798855556,0.5902250968891879,0.07629929803363189,8.90854638337234e-05,0.00031443347725927873,0.9994630250014159
7,0.575,0.5716449170268977,0.026189628311431238,0.0006858966310909207,0.9998605802901555,0.01670429496464984,0.5164121704940838,0.6305093683119662,0.11409719781788241,0.0001588984894337602,0.0008268860999437085,0.9994108497620113
7,0.6,0.5797153344001642,0.018796792807837914,0.0003533194198607871,0.9997658894724081,0.02051044689875483,0.5493117427728623,0.6282866723307379,0.07897492955787555,9.394250707975263e-05,0.0005752741668129205,0.9981418974175639
7,0.625,0.5967226267823431,0.026285721911786974,0.0006909391764237979,0.9998005796233888,0.01758868679270544,0.5537324298227468,0.6510499798806252,0.09731755005787834,0.0001254305785196146,0.0002892690522035031,0.9990578730882178
7,0.65,0.5984221899708339,0.024000649496918738,0.0005760311762739456,0.9996177673785613,0.02389554639163405,0.5493680195738131,0.6453403865916191,0.09597236701780598,0.00016713383788191964,0.0008673684951080463,0.9975790460414041
7,0.675,0.6165381505909613,0.03108781490736676,0.000966452235714695,0.9997002300499364,0.020164083272555342,0.5675857334247577,0.6789306809381224,0.11134494751336466,0.00017332578604419032,0.0010972164158521986,0.9982779967054954
7,0.7,0.6249540016002846,0.02703045443617948,0.000730645467026375,0.9997448068066038,0.020702517687991494,0.5645933794404523,0.6783028622774445,0.11370948283699223,0.00019570896192693167,0.001431788589608737,0.9975667999848444
7,0.725,0.6482852467006258,0.012939977771978277,0.00016744302473929186,0.9993202329453666,0.029987908909865055,0.619467729838469,0.6718834598054145,0.052415729966945546,7.577292390835194e-05,0.0001816159715303432,0.9979441627702081
7,0.75,0.6876215587574154,0.0057938329891778825,3.356850070648592e-05,0.9987639432675375,0.041519031040596316,0.6748576810339668,0.6982079059191283,0.023350224885161475,2.142657134287647e-05,6.335539030216395e-05,0.9974856549908352
7,0.775,0.7347162487467106,0.001465764008905343,2.1484641298022627e-06,0.9991231401195186,0.041819929450267364,0.731598056080521,0.7378935116460087,0.0062954555654877176,1.326348466485068e-06,2.472283336716366e-06,0.9984190042407813
7,0.8,0.7768636966934321,0.0001499764640606298,2.249293977212939e-08,0.9998424455726777,0.018907240932097898,0.7766855996878793,0.777307098432325,0.0006214987444457254,5.36888280621368e-09,1.8952798452222668e-08,0.999387706010839
7,0.825,0.8058176408585639,1.63569334338501e-05,2.6754927135940317e-10,0.9999085255088074,0.013643015455336357,0.8058018528181495,0.805867904398615,6.605158046546489e-05,4.370615305892766e-11,3.3592858633173313e-10,0.9994878518830158
7,0.85,0.8284594049456793,2.4638831198609663e-06,6.070720028335809e-12,0.9999945872153375,0.0034698661191404755,0.8284572708143081,0.8284657303403717,8.4595260636533e-06,1.7887289212867405e-13,1.6455497587533705e-12,0.9996641744094498
7,0.875,0.8466506518171272,3.2676737750718773e-07,1.0677691900292493e-13,0.9999996914810417,0.004079280465400934,0.8466504049151966,0.8466517507140054,1.3457988088383388e-06,2.553907123118924e-15,2.3749744411291094e-14,0.9999986814015409
7,0.9,0.8618072164303316,5.129760108109766e-08,2.631443876675432e-15,0.9999999936150082,0.004399724052055532,0.8618071817735679,0.8618074015110724,2.1973750452541907e-07,7.766829335091856e-17,9.08869830333864e-16,0.9999999859311515
7,0.925,0.8747308580046711,8.952896025095163e-09,8.015434723616477e-17,0.9999999998429794,0.004662434369925268,0.8747308524344688,0.8747308920330571,3.959858829727381e-08,2.676947180176692e-18,3.389180104396784e-17,0.9999999998750804
7,0.95,0.8858141508104004,1.7060528928174826e-09,2.9106164730909004e-18,0.999999999991201,0.004965631645438644,0.8858141498232878,0.8858141576529439,7.829656145652564e-09,1.082464841110888e-19,1.5391373470026156e-18,0.9999999990509186
7,0.975,0.8953257605662593,3.564590594268985e-10,1.2706306104750914e-19,0.9999999999985295,0.005251000778237629,0.8953257603721725,0.8953257620615387,1.689366202484166e-09,5.171946255501628e-21,8.073859492810283e-20,0.9999999292311945
7,1.0,0.9035248628884253,7.158971419022959e-11,5.125087177838761e-21,0.9999999999947994,0.005526901882468932,0.903524862851426,0.903524863200809,3.4938307802434565e-10,2.2521695557185776e-22,3.813211215221196e-21,0.9999949321090408
7,1.025,0.9106537621997558,1.3084273276626234e-11,1.7119820717743542e-22,0.9999999999042466,0.0058197192261234066,0.9106537621933192,0.9106537622590735,6.575429090105445e-11,8.086630147182187e-24,1.4794274114532592e-22,0.9995884094054869
7,1.05,0.9169120287017456,2.245786277743455e-12,5.043556005300802e-24,0.9999999956670899,0.006149320829930897,0.9169120287006917,0.9169120287123149,1.1623257911708151e-11,2.5048433078322115e-25,5.029769704491131e-24,0.9738141111400072
7,1.075,0.9224531702275119,3.7744002312562274e-13,1.4246097105707064e-25,0.9999999330021417,0.006671484763333264,0.9224531702273424,0.922453170229353,2.0106138975961585e-12,8.161705827935223e-27,1.6243694222140444e-25,0.8133075073967218
7,1.1,0.927393833713327,6.382404751852101e-14,4.073509041646428e-27,0.9999972948380362,0.008614889917268685,0.9273938337132991,0.9273938337136488,3.497202527569243e-13,3.393878930934603e-28,5.255231590961071e-27,0.6419870429912097
7,1.125,0.9318243423751202,1.1020454605995395e-14,1.2145041972280511e-28,0.9997917701497467,0.01930230477188766,0.9318243423751155,0.9318243423751776,6.217248937900877e-14,1.1529046659897929e-28,1.8424641417542766e-28,0.7419038236235382
7,1.15,0.9358166637644941,1.9531127868696834e-15,3.814649558233861e-30,0.9973227586678867,0.09252254873436136,0.935816663764493,0.9358166637645046,1.1546319456101628e-14,6.696344471102301e-29,7.266932004288671e-29,0.6155976645427481
7,1.175,0.939429614580081,3.717712546439774e-16,1.3821386577955708e-31,0.9445483151613532,0.4199011997177135,0.9394296145800806,0.939429614580083,2.4424906541753444e-15,4.0601263185819534e-30,4.388134335304623e-30,0.4626375859251202
7,1.2,0.9427121381239858,1.77115707745515e-16,3.136997393019468e-32,0.3619809453743284,0.7162904209884076,0.9427121381239856,0.9427121381239865,8.881784197001252e-16,1.1536746073397148e-31,1.355854680848614e-31,0.7825569321136912
8,0.4,0.10994790335059854,0.04682191240798187,0.002192291481540727,0.999964991328941,0.007740558952567773,0.029509173284690257,0.20666227270572743,0.17715309942103719,0.0002017166827952054,0.0012793404892369974,0.9996945667921724
8,0.425,0.13354233569008206,0.0817566074073624,0.006684142854761586,0.9999783902797478,0.0067400845625499506,0.0006068131213434344,0.27403596532908936,0.27342915220774594,0.00036504338427882367,0.0012510516726681091,0.999835629421674
8,0.45,0.16280239223638357,0.06139093708545123,0.003768847156229831,0.9999934152139257,0.004360738992923504,0.07017977244412021,0.2688320220675991,0.19865224962347888,9.087606899064743e-05,0.0003591736416557931,0.9997214892744766
8,0.475,0.11258660375059702,0.03919910358370917,0.001536569721766361,0.9999422641232005,0.010771987433706384,0.05856257937912903,0.19372406412956025,0.13516148475043122,0.00024140054320563725,0.0008753914180308167,0.9997407002516712
8,0.5,0.20742175586842676,0.0858533382895338,0.007370795695457131,0.9999869091955363,0.004657179495059579,0.08373327066452707,0.3424553795283717,0.2587221088638446,0.0002812859480259165,0.0014216894043027307,0.9997414670479898
8,0.525,0.3895737910990522,0.03924566241674766,0.0015402220185293197,0.9999564320427526,0.008100474369956952,0.3403593013762413,0.46507654120878483,0.12471723983254351,0.00017342329195465294,0.0013493117948386723,0.9996992069089787
8,0.55,0.45064060789111227,0.03461988019201313,0.0011985361045093433,0.9999334694999631,0.010738775825832263,0.39609689991464,0.5245803151253537,0.12848341521071377,0.00019390173292406192,0.0011119074806502244,0.9996575748356947
8,0.575,0.45656617276322853,0.02482452938458723,0.000616257259166235,0.9999072711262438,0.012912593083342458,0.415205908962754,0.5140165339158795,0.09881062495312554,0.00010880302337129692,0.0004893511764610806,0.9994465112686813
8,0.6,0.46145459861477073,0.02757227944892705,0.000760230594009725,0.9998617553766057,0.0149267695240347,0.41551010573551855,0.5099957567954534,0.09448565105993484,0.00017819875985122704,0.000893648126550621,0.9994501021413145
8,0.625,0.4943591459199292,0.03319927831666859,0.0011021920807476216,0.9999140715376134,0.013130816569076382,0.42295995708859335,0.5581166094405748,0.1351566523519815,0.00017928097825134235,0.0005578053253497626,0.999541731343749
8,0.65,0.5008257166762916,0.03953892262488533,0.0015633264023366688,0.9999132198899554,0.011651795370914195,0.4391007674977023,0.5662096127235667,0.1271088452258644,0.00019377286212337192,0.0008005218534414977,0.9987857692365564
8,0.675,0.5317978055167766,0.034488601350177055,0.0011894636230914348,0.999860537317015,0.01627301837939564,0.4798923579413595,0.6134923802124899,0.13360002227113038,0.00021928994042472378,0.0011561177560527516,0.9988289073155172
8,0.7,0.5753414357192554,0.057831313357249746,0.003344460804624413,0.999882127193937,0.01423635288983948,0.44099404817163923,0.686561318034557,0.24556726986291777,0.0006478171209170854,0.006369061447768815,0.9985587537674746
8,0.725,0.555833639314697,0.04385765109660924,0.0019234935597119093,0.9998176919383093,0.018846751393106726,0.45085077831990333,0.67036455240413,0.21951377408422662,0.0005322638890277882,0.0049672300219811266,0.9978009772123781
8,0.75,0.5852215071188037,0.02699891264704207,0.0007289412841226082,0.9996088375411253,0.023255898382400074,0.5338131049488306,0.6391882096525631,0.10537510470373246,0.00025196279448701177,0.0009560785741080068,0.9979331092654901
8,0.775,0.6275440176512687,0.010601669356672205,0.00011239539314820244,0.9988005665151835,0.037989763842915775,0.6067181947983487,0.6530349007885949,0.04631670599024629,5.6991719574576625e-05,0.0002566283174262411,0.9963242666469796
8,0.8,0.6757387277311317,0.002926575977598771,8.564846952658202e-06,0.99784641071904,0.056318416859784524,0.667836931451005,0.6808982632468761,0.0130613317958711,7.216998294688788e-06,2.19603674494e-05,0.9968229392558001
8,0.825,0.7211667784437301,0.0016668110494859202,2.7782590746883546e-06,0.9939038032123776,0.04392268139681657,0.7174413463003235,0.7242297123282125,0.0067883660278890146,2.6275167257509797e-06,6.237631709347207e-06,0.9926805832737063
8,0.85,0.7573797409266467,0.0007563872468731392,5.721216672323273e-07,0.9991287828587422,0.03825798981606571,0.7561706932549807,0.7585004912619824,0.0023297980070017266,5.39004945938648e-07,8.063364379235187e-07,0.9990819581955546
8,0.875,0.7833251931611064,0.0001025992295661601,1.0526601907569623e-08,0.9992857077924521,0.03759716284531644,0.7831277200466764,0.7835349889806753,0.0004072689339988944,9.653621181059538e-09,2.4763049240993262e-08,0.9992476565574127
8,0.9,0.8046490569440665,7.08116713152307e-06,5.014292794456267e-11,0.9992345196565082,0.03879638425069689,0.8046322272145235,0.8046688414953572,3.661428083368001e-05,4.3717888602173955e-11,2.0282575941034093e-10,0.9992558024677898
8,0.925,0.8232517157491674,4.6826171154656966e-07,2.1926903050052282e-13,0.9992860809149982,0.037901194974471454,0.8232501519060993,0.8232532438407821,3.091934682841746e-06,1.6251119272952745e-13,1.0334098533303203e-12,0.999266970556791
8,0.95,0.8396556333140005,3.007384502139766e-08,9.044361543710448e-16,0.9994093936144457,0.033422136807804134,0.8396555482084316,0.8396557443710457,1.961626141522288e-07,5.854660352877965e-16,5.712657703188232e-15,0.9992734255083557
8,0.975,0.8539663258377724,2.4903272535991087e-09,6.201729830018479e-18,0.9996210341402056,0.020631018873697147,0.8539663242340153,0.8539663373016442,1.3067628867879932e-08,1.8311075275715754e-18,1.651056648773294e-17,0.9992851350767812
8,1.0,0.866323826134895,5.395992209575711e-10,2.911673192580176e-19,0.9999775464408028,0.007264260915875192,0.8663238258461685,0.8663238289028663,3.0566977837764853e-09,1.3380942550523366e-20,3.948425842902932e-19,0.9993417334790289
8,1.025,0.8769966392177801,9.670713984591203e-11,9.352270897176786e-21,0.9999979014682072,0.005740580557314915,0.8769966391685828,0.8769966396503351,4.81752304715144e-10,4.387800761292467e-22,9.856916514491765e-21,0.9999796485752565
8,1.05,0.8862744354082804,1.523607440526177e-11,2.3213796328267276e-22,0.9999996642397315,0.005704657260644954,0.8862744354008103,0.8862744354757287,7.491840481321788e-11,1.1479648661292578e-23,2.012355195736539e-22,0.9996578339649898
8,1.075,0.894404563937284,2.386941498157261e-12,5.697489715625229e-24,0.9999999752534683,0.006110980760400184,0.8944045639361645,0.8944045639484479,1.228339652215027e-11,2.847640706547946e-25,5.485111689572629e-24,0.9692166987649414
8,1.1,0.9015835168506448,3.858771488248104e-13,1.4890117398516489e-25,0.9999999307101174,0.00669594733665677,0.9015835168504719,0.9015835168525366,2.0646817588954036e-12,8.6478954948781e-27,1.7113938149926605e-25,0.8380315572695786
8,1.125,0.9079657658173828,6.432641950386696e-14,4.137888246187476e-27,0.9999974093580309,0.008611536847873554,0.907965765817355,0.9079657658177087,3.5371705564557487e-13,3.460751572208279e-28,5.4372144253345746e-27,0.5730723412139016
8,1.15,0.9136738741047804,1.1032344005416594e-14,1.2171261425385145e-28,0.9999168362454971,0.018823055726814045,0.9136738741047754,0.913673874104838,6.261657858885883e-14,9.10432170436183e-29,1.8494469366856662e-28,0.6664045096905432
8,1.175,0.9188063828829225,1.9496749458693025e-15,3.8012323945504684e-30,0.9974205321100675,0.09115516862974614,0.9188063828829215,0.918806382882933,1.1546319456101628e-14,6.567183162473805e-29,7.12225972999178e-29,0.5939568690239198
8,1.2,0.9234435101624824,3.7092803204529343e-16,1.3758760495699422e-31,0.933278447259988,0.5583022388059702,0.923443510162482,0.9234435101624845,2.4424906541753444e-15,4.020931801270364e-30,4.381541384425232e-30,0.259546384047787
9,0.4,0.09304285504273845,0.038193463042382685,0.001458740619169852,0.999928489455882,0.010543844476027079,0.03108004607953738,0.15508149315047792,0.12400144707094055,0.00026944149301815753,0.0010262582576525323,0.9996536879910487
9,0.425,0.10790728194243905,0.04245032524766719,0.0018020301136327304,0.9999431254285038,0.010237021490051052,0.02611583464685583,0.1696655936091334,0.1435497589622776,0.0002819076267552296,0.0012732708880713378,0.9997208160444122
9,0.45,0.1367754911277438,0.05376895956182393,0.002891101012361057,0.9999690350670332,0.008743584072713952,0.014541442358097754,0.2205997527347849,0.20605831037668715,0.0002677767899375411,0.0013318769662421044,0.9997862296621793
9,0.475,0.2197312374731055,0.06344915147633065,0.004025794823066351,0.9999745075838018,0.0069247333994770415,0.10017070560854997,0.3216680186591441,0.2214973130505941,0.00029191526506560034,0.0012467208504751666,0.9998299484539088
9,0.5,0.17754408939432237,0.07806814800432571,0.006094635732825305,0.9999852379599993,0.0054423450700601,0.06258077820229857,0.31292479009792834,0.25034401189562977,0.0002411492872186018,0.0008348568769467391,0.9997144070304135
9,0.525,0.27375687837750134,0.04107619170569803,0.001687253525043256,0.9999752279723307,0.006374255532391098,0.18765833316461988,0.31671194146544923,0.12905360830082935,0.00011706694084892865,0.000472118867456739,0.9994793404154266
9,0.55,0.2851935462112019,0.03832398333207989,0.0014687276984375372,0.999965514732997,0.009142618465086105,0.2075587026115008,0.35794681835959213,0.15038811574809133,0.00012491636022347335,0.0004113394753624479,0.9997689144505222
9,0.575,0.41558530707049873,0.027288863541149982,0.0007446820733675048,0.9999000058602917,0.013275400195132007,0.3560299124200013,0.4606329118259875,0.10460299940598616,0.00015643465521441476,0.0006680676914331118,0.9996375578695577
9,0.6,0.4746940134262814,0.02975701698027869,0.0008854800595645942,0.9999204285158013,0.013852469869294214,0.407366486838279,0.5319849248816628,0.12461843804338385,0.00014298169569456771,0.0006665793032303306,0.9996776329825511
9,0.625,0.5142438662223511,0.036887115575169264,0.0013606592954558947,0.9999115150293733,0.01266222427356919,0.4402162299548352,0.5719085671697783,0.1316923372149431,0.00021246747109007844,0.0012174746295404149,0.9992218081818512
9,0.65,0.5193196507299279,0.05369196957075624,0.002882827596387014,0.9999279959498607,0.01071777467283144,0.42940060191194546,0.6212249954821331,0.1918243935701876,0.00038716239834391274,0.0023420799650086094,0.9992070061414892
9,0.675,0.5475947111712092,0.06730059920026264,0.0045293706527143925,0.999923426972759,0.011621190824674818,0.42050161118501134,0.6749930167305754,0.2544914055455641,0.0006525612789844696,0.003952537514497002,0.9994301317036156
9,0.7,0.5560947770643129,0.038659430538034,0.001494551569525076,0.9998455549776653,0.015087567240228788,0.4735636165568167,0.6211273864365906,0.14756376987977388,0.0003339467957465933,0.002339136703548431,0.9989661553414193
9,0.725,0.5597078518163905,0.02415983514312353,0.0005836976341429069,0.9995944819617905,0.021114236279456695,0.5121676243491264,0.6052534955696207,0.09308587122049428,0.00019970807105708743,0.000869235386489534,0.9970227103010866
9,0.75,0.5915030343234519,0.016550446409385668,0.00027391727634994693,0.9995889396194577,0.02596487734708676,0.5585579310275579,0.6267381057637006,0.06818017473614268,0.00010682587066663642,0.0004969445445812616,0.9980724721595433
9,0.775,0.6608709828209794,0.0066902347161730946,4.475924055748769e-05,0.9987223175834355,0.0407597998084989,0.6460097680524368,0.6768224094696903,0.030812641417253483,2.8881850221807146e-05,9.706856557885008e-05,0.9967813614449036
9,0.8,0.7321685887740602,0.002579918093020405,6.655977366694042e-06,0.9994732450921515,0.030484055515470194,0.7278086523422316,0.736925903379274,0.009117251037042418,5.220694395962062e-06,9.492303582313192e-06,0.9993675527143471
9,0.825,0.7713922664657258,0.0002130284636888991,4.53811263416526e-08,0.9995182220397868,0.031093176438942126,0.771059124301483,0.7719045671107669,0.0008454428092838917,3.569358076612135e-08,1.0955572524263948e-07,0.9994536090997479
9,0.85,0.7993038825609476,1.2710806975309928e-05,1.615646139635875e-10,0.9997683727005601,0.022495301988781132,0.7992920303419114,0.799358702533687,6.667219177558525e-05,5.67332405953642e-11,5.028404001083674e-10,0.9994530206645481
9,0.875,0.8214732335630256,1.4568637651087708e-06,2.1224520300869036e-12,0.9999651183307399,0.007304820218479534,0.8214721944655463,0.821478001789284,5.807323737672121e-06,1.7431920040774774e-13,2.1173903539511045e-12,0.9994693140031115
9,0.9,0.8397983433566333,3.2418910910062406e-07,1.0509857845945633e-13,0.9999989712534048,0.003959869615630512,0.8397981121457037,0.8397993906393048,1.2784936010978853e-06,3.0443160174107562e-15,2.316710192140077e-14,0.9999947201484819
9,0.925,0.8549255076855167,6.048079565675366e-08,3.6579266432739925e-15,0.9999999371454383,0.004515662882044498,0.8549254680448264,0.8549257318308053,2.637859789489383e-07,1.1034050270001703e-16,1.3395986946464747e-15,0.9999999042351596
9,0.95,0.867560123676198,8.943833014250001e-09,7.999214898678825e-17,0.9999999977038052,0.004827750372370427,0.8675601183187428,0.8675601587233337,4.040459089527104e-08,2.8291869534695866e-18,3.8879989190878557e-17,0.9999999970844349
9,0.975,0.8783295405271176,1.2824567234253793e-09,1.6446952474589596e-18,0.9999999998380763,0.0051509089219293445,0.878329539815175,0.8783295458240233,6.008848307814674e-09,6.51008018044376e-20,9.821941149207493e-19,0.9999999969720373
9,1.0,0.8876629349668621,1.9235238957065845e-10,3.699944177354235e-20,0.9999999999922459,0.005492948500154047,0.8876629348668317,0.8876629358023127,9.354810259765145e-10,1.6099414160617402e-21,2.7013906049329276e-20,0.9999993853981819
9,1.025,0.8958442901511271,3.0356940608124623e-11,9.215438430852057e-22,0.9999999999873918,0.005822435568488325,0.8958442901362001,0.8958442902888182,1.5261802932542423e-10,4.343507437731394e-23,7.978822337320052e-22,0.9999161260301143
9,1.05,0.9030712833401874,5.046282978458446e-12,2.546497189867944e-23,0.9999999991667566,0.0061538077091142195,0.9030712833378256,0.903071283363987,2.616140637456965e-11,1.2747731136981745e-24,2.5592992085983366e-23,0.991512584031528
9,1.075,0.9094934314565024,8.927044225274638e-13,7.969211860000925e-25,0.9999999885609819,0.006545892693120339,0.9094934314561024,0.9094934314608647,4.762301664129609e-12,4.3291959367248027e-26,9.1438190910954e-25,0.8969479527850456
9,1.1,0.9152309802149307,1.6793083655190769e-13,2.820076586502353e-26,0.9999996516682793,0.00733747817249579,0.9152309802148582,0.915230980215778,9.198197759019422e-13,1.757435606504933e-27,3.636243660124829e-26,0.7092596418991064
9,1.125,0.9203829379419088,3.300773707635221e-14,1.0895107069015965e-27,0.9999908728820408,0.01070317572815122,0.9203829379418949,0.9203829379420803,1.8540724511240114e-13,1.3752633077862515e-28,1.5678361105734346e-27,0.684087965656586
9,1.15,0.9250311114744159,6.632483785495608e-15,4.3989841164862157e-29,0.9997770597606175,0.030038006391984107,0.925031111474413,0.9250311114744512,3.8191672047105385e-14,7.010574567652468e-29,8.260279491784814e-29,0.5296658465360028
9,1.175,0.9292431239688534,1.3454604566541625e-15,1.8102638404200277e-30,0.9945872079386653,0.1399750651705769,0.9292431239688527,0.9292431239688609,8.215650382226158e-15,4.4700772918621276e-29,4.8325756645857534e-29,0.5208912844988869
9,1.2,0.9330750862778097,2.9048907284126165e-16,8.438390144017583e-32,0.8866313273620959,0.5301151461470327,0.9330750862778092,0.9330750862778112,1.9984014443252818e-15,2.7596082322193657e-30,3.0264511036785764e-30,0.40386302262204454
10,0.4,0.1565546220910584,0.04541317270308625,0.0020623562549603384,0.9999689791628913,0.008609374916585956,0.07270488530536418,0.2466975362132235,0.17399265090785931,0.00018336953223555355,0.0004358324499365132,0.9998474896517157
10,0.425,0.1789582876338484,0.0651392060324167,0.004243116162533632,0.9999936361797084,0.0039969326690021895,0.035119874818824205,0.2749533820169522,0.239833507198128,0.00010673303352969387,0.00064107537109673,0.9998975520337873
10,0.45,0.27423143070620315,0.023018851659050057,0.0005298675317013516,0.9999317095489552,0.012024987863270787,0.22861401919687888,0.3099817809327376,0.08136776173585872,7.410873371492461e-05,0.0003423269854604344,0.9997293099589429
10,0.475,0.3080285883894251,0.036109107887642725,0.0013038676724414222,0.9999651650342372,0.00804313597734328,0.2689049456670178,0.39672070561827877,0.127815759951261,0.00013306417152689014,0.0007604770559773523,0.9997918799094755
10,0.5,0.3881070487244835,0.0377649665452866,0.0014261926981666158,0.9999608874974737,0.00878033873056516,0.31962178008402403,0.45959128186307924,0.1399695017790552,0.0001479984219434425,0.0006257843600948254,0.9996791352867749
10,0.525,0.4708467931805841,0.026128470353956268,0.0006826969630375717,0.9999117453761911,0.013821964925834866,0.4062204878288188,0.5080871117181095,0.10186662388929069,0.00013886216229529378,0.0004641902035039076,0.9996764934055842
10,0.55,0.49892780035628187,0.023200325681203553,0.0005382551117139131,0.9999065265035246,0.0130274357126212,0.4468545304426531,0.5396726679490886,0.09281813750643553,0.00011193124087171687,0.000625901256172546,0.9995140196670907
10,0.575,0.5293744115574706,0.020582802822223422,0.00042365177201852846,0.9998931559540026,0.014320999949289814,0.4910090549181061,0.5686473626995414,0.07763830778143532,9.799757955117042e-05,0.0003435250589287603,0.999681090351202
10,0.6,0.5392798971536927,0.027189735289678822,0.0007392817051228059,0.9998666478611001,0.01582179456631888,0.48934670347316883,0.5916505694129646,0.10230386593979574,0.00016367438587265115,0.0006922899135685663,0.9992105153015437
10,0.625,0.5487714765826457,0.027832909672400014,0.0007746708608319782,0.9998284555089427,0.016879899278397042,0.48598481720039993,0.5961057451514007,0.11012092795100076,0.00019051634976022315,0.0009811642166135184,0.9987882428249624
10,0.65,0.5425531202004785,0.02492849300381497,0.0006214297634412519,0.9997561134419033,0.018599526457930164,0.4995167675797094,0.6091422289092822,0.10962546132957274,0.00011983192292496342,0.0007478639390080075,0.9986377037604643
10,0.675,0.579973034554705,0.06050592524749794,0.003660966990055809,0.9998957366183794,0.013918408917902992,0.46578502318196624,0.7098572812163733,0.24407225803440702,0.000675098790143574,0.006510333254473931,0.9980591282561029
10,0.7,0.5793696755083898,0.024424771083274503,0.0005965694424703624,0.999702740885292,0.022652442652609663,0.52553032585134,0.6398309197573128,0.1143005939059728,0.0001240376670850858,0.00043244925659193504,0.9972330634388391
10,0.725,0.6188134587910837,0.0206033935736867,0.00042449982675223444,0.9995637607509585,0.024150076449539877,0.5850843036361014,0.6631010796020145,0.07801677596591305,0.00014406909830273808,0.0005210023264212203,0.9949271609485887
10,0.75,0.6703765736018006,0.005577828432320171,3.111217002039929e-05,0.9979838063230173,0.05022015445953082,0.6559000306138603,0.6817827637796485,0.025882733165788263,1.3086917923186539e-05,3.7622020536756384e-05,0.9930980089384045
10,0.775,0.7206388164814482,0.002467499649581297,6.088554520683822e-06,0.9803117061504738,0.07336069677407561,0.7145953654957806,0.7268355624159034,0.012240196920122792,4.424690675724847e-06,1.6341357645164808e-05,0.9697149905850815
10,0.8,0.7576782832323021,0.0010796259486758812,1.1655921890542963e-06,0.9989805837480752,0.04816346896476406,0.7554044891754151,0.7598209395776313,0.0044164504022161655,1.0506339981592323e-06,2.3449724701449793e-06,0.9987926324990775
10,0.825,0.7869694384620124,0.0003086481123930865,9.526365728381535e-08,0.9994868009326714,0.032088338872544184,0.7865227256790824,0.787580289733036,0.0010575640539535192,7.761934811408944e-08,1.6080941334908473e-07,0.9993980649866544
10,0.85,0.8118661257597934,2.1933007557572188e-05,4.810568205205187e-10,0.9995840276401019,0.029776842771254326,0.81182789466088,0.8119331202974027,0.00010522563652271,3.1162154679915393e-10,1.6751963588167343e-09,0.9994094637566825
10,0.875,0.8319402463218228,1.397711887973171e-06,1.953598521781526e-12,0.999740666345501,0.021135678122924422,0.8319389216413047,0.8319453272160819,6.405574777268441e-06,7.006361799401466e-13,6.113312191017653e-12,0.9994266270554408
10,0.9,0.8482611632527957,1.2142770896325131e-07,1.4744688504064064e-14,0.9999448149516423,0.0081897763668989,0.8482610809169613,0.8482615460666907,4.651497294005935e-07,1.474117032380927e-15,1.7178439417712038e-14,0.9994203196296234
10,0.925,0.8619383936773861,1.4843899140221288e-08,2.203413416850623e-16,0.9999947844297283,0.004405121144065911,0.8619383840288802,0.8619384479185209,6.388964068904102e-08,7.120315890651478e-18,6.445580280525884e-17,0.9999564602232193
10,0.95,0.8736779826581597,2.3367183293342916e-09,5.460252550646843e-18,0.9999997267145859,0.005075957070600741,0.8736779812944172,0.8736779922757077,1.0981290543554678e-08,1.9379203918095483e-19,3.1786332192045024e-18,0.9999993757851612
10,0.975,0.8838623270670761,4.250081471651758e-10,1.806319251567757e-19,0.9999999924732345,0.00525314088034168,0.8838623268355347,0.8838623288498343,2.014299615993309e-09,7.381635888848038e-21,1.1708481819928263e-19,0.9999999441793732
10,1.0,0.8927455159610795,8.406596343226275e-11,7.067086207794537e-21,0.9999999998018352,0.0055201896237376214,0.8927455159176186,0.8927455163274504,4.0983172411301894e-10,3.104548684739342e-22,5.23463644116036e-21,0.9999962183682538
10,1.025,0.9005356775037772,1.6559555363105555e-11,2.74218873823758e-22,0.9999999999480613,0.005811738377681066,0.9005356774956198,0.900535677578782,8.316214383796705e-11,1.2907745608626791e-23,2.360260783409272e-22,0.9997527454747862
10,1.05,0.9074092886517974,3.1762017240813912e-12,1.0088257392057601e-23,0.9999999986752469,0.006122263258642603,0.9074092886503023,0.907409288666709,1.6406653813305638e-11,4.86297588261539e-25,9.965214792568366e-24,0.9828843366099442
10,1.075,0.9135126811874271,6.001111177863601e-13,3.601333536907946e-25,0.9999999753395823,0.006529762996683951,0.9135126811871563,0.9135126811903421,3.1857849691618867e-12,2.0217032763525458e-26,4.0406781684937108e-25,0.851728501343443
10,1.1,0.9189648760103983,1.1274889100274327e-13,1.2712312422348481e-26,0.9999989772383919,0.007625655803971363,0.9189648760103493,0.9189648760109639,6.146194664324867e-13,8.778715210326267e-28,1.6038149136824125e-26,0.6827293344732926
10,1.125,0.9238621651329135,2.1184805941909952e-14,4.487960027963832e-28,0.9999802632799812,0.012690071188204225,0.9238621651329044,0.923862165133023,1.1857181902996672e-13,1.530088743572761e-28,6.431145532308563e-28,0.5358877961724797
10,1.15,0.9282828927654097,4.000791756324594e-15,1.600633467747483e-29,0.9994127442461931,0.04459253482684059,0.9282828927654078,0.9282828927654309,2.3092638912203256e-14,6.387651012288924e-29,7.31245203036029e-29,0.7459569773256166
10,1.175,0.9322914347491026,7.661567507685661e-16,5.869961667482466e-31,0.9837487648222728,0.2440677966101695,0.9322914347491021,0.9322914347491067,4.551914400963142e-15,1.800635330990547e-29,1.9406303138480222e-29,0.33111744084004807
10,1.2,0.9359411898082862,2.295872076119259e-16,5.271028589904157e-32,0.7435959543369498,0.5214192990047598,0.9359411898082857,0.9359411898082871,1.4432899320127035e-15,9.208030700872097e-31,1.0093903346359942e-30,0.4210230052952871
11,0.4,0.17139758309123193,0.04036291072943243,0.0016291645625521318,0.9999760022762444,0.007238956226153812,0.10029761847764908,0.2470831841143806,0.1467855656367315,0.00011234347713872254,0.0003353354103933534,0.9998121344280497
11,0.425,0.1689274607685524,0.024218420795921992,0.0005865319058483469,0.9999408688760663,0.010788301090960909,0.12747580969710526,0.21001291055534127,0.08253710085823601,9.042297927297331e-05,0.0003675631809251469,0.9998046139709205
11,0.45,0.21330157219048554,0.06557782686319358,0.0043004513760989925,0.999987164971752,0.0048520332847320664,0.13214534059846542,0.3355951530714149,0.2034498124729495,0.00017185011535474705,0.0010112192339558756,0.9998464947948863
11,0.475,0.27857389727564213,0.0411532181778092,0.0016935873663903656,0.999965526514366,0.007452019132621261,0.21697797454699122,0.3433330467126862,0.126355072165695,0.00016008858352742076,0.000700850268064743,0.9997711351803187
11,0.5,0.3366403304305953,0.03465205017063289,0.001200764581028059,0.9999442457294857,0.010965765639775707,0.2649566688658889,0.4123257204047288,0.1473690515388399,0.00018358611671188396,0.0007146100070297416,0.9997311804653756
11,0.525,0.3947616324482253,0.0425278910450022,0.0018086215167355784,0.9999582517543514,0.00955927917446311,0.332400412994776,0.4771807474022656,0.1447803344074896,0.00017083323475531077,0.0006714781682309857,0.9996084096088723
11,0.55,0.45248228028742865,0.04524597755549968,0.002047198484952781,0.9999680083407061,0.0077723646427927204,0.38192867593271135,0.5415686517400135,0.1596399758073021,0.00016105633229375983,0.0006932375935612434,0.9996707031142497
11,0.575,0.5163815945084147,0.027626738002620055,0.0007632366526654111,0.9998949396892246,0.014383414604737002,0.4622135813933736,0.5730643061385865,0.1108507247452129,0.00016524374729366058,0.0010442488172190962,0.9993897192544502
11,0.6,0.5391519543468288,0.03880104886919644,0.0015055213933497704,0.9999471263214184,0.010244919046860724,0.45751820852750674,0.6076352229663022,0.1501170144387955,0.00010659369120212645,0.00028938048823012066,0.9991252334413049
11,0.625,0.5505743015432918,0.01910635244009073,0.00036505270356496105,0.9997398274860209,0.018318069183034552,0.5202011318709622,0.587777084840328,0.0675759529693658,7.062262293916006e-05,0.0002673837026561926,0.9981117865957118
11,0.65,0.5769501603456256,0.027931599290165275,0.0007801742389063613,0.9998020507864691,0.020314544837855483,0.5202296079557692,0.6516552201485941,0.1314256121928249,0.00018877911285042603,0.0013861042532670135,0.9984212588420439
11,0.675,0.610538370497138,0.031637255041355936,0.0010009159065518017,0.9997391570338529,0.019093370460703377,0.553173361133741,0.681823325004037,0.12864996387029592,0.0002783802993699095,0.001579544208791718,0.9976226591080558
11,0.7,0.6391311374526687,0.017770492105506113,0.0003157903896718551,0.9994879539840963,0.027372860098494458,0.6044410297084396,0.6812007798422399,0.07675975013380032,0.0001436903008271317,0.0006592141039217088,0.9981283776470816
11,0.725,0.6766116698409133,0.009481895359901099,8.990633961611399e-05,0.9989108952181549,0.03888268597948208,0.6549969331722888,0.695637964038324,0.04064103086603521,4.73630141355661e-05,0.00022494444893610523,0.99501917520354
11,0.75,0.7169714609256752,0.00470217615113944,2.2110460556344516e-05,0.9988106730150171,0.040322959965710344,0.7028682097181813,0.7253086392334963,0.022440429515314997,1.850111665270289e-05,6.162393072801152e-05,0.9982841394414129
11,0.775,0.7557225847129324,0.0036444602583307843,1.3282090574552486e-05,0.9974970359047544,0.04459477371565847,0.7477234020707708,0.7628406141085925,0.015117212037821681,1.1826363098733014e-05,3.152899384273444e-05,0.9960282195217466
11,0.8,0.7854403196146447,0.002365186210636284,5.5941058109840245e-06,0.9971875394917263,0.04540219061137583,0.7799805602646661,0.7900559950277403,0.010075434763074154,5.337582526431224e-06,1.4502855988420574e-05,0.9954958721250244
11,0.825,0.8085720737275072,0.001232472213431104,1.518987756879765e-06,0.9983056162516465,0.04243620423405347,0.806456145632103,0.8106759327856562,0.0042197871535532006,1.4547948231371278e-06,2.485467329265365e-06,0.998260649598969
11,0.85,0.8290364881382452,0.0004901102421203741,2.4020804943129173e-07,0.9990578564904037,0.04171643357004976,0.8282723983027247,0.8297656886355115,0.0014932903327867786,2.3550744250558426e-07,3.235794680207944e-07,0.999062496059123
11,0.875,0.8459143146948476,6.658576800865292e-05,4.433664501302147e-09,0.9991142884324163,0.04179834023774163,0.8457756918241498,0.8460575775133663,0.0002818856892164989,4.282401909655926e-09,1.1484048924560353e-08,0.9991378093905965
11,0.9,0.8599248759761391,5.909003853455141e-06,3.491632654014771e-11,0.9990929808281317,0.04207320722324866,0.8599099293826987,0.8599414943323938,3.1564949695028766e-05,3.12478814328265e-11,1.4241263647284637e-10,0.9991406841356162
11,0.925,0.8719395066530641,5.078550517032521e-07,2.579167535405129e-13,0.9991968465640191,0.04064988954985425,0.871937628573003,0.8719410714699193,3.442896916228122e-06,1.9382515782645337e-13,1.240011238259683e-12,0.9991520123357022
11,0.95,0.8823739231847976,4.395260610116984e-08,1.9318315830845923e-15,0.9993088096296945,0.03796088214266524,0.8823737578578531,0.8823740588212711,3.009634179651499e-07,1.2552676188517226e-15,1.3040562923567035e-14,0.9991639016296212
11,0.975,0.8914708193653227,3.432687450369332e-09,1.1783343131923106e-17,0.999082207749685,0.04110614464211052,0.8914708059692906,0.8914708304373918,2.4468101211816418e-08,8.27981151090952e-18,8.765804660803397e-17,0.9991737884256757
11,1.0,0.8994354582230188,2.8958710235924565e-10,8.386068985282422e-20,0.9990283414586163,0.04182177378485047,0.8994354572416028,0.8994354599086452,2.6670423647345842e-09,4.9809084064140454e-20,5.60171581173752e-19,0.9991811994436145
11,1.025,0.9064463591483788,3.3039788079512236e-11,1.0916275963390789e-21,0.9996169781368931,0.026619992807934114,0.9064463590883578,0.9064463593455373,2.5717949991843625e-10,3.2638576534862822e-22,7.940906013552708e-21,0.999182959803017
11,1.05,0.9126535620663643,3.878968773949584e-12,1.5046398749275934e-23,0.9998087510552516,0.015463507802618986,0.9126535620641548,0.9126535620850256,2.087074957302093e-11,2.7933061464800484e-24,6.72702446614999e-23,0.9984033071618861
11,1.075,0.9181808619257733,4.941393327499523e-13,2.4417368017056804e-25,0.9999254491098554,0.008339086186238269,0.9181808619255651,0.918180861927747,2.1818102879933576e-12,2.823380500289277e-26,5.20784040039037e-25,0.8746285220507746
11,1.1,0.9231299862051321,7.858038105269726e-14,6.174876286387104e-27,0.9999861597120497,0.006988525286867829,0.923129986205097,0.923129986205466,3.6903813338540203e-13,-1.0434938738312987e-28,5.706696323929008e-27,0.7392853196293824
11,1.125,0.9275848580340438,1.50912111453907e-14,2.277446538347645e-28,0.9997982624161298,0.016008333104903925,0.9275848580340371,0.927584858034123,8.593126210598712e-14,1.062832446534998e-28,2.7733352979171097e-28,0.5100476402633067
11,1.15,0.9316150369663947,3.002651576194723e-15,9.015916488024652e-30,0.9989502964707784,0.0606481925400326,0.9316150369663933,0.931615036966411,1.7763568394002505e-14,7.950862904600005e-29,8.760512473507629e-29,0.6089264820808743
11,1.175,0.9352783111238043,6.077742249456889e-16,3.6938950850833296e-31,0.973622023883011,0.352112676056338,0.935278311123804,0.9352783111238078,3.774758283725532e-15,1.1350820191253557e-29,1.2207756278313e-29,0.20217804548753307
11,1.2,0.9386227359480925,1.5515504009635992e-16,2.4073086467303057e-32,0.5824154572757463,0.9691358024691357,0.9386227359480922,0.9386227359480932,9.992007221626409e-16,3.923160311926956e-31,4.379057084093868e-31,0.46404743725380854
12,0.4,0.1735007109227851,0.08537307869439097,0.007288562565758673,0.9999911219298314,0.0038992902274843375,0.032541494333879296,0.2789910492540485,0.2464495549201692,0.00020037798211091523,0.0008172237000664662,0.9997782133919535
12,0.425,0.15287985787949454,0.06255716243557698,0.003913398571991163,0.9999764409907852,0.006763589472109917,0.05198642025705782,0.27657972248906376,0.22459330223200594,0.0002660405418818066,0.0008582774888566167,0.9997326449210505
12,0.45,0.22044322513751669,0.04022030893533912,0.0016176732508541203,0.9999584433597709,0.00941686711272993,0.13626260219962166,0.2796750240283964,0.14341242182877473,0.00018239800756937442,0.0008337639851002086,0.9997669645150687
12,0.475,0.29736512379528596,0.022722316256922746,0.0005163036560796157,0.9999490981226704,0.01036631730956595,0.25481388615622935,0.3404593528769433,0.08564546672071394,5.7217506744178335e-05,0.00021232626780061186,0.9996388722699172
12,0.5,0.3343863524210981,0.04503242273966449,0.0020279190978038514,0.9999719141760763,0.008399016883946887,0.246291649810519,0.419834928987714,0.17354327917719503,0.00015958306370076838,0.0005437031984555177,0.9996703534618565
12,0.525,0.3831417493495909,0.029043280385984964,0.000843512135578939,0.9999114974524483,0.015343386101794644,0.2849017292421675,0.4470028749520531,0.1621011457098856,0.0001671113173801931,0.0014162857244940515,0.9996444585507315
12,0.55,0.41574491693104226,0.04835640428231111,0.0023383418351143165,0.9999481567401616,0.008678132215011437,0.31896709455818006,0.4817514280192953,0.16278433346111526,0.0003325866893633199,0.0015951936134224176,0.9996765223558184
12,0.575,0.46481242890338037,0.034091805570496556,0.00116225120705654,0.9999341821648245,0.010842256404610619,0.4134644532333909,0.5435003757093763,0.13003592247598533,0.00017627006880167122,0.0008318160500057899,0.999539071269641
12,0.6,0.48326164564188684,0.030172617765535856,0.0009103868628251299,0.9999312987409408,0.011120006261127744,0.433765831294541,0.5463079280352242,0.11254209674068322,0.00013472335811552186,0.0004654977162016463,0.9996409885178867
12,0.625,0.5063863726551704,0.03572827258481482,0.0012765094618948302,0.9998907977838293,0.01402141543234957,0.42790004056495523,0.5544489991185966,0.12654895855364134,0.00025877800949761974,0.0011225591510563222,0.999253964738298
12,0.65,0.5329164376481412,0.052918856043743565,0.0028004053249784545,0.9999295764163633,0.01162427142251368,0.44120744785978355,0.6391707589028213,0.19796331104303772,0.0003502481548991258,0.0013689785587240606,0.999241558346154
12,0.675,0.5124864495772674,0.04249755118548126,0.0018060418567625997,0.9998369534825047,0.015949480536281004,0.4109163740702917,0.5905991035571786,0.1796827294868869,0.0002649172015231726,0.0012949344718101187,0.9989792930879766
12,0.7,0.5557139079818346,0.048933506263209754,0.002394488035211588,0.999888715032523,0.012718775340178526,0.47101757880693423,0.6241584814406617,0.15314090263372743,0.0003621350007097382,0.0019357232871337479,0.9986809584734399
12,0.725,0.5965501345933748,0.05172906755407083,0.002675896430013623,0.9998868337450979,0.014443587452655877,0.45799155674083564,0.6854709865860606,0.227479429845225,0.0005372975986650155,0.0047588709670178045,0.9986747176151329
12,0.75,0.5975691760601661,0.010513868807767501,0.00011054143730694642,0.9993583613495256,0.03253281881769799,0.5759993786824493,0.620880984769781,0.044881606087331716,2.0315472001430367e-05,5.225009594562064e-05,0.9949838821298125
12,0.775,0.6909240512910212,0.0037094350922888264,1.3759908703903814e-05,0.9980956138289105,0.0383575700180923,0.6834503176765582,0.7007525481935477,0.017302230516989536,7.028055773094255e-06,2.5382210611991082e-05,0.9948145869800703
12,0.8,0.7503418062408816,0.0007137269692794546,5.094061866768355e-07,0.9986833834348451,0.050039764453331304,0.7490920158687152,0.7521769385866932,0.0030849227179780003,3.402257201895504e-07,8.795224661880976e-07,0.9979648214360981
12,0.825,0.7860490123127252,0.00010373255793541345,1.0760443575823909e-08,0.9994444057004133,0.0335878607869481,0.785868301797425,0.7862076737097796,0.000339371912354669,8.765928622877678e-09,1.5752933570383193e-08,0.9993511703438438
12,0.85,0.8107449664835635,6.268321336871382e-06,3.9291852382277026e-11,0.9995443503194217,0.03146072105304218,0.810736199600255,0.8107661317273914,2.9932127136422793e-05,2.6257986392288618e-11,8.20768331168767e-11,0.9994039462715748
12,0.875,0.830301733661455,5.588479776099056e-07,3.1231106207868155e-13,0.999851150899651,0.018187252554153502,0.8303012664382262,0.8303039252292875,2.658791061316279e-06,7.550919815920662e-14,7.81469672032723e-13,0.99941625272579
12,0.9,0.8465580550091769,6.091604485901494e-08,3.710764521265522e-15,0.9999615011989724,0.007572787794325611,0.846558015812038,0.8465582582167197,2.424046816607017e-07,3.2350129642551405e-16,4.062245361337907e-15,0.999445152719617
12,0.925,0.8604728003361578,9.149185415350215e-09,8.370759376445707e-17,0.9999967230486233,0.004185357280253519,0.8604727946167654,0.8604728313412612,3.6724495777740174e-08,3.268818896919118e-18,3.155742878867107e-17,0.9999301642346315
12,0.95,0.8724639797788314,2.11466988471559e-09,4.471828721323046e-18,0.9999998416422443,0.004951358345054781,0.8724639785416495,0.8724639882737888,9.732139316653843e-09,1.5892446342659412e-19,2.196560065293987e-18,0.9999995449153948
12,0.975,0.8828083966967044,4.773259352336227e-10,2.278400484466526e-19,0.9999999960793897,0.005223467883152469,0.8828083964342751,0.8828083986926303,2.2583551695376514e-09,9.11927228753439e-21,1.4382892129988765e-19,0.9999999613479473
12,1.0,0.8917795967275991,9.3691979494057e-11,8.778187021514797e-21,0.999999999776776,0.005476689322821441,0.8917795966787647,0.8917795971335016,4.5473691479003264e-10,3.813893710845851e-22,6.363177756322468e-21,0.999997253457437
12,1.025,0.8996211037560471,1.6680357551323165e-11,2.7823432803998367e-22,0.9999999999614274,0.005780195185003813,0.8996211037477904,0.8996211038312957,8.350531377487869e-11,1.3027252428148375e-23,2.357973123867091e-22,0.9997796113966285
12,1.05,0.906529268588263,2.87355336489323e-12,8.257308940889204e-24,0.9999999982607923,0.006115584803909774,0.9065292685869091,0.906529268601743,1.483391187662164e-11,4.1046900492978848e-25,8.1332310436426e-24,0.9838600355959293
12,1.075,0.9126581759849903,5.018225853906388e-13,2.51825907208145e-25,0.9999999581163508,0.006569095413905147,0.9126581759847641,0.9126581759874317,2.667643883569326e-12,1.2563248357411452e-26,2.842111051446159e-25,0.8666255996873655
12,1.1,0.9181292974503157,9.032347795017431e-14,8.158330669015625e-27,0.9999986905974894,0.007980433497147565,0.9181292974502766,0.9181292974507703,4.937161790508071e-13,5.641876651380273e-28,1.0411743775254604e-26,0.7265562543189991
12,1.125,0.9230398321379184,1.669160198485818e-14,2.786095768209215e-28,0.9999547967727814,0.014963506686973094,0.9230398321379111,0.9230398321380048,9.370282327836321e-14,1.0369974194891176e-28,4.087405958192426e-28,0.5489106560754216
12,1.15,0.927468886971773,3.144407971275171e-15,9.887301489818835e-30,0.9990801232969007,0.0548,0.9274688869717714,0.9274688869717899,1.84297022087776e-14,7.959502543280145e-29,8.797748313474275e-29,0.8215377667352166
12,1.175,0.9314817469747922,6.058351970821366e-16,3.670362860235513e-31,0.9753169115711572,0.2879904875148633,0.9314817469747918,0.9314817469747956,3.774758283725532e-15,1.1289039805088226e-29,1.2172498323610172e-29,0.5819903786165828
12,1.2,0.9351327945263644,1.6424572862608246e-16,2.6976659371912726e-32,0.1230581530882356,1.0154471544715447,0.9351327945263642,0.9351327945263653,1.1102230246251565e-15,4.109827991821071e-31,4.510916101681682e-31,0.5780103407736545
13,0.4,0.11059645366315098,0.049463339449433825,0.0024466219494899168,0.9999878900042717,0.005548272411994795,0.01323792231794887,0.1836791836303783,0.17044126131242943,9.579691447155287e-05,0.00024136736400835035,0.9997858824443933
13,0.425,0.14618390394096573,0.03532970311028995,0.0012481879218612312,0.99997300457321,0.007845293999740812,0.08848156452227574,0.21285189556688217,0.12437033104460643,8.997614081383793e-05,0.0003001083434395287,0.9997762760730832
13,0.45,0.20119450556041338,0.06389568864011538,0.00408265902679457,0.9999815695466326,0.0061562126423280504,0.08187224964831723,0.30436433733864826,0.22249208769033102,0.00020587782639787372,0.0008484921747346047,0.9997788810473917
13,0.475,0.20993043048930984,0.060968635204978104,0.003717174478757695,0.9999907499935689,0.0046903670661602,0.08353336016634091,0.2984030327112912,0.2148696725449503,0.0001277204368965608,0.0008343872603190712,0.9996638287940783
13,0.5,0.3030735011986821,0.05942650923881243,0.003531510000310659,0.9999890142686323,0.004829943913869638,0.17271649848539194,0.3763657990510452,0.20364930056565328,0.00011502683057095601,0.0007258069376407575,0.999534602894099
13,0.525,0.3291457447944449,0.02657878741526211,0.0007064319404656954,0.9999168110055848,0.013683529500379543,0.2565937912716233,0.3594738669689389,0.10288007569731561,0.00012557076949891492,0.000598740721696112,0.9997226418406652
13,0.55,0.40954407316211855,0.028601822605114367,0.0008180642563344313,0.9999364605490516,0.010462184534899423,0.35774267096226336,0.4648750644816322,0.10713239351936882,0.0001175301697395026,0.0003900952487988489,0.998887118436185
13,0.575,0.44445219862916474,0.03520129335640131,0.0012391310539634232,0.9999368048814549,0.010994258470451952,0.3699582094578206,0.5205117762121632,0.15055356675434256,0.0001849231594814527,0.0007932806871006243,0.9995195288004881
13,0.6,0.46497562917089447,0.02280043464498789,0.0005198598200003641,0.9998891571557834,0.015304143997796626,0.4282862295647265,0.5326592977069484,0.10437306814222191,0.00010612093077986977,0.0009337272448675208,0.9990077158524282
13,0.625,0.5011491904785522,0.03768163115341068,0.00141990532638169,0.999946360255188,0.009252427780215426,0.43377209112876997,0.5634034269996449,0.1296313358708749,0.00015478790927318656,0.0006156132497552103,0.9995486504829874
13,0.65,0.49047991203691715,0.03344362955530013,0.0011184763578321443,0.999878920337742,0.014507203310128705,0.4245808134500476,0.5399910502239482,0.11541023677390061,0.0002506220026575112,0.0010343663997882044,0.9991198613893133
13,0.675,0.5328166362935292,0.030421479473271663,0.0009254664133426892,0.9997309757987995,0.02107916233571781,0.4661651516640789,0.5920652602403866,0.12590010857630773,0.0002495637464374732,0.0016869910326807844,0.9973280748282445
13,0.7,0.5602671681072077,0.04237051171759735,0.0017952602632110544,0.9998389423980095,0.015340578426993096,0.4566107095624254,0.6451956315100928,0.18858492194766746,0.0003143020116639367,0.003470623871266017,0.9980415809244395
13,0.725,0.5671321416135622,0.035952865876324104,0.0012926085647209503,0.9998121575315001,0.01684821989459327,0.4995648463848875,0.6443502234514651,0.14478537706657757,0.0003006143103311813,0.001546958163606286,0.9986329044484344
13,0.75,0.5747491707137122,0.02468423193138502,0.0006093113060424077,0.9996390196990621,0.02356711269579495,0.5337859661855693,0.6237483150792591,0.08996234889368981,0.00020960548151865212,0.0007516085664661599,0.9983061263940561
13,0.775,0.626055947005206,0.007120672750131749,5.070398041446885e-05,0.9988536004278771,0.041967784356140604,0.6094034334733163,0.6413926165238996,0.03198918305058329,3.1405583153524325e-05,7.878395670631812e-05,0.9971452023028331
13,0.8,0.6887852238841604,0.002561322720364142,6.5603740778535684e-06,0.9973774442441977,0.05970139821405929,0.6825074321207789,0.6944777650054367,0.011970332884657764,4.508443265296385e-06,1.5400221776430433e-05,0.995231162438036
13,0.825,0.739539422468868,0.0011364012324379413,1.291407761086472e-06,0.999267399495582,0.03518122568122156,0.7372421879786618,0.7415493839601983,0.004307195981536505,1.095711836505381e-06,2.82028570119309e-06,0.998941713865869
13,0.85,0.7739278897249594,0.00014737461215761459,2.1719276308607322e-08,0.9994150575824198,0.03423655213098923,0.7736878096609748,0.7742034956789392,0.0005156860179643674,1.916673652616827e-08,3.788153116606272e-08,0.9993453050569643
13,0.875,0.7987800154373608,9.145447551777556e-06,8.363921092231409e-11,0.9994927202154656,0.03261305578384236,0.7987609028223126,0.7988078851824939,4.698236018130242e-05,6.049717374029078e-11,3.3094188201345883e-10,0.9993532406773483
13,0.9,0.8185420151577953,5.758730457017802e-07,3.316297647658446e-13,0.9996209215496337,0.026896309386055244,0.8185410240708462,0.8185441733433589,3.149272512770196e-06,1.701559721052351e-13,1.514501271808486e-12,0.9993820913968867
13,0.925,0.8351019708230659,3.994332137204288e-08,1.5954689222302976e-15,0.9997739266580906,0.017684893233296604,0.8351019428884702,0.8351021252504244,1.8236195420406887e-07,4.349246134720371e-16,4.915695034353601e-15,0.9993810123820536
13,0.95,0.8493242653814996,4.1016155322890465e-09,1.6823249974714757e-17,0.9999642793358805,0.006243785860235819,0.8493242629059843,0.8493242779562667,1.505028246473472e-08,1.3310127368564331e-18,1.713857022925909e-17,0.9993716788602413
13,0.975,0.8616655719100876,7.419855117245302e-10,5.50542499609113e-19,0.9999973979376464,0.005122735751944205,0.8616655714864514,0.8616655750078176,3.5213661986333022e-09,1.9754595367442492e-20,2.4483934431215603e-19,0.9999863017666637
13,1.0,0.8724309996303967,1.450202568027863e-10,2.103087488314609e-20,0.9999999073262654,0.0054920470340513805,0.8724309995535963,0.8724310002632857,7.096894183433733e-10,8.754426836161545e-22,1.5641355995864032e-20,0.9999991378512204
13,1.025,0.8818666618870665,2.6974748836231522e-11,7.276370747777738e-22,0.9999999958454365,0.005691365807473727,0.881866661873518,0.8818666620073217,1.3380363483861402e-10,3.338699936796737e-23,5.968992286441862e-22,0.9999307734010408
13,1.05,0.8901788806834695,4.9137633572923146e-12,2.4145070331468637e-23,0.9999999991902508,0.005989309084079404,0.8901788806811148,0.8901788807061944,2.50796050593749e-11,1.1827580427026196e-24,2.2538448339301197e-23,0.9953141409558527
13,1.075,0.8975413010908702,8.853225761928054e-13,7.837960639166657e-25,0.9999999643137276,0.006365634435857833,0.8975413010904641,0.8975413010951157,4.651501406272018e-12,3.828614494476478e-26,8.381971367897e-25,0.9273723313936556
13,1.1,0.9040993970516215,1.5944279010633788e-13,2.5422003316893716e-26,0.9999996245716534,0.007220287312765577,0.9040993970515511,0.9040993970524118,8.607559109918839e-13,1.3524044110948525e-27,3.0725596796086985e-26,0.7997771515312866
13,1.125,0.9099740460119501,2.892349007420455e-14,8.365682780726089e-28,0.9999827378583728,0.01107866136831522,0.9099740460119375,0.9099740460120977,1.602051824534101e-13,1.6594696744359321e-28,1.145134033541961e-27,0.7328175785540731
13,1.15,0.9152649578595639,5.298661485423744e-15,2.807581353711296e-29,0.9995112609956295,0.035513277843836705,0.9152649578595613,0.9152649578595918,3.0531133177191805e-14,4.156485748458621e-29,4.986669170139281e-29,0.626831802274837
13,1.175,0.9200540558686883,9.887378989504663e-16,9.776026328209824e-31,0.9897933136965448,0.2041089026223484,0.9200540558686877,0.9200540558686936,5.88418203051333e-15,2.708726357208824e-29,2.9305666658891765e-29,0.4898268288831024
13,1.2,0.9244086470741871,2.2103808033966848e-16,4.885783296024574e-32,0.7985757777049619,0.8125,0.9244086470741868,0.9244086470741883,1.5543122344752192e-15,9.166665949838069e-31,1.0236272865349685e-30,0.5138459121081345
14,0.4,0.16626308616681967,0.03179660674029004,0.0010110242001966582,0.9999361389413187,0.011401995738498866,0.09615724370174818,0.22808164038108758,0.13192439667933942,0.00013199730892361847,0.0010693236391196605,0.9997239677365672
14,0.425,0.2336859822021445,0.05146782707028315,0.0026489372233365707,0.9999673376341522,0.007943942097782784,0.1140269285383033,0.28415891217192235,0.17013198363361903,0.00018252900705882606,0.0007556950267266605,0.9997349539140633
14,0.45,0.3056212468115925,0.07331701201657814,0.005375384251039064,0.999979707738547,0.00565004908013896,0.19383292546865835,0.41529612019197,0.22146319472331163,0.00030820087670536603,0.001447616477141583,0.9998027868581398
14,0.475,0.33340546292994666,0.07935511466925797,0.006297234224171082,0.9999839806934787,0.006038163267274093,0.20316917483351238,0.4658148288510618,0.2626456540175494,0.0002779379813154025,0.0008838106499645897,0.9998199499206428
14,0.5,0.3933033597878808,0.049928497273755,0.0024928548400153607,0.999974268677341,0.0073180579746793695,0.30320952747924496,0.4772561502350734,0.17404662275582844,0.00017179841164932094,0.0007107579664475306,0.9996855872851116
14,0.525,0.444227712695167,0.0279658722741342,0.000782090012053188,0.9999364799463485,0.012237415876608046,0.3973067405659064,0.5039465043995852,0.10663976383367879,0.00011694466509251092,0.000428043868768742,0.9996907282672332
14,0.55,0.48997348363805626,0.018050328742358915,0.00032581436770722834,0.9998785859256271,0.017129211087318623,0.46229363064060397,0.5455485196007461,0.08325488896014216,8.548961279287361e-05,0.00062433751207797,0.9995398856819894
14,0.575,0.517224419263992,0.03616757220466343,0.0013080932791795427,0.9999334298809337,0.011124467115210375,0.4424029908609007,0.5744036736935899,0.13200068283268923,0.0001855930514108024,0.0009010430058782369,0.9996470866896614
14,0.6,0.5430741947543123,0.03754756351355787,0.001409819525804662,0.9999273760520934,0.011342416109615847,0.46900317986080803,0.6033491206986269,0.13434594083781887,0.00020347003736407234,0.001273203233070087,0.9993907779418212
14,0.625,0.5521688166713061,0.0387872012035924,0.0015044469772079595,0.9998966096407224,0.012145876869544794,0.49001901032750317,0.6129679718093556,0.12294896148185241,0.0002440076607290179,0.0006960952311330355,0.9989940498427625
14,0.65,0.570225742667707,0.04479659456860028,0.002006734884943548,0.9999192703888459,0.011517251317320953,0.4896635819305394,0.6540010048283571,0.16433742289781772,0.0002559848399351951,0.0019853031707723037,0.9987518247698448
14,0.675,0.5841422267745432,0.0476640869234006,0.002271865182241488,0.9998418530442745,0.013318466862678735,0.5020976621506683,0.6696988066220204,0.1676011444713521,0.00043946175816982297,0.0033791103372816248,0.9989110729976051
14,0.7,0.5963361244283454,0.03466658984372116,0.0012017724513927912,0.9997693658085163,0.019128445799271827,0.5259064517119265,0.6769289435664472,0.15102249185452066,0.0002970660983980935,0.0023123767527890153,0.9973124244558672
14,0.725,0.6042309810523766,0.031139497754412822,0.0009696683203970813,0.9997227511305417,0.018791301934708,0.547463622096869,0.6531930981148991,0.10572947601803007,0.00029530188023141996,0.0008488944271332008,0.9990753795020156
14,0.75,0.6248155261411528,0.007012569579232858,4.917613210358209e-05,0.9988604690210806,0.040920312857677076,0.6077942387869105,0.6378318061513142,0.03003756736440366,2.641218016415513e-05,9.276866045413591e-05,0.9970863845581095
14,0.775,0.6869795637364494,0.004128382668776658,1.704354345985548e-05,0.9983025144674279,0.05383285626948002,0.6777135266913169,0.6954079441090193,0.01769441741770239,1.2494952978598243e-05,2.76832123892939e-05,0.9971223641237223
14,0.8,0.7378424003872671,0.0010460364167775781,1.094192185224875e-06,0.9988122230769093,0.04838266603330339,0.7359483489894353,0.74042448897709,0.004476139987654726,8.063838686573935e-07,1.7082054264434853e-06,0.9982043193640429
14,0.825,0.7783564104489116,0.00011677196401462871,1.3635691579833742e-08,0.9996516115477775,0.028077924094083564,0.7781681969614329,0.7786602576020901,0.0004920606406572103,6.496936441424682e-09,1.7425727283368026e-08,0.9993082291899132
14,0.85,0.8105555391229374,1.372755134773051e-05,1.8844566600457775e-10,0.9999486468965835,0.011186125433564717,0.8105414939458015,0.8106004203885907,5.892644278915338e-05,1.8076709821102202e-11,1.5244296379209834e-10,0.9993998558522299
14,0.875,0.8338685043046501,1.375682693431869e-06,1.892502873007962e-12,0.9999881364131666,0.005136195291884768,0.8338674051425784,0.8338728462409519,5.441098373526465e-06,8.198532831359038e-14,1.0127379621243393e-12,0.9994012645332498
14,0.9,0.8511527794029913,1.2334182661847646e-07,1.521320619358231e-14,0.9999964452252332,0.003933364601215206,0.8511526929874035,0.8511531678954828,4.749080793065019e-07,5.393898319151759e-16,5.538949460488914e-15,0.9998856187288402
14,0.925,0.8648762657792171,1.1730445862018032e-08,1.3760336012173595e-16,0.9999994394478614,0.004410116929734501,0.8648762582968418,0.8648763080785287,4.978168688385409e-08,4.51167442710342e-18,3.790303126082976e-17,0.9999963053839133
14,0.95,0.8763278203452983,1.4482643897214346e-09,2.0974697425351995e-18,0.9999999207693561,0.00501028247116438,0.8763278195063138,0.876327826219235,6.712921218898771e-09,7.607261406035947e-20,1.1148002389172865e-18,0.9999998424307722
14,0.975,0.886130603026817,2.263654966574512e-10,5.124133807697455e-20,0.9999999977185677,0.005320077060625168,0.8861306029049494,0.8861306039864704,1.0815209838810347e-09,2.1221518540343554e-21,3.429097317696644e-20,0.99999979897174
14,1.0,0.8946472346677715,4.0078019107133414e-11,1.606247615551751e-21,0.9999999999057128,0.005599819554147162,0.8946472346473312,0.8946472348443478,1.9701662523630148e-10,7.202697482244537e-23,1.2426012726005459e-21,0.9999814783244821
14,1.025,0.9021311999921534,7.312349427034961e-12,5.347045414305854e-23,0.9999999995287225,0.005894567223505883,0.9021311999885968,0.9021312000256064,3.700961759278698e-11,2.5596597769378218e-24,4.7842786700894173e-23,0.9983660099187907
14,1.05,0.9087697193052733,1.3163967455912894e-12,1.7329003918033377e-24,0.999999986189546,0.0062287370191622836,0.9087697193046602,0.9087697193115082,6.847966638190428e-12,8.73019438193219e-26,1.7701717681360183e-24,0.9395435078440483
14,1.075,0.9147021438789881,2.3373067950198485e-13,5.463003054045957e-26,0.9999998186767417,0.006839431269132889,0.9147021438788834,0.9147021438801324,1.2490009027033011e-12,3.298398209329197e-27,6.31711758990412e-26,0.7862088663825091
14,1.1,0.9200342661776736,4.162116143242417e-14,1.7323210789839127e-27,0.9999871727869624,0.009680532511914756,0.9200342661776555,0.9200342661778841,2.2859492077031973e-13,1.5514497183809716e-28,2.2573648468951762e-27,0.5978849889486155
14,1.125,0.9248490487998774,7.594298812362555e-15,5.76733744514513e-29,0.9997792120697225,0.025565118871406906,0.924849048799874,0.9248490487999168,4.285460875053104e-14,9.308543977839966e-29,1.03969975417877e-28,0.4224315034849245
14,1.15,0.9292136221062642,1.441793474702146e-15,2.0787684236936874e-30,0.9951974093833641,0.1210572007330954,0.9292136221062633,0.929213622106272,8.659739592076221e-15,4.9220395739824675e-29,5.359151784822308e-29,0.33236410205940153
14,1.175,0.9331836246258208,3.408531522309194e-16,1.161808713857543e-31,0.9201982706831823,0.3514807059527371,0.9331836246258203,0.9331836246258222,1.887379141862766e-15,2.1114452511451498e-30,2.318329959226915e-30,0.5284758099604714
14,1.2,0.9368059630112517,2.489023451717859e-16,6.195237743201485e-32,0.2231020470081256,0.4640695915279879,0.9368059630112512,0.936805963011252,7.771561172376096e-16,1.2927557697849517e-31,1.4647816953776781e-31,0.10142413965205264
15,0.4,0.10078886698249535,0.05413815179482355,0.002930939479759356,0.9999834110524937,0.007383934076974103,0.015994878636952144,0.22806137859346834,0.2120664999565162,0.00015076319812443897,0.0005599964392472231,0.9998137744651909
15,0.425,0.13405783777837355,0.06296575633194104,0.003964686470453373,0.9999869411083527,0.005933473561941095,0.03165683784574511,0.2568412001143469,0.2251843622686018,0.0001546000839385555,0.0003745567408794802,0.9997837217566822
15,0.45,0.14301656558519768,0.061262071250419575,0.0037530413738914845,0.999987908538361,0.004564744091291155,0.07075938791066944,0.2536067964252851,0.18284740851461567,0.00012046071988959059,0.0006259537051379119,0.9997886002849936
15,0.475,0.12386296184745692,0.05787387447096629,0.0033493853462811638,0.9999675835058482,0.008790198410619397,0.006007266591486538,0.22983418943984726,0.22382692284836073,0.00026079541384066787,0.001040563439915764,0.9998677997283829
15,0.5,0.16050323613285086,0.060529652275976516,0.003663838804650629,0.9999679015053043,0.007800747517859536,0.025151414828328486,0.2850525775625186,0.2599011627341901,0.0003039078826359535,0.001094523343900922,0.9997781729538323
15,0.525,0.22549293612098495,0.09128985631037506,0.008333837865168925,0.9999945741118347,0.003985068803440337,0.06818347187300156,0.35980974242952857,0.291626270556527,0.0002039546704580136,0.0009429010950183883,0.9997741228658484
15,0.55,0.2886370563989343,0.10289599621605464,0.010587586037294329,0.9999946031648382,0.004054434111580738,0.06791340762163596,0.39773770477080644,0.3298242971491705,0.0002624814203299791,0.0012947356126045688,0.9997791660751304
15,0.575,0.3792986156446499,0.020990205324521637,0.00044058871956557645,0.9999703862457314,0.009915398910944676,0.3252598581702734,0.4123803752060906,0.08712051703581719,3.228164927985687e-05,9.529460139651799e-05,0.9996025354760074
15,0.6,0.405627434533066,0.014228089017524705,0.0002024385170906071,0.9998745016884772,0.016313079311044813,0.37356143768282735,0.4323119536475167,0.05875051596468933,4.771384342461366e-05,0.00017824077312400026,0.9995937379359136
15,0.625,0.4622776934668839,0.022685275039828895,0.0005146217036326838,0.9998933159686639,0.01442437139665302,0.4137810851507984,0.49268628095619205,0.07890519580539362,9.598174200712548e-05,0.0005398227256384599,0.9991701145407621
15,0.65,0.5121526222935422,0.04644707886398478,0.002157331134997222,0.999936527583127,0.01090261241586221,0.4352312918929959,0.5968498454448481,0.16161855355185217,0.0003023845513196207,0.0009491526914014783,0.99962959642512
15,0.675,0.534779908994701,0.055157975598615065,0.0030424022721374146,0.9998980069408265,0.012086644861944013,0.44300935581225726,0.6339351649521466,0.19092580913988938,0.0003876808428165664,0.0032642359073673977,0.9979901951330334
15,0.7,0.5451735623423205,0.03908528129261892,0.0015276592137231468,0.999830082333465,0.014763503079685894,0.48097480621587824,0.6189840478382367,0.13800924162235845,0.0003226085821037595,0.0025166056827637356,0.9979552184196384
15,0.725,0.5599217532257375,0.040989140031821164,0.001680109600548244,0.999805674708749,0.016141259985572053,0.4912677208533861,0.6342331313061189,0.1429654104527328,0.00036744381667139404,0.0011566280868984253,0.9983894922300889
15,0.75,0.5642451371494086,0.028886114041835973,0.0008344075844379534,0.9997577512290584,0.020851889490225192,0.5082446454315803,0.6204154753339489,0.1121708299023686,0.00027549023979771525,0.0011420834042519402,0.998790839742454
15,0.775,0.628658588218443,0.008491158795227344,7.209977768576668e-05,0.9979652384261709,0.04307116487752193,0.6041953119854843,0.6436967173086484,0.03950140532316415,3.7636132631027075e-05,0.0001231340790205401,0.9936254313600961
15,0.8,0.6953892472446289,0.0025802147088801503,6.657507943921478e-06,0.999418348162038,0.02809588746199077,0.6911194343921899,0.7024527539716163,0.011333319579426404,3.4750634624279403e-06,9.625756771170252e-06,0.9982084376546354
15,0.825,0.7519859638678373,0.0003622111257859396,1.3119689964311774e-07,0.9996065618080605,0.02967246555521222,0.751414322432624,0.7528427810924139,0.0014284586597899107,8.241089832038043e-08,1.6835928082606138e-07,0.9994062651089576
15,0.85,0.7879038252603169,2.343952831084231e-05,5.494114874347781e-10,0.9998733133248939,0.017121618744067518,0.7878804161445214,0.7879922021568508,0.00011178601232941787,1.134238702645532e-10,8.996979329234568e-10,0.9994219637859787
15,0.875,0.8122633039340474,1.4742123874751083e-06,2.173302163385059e-12,0.9999628460998713,0.007903047046213656,0.8122621959890358,0.8122680878773416,5.891888305797899e-06,1.8291693999694726e-13,2.1057653286649925e-12,0.9994526282909656
15,0.9,0.8312841952463698,1.6390731067411414e-07,2.686560649242057e-14,0.9999969812154104,0.0038681887803779743,0.8312840801020834,0.8312847104768312,6.30374747734308e-07,8.758111835275101e-16,7.931603649947297e-15,0.9999293384132115
15,0.925,0.8472597317102218,3.179006628699996e-08,1.0106083145318515e-15,0.999999850922047,0.004627551161420445,0.8472597113090197,0.8472598523524721,1.4104345247289984e-07,3.122204920065808e-17,4.1053992260237396e-16,0.9999994868860392
15,0.95,0.8609243870501153,6.737815517905187e-09,4.5398157953323937e-17,0.9999999959887024,0.004842888676200467,0.8609243830373187,0.860924413507654,3.047033536596189e-08,1.6239919488869306e-18,2.2353840279873407e-17,0.9999999923527585
15,0.975,0.8726849882202066,1.3203787665953606e-09,1.7434000872758858e-18,0.9999999998826642,0.00510839215292917,0.8726849874806538,0.872684993638197,6.15754314203798e-09,6.805386281152304e-20,1.0116242873415787e-18,0.999999997032931
15,1.0,0.8828745717809936,2.40829478528394e-10,5.799883772825817e-20,0.9999999999883467,0.005416503684849915,0.8828745716539688,0.882874572815902,1.1619332163093077e-09,2.471670066771102e-21,4.0592304643900046e-20,0.999999733782413
15,1.025,0.8917696306279318,4.288161485157554e-11,1.8388328922788636e-21,0.9999999999816115,0.0057279646784121055,0.8917696306065217,0.8917696308201076,2.135859267227147e-10,8.490909177905582e-23,1.5195382092130742e-21,0.9999692760946736
15,1.05,0.8995916820578581,7.616324588520117e-12,5.800840023769614e-23,0.9999999998395824,0.006046367238424165,0.8995916820542386,0.8995916820933416,3.9103054128020176e-11,2.9168707530569665e-24,5.566555144778555e-23,0.9966640733124579
15,1.075,0.9065149376592166,1.366575864835408e-12,1.8675295943506434e-24,0.9999999909297843,0.00640184527973019,0.9065149376585956,0.9065149376658165,7.220890552162018e-12,9.691117421925078e-26,2.0515550554610003e-24,0.920763751600705
15,1.1,0.9126766108567139,2.4999030192041177e-13,6.249515105425865e-26,0.999999814450087,0.007027659952923408,0.9126766108566045,0.9126766108579621,1.357691736814104e-12,3.8428872659700284e-27,7.758179625247987e-26,0.7775678036853706
15,1.125,0.9181866580851005,4.676324356901982e-14,2.1868009490954738e-27,0.9999937061288336,0.00945360603312491,0.9181866580850807,0.9181866580853414,2.6068036618198676e-13,1.997910990434945e-28,3.043791711091527e-27,0.8500832713399727
15,1.15,0.9231352552201424,8.937712722548609e-15,7.988270871080725e-29,0.9998746123818826,0.0233331734075389,0.9231352552201386,0.9231352552201898,5.1181281435219717e-14,1.2348380087962295e-28,1.3471032551813184e-28,0.7182708542487091
15,1.175,0.9275977792291736,1.7480254502971737e-15,3.055592974886637e-30,0.9969238783039536,0.09629276811939351,0.9275977792291726,0.9275977792291831,1.0436096431476471e-14,6.13533171828784e-29,6.644834536311146e-29,0.5336751376044371
15,1.2,0.9316379300371679,3.621783758397176e-16,1.3117317592589572e-31,0.9261698070520478,0.4604182225541449,0.9316379300371674,0.9316379300371698,2.3314683517128287e-15,4.00223590317459e-30,4.331759827785195e-30,0.4758730908332243
16,0.4,0.0988142901533082,0.03250029887160829,0.0010562694267438632,0.9999318607230844,0.012190716689520055,0.0220365535154218,0.1477833557980835,0.1257468022826617,0.00019110853379045064,0.0006627435970286733,0.9998277460180215
16,0.425,0.09478199062915107,0.04744991143042884,0.0022514940947555417,0.9999609301974711,0.008906628061796186,0.00044340339749992315,0.17518658534311107,0.17474318194561114,0.0002455372085414844,0.0007491943860458719,0.9998056094409514
16,0.45,0.23500911053517448,0.061725112071660704,0.003809989460259074,0.9999797003761328,0.006289435543571635,0.09195069290431046,0.3272913115951097,0.23534061869079925,0.00022541052184034098,0.0008467805820639022,0.9997089424965567
16,0.475,0.2546896583627421,0.10245543372573324,0.010497115899928116,0.9999916672047727,0.0039491210747748355,0.08504487462215761,0.3725844720201006,0.287539597397943,0.0002712151429348831,0.001378684191338028,0.9997513136088461
16,0.5,0.31351834358474917,0.045618165553891435,0.002081017028502247,0.9999621884736865,0.007858483800375281,0.2403501673702136,0.37881566716524345,0.13846549979502984,0.00018130206110764677,0.0010244628165617517,0.9997891160057224
16,0.525,0.39452472638877595,0.057469494328855765,0.003302742778414385,0.999986305392104,0.005031538113016762,0.32137380122406833,0.4966797131506188,0.17530591192655048,0.00011886126473317955,0.0006503716217985559,0.9995582974212749
16,0.55,0.41408069797285624,0.02681607625787866,0.0007191019458683637,0.9999267912521408,0.012038205550437591,0.35801998555747266,0.45565113793282674,0.09763115237535408,9.989450749290237e-05,0.0005004023060993695,0.9996441733848084
16,0.575,0.4502150471447383,0.02298521494396476,0.0005283201060202609,0.999903467469632,0.01427583906187053,0.4225254659173373,0.5056813212667908,0.08315585534945347,0.00010626246712327651,0.0006780858045581931,0.9995104521429204
16,0.6,0.4889335653984873,0.027898145903406602,0.0007783065448477626,0.9999149785223405,0.012287804940153612,0.44225860283748053,0.5358809258292205,0.09362232299174,0.00014180425618723428,0.0007549733834521663,0.9995866864893651
16,0.625,0.5109336983558823,0.03517144697431047,0.001237030682266733,0.999936858650162,0.011627153021470018,0.4508062433418414,0.5744146919853531,0.12360844864351173,0.0001755573843618196,0.0006565929175146372,0.9995117285532951
16,0.65,0.5376697503822705,0.0556220599946009,0.0030938135580429824,0.9999310538804038,0.010987610440639868,0.45782976222226035,0.651538396788666,0.19370863456640564,0.0004358917181480025,0.0037673888940193798,0.9989599423931819
16,0.675,0.5509735944049821,0.04751475482214071,0.0022576519258081435,0.9998239598709168,0.013933628069442882,0.46984103894961843,0.6463127243256411,0.1764716853760227,0.00045439174856675937,0.0026429900531956653,0.9989072593157533
16,0.7,0.5639266892565733,0.04988453012589191,0.0024884663458810178,0.9998721639978484,0.01083377290712341,0.47791524333839125,0.6503691535525616,0.1724539102141704,0.00043229285305813517,0.004484137090918409,0.9980605046632669
16,0.725,0.5699849428324797,0.038418363318661344,0.0014759706400846637,0.9998444196561782,0.018335688557764945,0.4823897878296036,0.6606990900389181,0.1783093022093145,0.00030628944094605854,0.001608647129855884,0.998517206321726
16,0.75,0.5988151355357344,0.015966005510997545,0.0002549133319772039,0.9995612952917711,0.026051114967778587,0.556999458319676,0.6307043081110185,0.07370484979134251,8.844128275765697e-05,0.00037595815220082445,0.9979810318400636
16,0.775,0.6741182022199032,0.005361887157939983,2.8749833894481714e-05,0.9977775326940012,0.046655757297522166,0.6616556442810709,0.6839487700335369,0.022293125752466003,1.7746742858705467e-05,5.297206389659721e-05,0.9937992848098992
16,0.8,0.730726519678847,0.00094405180814085,8.912338164540084e-07,0.9995232179862372,0.029499673972365227,0.7293398525819442,0.7324660214178358,0.003126168835891563,6.328688994310667e-07,1.2482707111191707e-06,0.999375618317663
16,0.825,0.7704073001157467,9.754334936095419e-05,9.514705004553161e-09,0.9997960110586508,0.021857501334132105,0.7702815529874154,0.7706725232459041,0.0003909702584886654,3.4169650151224735e-09,1.303521232056403e-08,0.9994751761296011
16,0.85,0.8014804871334775,1.1970732593346293e-05,1.4329843882140325e-10,0.9999866702629396,0.005111700774793517,0.8014689595829088,0.8015143905427106,4.543095980180656e-05,4.7629532390989965e-12,4.128646813249463e-11,0.999409514201106
16,0.875,0.8245636192501816,1.2145575787756675e-06,1.4751501121614118e-12,0.9999987042090687,0.004136192915512551,0.8245626471582737,0.8245677535140984,5.106355824735509e-06,3.527547276781066e-14,5.003507907390207e-13,0.9999878143554597
16,0.9,0.8423075071651227,1.2519190068043288e-07,1.567301199597937e-14,0.9999998397942909,0.004203357102179873,0.8423074193225005,0.8423079371026666,5.17780166076065e-07,4.566687179737627e-16,4.511783331708368e-15,0.9999995678501407
16,0.925,0.8566814864414115,1.6941016261647605e-08,2.8699803197740863e-16,0.9999999939165682,0.004540725700670077,0.8566814755681593,0.8566815493555122,7.378735289442773e-08,9.085290044104689e-18,1.0744140735241107e-16,0.9999999901162304
16,0.95,0.8687034969449703,2.3618005987467792e-09,5.578102068240645e-18,0.9999999997338692,0.004873664321041608,0.8687034955475688,0.8687035062739233,1.0726354582324404e-08,2.0057102872971274e-19,2.7754903767956326e-18,0.9999999994415353
16,0.975,0.8790115555660069,3.307237477002264e-10,1.09378197292883e-19,0.9999999999936359,0.005202035875620132,0.8790115553841704,0.8790115569430227,1.5588522694898188e-09,4.389234277106782e-21,6.744327049116567e-20,0.9999999282692931
16,1.0,0.8880098202829427,5.001602491857896e-11,2.501602748655912e-21,0.9999999999814184,0.0055394395133193716,0.8880098202571455,0.8880098205015658,2.444203728302341e-10,1.101319671557948e-22,1.8738194056862283e-21,0.9999888968566869
16,1.025,0.8959614256073092,8.155545249734244e-12,6.65129183204628e-23,0.9999999996069092,0.0058633029740357626,0.8959614256033234,0.8959614256444762,4.11528588983856e-11,3.135646764483513e-24,5.865127931088882e-23,0.9988968250977299
16,1.05,0.9030472453701396,1.3989650302486914e-12,1.9571031558587223e-24,0.9999999947410136,0.0062129920680575055,0.903047245369487,0.9030472453767573,7.270295476757838e-12,9.537564552908715e-26,1.9895941525234894e-24,0.9477559224438745
16,1.075,0.9093989689369322,2.5095643265761854e-13,6.297913109223783e-26,0.9999997987355557,0.006817964638921667,0.9093989689368198,0.9093989689381609,1.3410383914447266e-12,3.3616880387019714e-27,7.275619678987463e-26,0.7836671941635933
16,1.1,0.9151178134456415,4.7239422078608846e-14,2.231562998320957e-27,0.9999939806563006,0.009179659041235612,0.9151178134456209,0.9151178134458803,2.5934809855243657e-13,2.0356820467398463e-28,2.9072586735302755e-27,0.6100967308920413
16,1.125,0.9202850649124541,9.283275361770582e-15,8.617920144245674e-29,0.9998788656765848,0.022710298891920316,0.9202850649124501,0.9202850649125024,5.229150445984487e-14,1.3525154559578709e-28,1.481244962573606e-28,0.41555910222082587
16,1.15,0.9249680934667679,1.8894292487991156e-15,3.5699428862175904e-30,0.9973065524916298,0.09767737830098631,0.924968093466767,0.924968093466778,1.099120794378905e-14,6.478605575321699e-29,7.048934650211425e-29,0.47638687369232824
16,1.175,0.929223981216708,4.2066214183757765e-16,1.7695663757537828e-31,0.9389479180598216,0.3333333333333333,0.9292239812167075,0.9292239812167101,2.6645352591003757e-15,4.892966259088342e-30,5.288119905347829e-30,0.2126836442663083
16,1.2,0.9331018479929578,1.5219120091018514e-16,2.3162161634484336e-32,0.6108615890770116,0.8360083740404745,0.9331018479929574,0.9331018479929583,8.881784197001252e-16,2.011005460378371e-31,2.338108811865087e-31,0.5203408202040626
17,0.4,0.10469910510715938,0.04267100061501708,0.0018208142934867878,0.9999848106550384,0.005487566315506235,0.046775807614806326,0.17705069982409855,0.13027489220929223,7.463705120011633e-05,0.00034231291168674964,0.9996958722901904
17,0.425,0.22463714515780786,0.040483074073998086,0.001638879286480816,0.9999788616661097,0.006086622197595191,0.1525996334253986,0.30419490677755207,0.15159527335215348,7.724369985510694e-05,0.00026370137254602943,0.9998467714600531
17,0.45,0.24270221511514145,0.0629041437187744,0.0039569312969922246,0.9999848456475213,0.0040825303169595,0.14640583247631686,0.30863464904462967,0.1622288165683128,0.000160117525586963,0.0007280783231616145,0.9996469857811452
17,0.475,0.3096617944462818,0.02233759400899175,0.0004989681061105441,0.999943032233261,0.010689305014664476,0.2646606622741252,0.3432625282069329,0.07860186593280771,6.851785396212727e-05,0.00040566029472907227,0.9997346628232271
17,0.5,0.3773688325014481,0.023346863671864577,0.0005450760433126299,0.9999408936077974,0.01126050047901828,0.3259609365588335,0.41627202948901426,0.09031109293018075,7.92456954802246e-05,0.0002705866161250109,0.9997500106479643
17,0.525,0.4572195765526417,0.017150231512044208,0.0002941304409167142,0.9998816168131808,0.016199622598883197,0.42853410745114107,0.5012138327234839,0.07267972527234279,7.312683183784915e-05,0.0003345751173855294,0.99959244414335
17,0.55,0.4957654568127445,0.029467033545725944,0.000868306065984938,0.999946741569436,0.009868444638016472,0.44642791031296397,0.5516887447781267,0.10526083446516271,0.00011421761725873682,0.0005383001125715255,0.9995697824921305
17,0.575,0.5318726779011266,0.02183772941522391,0.0004768864260125357,0.9999207356442564,0.012219389052065146,0.48282808281823997,0.5636512292879551,0.08082314646971511,6.59184253717652e-05,0.0002746767868569537,0.9993778419171595
17,0.6,0.5332293109994088,0.016192943969402147,0.00026221143439619733,0.9997913931616035,0.023749617508101763,0.500978927879932,0.583809123162293,0.08283019528236102,9.862082059100724e-05,0.0006092867347744782,0.9992201715125295
17,0.625,0.554698610792834,0.022155655239992147,0.0004908730591133916,0.999809578225839,0.01696019856590103,0.514294124200332,0.5976736902135568,0.08337956601322472,0.0001011332312782981,0.0003904876972670953,0.99782359672271
17,0.65,0.5466119392493827,0.024792217522704826,0.0006146540496931122,0.9997946619773546,0.018204433501184877,0.515372461575463,0.6043108917353005,0.08893843015983749,0.0001484928334573925,0.0006034415373691951,0.998651144938103
17,0.675,0.5765556492864322,0.03319846397980407,0.0011021380106183481,0.9997907666141422,0.016876570764404453,0.5058779135573265,0.6322760258732786,0.1263981123159521,0.0002592620314827642,0.0017306293020564053,0.9985644327550905
17,0.7,0.5962082737009797,0.031389513056176606,0.0009853015299038815,0.9997835975187823,0.01698345992898404,0.5264527892667155,0.6647404923806075,0.13828770311389205,0.00022259529279006725,0.000918091501057845,0.99772657395803
17,0.725,0.6172644496512679,0.02167740636005506,0.0004699099464989555,0.9996133207563247,0.025247819677153647,0.5684358042407222,0.6593302093450465,0.09089440510432434,0.00017126800060254067,0.0005398622763622672,0.9977973760157195
17,0.75,0.6543138210644039,0.00800531426370602,6.408505646069507e-05,0.9988152257883429,0.048097049184709716,0.6308036588024255,0.672760080274396,0.04195642147197054,4.363751160776103e-05,0.00022521343168114172,0.99555515190821
17,0.775,0.6967331805915943,0.0052151625138658385,2.719792004603145e-05,0.99733461768063,0.05264463429328539,0.6833657539000485,0.7109508367450507,0.027585082845002162,2.0409603928396805e-05,8.723811729722782e-05,0.9910654845570623
17,0.8,0.733748030791126,0.002575403305118873,6.632702184017214e-06,0.9978548381493858,0.0550673807479216,0.7274071579141348,0.740182430591274,0.012775272677139182,6.2912224378611276e-06,1.8584994823239778e-05,0.9968166504840836
17,0.825,0.7659353349084825,0.0015521955537110505,2.4093110369603543e-06,0.9967507377052417,0.045753025219396073,0.7626733091705066,0.7686418389778572,0.005968529807350631,2.1694406891872807e-06,4.709799953027653e-06,0.9960705063977332
17,0.85,0.7924680021199938,0.0007375628856214576,5.439990102462512e-07,0.9990286272936098,0.04022289830200224,0.7912354902947544,0.7935717956070321,0.0023363053122776867,5.350113620512577e-07,7.997297015789317e-07,0.998965186449772
17,0.875,0.8142524658594125,0.00012651546039876743,1.600616171991209e-08,0.999185525435158,0.040504271703043146,0.8140202640632669,0.8144976784185076,0.00047741435524073506,1.534856264699108e-08,2.9668888943521977e-08,0.9991545832556966
17,0.9,0.8321752627157203,1.233228457115557e-05,1.5208524274396174e-10,0.9992438491466932,0.03929641072538946,0.8321457055369379,0.8322089694980105,6.326396107259047e-05,1.2944267041344596e-10,5.297399623628926e-10,0.9991691905493207
17,0.925,0.8471232279567235,1.1218738558332203e-06,1.2586009484020973e-12,0.9992929999908656,0.03817052335821837,0.8471201926773919,0.8471269106275464,6.717950154500052e-06,9.425783214533864e-13,6.640616431390056e-12,0.9991768364265503
17,0.95,0.8599390998686448,9.542144909032859e-08,9.10525294649817e-15,0.9992398600104607,0.03809754183975531,0.8599388308103163,0.8599394546914257,6.238811094405605e-07,6.4614954746190376e-15,5.77406865937937e-14,0.999192362404326
17,0.975,0.8711095816886196,7.595074046463372e-09,5.76851497712615e-17,0.9990934391441795,0.03900222487488372,0.8711095612311127,0.8711096126962049,5.1465092187896744e-08,3.9491801920918876e-17,3.954599844168185e-16,0.9992050107815524
17,1.0,0.8809019967948136,6.187268971186381e-10,3.828229732180578e-19,0.9992074427162362,0.03680836804831765,0.880901994155667,0.8809019993401134,5.184446427719536e-09,2.1629281498750976e-19,2.366237767785497e-18,0.9992004415573466
17,1.025,0.8895123040077706,4.8314540340766956e-11,2.3342948083395975e-21,0.9994293899367208,0.02839444304679687,0.8895123038767253,0.889512304217747,3.410216553589862e-10,1.1418685278819873e-21,1.560437840968226e-20,0.9992220180596301
17,1.05,0.8971154059191172,5.348943308254033e-12,2.86111945149156e-23,0.9997021910925126,0.015389825959688404,0.8971154059165413,0.8971154059457088,2.916755725834719e-11,5.199068834683881e-24,6.394215800261188e-23,0.9989279724992108
17,1.075,0.9038666717632389,1.2660659248413242e-12,1.6029229260443177e-24,0.9999781590308459,0.00781171097656798,0.9038666717626664,0.9038666717706131,7.946643343359483e-12,7.479340160027702e-26,2.4620397849994315e-24,0.9297584824394919
17,1.1,0.9098975875158881,2.621223481247136e-13,6.870812538641354e-26,0.9999982829831808,0.007404703854101084,0.9098975875157751,0.9098975875172605,1.485367384645997e-12,3.774218241373569e-27,1.090743736697194e-25,0.8159783662087897
17,1.125,0.9153162712970244,4.993193864346885e-14,2.493198496695138e-27,0.9999956952896398,0.009367825573884181,0.9153162712970033,0.9153162712972783,2.750022431996513e-13,3.213684866400118e-28,3.6138768162814614e-27,0.6485126403894814
17,1.15,0.9202107518373056,9.546527075719541e-15,9.11361792074463e-29,0.9998850038263996,0.02232037691401649,0.9202107518373014,0.9202107518373555,5.4067861299245124e-14,1.1979265533711428e-28,1.4468536464863727e-28,0.5112795717405676
17,1.175,0.924652762349635,1.866510243614061e-15,3.4838604895162215e-30,0.9971774424965527,0.09990221642764016,0.9246527623496341,0.9246527623496451,1.099120794378905e-14,6.435016516275358e-29,6.976861275598027e-29,0.36970075589314816
17,1.2,0.9287011528170517,3.8507334748366097e-16,1.4828148294227232e-31,0.9333311653799675,0.537215411558669,0.9287011528170513,0.9287011528170539,2.55351295663786e-15,4.557927523921486e-30,4.925889807032319e-30,0.11105549701753595
18,0.4,0.13250839366541806,0.04821085935573704,0.0023242869598186573,0.9999583607111567,0.008829383681549523,0.0434947020692963,0.21642876015389984,0.17293405808460355,0.00022548067974537673,0.0009261759918992605,0.9996831228979731
18,0.425,0.18588135667928993,0.07872899077618024,0.006198253988635874,0.9999873359087698,0.004714145198761647,0.05658973373786201,0.2924834042844989,0.2358936705466369,0.00021062752892412289,0.0012041785540533759,0.9996767292484715
18,0.45,0.27449966349888943,0.05205944842840399,0.002710186170669654,0.9999623222069719,0.008327443892232462,0.1556958804171584,0.3426944844453568,0.18699860402819837,0.00025111548072932445,0.000773335629556707,0.9997433491186435
18,0.475,0.3059100363104349,0.04845984470827214,0.002348356549149851,0.9999623900708501,0.009791493037506939,0.22051537279975533,0.42090036533979064,0.2003849925400353,0.00020980534107631463,0.0008290848617323241,0.9996109897100383
18,0.5,0.3584549415719925,0.028615639567782715,0.0008188548278732518,0.99990956814572,0.015647069507074517,0.28369323743739155,0.42298181463151086,0.1392885771941193,0.00018185447531140976,0.0007038904499734693,0.9995992054522049
18,0.525,0.42408656673932105,0.024416417869755486,0.000596161461590515,0.9999178084753718,0.012584518515568575,0.37174861514592666,0.4700465262047289,0.09829791105880226,0.0001196889383950602,0.0007203854387351033,0.999680012811409
18,0.55,0.4884946088840502,0.039241027709584715,0.0015398582557043952,0.9999213710962781,0.012584526455365855,0.4121774953678477,0.5619384817537394,0.1497609863858917,0.0002797762917122914,0.0008722836297970256,0.9996856072239233
18,0.575,0.5115091474306119,0.038203819349897236,0.0014595318129195826,0.9999272003519557,0.010316004005358655,0.44233302270159053,0.585143938931303,0.14281091622971248,0.00026714746739687275,0.0013270571782524779,0.9996163534826652
18,0.6,0.5151913379021736,0.02376316963768777,0.0005646882312295259,0.9998958653877964,0.014119393295453564,0.4538453015091517,0.5553386430492404,0.10149334154008871,9.236978694567802e-05,0.00037598661733900725,0.9992785269598945
18,0.625,0.5231668196468394,0.021408627679719232,0.00045832933912884046,0.9997178420327516,0.025876721511668373,0.45884097313419764,0.5616687980303546,0.102827824896157,0.00019357482555499376,0.0007206045911051925,0.9989749198412238
18,0.65,0.5365583086286838,0.03782481957466448,0.0014307169758559213,0.9998807676637173,0.014290027573947723,0.4736994214666931,0.6180113365056049,0.14431191503891183,0.0002951968124382028,0.001717837788685874,0.9993341599657042
18,0.675,0.5483927373711838,0.03777953198516728,0.0014272930370182776,0.9998472749907226,0.016150006005475472,0.4659424820403762,0.6236118685263967,0.15766938648602052,0.0002816736344171332,0.0012062438254461596,0.9984073016792089
18,0.7,0.5593246606169481,0.03361507634900686,0.0011299733579495602,0.9997752482068404,0.018935213963863592,0.5078227817293988,0.6298431132357893,0.12202033150639058,0.0002635943447637258,0.0016082608701569032,0.9988162866551795
18,0.725,0.5880514341886907,0.038021795963140544,0.0014456569682626908,0.9998031027695825,0.019106499898229306,0.4969750611467592,0.6636398725782312,0.166664811431472,0.00046375934431210547,0.0035169763325267546,0.9990168368992333
18,0.75,0.5928476445871494,0.022989950367073107,0.0005285378178804848,0.9994907297967065,0.027814272970047956,0.5469112699471329,0.6382258794165959,0.09131460946946302,0.00024464366669519754,0.0009318158145744656,0.9979054422954766
18,0.775,0.6357288562290881,0.011121935106674852,0.00012369744051708657,0.9987365038047832,0.04138597589306293,0.6108521061015213,0.6586098455615239,0.04775773946000261,8.558961256380129e-05,0.00023355566540122325,0.9974467081694465
18,0.8,0.6859674471010464,0.0076838731643115235,5.904190680522679e-05,0.9983405840651248,0.04141644320216827,0.6671932125111575,0.6993032926789364,0.03211008016777894,5.2187823910441026e-05,0.00012030320315286962,0.9970493458208864
18,0.825,0.726942042102204,0.00487018490041492,2.371870096422949e-05,0.9991127509014125,0.036489155353078805,0.7170574086680719,0.7339961135318249,0.01693870486375304,2.1530582289251585e-05,4.0969854086873234e-05,0.9989957098407486
18,0.85,0.7590487363366629,0.0012936957989840908,1.673648820309085e-06,0.9993507683148838,0.03632366561342948,0.7568987846930759,0.7610991336800692,0.004200348986993285,1.5285690817574703e-06,2.69251352191959e-06,0.9993065473953622
18,0.875,0.7849095648504261,0.00011002043355789936,1.2104495800268147e-08,0.9993980921916507,0.03508520425699918,0.7846377477373901,0.7851744289574658,0.0005366812200756632,9.878026316261692e-09,4.0889719829682666e-08,0.9993165446459046
18,0.9,0.8055990900397664,7.1935445816099345e-06,5.1747083647609646e-11,0.9994313089994885,0.03412983819201156,0.8055770902609714,0.8056192384899526,4.2148228981298e-05,3.7889775636212246e-11,2.7204063449534684e-10,0.999328431204477
18,0.925,0.8226807204624443,4.071730351015386e-07,1.657898805137988e-13,0.9992546492017258,0.0372273949213744,0.8226793129636415,0.822681925064769,2.612101127508204e-06,1.2207027732689568e-13,1.044139127761599e-12,0.9993267748339636
18,0.95,0.8374116013358092,2.5206049045929018e-08,6.353449085057791e-16,0.9994186244056488,0.034239491072101426,0.8374115293898013,0.8374117397903241,2.1040052278209487e-07,3.3069397657627384e-16,4.285582167894082e-15,0.9993391380101262
18,0.975,0.8503560404801793,2.0259797086950914e-09,4.1045937800442476e-18,0.9997853361064956,0.018438074272877372,0.8503560381891806,0.8503560501470782,1.1957897561032382e-08,1.0740050940728764e-18,2.175172415486722e-17,0.9993505427874172
18,1.0,0.8617793874590325,2.4137939920202224e-10,5.826401435912922e-20,0.9999535895791495,0.006830136700715677,0.8617793873388351,0.8617793883494062,1.0105710712693394e-09,5.5291196430443336e-21,8.868094400492514e-20,0.9993444901962845
18,1.025,0.8718845995825261,4.3846784119262106e-11,1.922540477601176e-21,0.9999979990851566,0.005118555781761779,0.8718845995598914,0.8718845997595724,1.996810494730994e-10,9.273742920332977e-23,9.390823726221299e-22,0.9999760789885931
18,1.05,0.88085522057781,8.99023528081421e-12,8.082433040439656e-23,0.9999998527160563,0.005938242041760368,0.8808552205734299,0.8808552206193653,4.593536662156339e-11,3.8075528212672124e-24,7.017435533437308e-23,0.9986769599093666
18,1.075,0.8888520423030374,1.7830772231124846e-12,3.1793643835825294e-24,0.9999999915561295,0.006276788102228234,0.8888520423022115,0.8888520423115521,9.34063937307883e-12,1.6220207555476268e-25,3.351644057896744e-24,0.9576775546773796
18,1.1,0.8960119710071089,3.4494044532470404e-13,1.1898391082080515e-25,0.9999999214694636,0.006769704290195781,0.8960119710069555,0.8960119710088046,1.8490764475131982e-12,6.677431045854798e-27,1.3989844029584065e-25,0.8169932570695584
18,1.125,0.9024505123644957,6.68477639257558e-14,4.4686235418735785e-27,0.999997603688097,0.008533970976253299,0.9024505123644668,0.902450512364835,3.681499549657019e-13,3.841420606810738e-28,5.903450330322742e-27,0.6697653806311666
18,1.15,0.9082648554660498,1.3039351570290398e-14,1.7002468937363467e-28,0.9999329276631621,0.017652965374275253,0.9082648554660442,0.9082648554661178,7.360778653264788e-14,9.751638541523015e-29,2.582009774397446e-28,0.6222384376432352
18,1.175,0.9135367627155322,2.5617880392496313e-15,6.56275795804247e-30,0.9984675316334741,0.06546170179708945,0.9135367627155307,0.9135367627155458,1.509903313490213e-14,7.699245172900013e-29,8.402715895783477e-29,0.24899966202896598
18,1.2,0.9183351260668664,5.433112274147983e-16,2.951870898349747e-31,0.9670252872399349,0.2488834754364596,0.9183351260668657,0.918335126066869,3.219646771412954e-15,7.471198209557466e-30,8.058496974870361e-30,0.634065238643262
19,0.4,0.13615496758879456,0.04647837103044964,0.0021602389736441407,0.999905592023724,0.012859504461201017,0.022942539257963496,0.22264976833286915,0.19970722907490565,0.0005160716106154393,0.002858929091939612,0.9997076500642542
19,0.425,0.16625975554118574,0.04999059120839481,0.0024990592093648407,0.9999322057600925,0.01217524772904656,0.05622390331024611,0.2561652632912698,0.1999413599810237,0.0004526037759548705,0.001859464881460461,0.999781882553934
19,0.45,0.2212977455792801,0.06428978310401771,0.004133176211561641,0.9999681600844031,0.007803915111503259,0.12688045408042867,0.35077165011933376,0.2238911960389051,0.0003631166979048421,0.0014695742499213698,0.9997715933661886
19,0.475,0.21032725293383564,0.05486658452263192,0.0030103420971791125,0.9999465422570674,0.010611506170295429,0.1144809598947054,0.33627186553558297,0.22179090564087756,0.0003989761998866477,0.0017394218338458733,0.9997846763987502
19,0.5,0.20568344333842586,0.04513414042409942,0.002037090631822325,0.9999337332002755,0.012465440366183007,0.10962058594594015,0.314343945408735,0.20472335946279485,0.0003025193655493475,0.0017400244057167579,0.9997830393077057
19,0.525,0.34345102967432284,0.029392729750583324,0.0008639325621908261,0.999933973466599,0.011895462651111573,0.29717839477625513,0.3923362714197012,0.09515787664344605,0.00014860250717462016,0.00047491311272092985,0.999803855245835
19,0.55,0.43299949923097003,0.030296886574455593,0.0009179013361054276,0.9999322728189691,0.012629150325944766,0.3592317319225252,0.4754469266648406,0.1162151947423154,0.00013988280973770988,0.0005786777286252905,0.9997101206122526
19,0.575,0.4652797081771917,0.03566275254742329,0.0012718319192587468,0.9999483295320384,0.008539513606250113,0.4152881902352398,0.5296863306724799,0.11439814043724017,0.0001265323903178408,0.0010875283731860183,0.9993579079555139
19,0.6,0.4822514653242638,0.0408043363049889,0.001664993861290635,0.9999603278069467,0.008205373373860287,0.41506306370950186,0.5521359804341699,0.13707291672466804,0.00014996880783542404,0.0007034608626078697,0.9995464426532537
19,0.625,0.5033858856969844,0.03631187066295091,0.001318551951042875,0.9999377352973156,0.011133812625258801,0.4266412964189257,0.5596850640195171,0.13304376760059144,0.0001554680767018606,0.0005940719941206954,0.9993921854028718
19,0.65,0.523989827099544,0.04867358014146983,0.0023691174037880863,0.9999274270392783,0.01141818339975817,0.41208746670719154,0.5976281914928474,0.18554072478565586,0.0003526433178804506,0.0013493735647264972,0.9992317186020049
19,0.675,0.5485372373947844,0.05766094370872474,0.0033247844293807227,0.9999191516551231,0.012185255083301991,0.4332566259031893,0.6456467927092082,0.2123901668060189,0.0004821667490746597,0.0017930757575291018,0.9995925031648715
19,0.7,0.5339234874757756,0.03666374617016352,0.0013442302832301803,0.9997849525136953,0.01755636368630615,0.4580719749807458,0.6074217338336033,0.1493497588528575,0.000317535034636868,0.0035135698304119348,0.9982500269661672
19,0.725,0.5634781759288338,0.05123395944771801,0.0026249186006904136,0.9998342384726826,0.013959031932059622,0.4662067477066719,0.6388807591930956,0.1726740114864237,0.0005667103344733311,0.0038716241859262724,0.9986502046983065
19,0.75,0.5854265509925526,0.027977587834698732,0.0007827454210482824,0.9997894029572686,0.020872929903498944,0.529752294954106,0.6508856310006463,0.12113333604654031,0.00023985703768678943,0.0015662934121440989,0.9985811069318954
19,0.775,0.6381374620870925,0.005691470913407111,3.239284115815917e-05,0.9991846930825953,0.03917903104950468,0.6220462111223023,0.6544087229751545,0.032362511852852216,1.4438697471739304e-05,6.327994958540675e-05,0.9957500778496834
19,0.8,0.7090560292651309,0.0029266089669456926,8.565040045406934e-06,0.9964269333415234,0.04996374283499653,0.6999737662622778,0.7141780837233358,0.014204317461057991,6.1817742174220865e-06,1.98977658268601e-05,0.9914465800948277
19,0.825,0.7641394194681971,0.0007343698600590959,5.392990913632161e-07,0.9993746541443895,0.03304939901586815,0.7628676275080807,0.765378467399867,0.002510839891786354,4.5435185732813813e-07,7.814509715930944e-07,0.9992699007505332
19,0.85,0.7989023737128164,4.848626809824197e-05,2.350918194094597e-09,0.9994540465970108,0.03346323476718518,0.7988210262568305,0.7990411712040746,0.00022014494724409417,1.723207570117958e-09,7.353357770776588e-09,0.9993513296669084
19,0.875,0.8246374549429608,2.3599834472155085e-06,5.569521871131195e-12,0.9996367295580326,0.026648221496321334,0.8246350814621596,0.8246459772072889,1.089574512935787e-05,2.684064357938301e-12,1.811033125209882e-11,0.9993523330342627
19,0.9,0.8446990746427445,2.2060702339258375e-07,4.8667458770136e-14,0.999937652006256,0.009201139097970176,0.8446989071428601,0.8446997334005801,8.262577200213173e-07,4.352318966458878e-15,4.5176774588616134e-14,0.9993509402166861
19,0.925,0.8605982210202686,3.28774343859739e-08,1.0809256918040188e-15,0.9999954639890847,0.004740458069767544,0.860598199232353,0.8605983505593711,1.5132701802755832e-07,3.1690419761499296e-17,4.2256212794592425e-16,0.999760435324775
19,0.95,0.8734425968835586,4.6601318443422855e-09,2.1716828806653034e-17,0.9999997605937135,0.004914271595889674,0.8734425940803962,0.8734426154889768,2.1408580685999823e-08,7.494751601030501e-19,1.1823065819937443e-17,0.9999969907049439
19,0.975,0.8840732794541187,6.408189129392727e-10,4.1064887918067124e-19,0.9999999804774901,0.005132553924515796,0.8840732790966269,0.8840732820919818,2.9953548530414764e-09,1.6232357676545174e-20,2.494969267010721e-19,0.999999883296884
19,1.0,0.8930621941538734,9.059708486842849e-11,8.207831786657234e-21,0.9999999984809028,0.0054578195610510355,0.8930621941065514,0.8930621945451783,4.3862691256890685e-10,3.5595765706826484e-22,5.883539184642706e-21,0.9999978499727673
19,1.025,0.9007941770908939,1.38026781795251e-11,1.9051392492753832e-22,0.9999999998745053,0.005811575386925287,0.9007941770840957,0.9007941771534034,6.930767071366972e-11,8.931189414104358e-24,1.6371650641712556e-22,0.999598254865973
19,1.05,0.9075383987039536,2.279465316096482e-12,5.1959621272868335e-24,0.9999999971462354,0.006167004861167043,0.9075383987028863,0.9075383987147037,1.1817324896412629e-11,2.6956018984899927e-25,5.2209196054630196e-24,0.9690422211398654
19,1.075,0.9134898199289182,3.965577613129411e-13,1.5725805805753158e-25,0.9999999232439007,0.006668584642442271,0.9134898199287403,0.9134898199308552,2.1148638396084607e-12,8.61080630100749e-27,1.8013023552854745e-25,0.857601464762118
19,1.1,0.9187927674953352,7.061045796918536e-14,4.985836774618092e-27,0.9999980214808695,0.008326773375317065,0.9187927674953045,0.918792767495691,3.865796571744795e-13,3.520656851795153e-28,6.412858693119401e-27,0.7691890590307214
19,1.125,0.9235559654024142,1.2689817201489838e-14,1.610314606072274e-28,0.9999320281254401,0.01794497172746841,0.9235559654024089,0.9235559654024803,7.138734048339757e-14,9.66677439015657e-29,2.362138684570275e-28,0.6652691723229714
19,1.15,0.9278628078509777,2.2959857303395767e-15,5.27155047392296e-30,0.9981961159044224,0.07857416634725949,0.9278628078509766,0.9278628078509901,1.3433698597964394e-14,7.302835243885427e-29,7.955178746089416e-29,0.6707007181052841
19,1.175,0.9317785102699998,4.3005372625199496e-16,1.849462074632258e-31,0.948756059466863,0.37671660424469416,0.9317785102699994,0.9317785102700021,2.7755575615628914e-15,5.522129556671867e-30,6.020988503100392e-30,0.5722370583670514
19,1.2,0.9353550873185306,2.1668083461979636e-16,4.695058409153154e-32,0.801461204853111,0.5792245093346099,0.9353550873185305,0.9353550873185312,7.771561172376096e-16,2.67472799809672e-31,2.9964483996767116e-31,0.4138214262623025
