seed,K,init_kind,R_mean,R_std,cluster_mean,cluster_std,cluster_final,single_cluster_fraction,multi_cluster_fraction
0,0.4,random,0.07460252273203576,0.03388307198461971,0.0,0.0,0,1.0,0.0
0,0.425,random,0.07549552676521129,0.03950155262507978,0.0,0.0,0,1.0,0.0
0,0.45,random,0.0694407350669209,0.04577840536360831,0.0,0.0,0,1.0,0.0
0,0.475,random,0.07032502601999437,0.0445245335460971,0.001,0.03160696125855822,0,1.0,0.0
0,0.5,random,0.08696039383011665,0.04079756822409738,0.0015,0.03870077518603471,0,1.0,0.0
0,0.525,random,0.14903502727715714,0.06377405498692387,0.013,0.11327400407860577,0,1.0,0.0
0,0.55,random,0.17238577537113645,0.04213385498328229,0.0095,0.09700386590234433,0,1.0,0.0
0,0.575,random,0.27466555539557475,0.07747285304688492,0.051,0.21999772726098785,0,1.0,0.0
0,0.6,random,0.4013382679081375,0.1145006576321919,1.0335,1.0603667997443151,0,0.6755,0.3245
0,0.625,random,0.4140270627576482,0.10537137242009446,1.26,1.1812705024675763,1,0.605,0.395
0,0.65,random,0.44413655368745775,0.12172879714465863,2.3175,1.3366726413000305,3,0.255,0.745
0,0.675,random,0.655335165294158,0.002918462291237717,2.569,1.1109630956967023,2,0.2125,0.7875
0,0.7,random,0.7215058507504217,0.0026418819565708906,1.235,0.6186881282197032,1,0.8515,0.1485
0,0.725,random,0.7609966879336674,0.0019048050420257133,1.0,0.0,1,1.0,0.0
0,0.75,random,0.7897553684589964,0.0010275746765307907,1.0,0.0,1,1.0,0.0
0,0.775,random,0.8120275341320551,0.00023619866438077494,1.0,0.0,1,1.0,0.0
0,0.8,random,0.830084930661145,2.6130384701545124e-05,1.0,0.0,1,1.0,0.0
0,0.825,random,0.8450939292879752,2.687192105604091e-06,1.01,0.099498743710662,1,0.99,0.01
0,0.85,random,0.8578263037036513,2.6291353840701456e-07,1.0735,0.26095545596902164,1,0.9265,0.0735
0,0.875,random,0.8687956224078104,2.4888091223223056e-08,1.181,0.3850181813888794,1,0.819,0.181
0,0.9,random,0.8783608364676881,2.329314302982607e-09,1.252,0.43416126036301306,1,0.748,0.252
0,0.925,random,0.8867834981926552,2.1914176556403175e-10,1.2395,0.42677833825066613,1,0.7605,0.2395
0,0.95,random,0.8942603945571684,2.092508675650834e-11,1.2645,0.4410666049475975,1,0.7355,0.2645
0,0.975,random,0.9009434082046139,2.0359321294985517e-12,1.318,0.46569947390994554,1,0.682,0.318
0,1.0,random,0.9069522289791924,2.0169425801207293e-13,1.382,0.4858765275252551,1,0.618,0.382
0,1.025,random,0.9123828239354255,2.021540090995086e-14,1.329,0.46984997605618756,2,0.671,0.329
0,1.05,random,0.9173132720332992,2.0174710580937786e-15,1.2135,0.4097776836285744,2,0.7865,0.2135
0,1.075,random,0.9218078978394951,2.7405872790916765e-16,1.0935,0.2911318429852702,1,0.9065,0.0935
0,1.1,random,0.925920271289137,3.5203874901122086e-16,1.0385,0.19239997401247227,1,0.9615,0.0385
0,1.125,random,0.9296954302212639,1.7476758330430174e-16,1.009,0.09444045743218316,1,0.991,0.009
0,1.15,random,0.933171557128428,2.558215007661275e-16,1.0,0.0,1,1.0,0.0
0,1.175,random,0.9363812644028269,1.570681133000035e-16,1.0,0.0,1,1.0,0.0
0,1.2,random,0.9393525934192689,3.4177923244534643e-16,1.0,0.0,1,1.0,0.0
1,0.4,random,0.07007444411401428,0.03710438226460913,0.0015,0.03870077518603471,0,1.0,0.0
1,0.425,random,0.11895844252861025,0.03954785701227661,0.0055,0.07395775821372631,0,1.0,0.0
1,0.45,random,0.21989122091316357,0.03463152025574071,0.011,0.10430244484191156,0,1.0,0.0
1,0.475,random,0.258319005861423,0.052624451639047436,0.0365,0.1875306641592249,0,1.0,0.0
1,0.5,random,0.2967610439072271,0.054961430923195706,0.066,0.25028783430282825,0,0.9995,0.0005
1,0.525,random,0.3631013237228831,0.09539767448837647,0.3115,0.5928471556817997,0,0.94,0.06
1,0.55,random,0.43321576094423664,0.09189709513751394,0.7415,0.9185193247830988,1,0.796,0.204
1,0.575,random,0.4571023824095499,0.04484939392273708,1.445,1.0468882461848543,0,0.5515,0.4485
1,0.6,random,0.6087324484713247,0.006868613582034267,2.828,1.1451707296294296,1,0.112,0.888
1,0.625,random,0.6919740986444318,0.004747375835632897,1.3655,0.562947377647325,1,0.6765,0.3235
1,0.65,random,0.7413443067048598,0.0035835469950729654,1.233,0.46873339970605893,2,0.7875,0.2125
1,0.675,random,0.7758357418487087,0.0020628747618895954,1.038,0.19119623427254,1,0.962,0.038
1,0.7,random,0.8021947915376263,0.0006782421641650479,1.017,0.12927103310486848,1,0.983,0.017
1,0.725,random,0.8233033504913883,6.151611034982349e-05,1.0,0.0,1,1.0,0.0
1,0.75,random,0.8405862833237133,4.383445701153444e-06,1.0635,0.24386010333795896,1,0.9365,0.0635
1,0.775,random,0.8550253179198084,3.297472126182106e-07,1.169,0.37475191794038887,1,0.831,0.169
1,0.8,random,0.8673017317066721,2.5855814077444408e-08,1.283,0.45045643518546835,1,0.717,0.283
1,0.825,random,0.8778820672093776,2.0895170472667723e-09,1.326,0.46874726665869754,2,0.674,0.326
1,0.85,random,0.8871005746822039,1.7124066553968108e-10,1.393,0.488416830176848,1,0.607,0.393
1,0.875,random,0.8952052504750136,1.3728684520726782e-11,1.391,0.48797438457361664,2,0.609,0.391
1,0.9,random,0.9023851945923914,9.982081552510572e-13,1.3635,0.4810070165808395,1,0.6365,0.3635
1,0.925,random,0.908787804524048,1.0053513365086721e-13,1.13,0.33630343441600474,1,0.87,0.13
1,0.95,random,0.9145300733420474,3.1332102199402376e-14,1.0835,0.2766364943386899,1,0.9165,0.0835
1,0.975,random,0.9197062858688793,9.339340667063713e-15,1.0585,0.23468649300716052,1,0.9415,0.0585
1,1.0,random,0.9243934196980254,2.5904717519933874e-15,1.0485,0.2148202737173565,1,0.9515,0.0485
1,1.025,random,0.9286550318439216,7.139001670957571e-16,1.029,0.16780643611018023,1,0.971,0.029
1,1.05,random,0.9325441163259516,2.1220948219068842e-16,1.0105,0.10193012312363799,1,0.9895,0.0105
1,1.075,random,0.9361052445744493,1.8747653483326734e-16,1.0,0.0,1,1.0,0.0
1,1.1,random,0.9393761949199354,1.3343476739542479e-16,1.0,0.0,1,1.0,0.0
1,1.125,random,0.9423892110132169,1.2546011417772583e-16,1.0,0.0,1,1.0,0.0
1,1.15,random,0.9451719860986889,1.9807449124786678e-16,1.0,0.0,1,1.0,0.0
1,1.175,random,0.9477484416384313,1.1859136067139692e-16,1.0,0.0,1,1.0,0.0
1,1.2,random,0.9501393495514578,1.1237409603355315e-16,1.0,0.0,1,1.0,0.0
2,0.4,random,0.10367276246552157,0.049014454909309293,0.0025,0.04993746088859544,0,1.0,0.0
2,0.425,random,0.10879065577763032,0.04498860068439456,0.0005,0.02235508890610816,0,1.0,0.0
2,0.45,random,0.11823103533025775,0.039437896186788016,0.0,0.0,0,1.0,0.0
2,0.475,random,0.1229425476710379,0.037888465785595536,0.0025,0.04993746088859544,0,1.0,0.0
2,0.5,random,0.12073457587039285,0.04952811541077974,0.0,0.0,0,1.0,0.0
2,0.525,random,0.17885539164361303,0.04200212920805662,0.0055,0.07395775821372631,0,1.0,0.0
2,0.55,random,0.13680329748157924,0.062195121880602264,0.0065,0.08036012692872008,0,1.0,0.0
2,0.575,random,0.22129920058269748,0.13063205009579293,0.108,0.32609201155502104,0,0.995,0.005
2,0.6,random,0.33123715194825537,0.10762403330730831,0.4655,0.743511768568595,0,0.9125,0.0875
2,0.625,random,0.3136331695043158,0.1528092110830491,0.528,0.9355297964255334,1,0.857,0.143
2,0.65,random,0.4156600620122408,0.16181236033765042,1.4065,1.2005239481159882,2,0.5185,0.4815
2,0.675,random,0.511316436808189,0.019093475892950997,3.2815,1.065015375475866,3,0.031,0.969
2,0.7,random,0.662095745098563,0.001736050370067071,1.8695,0.6336164060375962,2,0.2745,0.7255
2,0.725,random,0.7215367396041927,0.00037736228553706823,1.0,0.0,1,1.0,0.0
2,0.75,random,0.7604830767858893,1.4377344128670494e-05,1.0,0.0,1,1.0,0.0
2,0.775,random,0.7890668323902187,5.767498086235953e-07,1.0,0.0,1,1.0,0.0
2,0.8,random,0.8114100579504606,3.127194843941797e-08,1.0,0.0,1,1.0,0.0
2,0.825,random,0.8295532874935907,3.1421959046416927e-09,1.0,0.0,1,1.0,0.0
2,0.85,random,0.8446692466481512,4.832684975248487e-10,1.0,0.0,1,1.0,0.0
2,0.875,random,0.8575014459560734,8.941564762240082e-11,1.0,0.0,1,1.0,0.0
2,0.9,random,0.8685534091409753,1.8334546973008622e-11,1.0,0.0,1,1.0,0.0
2,0.925,random,0.8781827765929485,4.023996737262704e-12,1.0,0.0,1,1.0,0.0
2,0.95,random,0.8866529132685196,9.289277984368164e-13,1.0,0.0,1,1.0,0.0
2,0.975,random,0.8941633379079887,2.234137133877887e-13,1.0,0.0,1,1.0,0.0
2,1.0,random,0.900868700623749,5.565409857428736e-14,1.0,0.0,1,1.0,0.0
2,1.025,random,0.9068911607653579,1.4299626225973066e-14,1.0,0.0,1,1.0,0.0
2,1.05,random,0.9123287606655234,3.7809761259820104e-15,1.0,0.0,1,1.0,0.0
2,1.075,random,0.9172612650260216,1.037016057296559e-15,1.0,0.0,1,1.0,0.0
2,1.1,random,0.9217543384018186,3.1847149496194846e-16,1.0,0.0,1,1.0,0.0
2,1.125,random,0.9258625997055199,2.2991268696100663e-16,1.0,0.0,1,1.0,0.0
2,1.15,random,0.9296318981296852,2.225297973982015e-16,1.0,0.0,1,1.0,0.0
2,1.175,random,0.9331010371134401,1.2486924693357872e-16,1.0,0.0,1,1.0,0.0
2,1.2,random,0.936303099327002,1.6824549905012568e-16,1.0,0.0,1,1.0,0.0
3,0.4,random,0.1575338521198553,0.06223817307686231,0.002,0.044676615807377355,0,1.0,0.0
3,0.425,random,0.17445663124410352,0.0628996275138361,0.0065,0.08036012692872008,0,1.0,0.0
3,0.45,random,0.17949901580194902,0.07914306637237735,0.0,0.0,0,1.0,0.0
3,0.475,random,0.19432479303388095,0.10123610578615715,0.0235,0.15148514778683753,0,1.0,0.0
3,0.5,random,0.21705504500591974,0.10356227177053637,0.035,0.18377975949489103,0,1.0,0.0
3,0.525,random,0.24668618872108092,0.08639256775674652,0.0315,0.18843500205641203,0,0.9975,0.0025
3,0.55,random,0.2882856634822151,0.10647671119056021,0.1765,0.4498308015243065,0,0.9755,0.0245
3,0.575,random,0.3189679267410027,0.08381226638364628,0.3195,0.5860202641547475,0,0.9515,0.0485
3,0.6,random,0.3895925477881333,0.06303442643352691,0.627,0.8431316623161534,0,0.846,0.154
3,0.625,random,0.46298495667989514,0.031708809848258655,1.933,1.1762274439920197,1,0.391,0.609
3,0.65,random,0.6025753319309668,0.006324709853275716,3.276,1.0544306520582565,3,0.04,0.96
3,0.675,random,0.6740258455371148,0.0033802395065899316,1.4735,0.6665566367533969,1,0.596,0.404
3,0.7,random,0.7221513580087954,0.002040228193755783,1.0235,0.1514851477868375,1,0.9765,0.0235
3,0.725,random,0.7572371231997392,0.0009210454173893164,1.0,0.0,1,1.0,0.0
3,0.75,random,0.7845229896741329,0.0001391830947245839,1.0,0.0,1,1.0,0.0
3,0.775,random,0.8065178605798715,1.3431903573430061e-05,1.0,0.0,1,1.0,0.0
3,0.8,random,0.8246482380826371,1.3305282398053202e-06,1.0,0.0,1,1.0,0.0
3,0.825,random,0.8399104476714031,1.1761547453068612e-07,1.0,0.0,1,1.0,0.0
3,0.85,random,0.8529649593059624,9.195334138943911e-09,1.0,0.0,1,1.0,0.0
3,0.875,random,0.8642719254412811,6.813794918947314e-10,1.0,0.0,1,1.0,0.0
3,0.9,random,0.8741655865953011,5.154796658204684e-11,1.0,0.0,1,1.0,0.0
3,0.925,random,0.8828965572569618,4.223922452094976e-12,1.0,0.0,1,1.0,0.0
3,0.95,random,0.8906575155447491,4.0795016440199815e-13,1.0,0.0,1,1.0,0.0
3,0.975,random,0.8975996456881163,5.321389687395866e-14,1.0,0.0,1,1.0,0.0
3,1.0,random,0.9038436031694886,9.922057332371039e-15,1.0,0.0,1,1.0,0.0
3,1.025,random,0.9094870740580036,2.3704327573884673e-15,1.0,0.0,1,1.0,0.0
3,1.05,random,0.9146101319381665,7.002198708077121e-16,1.0,0.0,1,1.0,0.0
3,1.075,random,0.9192791237357413,3.1111016583378457e-16,1.0,0.0,1,1.0,0.0
3,1.1,random,0.9235495456499964,2.5301152120708e-16,1.0,0.0,1,1.0,0.0
3,1.125,random,0.9274682092745756,1.970606775961879e-16,1.0,0.0,1,1.0,0.0
3,1.15,random,0.9310748984418112,1.3701249707209655e-16,1.0,0.0,1,1.0,0.0
3,1.175,random,0.934403653962102,1.3851116826454064e-16,1.0,0.0,1,1.0,0.0
3,1.2,random,0.9374837820430013,1.0268812799690621e-16,1.0,0.0,1,1.0,0.0
4,0.4,random,0.16409631339127143,0.03536203426065029,0.0005,0.02235508890610816,0,1.0,0.0
4,0.425,random,0.20039837210912106,0.02423167860911645,0.0015,0.03870077518603471,0,1.0,0.0
4,0.45,random,0.2517485925655839,0.025636743999046006,0.019,0.13652472303579302,0,1.0,0.0
4,0.475,random,0.29045585030232335,0.03254688562539211,0.02,0.13999999999999999,0,1.0,0.0
4,0.5,random,0.3140595385829983,0.04479936695899278,0.0275,0.1635351644142629,0,1.0,0.0
4,0.525,random,0.3164842205396792,0.04572380173043036,0.0205,0.14170303454760594,0,1.0,0.0
4,0.55,random,0.3557626060905336,0.12023126649478731,0.495,0.9720982460636373,3,0.8745,0.1255
4,0.575,random,0.37894572013966626,0.1412856983342651,0.769,1.1138397550814927,1,0.7615,0.2385
4,0.6,random,0.41172592899462634,0.0807297187985757,0.9605,1.217760136480087,0,0.7085,0.2915
4,0.625,random,0.4453243613603584,0.09998354781148738,1.7825,1.2736537009721285,0,0.393,0.607
4,0.65,random,0.5298268967855584,0.013448245518953388,2.809,1.0855961495878659,2,0.1225,0.8775
4,0.675,random,0.6452734406067314,0.0036326744742522727,1.33,0.5129327441292864,1,0.691,0.309
4,0.7,random,0.7059086949852651,0.0018626407836705163,1.0735,0.2609554559690216,1,0.9265,0.0735
4,0.725,random,0.7465023099333327,0.0006843773117447936,1.0105,0.10193012312363799,1,0.9895,0.0105
4,0.75,random,0.7769180130677796,9.950289068508002e-05,1.0,0.0,1,1.0,0.0
4,0.775,random,0.8007802960072441,8.544987432155471e-06,1.0,0.0,1,1.0,0.0
4,0.8,random,0.8201235508092217,7.905456869391728e-07,1.0,0.0,1,1.0,0.0
4,0.825,random,0.836224781911941,7.540673775662532e-08,1.0,0.0,1,1.0,0.0
4,0.85,random,0.8498874910964701,6.64281790450717e-09,1.0,0.0,1,1.0,0.0
4,0.875,random,0.8616519566817836,5.038644389046925e-10,1.161,0.367530951077593,1,0.839,0.161
4,0.9,random,0.8719001837738451,3.680296547003888e-11,1.148,0.35509998591945907,1,0.852,0.148
4,0.925,random,0.8809127284288933,3.4965334900533178e-12,1.223,0.41625833324991823,2,0.777,0.223
4,0.95,random,0.8889018454691429,5.385377844267553e-13,1.159,0.3656760861746362,1,0.841,0.159
4,0.975,random,0.8960319902816059,1.1256633010213441e-13,1.2215,0.4152562461902289,1,0.7785,0.2215
4,1.0,random,0.9024331019432504,2.6113037226596323e-14,1.252,0.43416126036301306,1,0.748,0.252
4,1.025,random,0.9082095408758175,6.318213294406842e-15,1.248,0.4318518264405049,1,0.752,0.248
4,1.05,random,0.913446294923298,1.5782670610034593e-15,1.242,0.4282942913464992,1,0.758,0.242
4,1.075,random,0.9182134052416637,4.384537658828663e-16,1.231,0.42147241902644117,1,0.769,0.231
4,1.1,random,0.9225691958183563,1.4585812468861363e-16,1.2185,0.41322844771385236,1,0.7815,0.2185
4,1.125,random,0.9265626773035817,1.0672009800936447e-16,1.2025,0.40186284973856434,1,0.7975,0.2025
4,1.15,random,0.9302353675628686,1.27675647831893e-16,1.1805,0.384603367119946,1,0.8195,0.1805
4,1.175,random,0.9336226916475644,2.6112672114328173e-16,1.157,0.36380076965284175,1,0.843,0.157
4,1.2,random,0.9367550729310995,9.553725552076524e-17,1.1265,0.33241201843495366,1,0.8735,0.1265
5,0.4,random,0.0909655427118526,0.04510823230031351,0.0005,0.02235508890610816,0,1.0,0.0
5,0.425,random,0.09696985064358075,0.0661093626775701,0.0015,0.03870077518603471,0,1.0,0.0
5,0.45,random,0.1873939751031794,0.054263208238600105,0.012,0.1088852607105296,0,1.0,0.0
5,0.475,random,0.22265874998771643,0.0379020259534267,0.0025,0.04993746088859544,0,1.0,0.0
5,0.5,random,0.25047029859455594,0.04688337139927995,0.0225,0.14830289949963893,0,1.0,0.0
5,0.525,random,0.28319717187125004,0.06989506465195328,0.0375,0.19517620244281836,0,0.999,0.001
5,0.55,random,0.35202332181024953,0.06656933485094009,0.2315,0.4689432268409471,0,0.982,0.018
5,0.575,random,0.38007701960508533,0.0937785070398906,0.692,0.9176796826780028,1,0.8005,0.1995
5,0.6,random,0.4593193617032921,0.11004516137107717,1.7635,1.398773659317332,2,0.449,0.551
5,0.625,random,0.42864315736915914,0.06092692957916288,1.9455,1.2520102835040934,0,0.374,0.626
5,0.65,random,0.6161589914804588,0.004941234632763582,2.3225,1.1926834240484774,3,0.2925,0.7075
5,0.675,random,0.6959149217352908,0.0025268822864993098,1.0965,0.2986431817403505,1,0.9045,0.0955
5,0.7,random,0.7428317732199429,0.0005423885209209346,1.005,0.07053367989832943,1,0.995,0.005
5,0.725,random,0.7764874184459866,2.51690007406059e-05,1.0,0.0,1,1.0,0.0
5,0.75,random,0.8020909803535353,9.871567514936264e-07,1.0,0.0,1,1.0,0.0
5,0.775,random,0.8224883414481711,4.122785949132349e-08,1.0,0.0,1,1.0,0.0
5,0.8,random,0.8392521150571247,1.971394612821891e-09,1.0,0.0,1,1.0,0.0
5,0.825,random,0.8533337511688752,1.5364578655979494e-10,1.0,0.0,1,1.0,0.0
5,0.85,random,0.8653575157409971,2.335602175168974e-11,1.0365,0.1875306641592249,2,0.9635,0.0365
5,0.875,random,0.8757568422031959,4.540589629217369e-12,1.0665,0.2491540688008125,1,0.9335,0.0665
5,0.9,random,0.8848455155431532,9.499902264646945e-13,1.0805,0.27206570897487253,1,0.9195,0.0805
5,0.925,random,0.892858128455898,2.0793765779039592e-13,1.0845,0.27813620763935065,1,0.9155,0.0845
5,0.95,random,0.8999745980026105,4.7280940743274454e-14,1.0565,0.23088471149038867,1,0.9435,0.0565
5,0.975,random,0.9063357957944372,1.112300196141583e-14,1.063,0.24296296014001809,1,0.937,0.063
5,1.0,random,0.9120539317586533,2.6984735151454403e-15,1.0645,0.24564150707891366,2,0.9355,0.0645
5,1.025,random,0.9172196911563361,6.795435618072985e-16,1.0,0.0,1,1.0,0.0
5,1.05,random,0.9219072814241742,3.2994363900596666e-16,1.0,0.0,1,1.0,0.0
5,1.075,random,0.9261780876162463,1.441580884720522e-16,1.0,0.0,1,1.0,0.0
5,1.1,random,0.9300833747729983,2.167921899397453e-16,1.0,0.0,1,1.0,0.0
5,1.125,random,0.9336663212523033,2.4612169622937117e-16,1.0,0.0,1,1.0,0.0
5,1.15,random,0.9369635723487881,1.982921726761039e-16,1.0,0.0,1,1.0,0.0
5,1.175,random,0.9400064435440675,2.237037408604468e-16,1.0,0.0,1,1.0,0.0
5,1.2,random,0.9428218636753061,1.4202612388407336e-16,1.0,0.0,1,1.0,0.0
6,0.4,random,0.10798808522275481,0.05233583809793097,0.0015,0.038700775186034715,0,1.0,0.0
6,0.425,random,0.12605039810536398,0.04279317873886908,0.002,0.044676615807377355,0,1.0,0.0
6,0.45,random,0.14701040289408268,0.03239220640018962,0.003,0.054690035655501276,0,1.0,0.0
6,0.475,random,0.13310253435947283,0.04914498671147584,0.0005,0.022355088906108163,0,1.0,0.0
6,0.5,random,0.17280840709247647,0.04135114272724962,0.003,0.054690035655501276,0,1.0,0.0
6,0.525,random,0.21133771618007585,0.07538626569219736,0.016,0.125475097130865,0,1.0,0.0
6,0.55,random,0.22851137059982204,0.0536152169331852,0.0185,0.13475069573104254,0,1.0,0.0
6,0.575,random,0.2942016283381759,0.07553210848567984,0.105,0.33312910410229846,0,0.9915,0.0085
6,0.6,random,0.3406720570044434,0.12914559647744828,0.582,0.9483016397750244,1,0.823,0.177
6,0.625,random,0.3748346051966167,0.14281161987933963,0.784,1.0422782737829663,0,0.774,0.226
6,0.65,random,0.4192811232699011,0.13657083836701245,1.4625,1.174135320139889,2,0.5065,0.4935
6,0.675,random,0.4141363977071007,0.10018839656772337,2.2235,1.23310492254309,3,0.303,0.697
6,0.7,random,0.6356437927090578,0.005586716898352899,1.7265,0.8352830358626949,2,0.479,0.521
6,0.725,random,0.7113641264927666,0.001005686236799935,1.0,0.0,1,1.0,0.0
6,0.75,random,0.7544098462253492,0.00012447438237802355,1.0,0.0,1,1.0,0.0
6,0.775,random,0.784736738816709,7.839454423653098e-06,1.0,0.0,1,1.0,0.0
6,0.8,random,0.807904475200936,4.68190949002549e-07,1.0,0.0,1,1.0,0.0
6,0.825,random,0.8265080986633189,2.661414451934014e-08,1.0,0.0,1,1.0,0.0
6,0.85,random,0.8419213000887751,1.4547149833568572e-09,1.0,0.0,1,1.0,0.0
6,0.875,random,0.8549695391029457,7.866926818945678e-11,1.0,0.0,1,1.0,0.0
6,0.9,random,0.866193081984904,4.490006247456661e-12,1.0185,0.1347506957310425,1,0.9815,0.0185
6,0.925,random,0.8759672650646373,3.4315371329093247e-13,1.049,0.21586801523152982,1,0.951,0.049
6,0.95,random,0.8845644976070702,4.9919059043627084e-14,1.071,0.2568248430350927,1,0.929,0.071
6,0.975,random,0.8921891860742621,9.582504975570487e-15,1.086,0.2803640490505157,1,0.914,0.086
6,1.0,random,0.8989987834423866,1.887599540918202e-15,1.0,0.0,1,1.0,0.0
6,1.025,random,0.905117169016174,3.6855391344787394e-16,1.0775,0.26738315204963836,1,0.9225,0.0775
6,1.05,random,0.9106435244819482,3.098795351151671e-16,1.053,0.22403347964087864,1,0.947,0.053
6,1.075,random,0.9156584318880013,1.0053497077208613e-16,1.081,0.27283511504203417,1,0.919,0.081
6,1.1,random,0.9202281869258508,1.8666940107529509e-16,1.067,0.25002199903208516,1,0.933,0.067
6,1.125,random,0.924407925900432,1.1749496091904414e-16,1.0,0.0,1,1.0,0.0
6,1.15,random,0.9282439409332764,1.7160040348933646e-16,1.0,0.0,1,1.0,0.0
6,1.175,random,0.9317754256468032,1.0123748708878107e-16,1.0,0.0,1,1.0,0.0
6,1.2,random,0.9350358125189987,1.3793152780504852e-16,1.0,0.0,1,1.0,0.0
7,0.4,random,0.22138114639596626,0.038301328703211374,0.007,0.08337265738837882,0,1.0,0.0
7,0.425,random,0.23744995481079642,0.045353218714934716,0.0215,0.1450439588538592,0,1.0,0.0
7,0.45,random,0.25314446047110745,0.06159015967067314,0.0285,0.16639636414297038,0,1.0,0.0
7,0.475,random,0.3435959970156557,0.04816469191725563,0.0645,0.255616411836173,0,0.9975,0.0025
7,0.5,random,0.37094070789851197,0.06374565767578737,0.22,0.532541078227774,0,0.96,0.04
7,0.525,random,0.401415745737379,0.07338675794426551,0.5595,0.8828701773194064,0,0.8565,0.1435
7,0.55,random,0.44231937306131747,0.048159362606996894,0.922,0.9954476380001109,1,0.765,0.235
7,0.575,random,0.4606822366241413,0.09980922206720413,1.6225,1.3583054700618709,0,0.4985,0.5015
7,0.6,random,0.4746323429136935,0.02725180680934564,2.548,1.1952807201657694,1,0.1935,0.8065
7,0.625,random,0.5914945434227455,0.006509417465100304,1.9625,0.7714231977326064,3,0.2965,0.7035
7,0.65,random,0.6836642355133733,0.0025716982410420204,1.0445,0.20620317650317607,1,0.9555,0.0445
7,0.675,random,0.7386002014597762,0.001794072006035597,1.001,0.031606961258558226,1,0.999,0.001
7,0.7,random,0.7757657600419536,0.0009568465281538175,1.0,0.0,1,1.0,0.0
7,0.725,random,0.8031947055489664,0.00014309285206777142,1.0,0.0,1,1.0,0.0
7,0.75,random,0.824712108755707,1.0061339543250625e-05,1.0,0.0,1,1.0,0.0
7,0.775,random,0.8421243883591055,6.234728041011488e-07,1.0,0.0,1,1.0,0.0
7,0.8,random,0.8565741319475578,3.6182742868026815e-08,1.0,0.0,1,1.0,0.0
7,0.825,random,0.8687943322830161,2.1123830568924844e-09,1.0,0.0,1,1.0,0.0
7,0.85,random,0.8792824203631342,1.289112083785942e-10,1.0,0.0,1,1.0,0.0
7,0.875,random,0.8883913601162521,8.515683870402012e-12,1.0,0.0,1,1.0,0.0
7,0.9,random,0.8963804349548136,6.487052874037598e-13,1.0,0.0,1,1.0,0.0
7,0.925,random,0.9034454507471434,6.580198709272503e-14,1.0,0.0,1,1.0,0.0
7,0.95,random,0.9097376624680675,1.1085532425158532e-14,1.0,0.0,1,1.0,0.0
7,0.975,random,0.915376144499759,2.682087205858769e-15,1.0,0.0,1,1.0,0.0
7,1.0,random,0.9204561590207099,7.234234015292144e-16,1.0,0.0,1,1.0,0.0
7,1.025,random,0.9250549823947781,3.5290425813776633e-16,1.0,0.0,1,1.0,0.0
7,1.05,random,0.9292360624249056,1.236790442649893e-16,1.0,0.0,1,1.0,0.0
7,1.075,random,0.9330520483262356,1.1029829678061802e-16,1.0,0.0,1,1.0,0.0
7,1.1,random,0.9365470406297796,1.112164217857803e-16,1.0,0.0,1,1.0,0.0
7,1.125,random,0.9397582896442954,1.9976303073317525e-16,1.0,0.0,1,1.0,0.0
7,1.15,random,0.9427174966416326,1.8912935169115145e-16,1.0,0.0,1,1.0,0.0
7,1.175,random,0.9454518239330962,1.2585248453105972e-16,1.0,0.0,1,1.0,0.0
7,1.2,random,0.9479846883442353,3.7656860024343363e-16,1.0,0.0,1,1.0,0.0
8,0.4,random,0.08764978608262859,0.03423935886842792,0.0,0.0,0,1.0,0.0
8,0.425,random,0.09087629193091512,0.029855484593026334,0.0005,0.022355088906108163,0,1.0,0.0
8,0.45,random,0.13711413447174037,0.04126980171525622,0.001,0.03160696125855822,0,1.0,0.0
8,0.475,random,0.16547835921330614,0.03290505717685102,0.001,0.03160696125855822,0,1.0,0.0
8,0.5,random,0.19123326725508583,0.05454452715893897,0.004,0.063118935352238,0,1.0,0.0
8,0.525,random,0.22704466608231286,0.02856503984281069,0.0095,0.09700386590234432,0,1.0,0.0
8,0.55,random,0.30379528338112477,0.0729190332035137,0.0795,0.2884089977791955,0,0.995,0.005
8,0.575,random,0.36259700774303144,0.10697766248509775,0.4395,0.8890105454942592,0,0.891,0.109
8,0.6,random,0.38563264934046326,0.10780583428634571,0.6285,0.9515712006991385,1,0.8155,0.1845
8,0.625,random,0.4003236475675735,0.09465387927185531,0.8755,1.1095042811994913,0,0.7455,0.2545
8,0.65,random,0.41701661710320254,0.041669325948006916,1.4095,1.0401008364576965,1,0.5695,0.4305
8,0.675,random,0.4638109637295834,0.017913115320158407,2.8125,1.0150584958513473,4,0.0935,0.9065
8,0.7,random,0.6343680384165351,0.003986049180637592,1.481,0.6177693744432464,1,0.5785,0.4215
8,0.725,random,0.7035885450466307,0.002558115825190433,1.0,0.0,1,1.0,0.0
8,0.75,random,0.7467011675866474,0.0006770084000417661,1.0,0.0,1,1.0,0.0
8,0.775,random,0.777884806568343,3.6571710833111806e-05,1.0,0.0,1,1.0,0.0
8,0.8,random,0.8019293217555135,1.914637917564815e-06,1.0,0.0,1,1.0,0.0
8,0.825,random,0.8212755184601497,1.0696484529490169e-07,1.0,0.0,1,1.0,0.0
8,0.85,random,0.8373000447048172,6.201858423681137e-09,1.0,0.0,1,1.0,0.0
8,0.875,random,0.850850670294841,3.645912556588944e-10,1.0,0.0,1,1.0,0.0
8,0.9,random,0.8624900130381129,2.0378755733263566e-11,1.0,0.0,1,1.0,0.0
8,0.925,random,0.8726118705525889,1.0222656830409082e-12,1.0,0.0,1,1.0,0.0
8,0.95,random,0.8815030486633575,1.8774964905579108e-13,1.0,0.0,1,1.0,0.0
8,0.975,random,0.8893789732520344,5.083386953796441e-14,1.0,0.0,1,1.0,0.0
8,1.0,random,0.8964055049016827,1.221588665759918e-14,1.0,0.0,1,1.0,0.0
8,1.025,random,0.9027129642101692,2.8702239227607004e-15,1.0,0.0,1,1.0,0.0
8,1.05,random,0.9084055067769122,6.892598597174437e-16,1.0,0.0,1,1.0,0.0
8,1.075,random,0.9135675934685052,3.1510586073393308e-16,1.0,0.0,1,1.0,0.0
8,1.1,random,0.9182685775330272,1.2136520182768034e-16,1.0,0.0,1,1.0,0.0
8,1.125,random,0.9225660321813663,2.3885281489782877e-16,1.0,0.0,1,1.0,0.0
8,1.15,random,0.9265082130195453,1.901854492319215e-16,1.0,0.0,1,1.0,0.0
8,1.175,random,0.9301359123554103,2.1174430123461377e-16,1.0,0.0,1,1.0,0.0
8,1.2,random,0.9334838772912806,1.8801816219508313e-16,1.0,0.0,1,1.0,0.0
9,0.4,random,0.11026049371746899,0.04038893660588945,0.0025,0.04993746088859544,0,1.0,0.0
9,0.425,random,0.12268801280200058,0.047788632497983645,0.001,0.03160696125855822,0,1.0,0.0
9,0.45,random,0.15466349150850853,0.06857477688233414,0.0005,0.022355088906108163,0,1.0,0.0
9,0.475,random,0.20547575304845161,0.08151797967484409,0.004,0.063118935352238,0,1.0,0.0
9,0.5,random,0.22321518970714302,0.05778924482596429,0.0065,0.08036012692872008,0,1.0,0.0
9,0.525,random,0.27874075238905,0.08164488332996418,0.079,0.28418128017165384,0,0.996,0.004
9,0.55,random,0.29221794639741916,0.07503276052476839,0.1345,0.41642496322867095,0,0.9825,0.0175
9,0.575,random,0.34231877424182633,0.11260318789875699,0.4585,0.7357158079041118,1,0.8985,0.1015
9,0.6,random,0.40461633344718473,0.0892884743696795,0.8335,1.0529851613389432,0,0.7325,0.2675
9,0.625,random,0.3936374772529797,0.10260995890130083,1.109,1.1437303003767976,2,0.668,0.332
9,0.65,random,0.4523169875783418,0.0951110498348896,2.2205,1.3615725283656395,4,0.313,0.687
9,0.675,random,0.627174862547974,0.0034197619205788843,2.047,1.1894498728403815,4,0.4435,0.5565
9,0.7,random,0.7000617970459342,0.0014773188693716023,1.065,0.246525860712421,1,0.935,0.065
9,0.725,random,0.7450841866524636,0.0002426625123651655,1.0,0.0,1,1.0,0.0
9,0.75,random,0.7773721312809169,1.7932121293569203e-05,1.0,0.0,1,1.0,0.0
9,0.775,random,0.8020801808341963,1.3304503311191684e-06,1.0,0.0,1,1.0,0.0
9,0.8,random,0.8218747552440796,9.029284910016777e-08,1.0,0.0,1,1.0,0.0
9,0.825,random,0.8382194806347543,6.828394178454986e-09,1.0,0.0,1,1.0,0.0
9,0.85,random,0.8520056078298092,9.289081281288987e-10,1.0,0.0,1,1.0,0.0
9,0.875,random,0.8638203641803267,1.766912119018211e-10,1.0,0.0,1,1.0,0.0
9,0.9,random,0.8740729336972572,3.643570961980151e-11,1.0,0.0,1,1.0,0.0
9,0.925,random,0.8830605388993782,7.818396172671908e-12,1.0,0.0,1,1.0,0.0
9,0.95,random,0.8910060960431094,1.7287961862086851e-12,1.0,0.0,1,1.0,0.0
9,0.975,random,0.8980810868950087,3.9230962455611744e-13,1.0,0.0,1,1.0,0.0
9,1.0,random,0.9044201726833444,9.121961404583063e-14,1.0,0.0,1,1.0,0.0
9,1.025,random,0.9101309227798784,2.171812267670193e-14,1.0,0.0,1,1.0,0.0
9,1.05,random,0.9153005139441261,5.2988265289550646e-15,1.0,0.0,1,1.0,0.0
9,1.075,random,0.9200004757543058,1.3433950919009447e-15,1.0,0.0,1,1.0,0.0
9,1.1,random,0.9242901334583369,3.4911174408296024e-16,1.0,0.0,1,1.0,0.0
9,1.125,random,0.9282191574746066,3.5297410559181755e-16,1.0,0.0,1,1.0,0.0
9,1.15,random,0.9318294850756215,1.811059284642344e-16,1.0,0.0,1,1.0,0.0
9,1.175,random,0.9351567914164002,1.3304159710743273e-16,1.0,0.0,1,1.0,0.0
9,1.2,random,0.9382316310260033,2.289860220491834e-16,1.0,0.0,1,1.0,0.0
10,0.4,random,0.10379416040473133,0.022826604548596908,0.0,0.0,0,1.0,0.0
10,0.425,random,0.13660718293104018,0.03058799144055421,0.0005,0.02235508890610816,0,1.0,0.0
10,0.45,random,0.17251076501734094,0.034180664425497304,0.0005,0.022355088906108163,0,1.0,0.0
10,0.475,random,0.1972882982162758,0.05013537735619075,0.0085,0.09180277773575264,0,1.0,0.0
10,0.5,random,0.2762794795347851,0.06183155483681524,0.0295,0.16920328011004987,0,1.0,0.0
10,0.525,random,0.29084930170533535,0.058342064798585745,0.0755,0.2660822241338192,0,0.9995,0.0005
10,0.55,random,0.4039229015902501,0.07666440987447622,0.433,0.7446549536530325,0,0.9065,0.0935
10,0.575,random,0.4256322722823414,0.06672549634186979,0.794,0.9734289907332738,2,0.784,0.216
10,0.6,random,0.4690697729523811,0.03518621515434486,1.4195,1.1029595414157312,1,0.5555,0.4445
10,0.625,random,0.5357882658988834,0.014709033525321458,2.6255,1.089150930771305,3,0.136,0.864
10,0.65,random,0.637678311856277,0.0052828008779035604,1.621,0.6102122581528496,1,0.444,0.556
10,0.675,random,0.703700914952575,0.004172716148200457,1.128,0.35723381698825774,1,0.8795,0.1205
10,0.7,random,0.7468025124443957,0.0017378795418604902,1.0025,0.04993746088859544,1,0.9975,0.0025
10,0.725,random,0.7788468558859045,0.0006888046355721546,1.0,0.0,1,1.0,0.0
10,0.75,random,0.8035701794919637,7.082290849639298e-05,1.0,0.0,1,1.0,0.0
10,0.775,random,0.8234465329128896,5.109321706332999e-06,1.0,0.0,1,1.0,0.0
10,0.8,random,0.839837670533027,3.8166783855178775e-07,1.0,0.0,1,1.0,0.0
10,0.825,random,0.8536444186631058,2.9430876932107548e-08,1.0,0.0,1,1.0,0.0
10,0.85,random,0.865463093472707,2.3184874104508566e-09,1.0,0.0,1,1.0,0.0
10,0.875,random,0.8757088889508959,1.8545207689467025e-10,1.034,0.25854206620973696,1,0.983,0.017
10,0.9,random,0.8846827648957871,1.503763206203061e-11,1.0,0.0,1,1.0,0.0
10,0.925,random,0.8926099472146325,1.2391441425371435e-12,1.0,0.0,1,1.0,0.0
10,0.95,random,0.8996633745885058,1.0462636899038488e-13,1.3085,0.46187417117652296,1,0.6915,0.3085
10,0.975,random,0.905978660389836,9.250756724612655e-15,1.384,0.48635789291426135,2,0.616,0.384
10,1.0,random,0.9116640235415986,9.343006649134977e-16,1.349,0.5596418497575033,2,0.694,0.306
10,1.025,random,0.9168071041272622,1.6195562694330396e-16,1.3225,0.46743315030066057,1,0.6775,0.3225
10,1.05,random,0.9214797762468567,1.0985038306511572e-16,1.3015,0.4589093047651137,1,0.6985,0.3015
10,1.075,random,0.9257416305702252,1.9005578468694787e-16,1.276,0.4470167782086036,1,0.724,0.276
10,1.1,random,0.9296425477551415,2.022160838786811e-16,1.25,0.4330127018922193,1,0.75,0.25
10,1.125,random,0.9332246349640927,2.3599748410474177e-16,1.2375,0.42555111326373,2,0.7625,0.2375
10,1.15,random,0.9365237064275466,2.4642199734307767e-16,1.2195,0.511194434633242,1,0.8255,0.1745
10,1.175,random,0.9395704313315353,4.236050094539629e-16,1.202,0.4014922166119787,1,0.798,0.202
10,1.2,random,0.9423912348721423,2.523896156671203e-16,1.183,0.386666522988479,2,0.817,0.183
11,0.4,random,0.12820028230304853,0.04944454959919109,0.003,0.05469003565550128,0,1.0,0.0
11,0.425,random,0.1692438048568877,0.06241217835957637,0.002,0.044676615807377355,0,1.0,0.0
11,0.45,random,0.20216992994092356,0.02824832276467794,0.009,0.09444045743218316,0,1.0,0.0
11,0.475,random,0.24336638195297872,0.048091986740186554,0.0295,0.16920328011004987,0,1.0,0.0
11,0.5,random,0.3244886391342832,0.05899236529590317,0.101,0.32526758215352486,0,0.9925,0.0075
11,0.525,random,0.3682408649257447,0.07813776466093227,0.233,0.5096184847510931,0,0.968,0.032
11,0.55,random,0.43141035435140757,0.08714680097055058,0.8545,1.0026613336515975,1,0.7755,0.2245
11,0.575,random,0.4854610977743314,0.04297146746551448,1.6035,1.292782947752638,1,0.53,0.47
11,0.6,random,0.5310195623217121,0.029829554679862934,2.4935,1.1171202934330753,3,0.1815,0.8185
11,0.625,random,0.6024030729255233,0.00779594620494413,2.1785,0.8692742662704332,2,0.2375,0.7625
11,0.65,random,0.6756145424440011,0.004287409026716968,1.4425,0.5955617096489666,1,0.6105,0.3895
11,0.675,random,0.725910815038735,0.003105561495488708,1.06,0.24372115213907886,1,0.9415,0.0585
11,0.7,random,0.7624226617196084,0.0018396135876170758,1.0,0.0,1,1.0,0.0
11,0.725,random,0.790509896661059,0.0011528692551655182,1.0,0.0,1,1.0,0.0
11,0.75,random,0.8126604393197778,0.00034108030790555187,1.0,0.0,1,1.0,0.0
11,0.775,random,0.830833346787813,3.854492396098503e-05,1.04,0.19595917942265426,1,0.96,0.04
11,0.8,random,0.8460094339583543,3.9910499139503884e-06,1.1535,0.36046879199176174,1,0.8465,0.1535
11,0.825,random,0.8589009124424299,4.135186360624351e-07,1.1555,0.3623806700142821,1,0.8445,0.1555
11,0.85,random,0.8700078451871914,4.329590137216681e-08,1.184,0.3874841932259947,1,0.816,0.184
11,0.875,random,0.8796861351094724,4.573026296399757e-09,1.065,0.24652586071242097,1,0.935,0.065
11,0.9,random,0.8881983622395618,4.854455128477075e-10,1.348,0.4763360158543546,1,0.652,0.348
11,0.925,random,0.8957438464235948,5.163571686858036e-11,1.256,0.43642181430354743,1,0.744,0.256
11,0.95,random,0.9024773974351753,5.48835761251729e-12,1.251,0.43358851460803244,1,0.749,0.251
11,0.975,random,0.9085215492388309,5.80055391943671e-13,1.22,0.41424630354415953,2,0.78,0.22
11,1.0,random,0.9139748384375576,6.013527578599595e-14,1.1665,0.37252885794257606,1,0.8335,0.1665
11,1.025,random,0.9189175797160609,5.876918679065305e-15,1.1715,0.37694528780712994,1,0.8285,0.1715
11,1.05,random,0.9234160012898979,5.133325990261363e-16,1.1525,0.3595048678390878,1,0.8475,0.1525
11,1.075,random,0.9275252728477917,1.1856537373985423e-16,1.1005,0.30066551182335494,1,0.8995,0.1005
11,1.1,random,0.9312917656437283,2.677916852055859e-16,1.0785,0.2689567809147039,1,0.9215,0.0785
11,1.125,random,0.9347547678817258,2.910817610249641e-16,1.072,0.2584879107424562,1,0.928,0.072
11,1.15,random,0.9379478058772681,1.1853938111129682e-16,1.047,0.21163884331568247,1,0.953,0.047
11,1.175,random,0.9408996748545794,3.258367451443568e-16,1.017,0.12927103310486848,1,0.983,0.017
11,1.2,random,0.9436352525387094,1.636402454983496e-16,1.0,0.0,1,1.0,0.0
12,0.4,random,0.0724733108909272,0.0355383656333402,0.0,0.0,0,1.0,0.0
12,0.425,random,0.07681419309101242,0.03433893930124914,0.0,0.0,0,1.0,0.0
12,0.45,random,0.10201331826142997,0.04436188726244515,0.0,0.0,0,1.0,0.0
12,0.475,random,0.13519507767257058,0.0413375440482239,0.002,0.044676615807377355,0,1.0,0.0
12,0.5,random,0.1827819525886913,0.07137016656876714,0.0175,0.13112494041943354,0,1.0,0.0
12,0.525,random,0.2624432055179811,0.059149321467433506,0.057,0.23611649667060536,0,0.999,0.001
12,0.55,random,0.2990962372636562,0.10577205732810563,0.113,0.3622581952144078,0,0.9855,0.0145
12,0.575,random,0.36389715125362376,0.08403190672748002,0.309,0.5643748754152687,0,0.9535,0.0465
12,0.6,random,0.3974661501944404,0.056995415682147804,0.673,0.794399773413865,0,0.85,0.15
12,0.625,random,0.509038640585834,0.01742634304363268,2.3265,0.9853414382842122,2,0.1905,0.8095
12,0.65,random,0.6005476085523341,0.006880497540127244,2.9635,0.837357599834145,3,0.0135,0.9865
12,0.675,random,0.6712775743517779,0.002428950546658162,1.8435,0.920330239642271,3,0.457,0.543
12,0.7,random,0.7205901610800666,0.0014645778441319225,1.0115,0.10661965109678423,1,0.9885,0.0115
12,0.725,random,0.7571930310809956,0.0003309259957304596,1.0,0.0,1,1.0,0.0
12,0.75,random,0.78536963513563,2.0337477521766122e-05,1.0,0.0,1,1.0,0.0
12,0.775,random,0.807838414691111,1.2813428028545459e-06,1.0,0.0,1,1.0,0.0
12,0.8,random,0.8262824809833491,8.138852904059855e-08,1.0,0.0,1,1.0,0.0
12,0.825,random,0.84174735775468,5.172436395825692e-09,1.034,0.18122913673027302,1,0.966,0.034
12,0.85,random,0.8549247336233057,3.538662871859617e-10,1.0545,0.2270016519763678,1,0.9455,0.0545
12,0.875,random,0.8662974393820523,3.1544455916868234e-11,1.0625,0.24206145913796356,1,0.9375,0.0625
12,0.9,random,0.8762161307841297,4.274150226862892e-12,1.0615,0.24024518725668573,1,0.9385,0.0615
12,0.925,random,0.8849433227332285,7.900895702843392e-13,1.0425,0.20172691937369194,1,0.9575,0.0425
12,0.95,random,0.8926803441889938,1.692094707571728e-13,1.04,0.19595917942265426,1,0.96,0.04
12,0.975,random,0.8995846800719485,3.877749204100037e-14,1.0185,0.1347506957310425,1,0.9815,0.0185
12,1.0,random,0.9057815772601161,9.238580327690353e-15,1.0025,0.04993746088859544,1,0.9975,0.0025
12,1.025,random,0.9113720640574999,2.2751907467525958e-15,1.0,0.0,1,1.0,0.0
12,1.05,random,0.9164386401051938,5.967642397769261e-16,1.0,0.0,1,1.0,0.0
12,1.075,random,0.9210494047685104,1.804069713624969e-16,1.0,0.0,1,1.0,0.0
12,1.1,random,0.9252611106749421,2.671465141438559e-16,1.0,0.0,1,1.0,0.0
12,1.125,random,0.9291214603881263,1.719233318735412e-16,1.0,0.0,1,1.0,0.0
12,1.15,random,0.9326708595006011,1.7313784796629086e-16,1.0,0.0,1,1.0,0.0
12,1.175,random,0.9359437724891284,3.4077698486647217e-16,1.0,0.0,1,1.0,0.0
12,1.2,random,0.9389697837690555,3.294202153397169e-16,1.0,0.0,1,1.0,0.0
13,0.4,random,0.0984977715142021,0.03573998561046652,0.0,0.0,0,1.0,0.0
13,0.425,random,0.10422936031094335,0.04360381008045586,0.004,0.063118935352238,0,1.0,0.0
13,0.45,random,0.11004527904788512,0.053561208108732196,0.001,0.03160696125855822,0,1.0,0.0
13,0.475,random,0.1442933782493513,0.05452305459503808,0.004,0.063118935352238,0,1.0,0.0
13,0.5,random,0.13216030795272446,0.05594904483332219,0.0065,0.08036012692872006,0,1.0,0.0
13,0.525,random,0.2862036829746251,0.05135153369543024,0.0255,0.16077857444323856,0,0.9995,0.0005
13,0.55,random,0.3385707107683546,0.0752932290054616,0.1495,0.4314507503759844,0,0.9765,0.0235
13,0.575,random,0.3698096497640652,0.08060897038714575,0.2645,0.5454720432799467,0,0.9525,0.0475
13,0.6,random,0.40395664372143664,0.12591615458240452,0.9565,1.239196413003201,0,0.749,0.251
13,0.625,random,0.4124260100666181,0.07440610122226694,1.104,1.0431605820773713,2,0.7055,0.2945
13,0.65,random,0.48522210829059853,0.01631652015514862,2.442,1.0486353036208538,2,0.1825,0.8175
13,0.675,random,0.6073024633825536,0.008042561496980351,2.9,0.9969954864491614,3,0.0655,0.9345
13,0.7,random,0.6707574210266564,0.0033441706170336113,1.4255,0.5995412829822481,2,0.632,0.368
13,0.725,random,0.7165864077872359,0.0012729368528409898,1.0,0.0,1,1.0,0.0
13,0.75,random,0.7512164034798604,0.00017720007960550152,1.0,0.0,1,1.0,0.0
13,0.775,random,0.7782218713660217,1.076072249847875e-05,1.0,0.0,1,1.0,0.0
13,0.8,random,0.8000599077147292,6.00428851892583e-07,1.0,0.0,1,1.0,0.0
13,0.825,random,0.8182232126919495,3.1696576588631134e-08,1.0,0.0,1,1.0,0.0
13,0.85,random,0.8336287672874116,1.746566731031292e-09,1.0,0.0,1,1.0,0.0
13,0.875,random,0.8468857265329902,1.1041855502755016e-10,1.0,0.0,1,1.0,0.0
13,0.9,random,0.8584233385639434,9.211946101635493e-12,1.0,0.0,1,1.0,0.0
13,0.925,random,0.8685573725395436,1.3887281715269564e-12,1.0,0.0,1,1.0,0.0
13,0.95,random,0.8775276515475755,3.023324275293688e-13,1.0,0.0,1,1.0,0.0
13,0.975,random,0.8855208007316946,6.976066996879446e-14,1.0,0.0,1,1.0,0.0
13,1.0,random,0.8926848468618086,1.63354233358262e-14,1.0,0.0,1,1.0,0.0
13,1.025,random,0.8991390305860649,3.903587413885686e-15,1.0,0.0,1,1.0,0.0
13,1.05,random,0.9049806493115878,9.675515631571e-16,1.0,0.0,1,1.0,0.0
13,1.075,random,0.9102899727621887,2.54662511130551e-16,1.0,0.0,1,1.0,0.0
13,1.1,random,0.9151338597236802,2.6349968806640573e-16,1.0,0.0,1,1.0,0.0
13,1.125,random,0.9195684720904135,2.4049849914258815e-16,1.0,0.0,1,1.0,0.0
13,1.15,random,0.9236413453559018,2.68240084108075e-16,1.0,0.0,1,1.0,0.0
13,1.175,random,0.9273929904918456,1.536365757181862e-16,1.0,0.0,1,1.0,0.0
13,1.2,random,0.9308581484728736,2.991118854351034e-16,1.0,0.0,1,1.0,0.0
14,0.4,random,0.147139119432698,0.07412905536917686,0.002,0.044676615807377355,0,1.0,0.0
14,0.425,random,0.15188993339959342,0.072583346015834,0.0025,0.04993746088859544,0,1.0,0.0
14,0.45,random,0.14672494405924194,0.049098796786036306,0.003,0.054690035655501276,0,1.0,0.0
14,0.475,random,0.08945154970091261,0.029922644714446164,0.0015,0.038700775186034715,0,1.0,0.0
14,0.5,random,0.15264587855752204,0.0653578076986545,0.0055,0.0739577582137263,0,1.0,0.0
14,0.525,random,0.3197298951119152,0.07374622038647971,0.138,0.3727680243797743,0,0.992,0.008
14,0.55,random,0.4127835878425861,0.09851622876586219,0.6115,0.9351832708084551,0,0.8265,0.1735
14,0.575,random,0.4048167222380377,0.061656117584663356,0.432,0.7123033061835387,1,0.897,0.103
14,0.6,random,0.44394278515913366,0.06958433396040091,1.234,1.2133606224037434,1,0.63,0.37
14,0.625,random,0.4590157290609442,0.06577105505077835,2.0215,1.3107393905731222,1,0.375,0.625
14,0.65,random,0.6027730548715721,0.007556093635750832,2.512,1.0251126767336358,3,0.1675,0.8325
14,0.675,random,0.6924059721774404,0.002450007676046769,1.0175,0.13112494041943354,1,0.9825,0.0175
14,0.7,random,0.7429363550068769,0.0010238766563318872,1.0,0.0,1,1.0,0.0
14,0.725,random,0.7776662716815813,0.00011984644571332712,1.0,0.0,1,1.0,0.0
14,0.75,random,0.8037705279236916,8.455331277730408e-06,1.0,0.0,1,1.0,0.0
14,0.775,random,0.8243769705457921,6.49619168667617e-07,1.0,0.0,1,1.0,0.0
14,0.8,random,0.8412042271864822,5.0436269921724616e-08,1.0,0.0,1,1.0,0.0
14,0.825,random,0.8552723976292593,3.923370240898992e-09,1.0,0.0,1,1.0,0.0
14,0.85,random,0.8672417331653747,5.000739647591027e-10,1.0,0.0,1,1.0,0.0
14,0.875,random,0.8775657780273851,1.3839692800766827e-10,1.0,0.0,1,1.0,0.0
14,0.9,random,0.8865698736620202,4.248144460001054e-11,1.0,0.0,1,1.0,0.0
14,0.925,random,0.8944952858289857,1.3596054594789689e-11,1.0,0.0,1,1.0,0.0
14,0.95,random,0.9015257306314614,4.494016387349054e-12,1.0,0.0,1,1.0,0.0
14,0.975,random,0.9078041632473303,1.174052581954087e-12,1.0,0.0,1,1.0,0.0
14,1.0,random,0.913443849800403,1.7479103569205589e-13,1.0,0.0,1,1.0,0.0
14,1.025,random,0.9185359197821424,2.866921985917265e-14,1.0,0.0,1,1.0,0.0
14,1.05,random,0.9231546657408312,5.57651387682472e-15,1.0,0.0,1,1.0,0.0
14,1.075,random,0.9273613530700474,1.2559807392475356e-15,1.0,0.0,1,1.0,0.0
14,1.1,random,0.9312070164574354,3.8293843723188674e-16,1.0,0.0,1,1.0,0.0
14,1.125,random,0.9347345502098481,2.407802183692056e-16,1.0,0.0,1,1.0,0.0
14,1.15,random,0.9379802959748852,2.627032608385257e-16,1.0,0.0,1,1.0,0.0
14,1.175,random,0.9409752659511373,1.1052157291353396e-16,1.0,0.0,1,1.0,0.0
14,1.2,random,0.9437460972946352,1.7970529571352417e-16,1.0,0.0,1,1.0,0.0
15,0.4,random,0.07409144883079752,0.02849863760857422,0.0,0.0,0,1.0,0.0
15,0.425,random,0.09003340168404714,0.043494414151165936,0.0,0.0,0,1.0,0.0
15,0.45,random,0.11165144960900256,0.046236105245813286,0.003,0.054690035655501276,0,1.0,0.0
15,0.475,random,0.14531424697995513,0.03864900180738117,0.0035,0.05905717568594016,0,1.0,0.0
15,0.5,random,0.20067966971099535,0.07787335401444462,0.012,0.1088852607105296,0,1.0,0.0
15,0.525,random,0.24648561138252018,0.0499458204656614,0.027,0.16513933510826548,0,0.9995,0.0005
15,0.55,random,0.2781412391381606,0.07997337227927714,0.054,0.24715177523133433,0,0.995,0.005
15,0.575,random,0.320242090621608,0.11017848436622156,0.244,0.49645140749120653,0,0.969,0.031
15,0.6,random,0.3526059701929882,0.1450063299708199,0.5415,1.0475102624795616,0,0.838,0.162
15,0.625,random,0.43070738459946334,0.14945394623490635,1.2495,1.3100571552417093,3,0.617,0.383
15,0.65,random,0.4525437148692685,0.14163837628556644,1.7135,1.2001740498777667,0,0.4155,0.5845
15,0.675,random,0.48821583041640104,0.01666324355640151,2.8435,1.0202978731723398,1,0.094,0.906
15,0.7,random,0.6577826561499459,0.001892257558294496,1.0695,0.30768449749703025,1,0.9455,0.0545
15,0.725,random,0.723253531313101,0.0007612248660714162,1.0,0.0,1,1.0,0.0
15,0.75,random,0.7637969173510225,3.994412362411729e-05,1.0,0.0,1,1.0,0.0
15,0.775,random,0.7929681398110727,1.6536543049954517e-06,1.0,0.0,1,1.0,0.0
15,0.8,random,0.8154460332935907,7.497957200282317e-08,1.0,0.0,1,1.0,0.0
15,0.825,random,0.8335228369178075,4.1068982327275405e-09,1.0,0.0,1,1.0,0.0
15,0.85,random,0.8484823135388029,3.4282795802004596e-10,1.0,0.0,1,1.0,0.0
15,0.875,random,0.8611210114622784,4.550772737953201e-11,1.0,0.0,1,1.0,0.0
15,0.9,random,0.8719688877912167,7.858723002813461e-12,1.0,0.0,1,1.0,0.0
15,0.925,random,0.8813968591721677,1.5329065516293223e-12,1.0,0.0,1,1.0,0.0
15,0.95,random,0.889674752599349,3.1984851813114536e-13,1.0,0.0,1,1.0,0.0
15,0.975,random,0.8970049328681912,6.999077696292494e-14,1.0,0.0,1,1.0,0.0
15,1.0,random,0.903542965888648,1.5916714047825126e-14,1.0,0.0,1,1.0,0.0
15,1.025,random,0.9094109105495071,3.749018659769326e-15,1.0,0.0,1,1.0,0.0
15,1.05,random,0.9147061960507186,9.128842153614742e-16,1.0,0.0,1,1.0,0.0
15,1.075,random,0.919507740241546,2.709603863444848e-16,1.0,0.0,1,1.0,0.0
15,1.1,random,0.9238802806949912,3.8261642368920613e-16,1.0,0.0,1,1.0,0.0
15,1.125,random,0.9278775119979698,2.254873622441467e-16,1.0,0.0,1,1.0,0.0
15,1.15,random,0.9315444042574531,2.880167609092343e-16,1.0,0.0,1,1.0,0.0
15,1.175,random,0.9349189468680144,2.454321203196735e-16,1.0,0.0,1,1.0,0.0
15,1.2,random,0.9380334805274653,2.838351985672246e-16,1.0,0.0,1,1.0,0.0
16,0.4,random,0.16395908323132552,0.04732441753007973,0.007,0.08337265738837883,0,1.0,0.0
16,0.425,random,0.15929474142921105,0.04177594133120542,0.0025,0.04993746088859544,0,1.0,0.0
16,0.45,random,0.16866289993645067,0.09932587993301428,0.0125,0.11110243021644486,0,1.0,0.0
16,0.475,random,0.16636701384211403,0.08728699177689646,0.0035,0.05905717568594016,0,1.0,0.0
16,0.5,random,0.20895382735273285,0.04951113084936531,0.0155,0.12353036064061342,0,1.0,0.0
16,0.525,random,0.27490510349381075,0.06528283733256175,0.0325,0.17732385626305333,0,1.0,0.0
16,0.55,random,0.29918689194287995,0.12809935083569698,0.2695,0.6533526995429039,0,0.9265,0.0735
16,0.575,random,0.3421663025624203,0.10649932903253598,0.367,0.7404802495678058,0,0.9095,0.0905
16,0.6,random,0.43631983073202246,0.09424140808015541,1.0815,1.1219883020780563,0,0.66,0.34
16,0.625,random,0.41561268399860923,0.0750529848111008,1.341,1.1792874967538662,3,0.6345,0.3655
16,0.65,random,0.5269295854157929,0.011031921192374092,3.222,0.9363311380062077,2,0.0155,0.9845
16,0.675,random,0.6522615966108956,0.0028810457212298376,1.4045,0.6089989737265573,2,0.6605,0.3395
16,0.7,random,0.7136874965732581,0.0017577245796058095,1.0,0.0,1,1.0,0.0
16,0.725,random,0.7540073172375167,0.0009756685301572942,1.0,0.0,1,1.0,0.0
16,0.75,random,0.7837128727023961,0.0001334894009135804,1.0,0.0,1,1.0,0.0
16,0.775,random,0.8070862232063205,9.699999290939101e-06,1.0,0.0,1,1.0,0.0
16,0.8,random,0.8260674266187709,7.406902431105957e-07,1.0,0.0,1,1.0,0.0
16,0.825,random,0.8418607857809705,5.605930549896601e-08,1.0,0.0,1,1.0,0.0
16,0.85,random,0.8552402133818157,4.106470758676433e-09,1.0,0.0,1,1.0,0.0
16,0.875,random,0.8667354755322956,2.9007483292755196e-10,1.0,0.0,1,1.0,0.0
16,0.9,random,0.8767257622629102,1.9679157420430432e-11,1.0,0.0,1,1.0,0.0
16,0.925,random,0.8854915715960757,1.242285571477974e-12,1.0,0.0,1,1.0,0.0
16,0.95,random,0.8932458100252922,1.006316785937099e-13,1.0,0.0,1,1.0,0.0
16,0.975,random,0.9001535159648283,2.4851931121864582e-14,1.0,0.0,1,1.0,0.0
16,1.0,random,0.9063449075696189,6.629813246349322e-15,1.0,0.0,1,1.0,0.0
16,1.025,random,0.9119243038743271,1.6796650695485217e-15,1.0,0.0,1,1.0,0.0
16,1.05,random,0.9169763903648093,4.73832469546871e-16,1.0,0.0,1,1.0,0.0
16,1.075,random,0.9215707200922985,2.1760088060650589e-16,1.0,0.0,1,1.0,0.0
16,1.1,random,0.9257650110659272,2.1103000566283207e-16,1.0,0.0,1,1.0,0.0
16,1.125,random,0.9296076038100336,3.2056428194151773e-16,1.0,0.0,1,1.0,0.0
16,1.15,random,0.9331393213721492,1.5397716709754284e-16,1.0,0.0,1,1.0,0.0
16,1.175,random,0.9363948966963652,1.8554347992292998e-16,1.0,0.0,1,1.0,0.0
16,1.2,random,0.9394040818078825,4.4024227835532487e-16,1.0,0.0,1,1.0,0.0
17,0.4,random,0.1389929444044959,0.07452278039806248,0.002,0.044676615807377355,0,1.0,0.0
17,0.425,random,0.12974984388194025,0.04349115488416479,0.0015,0.03870077518603471,0,1.0,0.0
17,0.45,random,0.218682132432703,0.04336117526732298,0.0035,0.05905717568594016,0,1.0,0.0
17,0.475,random,0.25017392122108345,0.033280242390992025,0.009,0.09444045743218316,1,1.0,0.0
17,0.5,random,0.3243884376307924,0.03214334119941226,0.048,0.21839413911549913,0,0.999,0.001
17,0.525,random,0.35423405933992413,0.0616079163117928,0.1525,0.39273878087094993,0,0.9875,0.0125
17,0.55,random,0.40088882776046514,0.05534357240830887,0.242,0.5044164945756632,0,0.9695,0.0305
17,0.575,random,0.4462966503913393,0.04636062355945411,0.655,0.8455619433252658,0,0.845,0.155
17,0.6,random,0.4677760679701293,0.025634407904800992,1.284,0.9013012814813923,1,0.6575,0.3425
17,0.625,random,0.5419321885544272,0.012001118575502265,2.6905,0.9368616493378306,4,0.0835,0.9165
17,0.65,random,0.6150166191194069,0.006613876299601984,2.29,0.8348053665376138,3,0.172,0.828
17,0.675,random,0.6743378029968217,0.004402353806121485,1.294,0.49956380973805536,1,0.727,0.273
17,0.7,random,0.719511538199158,0.002117937293170321,1.0135,0.11540255629751014,1,0.9865,0.0135
17,0.725,random,0.7545171233980911,0.0014013199144571479,1.0,0.0,1,1.0,0.0
17,0.75,random,0.781791448834223,0.0005682294995041987,1.0,0.0,1,1.0,0.0
17,0.775,random,0.8038972542370552,6.079782771312557e-05,1.0,0.0,1,1.0,0.0
17,0.8,random,0.8222393131692268,5.248170498680169e-06,1.0,0.0,1,1.0,0.0
17,0.825,random,0.8377159082425618,4.658502669517784e-07,1.0,0.0,1,1.0,0.0
17,0.85,random,0.850969691612557,4.202820584949913e-08,1.0,0.0,1,1.0,0.0
17,0.875,random,0.8624553724062954,3.835289549242835e-09,1.0,0.0,1,1.0,0.0
17,0.9,random,0.8725066401279533,3.537071879284037e-10,1.0,0.0,1,1.0,0.0
17,0.925,random,0.8813756041330285,3.298083928978367e-11,1.0,0.0,1,1.0,0.0
17,0.95,random,0.889257175815201,3.106768164197727e-12,1.0,0.0,1,1.0,0.0
17,0.975,random,0.8963048953313332,2.9373987169560904e-13,1.0,0.0,1,1.0,0.0
17,1.0,random,0.9026416195651491,2.7254938499072468e-14,1.0,0.0,1,1.0,0.0
17,1.025,random,0.9083669746949778,2.344520553248401e-15,1.0,0.0,1,1.0,0.0
17,1.05,random,0.9135626907525191,2.3281617717597366e-16,1.0,0.0,1,1.0,0.0
17,1.075,random,0.9182965042634289,1.3848891926138296e-16,1.0,0.0,1,1.0,0.0
17,1.1,random,0.9226250665473201,3.244150707241614e-16,1.0,0.0,1,1.0,0.0
17,1.125,random,0.9265961458299169,2.061998307376806e-16,1.0,0.0,1,1.0,0.0
17,1.15,random,0.9302503181081347,1.0608295740147659e-16,1.0,0.0,1,1.0,0.0
17,1.175,random,0.9336222817000598,1.3098749821474187e-16,1.0,0.0,1,1.0,0.0
17,1.2,random,0.9367418907241164,1.9602590198852327e-16,1.0,0.0,1,1.0,0.0
18,0.4,random,0.1002153783777512,0.03511777580301706,0.0045,0.06693093455196934,0,1.0,0.0
18,0.425,random,0.1389222741780523,0.04146687547661331,0.0,0.0,0,1.0,0.0
18,0.45,random,0.1676155829163399,0.0416271680426405,0.0,0.0,0,1.0,0.0
18,0.475,random,0.1726169664301193,0.07668709158640927,0.0085,0.09180277773575263,0,1.0,0.0
18,0.5,random,0.17540806569970682,0.04847878619992397,0.0,0.0,0,1.0,0.0
18,0.525,random,0.26088453162568764,0.07255064052870233,0.04,0.2107130750570548,0,0.997,0.003
18,0.55,random,0.32698996281470827,0.061957646334318175,0.2275,0.5879997874149275,0,0.9485,0.0515
18,0.575,random,0.3846183366272489,0.0928534298428259,0.724,1.0285057121863739,0,0.7815,0.2185
18,0.6,random,0.4030367419379652,0.13106015035050494,1.196,1.378979332695019,0,0.6485,0.3515
18,0.625,random,0.42731571122525736,0.04713869037782085,1.8575,1.351367363080817,2,0.434,0.566
18,0.65,random,0.5209264208954012,0.012416910950461909,2.9185,1.2156717278936777,4,0.1025,0.8975
18,0.675,random,0.6067709563210163,0.0053782917778129056,1.9035,0.8397545772426608,3,0.353,0.647
18,0.7,random,0.6715032109660116,0.004023878520637056,1.3265,0.5098016771255269,1,0.6935,0.3065
18,0.725,random,0.7161020349062136,0.0016554877492837485,1.2415,0.42799269853585115,1,0.7585,0.2415
18,0.75,random,0.7505835178205186,0.00014373209989424951,1.0,0.0,1,1.0,0.0
18,0.775,random,0.7778683053675158,6.5388231598192585e-06,1.0,0.0,1,1.0,0.0
18,0.8,random,0.7999119088477943,3.641104667006159e-07,1.0,0.0,1,1.0,0.0
18,0.825,random,0.8181985817547938,2.3540326187618677e-08,1.0,0.0,1,1.0,0.0
18,0.85,random,0.8336668671806768,1.543555984452622e-09,1.0,0.0,1,1.0,0.0
18,0.875,random,0.8469482902623361,9.799638701606995e-11,1.0,0.0,1,1.0,0.0
18,0.9,random,0.858488609591522,8.601468240615433e-12,1.0,0.0,1,1.0,0.0
18,0.925,random,0.8686142370628049,1.5848321288482153e-12,1.0,0.0,1,1.0,0.0
18,0.95,random,0.8775713274085095,3.441590215000167e-13,1.0,0.0,1,1.0,0.0
18,0.975,random,0.8855500335013776,7.629654609793758e-14,1.0,0.0,1,1.0,0.0
18,1.0,random,0.8927002064764119,1.739354916982858e-14,1.0,0.0,1,1.0,0.0
18,1.025,random,0.8991419260858223,4.09580820345556e-15,1.0,0.0,1,1.0,0.0
18,1.05,random,0.9049727842736196,1.0008615923984805e-15,1.0,0.0,1,1.0,0.0
18,1.075,random,0.9102730603875809,4.538219100273856e-16,1.0,0.0,1,1.0,0.0
18,1.1,random,0.9151094859536322,1.1242892604219925e-16,1.0,0.0,1,1.0,0.0
18,1.125,random,0.9195380403529021,2.1625138274155176e-16,1.0,0.0,1,1.0,0.0
18,1.15,random,0.9236060644754448,2.090199406813512e-16,1.0,0.0,1,1.0,0.0
18,1.175,random,0.9273538839889284,1.163352693949603e-16,1.0,0.0,1,1.0,0.0
18,1.2,random,0.9308160732352398,2.0597554602165167e-16,1.0,0.0,1,1.0,0.0
19,0.4,random,0.08840032323596,0.03778743082617037,0.0,0.0,0,1.0,0.0
19,0.425,random,0.09839792749827767,0.03969989526678034,0.0,0.0,0,1.0,0.0
19,0.45,random,0.11079283627083703,0.03409066090764972,0.003,0.05469003565550128,0,1.0,0.0
19,0.475,random,0.10922368327141282,0.050814113036927844,0.0,0.0,0,1.0,0.0
19,0.5,random,0.11245169004928957,0.0676029620485946,0.004,0.06311893535223802,0,1.0,0.0
19,0.525,random,0.19028174902746178,0.05481752029908384,0.004,0.063118935352238,0,1.0,0.0
19,0.55,random,0.2174426823664705,0.07532241168987175,0.0175,0.13112494041943354,0,1.0,0.0
19,0.575,random,0.28293002297418623,0.11840688741901627,0.245,0.5683088948802403,0,0.954,0.046
19,0.6,random,0.3452175290138697,0.14318338091856983,0.6375,1.0826327863130691,1,0.811,0.189
19,0.625,random,0.35638240724096387,0.19296185111100408,1.1305,1.2527847979601285,0,0.6325,0.3675
19,0.65,random,0.41756014657760904,0.1335731049092846,2.0745,1.3179338943968322,2,0.3215,0.6785
19,0.675,random,0.6299911845847631,0.005907927183651135,2.3635,1.195979828425212,4,0.319,0.681
19,0.7,random,0.7140830977606573,0.00298213431769054,1.3675,0.5305127236928442,1,0.657,0.343
19,0.725,random,0.758141579567696,0.00024013805585871718,1.0,0.0,1,1.0,0.0
19,0.75,random,0.7888508958286027,1.028898510242076e-05,1.0,0.0,1,1.0,0.0
19,0.775,random,0.8120911772557895,4.245679132668347e-07,1.0065,0.08036012692872008,1,0.9935,0.0065
19,0.8,random,0.8306555687790103,1.9277869317286396e-08,1.0115,0.10661965109678423,1,0.9885,0.0115
19,0.825,random,0.8459838010639134,1.0985575347329177e-09,1.007,0.08337265738837882,1,0.993,0.007
19,0.85,random,0.8589279962667896,1.2634340351578344e-10,1.0085,0.09180277773575264,2,0.9915,0.0085
19,0.875,random,0.8700401625936458,2.51815052173021e-11,1.0275,0.16353516441426288,1,0.9725,0.0275
19,0.9,random,0.8797010571478461,5.128624997053295e-12,1.0395,0.19478128760227462,1,0.9605,0.0395
19,0.925,random,0.8881856753007108,1.0329309828374544e-12,1.0435,0.20397977840952763,1,0.9565,0.0435
19,0.95,random,0.8956997025951241,2.105185310458953e-13,1.0415,0.19944360105052256,1,0.9585,0.0415
19,0.975,random,0.902401254770458,4.4064006517499104e-14,1.035,0.18377975949489106,1,0.965,0.035
19,1.0,random,0.9084145722792885,9.540642633619045e-15,1.025,0.15612494995995996,1,0.975,0.025
19,1.025,random,0.9138390399915283,2.147409262379929e-15,1.0125,0.11110243021644484,1,0.9875,0.0125
19,1.05,random,0.9187553515714029,5.821052943167025e-16,1.0155,0.12353036064061337,1,0.9845,0.0155
19,1.075,random,0.9232298547952578,1.567735550987224e-16,1.032,0.17600000000000002,1,0.968,0.032
19,1.1,random,0.9273176954861042,2.1858991639201834e-16,1.036,0.18629009635512028,1,0.964,0.036
19,1.125,random,0.9310651430536653,3.0739346984525277e-16,1.0245,0.15459543977750442,1,0.9755,0.0245
19,1.15,random,0.9345113434630636,1.601763663814016e-16,1.0055,0.0739577582137263,1,0.9945,0.0055
19,1.175,random,0.9376896622802701,2.2425405839770103e-16,1.0,0.0,1,1.0,0.0
19,1.2,random,0.9406287283198721,1.1204455252038699e-16,1.0,0.0,1,1.0,0.0
0,0.4,two_clusters,0.0861740227052747,0.043423772122487055,0.0015,0.03870077518603471,0,1.0,0.0
0,0.425,two_clusters,0.08752401313719083,0.049100511716748826,0.017,0.12927103310486848,0,1.0,0.0
0,0.45,two_clusters,0.08976541671215267,0.055018620124882366,0.002,0.044676615807377355,0,1.0,0.0
0,0.475,two_clusters,0.10300732121260318,0.06156425143319944,0.002,0.044676615807377355,0,1.0,0.0
0,0.5,two_clusters,0.12505032484199183,0.0698936642708544,0.002,0.044676615807377355,0,1.0,0.0
0,0.525,two_clusters,0.14496587717716675,0.04842707412663544,0.0005,0.022355088906108163,0,1.0,0.0
0,0.55,two_clusters,0.11963696768905269,0.06541626878257645,0.003,0.05469003565550128,0,1.0,0.0
0,0.575,two_clusters,0.24348956909234723,0.12385140119867426,0.177,0.4864884376837747,1,0.9685,0.0315
0,0.6,two_clusters,0.37455859341272707,0.13234909894111585,0.792,1.0313757802081644,4,0.76,0.24
0,0.625,two_clusters,0.45529686796957786,0.11998585598331676,1.9675,1.3283236616126357,1,0.342,0.658
0,0.65,two_clusters,0.45139387644312534,0.14562713132430627,2.1075,1.2601364013470924,4,0.294,0.706
0,0.675,two_clusters,0.6538027196833605,0.004575366050025887,2.2735,1.0337783853418487,4,0.2625,0.7375
0,0.7,two_clusters,0.7215042963770609,0.002372864276777094,1.283,0.641023400508905,1,0.8085,0.1915
0,0.725,two_clusters,0.7610098779893072,0.001718516448649818,1.008,0.08908422980528034,1,0.992,0.008
0,0.75,two_clusters,0.7897598211387767,0.0010037386332564823,1.0,0.0,1,1.0,0.0
0,0.775,two_clusters,0.812022010156765,0.00017803271650906603,1.0,0.0,1,1.0,0.0
0,0.8,two_clusters,0.8300846560351386,1.279332020517014e-05,1.0,0.0,1,1.0,0.0
0,0.825,two_clusters,0.8450939197831747,9.619585312551923e-07,1.008,0.08908422980528033,1,0.992,0.008
0,0.85,two_clusters,0.8578263044821138,7.462347775554716e-08,1.098,0.29731464814233427,1,0.902,0.098
0,0.875,two_clusters,0.868795622694875,5.8765496815611e-09,1.18,0.38418745424597084,2,0.82,0.18
0,0.9,two_clusters,0.878360836520802,4.675483412547225e-10,1.198,0.3984921580156879,1,0.802,0.198
0,0.925,two_clusters,0.8867834982006502,3.7577203925491425e-11,1.256,0.4364218143035474,1,0.744,0.256
0,0.95,two_clusters,0.8942603945582521,3.05694179855527e-12,1.352,0.4775939698111776,1,0.648,0.352
0,0.975,two_clusters,0.9009434082047517,2.524939840420885e-13,1.3245,0.4681877294419408,2,0.6755,0.3245
0,1.0,two_clusters,0.9069522289792091,2.1276652629119912e-14,1.291,0.4542235132619182,1,0.709,0.291
0,1.025,two_clusters,0.9123828239354274,1.8630736565565116e-15,1.268,0.4429175995600084,1,0.732,0.268
0,1.05,two_clusters,0.9173132720332993,3.125233444523409e-16,1.2095,0.4069517784701278,1,0.7905,0.2095
0,1.075,two_clusters,0.9218078978394951,2.2288954237796267e-16,1.1025,0.3033047147671793,1,0.8975,0.1025
0,1.1,two_clusters,0.925920271289137,3.542985909417274e-16,1.051,0.21999772726098782,1,0.949,0.051
0,1.125,two_clusters,0.9296954302212639,1.7413167731470528e-16,1.0125,0.11110243021644485,1,0.9875,0.0125
0,1.15,two_clusters,0.933171557128428,2.556528086932065e-16,1.0,0.0,1,1.0,0.0
0,1.175,two_clusters,0.9363812644028269,1.5796800025143238e-16,1.0,0.0,1,1.0,0.0
0,1.2,two_clusters,0.9393525934192689,3.4168004184746836e-16,1.0,0.0,1,1.0,0.0
1,0.4,two_clusters,0.07675511736379502,0.04602773238953728,0.0,0.0,0,1.0,0.0
1,0.425,two_clusters,0.10270291675828436,0.051746461674443245,0.0,0.0,0,1.0,0.0
1,0.45,two_clusters,0.18973474413264527,0.06440592086994287,0.0,0.0,0,1.0,0.0
1,0.475,two_clusters,0.27155892194894865,0.06886567813444379,0.0465,0.21292663055616132,0,0.9995,0.0005
1,0.5,two_clusters,0.2866262051790893,0.08018873163648649,0.0495,0.23674828404869167,0,0.9955,0.0045
1,0.525,two_clusters,0.36588090575238347,0.1095819508457532,0.422,0.779048137151999,1,0.916,0.084
1,0.55,two_clusters,0.4261716516503469,0.11328494718890661,0.843,1.1495003262287489,1,0.7545,0.2455
1,0.575,two_clusters,0.47186896382324095,0.05502826285868867,1.6205,1.0433023291452963,3,0.462,0.538
1,0.6,two_clusters,0.6032330931577564,0.008781106795035486,2.724,0.9964055399283969,3,0.0995,0.9005
1,0.625,two_clusters,0.691124478162914,0.005738604641806947,1.379,0.5180337826821722,2,0.6375,0.3625
1,0.65,two_clusters,0.7410518829869466,0.003598780500359358,1.265,0.4634382375246997,1,0.745,0.255
1,0.675,two_clusters,0.7757393016151551,0.0019993015020463773,1.0395,0.19478128760227453,1,0.9605,0.0395
1,0.7,two_clusters,0.8021772903662622,0.0006104412515447154,1.0,0.0,1,1.0,0.0
1,0.725,two_clusters,0.8233023168180719,3.239406594684426e-05,1.0,0.0,1,1.0,0.0
1,0.75,two_clusters,0.8405862634178798,1.421202775336956e-06,1.064,0.24475293665245368,1,0.936,0.064
1,0.775,two_clusters,0.8550253205118374,6.840864797928595e-08,1.173,0.37824727361872684,1,0.827,0.173
1,0.8,two_clusters,0.8673017322744985,3.4808526633115132e-09,1.281,0.44948748592146587,2,0.719,0.281
1,0.825,two_clusters,0.8778820672826597,1.8674283233686972e-10,1.352,0.4775939698111776,1,0.648,0.352
1,0.85,two_clusters,0.8871005746894025,1.0870730403899013e-11,1.386,0.4868305660083393,1,0.614,0.386
1,0.875,two_clusters,0.895205250475427,7.613534671359522e-13,1.391,0.48797438457361664,2,0.609,0.391
1,0.9,two_clusters,0.9023851945923407,7.83839538841252e-14,1.353,0.47790270976423643,1,0.647,0.353
1,0.925,two_clusters,0.9087878045240192,1.251775106333614e-14,1.1355,0.3422568479957706,1,0.8645,0.1355
1,0.95,two_clusters,0.9145300733420386,2.5860797899655355e-15,1.073,0.2601365026289083,1,0.927,0.073
1,0.975,two_clusters,0.9197062858688769,6.159887137044856e-16,1.0665,0.24915406880081248,1,0.9335,0.0665
1,1.0,two_clusters,0.9243934196980248,2.536076017764464e-16,1.0485,0.21482027371735654,1,0.9515,0.0485
1,1.025,two_clusters,0.9286550318439215,1.798424230098713e-16,1.029,0.16780643611018023,1,0.971,0.029
1,1.05,two_clusters,0.9325441163259516,1.167055121521967e-16,1.008,0.08908422980528034,1,0.992,0.008
1,1.075,two_clusters,0.9361052445744493,1.7251379725873254e-16,1.0,0.0,1,1.0,0.0
1,1.1,two_clusters,0.9393761949199354,1.2959208739370123e-16,1.0,0.0,1,1.0,0.0
1,1.125,two_clusters,0.9423892110132169,1.2585248453105972e-16,1.0,0.0,1,1.0,0.0
1,1.15,two_clusters,0.9451719860986889,1.978877165799757e-16,1.0,0.0,1,1.0,0.0
1,1.175,two_clusters,0.9477484416384313,1.1476183743604698e-16,1.0,0.0,1,1.0,0.0
1,1.2,two_clusters,0.9501393495514578,1.1196201508559785e-16,1.0,0.0,1,1.0,0.0
2,0.4,two_clusters,0.07536201096151558,0.028764819085586656,0.0,0.0,0,1.0,0.0
2,0.425,two_clusters,0.08307642390082716,0.02764437240762586,0.0015,0.03870077518603471,0,1.0,0.0
2,0.45,two_clusters,0.09724145957872923,0.03078816547296634,0.0005,0.02235508890610816,0,1.0,0.0
2,0.475,two_clusters,0.1200838115324043,0.03255067357943984,0.001,0.03160696125855822,0,1.0,0.0
2,0.5,two_clusters,0.14219213091745683,0.04215883195436308,0.002,0.044676615807377355,0,1.0,0.0
2,0.525,two_clusters,0.1540702594964214,0.08084280210664216,0.003,0.054690035655501276,0,1.0,0.0
2,0.55,two_clusters,0.17298366073511606,0.07209437549930231,0.017,0.12927103310486848,0,1.0,0.0
2,0.575,two_clusters,0.19708430180997294,0.09834086216351305,0.0075,0.08627716963368699,0,1.0,0.0
2,0.6,two_clusters,0.3043782906659793,0.1210177483284959,0.3995,0.8607553368989355,0,0.877,0.123
2,0.625,two_clusters,0.3336375767069832,0.1371212339880547,0.703,1.0764715509478178,0,0.788,0.212
2,0.65,two_clusters,0.3788892842056424,0.08243800639143108,1.1015,1.1883592680666903,3,0.684,0.316
2,0.675,two_clusters,0.4378379675592398,0.06484177312145491,2.9275,1.0199234039867897,1,0.0715,0.9285
2,0.7,two_clusters,0.661534615432717,0.003026083346434188,1.7825,0.9122465401414247,1,0.501,0.499
2,0.725,two_clusters,0.7214751549046154,0.00022795215465146656,1.0,0.0,1,1.0,0.0
2,0.75,two_clusters,0.7604827237227829,2.803275649007166e-06,1.0,0.0,1,1.0,0.0
2,0.775,two_clusters,0.7890668033587999,5.461485876681669e-08,1.0,0.0,1,1.0,0.0
2,0.8,two_clusters,0.81141005314356,3.1099393077755676e-09,1.0,0.0,1,1.0,0.0
2,0.825,two_clusters,0.8295532867267669,4.470006384906549e-10,1.0,0.0,1,1.0,0.0
2,0.85,two_clusters,0.8446692465166276,6.792151663540626e-11,1.0,0.0,1,1.0,0.0
2,0.875,two_clusters,0.8575014459313031,1.10207359530037e-11,1.0,0.0,1,1.0,0.0
2,0.9,two_clusters,0.8685534091359336,1.9177695944335773e-12,1.0,0.0,1,1.0,0.0
2,0.925,two_clusters,0.8781827765918588,3.5509436474046357e-13,1.0,0.0,1,1.0,0.0
2,0.95,two_clusters,0.8866529132682723,6.934842663191571e-14,1.0,0.0,1,1.0,0.0
2,0.975,two_clusters,0.8941633379079305,1.4181266175461944e-14,1.0,0.0,1,1.0,0.0
2,1.0,two_clusters,0.9008687006237348,3.024933994282178e-15,1.0,0.0,1,1.0,0.0
2,1.025,two_clusters,0.9068911607653544,7.400367271278118e-16,1.0,0.0,1,1.0,0.0
2,1.05,two_clusters,0.9123287606655224,3.575624888438415e-16,1.0,0.0,1,1.0,0.0
2,1.075,two_clusters,0.9172612650260212,2.2846059230609026e-16,1.0,0.0,1,1.0,0.0
2,1.1,two_clusters,0.9217543384018186,2.0609519491122023e-16,1.0,0.0,1,1.0,0.0
2,1.125,two_clusters,0.9258625997055199,1.9759162895380473e-16,1.0,0.0,1,1.0,0.0
2,1.15,two_clusters,0.9296318981296852,2.252412417099194e-16,1.0,0.0,1,1.0,0.0
2,1.175,two_clusters,0.9331010371134401,1.236790442649893e-16,1.0,0.0,1,1.0,0.0
2,1.2,two_clusters,0.936303099327002,1.710248030298466e-16,1.0,0.0,1,1.0,0.0
3,0.4,two_clusters,0.09576798296250824,0.024647822757843454,0.0,0.0,0,1.0,0.0
3,0.425,two_clusters,0.10903560143822962,0.040027301217707874,0.0,0.0,0,1.0,0.0
3,0.45,two_clusters,0.10979866553059169,0.032567624154134625,0.002,0.044676615807377355,0,1.0,0.0
3,0.475,two_clusters,0.14500307761016457,0.059837795453855806,0.011,0.10430244484191156,0,1.0,0.0
3,0.5,two_clusters,0.22859702842056864,0.0736564776527674,0.008,0.08908422980528033,0,1.0,0.0
3,0.525,two_clusters,0.2734416302488993,0.08064399675309471,0.046,0.21185844330590176,0,0.9995,0.0005
3,0.55,two_clusters,0.32038625823135236,0.1252326134819444,0.2425,0.5706958471900773,5,0.9625,0.0375
3,0.575,two_clusters,0.37783464395640515,0.14294587937566106,0.6515,1.0606826811068426,0,0.8025,0.1975
3,0.6,two_clusters,0.3844756517634006,0.07331789547487982,0.5655,0.8594822569430971,2,0.849,0.151
3,0.625,two_clusters,0.43345401380356635,0.06303626090680811,1.5255,1.0678715980865865,1,0.516,0.484
3,0.65,two_clusters,0.5984871410041342,0.006484691289319157,3.4365,0.9954736309918009,3,0.02,0.98
3,0.675,two_clusters,0.6736023700275972,0.003973509743405899,1.371,0.601131433215732,2,0.684,0.316
3,0.7,two_clusters,0.722085757292043,0.002406710888625244,1.0205,0.15192020932055092,1,0.981,0.019
3,0.725,two_clusters,0.7572017996535444,0.0010309963089669273,1.0,0.0,1,1.0,0.0
3,0.75,two_clusters,0.7845151017787069,9.494743015894754e-05,1.0,0.0,1,1.0,0.0
3,0.775,two_clusters,0.8065175237049538,4.260233094128761e-06,1.0,0.0,1,1.0,0.0
3,0.8,two_clusters,0.8246482181299364,2.235434691592177e-07,1.0,0.0,1,1.0,0.0
3,0.825,two_clusters,0.8399104463899086,1.2625176958476067e-08,1.0,0.0,1,1.0,0.0
3,0.85,two_clusters,0.8529649591721973,7.525721562135599e-10,1.0,0.0,1,1.0,0.0
3,0.875,two_clusters,0.8642719254217441,4.759795204290253e-11,1.0,0.0,1,1.0,0.0
3,0.9,two_clusters,0.8741655865925566,3.3064484940483675e-12,1.0,0.0,1,1.0,0.0
3,0.925,two_clusters,0.8828965572565888,2.781733183804689e-13,1.0,0.0,1,1.0,0.0
3,0.95,two_clusters,0.8906575155446942,3.2628282875542155e-14,1.0,0.0,1,1.0,0.0
3,0.975,two_clusters,0.8975996456881067,5.355238182016112e-15,1.0,0.0,1,1.0,0.0
3,1.0,two_clusters,0.9038436031694864,1.1025023335254843e-15,1.0,0.0,1,1.0,0.0
3,1.025,two_clusters,0.9094870740580029,3.724214962579244e-16,1.0,0.0,1,1.0,0.0
3,1.05,two_clusters,0.9146101319381664,3.286241399069644e-16,1.0,0.0,1,1.0,0.0
3,1.075,two_clusters,0.9192791237357413,2.852970761884375e-16,1.0,0.0,1,1.0,0.0
3,1.1,two_clusters,0.9235495456499964,2.3143556958545135e-16,1.0,0.0,1,1.0,0.0
3,1.125,two_clusters,0.9274682092745756,1.9091317139354098e-16,1.0,0.0,1,1.0,0.0
3,1.15,two_clusters,0.9310748984418112,1.3001939347594805e-16,1.0,0.0,1,1.0,0.0
3,1.175,two_clusters,0.934403653962102,1.3236819958757962e-16,1.0,0.0,1,1.0,0.0
3,1.2,two_clusters,0.9374837820430013,9.328516420481494e-17,1.0,0.0,1,1.0,0.0
4,0.4,two_clusters,0.1549265434330518,0.026337254241957365,0.0025,0.04993746088859545,0,1.0,0.0
4,0.425,two_clusters,0.2067629666910425,0.021078148679680945,0.009,0.09444045743218316,0,1.0,0.0
4,0.45,two_clusters,0.2499173640788098,0.020169205469279146,0.008,0.08908422980528034,0,1.0,0.0
4,0.475,two_clusters,0.2718920234569055,0.043695677179173914,0.017,0.12927103310486845,0,1.0,0.0
4,0.5,two_clusters,0.2976909220570499,0.04477545846750349,0.0375,0.18998355191963334,0,1.0,0.0
4,0.525,two_clusters,0.316081005759439,0.05597591913386473,0.069,0.27246834678545695,0,0.995,0.005
4,0.55,two_clusters,0.3500744133446369,0.09135227748013307,0.353,0.7445743750626932,0,0.9035,0.0965
4,0.575,two_clusters,0.368511219737511,0.08563752317167359,0.645,1.004975124070243,3,0.8235,0.1765
4,0.6,two_clusters,0.40824222704984986,0.12066275715073592,1.272,1.241779368487011,0,0.5905,0.4095
4,0.625,two_clusters,0.45949701285518574,0.09118316810526747,1.8985,1.3000760554675252,1,0.3705,0.6295
4,0.65,two_clusters,0.5155304701808763,0.011891339598845642,2.671,1.020175965213845,1,0.133,0.867
4,0.675,two_clusters,0.6440709812184193,0.004300510581053923,1.312,0.5269307354861738,2,0.719,0.281
4,0.7,two_clusters,0.7056818709763126,0.0028782155118680496,1.1525,0.3595048678390878,1,0.8475,0.1525
4,0.725,two_clusters,0.7464546448525177,0.0006991295893438468,1.002,0.044676615807377355,1,0.998,0.002
4,0.75,two_clusters,0.7769124469441782,6.427726648165862e-05,1.0,0.0,1,1.0,0.0
4,0.775,two_clusters,0.8007797205510246,2.7040012807632833e-06,1.0,0.0,1,1.0,0.0
4,0.8,two_clusters,0.8201234764684302,1.247808070212168e-07,1.0,0.0,1,1.0,0.0
4,0.825,two_clusters,0.8362247728498061,6.054614380836668e-09,1.0,0.0,1,1.0,0.0
4,0.85,two_clusters,0.8498874901348376,3.0922208590814136e-10,1.0,0.0,1,1.0,0.0
4,0.875,two_clusters,0.8616519565953441,1.7361385379652356e-11,1.1745,0.3795388649400744,2,0.8255,0.1745
4,0.9,two_clusters,0.8719001837660737,1.2409907742803985e-12,1.148,0.35509998591945907,1,0.852,0.148
4,0.925,two_clusters,0.8809127284279868,1.5055567626256705e-13,1.227,0.4188925876641887,1,0.773,0.227
4,0.95,two_clusters,0.8889018454689942,2.814117879815205e-14,1.1635,0.369821240601456,1,0.8365,0.1635
4,0.975,two_clusters,0.8960319902815759,6.014457375443242e-15,1.232,0.4221089906647334,1,0.768,0.232
4,1.0,two_clusters,0.9024331019432438,1.34428479406802e-15,1.2485,0.4321432054307923,1,0.7515,0.2485
4,1.025,two_clusters,0.908209540875816,3.488645102810391e-16,1.21,0.4073082370883261,2,0.79,0.21
4,1.05,two_clusters,0.9134462949232975,1.9852513790938514e-16,1.216,0.41151427678757396,2,0.784,0.216
4,1.075,two_clusters,0.9182134052416636,1.5926960941596221e-16,1.2315,0.42179112129109597,1,0.7685,0.2315
4,1.1,two_clusters,0.9225691958183563,9.060399436534878e-17,1.218,0.4128873938497033,1,0.782,0.218
4,1.125,two_clusters,0.9265626773035817,9.914608633805195e-17,1.204,0.4029689814365369,1,0.796,0.204
4,1.15,two_clusters,0.9302353675628686,1.2959208739370123e-16,1.188,0.3907121702737195,1,0.812,0.188
4,1.175,two_clusters,0.9336226916475644,2.5618260973160327e-16,1.171,0.3765089640367145,1,0.829,0.171
4,1.2,two_clusters,0.9367550729310995,9.265541171513158e-17,1.1475,0.3546036519834504,1,0.8525,0.1475
5,0.4,two_clusters,0.14168792577397032,0.05455933584520308,0.0035,0.05905717568594016,0,1.0,0.0
5,0.425,two_clusters,0.13067300919301764,0.04796327693906012,0.001,0.03160696125855822,0,1.0,0.0
5,0.45,two_clusters,0.18265819067394076,0.03893322471674006,0.012,0.1088852607105296,0,1.0,0.0
5,0.475,two_clusters,0.22337798735770656,0.0486361198991853,0.006,0.0772269383052313,0,1.0,0.0
5,0.5,two_clusters,0.24585648712316568,0.039529581847357484,0.0175,0.13112494041943354,0,1.0,0.0
5,0.525,two_clusters,0.28486133774988265,0.0730586927495019,0.064,0.27368595141146723,1,0.9935,0.0065
5,0.55,two_clusters,0.3368335740569405,0.11181625662152654,0.41,0.7816009211867653,0,0.9015,0.0985
5,0.575,two_clusters,0.39015975297180805,0.13095790765253243,0.8845,1.3176341487681624,0,0.744,0.256
5,0.6,two_clusters,0.4143680153167853,0.09930425971110295,1.2245,1.4529624048818333,3,0.677,0.323
5,0.625,two_clusters,0.43459319049966527,0.03642405651286205,2.033,1.1184413261320416,2,0.329,0.671
5,0.65,two_clusters,0.6128910627182381,0.004211364679904157,2.185,1.1669511557901642,5,0.3435,0.6565
5,0.675,two_clusters,0.6957049920369418,0.001792713661943735,1.056,0.22992172581119863,1,0.944,0.056
5,0.7,two_clusters,0.742766744131536,0.00036571834050381136,1.0,0.0,1,1.0,0.0
5,0.725,two_clusters,0.7764850711389679,5.089762124346914e-06,1.0,0.0,1,1.0,0.0
5,0.75,two_clusters,0.8020908695375719,1.0961523879084806e-07,1.0,0.0,1,1.0,0.0
5,0.775,two_clusters,0.8224883357842646,2.8857228323558805e-09,1.0,0.0,1,1.0,0.0
5,0.8,two_clusters,0.8392521147011034,2.569873276543255e-10,1.0,0.0,1,1.0,0.0
5,0.825,two_clusters,0.8533337511338386,4.3380353703946036e-11,1.0,0.0,1,1.0,0.0
5,0.85,two_clusters,0.8653575157356748,7.467116196893049e-12,1.039,0.19359493795035032,1,0.961,0.039
5,0.875,two_clusters,0.8757568422021926,1.3497056798633135e-12,1.0665,0.2491540688008125,1,0.9335,0.0665
5,0.9,two_clusters,0.8848455155429458,2.5765827866757767e-13,1.0675,0.2508859302551659,1,0.9325,0.0675
5,0.925,two_clusters,0.8928581284558529,5.1669494018003086e-14,1.0705,0.25598779267769783,1,0.9295,0.0705
5,0.95,two_clusters,0.8999745980026003,1.0816596168914492e-14,1.0605,0.23841088481862563,2,0.9395,0.0605
5,0.975,two_clusters,0.9063357957944349,2.350431557125378e-15,1.075,0.2633913438213185,1,0.925,0.075
5,1.0,two_clusters,0.9120539317586529,5.634094716012047e-16,1.064,0.24475293665245373,1,0.936,0.064
5,1.025,two_clusters,0.9172196911563358,1.6841025720847348e-16,1.0,0.0,1,1.0,0.0
5,1.05,two_clusters,0.9219072814241742,2.535589946649743e-16,1.0,0.0,1,1.0,0.0
5,1.075,two_clusters,0.9261780876162463,1.4661671005472935e-16,1.0,0.0,1,1.0,0.0
5,1.1,two_clusters,0.9300833747729985,1.0385185452638061e-16,1.0,0.0,1,1.0,0.0
5,1.125,two_clusters,0.9336663212523033,2.4786832385342896e-16,1.0,0.0,1,1.0,0.0
5,1.15,two_clusters,0.9369635723487881,2.0071714662347597e-16,1.0,0.0,1,1.0,0.0
5,1.175,two_clusters,0.9400064435440675,2.263602902110561e-16,1.0,0.0,1,1.0,0.0
5,1.2,two_clusters,0.9428218636753061,1.435368530137013e-16,1.0,0.0,1,1.0,0.0
6,0.4,two_clusters,0.09383610622236853,0.043286243286428765,0.0005,0.02235508890610816,0,1.0,0.0
6,0.425,two_clusters,0.10588898813661866,0.04620422726695952,0.001,0.03160696125855822,0,1.0,0.0
6,0.45,two_clusters,0.12291257934880433,0.0651853231907132,0.0,0.0,0,1.0,0.0
6,0.475,two_clusters,0.17224416120742705,0.05789336329384958,0.0005,0.02235508890610816,0,1.0,0.0
6,0.5,two_clusters,0.20848080907104088,0.05430478637414833,0.0075,0.08627716963368699,0,1.0,0.0
6,0.525,two_clusters,0.20703046518703158,0.06836280631301206,0.0135,0.11540255629751016,0,1.0,0.0
6,0.55,two_clusters,0.21373957302425056,0.03650354903702736,0.0065,0.08036012692872008,0,1.0,0.0
6,0.575,two_clusters,0.32592727913006575,0.11367971827951451,0.2455,0.5293673110421534,0,0.9615,0.0385
6,0.6,two_clusters,0.35948208555295086,0.15145973174068617,0.694,1.1377011909987613,2,0.817,0.183
6,0.625,two_clusters,0.3807066687487154,0.12553202915967596,0.8525,1.106681413054362,1,0.7325,0.2675
6,0.65,two_clusters,0.4173245730345076,0.10616661124592942,1.469,1.2239440346682522,1,0.532,0.468
6,0.675,two_clusters,0.4551245418460178,0.15156289704077724,2.45,1.5441826316857732,2,0.2805,0.7195
6,0.7,two_clusters,0.6334068012373778,0.0026111960500831703,1.791,0.9593325804954193,2,0.509,0.491
6,0.725,two_clusters,0.7112331542726422,0.000889668162638756,1.004,0.063118935352238,1,0.996,0.004
6,0.75,two_clusters,0.754398782241527,4.522446861171257e-05,1.0,0.0,1,1.0,0.0
6,0.775,two_clusters,0.7847367915696113,1.0165047547365777e-06,1.0,0.0,1,1.0,0.0
6,0.8,two_clusters,0.8079044926732422,3.897646187935335e-08,1.0,0.0,1,1.0,0.0
6,0.825,two_clusters,0.8265081005431768,2.0567216006754178e-09,1.0,0.0,1,1.0,0.0
6,0.85,two_clusters,0.8419213002496927,1.6584271920240207e-10,1.0,0.0,1,1.0,0.0
6,0.875,two_clusters,0.8549695391173382,2.0113323748564173e-11,1.0,0.0,1,1.0,0.0
6,0.9,two_clusters,0.8661930819865745,3.099421959472345e-12,1.0185,0.1347506957310425,1,0.9815,0.0185
6,0.925,two_clusters,0.8759672650648914,5.430547475179761e-13,1.049,0.21586801523152988,1,0.951,0.049
6,0.95,two_clusters,0.8845644976071153,1.0305567178274983e-13,1.071,0.25682484303509273,1,0.929,0.071
6,0.975,two_clusters,0.8921891860742708,2.071573721627104e-14,1.086,0.2803640490505157,1,0.914,0.086
6,1.0,two_clusters,0.8989987834423884,4.358243375552684e-15,1.0,0.0,1,1.0,0.0
6,1.025,two_clusters,0.9051171690161743,9.590553495937612e-16,1.0775,0.2673831520496383,1,0.9225,0.0775
6,1.05,two_clusters,0.9106435244819483,3.399893741253782e-16,1.053,0.22403347964087864,1,0.947,0.053
6,1.075,two_clusters,0.9156584318880013,1.1105005456955143e-16,1.0915,0.28831883393215924,1,0.9085,0.0915
6,1.1,two_clusters,0.9202281869258508,1.8916193492021414e-16,1.066,0.2482820976228451,1,0.934,0.066
6,1.125,two_clusters,0.924407925900432,1.2177076754223982e-16,1.0,0.0,1,1.0,0.0
6,1.15,two_clusters,0.9282439409332764,1.735999762954231e-16,1.0,0.0,1,1.0,0.0
6,1.175,two_clusters,0.9317754256468032,1.0700845329855371e-16,1.0,0.0,1,1.0,0.0
6,1.2,two_clusters,0.9350358125189987,1.390883931368139e-16,1.0,0.0,1,1.0,0.0
7,0.4,two_clusters,0.24467715101332968,0.037830786593441225,0.019,0.13652472303579302,0,1.0,0.0
7,0.425,two_clusters,0.25663654569111427,0.03675707833683714,0.0115,0.1066196510967842,0,1.0,0.0
7,0.45,two_clusters,0.2934273385318677,0.03038259310638386,0.018,0.132951118836962,0,1.0,0.0
7,0.475,two_clusters,0.3481357137666505,0.0319613692267118,0.054,0.228219192882632,0,0.9995,0.0005
7,0.5,two_clusters,0.38447376666877203,0.05581956944112397,0.258,0.5826113627453553,1,0.945,0.055
7,0.525,two_clusters,0.4099486323197824,0.0690533977629798,0.5245,0.8912910579603053,1,0.863,0.137
7,0.55,two_clusters,0.45406496320472334,0.07492885406598929,1.261,1.3110602579591832,0,0.627,0.373
7,0.575,two_clusters,0.46280256275912823,0.0693994426543068,1.606,1.4049071143673522,4,0.5115,0.4885
7,0.6,two_clusters,0.48686843968638305,0.01996512007196456,2.8005,1.17162269950697,1,0.1415,0.8585
7,0.625,two_clusters,0.5841027810083188,0.004924824598576338,1.861,0.8041635405811433,2,0.3725,0.6275
7,0.65,two_clusters,0.6834532109241265,0.002449386015435723,1.0935,0.2911318429852702,1,0.9065,0.0935
7,0.675,two_clusters,0.7385932428016777,0.0017687263586807572,1.0,0.0,1,1.0,0.0
7,0.7,two_clusters,0.7757761608330267,0.0009350440696981518,1.0,0.0,1,1.0,0.0
7,0.725,two_clusters,0.8031893022221278,8.407411088570438e-05,1.0,0.0,1,1.0,0.0
7,0.75,two_clusters,0.8247115674527203,3.201024208431325e-06,1.0,0.0,1,1.0,0.0
7,0.775,two_clusters,0.842124338600042,1.3904019009391132e-07,1.0,0.0,1,1.0,0.0
7,0.8,two_clusters,0.8565741280637258,6.516885408835285e-09,1.0,0.0,1,1.0,0.0
7,0.825,two_clusters,0.8687943320011493,3.2691785316648025e-10,1.0,0.0,1,1.0,0.0
7,0.85,two_clusters,0.8792824203432599,1.734434459251436e-11,1.0,0.0,1,1.0,0.0
7,0.875,two_clusters,0.8883913601148427,9.446812530853997e-13,1.0,0.0,1,1.0,0.0
7,0.9,two_clusters,0.8963804349547042,8.393520303801819e-14,1.0,0.0,1,1.0,0.0
7,0.925,two_clusters,0.9034454507471321,1.9060351600038575e-14,1.0,0.0,1,1.0,0.0
7,0.95,two_clusters,0.9097376624680655,4.5542818098050464e-15,1.0,0.0,1,1.0,0.0
7,0.975,two_clusters,0.9153761444997586,1.0671316790785976e-15,1.0,0.0,1,1.0,0.0
7,1.0,two_clusters,0.9204561590207098,2.910817610249641e-16,1.0,0.0,1,1.0,0.0
7,1.025,two_clusters,0.9250549823947781,3.3141598498017834e-16,1.0,0.0,1,1.0,0.0
7,1.05,two_clusters,0.9292360624249056,1.1952312728291023e-16,1.0,0.0,1,1.0,0.0
7,1.075,two_clusters,0.9330520483262356,1.085807199624358e-16,1.0,0.0,1,1.0,0.0
7,1.1,two_clusters,0.9365470406297796,1.1088343773967379e-16,1.0,0.0,1,1.0,0.0
7,1.125,two_clusters,0.9397582896442952,1.1040999128699109e-16,1.0,0.0,1,1.0,0.0
7,1.15,two_clusters,0.9427174966416327,2.9065799931966904e-16,1.0,0.0,1,1.0,0.0
7,1.175,two_clusters,0.9454518239330962,1.2719202621569003e-16,1.0,0.0,1,1.0,0.0
7,1.2,two_clusters,0.9479846883442353,3.7659314865882123e-16,1.0,0.0,1,1.0,0.0
8,0.4,two_clusters,0.1290388823502235,0.05119276379921007,0.0,0.0,0,1.0,0.0
8,0.425,two_clusters,0.14052223444996254,0.06522388355339447,0.002,0.044676615807377355,0,1.0,0.0
8,0.45,two_clusters,0.15425381788830625,0.06368163323175965,0.0,0.0,0,1.0,0.0
8,0.475,two_clusters,0.16013063556515084,0.08439143557850474,0.004,0.063118935352238,0,1.0,0.0
8,0.5,two_clusters,0.2011601375196367,0.0869719499595766,0.0155,0.1235303606406134,0,1.0,0.0
8,0.525,two_clusters,0.18061036715477677,0.046145372266690146,0.002,0.044676615807377355,0,1.0,0.0
8,0.55,two_clusters,0.28746023112953334,0.06510413525507312,0.0515,0.23632128554152718,0,0.9965,0.0035
8,0.575,two_clusters,0.3543566565500755,0.09024597727721237,0.293,0.6419898753095721,0,0.9295,0.0705
8,0.6,two_clusters,0.3704946976101576,0.06884351484674418,0.4595,0.8199754569497797,2,0.8835,0.1165
8,0.625,two_clusters,0.41025331242690594,0.0785074263722039,0.821,0.9684828341276887,0,0.7485,0.2515
8,0.65,two_clusters,0.40541380495372015,0.058055793114104776,0.997,0.9792808585896081,1,0.729,0.271
8,0.675,two_clusters,0.4352939334079257,0.038444850541014486,2.6645,1.0430435034072165,3,0.129,0.871
8,0.7,two_clusters,0.6330398989503628,0.0031177161034135624,1.214,0.4256806314597835,2,0.7925,0.2075
8,0.725,two_clusters,0.7035379873173218,0.0013615393005746547,1.0,0.0,1,1.0,0.0
8,0.75,two_clusters,0.7466793056475167,0.0003702601681969118,1.0,0.0,1,1.0,0.0
8,0.775,two_clusters,0.7778841709034288,1.2719580411598054e-05,1.0,0.0,1,1.0,0.0
8,0.8,two_clusters,0.8019293180400762,4.963496824470084e-07,1.0,0.0,1,1.0,0.0
8,0.825,two_clusters,0.8212755201588016,2.1561773994012876e-08,1.0,0.0,1,1.0,0.0
8,0.85,two_clusters,0.8373000449210961,9.768395748286627e-10,1.0,0.0,1,1.0,0.0
8,0.875,two_clusters,0.8508506703129106,4.575087650846754e-11,1.0,0.0,1,1.0,0.0
8,0.9,two_clusters,0.8624900130390224,3.0906988988002124e-12,1.0,0.0,1,1.0,0.0
8,0.925,two_clusters,0.8726118705525231,4.903355133276323e-13,1.0,0.0,1,1.0,0.0
8,0.95,two_clusters,0.8815030486633219,9.605421100831346e-14,1.0,0.0,1,1.0,0.0
8,0.975,two_clusters,0.8893789732520249,1.944881155933216e-14,1.0,0.0,1,1.0,0.0
8,1.0,two_clusters,0.8964055049016804,4.08434965939701e-15,1.0,0.0,1,1.0,0.0
8,1.025,two_clusters,0.9027129642101688,9.013547862612889e-16,1.0,0.0,1,1.0,0.0
8,1.05,two_clusters,0.908405506776912,2.36101919327955e-16,1.0,0.0,1,1.0,0.0
8,1.075,two_clusters,0.9135675934685052,2.433390057063442e-16,1.0,0.0,1,1.0,0.0
8,1.1,two_clusters,0.918268577533027,2.0271833360936323e-16,1.0,0.0,1,1.0,0.0
8,1.125,two_clusters,0.9225660321813663,2.3887861590410417e-16,1.0,0.0,1,1.0,0.0
8,1.15,two_clusters,0.9265082130195453,1.918631141857128e-16,1.0,0.0,1,1.0,0.0
8,1.175,two_clusters,0.9301359123554103,2.1342575828772729e-16,1.0,0.0,1,1.0,0.0
8,1.2,two_clusters,0.9334838772912806,1.9390800780334184e-16,1.0,0.0,1,1.0,0.0
9,0.4,two_clusters,0.12780156575359397,0.03802572615264011,0.003,0.054690035655501276,0,1.0,0.0
9,0.425,two_clusters,0.15309791324126745,0.04472798130065133,0.007,0.08337265738837882,0,1.0,0.0
9,0.45,two_clusters,0.17810457232662383,0.057995918355889534,0.002,0.044676615807377355,0,1.0,0.0
9,0.475,two_clusters,0.1808000485366773,0.06744851692213431,0.0095,0.09700386590234432,0,1.0,0.0
9,0.5,two_clusters,0.18223317665199085,0.03376886795462585,0.0075,0.08627716963368699,0,1.0,0.0
9,0.525,two_clusters,0.2727093143639745,0.05007557669629111,0.0295,0.17784754707332906,1,0.9985,0.0015
9,0.55,two_clusters,0.30013021350496033,0.05469597112790092,0.1,0.33166247903553997,0,0.993,0.007
9,0.575,two_clusters,0.3769878906574481,0.10389471692714014,0.541,0.8662095589405603,0,0.8865,0.1135
9,0.6,two_clusters,0.3998578079854297,0.07725321302513227,0.752,1.0180844758663203,2,0.782,0.218
9,0.625,two_clusters,0.41711015494630693,0.08700557305842001,1.273,1.134227049580462,0,0.6405,0.3595
9,0.65,two_clusters,0.4677033414081808,0.15605859430917357,2.0265,1.3736075676844532,2,0.3525,0.6475
9,0.675,two_clusters,0.6259020594600857,0.005608859192928657,2.065,1.2160489299366208,2,0.4135,0.5865
9,0.7,two_clusters,0.6998738303676155,0.002651058228582183,1.1415,0.348536583445698,1,0.8585,0.1415
9,0.725,two_clusters,0.7450386838459261,0.00036660539992286695,1.0,0.0,1,1.0,0.0
9,0.75,two_clusters,0.7773707993057781,7.959285056947452e-06,1.0,0.0,1,1.0,0.0
9,0.775,two_clusters,0.802080122930435,2.2997040767241423e-07,1.0,0.0,1,1.0,0.0
9,0.8,two_clusters,0.8218747488398462,7.814074574594834e-09,1.0,0.0,1,1.0,0.0
9,0.825,two_clusters,0.8382194793339375,3.718615984903222e-10,1.0,0.0,1,1.0,0.0
9,0.85,two_clusters,0.8520056075653957,3.652095319147078e-11,1.0,0.0,1,1.0,0.0
9,0.875,two_clusters,0.8638203641275863,5.466007747515505e-12,1.0,0.0,1,1.0,0.0
9,0.9,two_clusters,0.8740729336865499,9.499556071635188e-13,1.0,0.0,1,1.0,0.0
9,0.925,two_clusters,0.8830605388971414,1.7996613156513615e-13,1.0,0.0,1,1.0,0.0
9,0.95,two_clusters,0.8910060960426286,3.6217853013490384e-14,1.0,0.0,1,1.0,0.0
9,0.975,two_clusters,0.8980810868949025,7.635622514873697e-15,1.0,0.0,1,1.0,0.0
9,1.0,two_clusters,0.9044201726833203,1.67314145985001e-15,1.0,0.0,1,1.0,0.0
9,1.025,two_clusters,0.9101309227798727,3.9020035582182306e-16,1.0,0.0,1,1.0,0.0
9,1.05,two_clusters,0.9153005139441247,2.6798723337917103e-16,1.0,0.0,1,1.0,0.0
9,1.075,two_clusters,0.9200004757543054,2.686877347021383e-16,1.0,0.0,1,1.0,0.0
9,1.1,two_clusters,0.9242901334583369,1.3082271919587488e-16,1.0,0.0,1,1.0,0.0
9,1.125,two_clusters,0.9282191574746067,2.1238366236955368e-16,1.0,0.0,1,1.0,0.0
9,1.15,two_clusters,0.9318294850756215,1.7701008185763619e-16,1.0,0.0,1,1.0,0.0
9,1.175,two_clusters,0.9351567914164002,1.2631684132869763e-16,1.0,0.0,1,1.0,0.0
9,1.2,two_clusters,0.9382316310260033,2.2495376074821135e-16,1.0,0.0,1,1.0,0.0
10,0.4,two_clusters,0.09365616606804353,0.04658812265060705,0.0005,0.02235508890610816,0,1.0,0.0
10,0.425,two_clusters,0.09030349390271361,0.045235303896461784,0.004,0.06311893535223802,0,1.0,0.0
10,0.45,two_clusters,0.14679732584095986,0.05902001714026829,0.0055,0.07395775821372631,0,1.0,0.0
10,0.475,two_clusters,0.24260330912303227,0.05189853584467673,0.0125,0.11110243021644486,0,1.0,0.0
10,0.5,two_clusters,0.241092084102882,0.059776968434592515,0.0075,0.08627716963368699,0,1.0,0.0
10,0.525,two_clusters,0.3199695445015569,0.059194051413448065,0.0775,0.27293543192484193,1,0.9985,0.0015
10,0.55,two_clusters,0.40778969748204136,0.0947972689527818,0.546,0.7930220677887848,1,0.872,0.128
10,0.575,two_clusters,0.4314480617106458,0.06193121976416929,0.6765,0.942787224139148,0,0.8285,0.1715
10,0.6,two_clusters,0.4714926388030952,0.04793053653741933,1.422,1.0182907246950648,0,0.577,0.423
10,0.625,two_clusters,0.5297769210403516,0.020677748214084475,2.7495,1.0562905613513736,2,0.1075,0.8925
10,0.65,two_clusters,0.6368243065192182,0.005337972199318192,1.33,0.523545604508337,2,0.6915,0.3085
10,0.675,two_clusters,0.7039485770640199,0.002786569074137977,1.258,0.43981359687940524,1,0.743,0.257
10,0.7,two_clusters,0.7467953362925368,0.0015457355316272573,1.0,0.0,1,1.0,0.0
10,0.725,two_clusters,0.778842301949908,0.000657259620570677,1.0,0.0,1,1.0,0.0
10,0.75,two_clusters,0.8035691199462779,4.545485612292707e-05,1.0,0.0,1,1.0,0.0
10,0.775,two_clusters,0.8234464535169413,2.302399317110505e-06,1.0,0.0,1,1.0,0.0
10,0.8,two_clusters,0.8398376597215474,1.2675666352269577e-07,1.0,0.0,1,1.0,0.0
10,0.825,two_clusters,0.853644417385633,7.337417325906868e-09,1.0,0.0,1,1.0,0.0
10,0.85,two_clusters,0.8654630933369009,4.426966892743706e-10,1.0,0.0,1,1.0,0.0
10,0.875,two_clusters,0.8757088889373565,2.794562068737521e-11,1.034,0.25854206620973696,1,0.983,0.017
10,0.9,two_clusters,0.8846827648944943,1.888977593136082e-12,1.0,0.0,1,1.0,0.0
10,0.925,two_clusters,0.8926099472145134,1.4634647135913196e-13,1.0,0.0,1,1.0,0.0
10,0.95,two_clusters,0.8996633745884953,1.4786811394156105e-14,1.305,0.460407428263272,1,0.695,0.305
10,0.975,two_clusters,0.9059786603898351,2.121079563115067e-15,1.383,0.4861182983595659,2,0.617,0.383
10,1.0,two_clusters,0.9116640235415986,4.900285980982248e-16,1.347,0.5590983813247897,2,0.696,0.304
10,1.025,two_clusters,0.9168071041272622,1.3959702557464398e-16,1.325,0.4683748498798798,1,0.675,0.325
10,1.05,two_clusters,0.9214797762468567,1.1018648905114064e-16,1.306,0.46082968654373824,1,0.694,0.306
10,1.075,two_clusters,0.9257416305702252,1.8908046631963107e-16,1.2805,0.4492435308382304,1,0.7195,0.2805
10,1.1,two_clusters,0.9296425477551415,1.9987098158176389e-16,1.2535,0.4350146549255554,1,0.7465,0.2535
10,1.125,two_clusters,0.9332246349640927,2.2847407995803733e-16,1.2325,0.42242602902756826,1,0.7675,0.2325
10,1.15,two_clusters,0.9365237064275466,2.450551701351137e-16,1.2125,0.504325043994446,3,0.831,0.169
10,1.175,two_clusters,0.9395704313315353,4.256731752692119e-16,1.19,0.3923009049186606,1,0.81,0.19
10,1.2,two_clusters,0.9423912348721423,2.493556958815119e-16,1.1765,0.38124499996721256,1,0.8235,0.1765
11,0.4,two_clusters,0.18566532358740614,0.05152529669305261,0.001,0.03160696125855822,0,1.0,0.0
11,0.425,two_clusters,0.2098174351180049,0.06494932766993029,0.016,0.125475097130865,0,1.0,0.0
11,0.45,two_clusters,0.24522878393093267,0.09001386169545607,0.0305,0.1719585705918725,0,1.0,0.0
11,0.475,two_clusters,0.23477618254113633,0.0331016211655658,0.014,0.11749042514179611,0,1.0,0.0
11,0.5,two_clusters,0.3239098184758554,0.038211631853531,0.0585,0.23890950169467934,0,0.999,0.001
11,0.525,two_clusters,0.3838191267364433,0.09647197868453451,0.408,0.7318032522474877,1,0.903,0.097
11,0.55,two_clusters,0.42817616966338945,0.07259535846035671,0.597,0.8115361975907175,0,0.8595,0.1405
11,0.575,two_clusters,0.4672802827204857,0.03494010523974243,1.113,1.060769060634783,2,0.6905,0.3095
11,0.6,two_clusters,0.5321840710656197,0.01969985834010575,2.3875,0.9906279574088347,2,0.176,0.824
11,0.625,two_clusters,0.5980729403539617,0.006311132993917727,2.195,0.849691120349036,3,0.2145,0.7855
11,0.65,two_clusters,0.675504633317526,0.003843125815010148,1.312,0.4885243085047048,1,0.7,0.3
11,0.675,two_clusters,0.7258733763970827,0.0026977939912506107,1.1975,0.39811273528989244,1,0.8025,0.1975
11,0.7,two_clusters,0.7623694828364839,0.0017617598201688596,1.0,0.0,1,1.0,0.0
11,0.725,two_clusters,0.7905050739779726,0.0011518673128491576,1.0,0.0,1,1.0,0.0
11,0.75,two_clusters,0.8126580480367531,0.00028114747229047966,1.0,0.0,1,1.0,0.0
11,0.775,two_clusters,0.8308346338228311,1.8810768794245734e-05,1.04,0.19595917942265426,1,0.96,0.04
11,0.8,two_clusters,0.846009676468989,1.2384903099109197e-06,1.1505,0.3575608339849318,1,0.8495,0.1505
11,0.825,two_clusters,0.8589009453943943,8.414183438469695e-08,1.158,0.3647410040014694,1,0.842,0.158
11,0.85,two_clusters,0.8700078493097241,5.826837503551044e-09,1.151,0.3580488793447062,2,0.849,0.151
11,0.875,two_clusters,0.8796861356039657,4.109503226034529e-10,1.08,0.2712931993250107,1,0.92,0.08
11,0.9,two_clusters,0.8881983622972034,2.962737375471708e-11,1.3225,0.4674331503006607,2,0.6775,0.3225
11,0.925,two_clusters,0.8957438464301688,2.1965854143343415e-12,1.248,0.4318518264405049,1,0.752,0.248
11,0.95,two_clusters,0.9024773974359105,1.689200586830146e-13,1.2485,0.4321432054307923,1,0.7515,0.2485
11,0.975,two_clusters,0.908521549238911,1.3699912128261954e-14,1.235,0.4239988207530771,1,0.765,0.235
11,1.0,two_clusters,0.913974838437566,1.2840990398572837e-15,1.173,0.37824727361872684,2,0.827,0.173
11,1.025,two_clusters,0.9189175797160617,2.770557053437046e-16,1.145,0.35210083782916507,1,0.855,0.145
11,1.05,two_clusters,0.9234160012898979,2.2009313928704765e-16,1.122,0.32728580781940425,1,0.878,0.122
11,1.075,two_clusters,0.9275252728477917,1.0408895952570972e-16,1.119,0.32378851122298946,1,0.881,0.119
11,1.1,two_clusters,0.9312917656437283,2.613862084409315e-16,1.0985,0.29798951323830175,1,0.9015,0.0985
11,1.125,two_clusters,0.9347547678817258,2.9656673440613797e-16,1.0665,0.24915406880081253,2,0.9335,0.0665
11,1.15,two_clusters,0.9379478058772681,1.1435836084155405e-16,1.037,0.18876175460087247,1,0.963,0.037
11,1.175,two_clusters,0.9408996748545794,3.255813018879823e-16,1.017,0.12927103310486848,1,0.983,0.017
11,1.2,two_clusters,0.9436352525387094,1.6252542685149242e-16,1.0,0.0,1,1.0,0.0
12,0.4,two_clusters,0.08578524900972985,0.03535171443353918,0.0035,0.05905717568594015,0,1.0,0.0
12,0.425,two_clusters,0.08922903167097956,0.044068435760386056,0.0,0.0,0,1.0,0.0
12,0.45,two_clusters,0.08551609841449158,0.052014722576344916,0.0,0.0,0,1.0,0.0
12,0.475,two_clusters,0.0856912953069423,0.03687641231299545,0.0,0.0,0,1.0,0.0
12,0.5,two_clusters,0.07507750564113785,0.06301895313638771,0.0045,0.06693093455196934,0,1.0,0.0
12,0.525,two_clusters,0.2294627905542094,0.09319796578625816,0.042,0.20551398979144947,0,0.999,0.001
12,0.55,two_clusters,0.30167768841550485,0.09222680579329913,0.188,0.4578820808898291,0,0.979,0.021
12,0.575,two_clusters,0.35650398018003454,0.12441684244875643,0.524,0.9013456606652079,2,0.8505,0.1495
12,0.6,two_clusters,0.3530545259086647,0.02555420126783686,0.368,0.5635388185387055,0,0.9635,0.0365
12,0.625,two_clusters,0.4817051884808319,0.0332796113258951,1.963,1.0911603915098826,4,0.3345,0.6655
12,0.65,two_clusters,0.5982770044794263,0.007105482205831539,3.324,0.9311412352591846,3,0.0205,0.9795
12,0.675,two_clusters,0.670856367759918,0.004742624476754429,1.801,1.0066772074503325,1,0.524,0.476
12,0.7,two_clusters,0.7204807343380127,0.0015259223163424983,1.018,0.13295111883696203,1,0.982,0.018
12,0.725,two_clusters,0.7571683820629566,0.00025983405676000167,1.0,0.0,1,1.0,0.0
12,0.75,two_clusters,0.7853679016968526,7.877598197442723e-06,1.0,0.0,1,1.0,0.0
12,0.775,two_clusters,0.8078382866980158,2.7691867115359224e-07,1.0,0.0,1,1.0,0.0
12,0.8,two_clusters,0.8262824714930673,1.0226745122382377e-08,1.0,0.0,1,1.0,0.0
12,0.825,two_clusters,0.8417473570360102,3.703031526053542e-10,1.0335,0.179938183829892,1,0.9665,0.0335
12,0.85,two_clusters,0.8549247335618246,1.5173703910068216e-11,1.054,0.22601769842204833,1,0.946,0.054
12,0.875,two_clusters,0.8662974393751971,2.202316611151803e-12,1.0625,0.24206145913796356,1,0.9375,0.0625
12,0.9,two_clusters,0.8762161307830838,4.3961309649181025e-13,1.0615,0.24024518725668575,1,0.9385,0.0615
12,0.925,two_clusters,0.88494332273303,8.82042374094248e-14,1.0535,0.22502833154960736,1,0.9465,0.0535
12,0.95,two_clusters,0.8926803441889516,1.8350000782189962e-14,1.032,0.17599999999999996,1,0.968,0.032
12,0.975,two_clusters,0.8995846800719389,3.972311424022207e-15,1.0185,0.1347506957310425,1,0.9815,0.0185
12,1.0,two_clusters,0.9057815772601139,8.937329827141922e-16,1.002,0.044676615807377355,1,0.998,0.002
12,1.025,two_clusters,0.9113720640574994,3.024313544837623e-16,1.0,0.0,1,1.0,0.0
12,1.05,two_clusters,0.9164386401051936,2.5229192276016367e-16,1.0,0.0,1,1.0,0.0
12,1.075,two_clusters,0.9210494047685103,1.134928168126152e-16,1.0,0.0,1,1.0,0.0
12,1.1,two_clusters,0.9252611106749421,2.5571306863716494e-16,1.0,0.0,1,1.0,0.0
12,1.125,two_clusters,0.9291214603881263,1.638848639516372e-16,1.0,0.0,1,1.0,0.0
12,1.15,two_clusters,0.9326708595006011,1.7041109727200425e-16,1.0,0.0,1,1.0,0.0
12,1.175,two_clusters,0.9359437724891283,2.3271026738899607e-16,1.0,0.0,1,1.0,0.0
12,1.2,two_clusters,0.9389697837690555,3.3086695139720667e-16,1.0,0.0,1,1.0,0.0
13,0.4,two_clusters,0.08809518323077685,0.04144283089190308,0.0055,0.07395775821372631,0,1.0,0.0
13,0.425,two_clusters,0.09932384308337186,0.041456045087425474,0.013,0.11327400407860577,0,1.0,0.0
13,0.45,two_clusters,0.13046039397765524,0.04169025085982293,0.001,0.03160696125855822,0,1.0,0.0
13,0.475,two_clusters,0.18427489962354873,0.06338177194555333,0.0105,0.10193012312363801,0,1.0,0.0
13,0.5,two_clusters,0.20263631422703035,0.05421658197183705,0.023,0.14990330216509573,0,1.0,0.0
13,0.525,two_clusters,0.2901076438077175,0.06036876476997694,0.0555,0.2375284193522956,0,0.998,0.002
13,0.55,two_clusters,0.32510343952209414,0.05719302427165084,0.121,0.34836618664847485,0,0.9925,0.0075
13,0.575,two_clusters,0.3852335033468862,0.10787406615906724,0.599,0.8900556162397942,3,0.8275,0.1725
13,0.6,two_clusters,0.4090851050690908,0.06964472802238474,0.665,0.8329315698183135,1,0.855,0.145
13,0.625,two_clusters,0.46676992630928554,0.08231084490634541,1.643,1.2014786723034248,3,0.4675,0.5325
13,0.65,two_clusters,0.47444546928759634,0.026438093237148703,2.2995,1.1822858156977103,2,0.2625,0.7375
13,0.675,two_clusters,0.6064109896945421,0.0066109102869329524,2.8095,1.0813000277443816,2,0.102,0.898
13,0.7,two_clusters,0.6703685374056474,0.002871055481325629,1.5665,0.5427501727314327,1,0.458,0.542
13,0.725,two_clusters,0.7165059261852823,0.0010733098409645774,1.0,0.0,1,1.0,0.0
13,0.75,two_clusters,0.7512061132592751,8.786124716515156e-05,1.0,0.0,1,1.0,0.0
13,0.775,two_clusters,0.7782211595039837,2.7890363635006644e-06,1.0,0.0,1,1.0,0.0
13,0.8,two_clusters,0.8000598521841426,1.0725413669983436e-07,1.0,0.0,1,1.0,0.0
13,0.825,two_clusters,0.818223209090628,4.563814823493195e-09,1.0,0.0,1,1.0,0.0
13,0.85,two_clusters,0.8336287670611143,2.2714875924627527e-10,1.0,0.0,1,1.0,0.0
13,0.875,two_clusters,0.8468857265157442,1.6168959999272293e-11,1.0,0.0,1,1.0,0.0
13,0.9,two_clusters,0.8584233385618993,1.9175488176629724e-12,1.0,0.0,1,1.0,0.0
13,0.925,two_clusters,0.8685573725391857,3.1996975577651186e-13,1.0,0.0,1,1.0,0.0
13,0.95,two_clusters,0.8775276515475016,6.202174706070095e-14,1.0,0.0,1,1.0,0.0
13,0.975,two_clusters,0.8855208007316783,1.2902348821800953e-14,1.0,0.0,1,1.0,0.0
13,1.0,two_clusters,0.892684846861805,2.825151134872686e-15,1.0,0.0,1,1.0,0.0
13,1.025,two_clusters,0.899139030586064,6.78794933233236e-16,1.0,0.0,1,1.0,0.0
13,1.05,two_clusters,0.9049806493115876,2.345830580305995e-16,1.0,0.0,1,1.0,0.0
13,1.075,two_clusters,0.9102899727621887,1.0761148437602546e-16,1.0,0.0,1,1.0,0.0
13,1.1,two_clusters,0.9151338597236802,2.5132516626887825e-16,1.0,0.0,1,1.0,0.0
13,1.125,two_clusters,0.9195684720904135,2.3911069967915955e-16,1.0,0.0,1,1.0,0.0
13,1.15,two_clusters,0.9236413453559018,2.708921429518033e-16,1.0,0.0,1,1.0,0.0
13,1.175,two_clusters,0.9273929904918456,1.592889558611494e-16,1.0,0.0,1,1.0,0.0
13,1.2,two_clusters,0.9308581484728736,3.0253322781655486e-16,1.0,0.0,1,1.0,0.0
14,0.4,two_clusters,0.07277490179833167,0.0350861668897924,0.0,0.0,0,1.0,0.0
14,0.425,two_clusters,0.08619634172312635,0.025592736535326822,0.0,0.0,0,1.0,0.0
14,0.45,two_clusters,0.10048098105940757,0.05186328290012191,0.001,0.03160696125855822,0,1.0,0.0
14,0.475,two_clusters,0.1332299762684654,0.06477544656428265,0.0015,0.03870077518603471,0,1.0,0.0
14,0.5,two_clusters,0.12858521665906478,0.05656750351458949,0.0035,0.059057175685940155,0,1.0,0.0
14,0.525,two_clusters,0.3376490656027652,0.05293134587008864,0.098,0.3088624289226516,0,0.9965,0.0035
14,0.55,two_clusters,0.41614095388383343,0.10104215941042412,0.708,0.9765940814893361,0,0.8215,0.1785
14,0.575,two_clusters,0.4399563675494036,0.09842555608584536,0.992,1.132226125824696,0,0.7115,0.2885
14,0.6,two_clusters,0.4468403184569179,0.07393210795713472,1.332,1.1944772915380184,2,0.6015,0.3985
14,0.625,two_clusters,0.4444249062685173,0.024008350114101042,1.8225,0.9767260363070086,2,0.3865,0.6135
14,0.65,two_clusters,0.5978990733244479,0.005272612422138883,2.9845,1.2075842620703532,1,0.146,0.854
14,0.675,two_clusters,0.6922953410053001,0.002017437161344462,1.006,0.0772269383052313,1,0.994,0.006
14,0.7,two_clusters,0.7429885358484632,0.000970541453820436,1.0,0.0,1,1.0,0.0
14,0.725,two_clusters,0.7776710575512804,5.2944994923210055e-05,1.0,0.0,1,1.0,0.0
14,0.75,two_clusters,0.8037712059421346,1.4059048149952254e-06,1.0,0.0,1,1.0,0.0
14,0.775,two_clusters,0.8243770305892018,4.653093289491371e-08,1.0,0.0,1,1.0,0.0
14,0.8,two_clusters,0.8412042310476263,1.6870848898167115e-09,1.0,0.0,1,1.0,0.0
14,0.825,two_clusters,0.8552723975575754,6.622001595548322e-11,1.0,0.0,1,1.0,0.0
14,0.85,two_clusters,0.8672417330506482,6.440114416134098e-12,1.0,0.0,1,1.0,0.0
14,0.875,two_clusters,0.877565777987647,1.2793827291044224e-12,1.0,0.0,1,1.0,0.0
14,0.9,two_clusters,0.8865698736498282,2.557828244444885e-13,1.0,0.0,1,1.0,0.0
14,0.925,two_clusters,0.8944952858251538,5.188814776309417e-14,1.0,0.0,1,1.0,0.0
14,0.95,two_clusters,0.9015257306302217,1.0865101358365309e-14,1.0,0.0,1,1.0,0.0
14,0.975,two_clusters,0.9078041632470137,2.3742840353699553e-15,1.0,0.0,1,1.0,0.0
14,1.0,two_clusters,0.9134438498003572,5.844298786280797e-16,1.0,0.0,1,1.0,0.0
14,1.025,two_clusters,0.9185359197821351,2.8642893384395585e-16,1.0,0.0,1,1.0,0.0
14,1.05,two_clusters,0.9231546657408298,1.532147998926577e-16,1.0,0.0,1,1.0,0.0
14,1.075,two_clusters,0.927361353070047,1.4587924977014792e-16,1.0,0.0,1,1.0,0.0
14,1.1,two_clusters,0.9312070164574353,2.795470146924422e-16,1.0,0.0,1,1.0,0.0
14,1.125,two_clusters,0.934734550209848,1.4886927505718835e-16,1.0,0.0,1,1.0,0.0
14,1.15,two_clusters,0.9379802959748852,2.7015173455779933e-16,1.0,0.0,1,1.0,0.0
14,1.175,two_clusters,0.9409752659511373,1.0956950716934101e-16,1.0,0.0,1,1.0,0.0
14,1.2,two_clusters,0.9437460972946352,1.813099915469549e-16,1.0,0.0,1,1.0,0.0
15,0.4,two_clusters,0.11257656779979004,0.05843285887051986,0.0045,0.06693093455196934,0,1.0,0.0
15,0.425,two_clusters,0.11331152254812227,0.07008436941176384,0.0,0.0,0,1.0,0.0
15,0.45,two_clusters,0.11925361168733077,0.05613463745560068,0.003,0.05469003565550128,0,1.0,0.0
15,0.475,two_clusters,0.15845134136258462,0.0622385744961999,0.007,0.08337265738837882,0,1.0,0.0
15,0.5,two_clusters,0.20226508101550045,0.07739574702277487,0.0045,0.06693093455196934,0,1.0,0.0
15,0.525,two_clusters,0.23878443921730075,0.07461567965131921,0.0175,0.13112494041943354,0,1.0,0.0
15,0.55,two_clusters,0.26467099890449775,0.11769413551987719,0.0905,0.3021750320592355,0,0.9955,0.0045
15,0.575,two_clusters,0.31442333218820057,0.12532401014911224,0.346,0.6835817434659881,0,0.916,0.084
15,0.6,two_clusters,0.36870357046636265,0.08117110742500984,0.528,0.9171782814698568,0,0.8625,0.1375
15,0.625,two_clusters,0.3319958868242711,0.07349539403500015,0.3225,0.588637197261607,0,0.9455,0.0545
15,0.65,two_clusters,0.4043072996888118,0.06343980707420462,1.221,1.0276959667138914,2,0.6305,0.3695
15,0.675,two_clusters,0.4697377785714618,0.02136497724400375,2.7575,1.042925572608132,2,0.1275,0.8725
15,0.7,two_clusters,0.657160236877135,0.001807214228844696,1.0465,0.21526204960466208,1,0.9545,0.0455
15,0.725,two_clusters,0.7231458214826761,0.00071283557014192,1.0,0.0,1,1.0,0.0
15,0.75,two_clusters,0.7637921605543367,1.7787946346243774e-05,1.0,0.0,1,1.0,0.0
15,0.775,two_clusters,0.7929679113667216,4.516954810087295e-07,1.0,0.0,1,1.0,0.0
15,0.8,two_clusters,0.8154460206443236,1.3570601274652782e-08,1.0,0.0,1,1.0,0.0
15,0.825,two_clusters,0.8335228360767243,5.927018029738156e-10,1.0,0.0,1,1.0,0.0
15,0.85,two_clusters,0.848482313459379,6.920487028770116e-11,1.0,0.0,1,1.0,0.0
15,0.875,two_clusters,0.8611210114514579,1.0871679425660637e-11,1.0,0.0,1,1.0,0.0
15,0.9,two_clusters,0.8719688877893629,1.8396799389307996e-12,1.0,0.0,1,1.0,0.0
15,0.925,two_clusters,0.8813968591718107,3.332438960448937e-13,1.0,0.0,1,1.0,0.0
15,0.95,two_clusters,0.8896747525992755,6.407810138741412e-14,1.0,0.0,1,1.0,0.0
15,0.975,two_clusters,0.8970049328681753,1.2960111334660186e-14,1.0,0.0,1,1.0,0.0
15,1.0,two_clusters,0.9035429658886445,2.7403680143429313e-15,1.0,0.0,1,1.0,0.0
15,1.025,two_clusters,0.9094109105495063,6.119685872476245e-16,1.0,0.0,1,1.0,0.0
15,1.05,two_clusters,0.9147061960507183,1.6977702412186734e-16,1.0,0.0,1,1.0,0.0
15,1.075,two_clusters,0.9195077402415459,2.0418749089034537e-16,1.0,0.0,1,1.0,0.0
15,1.1,two_clusters,0.9238802806949912,3.8684541991699315e-16,1.0,0.0,1,1.0,0.0
15,1.125,two_clusters,0.9278775119979698,2.272705444278034e-16,1.0,0.0,1,1.0,0.0
15,1.15,two_clusters,0.9315444042574531,2.8714883514139814e-16,1.0,0.0,1,1.0,0.0
15,1.175,two_clusters,0.9349189468680145,3.504420340167176e-16,1.0,0.0,1,1.0,0.0
15,1.2,two_clusters,0.9380334805274653,2.8486470937760886e-16,1.0,0.0,1,1.0,0.0
16,0.4,two_clusters,0.08658641294680401,0.04822511923009514,0.0,0.0,0,1.0,0.0
16,0.425,two_clusters,0.10118416840010701,0.05928011391349948,0.007,0.09460972465872629,0,0.999,0.001
16,0.45,two_clusters,0.11145022888027332,0.05731742886190331,0.0015,0.038700775186034715,0,1.0,0.0
16,0.475,two_clusters,0.14214615172575476,0.04448216519246193,0.0045,0.06693093455196933,0,1.0,0.0
16,0.5,two_clusters,0.15317984267575488,0.05757298482294256,0.006,0.07722693830523131,0,1.0,0.0
16,0.525,two_clusters,0.24647198408795964,0.07424377336906333,0.0575,0.24938674784358528,0,0.996,0.004
16,0.55,two_clusters,0.2852324892181947,0.05788355271824984,0.042,0.20058913230780973,0,1.0,0.0
16,0.575,two_clusters,0.369731652814909,0.1224378148476694,0.618,0.9581628254112137,1,0.833,0.167
16,0.6,two_clusters,0.40291873733994243,0.1053009778672841,0.8115,1.1027092771895954,1,0.772,0.228
16,0.625,two_clusters,0.47249331318743276,0.0898770433475954,1.9515,1.3572574368925006,2,0.3945,0.6055
16,0.65,two_clusters,0.5112771711098589,0.012750421897063923,3.012,0.9632528224718576,4,0.0345,0.9655
16,0.675,two_clusters,0.6513525524877656,0.0027207481441066704,1.5035,0.7745887618601242,1,0.624,0.376
16,0.7,two_clusters,0.7137554611681021,0.0017473713809060378,1.0,0.0,1,1.0,0.0
16,0.725,two_clusters,0.7540620722553376,0.0009605853752431561,1.0,0.0,1,1.0,0.0
16,0.75,two_clusters,0.7837148947822578,8.706595429902287e-05,1.0,0.0,1,1.0,0.0
16,0.775,two_clusters,0.8070864052827117,3.7328919449463013e-06,1.0,0.0,1,1.0,0.0
16,0.8,two_clusters,0.8260674438471988,1.846584000141237e-07,1.0,0.0,1,1.0,0.0
16,0.825,two_clusters,0.8418607872800721,9.779225876393667e-09,1.0,0.0,1,1.0,0.0
16,0.85,two_clusters,0.8552402135066663,5.463371861558568e-10,1.0,0.0,1,1.0,0.0
16,0.875,two_clusters,0.8667354755418452,3.298467630686825e-11,1.0,0.0,1,1.0,0.0
16,0.9,two_clusters,0.876725762263416,2.3569148253421412e-12,1.0,0.0,1,1.0,0.0
16,0.925,two_clusters,0.8854915715960429,2.3522733031521737e-13,1.0,0.0,1,1.0,0.0
16,0.95,two_clusters,0.893245810025272,3.4799502653926836e-14,1.0,0.0,1,1.0,0.0
16,0.975,two_clusters,0.9001535159648224,6.640781180061427e-15,1.0,0.0,1,1.0,0.0
16,1.0,two_clusters,0.9063449075696175,1.4486070732000523e-15,1.0,0.0,1,1.0,0.0
16,1.025,two_clusters,0.9119243038743268,3.462311983552083e-16,1.0,0.0,1,1.0,0.0
16,1.05,two_clusters,0.9169763903648092,2.498001805406602e-16,1.0,0.0,1,1.0,0.0
16,1.075,two_clusters,0.9215707200922982,3.6723888671229086e-16,1.0,0.0,1,1.0,0.0
16,1.1,two_clusters,0.9257650110659272,2.0131499945540442e-16,1.0,0.0,1,1.0,0.0
16,1.125,two_clusters,0.9296076038100335,2.1616586844990323e-16,1.0,0.0,1,1.0,0.0
16,1.15,two_clusters,0.9331393213721492,1.5084331849627467e-16,1.0,0.0,1,1.0,0.0
16,1.175,two_clusters,0.9363948966963652,1.8210703692716735e-16,1.0,0.0,1,1.0,0.0
16,1.2,two_clusters,0.9394040818078825,4.385310679426371e-16,1.0,0.0,1,1.0,0.0
17,0.4,two_clusters,0.12327420202459448,0.031174573876798343,0.0,0.0,0,1.0,0.0
17,0.425,two_clusters,0.1836511997107744,0.029982490944192766,0.004,0.063118935352238,0,1.0,0.0
17,0.45,two_clusters,0.19196700069165928,0.027820244961914754,0.007,0.08337265738837883,0,1.0,0.0
17,0.475,two_clusters,0.23940321166241524,0.024885043965807433,0.0115,0.1066196510967842,0,1.0,0.0
17,0.5,two_clusters,0.29873545437580196,0.03418120232269445,0.0545,0.2270016519763678,0,1.0,0.0
17,0.525,two_clusters,0.3547789664798797,0.055577494989272606,0.144,0.3850506460194555,1,0.9875,0.0125
17,0.55,two_clusters,0.4307189718306959,0.05703736435304187,0.446,0.6686434027192671,0,0.924,0.076
17,0.575,two_clusters,0.4323147606151133,0.0346173501605658,0.576,0.7571155790234407,0,0.88,0.12
17,0.6,two_clusters,0.4741224425988852,0.02110850506293416,1.3515,0.874041045946928,1,0.577,0.423
17,0.625,two_clusters,0.5380192275802251,0.013626555005125838,2.6155,0.873876278428474,2,0.082,0.918
17,0.65,two_clusters,0.6134069518264876,0.007749600225332821,2.3075,0.892156796757162,2,0.1795,0.8205
17,0.675,two_clusters,0.6738961506261829,0.005696414380234732,1.442,0.5887580148074419,3,0.608,0.392
17,0.7,two_clusters,0.7194931847532795,0.002414172596604206,1.0255,0.15763803475050048,1,0.9745,0.0255
17,0.725,two_clusters,0.7545064919990412,0.0014422426571800084,1.0,0.0,1,1.0,0.0
17,0.75,two_clusters,0.7817750269136183,0.0005362952077032268,1.0,0.0,1,1.0,0.0
17,0.775,two_clusters,0.8038976500892671,3.7272503883187106e-05,1.0,0.0,1,1.0,0.0
17,0.8,two_clusters,0.8222394080902693,2.23036805839211e-06,1.0,0.0,1,1.0,0.0
17,0.825,two_clusters,0.8377159175440613,1.4255179677358176e-07,1.0,0.0,1,1.0,0.0
17,0.85,two_clusters,0.8509696925616176,9.389860895292836e-09,1.0,0.0,1,1.0,0.0
17,0.875,two_clusters,0.8624553725102356,6.317090330752551e-10,1.0,0.0,1,1.0,0.0
17,0.9,two_clusters,0.8725066401397528,4.346527744583418e-11,1.0,0.0,1,1.0,0.0
17,0.925,two_clusters,0.881375604134372,3.0867336185167145e-12,1.0,0.0,1,1.0,0.0
17,0.95,two_clusters,0.88925717581535,2.3163265762733217e-13,1.0,0.0,1,1.0,0.0
17,0.975,two_clusters,0.8963048953313487,1.946174285374902e-14,1.0,0.0,1,1.0,0.0
17,1.0,two_clusters,0.9026416195651505,2.06253772181179e-15,1.0,0.0,1,1.0,0.0
17,1.025,two_clusters,0.908366974694978,3.275063834595739e-16,1.0,0.0,1,1.0,0.0
17,1.05,two_clusters,0.9135626907525191,1.1486919184440112e-16,1.0,0.0,1,1.0,0.0
17,1.075,two_clusters,0.9182965042634289,1.3620043033829905e-16,1.0,0.0,1,1.0,0.0
17,1.1,two_clusters,0.92262506654732,2.2239127899237467e-16,1.0,0.0,1,1.0,0.0
17,1.125,two_clusters,0.926596145829917,3.064698215614006e-16,1.0,0.0,1,1.0,0.0
17,1.15,two_clusters,0.9302503181081346,1.2232622489029516e-16,1.0,0.0,1,1.0,0.0
17,1.175,two_clusters,0.9336222817000598,1.292110734492368e-16,1.0,0.0,1,1.0,0.0
17,1.2,two_clusters,0.9367418907241164,1.896012604650992e-16,1.0,0.0,1,1.0,0.0
18,0.4,two_clusters,0.15597380168865793,0.041736097279449075,0.001,0.031606961258558226,0,1.0,0.0
18,0.425,two_clusters,0.17790719619298614,0.038912212092089164,0.0015,0.03870077518603471,0,1.0,0.0
18,0.45,two_clusters,0.18070832555257244,0.052689552477157724,0.003,0.05469003565550128,0,1.0,0.0
18,0.475,two_clusters,0.19912851154899913,0.029410705374309547,0.0025,0.04993746088859545,0,1.0,0.0
18,0.5,two_clusters,0.21390509033298702,0.03573057137448373,0.009,0.09444045743218316,0,1.0,0.0
18,0.525,two_clusters,0.2371260571976181,0.04012173826021488,0.01,0.099498743710662,0,1.0,0.0
18,0.55,two_clusters,0.31708832699567496,0.054016597011324746,0.0845,0.3088037402623226,0,0.991,0.009
18,0.575,two_clusters,0.39403183953288284,0.08696412146554158,0.835,1.0870947520800567,0,0.774,0.226
18,0.6,two_clusters,0.4012497943114514,0.12532240131887168,1.263,1.3014726274493829,0,0.616,0.384
18,0.625,two_clusters,0.4412837574916422,0.05532191775306247,1.9505,1.2980946614172635,0,0.3985,0.6015
18,0.65,two_clusters,0.49938090669563834,0.02199496276820811,2.825,1.0882899429839459,2,0.125,0.875
18,0.675,two_clusters,0.6052463625596867,0.005184536681926054,1.8685,0.7363475741794766,3,0.327,0.673
18,0.7,two_clusters,0.6715029003745261,0.0037426172697569014,1.257,0.47005425218797886,2,0.758,0.242
18,0.725,two_clusters,0.716072646499512,0.0013694497272481526,1.1385,0.345424014799203,1,0.8615,0.1385
18,0.75,two_clusters,0.7505820911224335,6.291316882586907e-05,1.0,0.0,1,1.0,0.0
18,0.775,two_clusters,0.7778686694957533,1.9002651910666808e-06,1.0,0.0,1,1.0,0.0
18,0.8,two_clusters,0.7999119430535749,6.584902316622273e-08,1.0,0.0,1,1.0,0.0
18,0.825,two_clusters,0.8181985844626477,2.3653025022200813e-09,1.0,0.0,1,1.0,0.0
18,0.85,two_clusters,0.8336668673514563,7.663836987309594e-11,1.0,0.0,1,1.0,0.0
18,0.875,two_clusters,0.8469482902674763,4.930365615141465e-12,1.0,0.0,1,1.0,0.0
18,0.9,two_clusters,0.8584886095905073,1.1644291136553894e-12,1.0,0.0,1,1.0,0.0
18,0.925,two_clusters,0.8686142370624617,2.3970937034474973e-13,1.0,0.0,1,1.0,0.0
18,0.95,two_clusters,0.8775713274084288,4.8584724864099853e-14,1.0,0.0,1,1.0,0.0
18,0.975,two_clusters,0.8855500335013594,1.0119349736166771e-14,1.0,0.0,1,1.0,0.0
18,1.0,two_clusters,0.8927002064764079,2.181672991591533e-15,1.0,0.0,1,1.0,0.0
18,1.025,two_clusters,0.8991419260858214,5.606241530404776e-16,1.0,0.0,1,1.0,0.0
18,1.05,two_clusters,0.9049727842736194,1.8653729249464587e-16,1.0,0.0,1,1.0,0.0
18,1.075,two_clusters,0.9102730603875808,3.170167925047386e-16,1.0,0.0,1,1.0,0.0
18,1.1,two_clusters,0.9151094859536322,8.892186446356281e-17,1.0,0.0,1,1.0,0.0
18,1.125,two_clusters,0.9195380403529021,2.2183634043813166e-16,1.0,0.0,1,1.0,0.0
18,1.15,two_clusters,0.9236060644754448,2.03097998948557e-16,1.0,0.0,1,1.0,0.0
18,1.175,two_clusters,0.9273538839889284,1.1088343773967379e-16,1.0,0.0,1,1.0,0.0
18,1.2,two_clusters,0.9308160732352398,2.0249019271072487e-16,1.0,0.0,1,1.0,0.0
19,0.4,two_clusters,0.09914477879431097,0.0460415669178418,0.006,0.0772269383052313,0,1.0,0.0
19,0.425,two_clusters,0.10545188622439859,0.04747640911696536,0.0,0.0,0,1.0,0.0
19,0.45,two_clusters,0.10919976906330078,0.04993164551438389,0.0,0.0,0,1.0,0.0
19,0.475,two_clusters,0.11314349206567445,0.05146849617898767,0.0015,0.038700775186034715,0,1.0,0.0
19,0.5,two_clusters,0.11420216067925762,0.05256066521434405,0.0055,0.07395775821372631,0,1.0,0.0
19,0.525,two_clusters,0.1707923643613687,0.04829275013180599,0.0135,0.11540255629751016,0,1.0,0.0
19,0.55,two_clusters,0.2385465444246863,0.06219101498414751,0.039,0.19359493795035035,0,1.0,0.0
19,0.575,two_clusters,0.25665230489023694,0.13464255352919133,0.213,0.5211823097535064,0,0.956,0.044
19,0.6,two_clusters,0.2854887078307484,0.16781913953056418,0.604,1.0100415833023906,0,0.819,0.181
19,0.625,two_clusters,0.39601061628237244,0.12252845067270114,1.202,1.2574561622577545,1,0.627,0.373
19,0.65,two_clusters,0.366244876351308,0.1377180173403334,1.5785,1.343070269941227,0,0.482,0.518
19,0.675,two_clusters,0.6259301918275074,0.00459736469581826,2.1545,1.1969251229713578,2,0.4025,0.5975
19,0.7,two_clusters,0.7137661742051379,0.0012383174460711337,1.289,0.5034669800493375,1,0.735,0.265
19,0.725,two_clusters,0.7581210487600508,1.1762476285746857e-05,1.0,0.0,1,1.0,0.0
19,0.75,two_clusters,0.7888498990238927,2.4614735540284834e-07,1.0,0.0,1,1.0,0.0
19,0.775,two_clusters,0.8120911294658881,1.1338468279359188e-08,1.0035,0.059057175685940155,1,0.9965,0.0035
19,0.8,two_clusters,0.8306555663058431,1.1074480986690051e-09,1.023,0.14990330216509573,1,0.977,0.023
19,0.825,two_clusters,0.8459838008305256,1.607830409996043e-10,1.007,0.08337265738837883,1,0.993,0.007
19,0.85,two_clusters,0.8589279962289106,2.5895474631810614e-11,1.0065,0.08036012692872005,1,0.9935,0.0065
19,0.875,two_clusters,0.8700401625865705,4.45481697713617e-12,1.028,0.16497272501841023,1,0.972,0.028
19,0.9,two_clusters,0.8797010571464997,8.150175715666872e-13,1.039,0.19359493795035032,1,0.961,0.039
19,0.925,two_clusters,0.888185675300452,1.5767115991859773e-13,1.0505,0.21897431356211622,2,0.9495,0.0505
19,0.95,two_clusters,0.8956997025950734,3.2038794423399474e-14,1.0415,0.19944360105052256,1,0.9585,0.0415
19,0.975,two_clusters,0.9024012547704476,6.794645637227374e-15,1.035,0.1837797594948911,1,0.965,0.035
19,1.0,two_clusters,0.9084145722792861,1.517977780197969e-15,1.025,0.15612494995995996,1,0.975,0.025
19,1.025,two_clusters,0.9138390399915277,3.554101186636567e-16,1.012,0.10888526071052962,1,0.988,0.012
19,1.05,two_clusters,0.9187553515714028,3.0886356656191107e-16,1.015,0.12155245781143217,1,0.985,0.015
19,1.075,two_clusters,0.9232298547952578,1.0382217832788177e-16,1.032,0.17600000000000002,1,0.968,0.032
19,1.1,two_clusters,0.9273176954861042,2.222388090271854e-16,1.0355,0.18503986057063485,1,0.9645,0.0355
19,1.125,two_clusters,0.9310651430536653,3.0488713374594307e-16,1.0245,0.15459543977750442,1,0.9755,0.0245
19,1.15,two_clusters,0.9345113434630636,1.5669491272853753e-16,1.0055,0.0739577582137263,1,0.9945,0.0055
19,1.175,two_clusters,0.9376896622802701,2.243090158935384e-16,1.0,0.0,1,1.0,0.0
19,1.2,two_clusters,0.9406287283198721,1.15484543030194e-16,1.0,0.0,1,1.0,0.0
0,0.4,three_clusters,0.07218002864642172,0.052455236242096505,0.0,0.0,0,1.0,0.0
0,0.425,three_clusters,0.07959531688738947,0.056800534127405024,0.0,0.0,0,1.0,0.0
0,0.45,three_clusters,0.08592487730871039,0.061748845785874855,0.0005,0.022355088906108163,0,1.0,0.0
0,0.475,three_clusters,0.104862171195107,0.05586734484233462,0.0,0.0,0,1.0,0.0
0,0.5,three_clusters,0.12035899045233288,0.06039900861932219,0.0,0.0,0,1.0,0.0
0,0.525,three_clusters,0.14966044258223787,0.059980359084785974,0.008,0.08908422980528034,0,1.0,0.0
0,0.55,three_clusters,0.11815743949337988,0.06436462697758663,0.0015,0.03870077518603471,0,1.0,0.0
0,0.575,three_clusters,0.17234368281463983,0.0762613651194074,0.009,0.09444045743218316,0,1.0,0.0
0,0.6,three_clusters,0.37369396319657716,0.14105834968629677,0.9665,1.1744691353969248,1,0.6825,0.3175
0,0.625,three_clusters,0.43687735165762404,0.10113526187944884,1.7845,1.3546437723623137,2,0.4175,0.5825
0,0.65,three_clusters,0.41125708577656184,0.08519398386417479,2.03,1.195031380341119,3,0.345,0.655
0,0.675,three_clusters,0.6554789036931478,0.005933359230190489,2.362,1.0779406291628495,3,0.257,0.743
0,0.7,three_clusters,0.7217288873289375,0.0035628577910066664,1.3275,0.7044457040822948,1,0.7745,0.2255
0,0.725,three_clusters,0.7610791969515901,0.0018112655294410542,1.006,0.07722693830523128,1,0.994,0.006
0,0.75,three_clusters,0.7897750460433371,0.000998756538290089,1.0,0.0,1,1.0,0.0
0,0.775,three_clusters,0.8120243156018608,0.00020021796501739963,1.0,0.0,1,1.0,0.0
0,0.8,three_clusters,0.8300845934449064,1.6663951618122162e-05,1.0,0.0,1,1.0,0.0
0,0.825,three_clusters,0.8450939020172119,1.3640582575275153e-06,1.008,0.08908422980528033,1,0.992,0.008
0,0.85,three_clusters,0.8578263022291289,1.1185187015461804e-07,1.0975,0.29663740492392393,1,0.9025,0.0975
0,0.875,three_clusters,0.8687956224563632,9.168532345364491e-09,1.1805,0.384603367119946,1,0.8195,0.1805
0,0.9,three_clusters,0.8783608364975803,7.53038605383419e-10,1.198,0.3984921580156879,1,0.802,0.198
0,0.925,three_clusters,0.8867834981984886,6.222381922958489e-11,1.252,0.43416126036301306,1,0.748,0.252
0,0.95,three_clusters,0.8942603945580553,5.1976450671411635e-12,1.346,0.4756931784249171,1,0.654,0.346
0,0.975,three_clusters,0.9009434082047337,4.4117921980682905e-13,1.3315,0.4707523234143407,2,0.6685,0.3315
0,1.0,three_clusters,0.9069522289792075,3.826589756014702e-14,1.2905,0.4539931166879074,1,0.7095,0.2905
0,1.025,three_clusters,0.9123828239354272,3.4181051659805994e-15,1.269,0.44343996211437686,1,0.731,0.269
0,1.05,three_clusters,0.9173132720332993,3.9805792089170473e-16,1.2085,0.40623607668448153,1,0.7915,0.2085
0,1.075,three_clusters,0.9218078978394951,2.1889983329448753e-16,1.1025,0.3033047147671793,1,0.8975,0.1025
0,1.1,three_clusters,0.925920271289137,3.581222233492845e-16,1.051,0.21999772726098782,1,0.949,0.051
0,1.125,three_clusters,0.9296954302212639,1.7877693534987968e-16,1.0125,0.11110243021644485,1,0.9875,0.0125
0,1.15,three_clusters,0.933171557128428,2.5461410540665233e-16,1.0,0.0,1,1.0,0.0
0,1.175,three_clusters,0.9363812644028269,1.5519313616435817e-16,1.0,0.0,1,1.0,0.0
0,1.2,three_clusters,0.9393525934192689,3.4466122347865693e-16,1.0,0.0,1,1.0,0.0
1,0.4,three_clusters,0.08033887165952032,0.048601369903417097,0.001,0.03160696125855822,0,1.0,0.0
1,0.425,three_clusters,0.10234668307923477,0.05304928388740783,0.0045,0.06693093455196934,0,1.0,0.0
1,0.45,three_clusters,0.18749460102671237,0.06274785369451177,0.002,0.044676615807377355,0,1.0,0.0
1,0.475,three_clusters,0.27175726901376085,0.065662608402188,0.043,0.2053070870671541,0,0.9995,0.0005
1,0.5,three_clusters,0.29271333623510426,0.09053710576048779,0.1085,0.3474589903859159,0,0.989,0.011
1,0.525,three_clusters,0.35641194990102837,0.08213688116720233,0.273,0.5171759855213697,0,0.9685,0.0315
1,0.55,three_clusters,0.44004511595134205,0.09961372305749598,0.9805,1.126108231920893,0,0.7215,0.2785
1,0.575,three_clusters,0.4617309327085885,0.0546274736850907,1.58,1.1079711187571635,2,0.5065,0.4935
1,0.6,three_clusters,0.6060679145132665,0.007096857528615226,2.818,1.1080956637402748,3,0.1305,0.8695
1,0.625,three_clusters,0.6915858432129142,0.003455235928370008,1.361,0.5382183571748551,1,0.6685,0.3315
1,0.65,three_clusters,0.7410493634338235,0.003100118937546892,1.103,0.3039588787977742,1,0.897,0.103
1,0.675,three_clusters,0.775715059699654,0.002030867508956948,1.0425,0.20172691937369192,1,0.9575,0.0425
1,0.7,three_clusters,0.8021804513179518,0.0006598266703386044,1.024,0.15304901175767194,1,0.976,0.024
1,0.725,three_clusters,0.823299939905208,5.062189239178738e-05,1.0,0.0,1,1.0,0.0
1,0.75,three_clusters,0.8405860058379676,2.8600128670371665e-06,1.0645,0.2456415070789137,1,0.9355,0.0645
1,0.775,three_clusters,0.855025301763216,1.6433513992230982e-07,1.1655,0.3716312015964214,1,0.8345,0.1655
1,0.8,three_clusters,0.8673017310293487,9.559038811840337e-09,1.283,0.45045643518546835,1,0.717,0.283
1,0.825,three_clusters,0.8778820672037762,5.650352701812818e-10,1.352,0.4775939698111775,1,0.648,0.352
1,0.85,three_clusters,0.8871005746845037,3.430988175957189e-11,1.376,0.4843800161030593,1,0.624,0.376
1,0.875,three_clusters,0.8952052504751113,2.1783215532333105e-12,1.392,0.4881966816765555,2,0.608,0.392
1,0.9,three_clusters,0.9023851945923161,1.487779771970612e-13,1.362,0.48057881767718397,2,0.638,0.362
1,0.925,three_clusters,0.9087878045240162,1.1636850178316931e-14,1.1305,0.3368527126208129,1,0.8695,0.1305
1,0.95,three_clusters,0.9145300733420381,1.2101125398586197e-15,1.0735,0.26095545596902164,2,0.9265,0.0735
1,0.975,three_clusters,0.9197062858688768,2.411127348965528e-16,1.0665,0.24915406880081248,1,0.9335,0.0665
1,1.0,three_clusters,0.9243934196980247,2.875884829609236e-16,1.0485,0.2148202737173565,1,0.9515,0.0485
1,1.025,three_clusters,0.9286550318439215,1.8066300106418957e-16,1.029,0.16780643611018023,1,0.971,0.029
1,1.05,three_clusters,0.9325441163259516,1.1773076328541346e-16,1.008,0.08908422980528033,1,0.992,0.008
1,1.075,three_clusters,0.9361052445744493,1.703387512287217e-16,1.0,0.0,1,1.0,0.0
1,1.1,three_clusters,0.9393761949199354,1.2617038697066414e-16,1.0,0.0,1,1.0,0.0
1,1.125,three_clusters,0.9423892110132169,1.2521425833852792e-16,1.0,0.0,1,1.0,0.0
1,1.15,three_clusters,0.9451719860986889,1.9976303073317525e-16,1.0,0.0,1,1.0,0.0
1,1.175,three_clusters,0.9477484416384313,1.1322097734007353e-16,1.0,0.0,1,1.0,0.0
1,1.2,three_clusters,0.950139349551458,1.9311179844628583e-16,1.0,0.0,1,1.0,0.0
2,0.4,three_clusters,0.04122625682972093,0.019441581816608378,0.0,0.0,0,1.0,0.0
2,0.425,three_clusters,0.04663350094538875,0.019025555332162946,0.0,0.0,0,1.0,0.0
2,0.45,three_clusters,0.07019451368243372,0.02249371006259534,0.0,0.0,0,1.0,0.0
2,0.475,three_clusters,0.10770141657998117,0.031179577241186657,0.0015,0.038700775186034715,0,1.0,0.0
2,0.5,three_clusters,0.13618608547007502,0.03640879947621442,0.0,0.0,0,1.0,0.0
2,0.525,three_clusters,0.1630788331430473,0.0686162546114969,0.003,0.054690035655501276,0,1.0,0.0
2,0.55,three_clusters,0.18904454904934112,0.06895490195306622,0.015,0.12155245781143217,0,1.0,0.0
2,0.575,three_clusters,0.21228226388360583,0.08047902212246716,0.027,0.1768360822909171,0,0.9975,0.0025
2,0.6,three_clusters,0.25073674725357276,0.1625891525503862,0.3305,0.6739953634855361,0,0.9175,0.0825
2,0.625,three_clusters,0.3629388510954957,0.12779768344667286,0.874,1.1367163234510183,0,0.7335,0.2665
2,0.65,three_clusters,0.42978683233525994,0.11407063750602507,1.451,1.2163876849097084,0,0.545,0.455
2,0.675,three_clusters,0.4696748503722856,0.04085856859080015,3.088,1.0075991266371762,4,0.0625,0.9375
2,0.7,three_clusters,0.6619781265384683,0.0020315568126427572,1.942,0.8219708024011558,1,0.341,0.659
2,0.725,three_clusters,0.721512654731455,0.0003620364512560946,1.021,0.14338409953687334,1,0.979,0.021
2,0.75,three_clusters,0.7604825210005285,8.20194970085246e-06,1.0,0.0,1,1.0,0.0
2,0.775,three_clusters,0.7890667905282087,2.136053134800449e-07,1.0,0.0,1,1.0,0.0
2,0.8,three_clusters,0.8114100523010995,6.611090249027246e-09,1.0,0.0,1,1.0,0.0
2,0.825,three_clusters,0.8295532866378642,3.2829234943432306e-10,1.0,0.0,1,1.0,0.0
2,0.85,three_clusters,0.8446692465040175,3.411160454576032e-11,1.0,0.0,1,1.0,0.0
2,0.875,three_clusters,0.8575014459292691,4.842021421689737e-12,1.0,0.0,1,1.0,0.0
2,0.9,three_clusters,0.8685534091355805,7.80831825855529e-13,1.0,0.0,1,1.0,0.0
2,0.925,three_clusters,0.878182776591794,1.3738517672700241e-13,1.0,0.0,1,1.0,0.0
2,0.95,three_clusters,0.8866529132682598,2.5866496895198514e-14,1.0,0.0,1,1.0,0.0
2,0.975,three_clusters,0.8941633379079278,5.156075223170205e-15,1.0,0.0,1,1.0,0.0
2,1.0,three_clusters,0.9008687006237341,1.0774055221024704e-15,1.0,0.0,1,1.0,0.0
2,1.025,three_clusters,0.9068911607653543,3.951130731171443e-16,1.0,0.0,1,1.0,0.0
2,1.05,three_clusters,0.9123287606655224,3.0230906116922567e-16,1.0,0.0,1,1.0,0.0
2,1.075,three_clusters,0.9172612650260212,2.2309682368601357e-16,1.0,0.0,1,1.0,0.0
2,1.1,three_clusters,0.9217543384018186,2.0878392655873427e-16,1.0,0.0,1,1.0,0.0
2,1.125,three_clusters,0.9258625997055199,1.928722946973679e-16,1.0,0.0,1,1.0,0.0
2,1.15,three_clusters,0.9296318981296852,2.215027099591644e-16,1.0,0.0,1,1.0,0.0
2,1.175,three_clusters,0.9331010371134401,1.2116190988960708e-16,1.0,0.0,1,1.0,0.0
2,1.2,three_clusters,0.936303099327002,1.7258523154637315e-16,1.0,0.0,1,1.0,0.0
3,0.4,three_clusters,0.06776580169221882,0.033058282096977934,0.0,0.0,0,1.0,0.0
3,0.425,three_clusters,0.09277501126184,0.03818305906300055,0.002,0.044676615807377355,0,1.0,0.0
3,0.45,three_clusters,0.10302597966637624,0.05548188227184642,0.001,0.03160696125855822,0,1.0,0.0
3,0.475,three_clusters,0.1384125900067093,0.06693239690198345,0.008,0.08908422980528034,0,1.0,0.0
3,0.5,three_clusters,0.2221511024030661,0.08086685797220018,0.0375,0.19517620244281836,0,0.999,0.001
3,0.525,three_clusters,0.2605195324981501,0.09430378789492615,0.066,0.2639014967748383,0,0.996,0.004
3,0.55,three_clusters,0.32043201838731283,0.11252148941745957,0.169,0.44434108520369797,1,0.9775,0.0225
3,0.575,three_clusters,0.3940468680946958,0.14128560967575177,0.829,1.2086186329856081,0,0.7655,0.2345
3,0.6,three_clusters,0.31314106772116035,0.08819090361070077,0.231,0.5056075553232962,0,0.974,0.026
3,0.625,three_clusters,0.4388439196722013,0.02581579697735699,1.576,1.066875812829216,0,0.515,0.485
3,0.65,three_clusters,0.6013557105082077,0.008935500797569959,3.2245,1.023278920920391,4,0.0325,0.9675
3,0.675,three_clusters,0.6738344967128157,0.004558745911685191,1.405,0.6511336268386083,2,0.6735,0.3265
3,0.7,three_clusters,0.7221024485192704,0.0027293559065351657,1.025,0.16240381768911716,1,0.976,0.024
3,0.725,three_clusters,0.7572188376081401,0.0010294206166438233,1.0,0.0,1,1.0,0.0
3,0.75,three_clusters,0.7845177182635578,0.0001168806403519592,1.0,0.0,1,1.0,0.0
3,0.775,three_clusters,0.8065175767709346,6.438051582647417e-06,1.0,0.0,1,1.0,0.0
3,0.8,three_clusters,0.824648220800051,3.767611435902166e-07,1.0,0.0,1,1.0,0.0
3,0.825,three_clusters,0.8399104465975835,2.263761168785036e-08,1.0,0.0,1,1.0,0.0
3,0.85,three_clusters,0.8529649591898483,1.3950855954787146e-09,1.0,0.0,1,1.0,0.0
3,0.875,three_clusters,0.8642719254231416,8.890655263843006e-11,1.0,0.0,1,1.0,0.0
3,0.9,three_clusters,0.8741655865926398,5.937076557156492e-12,1.0,0.0,1,1.0,0.0
3,0.925,three_clusters,0.8828965572565874,4.2729746260710737e-13,1.0,0.0,1,1.0,0.0
3,0.95,three_clusters,0.8906575155446922,3.551610917410748e-14,1.0,0.0,1,1.0,0.0
3,0.975,three_clusters,0.8975996456881061,3.864779477481225e-15,1.0,0.0,1,1.0,0.0
3,1.0,three_clusters,0.9038436031694863,6.233385706630712e-16,1.0,0.0,1,1.0,0.0
3,1.025,three_clusters,0.9094870740580029,2.785310389307247e-16,1.0,0.0,1,1.0,0.0
3,1.05,three_clusters,0.9146101319381664,3.3340905042023114e-16,1.0,0.0,1,1.0,0.0
3,1.075,three_clusters,0.9192791237357413,2.9154718749726264e-16,1.0,0.0,1,1.0,0.0
3,1.1,three_clusters,0.9235495456499964,2.2642834598067383e-16,1.0,0.0,1,1.0,0.0
3,1.125,three_clusters,0.9274682092745756,1.9047687173078127e-16,1.0,0.0,1,1.0,0.0
3,1.15,three_clusters,0.9310748984418112,1.3211187504541324e-16,1.0,0.0,1,1.0,0.0
3,1.175,three_clusters,0.934403653962102,1.3105805437295003e-16,1.0,0.0,1,1.0,0.0
3,1.2,three_clusters,0.9374837820430013,9.158498836488046e-17,1.0,0.0,1,1.0,0.0
4,0.4,three_clusters,0.14406073925034849,0.036736120386041855,0.0,0.0,0,1.0,0.0
4,0.425,three_clusters,0.19608470516723575,0.042104483558565546,0.0075,0.08627716963368699,0,1.0,0.0
4,0.45,three_clusters,0.24867585076466295,0.023929572987712193,0.012,0.1088852607105296,0,1.0,0.0
4,0.475,three_clusters,0.2772091198117099,0.047868345712239586,0.047,0.21163884331568247,0,1.0,0.0
4,0.5,three_clusters,0.297231911623001,0.05135892500965123,0.014,0.11749042514179614,0,1.0,0.0
4,0.525,three_clusters,0.31622883491063725,0.07881026887735045,0.127,0.39098721206709564,0,0.98,0.02
4,0.55,three_clusters,0.32217269128023457,0.07645019703343289,0.1375,0.40693211964650816,1,0.9815,0.0185
4,0.575,three_clusters,0.40509525039178984,0.09792375946253748,0.7805,1.1297432230378726,0,0.7905,0.2095
4,0.6,three_clusters,0.43031656116815087,0.09558995433842678,1.2105,1.188776576989974,2,0.635,0.365
4,0.625,three_clusters,0.4355252436784409,0.07355655633369941,1.8655,1.338435560645338,4,0.402,0.598
4,0.65,three_clusters,0.5271901557630082,0.010312412008901393,2.7545,0.9051131144779642,2,0.0585,0.9415
4,0.675,three_clusters,0.6446178915091026,0.003752834741362141,1.2885,0.5130962385362029,1,0.739,0.261
4,0.7,three_clusters,0.7057413211688459,0.0021392705225932534,1.0965,0.29527571860889607,1,0.9035,0.0965
4,0.725,three_clusters,0.7464571070542534,0.0006672795346389596,1.0095,0.09700386590234432,1,0.9905,0.0095
4,0.75,three_clusters,0.7769130838412209,7.393476621528102e-05,1.0,0.0,1,1.0,0.0
4,0.775,three_clusters,0.8007797757441791,3.6343069331270047e-06,1.0,0.0,1,1.0,0.0
4,0.8,three_clusters,0.8201234808160327,1.8031409398625872e-07,1.0,0.0,1,1.0,0.0
4,0.825,three_clusters,0.8362247731170799,9.1041211010707e-09,1.0,0.0,1,1.0,0.0
4,0.85,three_clusters,0.8498874901485847,4.726128187575734e-10,1.0,0.0,1,1.0,0.0
4,0.875,three_clusters,0.8616519565957905,2.577905835970269e-11,1.165,0.3711805490593493,1,0.835,0.165
4,0.9,three_clusters,0.8719001837660398,1.5488753596108848e-12,1.1475,0.35460365198345045,1,0.8525,0.1475
4,0.925,three_clusters,0.880912728427974,1.2248307587992578e-13,1.227,0.4188925876641887,1,0.773,0.227
4,0.95,three_clusters,0.8889018454689913,1.7893239610683272e-14,1.1635,0.369821240601456,1,0.8365,0.1635
4,0.975,three_clusters,0.8960319902815753,3.7947530171003436e-15,1.2335,0.42305762018902343,1,0.7665,0.2335
4,1.0,three_clusters,0.9024331019432437,8.665004434201902e-16,1.225,0.41758232721225164,1,0.775,0.225
4,1.025,three_clusters,0.908209540875816,2.816117413709873e-16,1.216,0.4115142767875739,2,0.784,0.216
4,1.05,three_clusters,0.9134462949232974,2.909758784558849e-16,1.2405,0.42738711960001785,2,0.7595,0.2405
4,1.075,three_clusters,0.9182134052416637,2.597898154800353e-16,1.231,0.42147241902644117,1,0.769,0.231
4,1.1,three_clusters,0.9225691958183563,9.265541171513158e-17,1.2185,0.41322844771385236,1,0.7815,0.2185
4,1.125,three_clusters,0.9265626773035817,9.707311693717199e-17,1.204,0.4029689814365369,1,0.796,0.204
4,1.15,three_clusters,0.9302353675628686,1.2315471366552868e-16,1.188,0.39071217027371946,1,0.812,0.188
4,1.175,three_clusters,0.9336226916475644,2.5931492281445975e-16,1.171,0.3765089640367145,1,0.829,0.171
4,1.2,three_clusters,0.9367550729310995,9.225545843057782e-17,1.127,0.33297297187609687,1,0.873,0.127
5,0.4,three_clusters,0.1464096622555676,0.0651917264082486,0.0,0.0,0,1.0,0.0
5,0.425,three_clusters,0.14506708496648893,0.051610824955890436,0.0025,0.04993746088859545,0,1.0,0.0
5,0.45,three_clusters,0.15684227166098208,0.04900264426794284,0.0025,0.04993746088859544,0,1.0,0.0
5,0.475,three_clusters,0.2131234483559065,0.04696608360537518,0.01,0.09949874371066199,0,1.0,0.0
5,0.5,three_clusters,0.23823316648206627,0.049551689073790046,0.009,0.09444045743218316,0,1.0,0.0
5,0.525,three_clusters,0.3041841535213107,0.06478308133362229,0.0755,0.287749456993406,0,0.9955,0.0045
5,0.55,three_clusters,0.335415435652887,0.06742580259748548,0.168,0.43217589011882646,0,0.9795,0.0205
5,0.575,three_clusters,0.4080687782744965,0.11405957513202047,0.8105,1.2456282551387472,1,0.7535,0.2465
5,0.6,three_clusters,0.42824106475890905,0.12969058439367223,1.3755,1.3132020979270478,2,0.5935,0.4065
5,0.625,three_clusters,0.4679359975014985,0.09897097352976368,2.0225,1.3228732932522298,3,0.323,0.677
5,0.65,three_clusters,0.6153255088082885,0.005617841633209489,2.257,1.1063231896692756,4,0.306,0.694
5,0.675,three_clusters,0.6958637101728256,0.0023901024605534078,1.0445,0.2269796246362215,1,0.96,0.04
5,0.7,three_clusters,0.742830817392345,0.0006051471454526141,1.0,0.0,1,1.0,0.0
5,0.725,three_clusters,0.7764860072218951,2.294467576381735e-05,1.0,0.0,1,1.0,0.0
5,0.75,three_clusters,0.8020909032519364,7.127303115709544e-07,1.0,0.0,1,1.0,0.0
5,0.775,three_clusters,0.8224883369936632,2.366276754112571e-08,1.0,0.0,1,1.0,0.0
5,0.8,three_clusters,0.8392521146945287,8.426441396747168e-10,1.0,0.0,1,1.0,0.0
5,0.825,three_clusters,0.8533337511229624,3.121367228875078e-11,1.0,0.0,1,1.0,0.0
5,0.85,three_clusters,0.8653575157333148,9.15355945507158e-13,1.04,0.19595917942265426,1,0.96,0.04
5,0.875,three_clusters,0.8757568422017398,1.0839235511215415e-13,1.066,0.24828209762284514,1,0.934,0.066
5,0.9,three_clusters,0.8848455155428582,3.7017092315294416e-14,1.0765,0.26579644467148156,1,0.9235,0.0765
5,0.925,three_clusters,0.8928581284558355,9.443918522164248e-15,1.0705,0.25598779267769783,1,0.9295,0.0705
5,0.95,three_clusters,0.8999745980025966,2.2910051335201035e-15,1.0575,0.2327955111251074,1,0.9425,0.0575
5,0.975,three_clusters,0.9063357957944339,5.834589064209894e-16,1.064,0.24475293665245373,2,0.936,0.064
5,1.0,three_clusters,0.9120539317586527,2.1364222180557376e-16,1.063,0.24296296014001803,1,0.937,0.063
5,1.025,three_clusters,0.9172196911563358,1.0880752066901082e-16,1.0,0.0,1,1.0,0.0
5,1.05,three_clusters,0.9219072814241742,2.4380709957580735e-16,1.0,0.0,1,1.0,0.0
5,1.075,three_clusters,0.9261780876162463,1.496537808987474e-16,1.0,0.0,1,1.0,0.0
5,1.1,three_clusters,0.9300833747729983,2.1018137570293107e-16,1.0,0.0,1,1.0,0.0
5,1.125,three_clusters,0.9336663212523033,2.51558016649635e-16,1.0,0.0,1,1.0,0.0
5,1.15,three_clusters,0.9369635723487881,2.0024065695604062e-16,1.0,0.0,1,1.0,0.0
5,1.175,three_clusters,0.9400064435440675,2.2425405839770103e-16,1.0,0.0,1,1.0,0.0
5,1.2,three_clusters,0.9428218636753061,1.4585812468861363e-16,1.0,0.0,1,1.0,0.0
6,0.4,three_clusters,0.09962914781501372,0.04424551340345339,0.0025,0.04993746088859544,0,1.0,0.0
6,0.425,three_clusters,0.11475684536304286,0.051966410001479765,0.003,0.054690035655501276,0,1.0,0.0
6,0.45,three_clusters,0.13712759594559643,0.06877339365351332,0.0125,0.11110243021644485,0,1.0,0.0
6,0.475,three_clusters,0.1830607081837619,0.06866731209890489,0.0035,0.059057175685940155,0,1.0,0.0
6,0.5,three_clusters,0.20123540546084764,0.06509232006330389,0.008,0.08908422980528036,0,1.0,0.0
6,0.525,three_clusters,0.21432329879317016,0.07086132551997391,0.0095,0.09700386590234432,0,1.0,0.0
6,0.55,three_clusters,0.23307440689557404,0.05185213797677477,0.0095,0.09700386590234432,0,1.0,0.0
6,0.575,three_clusters,0.32008323893116175,0.11418878589936908,0.2605,0.5492173977579371,0,0.9565,0.0435
6,0.6,three_clusters,0.3805762312293858,0.11459926772779498,0.745,1.0222401870402082,0,0.8095,0.1905
6,0.625,three_clusters,0.38735816724927613,0.12695897513302443,0.9155,1.2297803665695757,1,0.712,0.288
6,0.65,three_clusters,0.4005196697353788,0.08799882980739213,1.1765,1.132407943278393,2,0.624,0.376
6,0.675,three_clusters,0.44918354327030824,0.1456167805266077,2.3555,1.4082328465136722,1,0.257,0.743
6,0.7,three_clusters,0.6348541301807262,0.003184789533245898,1.884,0.9646470857261737,1,0.425,0.575
6,0.725,three_clusters,0.7113074004675366,0.0009031059032608208,1.0,0.0,1,1.0,0.0
6,0.75,three_clusters,0.754403852358943,7.96697650370797e-05,1.0,0.0,1,1.0,0.0
6,0.775,three_clusters,0.7847367879476941,3.3866505757475816e-06,1.0,0.0,1,1.0,0.0
6,0.8,three_clusters,0.8079044918163953,1.683703444474867e-07,1.0,0.0,1,1.0,0.0
6,0.825,three_clusters,0.8265081005032264,8.978875166856625e-09,1.0,0.0,1,1.0,0.0
6,0.85,three_clusters,0.8419213002452568,5.19357755213757e-10,1.0,0.0,1,1.0,0.0
6,0.875,three_clusters,0.8549695391162386,3.504401575017106e-11,1.0,0.0,1,1.0,0.0
6,0.9,three_clusters,0.8661930819863192,3.1767054897724593e-12,1.0185,0.13475069573104254,1,0.9815,0.0185
6,0.925,three_clusters,0.8759672650648378,4.1167640048382145e-13,1.071,0.25682484303509273,1,0.929,0.071
6,0.95,three_clusters,0.8845644976071046,6.845272258093539e-14,1.071,0.25682484303509273,1,0.929,0.071
6,0.975,three_clusters,0.8921891860742686,1.3080459496594627e-14,1.086,0.2803640490505157,1,0.914,0.086
6,1.0,three_clusters,0.8989987834423879,2.7135767651328927e-15,1.0,0.0,1,1.0,0.0
6,1.025,three_clusters,0.9051171690161743,6.030207810911463e-16,1.0775,0.26738315204963825,1,0.9225,0.0775
6,1.05,three_clusters,0.9106435244819483,2.8112986668411826e-16,1.0525,0.2230330692969094,1,0.9475,0.0525
6,1.075,three_clusters,0.9156584318880013,1.0738215756369984e-16,1.0915,0.28831883393215924,1,0.9085,0.0915
6,1.1,three_clusters,0.9202281869258508,1.8912935169115145e-16,1.067,0.2500219990320852,1,0.933,0.067
6,1.125,three_clusters,0.924407925900432,1.2011463857246401e-16,1.0,0.0,1,1.0,0.0
6,1.15,three_clusters,0.9282439409332764,1.699946870626891e-16,1.0,0.0,1,1.0,0.0
6,1.175,three_clusters,0.9317754256468032,1.0755419851390039e-16,1.0,0.0,1,1.0,0.0
6,1.2,three_clusters,0.9350358125189987,1.3781977899969465e-16,1.0,0.0,1,1.0,0.0
7,0.4,three_clusters,0.24397630381276064,0.0429995965590377,0.0215,0.14504395885385918,0,1.0,0.0
7,0.425,three_clusters,0.251414882704162,0.03531831855360348,0.0085,0.0970966013823347,0,0.9995,0.0005
7,0.45,three_clusters,0.29285227621917137,0.02823670298191636,0.022,0.14668333238647122,0,1.0,0.0
7,0.475,three_clusters,0.3452313881291205,0.029559405394617443,0.023,0.14990330216509576,0,1.0,0.0
7,0.5,three_clusters,0.3868330771752903,0.038620815330699575,0.139,0.39201913218617274,0,0.983,0.017
7,0.525,three_clusters,0.4300192685690506,0.08899974272173937,0.885,1.1352422648932694,0,0.7395,0.2605
7,0.55,three_clusters,0.45046875069422126,0.0985550823313096,1.2975,1.406056097742903,3,0.614,0.386
7,0.575,three_clusters,0.4682502182156608,0.05903221299714191,1.7255,1.4167391255979345,1,0.455,0.545
7,0.6,three_clusters,0.4831612521375796,0.025803722533156263,2.679,1.1384019501037408,2,0.1485,0.8515
7,0.625,three_clusters,0.5918648105660941,0.005333756474711427,1.945,0.7529774233003271,2,0.285,0.715
7,0.65,three_clusters,0.6835598839710587,0.0030756128669348756,1.13,0.3377869150810907,1,0.8705,0.1295
7,0.675,three_clusters,0.738584388261746,0.0017804216717451876,1.0,0.0,1,1.0,0.0
7,0.7,three_clusters,0.7757621548819637,0.0009515853010863992,1.0,0.0,1,1.0,0.0
7,0.725,three_clusters,0.8031917303011679,0.00011498457943825467,1.0,0.0,1,1.0,0.0
7,0.75,three_clusters,0.8247117907854544,5.972229810427002e-06,1.0,0.0,1,1.0,0.0
7,0.775,three_clusters,0.8421243576781058,3.159533529008663e-07,1.0,0.0,1,1.0,0.0
7,0.8,three_clusters,0.8565741294815695,1.6863177918022633e-08,1.0,0.0,1,1.0,0.0
7,0.825,three_clusters,0.868794332098178,9.096823962068075e-10,1.0,0.0,1,1.0,0.0
7,0.85,three_clusters,0.8792824203493969,5.0034730515772616e-11,1.0,0.0,1,1.0,0.0
7,0.875,three_clusters,0.8883913601151646,2.837176043837357e-12,1.0,0.0,1,1.0,0.0
7,0.9,three_clusters,0.8963804349547072,1.6817532868141967e-13,1.0,0.0,1,1.0,0.0
7,0.925,three_clusters,0.9034454507471285,1.0615653637661207e-14,1.0,0.0,1,1.0,0.0
7,0.95,three_clusters,0.9097376624680644,7.569816153524182e-16,1.0,0.0,1,1.0,0.0
7,0.975,three_clusters,0.9153761444997583,1.09962532541047e-16,1.0,0.0,1,1.0,0.0
7,1.0,three_clusters,0.9204561590207098,1.0889244914870514e-16,1.0,0.0,1,1.0,0.0
7,1.025,three_clusters,0.9250549823947781,3.3821737718938797e-16,1.0,0.0,1,1.0,0.0
7,1.05,three_clusters,0.9292360624249056,1.1903227047682497e-16,1.0,0.0,1,1.0,0.0
7,1.075,three_clusters,0.9330520483262356,1.1141020287921055e-16,1.0,0.0,1,1.0,0.0
7,1.1,three_clusters,0.9365470406297796,1.12811989932413e-16,1.0,0.0,1,1.0,0.0
7,1.125,three_clusters,0.9397582896442954,2.016820280180126e-16,1.0,0.0,1,1.0,0.0
7,1.15,three_clusters,0.9427174966416326,1.8921079924313372e-16,1.0,0.0,1,1.0,0.0
7,1.175,three_clusters,0.9454518239330962,1.2217498696942363e-16,1.0,0.0,1,1.0,0.0
7,1.2,three_clusters,0.9479846883442353,3.793000231870307e-16,1.0,0.0,1,1.0,0.0
8,0.4,three_clusters,0.1204521278881041,0.05519224465468453,0.0,0.0,0,1.0,0.0
8,0.425,three_clusters,0.14242348936443847,0.05325277901553152,0.0,0.0,0,1.0,0.0
8,0.45,three_clusters,0.16124036560366312,0.05259267296880897,0.0045,0.06693093455196933,0,1.0,0.0
8,0.475,three_clusters,0.17751261466563667,0.06765059037021637,0.009,0.09444045743218314,0,1.0,0.0
8,0.5,three_clusters,0.20393842322114067,0.06250726196902376,0.0055,0.07395775821372631,0,1.0,0.0
8,0.525,three_clusters,0.1898422307972295,0.0429591388748619,0.006,0.07722693830523131,0,1.0,0.0
8,0.55,three_clusters,0.2736440380402342,0.0919645915435533,0.036,0.18629009635512025,0,1.0,0.0
8,0.575,three_clusters,0.37669304700953543,0.09620688735035811,0.4895,0.819078598182128,0,0.879,0.121
8,0.6,three_clusters,0.397595331680505,0.10244190040874177,0.6805,1.0499617850188643,1,0.7885,0.2115
8,0.625,three_clusters,0.41953766319962366,0.08048145022131385,0.976,1.2064095490338262,2,0.702,0.298
8,0.65,three_clusters,0.43856831455573264,0.07172126602867683,1.499,1.121605545635363,1,0.4775,0.5225
8,0.675,three_clusters,0.47175495697010356,0.019088452284777603,2.8735,0.9080185846115705,3,0.055,0.945
8,0.7,three_clusters,0.6341951129188728,0.0038967729152762725,1.386,0.5700912207708517,1,0.6545,0.3455
8,0.725,three_clusters,0.7035691073246687,0.002345464120770838,1.0,0.0,1,1.0,0.0
8,0.75,three_clusters,0.7466971261082727,0.0005956750808009512,1.0,0.0,1,1.0,0.0
8,0.775,three_clusters,0.7778846623389306,2.7537561760609385e-05,1.0,0.0,1,1.0,0.0
8,0.8,three_clusters,0.8019293170478939,1.3637441378111786e-06,1.0,0.0,1,1.0,0.0
8,0.825,three_clusters,0.8212755183224565,7.614514024052041e-08,1.0,0.0,1,1.0,0.0
8,0.85,three_clusters,0.8373000446948031,4.485086238619457e-09,1.0,0.0,1,1.0,0.0
8,0.875,three_clusters,0.8508506702909862,2.718159399081752e-10,1.0,0.0,1,1.0,0.0
8,0.9,three_clusters,0.862490013036986,1.6558130467547186e-11,1.0,0.0,1,1.0,0.0
8,0.925,three_clusters,0.87261187055232,9.577156721162547e-13,1.0,0.0,1,1.0,0.0
8,0.95,three_clusters,0.881503048663298,4.501817829993774e-14,1.0,0.0,1,1.0,0.0
8,0.975,three_clusters,0.8893789732520213,5.723725166205582e-15,1.0,0.0,1,1.0,0.0
8,1.0,three_clusters,0.8964055049016798,1.7276261785347634e-15,1.0,0.0,1,1.0,0.0
8,1.025,three_clusters,0.9027129642101687,4.538490695420589e-16,1.0,0.0,1,1.0,0.0
8,1.05,three_clusters,0.908405506776912,1.5250924808802833e-16,1.0,0.0,1,1.0,0.0
8,1.075,three_clusters,0.9135675934685052,2.370527653189328e-16,1.0,0.0,1,1.0,0.0
8,1.1,three_clusters,0.918268577533027,1.994697267935282e-16,1.0,0.0,1,1.0,0.0
8,1.125,three_clusters,0.9225660321813662,1.4041139431934736e-16,1.0,0.0,1,1.0,0.0
8,1.15,three_clusters,0.9265082130195453,1.9366948869899538e-16,1.0,0.0,1,1.0,0.0
8,1.175,three_clusters,0.9301359123554103,2.1202062552014508e-16,1.0,0.0,1,1.0,0.0
8,1.2,three_clusters,0.9334838772912806,1.9155771465650013e-16,1.0,0.0,1,1.0,0.0
9,0.4,three_clusters,0.11756249786671853,0.048512733312731864,0.0,0.0,0,1.0,0.0
9,0.425,three_clusters,0.14252666327185426,0.04463008063814778,0.0,0.0,0,1.0,0.0
9,0.45,three_clusters,0.17338786792800875,0.04933334957574815,0.007,0.08337265738837882,0,1.0,0.0
9,0.475,three_clusters,0.1885661686063142,0.0573376242293374,0.0045,0.06693093455196934,0,1.0,0.0
9,0.5,three_clusters,0.18686605790982622,0.034811683579499667,0.0025,0.04993746088859545,0,1.0,0.0
9,0.525,three_clusters,0.2627110627380302,0.03925883098604124,0.0335,0.17993818382989196,0,1.0,0.0
9,0.55,three_clusters,0.3188519272354373,0.06347779610185199,0.091,0.3372224784915739,0,0.9845,0.0155
9,0.575,three_clusters,0.3658048305526296,0.09744713130424801,0.597,0.8471074312033864,0,0.84,0.16
9,0.6,three_clusters,0.40900333088778906,0.09373764389679337,0.9805,1.1393505825688597,0,0.71,0.29
9,0.625,three_clusters,0.42395538446602676,0.11016746901338723,1.3805,1.241257326262367,1,0.579,0.421
9,0.65,three_clusters,0.4489578594593976,0.08048404424310054,2.0145,1.2515149819318985,2,0.3275,0.6725
9,0.675,three_clusters,0.6266619703493922,0.004794480834281381,2.0855,1.176940843882988,1,0.428,0.572
9,0.7,three_clusters,0.6999836962797336,0.00195741034604987,1.0595,0.2365581323903281,2,0.9405,0.0595
9,0.725,three_clusters,0.7450553907121498,0.00037783453890780934,1.0,0.0,1,1.0,0.0
9,0.75,three_clusters,0.7773702797974563,1.408015873459739e-05,1.0,0.0,1,1.0,0.0
9,0.775,three_clusters,0.8020800869360951,4.964992117443263e-07,1.0,0.0,1,1.0,0.0
9,0.8,three_clusters,0.8218747467417218,1.8046069191592858e-08,1.0,0.0,1,1.0,0.0
9,0.825,three_clusters,0.8382194792002485,6.544561658764576e-10,1.0,0.0,1,1.0,0.0
9,0.85,three_clusters,0.8520056075542978,2.1379070984766763e-11,1.0,0.0,1,1.0,0.0
9,0.875,three_clusters,0.8638203641262692,1.1310683151854915e-12,1.0,0.0,1,1.0,0.0
9,0.9,three_clusters,0.874072933686344,2.568074225706602e-13,1.0,0.0,1,1.0,0.0
9,0.925,three_clusters,0.8830605388971041,5.203556980231206e-14,1.0,0.0,1,1.0,0.0
9,0.95,three_clusters,0.8910060960426213,1.0411582498352936e-14,1.0,0.0,1,1.0,0.0
9,0.975,three_clusters,0.898081086894901,2.1677328447257353e-15,1.0,0.0,1,1.0,0.0
9,1.0,three_clusters,0.9044201726833201,4.877595264658369e-16,1.0,0.0,1,1.0,0.0
9,1.025,three_clusters,0.9101309227798726,1.4426492765404287e-16,1.0,0.0,1,1.0,0.0
9,1.05,three_clusters,0.9153005139441247,2.415723867889059e-16,1.0,0.0,1,1.0,0.0
9,1.075,three_clusters,0.9200004757543054,2.6411876746960106e-16,1.0,0.0,1,1.0,0.0
9,1.1,three_clusters,0.9242901334583369,1.288050112104704e-16,1.0,0.0,1,1.0,0.0
9,1.125,three_clusters,0.9282191574746066,3.2411097310436343e-16,1.0,0.0,1,1.0,0.0
9,1.15,three_clusters,0.9318294850756215,1.7174400217847316e-16,1.0,0.0,1,1.0,0.0
9,1.175,three_clusters,0.9351567914164002,1.2714356287759402e-16,1.0,0.0,1,1.0,0.0
9,1.2,three_clusters,0.9382316310260033,2.2627859626907116e-16,1.0,0.0,1,1.0,0.0
10,0.4,three_clusters,0.108601950425264,0.04445676534803234,0.0,0.0,0,1.0,0.0
10,0.425,three_clusters,0.09863236665907653,0.056345858815625746,0.002,0.044676615807377355,0,1.0,0.0
10,0.45,three_clusters,0.12796839447941694,0.06052640530031726,0.001,0.03160696125855822,0,1.0,0.0
10,0.475,three_clusters,0.24458379116370652,0.05209330118188685,0.0105,0.10193012312363799,0,1.0,0.0
10,0.5,three_clusters,0.23470893446107968,0.07543199798858662,0.007,0.08337265738837883,0,1.0,0.0
10,0.525,three_clusters,0.3221027341860111,0.04950339883624872,0.077,0.2882204017761408,0,0.994,0.006
10,0.55,three_clusters,0.39196821223274203,0.053230066416478525,0.2095,0.436588765315829,0,0.9935,0.0065
10,0.575,three_clusters,0.4473734674978745,0.05805248259222061,0.735,0.9704509261163081,0,0.8115,0.1885
10,0.6,three_clusters,0.46118832417234373,0.023135243646251868,1.3835,0.9221863965598278,1,0.5815,0.4185
10,0.625,three_clusters,0.533286502306076,0.013251969544137725,2.5605,0.9462239428380578,3,0.129,0.871
10,0.65,three_clusters,0.6381101622826413,0.0077191213206822306,1.428,0.5863582522656263,2,0.616,0.384
10,0.675,three_clusters,0.7041410307666475,0.005069778191591886,1.219,0.4572078302041644,2,0.8,0.2
10,0.7,three_clusters,0.7468552370414633,0.0016421639017169143,1.002,0.044676615807377355,1,0.998,0.002
10,0.725,three_clusters,0.7788538342847546,0.0006752593079945259,1.0,0.0,1,1.0,0.0
10,0.75,three_clusters,0.8035705903265987,5.8574198664534054e-05,1.0,0.0,1,1.0,0.0
10,0.775,three_clusters,0.8234465439059131,3.427543070960775e-06,1.0,0.0,1,1.0,0.0
10,0.8,three_clusters,0.8398376661459553,2.0296670048220746e-07,1.0,0.0,1,1.0,0.0
10,0.825,three_clusters,0.8536444178376621,1.2191525794809636e-08,1.0,0.0,1,1.0,0.0
10,0.85,three_clusters,0.8654630933680951,7.466600600626327e-10,1.0,0.0,1,1.0,0.0
10,0.875,three_clusters,0.8757088889394277,4.687486475181383e-11,1.034,0.25854206620973696,1,0.983,0.017
10,0.9,three_clusters,0.8846827648946151,3.0324429269486635e-12,1.0005,0.02235508890610816,1,0.9995,0.0005
10,0.925,three_clusters,0.8926099472145165,2.0356105718036753e-13,1.0,0.0,1,1.0,0.0
10,0.95,three_clusters,0.8996633745884944,1.4368123823619357e-14,1.3,0.45825756949558394,1,0.7,0.3
10,0.975,three_clusters,0.9059786603898348,1.1061410018171633e-15,1.39,0.4877499359302879,2,0.61,0.39
10,1.0,three_clusters,0.9116640235415985,2.7460912613835523e-16,1.355,0.5630053285715865,3,0.689,0.311
10,1.025,three_clusters,0.9168071041272622,1.032865487270718e-16,1.322,0.4672429774753174,1,0.678,0.322
10,1.05,three_clusters,0.9214797762468567,1.0631508668867185e-16,1.3025,0.4593405599334769,1,0.6975,0.3025
10,1.075,three_clusters,0.9257416305702252,1.8788700196831148e-16,1.28,0.4489988864128729,1,0.72,0.28
10,1.1,three_clusters,0.9296425477551415,1.9974760442088282e-16,1.252,0.43416126036301306,1,0.748,0.252
10,1.125,three_clusters,0.9332246349640927,2.29979691505011e-16,1.2325,0.42242602902756826,1,0.7675,0.2325
10,1.15,three_clusters,0.9365237064275466,2.4848914415122903e-16,1.2195,0.511194434633242,2,0.8255,0.1745
10,1.175,three_clusters,0.9395704313315353,4.2308820918471276e-16,1.1925,0.3942635539838802,2,0.8075,0.1925
10,1.2,three_clusters,0.9423912348721423,2.524018246218096e-16,1.175,0.3799671038392667,1,0.825,0.175
11,0.4,three_clusters,0.18301530306243932,0.036789811398949226,0.003,0.05469003565550128,0,1.0,0.0
11,0.425,three_clusters,0.19867112530776565,0.053428101126711244,0.003,0.05469003565550127,0,1.0,0.0
11,0.45,three_clusters,0.23337154346403344,0.07591547191848855,0.0145,0.11953974234538069,0,1.0,0.0
11,0.475,three_clusters,0.24571969865474655,0.04621234920888063,0.012,0.1088852607105296,0,1.0,0.0
11,0.5,three_clusters,0.3388648668223775,0.05694410314049121,0.0895,0.29067120600430996,0,0.9985,0.0015
11,0.525,three_clusters,0.3884007217410041,0.08136150002205506,0.3625,0.7798036611865836,0,0.931,0.069
11,0.55,three_clusters,0.4211502626658435,0.08298526916375953,0.648,1.0139506891363108,2,0.8435,0.1565
11,0.575,three_clusters,0.4687801546400228,0.02619101285054469,1.278,1.041496999515601,2,0.633,0.367
11,0.6,three_clusters,0.5353197270886231,0.02589967154021995,2.443,1.0581828764443317,3,0.185,0.815
11,0.625,three_clusters,0.6019927306464584,0.0080654928791145,2.3275,0.9237119410292367,2,0.193,0.807
11,0.65,three_clusters,0.6757789000470246,0.004596186867290768,1.482,0.6298221971318573,2,0.588,0.412
11,0.675,three_clusters,0.7259792026075854,0.0026294239736427477,1.206,0.40443046373882374,1,0.794,0.206
11,0.7,three_clusters,0.7623954896781374,0.0018046103415075897,1.0,0.0,1,1.0,0.0
11,0.725,three_clusters,0.7905070427785535,0.0011554801042195095,1.0,0.0,1,1.0,0.0
11,0.75,three_clusters,0.8126578437137023,0.0003097994286850911,1.0,0.0,1,1.0,0.0
11,0.775,three_clusters,0.8308337251770229,2.6557933081170272e-05,1.04,0.19595917942265426,1,0.96,0.04
11,0.8,three_clusters,0.8460095545729426,2.1412268568030973e-06,1.143,0.3500728495613449,1,0.857,0.143
11,0.825,three_clusters,0.8589009325238266,1.736764701244513e-07,1.159,0.36567608617463626,1,0.841,0.159
11,0.85,three_clusters,0.8700078480452448,1.4118252580873406e-08,1.151,0.3580488793447062,1,0.849,0.151
11,0.875,three_clusters,0.8796861354844113,1.1503903072380193e-09,1.08,0.2712931993250107,1,0.92,0.08
11,0.9,three_clusters,0.8881983622861598,9.412950988204149e-11,1.324,0.46799999999999997,2,0.676,0.324
11,0.925,three_clusters,0.8957438464291615,7.753879273986683e-12,1.248,0.4318518264405049,1,0.752,0.248
11,0.95,three_clusters,0.9024773974358188,6.446906005852178e-13,1.2485,0.4321432054307923,1,0.7515,0.2485
11,0.975,three_clusters,0.9085215492389027,5.4214107399762145e-14,1.2345,0.4236859096075772,1,0.7655,0.2345
11,1.0,three_clusters,0.913974838437565,4.612698769188591e-15,1.1715,0.37694528780712994,2,0.8285,0.1715
11,1.025,three_clusters,0.9189175797160617,5.082712076325368e-16,1.144,0.35108973211986705,1,0.856,0.144
11,1.05,three_clusters,0.9234160012898979,2.1426153854196431e-16,1.1225,0.32786239491591584,1,0.8775,0.1225
11,1.075,three_clusters,0.9275252728477917,1.0226715000429242e-16,1.1215,0.3267074379318598,1,0.8785,0.1215
11,1.1,three_clusters,0.9312917656437283,2.563389323036621e-16,1.0985,0.29798951323830175,1,0.9015,0.0985
11,1.125,three_clusters,0.9347547678817258,2.943452294606224e-16,1.063,0.24296296014001809,2,0.937,0.063
11,1.15,three_clusters,0.9379478058772682,1.9805893341952344e-16,1.037,0.18876175460087247,1,0.963,0.037
11,1.175,three_clusters,0.9408996748545794,3.2698848226895895e-16,1.0175,0.1311249404194335,1,0.9825,0.0175
11,1.2,three_clusters,0.9436352525387094,1.6271491674545456e-16,1.0,0.0,1,1.0,0.0
12,0.4,three_clusters,0.085324644829614,0.037171142155485816,0.001,0.03160696125855822,0,1.0,0.0
12,0.425,three_clusters,0.09699322576070957,0.04486315046082077,0.0005,0.022355088906108163,0,1.0,0.0
12,0.45,three_clusters,0.10228948699532876,0.05094442101999215,0.0,0.0,0,1.0,0.0
12,0.475,three_clusters,0.08661514797325051,0.05608882855329202,0.0005,0.022355088906108163,0,1.0,0.0
12,0.5,three_clusters,0.07330456637775438,0.048739213231921666,0.002,0.044676615807377355,0,1.0,0.0
12,0.525,three_clusters,0.24426764134586115,0.0570856885295916,0.028,0.1679761887887685,0,0.9995,0.0005
12,0.55,three_clusters,0.2993637928019815,0.09366615398416202,0.115,0.39214155607382395,0,0.987,0.013
12,0.575,three_clusters,0.35506266234364714,0.07308391289184721,0.2665,0.5748719422619267,0,0.9475,0.0525
12,0.6,three_clusters,0.40693315761481125,0.10243884453532089,0.9095,1.1136919457372403,3,0.758,0.242
12,0.625,three_clusters,0.5073224530937995,0.01890124612703352,2.1305,0.9184060920965191,3,0.232,0.768
12,0.65,three_clusters,0.6006208752474155,0.009507904365053601,2.969,0.9300747281804833,2,0.048,0.952
12,0.675,three_clusters,0.6713825411045838,0.005507044809954861,1.7315,0.8697170516898011,1,0.4875,0.5125
12,0.7,three_clusters,0.7205252972140026,0.001561241665477782,1.0255,0.15763803475050048,1,0.9745,0.0255
12,0.725,three_clusters,0.7571717772450427,0.00030367968358221807,1.0,0.0,1,1.0,0.0
12,0.75,three_clusters,0.7853676048129749,1.1849515525276425e-05,1.0,0.0,1,1.0,0.0
12,0.775,three_clusters,0.807838266897427,4.556984635393992e-07,1.0,0.0,1,1.0,0.0
12,0.8,three_clusters,0.8262824704350139,1.7822576004648977e-08,1.0,0.0,1,1.0,0.0
12,0.825,three_clusters,0.8417473569762854,7.020098704412734e-10,1.034,0.18122913673027302,1,0.966,0.034
12,0.85,three_clusters,0.8549247335572714,2.7858875432390643e-11,1.0545,0.22700165197636782,1,0.9455,0.0545
12,0.875,three_clusters,0.8662974393746479,1.3211407190138306e-12,1.0625,0.24206145913796356,1,0.9375,0.0625
12,0.9,three_clusters,0.8762161307829924,1.5488194728085425e-13,1.0615,0.24024518725668575,1,0.9385,0.0615
12,0.925,three_clusters,0.8849433227330123,2.852130138207525e-14,1.0535,0.22502833154960736,1,0.9465,0.0535
12,0.95,three_clusters,0.892680344188948,5.671305126303067e-15,1.032,0.176,1,0.968,0.032
12,0.975,three_clusters,0.8995846800719381,1.2076909919727572e-15,1.0185,0.1347506957310425,1,0.9815,0.0185
12,1.0,three_clusters,0.9057815772601138,2.9095469731820766e-16,1.002,0.044676615807377355,1,0.998,0.002
12,1.025,three_clusters,0.9113720640574993,2.974796964981984e-16,1.0,0.0,1,1.0,0.0
12,1.05,three_clusters,0.9164386401051936,2.4947924327842073e-16,1.0,0.0,1,1.0,0.0
12,1.075,three_clusters,0.9210494047685103,1.1190695630917483e-16,1.0,0.0,1,1.0,0.0
12,1.1,three_clusters,0.9252611106749421,2.5224306211813287e-16,1.0,0.0,1,1.0,0.0
12,1.125,three_clusters,0.9291214603881263,1.7042917898432338e-16,1.0,0.0,1,1.0,0.0
12,1.15,three_clusters,0.9326708595006012,9.995090698700772e-17,1.0,0.0,1,1.0,0.0
12,1.175,three_clusters,0.9359437724891284,3.3983525998517536e-16,1.0,0.0,1,1.0,0.0
12,1.2,three_clusters,0.9389697837690556,2.2461104175710624e-16,1.0,0.0,1,1.0,0.0
13,0.4,three_clusters,0.07557231955032583,0.03872104903498324,0.0,0.0,0,1.0,0.0
13,0.425,three_clusters,0.06987685433748002,0.045241287363630124,0.0,0.0,0,1.0,0.0
13,0.45,three_clusters,0.09469712326831627,0.05040925001462789,0.0,0.0,0,1.0,0.0
13,0.475,three_clusters,0.15197785411580905,0.03493945971062159,0.0005,0.02235508890610816,0,1.0,0.0
13,0.5,three_clusters,0.18372315140292175,0.06804437460799494,0.0085,0.09180277773575264,0,1.0,0.0
13,0.525,three_clusters,0.2922913824780171,0.05543238159462664,0.037,0.18876175460087244,0,1.0,0.0
13,0.55,three_clusters,0.31839641997780826,0.052803544017991234,0.079,0.28064033922442444,0,0.997,0.003
13,0.575,three_clusters,0.414359417958839,0.09030879372632895,0.594,0.9418938369052003,0,0.837,0.163
13,0.6,three_clusters,0.4307120180907248,0.11248287315611753,1.16,1.2733420593069247,1,0.6575,0.3425
13,0.625,three_clusters,0.46110162739164434,0.08721478965328103,1.5555,1.2961171822022883,4,0.51,0.49
13,0.65,three_clusters,0.4773889817556972,0.021244899304434607,2.496,1.0844279598018487,4,0.168,0.832
13,0.675,three_clusters,0.6070871390042296,0.00796192792190835,2.8855,1.1799956567716678,4,0.0985,0.9015
13,0.7,three_clusters,0.670604360265907,0.0052792305881552625,1.4025,0.5545211898566185,1,0.6305,0.3695
13,0.725,three_clusters,0.7165049288571929,0.0012368801558655174,1.0,0.0,1,1.0,0.0
13,0.75,three_clusters,0.7512038719140486,0.00015344733818161837,1.0,0.0,1,1.0,0.0
13,0.775,three_clusters,0.7782208288277438,7.0278498396551545e-06,1.0,0.0,1,1.0,0.0
13,0.8,three_clusters,0.8000598375242771,3.396888269408703e-07,1.0,0.0,1,1.0,0.0
13,0.825,three_clusters,0.8182232085984199,1.7406380158347634e-08,1.0,0.0,1,1.0,0.0
13,0.85,three_clusters,0.8336287670527481,9.47377956560979e-10,1.0,0.0,1,1.0,0.0
13,0.875,three_clusters,0.8468857265160372,5.5965025736705735e-11,1.0,0.0,1,1.0,0.0
13,0.9,three_clusters,0.8584233385618805,3.844956095335484e-12,1.0,0.0,1,1.0,0.0
13,0.925,three_clusters,0.8685573725391663,3.5490774576073204e-13,1.0,0.0,1,1.0,0.0
13,0.95,three_clusters,0.8775276515474959,4.8003298567180247e-14,1.0,0.0,1,1.0,0.0
13,0.975,three_clusters,0.885520800731677,8.563742920710055e-15,1.0,0.0,1,1.0,0.0
13,1.0,three_clusters,0.8926848468618048,1.8099597924009806e-15,1.0,0.0,1,1.0,0.0
13,1.025,three_clusters,0.899139030586064,4.415841426153331e-16,1.0,0.0,1,1.0,0.0
13,1.05,three_clusters,0.9049806493115876,2.1180250472698146e-16,1.0,0.0,1,1.0,0.0
13,1.075,three_clusters,0.9102899727621886,1.0894903135525075e-16,1.0,0.0,1,1.0,0.0
13,1.1,three_clusters,0.9151338597236802,2.456329238879905e-16,1.0,0.0,1,1.0,0.0
13,1.125,three_clusters,0.9195684720904135,2.407674201010184e-16,1.0,0.0,1,1.0,0.0
13,1.15,three_clusters,0.9236413453559018,2.693978531472237e-16,1.0,0.0,1,1.0,0.0
13,1.175,three_clusters,0.9273929904918456,1.5919220012370269e-16,1.0,0.0,1,1.0,0.0
13,1.2,three_clusters,0.9308581484728736,3.0120618698200476e-16,1.0,0.0,1,1.0,0.0
14,0.4,three_clusters,0.07099516694990111,0.02757861970788222,0.0,0.0,0,1.0,0.0
14,0.425,three_clusters,0.08260619757510843,0.01490951524727858,0.0005,0.02235508890610816,0,1.0,0.0
14,0.45,three_clusters,0.0945876520521576,0.049657594413355106,0.0045,0.06693093455196934,0,1.0,0.0
14,0.475,three_clusters,0.13549806779421159,0.059134092678091346,0.006,0.0772269383052313,0,1.0,0.0
14,0.5,three_clusters,0.1307276769459004,0.04396967935162025,0.0,0.0,0,1.0,0.0
14,0.525,three_clusters,0.32767900408968637,0.038484044095193626,0.061,0.2455178201271753,0,0.9985,0.0015
14,0.55,three_clusters,0.40982301611782657,0.0902025935336733,0.589,0.8408798962991088,0,0.849,0.151
14,0.575,three_clusters,0.43739803689811785,0.08991054543938469,1.068,1.1521180495070806,1,0.6655,0.3345
14,0.6,three_clusters,0.45305294311301564,0.07254653942801739,1.29,1.1090085662428402,0,0.589,0.411
14,0.625,three_clusters,0.43739357055528433,0.026445403871611112,1.655,0.9787619731068428,1,0.463,0.537
14,0.65,three_clusters,0.601528314100606,0.004607699568131391,3.121,1.0641235830485103,1,0.0545,0.9455
14,0.675,three_clusters,0.6924550423205621,0.0021403896298138707,1.007,0.08337265738837882,1,0.993,0.007
14,0.7,three_clusters,0.7430409992304674,0.0009735609842894124,1.0,0.0,1,1.0,0.0
14,0.725,three_clusters,0.7776773920132405,8.782043319113495e-05,1.0,0.0,1,1.0,0.0
14,0.75,three_clusters,0.8037714985407716,3.383898148724236e-06,1.0,0.0,1,1.0,0.0
14,0.775,three_clusters,0.8243770463852579,1.4201389066510998e-07,1.0,0.0,1,1.0,0.0
14,0.8,three_clusters,0.8412042318255174,6.270083549255615e-09,1.0,0.0,1,1.0,0.0
14,0.825,three_clusters,0.855272397589202,2.915875630534675e-10,1.0,0.0,1,1.0,0.0
14,0.85,three_clusters,0.867241733050904,1.466705794460011e-11,1.0,0.0,1,1.0,0.0
14,0.875,three_clusters,0.8775657779874224,8.532021108380891e-13,1.0,0.0,1,1.0,0.0
14,0.9,three_clusters,0.886569873649772,7.114616586195538e-14,1.0,0.0,1,1.0,0.0
14,0.925,three_clusters,0.8944952858251422,1.0595480195842452e-14,1.0,0.0,1,1.0,0.0
14,0.95,three_clusters,0.9015257306302193,2.1233766365896727e-15,1.0,0.0,1,1.0,0.0
14,0.975,three_clusters,0.9078041632470133,5.073002507161918e-16,1.0,0.0,1,1.0,0.0
14,1.0,three_clusters,0.9134438498003571,2.716872492785831e-16,1.0,0.0,1,1.0,0.0
14,1.025,three_clusters,0.9185359197821351,2.8244213396813663e-16,1.0,0.0,1,1.0,0.0
14,1.05,three_clusters,0.9231546657408298,1.543769008104043e-16,1.0,0.0,1,1.0,0.0
14,1.075,three_clusters,0.927361353070047,1.4651158584959203e-16,1.0,0.0,1,1.0,0.0
14,1.1,three_clusters,0.9312070164574353,2.74900726681186e-16,1.0,0.0,1,1.0,0.0
14,1.125,three_clusters,0.934734550209848,1.4602703977091185e-16,1.0,0.0,1,1.0,0.0
14,1.15,three_clusters,0.9379802959748852,2.643636620678493e-16,1.0,0.0,1,1.0,0.0
14,1.175,three_clusters,0.9409752659511373,1.0841030805522448e-16,1.0,0.0,1,1.0,0.0
14,1.2,three_clusters,0.9437460972946352,1.8144590610243363e-16,1.0,0.0,1,1.0,0.0
15,0.4,three_clusters,0.11319424542554518,0.04664089244510493,0.0015,0.038700775186034715,0,1.0,0.0
15,0.425,three_clusters,0.11614740166129779,0.055339793960872394,0.001,0.03160696125855822,0,1.0,0.0
15,0.45,three_clusters,0.12125914231175686,0.052277933868967216,0.003,0.054690035655501276,0,1.0,0.0
15,0.475,three_clusters,0.16298896532287166,0.051781812236843534,0.003,0.05469003565550128,0,1.0,0.0
15,0.5,three_clusters,0.1954398096176172,0.08069667621526985,0.018,0.1663610531344401,0,0.995,0.005
15,0.525,three_clusters,0.23357948274946075,0.0679698287175242,0.025,0.16240381768911716,2,0.999,0.001
15,0.55,three_clusters,0.262602143682633,0.1043306956397039,0.1055,0.39921141015757555,0,0.9825,0.0175
15,0.575,three_clusters,0.29970872113872676,0.13749810966286952,0.3085,0.639005281668313,0,0.9315,0.0685
15,0.6,three_clusters,0.3905020534003803,0.14094014760532167,0.7285,1.0838762613878026,2,0.7835,0.2165
15,0.625,three_clusters,0.3996774714038413,0.12703188224623213,0.985,1.0998977225178712,3,0.702,0.298
15,0.65,three_clusters,0.39701792860931073,0.06365042818881028,1.1765,0.9926468405228519,1,0.6515,0.3485
15,0.675,three_clusters,0.47625186424515104,0.020548954605421412,2.8975,1.0049844526160592,2,0.082,0.918
15,0.7,three_clusters,0.6574564449556386,0.002129257860085771,1.0605,0.28078416978170256,1,0.9505,0.0495
15,0.725,three_clusters,0.7231897585163233,0.0007599527382842766,1.0,0.0,1,1.0,0.0
15,0.75,three_clusters,0.7637927399576578,2.854597912386423e-05,1.0,0.0,1,1.0,0.0
15,0.775,three_clusters,0.792967909270872,8.684020878351056e-07,1.0,0.0,1,1.0,0.0
15,0.8,three_clusters,0.8154460195906387,2.990947873507986e-08,1.0,0.0,1,1.0,0.0
15,0.825,three_clusters,0.8335228359654875,1.039501846301288e-09,1.0,0.0,1,1.0,0.0
15,0.85,three_clusters,0.8484823134481694,3.7031322845386083e-11,1.0,0.0,1,1.0,0.0
15,0.875,three_clusters,0.8611210114501421,5.787017740848621e-12,1.0,0.0,1,1.0,0.0
15,0.9,three_clusters,0.8719688877891774,1.1821351827162504e-12,1.0,0.0,1,1.0,0.0
15,0.925,three_clusters,0.8813968591717808,2.295099197005752e-13,1.0,0.0,1,1.0,0.0
15,0.95,three_clusters,0.8896747525992703,4.556629858038157e-14,1.0,0.0,1,1.0,0.0
15,0.975,three_clusters,0.8970049328681744,9.429142514582411e-15,1.0,0.0,1,1.0,0.0
15,1.0,three_clusters,0.9035429658886442,2.0430788526915637e-15,1.0,0.0,1,1.0,0.0
15,1.025,three_clusters,0.9094109105495063,4.673959819722693e-16,1.0,0.0,1,1.0,0.0
15,1.05,three_clusters,0.9147061960507183,1.4443570596498132e-16,1.0,0.0,1,1.0,0.0
15,1.075,three_clusters,0.9195077402415459,2.0140681930029508e-16,1.0,0.0,1,1.0,0.0
15,1.1,three_clusters,0.9238802806949912,3.891248552478754e-16,1.0,0.0,1,1.0,0.0
15,1.125,three_clusters,0.9278775119979698,2.279339513538737e-16,1.0,0.0,1,1.0,0.0
15,1.15,three_clusters,0.9315444042574531,2.8981924966877484e-16,1.0,0.0,1,1.0,0.0
15,1.175,three_clusters,0.9349189468680145,3.493588029228166e-16,1.0,0.0,1,1.0,0.0
15,1.2,three_clusters,0.9380334805274653,2.841715541643446e-16,1.0,0.0,1,1.0,0.0
16,0.4,three_clusters,0.09703328625907116,0.044629376880760116,0.001,0.03160696125855822,0,1.0,0.0
16,0.425,three_clusters,0.11592913461136066,0.048339364536386355,0.0,0.0,0,1.0,0.0
16,0.45,three_clusters,0.12480352785902371,0.0446807487429392,0.0,0.0,0,1.0,0.0
16,0.475,three_clusters,0.15807165944377363,0.023898488533546987,0.0015,0.038700775186034715,0,1.0,0.0
16,0.5,three_clusters,0.15865288527473026,0.056456755523413976,0.002,0.044676615807377355,0,1.0,0.0
16,0.525,three_clusters,0.2416407473678656,0.08155849062629228,0.028,0.16497272501841023,0,1.0,0.0
16,0.55,three_clusters,0.3034143653234808,0.06861916793368111,0.065,0.2525371259834878,0,0.9985,0.0015
16,0.575,three_clusters,0.38247723452611326,0.1262153863164038,0.6575,0.9349832886207112,1,0.813,0.187
16,0.6,three_clusters,0.3968171504707932,0.09856055047628445,0.742,0.9525943522822292,3,0.812,0.188
16,0.625,three_clusters,0.4452045568279732,0.13160473141729784,1.9215,1.2224310819019615,0,0.3705,0.6295
16,0.65,three_clusters,0.5301038002304627,0.01205508017311183,2.836,0.9726787753415822,4,0.0595,0.9405
16,0.675,three_clusters,0.6520597740979258,0.003093326452426943,1.558,0.5955132240345298,4,0.49,0.51
16,0.7,three_clusters,0.7137578750591679,0.0017463852318490868,1.0,0.0,1,1.0,0.0
16,0.725,three_clusters,0.754067803800951,0.0009701591198539106,1.0,0.0,1,1.0,0.0
16,0.75,three_clusters,0.7837171330770202,0.00010700779713464036,1.0,0.0,1,1.0,0.0
16,0.775,three_clusters,0.8070865206179276,5.177480670216869e-06,1.0,0.0,1,1.0,0.0
16,0.8,three_clusters,0.8260674515304497,2.685836752121801e-07,1.0,0.0,1,1.0,0.0
16,0.825,three_clusters,0.8418607877791293,1.4527248275798778e-08,1.0,0.0,1,1.0,0.0
16,0.85,three_clusters,0.8552402135381235,8.150331591754885e-10,1.0,0.0,1,1.0,0.0
16,0.875,three_clusters,0.866735475543738,4.816363367561274e-11,1.0,0.0,1,1.0,0.0
16,0.9,three_clusters,0.8767257622635141,3.169462102482664e-12,1.0,0.0,1,1.0,0.0
16,0.925,three_clusters,0.8854915715960446,2.662250502443641e-13,1.0,0.0,1,1.0,0.0
16,0.95,three_clusters,0.8932458100252713,3.324102904284945e-14,1.0,0.0,1,1.0,0.0
16,0.975,three_clusters,0.9001535159648222,5.879831175638799e-15,1.0,0.0,1,1.0,0.0
16,1.0,three_clusters,0.9063449075696175,1.2600591145277594e-15,1.0,0.0,1,1.0,0.0
16,1.025,three_clusters,0.9119243038743268,3.1409698654906384e-16,1.0,0.0,1,1.0,0.0
16,1.05,three_clusters,0.9169763903648092,2.448664774374372e-16,1.0,0.0,1,1.0,0.0
16,1.075,three_clusters,0.9215707200922982,3.686542320760843e-16,1.0,0.0,1,1.0,0.0
16,1.1,three_clusters,0.9257650110659272,1.984009238268917e-16,1.0,0.0,1,1.0,0.0
16,1.125,three_clusters,0.9296076038100336,3.152427400121712e-16,1.0,0.0,1,1.0,0.0
16,1.15,three_clusters,0.9331393213721492,1.4783068783223205e-16,1.0,0.0,1,1.0,0.0
16,1.175,three_clusters,0.9363948966963652,1.809867854130188e-16,1.0,0.0,1,1.0,0.0
16,1.2,three_clusters,0.9394040818078825,4.3732782747652946e-16,1.0,0.0,1,1.0,0.0
17,0.4,three_clusters,0.12540651945521317,0.029956499521427697,0.004,0.063118935352238,0,1.0,0.0
17,0.425,three_clusters,0.1849304884320802,0.027898141361533707,0.0025,0.04993746088859544,0,1.0,0.0
17,0.45,three_clusters,0.19929381918675546,0.042791005499395976,0.0105,0.10193012312363799,0,1.0,0.0
17,0.475,three_clusters,0.2275627829689128,0.05908458672867126,0.0165,0.12738818626544612,0,1.0,0.0
17,0.5,three_clusters,0.29964173443042963,0.03614740319660775,0.04,0.1984943324127921,0,0.9995,0.0005
17,0.525,three_clusters,0.361471902420059,0.052693267974161254,0.1425,0.35943532102452036,0,0.9965,0.0035
17,0.55,three_clusters,0.41179657348381865,0.04939391840510076,0.326,0.5689674858900111,1,0.955,0.045
17,0.575,three_clusters,0.4463974114764907,0.041924946651360574,0.627,0.830584733786987,1,0.873,0.127
17,0.6,three_clusters,0.47647380195833916,0.029771529510413442,1.405,0.9669410530120232,3,0.5485,0.4515
17,0.625,three_clusters,0.5395674357273466,0.018644865427914804,2.523,0.9646092473120916,2,0.141,0.859
17,0.65,three_clusters,0.6144255113498801,0.007989694229439334,2.2855,0.9391430934633974,1,0.231,0.769
17,0.675,three_clusters,0.6742651045959012,0.005099717179582026,1.3615,0.5213614389269693,2,0.659,0.341
17,0.7,three_clusters,0.7195056450863613,0.0023839095718267657,1.0215,0.14504395885385918,1,0.9785,0.0215
17,0.725,three_clusters,0.7544657565182651,0.001441965870163281,1.0,0.0,1,1.0,0.0
17,0.75,three_clusters,0.7817713015455443,0.0005635855097465367,1.0,0.0,1,1.0,0.0
17,0.775,three_clusters,0.803895830367324,5.459385169489767e-05,1.0,0.0,1,1.0,0.0
17,0.8,three_clusters,0.8222392091037178,4.091718656251961e-06,1.0,0.0,1,1.0,0.0
17,0.825,three_clusters,0.8377159013799864,3.093300761870396e-07,1.0,0.0,1,1.0,0.0
17,0.85,three_clusters,0.8509696913678092,2.358667238126759e-08,1.0,0.0,1,1.0,0.0
17,0.875,three_clusters,0.8624553724287757,1.8190312362058388e-09,1.0,0.0,1,1.0,0.0
17,0.9,three_clusters,0.8725066401347176,1.4259754493013956e-10,1.0,0.0,1,1.0,0.0
17,0.925,three_clusters,0.8813756041341084,1.1429003760396088e-11,1.0,0.0,1,1.0,0.0
17,0.95,three_clusters,0.8892571758153409,9.420205608653962e-13,1.0,0.0,1,1.0,0.0
17,0.975,three_clusters,0.8963048953313488,8.032747824383975e-14,1.0,0.0,1,1.0,0.0
17,1.0,three_clusters,0.9026416195651504,7.14350442784478e-15,1.0,0.0,1,1.0,0.0
17,1.025,three_clusters,0.9083669746949778,6.788176310779085e-16,1.0,0.0,1,1.0,0.0
17,1.05,three_clusters,0.9135626907525191,1.2202356160203897e-16,1.0,0.0,1,1.0,0.0
17,1.075,three_clusters,0.9182965042634289,1.3802086170547925e-16,1.0,0.0,1,1.0,0.0
17,1.1,three_clusters,0.9226250665473201,3.2508877156298007e-16,1.0,0.0,1,1.0,0.0
17,1.125,three_clusters,0.9265961458299169,2.0655817973630836e-16,1.0,0.0,1,1.0,0.0
17,1.15,three_clusters,0.9302503181081347,1.072098405376252e-16,1.0,0.0,1,1.0,0.0
17,1.175,three_clusters,0.9336222817000598,1.3110507071683842e-16,1.0,0.0,1,1.0,0.0
17,1.2,three_clusters,0.9367418907241164,1.9120348473899807e-16,1.0,0.0,1,1.0,0.0
18,0.4,three_clusters,0.14270379594848212,0.04314673236168218,0.0005,0.022355088906108163,0,1.0,0.0
18,0.425,three_clusters,0.1705839464454021,0.0458551515474199,0.004,0.063118935352238,0,1.0,0.0
18,0.45,three_clusters,0.19277744568823432,0.04794054158311345,0.0075,0.08627716963368699,0,1.0,0.0
18,0.475,three_clusters,0.1977081775575111,0.046709647754879666,0.001,0.03160696125855822,0,1.0,0.0
18,0.5,three_clusters,0.21109810901139653,0.04033435481546452,0.013,0.11327400407860577,0,1.0,0.0
18,0.525,three_clusters,0.2412953194708361,0.04678140562043847,0.0315,0.18029905712454516,0,0.999,0.001
18,0.55,three_clusters,0.30875817827621443,0.047706645045206254,0.057,0.23611649667060536,0,0.999,0.001
18,0.575,three_clusters,0.3874184347372759,0.0959169268221994,0.7325,1.0158463220389196,0,0.8095,0.1905
18,0.6,three_clusters,0.3959404024899125,0.1048799353829966,0.9925,1.2391302393211137,1,0.7205,0.2795
18,0.625,three_clusters,0.4264348300232277,0.048349844004191636,1.511,1.2699917322565528,0,0.563,0.437
18,0.65,three_clusters,0.5198080547266223,0.015087720843366565,2.9245,1.018233642147027,2,0.0685,0.9315
18,0.675,three_clusters,0.6066067982258155,0.005121085798259393,1.9165,0.804069493265352,2,0.337,0.663
18,0.7,three_clusters,0.6716710756784193,0.0032027825274592832,1.432,0.569540165396612,2,0.6075,0.3925
18,0.725,three_clusters,0.7161166393969852,0.0009311677962941371,1.045,0.20730412441627877,1,0.955,0.045
18,0.75,three_clusters,0.7505872333066955,7.848136192414717e-05,1.0,0.0,1,1.0,0.0
18,0.775,three_clusters,0.7778689637398165,3.894875074060729e-06,1.0,0.0,1,1.0,0.0
18,0.8,three_clusters,0.7999119638124846,1.9917010042305396e-07,1.0,0.0,1,1.0,0.0
18,0.825,three_clusters,0.8181985857878071,1.0456218494488753e-08,1.0,0.0,1,1.0,0.0
18,0.85,three_clusters,0.8336668674287467,5.630984244745281e-10,1.0,0.0,1,1.0,0.0
18,0.875,three_clusters,0.8469482902713582,3.2114635720255046e-11,1.0,0.0,1,1.0,0.0
18,0.9,three_clusters,0.858488609590602,2.132686634885067e-12,1.0,0.0,1,1.0,0.0
18,0.925,three_clusters,0.8686142370624416,1.9613264197983506e-13,1.0,0.0,1,1.0,0.0
18,0.95,three_clusters,0.8775713274084225,2.7154046289730868e-14,1.0,0.0,1,1.0,0.0
18,0.975,three_clusters,0.8855500335013581,4.946726981283494e-15,1.0,0.0,1,1.0,0.0
18,1.0,three_clusters,0.8927002064764074,1.0737699207645598e-15,1.0,0.0,1,1.0,0.0
18,1.025,three_clusters,0.8991419260858213,3.289802705495112e-16,1.0,0.0,1,1.0,0.0
18,1.05,three_clusters,0.9049727842736195,1.0132876057426752e-16,1.0,0.0,1,1.0,0.0
18,1.075,three_clusters,0.9102730603875808,3.225670795408097e-16,1.0,0.0,1,1.0,0.0
18,1.1,three_clusters,0.9151094859536322,8.923320436964363e-17,1.0,0.0,1,1.0,0.0
18,1.125,three_clusters,0.9195380403529021,2.1636534922258098e-16,1.0,0.0,1,1.0,0.0
18,1.15,three_clusters,0.9236060644754448,2.0417239886985912e-16,1.0,0.0,1,1.0,0.0
18,1.175,three_clusters,0.9273538839889284,1.0909035847570403e-16,1.0,0.0,1,1.0,0.0
18,1.2,three_clusters,0.9308160732352398,2.014833038734771e-16,1.0,0.0,1,1.0,0.0
19,0.4,three_clusters,0.09019903510196742,0.035768414313229586,0.0,0.0,0,1.0,0.0
19,0.425,three_clusters,0.10231081612526266,0.03469644517779497,0.0,0.0,0,1.0,0.0
19,0.45,three_clusters,0.10711917093457785,0.03517063666153549,0.0,0.0,0,1.0,0.0
19,0.475,three_clusters,0.10601794629041206,0.03972647022168943,0.0,0.0,0,1.0,0.0
19,0.5,three_clusters,0.10184682804523898,0.04344232822152244,0.0,0.0,0,1.0,0.0
19,0.525,three_clusters,0.13251190185768522,0.04170594683356593,0.0025,0.04993746088859545,0,1.0,0.0
19,0.55,three_clusters,0.22169184758996222,0.04113771164089606,0.0205,0.14170303454760594,0,1.0,0.0
19,0.575,three_clusters,0.23912857688358058,0.14989520532422085,0.2035,0.5631054519359584,0,0.9585,0.0415
19,0.6,three_clusters,0.3111799991562768,0.1736552064221816,0.6195,1.0371691038591537,3,0.844,0.156
19,0.625,three_clusters,0.37719490406677253,0.10155619370072735,1.1105,1.1572768683422303,2,0.643,0.357
19,0.65,three_clusters,0.45123360578745053,0.13651333573748048,2.0965,1.40220816928158,2,0.3225,0.6775
19,0.675,three_clusters,0.627752455687164,0.004783718377736424,2.4225,1.3243842909065329,2,0.319,0.681
19,0.7,three_clusters,0.7139073740644158,0.0018348207960674403,1.2695,0.4667651979314653,1,0.741,0.259
19,0.725,three_clusters,0.758123528897418,5.0183732369043805e-05,1.0,0.0,1,1.0,0.0
19,0.75,three_clusters,0.7888499190154458,1.0885059957284808e-06,1.0,0.0,1,1.0,0.0
19,0.775,three_clusters,0.8120911280551188,3.800983980874309e-08,1.0035,0.05905717568594016,1,0.9965,0.0035
19,0.8,three_clusters,0.8306555660883767,1.4974561711426071e-09,1.0205,0.1417030345476059,1,0.9795,0.0205
19,0.825,three_clusters,0.845983800805131,8.674160609194831e-11,1.007,0.08337265738837882,1,0.993,0.007
19,0.85,three_clusters,0.8589279962256064,1.4842388010328726e-11,1.0065,0.08036012692872008,1,0.9935,0.0065
19,0.875,three_clusters,0.8700401625860698,2.8113636176587683e-12,1.0275,0.1635351644142629,1,0.9725,0.0275
19,0.9,three_clusters,0.8797010571464148,5.323999478391927e-13,1.0395,0.19478128760227462,1,0.9605,0.0395
19,0.925,three_clusters,0.8881856753004365,1.0459588267778192e-13,1.0755,0.2641964231400569,2,0.9245,0.0755
19,0.95,three_clusters,0.8956997025950705,2.152730732756093e-14,1.0415,0.19944360105052256,1,0.9585,0.0415
19,0.975,three_clusters,0.9024012547704471,4.6370741036506434e-15,1.035,0.18377975949489106,1,0.965,0.035
19,1.0,three_clusters,0.9084145722792861,1.0518945717900837e-15,1.025,0.15612494995995996,1,0.975,0.025
19,1.025,three_clusters,0.9138390399915277,2.61185718166502e-16,1.0125,0.11110243021644484,1,0.9875,0.0125
19,1.05,three_clusters,0.9187553515714028,2.982245866588586e-16,1.015,0.12155245781143217,1,0.985,0.015
19,1.075,three_clusters,0.9232298547952578,1.0105469280107125e-16,1.032,0.176,1,0.968,0.032
19,1.1,three_clusters,0.9273176954861042,2.2649638130145463e-16,1.036,0.18629009635512028,1,0.964,0.036
19,1.125,three_clusters,0.9310651430536653,3.0303191209571215e-16,1.024,0.15304901175767188,1,0.976,0.024
19,1.15,three_clusters,0.9345113434630636,1.570681133000035e-16,1.0055,0.0739577582137263,1,0.9945,0.0055
19,1.175,three_clusters,0.9376896622802701,2.2108496385912937e-16,1.0,0.0,1,1.0,0.0
19,1.2,three_clusters,0.9406287283198721,1.1569781106602254e-16,1.0,0.0,1,1.0,0.0
0,0.4,near_sync,0.08921691890995777,0.03875101496110669,0.0,0.0,0,1.0,0.0
0,0.425,near_sync,0.09186502102379566,0.041688851393557054,0.0045,0.06693093455196934,0,1.0,0.0
0,0.45,near_sync,0.09324941303332591,0.045472545122940335,0.002,0.044676615807377355,0,1.0,0.0
0,0.475,near_sync,0.10185277093003611,0.059790909092201264,0.0005,0.02235508890610816,0,1.0,0.0
0,0.5,near_sync,0.13305862247123204,0.073092086981031,0.005,0.07053367989832944,0,1.0,0.0
0,0.525,near_sync,0.1543011395395852,0.04843323467244396,0.019,0.14013921649559768,0,0.9995,0.0005
0,0.55,near_sync,0.12064729392140114,0.0662207087340049,0.007,0.08337265738837882,0,1.0,0.0
0,0.575,near_sync,0.2419538732758785,0.11900686927457096,0.194,0.5043451199327699,2,0.961,0.039
0,0.6,near_sync,0.3475452105274773,0.14317894324067407,0.717,1.0643829198178634,1,0.801,0.199
0,0.625,near_sync,0.42151038375666683,0.08242810972181225,1.5525,1.2333871046836835,2,0.508,0.492
0,0.65,near_sync,0.47260523346456307,0.14547214348955195,2.342,1.3472327193176388,3,0.2615,0.7385
0,0.675,near_sync,0.6543620389143435,0.004770337607138547,2.349,1.074801842201622,4,0.2725,0.7275
0,0.7,near_sync,0.7215427574807329,0.0031680551183367878,1.249,0.6395302963894673,1,0.834,0.166
0,0.725,near_sync,0.7609958913493389,0.0018951200289738486,1.006,0.07722693830523128,1,0.994,0.006
0,0.75,near_sync,0.7897459494884108,0.0010113793246084618,1.0,0.0,1,1.0,0.0
0,0.775,near_sync,0.8120209832114001,0.00016388404627528538,1.0,0.0,1,1.0,0.0
0,0.8,near_sync,0.8300847215905877,1.0977813306551252e-05,1.0,0.0,1,1.0,0.0
0,0.825,near_sync,0.8450939294010084,7.999517483099829e-07,1.0085,0.09180277773575263,1,0.9915,0.0085
0,0.85,near_sync,0.8578263054495617,6.089584879076812e-08,1.0975,0.2966374049239239,1,0.9025,0.0975
0,0.875,near_sync,0.8687956227815891,4.728167415046754e-09,1.178,0.38251274488570963,1,0.822,0.178
0,0.9,near_sync,0.8783608365280446,3.7129385234664373e-10,1.1975,0.39811273528989255,1,0.8025,0.1975
0,0.925,near_sync,0.8867834982012202,2.940252665703656e-11,1.265,0.4413332074521472,1,0.735,0.265
0,0.95,near_sync,0.8942603945582941,2.3446729268931483e-12,1.3525,0.47774862637165166,1,0.6475,0.3525
0,0.975,near_sync,0.9009434082047544,1.8772333205963e-13,1.313,0.4637143517295965,2,0.687,0.313
0,1.0,near_sync,0.9069522289792092,1.4965929706674763e-14,1.292,0.4546823066713725,1,0.708,0.292
0,1.025,near_sync,0.9123828239354274,1.1826428970661566e-15,1.2685,0.4431791398520467,1,0.7315,0.2685
0,1.05,near_sync,0.9173132720332993,2.7669956385435887e-16,1.216,0.4115142767875739,1,0.784,0.216
0,1.075,near_sync,0.9218078978394951,2.2454243518787783e-16,1.109,0.3116392144772541,1,0.891,0.109
0,1.1,near_sync,0.925920271289137,3.5719172088369375e-16,1.044,0.20509509989270833,2,0.956,0.044
0,1.125,near_sync,0.9296954302212639,1.726030854988904e-16,1.0125,0.11110243021644485,1,0.9875,0.0125
0,1.15,near_sync,0.933171557128428,2.5349822266911906e-16,1.0,0.0,1,1.0,0.0
0,1.175,near_sync,0.9363812644028269,1.603878458025777e-16,1.0,0.0,1,1.0,0.0
0,1.2,near_sync,0.9393525934192689,3.4191444597773393e-16,1.0,0.0,1,1.0,0.0
1,0.4,near_sync,0.07255094469977476,0.04481806449837157,0.0,0.0,0,1.0,0.0
1,0.425,near_sync,0.10019659289958781,0.04902989214619429,0.0,0.0,0,1.0,0.0
1,0.45,near_sync,0.19031320810445781,0.062350269257903386,0.001,0.03160696125855822,0,1.0,0.0
1,0.475,near_sync,0.27009812396232996,0.06503253571467305,0.019,0.13652472303579302,0,1.0,0.0
1,0.5,near_sync,0.2860168380632016,0.07993604629357917,0.0525,0.22747252581355842,0,0.999,0.001
1,0.525,near_sync,0.3671558787274344,0.11306857188846559,0.4215,0.7660533597602716,0,0.891,0.109
1,0.55,near_sync,0.4253695006928742,0.11441917577870109,0.9705,1.2828210124565316,0,0.7235,0.2765
1,0.575,near_sync,0.45814221179741266,0.059184704698628306,1.4445,1.103594015025453,2,0.538,0.462
1,0.6,near_sync,0.6036930631024998,0.009663517898500944,2.604,1.1163261172256072,3,0.159,0.841
1,0.625,near_sync,0.6912100112393177,0.007672922548546555,1.7535,0.7554718724082321,2,0.4175,0.5825
1,0.65,near_sync,0.7409496093263498,0.0040638200424338595,1.3665,0.5368218978394975,1,0.6615,0.3385
1,0.675,near_sync,0.7757234635110456,0.0019540351002633968,1.0425,0.20172691937369194,1,0.9575,0.0425
1,0.7,near_sync,0.802173325935888,0.0005748926828799888,1.0,0.0,1,1.0,0.0
1,0.725,near_sync,0.8233036012374283,2.9392986405292234e-05,1.0,0.0,1,1.0,0.0
1,0.75,near_sync,0.840586352323618,1.309714969720322e-06,1.0645,0.24564150707891366,1,0.9355,0.0645
1,0.775,near_sync,0.8550253252588969,6.397617215148429e-08,1.171,0.3765089640367145,1,0.829,0.171
1,0.8,near_sync,0.8673017325018436,3.2322549157852152e-09,1.2825,0.4502152263084846,2,0.7175,0.2825
1,0.825,near_sync,0.8778820672921477,1.6842356446262298e-10,1.352,0.4775939698111776,1,0.648,0.352
1,0.85,near_sync,0.887100574689701,9.341984175667784e-12,1.3835,0.48623836747011234,1,0.6165,0.3835
1,0.875,near_sync,0.8952052504754296,6.063869256275048e-13,1.391,0.48797438457361664,2,0.609,0.391
1,0.9,near_sync,0.9023851945923407,6.187105215104128e-14,1.3555,0.4786645485097053,2,0.6445,0.3555
1,0.925,near_sync,0.9087878045240193,1.1616749000230144e-14,1.136,0.34278856457005674,1,0.864,0.136
1,0.95,near_sync,0.9145300733420386,2.701354227589602e-15,1.073,0.2601365026289083,1,0.927,0.073
1,0.975,near_sync,0.9197062858688769,6.696679017740817e-16,1.0665,0.24915406880081248,1,0.9335,0.0665
1,1.0,near_sync,0.9243934196980248,2.6781469828389123e-16,1.0485,0.21482027371735654,1,0.9515,0.0485
1,1.025,near_sync,0.9286550318439215,1.8193774523218732e-16,1.029,0.16780643611018023,1,0.971,0.029
1,1.05,near_sync,0.9325441163259516,1.1644117316690923e-16,1.008,0.08908422980528034,1,0.992,0.008
1,1.075,near_sync,0.9361052445744493,1.7351120105244291e-16,1.0,0.0,1,1.0,0.0
1,1.1,near_sync,0.9393761949199354,1.2820552451972741e-16,1.0,0.0,1,1.0,0.0
1,1.125,near_sync,0.9423892110132169,1.2629244406312412e-16,1.0,0.0,1,1.0,0.0
1,1.15,near_sync,0.9451719860986889,1.9738878678114302e-16,1.0,0.0,1,1.0,0.0
1,1.175,near_sync,0.9477484416384313,1.1725868436482372e-16,1.0,0.0,1,1.0,0.0
1,1.2,near_sync,0.9501393495514578,1.1300303492944394e-16,1.0,0.0,1,1.0,0.0
2,0.4,near_sync,0.07999615918843218,0.036781552197294974,0.0,0.0,0,1.0,0.0
2,0.425,near_sync,0.08729534025073687,0.03506647820422998,0.0005,0.022355088906108163,0,1.0,0.0
2,0.45,near_sync,0.102111306568024,0.03407410587427791,0.001,0.03160696125855822,0,1.0,0.0
2,0.475,near_sync,0.12477149944899851,0.033269114942344476,0.0,0.0,0,1.0,0.0
2,0.5,near_sync,0.14444203980827988,0.04451924196538392,0.003,0.054690035655501276,0,1.0,0.0
2,0.525,near_sync,0.15724003510975054,0.0875790281682431,0.004,0.06311893535223802,0,1.0,0.0
2,0.55,near_sync,0.17752063790550243,0.07191795284961763,0.023,0.14990330216509573,0,1.0,0.0
2,0.575,near_sync,0.19206517644975787,0.08755101847312659,0.021,0.14338409953687334,0,1.0,0.0
2,0.6,near_sync,0.30725975267784655,0.14064530120217997,0.4475,0.8912035401635252,0,0.8685,0.1315
2,0.625,near_sync,0.3384967039844865,0.15164520121519115,0.791,1.2080227646861628,0,0.7695,0.2305
2,0.65,near_sync,0.4111343608153569,0.06451323913353611,1.385,1.1686637668722344,0,0.583,0.417
2,0.675,near_sync,0.4527983123598085,0.048090793782362876,2.936,1.0554165054612326,3,0.0955,0.9045
2,0.7,near_sync,0.6614812390285518,0.003203079183322288,1.845,0.9570658284569562,1,0.4915,0.5085
2,0.725,near_sync,0.7214915892375054,0.00024340877013385453,1.0,0.0,1,1.0,0.0
2,0.75,near_sync,0.760483115805437,3.499868635810038e-06,1.0,0.0,1,1.0,0.0
2,0.775,near_sync,0.7890668181674357,1.062200131379582e-07,1.0,0.0,1,1.0,0.0
2,0.8,near_sync,0.8114100537933815,5.944376657307332e-09,1.0,0.0,1,1.0,0.0
2,0.825,near_sync,0.8295532867659426,5.898731500517853e-10,1.0,0.0,1,1.0,0.0
2,0.85,near_sync,0.8446692465203917,7.991688984964363e-11,1.0,0.0,1,1.0,0.0
2,0.875,near_sync,0.8575014459318241,1.2654132386887739e-11,1.0,0.0,1,1.0,0.0
2,0.9,near_sync,0.8685534091360203,2.1983080713023434e-12,1.0,0.0,1,1.0,0.0
2,0.925,near_sync,0.8781827765918746,4.0819695170522826e-13,1.0,0.0,1,1.0,0.0
2,0.95,near_sync,0.8866529132682753,7.997801639085639e-14,1.0,0.0,1,1.0,0.0
2,0.975,near_sync,0.894163337907931,1.6401544974746433e-14,1.0,0.0,1,1.0,0.0
2,1.0,near_sync,0.9008687006237349,3.4979919304042497e-15,1.0,0.0,1,1.0,0.0
2,1.025,near_sync,0.9068911607653545,8.707787131578065e-16,1.0,0.0,1,1.0,0.0
2,1.05,near_sync,0.9123287606655225,2.802186199177365e-16,1.0,0.0,1,1.0,0.0
2,1.075,near_sync,0.9172612650260212,2.318080805156701e-16,1.0,0.0,1,1.0,0.0
2,1.1,near_sync,0.9217543384018186,2.052712003552415e-16,1.0,0.0,1,1.0,0.0
2,1.125,near_sync,0.9258625997055199,1.9503304021017994e-16,1.0,0.0,1,1.0,0.0
2,1.15,near_sync,0.9296318981296852,2.2083393688424756e-16,1.0,0.0,1,1.0,0.0
2,1.175,near_sync,0.9331010371134401,1.2026846741488766e-16,1.0,0.0,1,1.0,0.0
2,1.2,near_sync,0.936303099327002,1.7177988309439343e-16,1.0,0.0,1,1.0,0.0
3,0.4,near_sync,0.10460251238611548,0.023215449835862986,0.004,0.063118935352238,0,1.0,0.0
3,0.425,near_sync,0.1120764116961617,0.038282045402379214,0.0,0.0,0,1.0,0.0
3,0.45,near_sync,0.10989991272458124,0.024818954071729914,0.0025,0.04993746088859544,0,1.0,0.0
3,0.475,near_sync,0.15090803759547408,0.05880543874124668,0.002,0.044676615807377355,0,1.0,0.0
3,0.5,near_sync,0.22307243377582375,0.07266201442077116,0.0255,0.1576380347505005,0,1.0,0.0
3,0.525,near_sync,0.27445172880062874,0.08203603288733373,0.033,0.18141389141959335,0,0.9995,0.0005
3,0.55,near_sync,0.3179335865576262,0.1227387931240637,0.1665,0.4286930720223969,2,0.9805,0.0195
3,0.575,near_sync,0.37647147978696605,0.1438417448102792,0.6255,1.0311400244389703,0,0.831,0.169
3,0.6,near_sync,0.3914745802415316,0.14938525685397283,1.0205,1.2833860487008575,3,0.7005,0.2995
3,0.625,near_sync,0.4252817617912774,0.041333346430413066,1.503,1.0913253410417993,1,0.5395,0.4605
3,0.65,near_sync,0.5993177115619179,0.007568994825171153,3.242,1.0646295130231926,4,0.043,0.957
3,0.675,near_sync,0.673770501457492,0.005367432433679307,1.5535,0.6520258813881548,2,0.5225,0.4775
3,0.7,near_sync,0.7221481804767412,0.003180178052475954,1.0535,0.22502833154960736,1,0.9465,0.0535
3,0.725,near_sync,0.7571890644206148,0.0010101832550209443,1.0,0.0,1,1.0,0.0
3,0.75,near_sync,0.7845133532003684,7.809469021260382e-05,1.0,0.0,1,1.0,0.0
3,0.775,near_sync,0.8065174704864521,3.1576119930281086e-06,1.0,0.0,1,1.0,0.0
3,0.8,near_sync,0.8246482143249698,1.5635922977829073e-07,1.0,0.0,1,1.0,0.0
3,0.825,near_sync,0.8399104460998796,8.43432097578256e-09,1.0,0.0,1,1.0,0.0
3,0.85,near_sync,0.8529649591505228,4.854724293876915e-10,1.0,0.0,1,1.0,0.0
3,0.875,near_sync,0.8642719254201786,3.027411375605329e-11,1.0,0.0,1,1.0,0.0
3,0.9,near_sync,0.874165586592452,2.187625290974268e-12,1.0,0.0,1,1.0,0.0
3,0.925,near_sync,0.8828965572565836,2.1340268320648265e-13,1.0,0.0,1,1.0,0.0
3,0.95,near_sync,0.8906575155446943,3.063150423646679e-14,1.0,0.0,1,1.0,0.0
3,0.975,near_sync,0.8975996456881068,5.728694865322436e-15,1.0,0.0,1,1.0,0.0
3,1.0,near_sync,0.9038436031694865,1.2265301607314577e-15,1.0,0.0,1,1.0,0.0
3,1.025,near_sync,0.9094870740580029,4.0640835625101184e-16,1.0,0.0,1,1.0,0.0
3,1.05,near_sync,0.9146101319381664,3.2850221710652975e-16,1.0,0.0,1,1.0,0.0
3,1.075,near_sync,0.9192791237357413,2.8439918194052855e-16,1.0,0.0,1,1.0,0.0
3,1.1,near_sync,0.9235495456499964,2.331468351712829e-16,1.0,0.0,1,1.0,0.0
3,1.125,near_sync,0.9274682092745755,1.0602484567024571e-16,1.0,0.0,1,1.0,0.0
3,1.15,near_sync,0.9310748984418112,1.3063414580892096e-16,1.0,0.0,1,1.0,0.0
3,1.175,near_sync,0.934403653962102,1.3108156465287238e-16,1.0,0.0,1,1.0,0.0
3,1.2,near_sync,0.9374837820430013,9.328516420481494e-17,1.0,0.0,1,1.0,0.0
4,0.4,near_sync,0.1552418018958658,0.03172838259856028,0.0035,0.05905717568594016,0,1.0,0.0
4,0.425,near_sync,0.20444629379786103,0.02864406628121874,0.0,0.0,0,1.0,0.0
4,0.45,near_sync,0.24616677970129877,0.025659150692595077,0.0035,0.05905717568594016,0,1.0,0.0
4,0.475,near_sync,0.2718142237760727,0.04129372287591456,0.0195,0.13827418414150922,0,1.0,0.0
4,0.5,near_sync,0.2999179894734309,0.04488139731508759,0.0295,0.17784754707332906,0,0.9985,0.0015
4,0.525,near_sync,0.3190534608596022,0.05226975101187344,0.0545,0.23351605940491543,0,0.9985,0.0015
4,0.55,near_sync,0.3506192369409941,0.09843173287500152,0.3415,0.7189421047622679,0,0.918,0.082
4,0.575,near_sync,0.3654062480272598,0.08684031418355005,0.546,0.8595836201324453,2,0.864,0.136
4,0.6,near_sync,0.40669442526651267,0.09654667519643054,1.015,1.181005927165482,0,0.7175,0.2825
4,0.625,near_sync,0.4675587767957029,0.07982399630091361,2.0785,1.179973622586539,0,0.3135,0.6865
4,0.65,near_sync,0.5128955948996359,0.01026955841381453,2.854,1.087972426121177,2,0.1025,0.8975
4,0.675,near_sync,0.6439835580163796,0.005166901504516336,1.4405,0.606184584099596,2,0.618,0.382
4,0.7,near_sync,0.7055752758591975,0.003430214665211707,1.0945,0.29252307601281646,1,0.9055,0.0945
4,0.725,near_sync,0.7464001344638022,0.0009549899974282863,1.0,0.0,1,1.0,0.0
4,0.75,near_sync,0.7769099500067909,4.531029384082577e-05,1.0,0.0,1,1.0,0.0
4,0.775,near_sync,0.8007796013963333,1.6791890908115363e-06,1.0,0.0,1,1.0,0.0
4,0.8,near_sync,0.8201234706735773,7.819543611410221e-08,1.0,0.0,1,1.0,0.0
4,0.825,near_sync,0.8362247725823658,3.9123366203212935e-09,1.0,0.0,1,1.0,0.0
4,0.85,near_sync,0.8498874901236814,2.0951413545625693e-10,1.0,0.0,1,1.0,0.0
4,0.875,near_sync,0.8616519565950391,1.3193384563795973e-11,1.174,0.3791094828674165,2,0.826,0.174
4,0.9,near_sync,0.8719001837660945,1.2121417593299825e-12,1.147,0.3541059163583687,1,0.853,0.147
4,0.925,near_sync,0.8809127284279941,1.785347165311381e-13,1.2275,0.419218022036267,1,0.7725,0.2275
4,0.95,near_sync,0.8889018454689958,3.4179062309341326e-14,1.1635,0.36982124060145594,1,0.8365,0.1635
4,0.975,near_sync,0.8960319902815762,7.219578529667129e-15,1.232,0.4221089906647334,1,0.768,0.232
4,1.0,near_sync,0.9024331019432439,1.6016097516714667e-15,1.2405,0.42738711960001785,1,0.7595,0.2405
4,1.025,near_sync,0.9082095408758161,4.441169645583707e-16,1.212,0.408724846320847,2,0.788,0.212
4,1.05,near_sync,0.9134462949232975,2.100053689373493e-16,1.224,0.41692205506545227,2,0.776,0.224
4,1.075,near_sync,0.9182134052416637,2.5438405243138006e-16,1.231,0.42147241902644117,1,0.769,0.231
4,1.1,near_sync,0.9225691958183563,8.981834640567178e-17,1.2185,0.4132284477138524,1,0.7815,0.2185
4,1.125,near_sync,0.9265626773035815,1.721024747082975e-16,1.2035,0.4026012295063194,1,0.7965,0.2035
4,1.15,near_sync,0.9302353675628686,1.237537672871711e-16,1.188,0.3907121702737195,1,0.812,0.188
4,1.175,near_sync,0.9336226916475644,2.6047687195762516e-16,1.172,0.3773804446443933,1,0.828,0.172
4,1.2,near_sync,0.9367550729310995,9.368072144568356e-17,1.1425,0.34956222622016814,1,0.8575,0.1425
5,0.4,near_sync,0.14064767533555017,0.052872216322739383,0.002,0.044676615807377355,0,1.0,0.0
5,0.425,near_sync,0.123591270901429,0.058108649979065376,0.0045,0.06693093455196933,0,1.0,0.0
5,0.45,near_sync,0.18574408279251742,0.031739497581946566,0.003,0.05469003565550127,0,1.0,0.0
5,0.475,near_sync,0.22342683588329254,0.04645426066292551,0.014,0.11749042514179613,0,1.0,0.0
5,0.5,near_sync,0.247270091973436,0.038531921538208856,0.0175,0.1311249404194335,0,1.0,0.0
5,0.525,near_sync,0.2782875812254339,0.07592113195850461,0.0555,0.23962418492297477,0,0.9975,0.0025
5,0.55,near_sync,0.33377806485900996,0.11201140700282083,0.4175,0.752458470614824,0,0.894,0.106
5,0.575,near_sync,0.3890894069968863,0.1322008227501508,0.8775,1.310531857682216,0,0.73,0.27
5,0.6,near_sync,0.4134893258390946,0.08722364995905696,1.236,1.3543647957622054,5,0.6665,0.3335
5,0.625,near_sync,0.4614262359417244,0.08387413095446682,2.3225,1.2947948679231007,3,0.2315,0.7685
5,0.65,near_sync,0.6125852263747669,0.005045218055388468,2.2185,1.1678003896214455,5,0.346,0.654
5,0.675,near_sync,0.6956008286418903,0.0023069013287940455,1.0495,0.21690954335851612,1,0.9505,0.0495
5,0.7,near_sync,0.7427759361444307,0.000415608546703268,1.0,0.0,1,1.0,0.0
5,0.725,near_sync,0.776486031664778,7.73686134825815e-06,1.0,0.0,1,1.0,0.0
5,0.75,near_sync,0.8020909047211696,1.9305116110832072e-07,1.0,0.0,1,1.0,0.0
5,0.775,near_sync,0.822488337119327,6.7532962407849394e-09,1.0,0.0,1,1.0,0.0
5,0.8,near_sync,0.8392521147704616,4.692450933900774e-10,1.0,0.0,1,1.0,0.0
5,0.825,near_sync,0.8533337511404282,6.222568009112279e-11,1.0,0.0,1,1.0,0.0
5,0.85,near_sync,0.8653575157366646,1.0462569692553465e-11,1.0405,0.19712876502428556,1,0.9595,0.0405
5,0.875,near_sync,0.875756842202371,1.9224349428065526e-12,1.067,0.25002199903208516,1,0.933,0.067
5,0.9,near_sync,0.8848455155429806,3.739700266427992e-13,1.0675,0.2508859302551659,1,0.9325,0.0675
5,0.925,near_sync,0.89285812845586,7.625945230000714e-14,1.07,0.2551470164434615,1,0.93,0.07
5,0.95,near_sync,0.8999745980026017,1.6201531044608934e-14,1.0635,0.24386010333795888,2,0.9365,0.0635
5,0.975,near_sync,0.906335795794435,3.575477516913602e-15,1.075,0.2633913438213185,1,0.925,0.075
5,1.0,near_sync,0.9120539317586529,8.226520376308075e-16,1.063,0.24296296014001806,1,0.937,0.063
5,1.025,near_sync,0.9172196911563358,2.2864934703243336e-16,1.0,0.0,1,1.0,0.0
5,1.05,near_sync,0.9219072814241742,2.6044137900372695e-16,1.0,0.0,1,1.0,0.0
5,1.075,near_sync,0.9261780876162463,1.4897273554299456e-16,1.0,0.0,1,1.0,0.0
5,1.1,near_sync,0.9300833747729983,2.153374795176692e-16,1.0,0.0,1,1.0,0.0
5,1.125,near_sync,0.9336663212523033,2.4167441293083775e-16,1.0,0.0,1,1.0,0.0
5,1.15,near_sync,0.9369635723487881,2.0224655876151235e-16,1.0,0.0,1,1.0,0.0
5,1.175,near_sync,0.9400064435440675,2.266051953270936e-16,1.0,0.0,1,1.0,0.0
5,1.2,near_sync,0.9428218636753061,1.404552797382403e-16,1.0,0.0,1,1.0,0.0
6,0.4,near_sync,0.08319431244858544,0.03602415443526682,0.0,0.0,0,1.0,0.0
6,0.425,near_sync,0.09776827949421128,0.039108637468231254,0.0025,0.04993746088859544,0,1.0,0.0
6,0.45,near_sync,0.12139897564308946,0.0587454002929782,0.0015,0.038700775186034715,0,1.0,0.0
6,0.475,near_sync,0.1728768107613366,0.048376036816468085,0.0,0.0,0,1.0,0.0
6,0.5,near_sync,0.2015761443324921,0.05495492731205789,0.017,0.12927103310486848,0,1.0,0.0
6,0.525,near_sync,0.20272297151141974,0.06809368809654108,0.0035,0.059057175685940155,0,1.0,0.0
6,0.55,near_sync,0.21072724185878333,0.031809530060782035,0.009,0.09444045743218316,0,1.0,0.0
6,0.575,near_sync,0.32673921202065564,0.11384385613089186,0.2745,0.6481895941775061,0,0.9445,0.0555
6,0.6,near_sync,0.36129920345619926,0.15116514191983232,0.793,1.1485429900530497,1,0.757,0.243
6,0.625,near_sync,0.3788139565255568,0.13595914141361778,0.864,1.0442719952196364,1,0.7455,0.2545
6,0.65,near_sync,0.3992935549831919,0.11513943068576281,1.1915,1.181451543652976,2,0.6005,0.3995
6,0.675,near_sync,0.4608034257487176,0.18462888520841803,2.111,1.4176314753842059,2,0.325,0.675
6,0.7,near_sync,0.6340900964953774,0.003994563509864294,1.895,0.9949748740546165,2,0.437,0.563
6,0.725,near_sync,0.7112996356159753,0.0015426953056124838,1.0215,0.14504395885385918,1,0.9785,0.0215
6,0.75,near_sync,0.754400685853007,9.3715174987221e-05,1.0,0.0,1,1.0,0.0
6,0.775,near_sync,0.7847367848203931,2.632995927990051e-06,1.0,0.0,1,1.0,0.0
6,0.8,near_sync,0.8079044909145427,9.593973952346386e-08,1.0,0.0,1,1.0,0.0
6,0.825,near_sync,0.8265081003825698,3.9067627693675964e-09,1.0,0.0,1,1.0,0.0
6,0.85,near_sync,0.8419213002379747,1.73177035313586e-10,1.0,0.0,1,1.0,0.0
6,0.875,near_sync,0.8549695391166323,1.498434913623956e-11,1.0,0.0,1,1.0,0.0
6,0.9,near_sync,0.8661930819865497,2.757483114404256e-12,1.0185,0.1347506957310425,1,0.9815,0.0185
6,0.925,near_sync,0.8759672650648941,5.353548199389732e-13,1.049,0.21586801523152985,1,0.951,0.049
6,0.95,near_sync,0.8845644976071162,1.0531867623354198e-13,1.071,0.2568248430350927,1,0.929,0.071
6,0.975,near_sync,0.892189186074271,2.1376087048844665e-14,1.086,0.2803640490505157,1,0.914,0.086
6,1.0,near_sync,0.8989987834423884,4.5010993708687826e-15,1.0,0.0,1,1.0,0.0
6,1.025,near_sync,0.9051171690161743,9.87930072946994e-16,1.0775,0.26738315204963836,1,0.9225,0.0775
6,1.05,near_sync,0.9106435244819483,3.4045129796358595e-16,1.052,0.22202702538204666,1,0.948,0.052
6,1.075,near_sync,0.9156584318880013,1.1327539742364852e-16,1.0915,0.28831883393215924,1,0.9085,0.0915
6,1.1,near_sync,0.9202281869258508,1.8610729195778452e-16,1.067,0.2500219990320852,1,0.933,0.067
6,1.125,near_sync,0.924407925900432,1.247704970194112e-16,1.0,0.0,1,1.0,0.0
6,1.15,near_sync,0.9282439409332764,1.7158244520311815e-16,1.0,0.0,1,1.0,0.0
6,1.175,near_sync,0.9317754256468032,1.0869417947088547e-16,1.0,0.0,1,1.0,0.0
6,1.2,near_sync,0.9350358125189987,1.3728211851437802e-16,1.0,0.0,1,1.0,0.0
7,0.4,near_sync,0.24587028920522327,0.03810694357847967,0.012,0.1088852607105296,0,1.0,0.0
7,0.425,near_sync,0.25755196223634064,0.03621557217012194,0.011,0.10430244484191156,0,1.0,0.0
7,0.45,near_sync,0.2950102790139597,0.029532388186442576,0.027,0.16208331191088118,0,1.0,0.0
7,0.475,near_sync,0.34628468517640915,0.0300301455205655,0.0555,0.23112712951966502,0,0.9995,0.0005
7,0.5,near_sync,0.38036028988266674,0.05850747643067043,0.303,0.7086543586262629,2,0.9345,0.0655
7,0.525,near_sync,0.4136880186938779,0.08333058286378453,0.621,1.0465939996006093,0,0.8435,0.1565
7,0.55,near_sync,0.450036127388701,0.09491466286785687,1.3465,1.4087007311703932,2,0.5905,0.4095
7,0.575,near_sync,0.45553871463519774,0.06337440678685353,1.4835,1.2600506934246734,1,0.5355,0.4645
7,0.6,near_sync,0.485558006950292,0.02509957674492985,2.7625,1.1340607347051568,1,0.127,0.873
7,0.625,near_sync,0.5869307848424721,0.006330377292953429,1.8935,0.7497717986160857,2,0.332,0.668
7,0.65,near_sync,0.6834827826757155,0.0023067412552571437,1.251,0.43474015227489626,1,0.7495,0.2505
7,0.675,near_sync,0.7385972573732065,0.0017540974487257207,1.0,0.0,1,1.0,0.0
7,0.7,near_sync,0.7757695779447662,0.0009303211210674153,1.0,0.0,1,1.0,0.0
7,0.725,near_sync,0.8031886411501032,6.898752461381278e-05,1.0,0.0,1,1.0,0.0
7,0.75,near_sync,0.8247115600384327,2.4095696322763946e-06,1.0,0.0,1,1.0,0.0
7,0.775,near_sync,0.8421243386993127,9.98174086183279e-08,1.0,0.0,1,1.0,0.0
7,0.8,near_sync,0.8565741281149994,4.466486368675459e-09,1.0,0.0,1,1.0,0.0
7,0.825,near_sync,0.8687943320077727,2.145961437055569e-10,1.0,0.0,1,1.0,0.0
7,0.85,near_sync,0.8792824203439866,1.1356877696611124e-11,1.0,0.0,1,1.0,0.0
7,0.875,near_sync,0.8883913601149286,8.027308207032664e-13,1.0,0.0,1,1.0,0.0
7,0.9,near_sync,0.8963804349547165,1.2470022410504272e-13,1.0,0.0,1,1.0,0.0
7,0.925,near_sync,0.9034454507471343,2.738330959613393e-14,1.0,0.0,1,1.0,0.0
7,0.95,near_sync,0.909737662468066,6.2067936420045786e-15,1.0,0.0,1,1.0,0.0
7,0.975,near_sync,0.9153761444997587,1.4289027521012274e-15,1.0,0.0,1,1.0,0.0
7,1.0,near_sync,0.9204561590207099,3.5289552623396235e-16,1.0,0.0,1,1.0,0.0
7,1.025,near_sync,0.9250549823947781,3.357392258659928e-16,1.0,0.0,1,1.0,0.0
7,1.05,near_sync,0.9292360624249056,1.17153519604326e-16,1.0,0.0,1,1.0,0.0
7,1.075,near_sync,0.9330520483262356,1.1001856440839837e-16,1.0,0.0,1,1.0,0.0
7,1.1,near_sync,0.9365470406297796,1.107443988915824e-16,1.0,0.0,1,1.0,0.0
7,1.125,near_sync,0.9397582896442954,1.9607305571618006e-16,1.0,0.0,1,1.0,0.0
7,1.15,near_sync,0.9427174966416326,1.8965001159351536e-16,1.0,0.0,1,1.0,0.0
7,1.175,near_sync,0.9454518239330962,1.2380355757978597e-16,1.0,0.0,1,1.0,0.0
7,1.2,near_sync,0.9479846883442354,2.7524800050196063e-16,1.0,0.0,1,1.0,0.0
8,0.4,near_sync,0.13346789111615923,0.05333865998095335,0.0,0.0,0,1.0,0.0
8,0.425,near_sync,0.14800915694830016,0.06615670419449189,0.0095,0.09700386590234432,0,1.0,0.0
8,0.45,near_sync,0.15825942883889996,0.06442570428702264,0.0015,0.03870077518603471,0,1.0,0.0
8,0.475,near_sync,0.16794920352856138,0.08050251705641269,0.0,0.0,0,1.0,0.0
8,0.5,near_sync,0.1965759205350774,0.08941062900889939,0.0135,0.11540255629751016,0,1.0,0.0
8,0.525,near_sync,0.1795108830154403,0.045950801529036515,0.007,0.08337265738837882,0,1.0,0.0
8,0.55,near_sync,0.2886453809517635,0.06493343199425856,0.0395,0.1947812876022746,0,1.0,0.0
8,0.575,near_sync,0.35432968474904913,0.08426247815954489,0.264,0.621533587185761,0,0.947,0.053
8,0.6,near_sync,0.38593760245448105,0.11906202014032183,0.7905,1.1535205893264324,0,0.763,0.237
8,0.625,near_sync,0.40771319549145507,0.07597104180564361,0.825,0.9850761391892505,0,0.777,0.223
8,0.65,near_sync,0.41740365013129904,0.05915915232347925,1.2845,1.1956419823676316,2,0.609,0.391
8,0.675,near_sync,0.42735422287539254,0.03116563882635609,2.6285,0.9982423302986104,2,0.1205,0.8795
8,0.7,near_sync,0.6330375323910379,0.003910625306317165,1.27,0.521632054229799,2,0.7675,0.2325
8,0.725,near_sync,0.703632046931143,0.0014502965198992968,1.0,0.0,1,1.0,0.0
8,0.75,near_sync,0.7467017489170992,0.0003749396493472819,1.0,0.0,1,1.0,0.0
8,0.775,near_sync,0.7778852324301799,1.2512115010841105e-05,1.0,0.0,1,1.0,0.0
8,0.8,near_sync,0.8019293797700846,5.293294237821728e-07,1.0,0.0,1,1.0,0.0
8,0.825,near_sync,0.8212755238407914,2.6032644149545703e-08,1.0,0.0,1,1.0,0.0
8,0.85,near_sync,0.8373000451422683,1.4049163822869614e-09,1.0,0.0,1,1.0,0.0
8,0.875,near_sync,0.8508506703265102,8.606812814837777e-11,1.0,0.0,1,1.0,0.0
8,0.9,near_sync,0.8624900130399062,6.7534203509430525e-12,1.0,0.0,1,1.0,0.0
8,0.925,near_sync,0.8726118705525882,7.678698202871222e-13,1.0,0.0,1,1.0,0.0
8,0.95,near_sync,0.881503048663328,1.197065371133034e-13,1.0,0.0,1,1.0,0.0
8,0.975,near_sync,0.8893789732520256,2.229215716348234e-14,1.0,0.0,1,1.0,0.0
8,1.0,near_sync,0.8964055049016806,4.5553811738242e-15,1.0,0.0,1,1.0,0.0
8,1.025,near_sync,0.9027129642101688,9.908515026754137e-16,1.0,0.0,1,1.0,0.0
8,1.05,near_sync,0.908405506776912,2.51753934137782e-16,1.0,0.0,1,1.0,0.0
8,1.075,near_sync,0.9135675934685052,2.4720855214037453e-16,1.0,0.0,1,1.0,0.0
8,1.1,near_sync,0.918268577533027,2.0252062634623314e-16,1.0,0.0,1,1.0,0.0
8,1.125,near_sync,0.9225660321813662,1.4604814041978594e-16,1.0,0.0,1,1.0,0.0
8,1.15,near_sync,0.9265082130195453,1.9425730606169165e-16,1.0,0.0,1,1.0,0.0
8,1.175,near_sync,0.9301359123554103,2.144627906185085e-16,1.0,0.0,1,1.0,0.0
8,1.2,near_sync,0.9334838772912806,1.9136457962370325e-16,1.0,0.0,1,1.0,0.0
9,0.4,near_sync,0.12809194195244045,0.030078607643432047,0.0075,0.086277169633687,0,1.0,0.0
9,0.425,near_sync,0.15252837380421483,0.03950751773381322,0.008,0.08908422980528036,0,1.0,0.0
9,0.45,near_sync,0.17802659122356462,0.05476937017758348,0.0045,0.06693093455196934,0,1.0,0.0
9,0.475,near_sync,0.1787446444121033,0.06205773994262517,0.0025,0.04993746088859544,0,1.0,0.0
9,0.5,near_sync,0.1850637384781684,0.02878563652184493,0.011,0.10430244484191155,0,1.0,0.0
9,0.525,near_sync,0.2721882413972285,0.04515621969326237,0.0335,0.179938183829892,0,1.0,0.0
9,0.55,near_sync,0.2998197221110462,0.05651923677715927,0.0775,0.2819463601467485,0,0.996,0.004
9,0.575,near_sync,0.3762155502756263,0.10225759110024245,0.5635,0.8111521127384186,1,0.8655,0.1345
9,0.6,near_sync,0.401333751832601,0.07985760778343529,0.806,1.034100575379397,4,0.7625,0.2375
9,0.625,near_sync,0.4201787410353227,0.08327323660572401,1.443,1.2855936371964511,1,0.5795,0.4205
9,0.65,near_sync,0.474736033508737,0.15210531459684534,2.0285,1.2979552187960877,2,0.344,0.656
9,0.675,near_sync,0.6256572451300645,0.0037124841524722218,2.0605,1.20159883072513,2,0.438,0.562
9,0.7,near_sync,0.6999145965404752,0.0017802093206898577,1.0495,0.21690954335851614,1,0.9505,0.0495
9,0.725,near_sync,0.7450384581387967,0.00023414797462134352,1.0,0.0,1,1.0,0.0
9,0.75,near_sync,0.7773710081250582,5.18600847068573e-06,1.0,0.0,1,1.0,0.0
9,0.775,near_sync,0.8020801312792464,1.5048017624186283e-07,1.0,0.0,1,1.0,0.0
9,0.8,near_sync,0.8218747491677723,5.289279324737843e-09,1.0,0.0,1,1.0,0.0
9,0.825,near_sync,0.8382194793510878,3.1647271186766243e-10,1.0,0.0,1,1.0,0.0
9,0.85,near_sync,0.8520056075670909,3.880274205825816e-11,1.0,0.0,1,1.0,0.0
9,0.875,near_sync,0.8638203641278517,6.193760904573153e-12,1.0,0.0,1,1.0,0.0
9,0.9,near_sync,0.8740729336865984,1.1033687963790495e-12,1.0,0.0,1,1.0,0.0
9,0.925,near_sync,0.8830605388971507,2.114558640158779e-13,1.0,0.0,1,1.0,0.0
9,0.95,near_sync,0.8910060960426305,4.2790439431905754e-14,1.0,0.0,1,1.0,0.0
9,0.975,near_sync,0.898081086894903,9.048022381042249e-15,1.0,0.0,1,1.0,0.0
9,1.0,near_sync,0.9044201726833205,1.9938257878623316e-15,1.0,0.0,1,1.0,0.0
9,1.025,near_sync,0.9101309227798727,4.579855010011568e-16,1.0,0.0,1,1.0,0.0
9,1.05,near_sync,0.9153005139441247,2.7581837057609364e-16,1.0,0.0,1,1.0,0.0
9,1.075,near_sync,0.9200004757543054,2.686418561506723e-16,1.0,0.0,1,1.0,0.0
9,1.1,near_sync,0.9242901334583369,1.3032713211584112e-16,1.0,0.0,1,1.0,0.0
9,1.125,near_sync,0.9282191574746067,2.1771414066914242e-16,1.0,0.0,1,1.0,0.0
9,1.15,near_sync,0.9318294850756215,1.7271017045521526e-16,1.0,0.0,1,1.0,0.0
9,1.175,near_sync,0.9351567914164002,1.2854158151698218e-16,1.0,0.0,1,1.0,0.0
9,1.2,near_sync,0.9382316310260033,2.2452871135843693e-16,1.0,0.0,1,1.0,0.0
10,0.4,near_sync,0.09399617174227305,0.04521098378891192,0.0,0.0,0,1.0,0.0
10,0.425,near_sync,0.09355096525489812,0.046333168604132606,0.0035,0.05905717568594016,0,1.0,0.0
10,0.45,near_sync,0.15412178455435213,0.05318955361798267,0.0005,0.02235508890610816,0,1.0,0.0
10,0.475,near_sync,0.24096425605731986,0.04947831447180452,0.013,0.11327400407860577,0,1.0,0.0
10,0.5,near_sync,0.24276019873277327,0.056060739436037,0.018,0.13666016244685208,0,0.9995,0.0005
10,0.525,near_sync,0.3172263508523489,0.05916040827221577,0.0435,0.20397977840952766,0,1.0,0.0
10,0.55,near_sync,0.4040455410477008,0.08515776027160776,0.368,0.6209476628509042,0,0.9345,0.0655
10,0.575,near_sync,0.4388377285844884,0.06743902694064975,0.826,1.007335098167437,0,0.7735,0.2265
10,0.6,near_sync,0.46380087332112113,0.02771438832910349,1.2975,0.9586416170811697,1,0.6235,0.3765
10,0.625,near_sync,0.5240981344050456,0.01795250577680011,2.958,0.950913245254266,2,0.051,0.949
10,0.65,near_sync,0.6368084260053469,0.005684975110126975,1.4785,0.6289179199227829,1,0.584,0.416
10,0.675,near_sync,0.7038088245692834,0.003419601770061044,1.244,0.4443692158554641,1,0.7625,0.2375
10,0.7,near_sync,0.746770696089061,0.0015287397776851993,1.0,0.0,1,1.0,0.0
10,0.725,near_sync,0.7788272793705955,0.0006317766885256518,1.0,0.0,1,1.0,0.0
10,0.75,near_sync,0.803567919506404,3.4833721531912414e-05,1.0,0.0,1,1.0,0.0
10,0.775,near_sync,0.8234463862652108,1.5927677144068564e-06,1.0,0.0,1,1.0,0.0
10,0.8,near_sync,0.8398376551643846,8.292296076856112e-08,1.0,0.0,1,1.0,0.0
10,0.825,near_sync,0.8536444170758384,4.640206327735174e-09,1.0,0.0,1,1.0,0.0
10,0.85,near_sync,0.8654630933161374,2.759391244188156e-10,1.0,0.0,1,1.0,0.0
10,0.875,near_sync,0.8757088889360225,1.7658317033035113e-11,1.034,0.25854206620973696,1,0.983,0.017
10,0.9,near_sync,0.8846827648944218,1.2880506832605428e-12,1.0005,0.022355088906108163,1,0.9995,0.0005
10,0.925,near_sync,0.8926099472145126,1.2233115917777476e-13,1.0,0.0,1,1.0,0.0
10,0.95,near_sync,0.8996633745884962,1.6799070705345232e-14,1.3025,0.45934055993347683,1,0.6975,0.3025
10,0.975,near_sync,0.9059786603898353,3.077872834979845e-15,1.3825,0.48599768517967235,2,0.6175,0.3825
10,1.0,near_sync,0.9116640235415986,6.887589570565612e-16,1.345,0.5585472227126368,2,0.698,0.302
10,1.025,near_sync,0.9168071041272621,2.6435200556474314e-16,1.3275,0.46930134242296806,1,0.6725,0.3275
10,1.05,near_sync,0.9214797762468567,1.1327539742364852e-16,1.3065,0.46103985727917274,1,0.6935,0.3065
10,1.075,near_sync,0.9257416305702252,1.8986112183147718e-16,1.282,0.4499733325431631,1,0.718,0.282
10,1.1,near_sync,0.9296425477551415,1.9503304021017994e-16,1.2535,0.4350146549255554,1,0.7465,0.2535
10,1.125,near_sync,0.9332246349640927,2.3463559623014527e-16,1.2325,0.42242602902756826,1,0.7675,0.2325
10,1.15,near_sync,0.9365237064275466,2.473456306171239e-16,1.206,0.4925078679574572,3,0.8335,0.1665
10,1.175,near_sync,0.9395704313315353,4.26671000663526e-16,1.19,0.39230090491866054,1,0.81,0.19
10,1.2,near_sync,0.9423912348721423,2.510552802312559e-16,1.1785,0.38293308814987514,1,0.8215,0.1785
11,0.4,near_sync,0.18177336944345984,0.05621171932824047,0.0035,0.059057175685940155,0,1.0,0.0
11,0.425,near_sync,0.20850808130667414,0.06393061960602725,0.014,0.11749042514179613,0,1.0,0.0
11,0.45,near_sync,0.2455239996285464,0.08761454828747903,0.0195,0.13827418414150922,1,1.0,0.0
11,0.475,near_sync,0.23683896035069688,0.038922922127013836,0.0145,0.11953974234538067,0,1.0,0.0
11,0.5,near_sync,0.32493287726672143,0.03969452520076963,0.063,0.24501224459197957,1,0.9995,0.0005
11,0.525,near_sync,0.3801582691658284,0.08914809489068472,0.4105,0.7993683443819876,0,0.8895,0.1105
11,0.55,near_sync,0.4196958266666258,0.06256967620746849,0.563,0.8792218150159833,0,0.8695,0.1305
11,0.575,near_sync,0.47152524652881556,0.03455121980246127,1.225,1.0350724612315796,1,0.653,0.347
11,0.6,near_sync,0.5245431471838299,0.021360640354280806,2.4545,1.0862457134552936,2,0.191,0.809
11,0.625,near_sync,0.5990305907621458,0.008233620056402845,2.2835,1.0392919464712502,2,0.271,0.729
11,0.65,near_sync,0.6755588566974721,0.005999142852840263,1.282,0.5054463374088292,2,0.7425,0.2575
11,0.675,near_sync,0.7258989123995445,0.004263756601750373,1.1885,0.39111091777141693,1,0.8115,0.1885
11,0.7,near_sync,0.7623673153788785,0.0018316367784089117,1.0,0.0,1,1.0,0.0
11,0.725,near_sync,0.7905043984625502,0.0011523946606122196,1.0,0.0,1,1.0,0.0
11,0.75,near_sync,0.8126609766196116,0.0002642959131551002,1.0,0.0,1,1.0,0.0
11,0.775,near_sync,0.8308359481772324,1.6673697243690973e-05,1.0405,0.19712876502428556,1,0.9595,0.0405
11,0.8,near_sync,0.8460098055014159,1.1089739080512132e-06,1.1455,0.3526042399064424,1,0.8545,0.1455
11,0.825,near_sync,0.8589009563503925,7.773327388101073e-08,1.1565,0.36332870792162847,1,0.8435,0.1565
11,0.85,near_sync,0.8700078501996579,5.578575027889281e-09,1.149,0.3560884721526379,1,0.851,0.149
11,0.875,near_sync,0.8796861356745934,4.0628981577883527e-10,1.0805,0.2720657089748725,1,0.9195,0.0805
11,0.9,near_sync,0.888198362302736,2.999451608584117e-11,1.3265,0.46893256444823705,2,0.6735,0.3265
11,0.925,near_sync,0.8957438464305999,2.25360196089015e-12,1.252,0.43416126036301306,1,0.748,0.252
11,0.95,near_sync,0.9024773974359441,1.7445957862414045e-13,1.2445,0.42979035587132486,1,0.7555,0.2445
11,0.975,near_sync,0.9085215492389137,1.437399558719735e-14,1.235,0.4239988207530771,1,0.765,0.235
11,1.0,near_sync,0.9139748384375662,1.4087107186164816e-15,1.1765,0.3812449999672127,2,0.8235,0.1765
11,1.025,near_sync,0.9189175797160617,2.794698420092984e-16,1.144,0.3510897321198671,1,0.856,0.144
11,1.05,near_sync,0.9234160012898979,2.25391680638547e-16,1.1225,0.32786239491591584,1,0.8775,0.1225
11,1.075,near_sync,0.9275252728477917,1.0202581126079877e-16,1.115,0.3190219428189854,1,0.885,0.115
11,1.1,near_sync,0.9312917656437283,2.633008071049507e-16,1.098,0.29731464814233427,1,0.902,0.098
11,1.125,near_sync,0.9347547678817258,2.933594968276206e-16,1.0695,0.25430247737684347,2,0.9305,0.0695
11,1.15,near_sync,0.9379478058772682,2.0329514470983949e-16,1.0365,0.1875306641592249,1,0.9635,0.0365
11,1.175,near_sync,0.9408996748545794,3.2498448680250106e-16,1.017,0.12927103310486848,1,0.983,0.017
11,1.2,near_sync,0.9436352525387094,1.59114753171844e-16,1.0,0.0,1,1.0,0.0
12,0.4,near_sync,0.09188202833199517,0.033116023020298806,0.0015,0.03870077518603471,0,1.0,0.0
12,0.425,near_sync,0.09132224215917346,0.044654353105707076,0.007,0.08337265738837883,0,1.0,0.0
12,0.45,near_sync,0.08449576314832112,0.054114158662675146,0.0005,0.02235508890610816,0,1.0,0.0
12,0.475,near_sync,0.08808661120958595,0.036399435556756427,0.0,0.0,0,1.0,0.0
12,0.5,near_sync,0.07847716140511932,0.06638086354024123,0.0155,0.12353036064061339,0,1.0,0.0
12,0.525,near_sync,0.23787633952243004,0.08996422739869078,0.0615,0.2582977932542204,0,0.9955,0.0045
12,0.55,near_sync,0.30346242504840587,0.09426987327875314,0.1895,0.4739090102540782,0,0.9675,0.0325
12,0.575,near_sync,0.35079786506634913,0.1069632365146667,0.4165,0.7791198559913617,3,0.903,0.097
12,0.6,near_sync,0.4255162442498248,0.11642843540306808,1.1895,1.1694399300519887,0,0.62,0.38
12,0.625,near_sync,0.4972925655486792,0.029176100493893773,1.9915,1.0983750497894604,3,0.3415,0.6585
12,0.65,near_sync,0.5985065185405433,0.006750112815604645,3.1275,0.890642324392907,4,0.0135,0.9865
12,0.675,near_sync,0.6707907526635066,0.003238657912478393,1.931,0.9482821310137611,1,0.4055,0.5945
12,0.7,near_sync,0.720465211981945,0.0014172486141127958,1.0,0.0,1,1.0,0.0
12,0.725,near_sync,0.7571679579870636,0.00021908538555624356,1.0,0.0,1,1.0,0.0
12,0.75,near_sync,0.7853681136496679,5.776410331942852e-06,1.0,0.0,1,1.0,0.0
12,0.775,near_sync,0.807838297220674,1.966746729734645e-07,1.0,0.0,1,1.0,0.0
12,0.8,near_sync,0.8262824719715763,7.055875441887658e-09,1.0,0.0,1,1.0,0.0
12,0.825,near_sync,0.8417473570596344,2.3255737174213575e-10,1.0335,0.17993818382989202,1,0.9665,0.0335
12,0.85,near_sync,0.8549247335635104,1.2123551356321664e-11,1.0545,0.2270016519763678,1,0.9455,0.0545
12,0.875,near_sync,0.8662974393754082,2.698029256800695e-12,1.0625,0.24206145913796356,1,0.9375,0.0625
12,0.9,near_sync,0.876216130783121,5.554462774447325e-13,1.0615,0.24024518725668575,1,0.9385,0.0615
12,0.925,near_sync,0.8849433227330373,1.1319235853633345e-13,1.053,0.22403347964087866,1,0.947,0.053
12,0.95,near_sync,0.892680344188953,2.380636232280906e-14,1.032,0.176,1,0.968,0.032
12,0.975,near_sync,0.8995846800719393,5.193376600294091e-15,1.0185,0.1347506957310425,1,0.9815,0.0185
12,1.0,near_sync,0.905781577260114,1.172765529955939e-15,1.002,0.044676615807377355,1,0.998,0.002
12,1.025,near_sync,0.9113720640574994,3.6204166857300935e-16,1.0,0.0,1,1.0,0.0
12,1.05,near_sync,0.9164386401051936,2.6466655095288683e-16,1.0,0.0,1,1.0,0.0
12,1.075,near_sync,0.9210494047685103,1.135471066108948e-16,1.0,0.0,1,1.0,0.0
12,1.1,near_sync,0.9252611106749422,1.59114753171844e-16,1.0,0.0,1,1.0,0.0
12,1.125,near_sync,0.9291214603881263,1.6901299634984133e-16,1.0,0.0,1,1.0,0.0
12,1.15,near_sync,0.9326708595006011,1.7285284720028716e-16,1.0,0.0,1,1.0,0.0
12,1.175,near_sync,0.9359437724891283,2.3645404766579745e-16,1.0,0.0,1,1.0,0.0
12,1.2,near_sync,0.9389697837690555,3.2879288145333806e-16,1.0,0.0,1,1.0,0.0
13,0.4,near_sync,0.09597104154446506,0.046944849009752314,0.002,0.044676615807377355,0,1.0,0.0
13,0.425,near_sync,0.11112986219509022,0.038690494662943935,0.0025,0.04993746088859544,0,1.0,0.0
13,0.45,near_sync,0.13767832088285684,0.04295539892335189,0.001,0.03160696125855822,0,1.0,0.0
13,0.475,near_sync,0.18892456012146147,0.06935311887685566,0.0085,0.09180277773575264,0,1.0,0.0
13,0.5,near_sync,0.20527147790453573,0.05106090305920425,0.012,0.10888526071052962,0,1.0,0.0
13,0.525,near_sync,0.29677292056049154,0.054406008510544855,0.0585,0.24099325716708342,1,0.9985,0.0015
13,0.55,near_sync,0.3210123497239878,0.07731861432585618,0.1695,0.43332407041381854,1,0.9795,0.0205
13,0.575,near_sync,0.38513554680363876,0.10632644919082455,0.577,0.8683726158740843,2,0.8495,0.1505
13,0.6,near_sync,0.4101243136922669,0.07205943791148099,0.6965,0.885091944376402,1,0.823,0.177
13,0.625,near_sync,0.43437458218363106,0.07316924770391707,1.3705,1.2170578252490718,2,0.608,0.392
13,0.65,near_sync,0.4673331284208373,0.01774304011463089,2.2915,1.078669434998508,4,0.236,0.764
13,0.675,near_sync,0.6063306673988833,0.005882860016305513,2.8425,1.0093035965456578,2,0.0725,0.9275
13,0.7,near_sync,0.6704389027400668,0.003034172790611064,1.5055,0.53941611952184,1,0.515,0.485
13,0.725,near_sync,0.7165263315716579,0.0012264400843083412,1.0,0.0,1,1.0,0.0
13,0.75,near_sync,0.7512063553457247,8.853435518878037e-05,1.0,0.0,1,1.0,0.0
13,0.775,near_sync,0.7782210648507494,2.751492606178051e-06,1.0,0.0,1,1.0,0.0
13,0.8,near_sync,0.800059844986886,1.0882757671665354e-07,1.0,0.0,1,1.0,0.0
13,0.825,near_sync,0.8182232086017587,4.7833827471147685e-09,1.0,0.0,1,1.0,0.0
13,0.85,near_sync,0.8336287670297085,2.1853996069361189e-10,1.0,0.0,1,1.0,0.0
13,0.875,near_sync,0.8468857265138335,1.0200480680859062e-11,1.0,0.0,1,1.0,0.0
13,0.9,near_sync,0.8584233385617949,1.282124186090414e-12,1.0,0.0,1,1.0,0.0
13,0.925,near_sync,0.8685573725391821,2.893483549321482e-13,1.0,0.0,1,1.0,0.0
13,0.95,near_sync,0.8775276515475018,6.219767781434534e-14,1.0,0.0,1,1.0,0.0
13,0.975,near_sync,0.8855208007316785,1.3314441215323075e-14,1.0,0.0,1,1.0,0.0
13,1.0,near_sync,0.892684846861805,2.9253344404982147e-15,1.0,0.0,1,1.0,0.0
13,1.025,near_sync,0.8991390305860641,6.730689888493097e-16,1.0,0.0,1,1.0,0.0
13,1.05,near_sync,0.9049806493115876,2.364279820704291e-16,1.0,0.0,1,1.0,0.0
13,1.075,near_sync,0.9102899727621887,1.097381189754249e-16,1.0,0.0,1,1.0,0.0
13,1.1,near_sync,0.9151338597236802,2.4881135852766714e-16,1.0,0.0,1,1.0,0.0
13,1.125,near_sync,0.9195684720904135,2.365582813264324e-16,1.0,0.0,1,1.0,0.0
13,1.15,near_sync,0.9236413453559018,2.6838938393310874e-16,1.0,0.0,1,1.0,0.0
13,1.175,near_sync,0.9273929904918456,1.5818243213922008e-16,1.0,0.0,1,1.0,0.0
13,1.2,near_sync,0.9308581484728736,3.0603716043567166e-16,1.0,0.0,1,1.0,0.0
14,0.4,near_sync,0.07123985344190321,0.030752392682094946,0.0005,0.022355088906108163,0,1.0,0.0
14,0.425,near_sync,0.08595311507389235,0.02659043605164854,0.0005,0.022355088906108163,0,1.0,0.0
14,0.45,near_sync,0.10125274180673074,0.0515633335458431,0.0105,0.10193012312363801,0,1.0,0.0
14,0.475,near_sync,0.13293587915213842,0.06443201928904874,0.0025,0.04993746088859545,0,1.0,0.0
14,0.5,near_sync,0.12928993171847447,0.05569681743261386,0.0,0.0,0,1.0,0.0
14,0.525,near_sync,0.3337813607244093,0.04772942868781115,0.066,0.2639014967748383,0,0.996,0.004
14,0.55,near_sync,0.4144146232286232,0.10219693342716672,0.72,0.905869747811461,0,0.7995,0.2005
14,0.575,near_sync,0.4371394567765839,0.09680973820809974,1.0895,1.2302397124138043,0,0.675,0.325
14,0.6,near_sync,0.44442874295267043,0.08578724232143972,1.318,1.2152678717056582,1,0.594,0.406
14,0.625,near_sync,0.4407693867648454,0.027137362605826804,1.8765,0.9915884983197414,2,0.347,0.653
14,0.65,near_sync,0.5977369245413752,0.0042979806792951564,3.241,1.064856328337302,1,0.0735,0.9265
14,0.675,near_sync,0.6921759046327186,0.0020545839253994632,1.0055,0.0739577582137263,1,0.9945,0.0055
14,0.7,near_sync,0.7429202764367588,0.0009675218479772821,1.0,0.0,1,1.0,0.0
14,0.725,near_sync,0.7776669735871887,4.6862993232698026e-05,1.0,0.0,1,1.0,0.0
14,0.75,near_sync,0.8037710688731314,1.2717127517545493e-06,1.0,0.0,1,1.0,0.0
14,0.775,near_sync,0.8243770255477119,4.163169670054596e-08,1.0,0.0,1,1.0,0.0
14,0.8,near_sync,0.8412042308956489,1.3826818433778733e-09,1.0,0.0,1,1.0,0.0
14,0.825,near_sync,0.8552723975574217,6.257943004477143e-11,1.0,0.0,1,1.0,0.0
14,0.85,near_sync,0.8672417330514987,1.026685828991527e-11,1.0,0.0,1,1.0,0.0
14,0.875,near_sync,0.8775657779878269,1.9580826507696572e-12,1.0,0.0,1,1.0,0.0
14,0.9,near_sync,0.886569873649863,3.7888176385055234e-13,1.0,0.0,1,1.0,0.0
14,0.925,near_sync,0.8944952858251608,7.647417169067971e-14,1.0,0.0,1,1.0,0.0
14,0.95,near_sync,0.9015257306302231,1.611767035967796e-14,1.0,0.0,1,1.0,0.0
14,0.975,near_sync,0.9078041632470142,3.5345262545662667e-15,1.0,0.0,1,1.0,0.0
14,1.0,near_sync,0.9134438498003572,8.182087598043957e-16,1.0,0.0,1,1.0,0.0
14,1.025,near_sync,0.9185359197821351,3.085041906032245e-16,1.0,0.0,1,1.0,0.0
14,1.05,near_sync,0.9231546657408298,1.55371735830322e-16,1.0,0.0,1,1.0,0.0
14,1.075,near_sync,0.927361353070047,1.4638533715242843e-16,1.0,0.0,1,1.0,0.0
14,1.1,near_sync,0.9312070164574353,2.7405872790916765e-16,1.0,0.0,1,1.0,0.0
14,1.125,near_sync,0.934734550209848,1.5049563497322404e-16,1.0,0.0,1,1.0,0.0
14,1.15,near_sync,0.9379802959748852,2.700148217685896e-16,1.0,0.0,1,1.0,0.0
14,1.175,near_sync,0.9409752659511373,1.1099454341658545e-16,1.0,0.0,1,1.0,0.0
14,1.2,near_sync,0.9437460972946352,1.776183358581496e-16,1.0,0.0,1,1.0,0.0
15,0.4,near_sync,0.1118371581331217,0.05786458489278,0.0005,0.022355088906108163,0,1.0,0.0
15,0.425,near_sync,0.11196751239613097,0.07104448955744558,0.013,0.1132740040786058,0,1.0,0.0
15,0.45,near_sync,0.11899627996711322,0.054772225198821654,0.0025,0.04993746088859544,0,1.0,0.0
15,0.475,near_sync,0.1600048758318817,0.059296248817110556,0.001,0.03160696125855822,0,1.0,0.0
15,0.5,near_sync,0.20345999886849028,0.0723192486593635,0.0215,0.1517819159188604,0,0.999,0.001
15,0.525,near_sync,0.23856147428641986,0.06889581981848893,0.0165,0.12738818626544612,0,1.0,0.0
15,0.55,near_sync,0.2627970057194031,0.091297767307927,0.049,0.21586801523152985,0,1.0,0.0
15,0.575,near_sync,0.31597369734922753,0.12404003313999161,0.329,0.6455687414985332,0,0.9445,0.0555
15,0.6,near_sync,0.3127016600615465,0.08143939471389977,0.2295,0.4762664695315008,0,0.975,0.025
15,0.625,near_sync,0.3614633495773499,0.13103526241217495,0.6865,1.0208906650567433,2,0.802,0.198
15,0.65,near_sync,0.4560501219623434,0.10195249379758888,1.6435,1.1525657248070498,0,0.466,0.534
15,0.675,near_sync,0.4642667369656446,0.023843052893188582,2.5695,1.0455475838047736,2,0.1625,0.8375
15,0.7,near_sync,0.6572055796837161,0.001877186541015074,1.0715,0.3055940935293089,1,0.942,0.058
15,0.725,near_sync,0.7231366738446668,0.0006722686144636017,1.0,0.0,1,1.0,0.0
15,0.75,near_sync,0.7637924401940006,1.3152447741160298e-05,1.0,0.0,1,1.0,0.0
15,0.775,near_sync,0.7929679238298866,3.173882630682636e-07,1.0,0.0,1,1.0,0.0
15,0.8,near_sync,0.8154460211901942,8.794708959746917e-09,1.0,0.0,1,1.0,0.0
15,0.825,near_sync,0.8335228361133843,4.922830822884567e-10,1.0,0.0,1,1.0,0.0
15,0.85,near_sync,0.8484823134635945,7.675294054216148e-11,1.0,0.0,1,1.0,0.0
15,0.875,near_sync,0.8611210114521045,1.2686645960342951e-11,1.0,0.0,1,1.0,0.0
15,0.9,near_sync,0.8719688877894738,2.18942440615403e-12,1.0,0.0,1,1.0,0.0
15,0.925,near_sync,0.8813968591718309,4.0080386134575657e-13,1.0,0.0,1,1.0,0.0
15,0.95,near_sync,0.8896747525992794,7.753257873578263e-14,1.0,0.0,1,1.0,0.0
15,0.975,near_sync,0.8970049328681761,1.5732519366598876e-14,1.0,0.0,1,1.0,0.0
15,1.0,near_sync,0.9035429658886446,3.336058546955219e-15,1.0,0.0,1,1.0,0.0
15,1.025,near_sync,0.9094109105495063,7.460252640394076e-16,1.0,0.0,1,1.0,0.0
15,1.05,near_sync,0.9147061960507183,1.9674768394628673e-16,1.0,0.0,1,1.0,0.0
15,1.075,near_sync,0.9195077402415459,2.116424066074202e-16,1.0,0.0,1,1.0,0.0
15,1.1,near_sync,0.9238802806949912,3.9028721528833067e-16,1.0,0.0,1,1.0,0.0
15,1.125,near_sync,0.9278775119979698,2.3078222863570403e-16,1.0,0.0,1,1.0,0.0
15,1.15,near_sync,0.9315444042574531,2.860521455770151e-16,1.0,0.0,1,1.0,0.0
15,1.175,near_sync,0.9349189468680145,3.5145179104012084e-16,1.0,0.0,1,1.0,0.0
15,1.2,near_sync,0.9380334805274653,2.8973417760422284e-16,1.0,0.0,1,1.0,0.0
16,0.4,near_sync,0.08362214554770514,0.045155923825858736,0.0,0.0,0,1.0,0.0
16,0.425,near_sync,0.10040648372348691,0.05415188135836153,0.002,0.044676615807377355,0,1.0,0.0
16,0.45,near_sync,0.11078840582644638,0.056687698938570064,0.0025,0.04993746088859544,0,1.0,0.0
16,0.475,near_sync,0.14213564332132303,0.04515166683187758,0.007,0.08337265738837883,0,1.0,0.0
16,0.5,near_sync,0.15278715136652699,0.06152918115358879,0.0095,0.09700386590234432,0,1.0,0.0
16,0.525,near_sync,0.24541774528532156,0.07534816814395866,0.046,0.21185844330590178,0,0.9995,0.0005
16,0.55,near_sync,0.28618913737688767,0.05983016835669304,0.045,0.23016298572967808,0,0.995,0.005
16,0.575,near_sync,0.36676141413722496,0.12374252366798603,0.6005,0.9417535505640527,0,0.844,0.156
16,0.6,near_sync,0.40325397137648245,0.11952009073320151,0.852,1.1950297067437279,1,0.749,0.251
16,0.625,near_sync,0.4146252926029856,0.08333448721894826,1.225,1.1074181685343618,0,0.5945,0.4055
16,0.65,near_sync,0.5097667571110189,0.008337688283785703,3.005,0.9246485818947651,3,0.0455,0.9545
16,0.675,near_sync,0.6513875197381287,0.002039020081800702,1.39,0.7231182475916371,1,0.726,0.274
16,0.7,near_sync,0.7137510824363497,0.0017401006129411365,1.0,0.0,1,1.0,0.0
16,0.725,near_sync,0.7540527609546275,0.0009477605080104167,1.0,0.0,1,1.0,0.0
16,0.75,near_sync,0.7837127592929359,7.255153503536912e-05,1.0,0.0,1,1.0,0.0
16,0.775,near_sync,0.8070862927241504,2.85251756417325e-06,1.0,0.0,1,1.0,0.0
16,0.8,near_sync,0.8260674369135945,1.354917712714396e-07,1.0,0.0,1,1.0,0.0
16,0.825,near_sync,0.8418607868585218,7.033851477211495e-09,1.0,0.0,1,1.0,0.0
16,0.85,near_sync,0.8552402134813494,3.9233159485452426e-10,1.0,0.0,1,1.0,0.0
16,0.875,near_sync,0.8667354755403474,2.4332902334786712e-11,1.0,0.0,1,1.0,0.0
16,0.9,near_sync,0.876725762263331,1.8876370179357892e-12,1.0,0.0,1,1.0,0.0
16,0.925,near_sync,0.8854915715960388,2.1376538347021289e-13,1.0,0.0,1,1.0,0.0
16,0.95,near_sync,0.8932458100252719,3.446028371241078e-14,1.0,0.0,1,1.0,0.0
16,0.975,near_sync,0.9001535159648224,6.775701215523929e-15,1.0,0.0,1,1.0,0.0
16,1.0,near_sync,0.9063449075696176,1.4702555708544653e-15,1.0,0.0,1,1.0,0.0
16,1.025,near_sync,0.9119243038743267,3.444465815624765e-16,1.0,0.0,1,1.0,0.0
16,1.05,near_sync,0.9169763903648092,2.495780371614252e-16,1.0,0.0,1,1.0,0.0
16,1.075,near_sync,0.9215707200922982,3.7048027549740624e-16,1.0,0.0,1,1.0,0.0
16,1.1,near_sync,0.9257650110659272,1.9860273225978183e-16,1.0,0.0,1,1.0,0.0
16,1.125,near_sync,0.9296076038100336,3.1731797771395763e-16,1.0,0.0,1,1.0,0.0
16,1.15,near_sync,0.9331393213721492,1.4741320411859331e-16,1.0,0.0,1,1.0,0.0
16,1.175,near_sync,0.9363948966963652,1.8230997945328488e-16,1.0,0.0,1,1.0,0.0
16,1.2,near_sync,0.9394040818078825,4.365167653891504e-16,1.0,0.0,1,1.0,0.0
17,0.4,near_sync,0.12092963171811791,0.030867298627605486,0.002,0.044676615807377355,0,1.0,0.0
17,0.425,near_sync,0.1844008666286698,0.028228530640046576,0.005,0.07053367989832944,0,1.0,0.0
17,0.45,near_sync,0.19253178755954767,0.03194007506996856,0.001,0.03160696125855822,0,1.0,0.0
17,0.475,near_sync,0.2384977214168485,0.02765440998360468,0.0095,0.09700386590234432,0,1.0,0.0
17,0.5,near_sync,0.30065936401354965,0.03481674415935876,0.063,0.24296296014001809,0,1.0,0.0
17,0.525,near_sync,0.3512831305016981,0.04981170029566984,0.111,0.3204356409639852,1,0.998,0.002
17,0.55,near_sync,0.42730653950606984,0.05782614335476373,0.4875,0.6984581232973097,0,0.908,0.092
17,0.575,near_sync,0.4434363464924227,0.046538715934110596,0.624,0.7527443124992709,0,0.8705,0.1295
17,0.6,near_sync,0.476717622743294,0.019388761145818167,1.359,0.9083606112112083,1,0.569,0.431
17,0.625,near_sync,0.5343571148083288,0.013744511681250838,2.604,1.0364284828197263,2,0.1435,0.8565
17,0.65,near_sync,0.613176580484717,0.006200996035160429,2.322,0.8119827584376407,3,0.1505,0.8495
17,0.675,near_sync,0.6739875849941952,0.0037922732771633783,1.4405,0.5463146986856569,1,0.5855,0.4145
17,0.7,near_sync,0.7194727223127625,0.002084451722689084,1.011,0.10430244484191156,1,0.989,0.011
17,0.725,near_sync,0.7545301865564609,0.0014031675772918119,1.0,0.0,1,1.0,0.0
17,0.75,near_sync,0.7817848322397564,0.0005213475581123854,1.0,0.0,1,1.0,0.0
17,0.775,near_sync,0.8038976595783773,3.433443216954579e-05,1.0,0.0,1,1.0,0.0
17,0.8,near_sync,0.8222393902813729,1.9972423264915672e-06,1.0,0.0,1,1.0,0.0
17,0.825,near_sync,0.8377159152504399,1.2557355500848397e-07,1.0,0.0,1,1.0,0.0
17,0.85,near_sync,0.850969692305936,8.190043935827515e-09,1.0,0.0,1,1.0,0.0
17,0.875,near_sync,0.8624553724835782,5.496792817667999e-10,1.0,0.0,1,1.0,0.0
17,0.9,near_sync,0.872506640137095,3.808570846340389e-11,1.0,0.0,1,1.0,0.0
17,0.925,near_sync,0.8813756041341149,2.7376014166200727e-12,1.0,0.0,1,1.0,0.0
17,0.95,near_sync,0.8892571758153257,2.0352197483644465e-13,1.0,0.0,1,1.0,0.0
17,0.975,near_sync,0.8963048953313464,1.5324740635699187e-14,1.0,0.0,1,1.0,0.0
17,1.0,near_sync,0.9026416195651502,1.2141571783158653e-15,1.0,0.0,1,1.0,0.0
17,1.025,near_sync,0.9083669746949778,2.0764435665576354e-16,1.0,0.0,1,1.0,0.0
17,1.05,near_sync,0.9135626907525191,1.1259325586345988e-16,1.0,0.0,1,1.0,0.0
17,1.075,near_sync,0.9182965042634289,1.398616647232267e-16,1.0,0.0,1,1.0,0.0
17,1.1,near_sync,0.9226250665473201,3.256759338626265e-16,1.0,0.0,1,1.0,0.0
17,1.125,near_sync,0.9265961458299169,2.0326482703839956e-16,1.0,0.0,1,1.0,0.0
17,1.15,near_sync,0.9302503181081347,1.0741085019148344e-16,1.0,0.0,1,1.0,0.0
17,1.175,near_sync,0.9336222817000598,1.2956830684714013e-16,1.0,0.0,1,1.0,0.0
17,1.2,near_sync,0.9367418907241164,1.8977995337758102e-16,1.0,0.0,1,1.0,0.0
18,0.4,near_sync,0.16068648934603316,0.042105096419257367,0.0,0.0,0,1.0,0.0
18,0.425,near_sync,0.17758523624121664,0.04730095004549687,0.0,0.0,0,1.0,0.0
18,0.45,near_sync,0.18108201854685052,0.05712247688509697,0.0045,0.06693093455196934,0,1.0,0.0
18,0.475,near_sync,0.1996209381302204,0.03123653929272774,0.004,0.063118935352238,0,1.0,0.0
18,0.5,near_sync,0.2148491462148037,0.039794097855747015,0.0085,0.09180277773575264,0,1.0,0.0
18,0.525,near_sync,0.23482584115253236,0.03851767610510343,0.0265,0.1606167799453096,0,1.0,0.0
18,0.55,near_sync,0.31837839225687753,0.04188929371521405,0.0655,0.2553619979558431,0,0.998,0.002
18,0.575,near_sync,0.3795435510609088,0.10469454531711689,0.743,1.0324490302189258,0,0.783,0.217
18,0.6,near_sync,0.41178516821985006,0.08618637381148993,1.1695,1.234815674503689,0,0.6535,0.3465
18,0.625,near_sync,0.4229362735564262,0.030360663583234592,1.3865,1.1520059678664865,2,0.5745,0.4255
18,0.65,near_sync,0.5015228673535398,0.01630863655382612,3.0015,1.1029495682033699,3,0.0825,0.9175
18,0.675,near_sync,0.6053723916890636,0.0074287444386184525,1.9275,0.9139167084587084,3,0.376,0.624
18,0.7,near_sync,0.6715475094968956,0.004799558829126206,1.414,0.5334828956958226,2,0.607,0.393
18,0.725,near_sync,0.7160234784202877,0.001960661677233857,1.157,0.36380076965284175,1,0.843,0.157
18,0.75,near_sync,0.7505769468738437,0.00012004182894919176,1.0,0.0,1,1.0,0.0
18,0.775,near_sync,0.7778683917937097,3.8912763053994025e-06,1.0,0.0,1,1.0,0.0
18,0.8,near_sync,0.7999119299277503,1.4694278986040185e-07,1.0,0.0,1,1.0,0.0
18,0.825,near_sync,0.8181985838701238,5.736464061384775e-09,1.0,0.0,1,1.0,0.0
18,0.85,near_sync,0.8336668673271092,2.1059926379820894e-10,1.0,0.0,1,1.0,0.0
18,0.875,near_sync,0.846948290266867,7.425882689650468e-12,1.0,0.0,1,1.0,0.0
18,0.9,near_sync,0.8584886095905726,1.4384910030521263e-12,1.0,0.0,1,1.0,0.0
18,0.925,near_sync,0.8686142370624829,3.1553756410574123e-13,1.0,0.0,1,1.0,0.0
18,0.95,near_sync,0.8775713274084335,6.517634168793408e-14,1.0,0.0,1,1.0,0.0
18,0.975,near_sync,0.8855500335013605,1.3700952828589242e-14,1.0,0.0,1,1.0,0.0
18,1.0,near_sync,0.8927002064764081,2.9736324248370124e-15,1.0,0.0,1,1.0,0.0
18,1.025,near_sync,0.8991419260858216,7.45669952904348e-16,1.0,0.0,1,1.0,0.0
18,1.05,near_sync,0.9049727842736195,1.7970529571352417e-16,1.0,0.0,1,1.0,0.0
18,1.075,near_sync,0.9102730603875808,3.230825304746098e-16,1.0,0.0,1,1.0,0.0
18,1.1,near_sync,0.9151094859536322,8.94401622147837e-17,1.0,0.0,1,1.0,0.0
18,1.125,near_sync,0.9195380403529021,2.1566635928890138e-16,1.0,0.0,1,1.0,0.0
18,1.15,near_sync,0.9236060644754448,2.0220084471487193e-16,1.0,0.0,1,1.0,0.0
18,1.175,near_sync,0.9273538839889284,1.0925970971629864e-16,1.0,0.0,1,1.0,0.0
18,1.2,near_sync,0.9308160732352398,2.0252062634623314e-16,1.0,0.0,1,1.0,0.0
19,0.4,near_sync,0.09585605835603811,0.048501880596466526,0.001,0.03160696125855822,0,1.0,0.0
19,0.425,near_sync,0.10094753350277356,0.04963781825499358,0.002,0.044676615807377355,0,1.0,0.0
19,0.45,near_sync,0.10799293040859824,0.050366238130271204,0.0,0.0,0,1.0,0.0
19,0.475,near_sync,0.1163272841834484,0.051422706414109544,0.0,0.0,0,1.0,0.0
19,0.5,near_sync,0.1153580249762498,0.04829247573305291,0.002,0.044676615807377355,0,1.0,0.0
19,0.525,near_sync,0.175115430105754,0.044218862318875986,0.0105,0.10193012312363799,0,1.0,0.0
19,0.55,near_sync,0.24132713384200297,0.05652052063586876,0.0405,0.1971287650242856,0,1.0,0.0
19,0.575,near_sync,0.2651885455196908,0.13623432056584456,0.232,0.5433010215341032,0,0.955,0.045
19,0.6,near_sync,0.28093097664645883,0.16517854849118682,0.631,1.0857435240423956,0,0.829,0.171
19,0.625,near_sync,0.3955597324629733,0.12418959983830605,1.1995,1.277771399742536,1,0.627,0.373
19,0.65,near_sync,0.4260221559763611,0.13318540378923135,1.906,1.308114673872287,0,0.394,0.606
19,0.675,near_sync,0.626354102726182,0.0036729283476931826,2.291,1.0403456156489534,2,0.2625,0.7375
19,0.7,near_sync,0.7137870605331375,0.0009951292826105094,1.3145,0.569727785876729,1,0.74,0.26
19,0.725,near_sync,0.7581223517518352,3.060093637356805e-05,1.0,0.0,1,1.0,0.0
19,0.75,near_sync,0.7888499552171345,6.876547364346711e-07,1.0,0.0,1,1.0,0.0
19,0.775,near_sync,0.8120911321308285,2.554269377318715e-08,1.0035,0.059057175685940155,1,0.9965,0.0035
19,0.8,near_sync,0.8306555664594284,1.7636403959629314e-09,1.0235,0.15148514778683753,1,0.9765,0.0235
19,0.825,near_sync,0.8459838008429492,2.0497854263412043e-10,1.007,0.08337265738837883,1,0.993,0.007
19,0.85,near_sync,0.8589279962303781,3.0628773584189346e-11,1.0065,0.08036012692872005,1,0.9935,0.0065
19,0.875,near_sync,0.8700401625867943,5.172787717769093e-12,1.028,0.16497272501841026,1,0.972,0.028
19,0.9,near_sync,0.8797010571465387,9.438602916136273e-13,1.0395,0.19478128760227462,1,0.9605,0.0395
19,0.925,near_sync,0.8881856753004593,1.827315222264522e-13,1.07,0.25514701644346144,2,0.93,0.07
19,0.95,near_sync,0.8956997025950748,3.7161791494221145e-14,1.0415,0.19944360105052256,1,0.9585,0.0415
19,0.975,near_sync,0.9024012547704479,7.88487825326745e-15,1.035,0.18377975949489103,1,0.965,0.035
19,1.0,near_sync,0.9084145722792862,1.743044845040252e-15,1.0245,0.15459543977750442,1,0.9755,0.0245
19,1.025,near_sync,0.9138390399915278,4.1277309696259816e-16,1.0125,0.11110243021644484,1,0.9875,0.0125
19,1.05,near_sync,0.9187553515714028,3.1226687857712913e-16,1.015,0.12155245781143217,1,0.985,0.015
19,1.075,near_sync,0.9232298547952578,1.0695084443661337e-16,1.032,0.17600000000000002,1,0.968,0.032
19,1.1,near_sync,0.9273176954861042,2.2566494902290327e-16,1.0355,0.18503986057063482,1,0.9645,0.0355
19,1.125,near_sync,0.9310651430536653,3.0367187427414455e-16,1.024,0.15304901175767188,1,0.976,0.024
19,1.15,near_sync,0.9345113434630636,1.5901789143938066e-16,1.0055,0.0739577582137263,1,0.9945,0.0055
19,1.175,near_sync,0.9376896622802701,2.252549221279046e-16,1.0,0.0,1,1.0,0.0
19,1.2,near_sync,0.9406287283198721,1.1365560840976598e-16,1.0,0.0,1,1.0,0.0
