seed,K,outsider_fraction,local_boost,R,state
0,0.4,0.05,1.0,0.8870338136287989,dual_cluster
0,0.42500000000000004,0.05,1.0,0.8941566818774628,dual_cluster
0,0.45,0.05,1.0,0.8401671307029656,dual_cluster
0,0.47500000000000003,0.05,1.0,0.9110658060803017,dual_cluster
0,0.5,0.05,1.0,0.8922809776768531,fragmented
0,0.525,0.05,1.0,0.8744612753507156,dual_cluster
0,0.55,0.05,1.0,0.9101489834730706,dual_cluster
0,0.575,0.05,1.0,0.917322022157679,dual_cluster
0,0.6,0.05,1.0,0.9001665630547605,dual_cluster
0,0.625,0.05,1.0,0.9111171748019058,dual_cluster
0,0.65,0.05,1.0,0.915848010376596,dual_cluster
0,0.675,0.05,1.0,0.9201263901182688,dual_cluster
0,0.7,0.05,1.0,0.924148714803477,dual_cluster
0,0.725,0.05,1.0,0.9279428966542262,dual_cluster
0,0.75,0.05,1.0,0.9315285368536663,dual_cluster
0,0.7749999999999999,0.05,1.0,0.9349194670703352,dual_cluster
0,0.8,0.05,1.0,0.9381258268688385,dual_cluster
0,0.825,0.05,1.0,0.9411556206903511,dual_cluster
0,0.85,0.05,1.0,0.9440158174073023,dual_cluster
0,0.875,0.05,1.0,0.9467130608524191,dual_cluster
0,0.8999999999999999,0.05,1.0,0.9492540701178787,dual_cluster
0,0.9249999999999999,0.05,1.0,0.9516458122102608,dual_cluster
0,0.95,0.05,1.0,0.9538955237012421,dual_cluster
0,0.975,0.05,1.0,0.9560106447231095,dual_cluster
0,1.0,0.05,1.0,0.957998712320874,dual_cluster
0,1.025,0.05,1.0,0.9598672444963472,dual_cluster
0,1.0499999999999998,0.05,1.0,0.9616236334094204,dual_cluster
0,1.075,0.05,1.0,0.9632750568175815,dual_cluster
0,1.1,0.05,1.0,0.964828410673705,dual_cluster
0,1.125,0.05,1.0,0.9662902621811676,dual_cluster
0,1.15,0.05,1.0,0.9676668207727223,dual_cluster
0,1.1749999999999998,0.05,1.0,0.9689639237918016,dual_cluster
0,1.2,0.05,1.0,0.9701870336321688,dual_cluster
1,0.4,0.05,1.0,0.8947594339679916,dual_cluster
1,0.42500000000000004,0.05,1.0,0.8479887279351134,dual_cluster
1,0.45,0.05,1.0,0.8922197622235613,dual_cluster
1,0.47500000000000003,0.05,1.0,0.9171415755221036,dual_cluster
1,0.5,0.05,1.0,0.870117092232418,dual_cluster
1,0.525,0.05,1.0,0.868649084886082,dual_cluster
1,0.55,0.05,1.0,0.9431976803839117,dual_cluster
1,0.575,0.05,1.0,0.8859647442768221,dual_cluster
1,0.6,0.05,1.0,0.938768120897451,dual_cluster
1,0.625,0.05,1.0,0.9144003031680507,dual_cluster
1,0.65,0.05,1.0,0.9154170283760676,dual_cluster
1,0.675,0.05,1.0,0.9196540727360165,dual_cluster
1,0.7,0.05,1.0,0.9234991537333005,dual_cluster
1,0.725,0.05,1.0,0.9271315937810375,dual_cluster
1,0.75,0.05,1.0,0.9305732284698309,dual_cluster
1,0.7749999999999999,0.05,1.0,0.9338393032159579,dual_cluster
1,0.8,0.05,1.0,0.9369405408825705,dual_cluster
1,0.825,0.05,1.0,0.9398847286612733,dual_cluster
1,0.85,0.05,1.0,0.9426779295360771,dual_cluster
1,0.875,0.05,1.0,0.9453253576858935,dual_cluster
1,0.8999999999999999,0.05,1.0,0.9478319623844658,dual_cluster
1,0.9249999999999999,0.05,1.0,0.950202773615969,dual_cluster
1,0.95,0.05,1.0,0.9524430670293659,dual_cluster
1,0.975,0.05,1.0,0.9545584035733387,dual_cluster
1,1.0,0.05,1.0,0.9565545913696142,dual_cluster
1,1.025,0.05,1.0,0.9584376067689,dual_cluster
1,1.0499999999999998,0.05,1.0,0.9602135006443373,dual_cluster
1,1.075,0.05,1.0,0.961888306495193,dual_cluster
1,1.1,0.05,1.0,0.9634679595946374,dual_cluster
1,1.125,0.05,1.0,0.9649582312652517,dual_cluster
1,1.15,0.05,1.0,0.9663646790763127,dual_cluster
1,1.1749999999999998,0.05,1.0,0.9676926118728404,dual_cluster
1,1.2,0.05,1.0,0.9689470676311043,dual_cluster
2,0.4,0.05,1.0,0.7962669972131202,dual_cluster
2,0.42500000000000004,0.05,1.0,0.8839114804543752,dual_cluster
2,0.45,0.05,1.0,0.8208284795168458,dual_cluster
2,0.47500000000000003,0.05,1.0,0.9131747748944825,dual_cluster
2,0.5,0.05,1.0,0.8531202642077125,dual_cluster
2,0.525,0.05,1.0,0.9412301769577576,dual_cluster
2,0.55,0.05,1.0,0.8738149738915273,dual_cluster
2,0.575,0.05,1.0,0.9097482055932155,dual_cluster
2,0.6,0.05,1.0,0.9078910139173629,dual_cluster
2,0.625,0.05,1.0,0.9067157053800904,dual_cluster
2,0.65,0.05,1.0,0.911995124772769,dual_cluster
2,0.675,0.05,1.0,0.916922127673324,dual_cluster
2,0.7,0.05,1.0,0.9215307787768746,dual_cluster
2,0.725,0.05,1.0,0.9258530950323651,dual_cluster
2,0.75,0.05,1.0,0.9299107949165919,dual_cluster
2,0.7749999999999999,0.05,1.0,0.9337193229052537,dual_cluster
2,0.8,0.05,1.0,0.937290784360395,dual_cluster
2,0.825,0.05,1.0,0.9406359079281343,dual_cluster
2,0.85,0.05,1.0,0.9437651926022531,dual_cluster
2,0.875,0.05,1.0,0.9466894403085728,dual_cluster
2,0.8999999999999999,0.05,1.0,0.9494198809647666,dual_cluster
2,0.9249999999999999,0.05,1.0,0.9519680673469442,dual_cluster
2,0.95,0.05,1.0,0.9543456697522453,dual_cluster
2,0.975,0.05,1.0,0.9565642527852563,dual_cluster
2,1.0,0.05,1.0,0.9586350784410566,dual_cluster
2,1.025,0.05,1.0,0.960568953637732,dual_cluster
2,1.0499999999999998,0.05,1.0,0.962376124931293,dual_cluster
2,1.075,0.05,1.0,0.9640662153601921,dual_cluster
2,1.1,0.05,1.0,0.9656481953738492,dual_cluster
2,1.125,0.05,1.0,0.9671303794616041,dual_cluster
2,1.15,0.05,1.0,0.9685204410212215,dual_cluster
2,1.1749999999999998,0.05,1.0,0.9698254393764967,dual_cluster
2,1.2,0.05,1.0,0.9710518542476912,dual_cluster
3,0.4,0.05,1.0,0.8095272141089817,dual_cluster
3,0.42500000000000004,0.05,1.0,0.8321385093820495,dual_cluster
3,0.45,0.05,1.0,0.8590455066941999,dual_cluster
3,0.47500000000000003,0.05,1.0,0.8872659326692787,dual_cluster
3,0.5,0.05,1.0,0.9087036873316566,dual_cluster
3,0.525,0.05,1.0,0.9139483599674347,dual_cluster
3,0.55,0.05,1.0,0.8956689683071554,dual_cluster
3,0.575,0.05,1.0,0.8787100939517707,dual_cluster
3,0.6,0.05,1.0,0.903083014824286,dual_cluster
3,0.625,0.05,1.0,0.908711497349616,dual_cluster
3,0.65,0.05,1.0,0.9138174771540779,dual_cluster
3,0.675,0.05,1.0,0.9185699606861147,dual_cluster
3,0.7,0.05,1.0,0.9230128303859284,dual_cluster
3,0.725,0.05,1.0,0.927177786406681,dual_cluster
3,0.75,0.05,1.0,0.9310872390889008,dual_cluster
3,0.7749999999999999,0.05,1.0,0.9347576735653607,dual_cluster
3,0.8,0.05,1.0,0.9382021243557644,dual_cluster
3,0.825,0.05,1.0,0.9414318801050172,dual_cluster
3,0.85,0.05,1.0,0.9444575464748912,dual_cluster
3,0.875,0.05,1.0,0.9472896135781784,dual_cluster
3,0.8999999999999999,0.05,1.0,0.9499386774305103,dual_cluster
3,0.9249999999999999,0.05,1.0,0.9524154478638394,dual_cluster
3,0.95,0.05,1.0,0.9547306456488914,dual_cluster
3,0.975,0.05,1.0,0.9568948591659155,dual_cluster
3,1.0,0.05,1.0,0.9589184028585553,dual_cluster
3,1.025,0.05,1.0,0.9608111988467716,dual_cluster
3,1.0499999999999998,0.05,1.0,0.9625826894398792,dual_cluster
3,1.075,0.05,1.0,0.9642417804283878,dual_cluster
3,1.1,0.05,1.0,0.9657968111743461,dual_cluster
3,1.125,0.05,1.0,0.9672555461388895,dual_cluster
3,1.15,0.05,1.0,0.9686251824734541,dual_cluster
3,1.1749999999999998,0.05,1.0,0.9699123689387855,dual_cluster
3,1.2,0.05,1.0,0.971123232280591,dual_cluster
4,0.4,0.05,1.0,0.841012213357611,dual_cluster
4,0.42500000000000004,0.05,1.0,0.8285218331111686,dual_cluster
4,0.45,0.05,1.0,0.8457662090268888,dual_cluster
4,0.47500000000000003,0.05,1.0,0.8911484754378733,dual_cluster
4,0.5,0.05,1.0,0.935773882061985,dual_cluster
4,0.525,0.05,1.0,0.929981491821496,fragmented
4,0.55,0.05,1.0,0.8636895521513656,dual_cluster
4,0.575,0.05,1.0,0.8739739590770388,dual_cluster
4,0.6,0.05,1.0,0.9300308037854957,dual_cluster
4,0.625,0.05,1.0,0.9121876761839878,dual_cluster
4,0.65,0.05,1.0,0.9166568370802972,dual_cluster
4,0.675,0.05,1.0,0.9209083856127105,dual_cluster
4,0.7,0.05,1.0,0.9249036650588434,dual_cluster
4,0.725,0.05,1.0,0.928671142573869,dual_cluster
4,0.75,0.05,1.0,0.9322308088024605,dual_cluster
4,0.7749999999999999,0.05,1.0,0.9355967052368006,dual_cluster
4,0.8,0.05,1.0,0.9387790336785169,dual_cluster
4,0.825,0.05,1.0,0.9417857648449723,dual_cluster
4,0.85,0.05,1.0,0.9446237880137627,dual_cluster
4,0.875,0.05,1.0,0.9472996588047341,dual_cluster
4,0.8999999999999999,0.05,1.0,0.9498200211167008,dual_cluster
4,0.9249999999999999,0.05,1.0,0.9521917883001074,dual_cluster
4,0.95,0.05,1.0,0.9544221646849009,dual_cluster
4,0.975,0.05,1.0,0.9565185750694352,dual_cluster
4,1.0,0.05,1.0,0.958488552248051,dual_cluster
4,1.025,0.05,1.0,0.9603396156804869,dual_cluster
4,1.0499999999999998,0.05,1.0,0.9620791605335709,dual_cluster
4,1.075,0.05,1.0,0.9637143663176024,dual_cluster
4,1.1,0.05,1.0,0.9652521278650344,dual_cluster
4,1.125,0.05,1.0,0.9666990076669946,dual_cluster
4,1.15,0.05,1.0,0.9680612067500329,dual_cluster
4,1.1749999999999998,0.05,1.0,0.9693445506353155,dual_cluster
4,1.2,0.05,1.0,0.9705544869597161,dual_cluster
5,0.4,0.05,1.0,0.8984612725658798,absorbed
5,0.42500000000000004,0.05,1.0,0.9173317711730039,dual_cluster
5,0.45,0.05,1.0,0.9265869513105115,dual_cluster
5,0.47500000000000003,0.05,1.0,0.9313508372509979,dual_cluster
5,0.5,0.05,1.0,0.9266978791334072,dual_cluster
5,0.525,0.05,1.0,0.9048097233430699,dual_cluster
5,0.55,0.05,1.0,0.8727298787968256,dual_cluster
5,0.575,0.05,1.0,0.9235018242111315,dual_cluster
5,0.6,0.05,1.0,0.913894473868991,dual_cluster
5,0.625,0.05,1.0,0.9140751834314895,dual_cluster
5,0.65,0.05,1.0,0.9185304627676621,dual_cluster
5,0.675,0.05,1.0,0.9226853002128877,dual_cluster
5,0.7,0.05,1.0,0.9265871681784726,dual_cluster
5,0.725,0.05,1.0,0.9302629219266141,dual_cluster
5,0.75,0.05,1.0,0.9337318895898998,dual_cluster
5,0.7749999999999999,0.05,1.0,0.9370082150035269,dual_cluster
5,0.8,0.05,1.0,0.9401026623245579,dual_cluster
5,0.825,0.05,1.0,0.9430239663145616,dual_cluster
5,0.85,0.05,1.0,0.9457797887905374,dual_cluster
5,0.875,0.05,1.0,0.948377343035235,dual_cluster
5,0.8999999999999999,0.05,1.0,0.9508237543465683,dual_cluster
5,0.9249999999999999,0.05,1.0,0.9531262266089052,dual_cluster
5,0.95,0.05,1.0,0.9552920791169113,dual_cluster
5,0.975,0.05,1.0,0.9573287066594295,dual_cluster
5,1.0,0.05,1.0,0.9592435023807062,dual_cluster
5,1.025,0.05,1.0,0.9610437700423212,dual_cluster
5,1.0499999999999998,0.05,1.0,0.9627366416804967,dual_cluster
5,1.075,0.05,1.0,0.9643290088304187,dual_cluster
5,1.1,0.05,1.0,0.9658274702776476,dual_cluster
5,1.125,0.05,1.0,0.9672382961656144,dual_cluster
5,1.15,0.05,1.0,0.9685674066432134,dual_cluster
5,1.1749999999999998,0.05,1.0,0.9698203625604649,dual_cluster
5,1.2,0.05,1.0,0.9710023656211516,dual_cluster
6,0.4,0.05,1.0,0.9046450210423145,absorbed
6,0.42500000000000004,0.05,1.0,0.8632030000204448,dual_cluster
6,0.45,0.05,1.0,0.843400620930582,dual_cluster
6,0.47500000000000003,0.05,1.0,0.9102878895954216,dual_cluster
6,0.5,0.05,1.0,0.9116919361322655,fragmented
6,0.525,0.05,1.0,0.8764986084812112,dual_cluster
6,0.55,0.05,1.0,0.9250971719175011,dual_cluster
6,0.575,0.05,1.0,0.9450232192962401,dual_cluster
6,0.6,0.05,1.0,0.93473442458781,dual_cluster
6,0.625,0.05,1.0,0.914160034554067,dual_cluster
6,0.65,0.05,1.0,0.9165593770585981,dual_cluster
6,0.675,0.05,1.0,0.9208062652356866,dual_cluster
6,0.7,0.05,1.0,0.9247998250065892,dual_cluster
6,0.725,0.05,1.0,0.9285685847480079,dual_cluster
6,0.75,0.05,1.0,0.9321322749164549,dual_cluster
6,0.7749999999999999,0.05,1.0,0.9355044402747281,dual_cluster
6,0.8,0.05,1.0,0.9386946783762881,dual_cluster
6,0.825,0.05,1.0,0.9417103500168799,dual_cluster
6,0.85,0.05,1.0,0.9445577980479828,dual_cluster
6,0.875,0.05,1.0,0.9472431323127068,dual_cluster
6,0.8999999999999999,0.05,1.0,0.9497726627459857,dual_cluster
6,0.9249999999999999,0.05,1.0,0.952153074103,dual_cluster
6,0.95,0.05,1.0,0.95439143148429,dual_cluster
6,0.975,0.05,1.0,0.9564950904565939,dual_cluster
6,1.0,0.05,1.0,0.9584715658022311,dual_cluster
6,1.025,0.05,1.0,0.960328394038408,dual_cluster
6,1.0499999999999998,0.05,1.0,0.962073009636404,dual_cluster
6,1.075,0.05,1.0,0.9637126440769412,dual_cluster
6,1.1,0.05,1.0,0.9652542500295637,dual_cluster
6,1.125,0.05,1.0,0.9667044490970423,dual_cluster
6,1.15,0.05,1.0,0.9680694997568621,dual_cluster
6,1.1749999999999998,0.05,1.0,0.969355281575948,dual_cluster
6,1.2,0.05,1.0,0.9705672919113201,dual_cluster
7,0.4,0.05,1.0,0.8382674442032761,dual_cluster
7,0.42500000000000004,0.05,1.0,0.8396528535266942,dual_cluster
7,0.45,0.05,1.0,0.8539710743399457,dual_cluster
7,0.47500000000000003,0.05,1.0,0.8775787701341756,dual_cluster
7,0.5,0.05,1.0,0.9046648478805484,dual_cluster
7,0.525,0.05,1.0,0.9254017863614049,dual_cluster
7,0.55,0.05,1.0,0.9293840166091855,dual_cluster
7,0.575,0.05,1.0,0.910034868753126,dual_cluster
7,0.6,0.05,1.0,0.8900276542693834,dual_cluster
7,0.625,0.05,1.0,0.9110075712281889,dual_cluster
7,0.65,0.05,1.0,0.9154640693969862,dual_cluster
7,0.675,0.05,1.0,0.9199336503994426,dual_cluster
7,0.7,0.05,1.0,0.9241377623094805,dual_cluster
7,0.725,0.05,1.0,0.9281026872841853,dual_cluster
7,0.75,0.05,1.0,0.931845939235756,dual_cluster
7,0.7749999999999999,0.05,1.0,0.9353793929476755,dual_cluster
7,0.8,0.05,1.0,0.938711743722626,dual_cluster
7,0.825,0.05,1.0,0.9418502726850686,dual_cluster
7,0.85,0.05,1.0,0.9448019824578812,dual_cluster
7,0.875,0.05,1.0,0.9475742136150859,dual_cluster
7,0.8999999999999999,0.05,1.0,0.9501748791872568,dual_cluster
7,0.9249999999999999,0.05,1.0,0.9526124529779594,dual_cluster
7,0.95,0.05,1.0,0.954895824664947,dual_cluster
7,0.975,0.05,1.0,0.95703410305913,dual_cluster
7,1.0,0.05,1.0,0.9590364185294457,dual_cluster
7,1.025,0.05,1.0,0.9609117516668256,dual_cluster
7,1.0499999999999998,0.05,1.0,0.962668798926075,dual_cluster
7,1.075,0.05,1.0,0.9643158761992718,dual_cluster
7,1.1,0.05,1.0,0.9658608562432006,dual_cluster
7,1.125,0.05,1.0,0.9673111338976864,dual_cluster
7,1.15,0.05,1.0,0.9686736127844114,dual_cluster
7,1.1749999999999998,0.05,1.0,0.9699547077913815,dual_cluster
7,1.2,0.05,1.0,0.971160358597433,dual_cluster
8,0.4,0.05,1.0,0.8553007040843269,dual_cluster
8,0.42500000000000004,0.05,1.0,0.8804199094764541,dual_cluster
8,0.45,0.05,1.0,0.857382907208693,dual_cluster
8,0.47500000000000003,0.05,1.0,0.8481075195941613,dual_cluster
8,0.5,0.05,1.0,0.8480961935853306,dual_cluster
8,0.525,0.05,1.0,0.8497553188617393,dual_cluster
8,0.55,0.05,1.0,0.855498014596786,dual_cluster
8,0.575,0.05,1.0,0.9378466003021692,dual_cluster
8,0.6,0.05,1.0,0.8889184608710029,dual_cluster
8,0.625,0.05,1.0,0.9070033074674799,dual_cluster
8,0.65,0.05,1.0,0.9107529293746804,dual_cluster
8,0.675,0.05,1.0,0.9155532225822732,dual_cluster
8,0.7,0.05,1.0,0.9200421515274455,dual_cluster
8,0.725,0.05,1.0,0.9242562925732164,dual_cluster
8,0.75,0.05,1.0,0.9282209356631445,dual_cluster
8,0.7749999999999999,0.05,1.0,0.9319538466362777,dual_cluster
8,0.8,0.05,1.0,0.9354681123889066,dual_cluster
8,0.825,0.05,1.0,0.9387742219759913,dual_cluster
8,0.85,0.05,1.0,0.9418814783853815,dual_cluster
8,0.875,0.05,1.0,0.9447988551858743,dual_cluster
8,0.8999999999999999,0.05,1.0,0.9475354303291944,dual_cluster
8,0.9249999999999999,0.05,1.0,0.9501005296329209,dual_cluster
8,0.95,0.05,1.0,0.9525036948938344,dual_cluster
8,0.975,0.05,1.0,0.9547545642450372,dual_cluster
8,1.0,0.05,1.0,0.9568627238886103,dual_cluster
8,1.025,0.05,1.0,0.9588375662381263,dual_cluster
8,1.0499999999999998,0.05,1.0,0.9606881718659451,dual_cluster
8,1.075,0.05,1.0,0.9624232212073565,dual_cluster
8,1.1,0.05,1.0,0.964050935404796,dual_cluster
8,1.125,0.05,1.0,0.9655790424673049,dual_cluster
8,1.15,0.05,1.0,0.9670147637925433,dual_cluster
8,1.1749999999999998,0.05,1.0,0.9683648161241231,dual_cluster
8,1.2,0.05,1.0,0.9696354245938776,dual_cluster
9,0.4,0.05,1.0,0.7967028227832647,dual_cluster
9,0.42500000000000004,0.05,1.0,0.8812272540343977,dual_cluster
9,0.45,0.05,1.0,0.8457095335317397,dual_cluster
9,0.47500000000000003,0.05,1.0,0.9113533527591196,dual_cluster
9,0.5,0.05,1.0,0.8535207865874829,dual_cluster
9,0.525,0.05,1.0,0.9486146330734485,absorbed
9,0.55,0.05,1.0,0.9011919223992755,dual_cluster
9,0.575,0.05,1.0,0.934413958661338,dual_cluster
9,0.6,0.05,1.0,0.8868745312311914,dual_cluster
9,0.625,0.05,1.0,0.9053956651810167,dual_cluster
9,0.65,0.05,1.0,0.9139551253240389,dual_cluster
9,0.675,0.05,1.0,0.9183796013050233,dual_cluster
9,0.7,0.05,1.0,0.922533564822427,dual_cluster
9,0.725,0.05,1.0,0.9264515713445399,dual_cluster
9,0.75,0.05,1.0,0.9301546908275036,dual_cluster
9,0.7749999999999999,0.05,1.0,0.9336572602467664,dual_cluster
9,0.8,0.05,1.0,0.9369693493113067,dual_cluster
9,0.825,0.05,1.0,0.9400986332099451,dual_cluster
9,0.85,0.05,1.0,0.9430517203285883,dual_cluster
9,0.875,0.05,1.0,0.9458350013173039,dual_cluster
9,0.8999999999999999,0.05,1.0,0.9484551115949797,dual_cluster
9,0.9249999999999999,0.05,1.0,0.9509191115559158,dual_cluster
9,0.95,0.05,1.0,0.9532344835493771,dual_cluster
9,0.975,0.05,1.0,0.955409027179024,dual_cluster
9,1.0,0.05,1.0,0.9574507121462031,dual_cluster
9,1.025,0.05,1.0,0.9593675266960815,dual_cluster
9,1.0499999999999998,0.05,1.0,0.9611673428420321,dual_cluster
9,1.075,0.05,1.0,0.9628578077020031,dual_cluster
9,1.1,0.05,1.0,0.9644462628805499,dual_cluster
9,1.125,0.05,1.0,0.9659396897648723,dual_cluster
9,1.15,0.05,1.0,0.9673446767686027,dual_cluster
9,1.1749999999999998,0.05,1.0,0.9686674040697932,dual_cluster
9,1.2,0.05,1.0,0.9699136416285006,dual_cluster
10,0.4,0.05,1.0,0.8856238003075493,dual_cluster
10,0.42500000000000004,0.05,1.0,0.8311229646469647,dual_cluster
10,0.45,0.05,1.0,0.9259568893151755,dual_cluster
10,0.47500000000000003,0.05,1.0,0.8726735669000344,dual_cluster
10,0.5,0.05,1.0,0.8629918990338743,dual_cluster
10,0.525,0.05,1.0,0.9427323783769892,dual_cluster
10,0.55,0.05,1.0,0.8852545078790182,dual_cluster
10,0.575,0.05,1.0,0.9420061054018151,dual_cluster
10,0.6,0.05,1.0,0.909431741352867,dual_cluster
10,0.625,0.05,1.0,0.9128089603909321,dual_cluster
10,0.65,0.05,1.0,0.9177101250681958,dual_cluster
10,0.675,0.05,1.0,0.9218603809545733,dual_cluster
10,0.7,0.05,1.0,0.9257768352137705,dual_cluster
10,0.725,0.05,1.0,0.929483395335182,dual_cluster
10,0.75,0.05,1.0,0.9329957402734441,dual_cluster
10,0.7749999999999999,0.05,1.0,0.9363243005807944,dual_cluster
10,0.8,0.05,1.0,0.9394763709408511,dual_cluster
10,0.825,0.05,1.0,0.942457680574351,dual_cluster
10,0.85,0.05,1.0,0.9452734678219756,dual_cluster
10,0.875,0.05,1.0,0.9479291297856848,dual_cluster
10,0.8999999999999999,0.05,1.0,0.9504305391542145,dual_cluster
10,0.9249999999999999,0.05,1.0,0.9527841264878617,dual_cluster
10,0.95,0.05,1.0,0.9549968171446923,dual_cluster
10,0.975,0.05,1.0,0.9570758935780673,dual_cluster
10,1.0,0.05,1.0,0.9590288326662177,dual_cluster
10,1.025,0.05,1.0,0.9608631488126864,dual_cluster
10,1.0499999999999998,0.05,1.0,0.9625862589891433,dual_cluster
10,1.075,0.05,1.0,0.964205375964267,dual_cluster
10,1.1,0.05,1.0,0.9657274299396397,dual_cluster
10,1.125,0.05,1.0,0.9671590156408879,dual_cluster
10,1.15,0.05,1.0,0.9685063606039563,dual_cluster
10,1.1749999999999998,0.05,1.0,0.96977531018862,dual_cluster
10,1.2,0.05,1.0,0.9709713252178809,dual_cluster
11,0.4,0.05,1.0,0.8928832141690953,dual_cluster
11,0.42500000000000004,0.05,1.0,0.8266737716168299,dual_cluster
11,0.45,0.05,1.0,0.9161316447374322,dual_cluster
11,0.47500000000000003,0.05,1.0,0.8432320336035477,dual_cluster
11,0.5,0.05,1.0,0.9329568714782782,dual_cluster
11,0.525,0.05,1.0,0.8627949883909772,dual_cluster
11,0.55,0.05,1.0,0.9308624816777868,dual_cluster
11,0.575,0.05,1.0,0.9254928900733176,dual_cluster
11,0.6,0.05,1.0,0.8901606703234434,dual_cluster
11,0.625,0.05,1.0,0.9110988772863391,dual_cluster
11,0.65,0.05,1.0,0.9160640186948995,dual_cluster
11,0.675,0.05,1.0,0.9203343817118715,dual_cluster
11,0.7,0.05,1.0,0.9243539498160287,dual_cluster
11,0.725,0.05,1.0,0.928150247876213,dual_cluster
11,0.75,0.05,1.0,0.9317418263202037,dual_cluster
11,0.7749999999999999,0.05,1.0,0.9351413741771692,dual_cluster
11,0.8,0.05,1.0,0.9383579024254274,dual_cluster
11,0.825,0.05,1.0,0.9413984011035731,dual_cluster
11,0.85,0.05,1.0,0.9442690086994444,dual_cluster
11,0.875,0.05,1.0,0.9469757535125478,dual_cluster
11,0.8999999999999999,0.05,1.0,0.9495249502182216,dual_cluster
11,0.9249999999999999,0.05,1.0,0.9519233454053141,dual_cluster
11,0.95,0.05,1.0,0.9541781008326223,dual_cluster
11,0.975,0.05,1.0,0.9562966873091738,dual_cluster
11,1.0,0.05,1.0,0.9582867421282867,dual_cluster
11,1.025,0.05,1.0,0.9601559240871378,dual_cluster
11,1.0499999999999998,0.05,1.0,0.9619117850297464,dual_cluster
11,1.075,0.05,1.0,0.9635616662313472,dual_cluster
11,1.1,0.05,1.0,0.9651126212759337,dual_cluster
11,1.125,0.05,1.0,0.966571363396116,dual_cluster
11,1.15,0.05,1.0,0.9679442335704204,dual_cluster
11,1.1749999999999998,0.05,1.0,0.9692371852215033,dual_cluster
11,1.2,0.05,1.0,0.9704557815723058,dual_cluster
12,0.4,0.05,1.0,0.8191213339593391,dual_cluster
12,0.42500000000000004,0.05,1.0,0.8756062458808798,dual_cluster
12,0.45,0.05,1.0,0.9138453159034029,dual_cluster
12,0.47500000000000003,0.05,1.0,0.8810050272050111,dual_cluster
12,0.5,0.05,1.0,0.8538641928523621,dual_cluster
12,0.525,0.05,1.0,0.9464052253764823,dual_cluster
12,0.55,0.05,1.0,0.8898546278023834,dual_cluster
12,0.575,0.05,1.0,0.916184937737398,dual_cluster
12,0.6,0.05,1.0,0.9073686654261651,dual_cluster
12,0.625,0.05,1.0,0.9117679978393847,dual_cluster
12,0.65,0.05,1.0,0.916722021535424,dual_cluster
12,0.675,0.05,1.0,0.9213584292018461,dual_cluster
12,0.7,0.05,1.0,0.9257115967523789,dual_cluster
12,0.725,0.05,1.0,0.9298039860721504,dual_cluster
12,0.75,0.05,1.0,0.933650720354881,dual_cluster
12,0.7749999999999999,0.05,1.0,0.9372629220946868,dual_cluster
12,0.8,0.05,1.0,0.9406500338816419,dual_cluster
12,0.825,0.05,1.0,0.9438212448543162,dual_cluster
12,0.85,0.05,1.0,0.9467862057548551,dual_cluster
12,0.875,0.05,1.0,0.9495552452545932,dual_cluster
12,0.8999999999999999,0.05,1.0,0.9521392864537612,dual_cluster
12,0.9249999999999999,0.05,1.0,0.9545496195494646,dual_cluster
12,0.95,0.05,1.0,0.9567976353793131,dual_cluster
12,0.975,0.05,1.0,0.958894579584941,dual_cluster
12,1.0,0.05,1.0,0.9608513545312746,dual_cluster
12,1.025,0.05,1.0,0.9626783757895999,dual_cluster
12,1.0499999999999998,0.05,1.0,0.9643854791440827,dual_cluster
12,1.075,0.05,1.0,0.965981869472872,dual_cluster
12,1.1,0.05,1.0,0.967476101846221,dual_cluster
12,1.125,0.05,1.0,0.9688760859710779,dual_cluster
12,1.15,0.05,1.0,0.9701891066058771,dual_cluster
12,1.1749999999999998,0.05,1.0,0.9714218541844338,dual_cluster
12,1.2,0.05,1.0,0.9725804613494764,dual_cluster
13,0.4,0.05,1.0,0.8350296315704059,dual_cluster
13,0.42500000000000004,0.05,1.0,0.9247280062592885,absorbed
13,0.45,0.05,1.0,0.8563377951065935,dual_cluster
13,0.47500000000000003,0.05,1.0,0.9410223362346154,absorbed
13,0.5,0.05,1.0,0.8976873538437604,dual_cluster
13,0.525,0.05,1.0,0.8834062281739342,fragmented
13,0.55,0.05,1.0,0.9060000338386776,dual_cluster
13,0.575,0.05,1.0,0.9400468254546589,dual_cluster
13,0.6,0.05,1.0,0.9283835567212901,dual_cluster
13,0.625,0.05,1.0,0.9149901468448816,dual_cluster
13,0.65,0.05,1.0,0.9191344668810152,dual_cluster
13,0.675,0.05,1.0,0.923220659172707,dual_cluster
13,0.7,0.05,1.0,0.9270772721936203,dual_cluster
13,0.725,0.05,1.0,0.9307268095791872,dual_cluster
13,0.75,0.05,1.0,0.9341842614914659,dual_cluster
13,0.7749999999999999,0.05,1.0,0.9374597048636624,dual_cluster
13,0.8,0.05,1.0,0.9405603042414331,dual_cluster
13,0.825,0.05,1.0,0.943491796473917,dual_cluster
13,0.85,0.05,1.0,0.9462595002812232,dual_cluster
13,0.875,0.05,1.0,0.9488689188222451,dual_cluster
13,0.8999999999999999,0.05,1.0,0.9513260251452726,dual_cluster
13,0.9249999999999999,0.05,1.0,0.9536373261727018,dual_cluster
13,0.95,0.05,1.0,0.9558097913593253,dual_cluster
13,0.975,0.05,1.0,0.957850713676084,dual_cluster
13,1.0,0.05,1.0,0.9597675498740936,dual_cluster
13,1.025,0.05,1.0,0.9615677686679388,dual_cluster
13,1.0499999999999998,0.05,1.0,0.963258721557206,dual_cluster
13,1.075,0.05,1.0,0.9648475416382669,dual_cluster
13,1.1,0.05,1.0,0.9663410701580819,dual_cluster
13,1.125,0.05,1.0,0.9677458076734686,dual_cluster
13,1.15,0.05,1.0,0.9690678855428638,dual_cluster
13,1.1749999999999998,0.05,1.0,0.9703130533610685,dual_cluster
13,1.2,0.05,1.0,0.9714866783528814,dual_cluster
14,0.4,0.05,1.0,0.7926398276647434,dual_cluster
14,0.42500000000000004,0.05,1.0,0.812586076258438,dual_cluster
14,0.45,0.05,1.0,0.8288659989987359,dual_cluster
14,0.47500000000000003,0.05,1.0,0.8493688963320699,dual_cluster
14,0.5,0.05,1.0,0.8681493316113141,dual_cluster
14,0.525,0.05,1.0,0.8746353942585279,dual_cluster
14,0.55,0.05,1.0,0.86597261406302,dual_cluster
14,0.575,0.05,1.0,0.9280268649852158,dual_cluster
14,0.6,0.05,1.0,0.8986602504777249,dual_cluster
14,0.625,0.05,1.0,0.9088053748042022,dual_cluster
14,0.65,0.05,1.0,0.9138797358215508,dual_cluster
14,0.675,0.05,1.0,0.9186040673674503,dual_cluster
14,0.7,0.05,1.0,0.9230216333761223,dual_cluster
14,0.725,0.05,1.0,0.927164379880087,dual_cluster
14,0.75,0.05,1.0,0.9310547583255373,dual_cluster
14,0.7749999999999999,0.05,1.0,0.9347091557921856,dual_cluster
14,0.8,0.05,1.0,0.9381404128368768,dual_cluster
14,0.825,0.05,1.0,0.9413595611482719,dual_cluster
14,0.85,0.05,1.0,0.9443769142126441,dual_cluster
14,0.875,0.05,1.0,0.9472026582599977,dual_cluster
14,0.8999999999999999,0.05,1.0,0.949847092270699,dual_cluster
14,0.9249999999999999,0.05,1.0,0.952320648957204,dual_cluster
14,0.95,0.05,1.0,0.9546337997067819,dual_cluster
14,0.975,0.05,1.0,0.9567969147093444,dual_cluster
14,1.0,0.05,1.0,0.9588201216719849,dual_cluster
14,1.025,0.05,1.0,0.9607131856299488,dual_cluster
14,1.0499999999999998,0.05,1.0,0.9624854185221919,dual_cluster
14,1.075,0.05,1.0,0.9641456190802512,dual_cluster
14,1.1,0.05,1.0,0.9657020394854656,dual_cluster
14,1.125,0.05,1.0,0.9671623736856547,dual_cluster
14,1.15,0.05,1.0,0.9685337621219324,dual_cluster
14,1.1749999999999998,0.05,1.0,0.9698228081717171,dual_cluster
14,1.2,0.05,1.0,0.9710356024303392,dual_cluster
15,0.4,0.05,1.0,0.8090149465152232,dual_cluster
15,0.42500000000000004,0.05,1.0,0.8965656808415237,dual_cluster
15,0.45,0.05,1.0,0.8358162421511814,dual_cluster
15,0.47500000000000003,0.05,1.0,0.9355748079222546,absorbed
15,0.5,0.05,1.0,0.8890458920066473,dual_cluster
15,0.525,0.05,1.0,0.8737378766422528,fragmented
15,0.55,0.05,1.0,0.9022599344767507,dual_cluster
15,0.575,0.05,1.0,0.9340759062412997,dual_cluster
15,0.6,0.05,1.0,0.9227199118473804,dual_cluster
15,0.625,0.05,1.0,0.9109701077795042,dual_cluster
15,0.65,0.05,1.0,0.9154994959740103,dual_cluster
15,0.675,0.05,1.0,0.9198733857251349,dual_cluster
15,0.7,0.05,1.0,0.9239816744684269,dual_cluster
15,0.725,0.05,1.0,0.9278528749827473,dual_cluster
15,0.75,0.05,1.0,0.9315067909139647,dual_cluster
15,0.7749999999999999,0.05,1.0,0.9349574244642576,dual_cluster
15,0.8,0.05,1.0,0.9382151751364914,dual_cluster
15,0.825,0.05,1.0,0.9412884507489646,dual_cluster
15,0.85,0.05,1.0,0.9441847689964302,dual_cluster
15,0.875,0.05,1.0,0.9469114367582431,dual_cluster
15,0.8999999999999999,0.05,1.0,0.9494759041752512,dual_cluster
15,0.9249999999999999,0.05,1.0,0.9518858901645363,dual_cluster
15,0.95,0.05,1.0,0.9541493645429059,dual_cluster
15,0.975,0.05,1.0,0.9562744536277956,dual_cluster
15,1.0,0.05,1.0,0.9582693163612297,dual_cluster
15,1.025,0.05,1.0,0.9601420204592146,dual_cluster
15,1.0499999999999998,0.05,1.0,0.9619004345848814,dual_cluster
15,1.075,0.05,1.0,0.963552143264328,dual_cluster
15,1.1,0.05,1.0,0.9651043855437625,dual_cluster
15,1.125,0.05,1.0,0.9665640152850765,dual_cluster
15,1.15,0.05,1.0,0.9679374796313732,dual_cluster
15,1.1749999999999998,0.05,1.0,0.9692308118524443,dual_cluster
15,1.2,0.05,1.0,0.970449635019665,dual_cluster
16,0.4,0.05,1.0,0.9041602632213748,dual_cluster
16,0.42500000000000004,0.05,1.0,0.8978439499101369,dual_cluster
16,0.45,0.05,1.0,0.8679469216914332,dual_cluster
16,0.47500000000000003,0.05,1.0,0.8531374048939983,dual_cluster
16,0.5,0.05,1.0,0.8624115918621191,dual_cluster
16,0.525,0.05,1.0,0.9517684837733169,dual_cluster
16,0.55,0.05,1.0,0.9041627566586903,dual_cluster
16,0.575,0.05,1.0,0.9330463711066843,dual_cluster
16,0.6,0.05,1.0,0.9099214287750746,dual_cluster
16,0.625,0.05,1.0,0.9151978553730985,dual_cluster
16,0.65,0.05,1.0,0.9198089562398009,dual_cluster
16,0.675,0.05,1.0,0.9241532218089912,dual_cluster
16,0.7,0.05,1.0,0.9282561401409875,dual_cluster
16,0.725,0.05,1.0,0.9321327593580409,dual_cluster
16,0.75,0.05,1.0,0.9357922365380753,dual_cluster
16,0.7749999999999999,0.05,1.0,0.9392408375250257,dual_cluster
16,0.8,0.05,1.0,0.9424840432349715,dual_cluster
16,0.825,0.05,1.0,0.9455278208166934,dual_cluster
16,0.85,0.05,1.0,0.9483792106809541,dual_cluster
16,0.875,0.05,1.0,0.9510464307608757,dual_cluster
16,0.8999999999999999,0.05,1.0,0.9535386952032412,dual_cluster
16,0.9249999999999999,0.05,1.0,0.9558659042488168,dual_cluster
16,0.95,0.05,1.0,0.9580383101082527,dual_cluster
16,0.975,0.05,1.0,0.9600662174070966,dual_cluster
16,1.0,0.05,1.0,0.9619597433233249,dual_cluster
16,1.025,0.05,1.0,0.9637286419516937,dual_cluster
16,1.0499999999999998,0.05,1.0,0.9653821867220236,dual_cluster
16,1.075,0.05,1.0,0.9669291004213584,dual_cluster
16,1.1,0.05,1.0,0.9683775217352212,dual_cluster
16,1.125,0.05,1.0,0.9697349983504325,dual_cluster
16,1.15,0.05,1.0,0.971008498434629,dual_cluster
16,1.1749999999999998,0.05,1.0,0.97220443413726,dual_cluster
16,1.2,0.05,1.0,0.9733286923779139,dual_cluster
17,0.4,0.05,1.0,0.880035098246516,dual_cluster
17,0.42500000000000004,0.05,1.0,0.9100203425763894,dual_cluster
17,0.45,0.05,1.0,0.8951619121643293,dual_cluster
17,0.47500000000000003,0.05,1.0,0.8410258965694045,dual_cluster
17,0.5,0.05,1.0,0.8888574155410011,dual_cluster
17,0.525,0.05,1.0,0.9368216454396469,dual_cluster
17,0.55,0.05,1.0,0.9489316748005037,absorbed
17,0.575,0.05,1.0,0.898255664095522,dual_cluster
17,0.6,0.05,1.0,0.9321986052428382,dual_cluster
17,0.625,0.05,1.0,0.9108519508297387,dual_cluster
17,0.65,0.05,1.0,0.9144507887558233,dual_cluster
17,0.675,0.05,1.0,0.9187884510683204,dual_cluster
17,0.7,0.05,1.0,0.9228599241753765,dual_cluster
17,0.725,0.05,1.0,0.9266971978660848,dual_cluster
17,0.75,0.05,1.0,0.9303224461672334,dual_cluster
17,0.7749999999999999,0.05,1.0,0.9337512121597686,dual_cluster
17,0.8,0.05,1.0,0.93699468357564,dual_cluster
17,0.825,0.05,1.0,0.9400614186342928,dual_cluster
17,0.85,0.05,1.0,0.9429585908455589,dual_cluster
17,0.875,0.05,1.0,0.9456928210420482,dual_cluster
17,0.8999999999999999,0.05,1.0,0.9482706739510083,dual_cluster
17,0.9249999999999999,0.05,1.0,0.9506989019831646,dual_cluster
17,0.95,0.05,1.0,0.9529845152527767,dual_cluster
17,0.975,0.05,1.0,0.9551347452097988,dual_cluster
17,1.0,0.05,1.0,0.9571569535412506,dual_cluster
17,1.025,0.05,1.0,0.9590585220580301,dual_cluster
17,1.0499999999999998,0.05,1.0,0.9608467456485317,dual_cluster
17,1.075,0.05,1.0,0.9625287400770579,dual_cluster
17,1.1,0.05,1.0,0.9641113693920599,dual_cluster
17,1.125,0.05,1.0,0.9656011934041353,dual_cluster
17,1.15,0.05,1.0,0.9670044333635307,dual_cluster
17,1.1749999999999998,0.05,1.0,0.9683269529447667,dual_cluster
17,1.2,0.05,1.0,0.9695742514143816,dual_cluster
18,0.4,0.05,1.0,0.8001052552146961,dual_cluster
18,0.42500000000000004,0.05,1.0,0.8057471550534477,dual_cluster
18,0.45,0.05,1.0,0.8204340908233804,dual_cluster
18,0.47500000000000003,0.05,1.0,0.8325177177187377,dual_cluster
18,0.5,0.05,1.0,0.8560577022584261,dual_cluster
18,0.525,0.05,1.0,0.8814535306101902,dual_cluster
18,0.55,0.05,1.0,0.8951443040693869,dual_cluster
18,0.575,0.05,1.0,0.8886349939627455,dual_cluster
18,0.6,0.05,1.0,0.8840723767349677,dual_cluster
18,0.625,0.05,1.0,0.9076619714071098,dual_cluster
18,0.65,0.05,1.0,0.9116016988892004,dual_cluster
18,0.675,0.05,1.0,0.9163735760744511,dual_cluster
18,0.7,0.05,1.0,0.9208422453933773,dual_cluster
18,0.725,0.05,1.0,0.925041608047698,dual_cluster
18,0.75,0.05,1.0,0.9289948332974066,dual_cluster
18,0.7749999999999999,0.05,1.0,0.9327179502451048,dual_cluster
18,0.8,0.05,1.0,0.9362227207764992,dual_cluster
18,0.825,0.05,1.0,0.9395187199909157,dual_cluster
18,0.85,0.05,1.0,0.9426147091396131,dual_cluster
18,0.875,0.05,1.0,0.9455194243325052,dual_cluster
18,0.8999999999999999,0.05,1.0,0.9482419300512261,dual_cluster
18,0.9249999999999999,0.05,1.0,0.9507916853677428,dual_cluster
18,0.95,0.05,1.0,0.9531784474646431,dual_cluster
18,0.975,0.05,1.0,0.9554121037117607,dual_cluster
18,1.0,0.05,1.0,0.9575024908200078,dual_cluster
18,1.025,0.05,1.0,0.9594592333250408,dual_cluster
18,1.0499999999999998,0.05,1.0,0.961291615411302,dual_cluster
18,1.075,0.05,1.0,0.963008488929545,dual_cluster
18,1.1,0.05,1.0,0.9646182145360392,dual_cluster
18,1.125,0.05,1.0,0.9661286303616172,dual_cluster
18,1.15,0.05,1.0,0.9675470420783419,dual_cluster
18,1.1749999999999998,0.05,1.0,0.9688802287022364,dual_cluster
18,1.2,0.05,1.0,0.9701344593590642,dual_cluster
19,0.4,0.05,1.0,0.8679857204708017,dual_cluster
19,0.42500000000000004,0.05,1.0,0.8239211972623158,dual_cluster
19,0.45,0.05,1.0,0.8705159643911394,dual_cluster
19,0.47500000000000003,0.05,1.0,0.9344052012451605,dual_cluster
19,0.5,0.05,1.0,0.8519492289937234,dual_cluster
19,0.525,0.05,1.0,0.8880542115682557,dual_cluster
19,0.55,0.05,1.0,0.914272354693458,dual_cluster
19,0.575,0.05,1.0,0.9086687078772295,dual_cluster
19,0.6,0.05,1.0,0.8992651895234248,dual_cluster
19,0.625,0.05,1.0,0.9123197435594826,dual_cluster
19,0.65,0.05,1.0,0.9170134726836212,dual_cluster
19,0.675,0.05,1.0,0.9214290632924717,dual_cluster
19,0.7,0.05,1.0,0.9255870452530662,dual_cluster
19,0.725,0.05,1.0,0.9295100628719634,dual_cluster
19,0.75,0.05,1.0,0.933213016999613,dual_cluster
19,0.7749999999999999,0.05,1.0,0.9367061477077863,dual_cluster
19,0.8,0.05,1.0,0.9399973208907424,dual_cluster
19,0.825,0.05,1.0,0.9430935845938166,dual_cluster
19,0.85,0.05,1.0,0.9460020980958126,dual_cluster
19,0.875,0.05,1.0,0.9487305727055458,dual_cluster
19,0.8999999999999999,0.05,1.0,0.9512873750506887,dual_cluster
19,0.9249999999999999,0.05,1.0,0.953681429016368,dual_cluster
19,0.95,0.05,1.0,0.9559220218509142,dual_cluster
19,0.975,0.05,1.0,0.9580185855865617,dual_cluster
19,1.0,0.05,1.0,0.959980495123962,dual_cluster
19,1.025,0.05,1.0,0.9618169024659942,dual_cluster
19,1.0499999999999998,0.05,1.0,0.9635366125850932,dual_cluster
19,1.075,0.05,1.0,0.9651479986043774,dual_cluster
19,1.1,0.05,1.0,0.9666589503895396,dual_cluster
19,1.125,0.05,1.0,0.968076849615359,dual_cluster
19,1.15,0.05,1.0,0.9694085646966047,dual_cluster
19,1.1749999999999998,0.05,1.0,0.9706604599024741,dual_cluster
19,1.2,0.05,1.0,0.9718384140736027,dual_cluster
0,0.4,0.05,1.5,0.8897743798113205,dual_cluster
0,0.42500000000000004,0.05,1.5,0.8899568618171827,dual_cluster
0,0.45,0.05,1.5,0.8477477098680174,dual_cluster
0,0.47500000000000003,0.05,1.5,0.9324695544322272,dual_cluster
0,0.5,0.05,1.5,0.8534573618831626,dual_cluster
0,0.525,0.05,1.5,0.9322720896394887,dual_cluster
0,0.55,0.05,1.5,0.8605392217077803,dual_cluster
0,0.575,0.05,1.5,0.8920629292472245,dual_cluster
0,0.6,0.05,1.5,0.9041205021355361,dual_cluster
0,0.625,0.05,1.5,0.9099510548308776,dual_cluster
0,0.65,0.05,1.5,0.9158035546106914,dual_cluster
0,0.675,0.05,1.5,0.920067184913882,dual_cluster
0,0.7,0.05,1.5,0.9240765420078422,dual_cluster
0,0.725,0.05,1.5,0.9278610637692323,dual_cluster
0,0.75,0.05,1.5,0.9314405658812084,dual_cluster
0,0.7749999999999999,0.05,1.5,0.9348287100494043,dual_cluster
0,0.8,0.05,1.5,0.9380352002369272,dual_cluster
0,0.825,0.05,1.5,0.9410674647120185,dual_cluster
0,0.85,0.05,1.5,0.9439318622791517,dual_cluster
0,0.875,0.05,1.5,0.9466344682734034,dual_cluster
0,0.8999999999999999,0.05,1.5,0.9491815177316852,dual_cluster
0,0.9249999999999999,0.05,1.5,0.9515795941717254,dual_cluster
0,0.95,0.05,1.5,0.9538356491698058,dual_cluster
0,0.975,0.05,1.5,0.9559569241593496,dual_cluster
0,1.0,0.05,1.5,0.9579508275549278,dual_cluster
0,1.025,0.05,1.5,0.9598248024009356,dual_cluster
0,1.0499999999999998,0.05,1.5,0.961586205042228,dual_cluster
0,1.075,0.05,1.5,0.9632422046785869,dual_cluster
0,1.1,0.05,1.5,0.9647997067711555,dual_cluster
0,1.125,0.05,1.5,0.9662652992886082,dual_cluster
0,1.15,0.05,1.5,0.9676452188208051,dual_cluster
0,1.1749999999999998,0.05,1.5,0.9689453328982888,dual_cluster
0,1.2,0.05,1.5,0.9701711348887806,dual_cluster
1,0.4,0.05,1.5,0.8838956598414851,dual_cluster
1,0.42500000000000004,0.05,1.5,0.8612276422272919,dual_cluster
1,0.45,0.05,1.5,0.8505323318267657,dual_cluster
1,0.47500000000000003,0.05,1.5,0.9358957170278439,dual_cluster
1,0.5,0.05,1.5,0.9015665895932813,dual_cluster
1,0.525,0.05,1.5,0.8707547344657813,dual_cluster
1,0.55,0.05,1.5,0.8612622457973836,dual_cluster
1,0.575,0.05,1.5,0.9487943924158158,dual_cluster
1,0.6,0.05,1.5,0.8953351928541736,dual_cluster
1,0.625,0.05,1.5,0.9303580456522081,dual_cluster
1,0.65,0.05,1.5,0.9153606340443515,dual_cluster
1,0.675,0.05,1.5,0.9196298416301918,dual_cluster
1,0.7,0.05,1.5,0.9234664498692333,dual_cluster
1,0.725,0.05,1.5,0.927091863616315,dual_cluster
1,0.75,0.05,1.5,0.9305281989549974,dual_cluster
1,0.7749999999999999,0.05,1.5,0.9337908025108754,dual_cluster
1,0.8,0.05,1.5,0.9368903137325111,dual_cluster
1,0.825,0.05,1.5,0.9398343081328181,dual_cluster
1,0.85,0.05,1.5,0.9426285672959602,dual_cluster
1,0.875,0.05,1.5,0.9452780040919113,dual_cluster
1,0.8999999999999999,0.05,1.5,0.9477872823974023,dual_cluster
1,0.9249999999999999,0.05,1.5,0.9501611839950972,dual_cluster
1,0.95,0.05,1.5,0.9524047826797002,dual_cluster
1,0.975,0.05,1.5,0.9545234844841074,dual_cluster
1,1.0,0.05,1.5,0.9565229850526825,dual_cluster
1,1.025,0.05,1.5,0.9584091838350555,dual_cluster
1,1.0499999999999998,0.05,1.5,0.9601880829902087,dual_cluster
1,1.075,0.05,1.5,0.9618656886296452,dual_cluster
1,1.1,0.05,1.5,0.9634479241231542,dual_cluster
1,1.125,0.05,1.5,0.9649405596818822,dual_cluster
1,1.15,0.05,1.5,0.966349158946626,dual_cluster
1,1.1749999999999998,0.05,1.5,0.9676790413363902,dual_cluster
1,1.2,0.05,1.5,0.9689352579728078,dual_cluster
2,0.4,0.05,1.5,0.7980101603284121,dual_cluster
2,0.42500000000000004,0.05,1.5,0.8950766459266384,dual_cluster
2,0.45,0.05,1.5,0.828423046567442,dual_cluster
2,0.47500000000000003,0.05,1.5,0.9184318237764393,dual_cluster
2,0.5,0.05,1.5,0.910406467755529,dual_cluster
2,0.525,0.05,1.5,0.8692228379573773,dual_cluster
2,0.55,0.05,1.5,0.9353650410987204,dual_cluster
2,0.575,0.05,1.5,0.8951225133562134,dual_cluster
2,0.6,0.05,1.5,0.9138841159980678,dual_cluster
2,0.625,0.05,1.5,0.9066841341970475,dual_cluster
2,0.65,0.05,1.5,0.91192817737619,dual_cluster
2,0.675,0.05,1.5,0.9168458057625626,dual_cluster
2,0.7,0.05,1.5,0.921449093872032,dual_cluster
2,0.725,0.05,1.5,0.9257698127345604,dual_cluster
2,0.75,0.05,1.5,0.9298290724049777,dual_cluster
2,0.7749999999999999,0.05,1.5,0.9336415365313595,dual_cluster
2,0.8,0.05,1.5,0.9372185192185817,dual_cluster
2,0.825,0.05,1.5,0.9405700543318395,dual_cluster
2,0.85,0.05,1.5,0.943706092935343,dual_cluster
2,0.875,0.05,1.5,0.9466370431559219,dual_cluster
2,0.8999999999999999,0.05,1.5,0.9493738771231618,dual_cluster
2,0.9249999999999999,0.05,1.5,0.9519279972655399,dual_cluster
2,0.95,0.05,1.5,0.9543110016410917,dual_cluster
2,0.975,0.05,1.5,0.9565344354947118,dual_cluster
2,1.0,0.05,1.5,0.9586095747893157,dual_cluster
2,1.025,0.05,1.5,0.9605472596472047,dual_cluster
2,1.0499999999999998,0.05,1.5,0.9623577794757431,dual_cluster
2,1.075,0.05,1.5,0.9640508036163887,dual_cluster
2,1.1,0.05,1.5,0.9656353484857628,dual_cluster
2,1.125,0.05,1.5,0.9671197720489251,dual_cluster
2,1.15,0.05,1.5,0.9685117875952352,dual_cluster
2,1.1749999999999998,0.05,1.5,0.9698184903294582,dual_cluster
2,1.2,0.05,1.5,0.9710463918147755,dual_cluster
3,0.4,0.05,1.5,0.8315671904981373,dual_cluster
3,0.42500000000000004,0.05,1.5,0.8817980601686387,dual_cluster
3,0.45,0.05,1.5,0.9193557753088509,absorbed
3,0.47500000000000003,0.05,1.5,0.8345950304212981,dual_cluster
3,0.5,0.05,1.5,0.8872591166633905,dual_cluster
3,0.525,0.05,1.5,0.9358773957511473,dual_cluster
3,0.55,0.05,1.5,0.9358952584865473,dual_cluster
3,0.575,0.05,1.5,0.9178666674710766,dual_cluster
3,0.6,0.05,1.5,0.911407731959479,dual_cluster
3,0.625,0.05,1.5,0.9086039169563733,dual_cluster
3,0.65,0.05,1.5,0.9136882652569038,dual_cluster
3,0.675,0.05,1.5,0.9184266392525718,dual_cluster
3,0.7,0.05,1.5,0.9228616415274168,dual_cluster
3,0.725,0.05,1.5,0.92702461696218,dual_cluster
3,0.75,0.05,1.5,0.9309371022352735,dual_cluster
3,0.7749999999999999,0.05,1.5,0.9346144374659141,dual_cluster
3,0.8,0.05,1.5,0.9380684626629128,dual_cluster
3,0.825,0.05,1.5,0.9413093816389848,dual_cluster
3,0.85,0.05,1.5,0.9443469116362029,dual_cluster
3,0.875,0.05,1.5,0.9471908765157148,dual_cluster
3,0.8999999999999999,0.05,1.5,0.9498514135535331,dual_cluster
3,0.9249999999999999,0.05,1.5,0.9523389462941136,dual_cluster
3,0.95,0.05,1.5,0.9546640408910687,dual_cluster
3,0.975,0.05,1.5,0.9568372248733966,dual_cluster
3,1.0,0.05,1.5,0.9588688143804717,dual_cluster
3,1.025,0.05,1.5,0.9607687720372644,dual_cluster
3,1.0499999999999998,0.05,1.5,0.962546602469446,dual_cluster
3,1.075,0.05,1.5,0.9642112840245662,dual_cluster
3,1.1,0.05,1.5,0.9657712313617267,dual_cluster
3,1.125,0.05,1.5,0.9672342823786427,dual_cluster
3,1.15,0.05,1.5,0.96860770318659,dual_cluster
3,1.1749999999999998,0.05,1.5,0.9698982057222049,dual_cluster
3,1.2,0.05,1.5,0.9711119736480716,dual_cluster
4,0.4,0.05,1.5,0.8068698566542816,dual_cluster
4,0.42500000000000004,0.05,1.5,0.8621128815489143,dual_cluster
4,0.45,0.05,1.5,0.9302474082253941,absorbed
4,0.47500000000000003,0.05,1.5,0.8469646285723591,dual_cluster
4,0.5,0.05,1.5,0.929837475914956,dual_cluster
4,0.525,0.05,1.5,0.8562687884826111,dual_cluster
4,0.55,0.05,1.5,0.9123634335697678,dual_cluster
4,0.575,0.05,1.5,0.9450904663979762,dual_cluster
4,0.6,0.05,1.5,0.9268121956288335,dual_cluster
4,0.625,0.05,1.5,0.9128408980194731,dual_cluster
4,0.65,0.05,1.5,0.9165520329447212,dual_cluster
4,0.675,0.05,1.5,0.9207912984663034,dual_cluster
4,0.7,0.05,1.5,0.9247787280237234,dual_cluster
4,0.725,0.05,1.5,0.9285429624933346,dual_cluster
4,0.75,0.05,1.5,0.9321034512738231,dual_cluster
4,0.7749999999999999,0.05,1.5,0.9354734732989363,dual_cluster
4,0.8,0.05,1.5,0.9386623854396302,dual_cluster
4,0.825,0.05,1.5,0.9416773426270202,dual_cluster
4,0.85,0.05,1.5,0.9445245211211106,dual_cluster
4,0.875,0.05,1.5,0.9472099023441944,dual_cluster
4,0.8999999999999999,0.05,1.5,0.9497397010949429,dual_cluster
4,0.9249999999999999,0.05,1.5,0.9521205337517645,dual_cluster
4,0.95,0.05,1.5,0.9543594172662255,dual_cluster
4,0.975,0.05,1.5,0.9564636736525206,dual_cluster
4,1.0,0.05,1.5,0.958440794323196,dual_cluster
4,1.025,0.05,1.5,0.9602982993718114,dual_cluster
4,1.0499999999999998,0.05,1.5,0.9620436115302107,dual_cluster
4,1.075,0.05,1.5,0.9636839536973536,dual_cluster
4,1.1,0.05,1.5,0.9652262721129949,dual_cluster
4,1.125,0.05,1.5,0.9666771834488757,dual_cluster
4,1.15,0.05,1.5,0.9680429423276705,dual_cluster
4,1.1749999999999998,0.05,1.5,0.9693294252624292,dual_cluster
4,1.2,0.05,1.5,0.9705421271743678,dual_cluster
5,0.4,0.05,1.5,0.8576698846917431,dual_cluster
5,0.42500000000000004,0.05,1.5,0.9066184419840264,dual_cluster
5,0.45,0.05,1.5,0.9237644212925716,dual_cluster
5,0.47500000000000003,0.05,1.5,0.8484174345573026,dual_cluster
5,0.5,0.05,1.5,0.8934392696561251,dual_cluster
5,0.525,0.05,1.5,0.9334267093004525,dual_cluster
5,0.55,0.05,1.5,0.9473731708331056,dual_cluster
5,0.575,0.05,1.5,0.9379406100237356,dual_cluster
5,0.6,0.05,1.5,0.9129187557373636,dual_cluster
5,0.625,0.05,1.5,0.9139053011869993,dual_cluster
5,0.65,0.05,1.5,0.9183741317794879,dual_cluster
5,0.675,0.05,1.5,0.9225110369894995,dual_cluster
5,0.7,0.05,1.5,0.9264011873494454,dual_cluster
5,0.725,0.05,1.5,0.930071429934915,dual_cluster
5,0.75,0.05,1.5,0.9335405542781648,dual_cluster
5,0.7749999999999999,0.05,1.5,0.9368218040526173,dual_cluster
5,0.8,0.05,1.5,0.9399248678671247,dual_cluster
5,0.825,0.05,1.5,0.9428573890362277,dual_cluster
5,0.85,0.05,1.5,0.9456260356304499,dual_cluster
5,0.875,0.05,1.5,0.9482371891335704,dual_cluster
5,0.8999999999999999,0.05,1.5,0.950697327442946,dual_cluster
5,0.9249999999999999,0.05,1.5,0.9530131846285823,dual_cluster
5,0.95,0.05,1.5,0.955191764308075,dual_cluster
5,0.975,0.05,1.5,0.9572402696459212,dual_cluster
5,1.0,0.05,1.5,0.9591659960857927,dual_cluster
5,1.025,0.05,1.5,0.9609762170140076,dual_cluster
5,1.0499999999999998,0.05,1.5,0.962678079756017,dual_cluster
5,1.075,0.05,1.5,0.9642785201650914,dual_cluster
5,1.1,0.05,1.5,0.9657841981826023,dual_cluster
5,1.125,0.05,1.5,0.9672014533732408,dual_cluster
5,1.15,0.05,1.5,0.9685362777859201,dual_cluster
5,1.1749999999999998,0.05,1.5,0.9697943029187465,dual_cluster
5,1.2,0.05,1.5,0.9709807976074084,dual_cluster
6,0.4,0.05,1.5,0.8731291324628955,dual_cluster
6,0.42500000000000004,0.05,1.5,0.8326259699786406,dual_cluster
6,0.45,0.05,1.5,0.9218025053272877,dual_cluster
6,0.47500000000000003,0.05,1.5,0.8446735726367471,dual_cluster
6,0.5,0.05,1.5,0.9400079128161031,dual_cluster
6,0.525,0.05,1.5,0.8736060119580754,dual_cluster
6,0.55,0.05,1.5,0.9508634486899298,dual_cluster
6,0.575,0.05,1.5,0.8779057183285426,dual_cluster
6,0.6,0.05,1.5,0.9051314381419614,dual_cluster
6,0.625,0.05,1.5,0.9121351371345254,dual_cluster
6,0.65,0.05,1.5,0.9164622617566645,dual_cluster
6,0.675,0.05,1.5,0.9207011280433386,dual_cluster
6,0.7,0.05,1.5,0.9246903220814817,dual_cluster
6,0.725,0.05,1.5,0.9284584611100767,dual_cluster
6,0.75,0.05,1.5,0.93202469210857,dual_cluster
6,0.7749999999999999,0.05,1.5,0.9354018507467067,dual_cluster
6,0.8,0.05,1.5,0.9385988060435418,dual_cluster
6,0.825,0.05,1.5,0.9416222504830556,dual_cluster
6,0.85,0.05,1.5,0.9444779666068644,dual_cluster
6,0.875,0.05,1.5,0.9471716304590847,dual_cluster
6,0.8999999999999999,0.05,1.5,0.9497092414528122,dual_cluster
6,0.9249999999999999,0.05,1.5,0.9520972809240533,dual_cluster
6,0.95,0.05,1.5,0.9543426960701966,dual_cluster
6,0.975,0.05,1.5,0.9564527882537168,dual_cluster
6,1.0,0.05,1.5,0.9584350625733895,dual_cluster
6,1.025,0.05,1.5,0.9602970749718018,dual_cluster
6,1.0499999999999998,0.05,1.5,0.9620462968595137,dual_cluster
6,1.075,0.05,1.5,0.963690005903645,dual_cluster
6,1.1,0.05,1.5,0.9652352045950883,dual_cluster
6,1.125,0.05,1.5,0.9666885643721694,dual_cluster
6,1.15,0.05,1.5,0.968056391367071,dual_cluster
6,1.1749999999999998,0.05,1.5,0.9693446094068148,dual_cluster
6,1.2,0.05,1.5,0.9705587561511487,dual_cluster
7,0.4,0.05,1.5,0.843784604277985,dual_cluster
7,0.42500000000000004,0.05,1.5,0.8558395934956954,dual_cluster
7,0.45,0.05,1.5,0.8841963965670833,dual_cluster
7,0.47500000000000003,0.05,1.5,0.9237894328850472,dual_cluster
7,0.5,0.05,1.5,0.9356097472892582,dual_cluster
7,0.525,0.05,1.5,0.8552389397787022,dual_cluster
7,0.55,0.05,1.5,0.8823729691859219,dual_cluster
7,0.575,0.05,1.5,0.8913037979323896,dual_cluster
7,0.6,0.05,1.5,0.8887258826047374,dual_cluster
7,0.625,0.05,1.5,0.9109267168823787,dual_cluster
7,0.65,0.05,1.5,0.9154095626883184,dual_cluster
7,0.675,0.05,1.5,0.9198697477534613,dual_cluster
7,0.7,0.05,1.5,0.9240677923787454,dual_cluster
7,0.725,0.05,1.5,0.9280299095317466,dual_cluster
7,0.75,0.05,1.5,0.931773216864812,dual_cluster
7,0.7749999999999999,0.05,1.5,0.9353090045823568,dual_cluster
7,0.8,0.05,1.5,0.9386453283601253,dual_cluster
7,0.825,0.05,1.5,0.9417888716969379,dual_cluster
7,0.85,0.05,1.5,0.9447461369344892,dual_cluster
7,0.875,0.05,1.5,0.9475240814993824,dual_cluster
7,0.8999999999999999,0.05,1.5,0.9501303480477882,dual_cluster
7,0.9249999999999999,0.05,1.5,0.9525732356223965,dual_cluster
7,0.95,0.05,1.5,0.9548615333300583,dual_cluster
7,0.975,0.05,1.5,0.9570043030697948,dual_cluster
7,1.0,0.05,1.5,0.9590106647347597,dual_cluster
7,1.025,0.05,1.5,0.9608896116048227,dual_cluster
7,1.0499999999999998,0.05,1.5,0.9626498663763633,dual_cluster
7,1.075,0.05,1.5,0.9642997781172523,dual_cluster
7,1.1,0.05,1.5,0.9658472553453398,dual_cluster
7,1.125,0.05,1.5,0.9672997285289935,dual_cluster
7,1.15,0.05,1.5,0.9686641351930638,dual_cluster
7,1.1749999999999998,0.05,1.5,0.9699469215591121,dual_cluster
7,1.2,0.05,1.5,0.9711540557067545,dual_cluster
8,0.4,0.05,1.5,0.8663569772028652,dual_cluster
8,0.42500000000000004,0.05,1.5,0.877731076551748,dual_cluster
8,0.45,0.05,1.5,0.8587250418680388,dual_cluster
8,0.47500000000000003,0.05,1.5,0.8557010237036113,dual_cluster
8,0.5,0.05,1.5,0.8632759436653775,dual_cluster
8,0.525,0.05,1.5,0.8731360509607019,dual_cluster
8,0.55,0.05,1.5,0.8762331098285822,dual_cluster
8,0.575,0.05,1.5,0.8686643437483842,dual_cluster
8,0.6,0.05,1.5,0.9268379141504192,dual_cluster
8,0.625,0.05,1.5,0.9044750008556,dual_cluster
8,0.65,0.05,1.5,0.9107242675302031,dual_cluster
8,0.675,0.05,1.5,0.9155135624727807,dual_cluster
8,0.7,0.05,1.5,0.9199945071920426,dual_cluster
8,0.725,0.05,1.5,0.9242031259232497,dual_cluster
8,0.75,0.05,1.5,0.9281647422571437,dual_cluster
8,0.7749999999999999,0.05,1.5,0.9318968824543996,dual_cluster
8,0.8,0.05,1.5,0.9354122297392661,dual_cluster
8,0.825,0.05,1.5,0.9387208081185632,dual_cluster
8,0.85,0.05,1.5,0.9418314712444319,dual_cluster
8,0.875,0.05,1.5,0.9447528051748839,dual_cluster
8,0.8999999999999999,0.05,1.5,0.9474935813589462,dual_cluster
8,0.9249999999999999,0.05,1.5,0.9500629005612135,dual_cluster
8,0.95,0.05,1.5,0.9524701509546175,dual_cluster
8,0.975,0.05,1.5,0.9547248743270715,dual_cluster
8,1.0,0.05,1.5,0.9568366034900998,dual_cluster
8,1.025,0.05,1.5,0.9588147079208448,dual_cluster
8,1.0499999999999998,0.05,1.5,0.9606682657259401,dual_cluster
8,1.075,0.05,1.5,0.9624059678467181,dual_cluster
8,1.1,0.05,1.5,0.9640360535300574,dual_cluster
8,1.125,0.05,1.5,0.965566272789434,dual_cluster
8,1.15,0.05,1.5,0.9670038704782317,dual_cluster
8,1.1749999999999998,0.05,1.5,0.9683555866941728,dual_cluster
8,1.2,0.05,1.5,0.9696276688904673,dual_cluster
9,0.4,0.05,1.5,0.7979819891512288,dual_cluster
9,0.42500000000000004,0.05,1.5,0.8939497412669319,dual_cluster
9,0.45,0.05,1.5,0.826238114880354,dual_cluster
9,0.47500000000000003,0.05,1.5,0.931849333716561,dual_cluster
9,0.5,0.05,1.5,0.884523887489268,dual_cluster
9,0.525,0.05,1.5,0.8512958441724271,dual_cluster
9,0.55,0.05,1.5,0.9514635107218952,dual_cluster
9,0.575,0.05,1.5,0.899053765940551,dual_cluster
9,0.6,0.05,1.5,0.9382060581391689,dual_cluster
9,0.625,0.05,1.5,0.9031358765682518,dual_cluster
9,0.65,0.05,1.5,0.9139243326845171,dual_cluster
9,0.675,0.05,1.5,0.9183478750811781,dual_cluster
9,0.7,0.05,1.5,0.9224957600069496,dual_cluster
9,0.725,0.05,1.5,0.9264095829015904,dual_cluster
9,0.75,0.05,1.5,0.9301104241042198,dual_cluster
9,0.7749999999999999,0.05,1.5,0.9336124339953185,dual_cluster
9,0.8,0.05,1.5,0.9369253771631957,dual_cluster
9,0.825,0.05,1.5,0.9400565791235547,dual_cluster
9,0.85,0.05,1.5,0.9430123096158296,dual_cluster
9,0.875,0.05,1.5,0.9457986654241658,dual_cluster
9,0.8999999999999999,0.05,1.5,0.9484220475266446,dual_cluster
9,0.9249999999999999,0.05,1.5,0.9508893423748636,dual_cluster
9,0.95,0.05,1.5,0.9532079121055654,dual_cluster
9,0.975,0.05,1.5,0.9553854797458152,dual_cluster
9,1.0,0.05,1.5,0.957429971561518,dual_cluster
9,1.025,0.05,1.5,0.9593493561630504,dual_cluster
9,1.0499999999999998,0.05,1.5,0.9611515021462531,dual_cluster
9,1.075,0.05,1.5,0.9628440636490059,dual_cluster
9,1.1,0.05,1.5,0.9644343955357321,dual_cluster
9,1.125,0.05,1.5,0.9659294957667521,dual_cluster
9,1.15,0.05,1.5,0.9673359706786402,dual_cluster
9,1.1749999999999998,0.05,1.5,0.9686600184587717,dual_cluster
9,1.2,0.05,1.5,0.9699074263914474,dual_cluster
10,0.4,0.05,1.5,0.8870339387643791,dual_cluster
10,0.42500000000000004,0.05,1.5,0.8269636611038688,dual_cluster
10,0.45,0.05,1.5,0.9314626394059698,dual_cluster
10,0.47500000000000003,0.05,1.5,0.8876579513661477,dual_cluster
10,0.5,0.05,1.5,0.8558762711206069,dual_cluster
10,0.525,0.05,1.5,0.9250194577114569,dual_cluster
10,0.55,0.05,1.5,0.936942314873176,dual_cluster
10,0.575,0.05,1.5,0.8844669322172335,dual_cluster
10,0.6,0.05,1.5,0.9275551341939895,dual_cluster
10,0.625,0.05,1.5,0.9141954065465617,dual_cluster
10,0.65,0.05,1.5,0.9176756796848078,dual_cluster
10,0.675,0.05,1.5,0.9218154478194467,dual_cluster
10,0.7,0.05,1.5,0.9257231122477227,dual_cluster
10,0.725,0.05,1.5,0.9294233692986171,dual_cluster
10,0.75,0.05,1.5,0.9329319895462552,dual_cluster
10,0.7749999999999999,0.05,1.5,0.9362592216275756,dual_cluster
10,0.8,0.05,1.5,0.9394119980715935,dual_cluster
10,0.825,0.05,1.5,0.9423956007255435,dual_cluster
10,0.85,0.05,1.5,0.9452148129924166,dual_cluster
10,0.875,0.05,1.5,0.9478746214064394,dual_cluster
10,0.8999999999999999,0.05,1.5,0.950380559225703,dual_cluster
10,0.9249999999999999,0.05,1.5,0.9527387959827314,dual_cluster
10,0.95,0.05,1.5,0.9549560692730924,dual_cluster
10,0.975,0.05,1.5,0.9570395357005362,dual_cluster
10,1.0,0.05,1.5,0.9589965950001781,dual_cluster
10,1.025,0.05,1.5,0.9608347206365858,dual_cluster
10,1.0499999999999998,0.05,1.5,0.9625613142420373,dual_cluster
10,1.075,0.05,1.5,0.9641835904676255,dual_cluster
10,1.1,0.05,1.5,0.965708492333304,dual_cluster
10,1.125,0.05,1.5,0.9671426337928213,dual_cluster
10,1.15,0.05,1.5,0.9684922648768665,dual_cluster
10,1.1749999999999998,0.05,1.5,0.9697632546008017,dual_cluster
10,1.2,0.05,1.5,0.9709610872493477,dual_cluster
11,0.4,0.05,1.5,0.869067105119833,dual_cluster
11,0.42500000000000004,0.05,1.5,0.8480032017017793,dual_cluster
11,0.45,0.05,1.5,0.9249242191257409,dual_cluster
11,0.47500000000000003,0.05,1.5,0.8875858120542054,dual_cluster
11,0.5,0.05,1.5,0.848501783290918,dual_cluster
11,0.525,0.05,1.5,0.9458287530698506,dual_cluster
11,0.55,0.05,1.5,0.8897356013855395,dual_cluster
11,0.575,0.05,1.5,0.9504562331919665,dual_cluster
11,0.6,0.05,1.5,0.8865785727036385,dual_cluster
11,0.625,0.05,1.5,0.909072558385092,dual_cluster
11,0.65,0.05,1.5,0.916016679205579,dual_cluster
11,0.675,0.05,1.5,0.9202762916786881,dual_cluster
11,0.7,0.05,1.5,0.9242875683008939,dual_cluster
11,0.725,0.05,1.5,0.9280786137870007,dual_cluster
11,0.75,0.05,1.5,0.9316678570559702,dual_cluster
11,0.7749999999999999,0.05,1.5,0.9350676138783435,dual_cluster
11,0.8,0.05,1.5,0.9382863847909589,dual_cluster
11,0.825,0.05,1.5,0.9413306126189537,dual_cluster
11,0.85,0.05,1.5,0.9442059244721185,dual_cluster
11,0.875,0.05,1.5,0.946917915075684,dual_cluster
11,0.8999999999999999,0.05,1.5,0.9494725593526782,dual_cluster
11,0.9249999999999999,0.05,1.5,0.9518763560094984,dual_cluster
11,0.95,0.05,1.5,0.9541362988020671,dual_cluster
11,0.975,0.05,1.5,0.9562597545135678,dual_cluster
11,1.0,0.05,1.5,0.9582543044762744,dual_cluster
11,1.025,0.05,1.5,0.9601275856894032,dual_cluster
11,1.0499999999999998,0.05,1.5,0.9618871511987558,dual_cluster
11,1.075,0.05,1.5,0.9635403580379257,dual_cluster
11,1.1,0.05,1.5,0.9650942840136596,dual_cluster
11,1.125,0.05,1.5,0.9665556708262041,dual_cluster
11,1.15,0.05,1.5,0.9679308893588477,dual_cluster
11,1.1749999999999998,0.05,1.5,0.9692259225900256,dual_cluster
11,1.2,0.05,1.5,0.9704463618785159,dual_cluster
12,0.4,0.05,1.5,0.8351267708951444,dual_cluster
12,0.42500000000000004,0.05,1.5,0.8184792176599179,dual_cluster
12,0.45,0.05,1.5,0.8890800294378627,dual_cluster
12,0.47500000000000003,0.05,1.5,0.9351603718829464,absorbed
12,0.5,0.05,1.5,0.9428084182499042,dual_cluster
12,0.525,0.05,1.5,0.9337714423874808,dual_cluster
12,0.55,0.05,1.5,0.9013099836466324,dual_cluster
12,0.575,0.05,1.5,0.8937257607110448,dual_cluster
12,0.6,0.05,1.5,0.905022574484772,dual_cluster
12,0.625,0.05,1.5,0.9116712953540076,dual_cluster
12,0.65,0.05,1.5,0.9166096693526478,dual_cluster
12,0.675,0.05,1.5,0.9212364932617993,dual_cluster
12,0.7,0.05,1.5,0.9255855878267241,dual_cluster
12,0.725,0.05,1.5,0.9296788458182489,dual_cluster
12,0.75,0.05,1.5,0.9335304073218171,dual_cluster
12,0.7749999999999999,0.05,1.5,0.9371502558906711,dual_cluster
12,0.8,0.05,1.5,0.9405467459151056,dual_cluster
12,0.825,0.05,1.5,0.943728153772354,dual_cluster
12,0.85,0.05,1.5,0.9467034404863929,dual_cluster
12,0.875,0.05,1.5,0.9494824615806692,dual_cluster
12,0.8999999999999999,0.05,1.5,0.9520758486218691,dual_cluster
12,0.9249999999999999,0.05,1.5,0.9544947380004041,dual_cluster
12,0.95,0.05,1.5,0.9567504631584658,dual_cluster
12,0.975,0.05,1.5,0.95885427502242,dual_cluster
12,1.0,0.05,1.5,0.9608171187696875,dual_cluster
12,1.025,0.05,1.5,0.9626494727691325,dual_cluster
12,1.0499999999999998,0.05,1.5,0.9643612440228179,dual_cluster
12,1.075,0.05,1.5,0.9659617098350632,dual_cluster
12,1.1,0.05,1.5,0.9674594947004589,dual_cluster
12,1.125,0.05,1.5,0.968862572520075,dual_cluster
12,1.15,0.05,1.5,0.9701782860442754,dual_cluster
12,1.1749999999999998,0.05,1.5,0.971413377287077,dual_cluster
12,1.2,0.05,1.5,0.9725740242874048,dual_cluster
13,0.4,0.05,1.5,0.8451329512072109,dual_cluster
13,0.42500000000000004,0.05,1.5,0.8977220509241344,dual_cluster
13,0.45,0.05,1.5,0.9094581626274513,dual_cluster
13,0.47500000000000003,0.05,1.5,0.8650559129395222,dual_cluster
13,0.5,0.05,1.5,0.8608298832358277,dual_cluster
13,0.525,0.05,1.5,0.9531484209252541,dual_cluster
13,0.55,0.05,1.5,0.9093277600205427,dual_cluster
13,0.575,0.05,1.5,0.8859474267689809,dual_cluster
13,0.6,0.05,1.5,0.9024497233797878,dual_cluster
13,0.625,0.05,1.5,0.9149802682226945,dual_cluster
13,0.65,0.05,1.5,0.9190537053933328,dual_cluster
13,0.675,0.05,1.5,0.9231278883247251,dual_cluster
13,0.7,0.05,1.5,0.9269765181589465,dual_cluster
13,0.725,0.05,1.5,0.9306220658000082,dual_cluster
13,0.75,0.05,1.5,0.9340791369716176,dual_cluster
13,0.7749999999999999,0.05,1.5,0.9373571901416348,dual_cluster
13,0.8,0.05,1.5,0.940462669238445,dual_cluster
13,0.825,0.05,1.5,0.9434005973230319,dual_cluster
13,0.85,0.05,1.5,0.9461756597500727,dual_cluster
13,0.875,0.05,1.5,0.9487928443170616,dual_cluster
13,0.8999999999999999,0.05,1.5,0.9512577354833346,dual_cluster
13,0.9249999999999999,0.05,1.5,0.9535765684060855,dual_cluster
13,0.95,0.05,1.5,0.9557561382482628,dual_cluster
13,0.975,0.05,1.5,0.9578036392041576,dual_cluster
13,1.0,0.05,1.5,0.9597264842532689,dual_cluster
13,1.025,0.05,1.5,0.9615321361657084,dual_cluster
13,1.0499999999999998,0.05,1.5,0.9632279649529164,dual_cluster
13,1.075,0.05,1.5,0.9648211368302064,dual_cluster
13,1.1,0.05,1.5,0.9663185338410002,dual_cluster
13,1.125,0.05,1.5,0.9677267003450203,dual_cluster
13,1.15,0.05,1.5,0.9690518115019623,dual_cluster
13,1.1749999999999998,0.05,1.5,0.9702996588764001,dual_cluster
13,1.2,0.05,1.5,0.9714756488092097,dual_cluster
14,0.4,0.05,1.5,0.7932166887226272,dual_cluster
14,0.42500000000000004,0.05,1.5,0.8279562384342517,dual_cluster
14,0.45,0.05,1.5,0.8761918919520181,dual_cluster
14,0.47500000000000003,0.05,1.5,0.9265524531454932,dual_cluster
14,0.5,0.05,1.5,0.8576334251290558,dual_cluster
14,0.525,0.05,1.5,0.8652701028177022,dual_cluster
14,0.55,0.05,1.5,0.8883861417378469,dual_cluster
14,0.575,0.05,1.5,0.8874770669872449,dual_cluster
14,0.6,0.05,1.5,0.8978891224116532,dual_cluster
14,0.625,0.05,1.5,0.9087208944680336,dual_cluster
14,0.65,0.05,1.5,0.9137588832525491,dual_cluster
14,0.675,0.05,1.5,0.9184700046530323,dual_cluster
14,0.7,0.05,1.5,0.922879873204562,dual_cluster
14,0.725,0.05,1.5,0.9270202451069266,dual_cluster
14,0.75,0.05,1.5,0.9309128895572317,dual_cluster
14,0.7749999999999999,0.05,1.5,0.934573222996483,dual_cluster
14,0.8,0.05,1.5,0.9380130272587698,dual_cluster
14,0.825,0.05,1.5,0.9412423413958435,dual_cluster
14,0.85,0.05,1.5,0.9442706442883136,dual_cluster
14,0.875,0.05,1.5,0.9471074808212794,dual_cluster
14,0.8999999999999999,0.05,1.5,0.9497626969374361,dual_cluster
14,0.9249999999999999,0.05,1.5,0.9522464335021302,dual_cluster
14,0.95,0.05,1.5,0.9545689961198802,dual_cluster
14,0.975,0.05,1.5,0.9567406809674841,dual_cluster
14,1.0,0.05,1.5,0.9587716043641948,dual_cluster
14,1.025,0.05,1.5,0.9606715598915949,dual_cluster
14,1.0499999999999998,0.05,1.5,0.9624499113892653,dual_cluster
14,1.075,0.05,1.5,0.9641155213389648,dual_cluster
14,1.1,0.05,1.5,0.9656767099102406,dual_cluster
14,1.125,0.05,1.5,0.9671412384918912,dual_cluster
14,1.15,0.05,1.5,0.9685163116003964,dual_cluster
14,1.1749999999999998,0.05,1.5,0.9698085918243109,dual_cluster
14,1.2,0.05,1.5,0.9710242234620337,dual_cluster
15,0.4,0.05,1.5,0.8069688320433186,dual_cluster
15,0.42500000000000004,0.05,1.5,0.8967133057725141,dual_cluster
15,0.45,0.05,1.5,0.8365366181415668,dual_cluster
15,0.47500000000000003,0.05,1.5,0.9254923931565762,dual_cluster
15,0.5,0.05,1.5,0.9204209994672851,dual_cluster
15,0.525,0.05,1.5,0.876355824038984,dual_cluster
15,0.55,0.05,1.5,0.9380552766760242,absorbed
15,0.575,0.05,1.5,0.9024127035537148,dual_cluster
15,0.6,0.05,1.5,0.9272071590231907,dual_cluster
15,0.625,0.05,1.5,0.9111238717322634,dual_cluster
15,0.65,0.05,1.5,0.9154499322555467,dual_cluster
15,0.675,0.05,1.5,0.9198082664793794,dual_cluster
15,0.7,0.05,1.5,0.923903793817522,dual_cluster
15,0.725,0.05,1.5,0.9277658082482753,dual_cluster
15,0.75,0.05,1.5,0.9314142418842022,dual_cluster
15,0.7749999999999999,0.05,1.5,0.9348628388413392,dual_cluster
15,0.8,0.05,1.5,0.93812148598594,dual_cluster
15,0.825,0.05,1.5,0.9411979570913486,dual_cluster
15,0.85,0.05,1.5,0.9440991231588953,dual_cluster
15,0.875,0.05,1.5,0.9468317048680177,dual_cluster
15,0.8999999999999999,0.05,1.5,0.9494026649490621,dual_cluster
15,0.9249999999999999,0.05,1.5,0.9518193448256479,dual_cluster
15,0.95,0.05,1.5,0.9540894403713311,dual_cluster
15,0.975,0.05,1.5,0.9562208921655808,dual_cluster
15,1.0,0.05,1.5,0.9582217433769051,dual_cluster
15,1.025,0.05,1.5,0.9600999984124917,dual_cluster
15,1.0499999999999998,0.05,1.5,0.9618635000875015,dual_cluster
15,1.075,0.05,1.5,0.9635198325717484,dual_cluster
15,1.1,0.05,1.5,0.9650762509818805,dual_cluster
15,1.125,0.05,1.5,0.9665396350877222,dual_cluster
15,1.15,0.05,1.5,0.967916463156159,dual_cluster
15,1.1749999999999998,0.05,1.5,0.9692128016654948,dual_cluster
15,1.2,0.05,1.5,0.9704343069386536,dual_cluster
16,0.4,0.05,1.5,0.8946420231109411,dual_cluster
16,0.42500000000000004,0.05,1.5,0.9169978646590925,dual_cluster
16,0.45,0.05,1.5,0.9042032264452318,dual_cluster
16,0.47500000000000003,0.05,1.5,0.9024190082940837,dual_cluster
16,0.5,0.05,1.5,0.9054772969405714,dual_cluster
16,0.525,0.05,1.5,0.9019468324368961,dual_cluster
16,0.55,0.05,1.5,0.884118270503067,dual_cluster
16,0.575,0.05,1.5,0.9292167614708808,dual_cluster
16,0.6,0.05,1.5,0.9078332920133867,dual_cluster
16,0.625,0.05,1.5,0.9151365666454097,dual_cluster
16,0.65,0.05,1.5,0.9197318963959523,dual_cluster
16,0.675,0.05,1.5,0.9240669328829308,dual_cluster
16,0.7,0.05,1.5,0.9281652756826071,dual_cluster
16,0.725,0.05,1.5,0.9320414925870877,dual_cluster
16,0.75,0.05,1.5,0.9357038967513391,dual_cluster
16,0.7749999999999999,0.05,1.5,0.939157788162846,dual_cluster
16,0.8,0.05,1.5,0.9424077395475299,dual_cluster
16,0.825,0.05,1.5,0.9454589680935587,dual_cluster
16,0.85,0.05,1.5,0.9483179554925009,dual_cluster
16,0.875,0.05,1.5,0.9509925411186299,dual_cluster
16,0.8999999999999999,0.05,1.5,0.9534917082826265,dual_cluster
16,0.9249999999999999,0.05,1.5,0.9558252363911266,dual_cluster
16,0.95,0.05,1.5,0.9580033326347047,dual_cluster
16,0.975,0.05,1.5,0.9600363052236627,dual_cluster
16,1.0,0.05,1.5,0.9619343036292881,dual_cluster
16,1.025,0.05,1.5,0.9637071292947684,dual_cluster
16,1.0499999999999998,0.05,1.5,0.9653641091811188,dual_cluster
16,1.075,0.05,1.5,0.9669140203319233,dual_cluster
16,1.1,0.05,1.5,0.9683650532754321,dual_cluster
16,1.125,0.05,1.5,0.9697248034975152,dual_cluster
16,1.15,0.05,1.5,0.9710002822357665,dual_cluster
16,1.1749999999999998,0.05,1.5,0.9721979398605514,dual_cluster
16,1.2,0.05,1.5,0.9733236968625862,dual_cluster
17,0.4,0.05,1.5,0.8769639473153774,dual_cluster
17,0.42500000000000004,0.05,1.5,0.9100078440688988,dual_cluster
17,0.45,0.05,1.5,0.8980038471655827,dual_cluster
17,0.47500000000000003,0.05,1.5,0.8433115793398505,dual_cluster
17,0.5,0.05,1.5,0.9072912303574254,dual_cluster
17,0.525,0.05,1.5,0.9456393675459605,dual_cluster
17,0.55,0.05,1.5,0.8681605090910647,dual_cluster
17,0.575,0.05,1.5,0.8993586045047088,dual_cluster
17,0.6,0.05,1.5,0.9062404542884723,dual_cluster
17,0.625,0.05,1.5,0.9044024156099322,dual_cluster
17,0.65,0.05,1.5,0.9144153148281349,dual_cluster
17,0.675,0.05,1.5,0.9187491885428938,dual_cluster
17,0.7,0.05,1.5,0.9228101635719239,dual_cluster
17,0.725,0.05,1.5,0.9266391966031369,dual_cluster
17,0.75,0.05,1.5,0.9302587591228564,dual_cluster
17,0.7749999999999999,0.05,1.5,0.9336843810663178,dual_cluster
17,0.8,0.05,1.5,0.9369270053661337,dual_cluster
17,0.825,0.05,1.5,0.9399948049005915,dual_cluster
17,0.85,0.05,1.5,0.9428945120146439,dual_cluster
17,0.875,0.05,1.5,0.9456323154537359,dual_cluster
17,0.8999999999999999,0.05,1.5,0.948214397823919,dual_cluster
17,0.9249999999999999,0.05,1.5,0.9506471987471629,dual_cluster
17,0.95,0.05,1.5,0.9529374884424457,dual_cluster
17,0.975,0.05,1.5,0.9550923252651992,dual_cluster
17,1.0,0.05,1.5,0.9571189538971089,dual_cluster
17,1.025,0.05,1.5,0.9590246833349008,dual_cluster
17,1.0499999999999998,0.05,1.5,0.9608167687346335,dual_cluster
17,1.075,0.05,1.5,0.9625023097961779,dual_cluster
17,1.1,0.05,1.5,0.9640881706896661,dual_cluster
17,1.125,0.05,1.5,0.965580921860594,dual_cluster
17,1.15,0.05,1.5,0.9669868015650057,dual_cluster
17,1.1749999999999998,0.05,1.5,0.9683116939277655,dual_cluster
17,1.2,0.05,1.5,0.9695611201085187,dual_cluster
18,0.4,0.05,1.5,0.800518917689978,dual_cluster
18,0.42500000000000004,0.05,1.5,0.8062620289141821,dual_cluster
18,0.45,0.05,1.5,0.8221603396995726,dual_cluster
18,0.47500000000000003,0.05,1.5,0.85021263082219,dual_cluster
18,0.5,0.05,1.5,0.8913086659767826,dual_cluster
18,0.525,0.05,1.5,0.9321865195484461,dual_cluster
18,0.55,0.05,1.5,0.9496275424933857,absorbed
18,0.575,0.05,1.5,0.9091666267614553,dual_cluster
18,0.6,0.05,1.5,0.9278003709829924,dual_cluster
18,0.625,0.05,1.5,0.9076482672777472,dual_cluster
18,0.65,0.05,1.5,0.9115635151783483,dual_cluster
18,0.675,0.05,1.5,0.9163274246192206,dual_cluster
18,0.7,0.05,1.5,0.9207904926414258,dual_cluster
18,0.725,0.05,1.5,0.924986791505023,dual_cluster
18,0.75,0.05,1.5,0.9289392693892722,dual_cluster
18,0.7749999999999999,0.05,1.5,0.9326635482275358,dual_cluster
18,0.8,0.05,1.5,0.9361709067089115,dual_cluster
18,0.825,0.05,1.5,0.9394704466064866,dual_cluster
18,0.85,0.05,1.5,0.9425705191540316,dual_cluster
18,0.875,0.05,1.5,0.9454795372170497,dual_cluster
18,0.8999999999999999,0.05,1.5,0.9482063305516736,dual_cluster
18,0.9249999999999999,0.05,1.5,0.9507602012848624,dual_cluster
18,0.95,0.05,1.5,0.953150811628746,dual_cluster
18,0.975,0.05,1.5,0.9553879998393455,dual_cluster
18,1.0,0.05,1.5,0.9574815853651554,dual_cluster
18,1.025,0.05,1.5,0.9594411962726217,dual_cluster
18,1.0499999999999998,0.05,1.5,0.9612761329035239,dual_cluster
18,1.075,0.05,1.5,0.96299527016869,dual_cluster
18,1.1,0.05,1.5,0.9646069948559356,dual_cluster
18,1.125,0.05,1.5,0.9661191718511694,dual_cluster
18,1.15,0.05,1.5,0.9675391327252117,dual_cluster
18,1.1749999999999998,0.05,1.5,0.9688736807102314,dual_cluster
18,1.2,0.05,1.5,0.9701291070658907,dual_cluster
19,0.4,0.05,1.5,0.8808527356256302,dual_cluster
19,0.42500000000000004,0.05,1.5,0.8213249466463459,dual_cluster
19,0.45,0.05,1.5,0.879882192120232,dual_cluster
19,0.47500000000000003,0.05,1.5,0.9371210741723585,absorbed
19,0.5,0.05,1.5,0.8696936986216275,dual_cluster
19,0.525,0.05,1.5,0.941764440999092,dual_cluster
19,0.55,0.05,1.5,0.8625455164796508,dual_cluster
19,0.575,0.05,1.5,0.8840730222056994,dual_cluster
19,0.6,0.05,1.5,0.8954986929710048,dual_cluster
19,0.625,0.05,1.5,0.9122300173179531,dual_cluster
19,0.65,0.05,1.5,0.9169581102965859,dual_cluster
19,0.675,0.05,1.5,0.9213614534058501,dual_cluster
19,0.7,0.05,1.5,0.9255107090835467,dual_cluster
19,0.725,0.05,1.5,0.9294287342916827,dual_cluster
19,0.75,0.05,1.5,0.9331301634656892,dual_cluster
19,0.7749999999999999,0.05,1.5,0.9366246662789668,dual_cluster
19,0.8,0.05,1.5,0.9399194036368811,dual_cluster
19,0.825,0.05,1.5,0.9430207199470019,dual_cluster
19,0.85,0.05,1.5,0.9459351582621194,dual_cluster
19,0.875,0.05,1.5,0.9486699400620231,dual_cluster
19,0.8999999999999999,0.05,1.5,0.9512330732739738,dual_cluster
19,0.9249999999999999,0.05,1.5,0.9536332392315354,dual_cluster
19,0.95,0.05,1.5,0.9558795756993395,dual_cluster
19,0.975,0.05,1.5,0.9579814344887899,dual_cluster
19,1.0,0.05,1.5,0.9599481587512365,dual_cluster
19,1.025,0.05,1.5,0.961788900728788,dual_cluster
19,1.0499999999999998,0.05,1.5,0.9635124853914947,dual_cluster
19,1.075,0.05,1.5,0.9651273169932544,dual_cluster
19,1.1,0.05,1.5,0.9666413218409363,dual_cluster
19,1.125,0.05,1.5,0.9680619195955449,dual_cluster
19,1.15,0.05,1.5,0.9693960158860123,dual_cluster
19,1.1749999999999998,0.05,1.5,0.9706500100916773,dual_cluster
19,1.2,0.05,1.5,0.9718298133769343,dual_cluster
0,0.4,0.05,2.0,0.8914060260804128,dual_cluster
0,0.42500000000000004,0.05,2.0,0.8813139032090773,dual_cluster
0,0.45,0.05,2.0,0.8557312976877358,dual_cluster
0,0.47500000000000003,0.05,2.0,0.9389117966150237,absorbed
0,0.5,0.05,2.0,0.873142808073861,dual_cluster
0,0.525,0.05,2.0,0.9508766327672229,absorbed
0,0.55,0.05,2.0,0.8926763790920516,dual_cluster
0,0.575,0.05,2.0,0.946646929819221,dual_cluster
0,0.6,0.05,2.0,0.8933776341068262,dual_cluster
0,0.625,0.05,2.0,0.9084287063424565,dual_cluster
0,0.65,0.05,2.0,0.915761582598114,dual_cluster
0,0.675,0.05,2.0,0.9200149639255201,dual_cluster
0,0.7,0.05,2.0,0.9240142959939928,dual_cluster
0,0.725,0.05,2.0,0.9277918391389053,dual_cluster
0,0.75,0.05,2.0,0.9313672951580466,dual_cluster
0,0.7749999999999999,0.05,2.0,0.9347539939277654,dual_cluster
0,0.8,0.05,2.0,0.9379611836758841,dual_cluster
0,0.825,0.05,2.0,0.9409957954216972,dual_cluster
0,0.85,0.05,2.0,0.9438637111050261,dual_cluster
0,0.875,0.05,2.0,0.9465705881637165,dual_cluster
0,0.8999999999999999,0.05,2.0,0.9491223205237731,dual_cluster
0,0.9249999999999999,0.05,2.0,0.9515252298079123,dual_cluster
0,0.95,0.05,2.0,0.9537860778317915,dual_cluster
0,0.975,0.05,2.0,0.9559119767414785,dual_cluster
0,1.0,0.05,2.0,0.9579102533375482,dual_cluster
0,1.025,0.05,2.0,0.9597883048036897,dual_cluster
0,1.0499999999999998,0.05,2.0,0.9615534672776568,dual_cluster
0,1.075,0.05,2.0,0.9632129073742693,dual_cluster
0,1.1,0.05,2.0,0.9647735394973359,dual_cluster
0,1.125,0.05,2.0,0.9662419676312513,dual_cluster
0,1.15,0.05,2.0,0.9676244483032992,dual_cluster
0,1.1749999999999998,0.05,2.0,0.9689268707427036,dual_cluster
0,1.2,0.05,2.0,0.9701547503454845,dual_cluster
1,0.4,0.05,2.0,0.8630786692762412,dual_cluster
1,0.42500000000000004,0.05,2.0,0.8749217083821267,dual_cluster
1,0.45,0.05,2.0,0.8324286623247352,dual_cluster
1,0.47500000000000003,0.05,2.0,0.9389359943414779,absorbed
1,0.5,0.05,2.0,0.9252070381061851,dual_cluster
1,0.525,0.05,2.0,0.8984088974737169,dual_cluster
1,0.55,0.05,2.0,0.8755784732026821,dual_cluster
1,0.575,0.05,2.0,0.8636147007180034,dual_cluster
1,0.6,0.05,2.0,0.9386601774587752,dual_cluster
1,0.625,0.05,2.0,0.8941563375115236,dual_cluster
1,0.65,0.05,2.0,0.9159373329711381,dual_cluster
1,0.675,0.05,2.0,0.9196074171152866,dual_cluster
1,0.7,0.05,2.0,0.9234371184204666,dual_cluster
1,0.725,0.05,2.0,0.9270572238116047,dual_cluster
1,0.75,0.05,2.0,0.9304898289735662,dual_cluster
1,0.7749999999999999,0.05,2.0,0.9337502084253511,dual_cluster
1,0.8,0.05,2.0,0.9368488321677511,dual_cluster
1,0.825,0.05,2.0,0.9397930512318495,dual_cluster
1,0.85,0.05,2.0,0.9425884042677398,dual_cluster
1,0.875,0.05,2.0,0.9452395700933672,dual_cluster
1,0.8999999999999999,0.05,2.0,0.9477510047621633,dual_cluster
1,0.9249999999999999,0.05,2.0,0.9501273169896242,dual_cluster
1,0.95,0.05,2.0,0.9523734441304552,dual_cluster
1,0.975,0.05,2.0,0.9544946899723561,dual_cluster
1,1.0,0.05,2.0,0.9564966773994412,dual_cluster
1,1.025,0.05,2.0,0.9583852570802083,dual_cluster
1,1.0499999999999998,0.05,2.0,0.9601664010042036,dual_cluster
1,1.075,0.05,2.0,0.9618460989903188,dual_cluster
1,1.1,0.05,2.0,0.9634302680801841,dual_cluster
1,1.125,0.05,2.0,0.9649246790378584,dual_cluster
1,1.15,0.05,2.0,0.966334900595958,dual_cluster
1,1.1749999999999998,0.05,2.0,0.9676662600789814,dual_cluster
1,1.2,0.05,2.0,0.9689238180917468,dual_cluster
2,0.4,0.05,2.0,0.7997370891231323,dual_cluster
2,0.42500000000000004,0.05,2.0,0.8991720657388436,dual_cluster
2,0.45,0.05,2.0,0.8400169583799719,dual_cluster
2,0.47500000000000003,0.05,2.0,0.8563487045534477,dual_cluster
2,0.5,0.05,2.0,0.9343513779703663,dual_cluster
2,0.525,0.05,2.0,0.9087497475500094,dual_cluster
2,0.55,0.05,2.0,0.8732431224422701,dual_cluster
2,0.575,0.05,2.0,0.9368880579553561,dual_cluster
2,0.6,0.05,2.0,0.8884794002602573,dual_cluster
2,0.625,0.05,2.0,0.9066381519428512,dual_cluster
2,0.65,0.05,2.0,0.9118734623317839,dual_cluster
2,0.675,0.05,2.0,0.9167844280832481,dual_cluster
2,0.7,0.05,2.0,0.9213842122041475,dual_cluster
2,0.725,0.05,2.0,0.9257041908889314,dual_cluster
2,0.75,0.05,2.0,0.9297649224944129,dual_cluster
2,0.7749999999999999,0.05,2.0,0.9335804686384861,dual_cluster
2,0.8,0.05,2.0,0.9371615786791724,dual_cluster
2,0.825,0.05,2.0,0.9405178113089762,dual_cluster
2,0.85,0.05,2.0,0.943658752029107,dual_cluster
2,0.875,0.05,2.0,0.9465945499615381,dual_cluster
2,0.8999999999999999,0.05,2.0,0.9493360089726686,dual_cluster
2,0.9249999999999999,0.05,2.0,0.9518944336588065,dual_cluster
2,0.95,0.05,2.0,0.954281375053242,dual_cluster
2,0.975,0.05,2.0,0.9565083657245563,dual_cluster
2,1.0,0.05,2.0,0.9585866906868888,dual_cluster
2,1.025,0.05,2.0,0.9605272117710772,dual_cluster
2,1.0499999999999998,0.05,2.0,0.9623402465642479,dual_cluster
2,1.075,0.05,2.0,0.9640354950368183,dual_cluster
2,1.1,0.05,2.0,0.9656220041984123,dual_cluster
2,1.125,0.05,2.0,0.9671081611322463,dual_cluster
2,1.15,0.05,2.0,0.9685017060190194,dual_cluster
2,1.1749999999999998,0.05,2.0,0.9698097584112928,dual_cluster
2,1.2,0.05,2.0,0.9710388516246191,dual_cluster
3,0.4,0.05,2.0,0.8436657276722516,dual_cluster
3,0.42500000000000004,0.05,2.0,0.9018768674351092,dual_cluster
3,0.45,0.05,2.0,0.8391238215893307,dual_cluster
3,0.47500000000000003,0.05,2.0,0.8762299118606276,dual_cluster
3,0.5,0.05,2.0,0.9362523120006956,dual_cluster
3,0.525,0.05,2.0,0.8739683289720157,dual_cluster
3,0.55,0.05,2.0,0.929017098449188,dual_cluster
3,0.575,0.05,2.0,0.9330589531956306,dual_cluster
3,0.6,0.05,2.0,0.9119484673662723,dual_cluster
3,0.625,0.05,2.0,0.9085345864974431,dual_cluster
3,0.65,0.05,2.0,0.9135837332181468,dual_cluster
3,0.675,0.05,2.0,0.9183110440452581,dual_cluster
3,0.7,0.05,2.0,0.9227401994588619,dual_cluster
3,0.725,0.05,2.0,0.9269019613242355,dual_cluster
3,0.75,0.05,2.0,0.9308170060404387,dual_cluster
3,0.7749999999999999,0.05,2.0,0.9344997141194283,dual_cluster
3,0.8,0.05,2.0,0.9379610027927019,dual_cluster
3,0.825,0.05,2.0,0.9412102777212676,dual_cluster
3,0.85,0.05,2.0,0.9442566228990339,dual_cluster
3,0.875,0.05,2.0,0.9471093974458439,dual_cluster
3,0.8999999999999999,0.05,2.0,0.9497784235081134,dual_cluster
3,0.9249999999999999,0.05,2.0,0.9522739302348919,dual_cluster
3,0.95,0.05,2.0,0.9546063799110063,dual_cluster
3,0.975,0.05,2.0,0.9567862599411067,dual_cluster
3,1.0,0.05,2.0,0.9588238885831543,dual_cluster
3,1.025,0.05,2.0,0.9607292567156805,dual_cluster
3,1.0499999999999998,0.05,2.0,0.9625119119158186,dual_cluster
3,1.075,0.05,2.0,0.9641808824271297,dual_cluster
3,1.1,0.05,2.0,0.965744634726379,dual_cluster
3,1.125,0.05,2.0,0.9672110573613808,dual_cluster
3,1.15,0.05,2.0,0.9685874641564908,dual_cluster
3,1.1749999999999998,0.05,2.0,0.9698806109261667,dual_cluster
3,1.2,0.05,2.0,0.9710967210330229,dual_cluster
4,0.4,0.05,2.0,0.8107143333752299,dual_cluster
4,0.42500000000000004,0.05,2.0,0.8918286225417569,dual_cluster
4,0.45,0.05,2.0,0.8591978401153098,dual_cluster
4,0.47500000000000003,0.05,2.0,0.9039477299380322,dual_cluster
4,0.5,0.05,2.0,0.8484770461169935,dual_cluster
4,0.525,0.05,2.0,0.9416120259339379,dual_cluster
4,0.55,0.05,2.0,0.8781895898712258,dual_cluster
4,0.575,0.05,2.0,0.9393435963899707,dual_cluster
4,0.6,0.05,2.0,0.9022250864648804,dual_cluster
4,0.625,0.05,2.0,0.9099834681617778,dual_cluster
4,0.65,0.05,2.0,0.9164685755106795,dual_cluster
4,0.675,0.05,2.0,0.9206985743158729,dual_cluster
4,0.7,0.05,2.0,0.9246798152620687,dual_cluster
4,0.725,0.05,2.0,0.9284415124163558,dual_cluster
4,0.75,0.05,2.0,0.9320025650518357,dual_cluster
4,0.7749999999999999,0.05,2.0,0.9353756032228768,dual_cluster
4,0.8,0.05,2.0,0.9385693235792072,dual_cluster
4,0.825,0.05,2.0,0.9415902739494423,dual_cluster
4,0.85,0.05,2.0,0.9444441153748075,dual_cluster
4,0.875,0.05,2.0,0.9471364215592012,dual_cluster
4,0.8999999999999999,0.05,2.0,0.9496731053593243,dual_cluster
4,0.9249999999999999,0.05,2.0,0.9520605746267745,dual_cluster
4,0.95,0.05,2.0,0.9543057140359995,dual_cluster
4,0.975,0.05,2.0,0.9564157717484852,dual_cluster
4,1.0,0.05,2.0,0.9583982076784683,dual_cluster
4,1.025,0.05,2.0,0.9602605395202524,dual_cluster
4,1.0499999999999998,0.05,2.0,0.9620102064454806,dual_cluster
4,1.075,0.05,2.0,0.9636544590766793,dual_cluster
4,1.1,0.05,2.0,0.9652002773299028,dual_cluster
4,1.125,0.05,2.0,0.9666543138938481,dual_cluster
4,1.15,0.05,2.0,0.9680228594060536,dual_cluster
4,1.1749999999999998,0.05,2.0,0.9693118249535742,dual_cluster
4,1.2,0.05,2.0,0.9705267377758527,dual_cluster
5,0.4,0.05,2.0,0.8691102398972067,dual_cluster
5,0.42500000000000004,0.05,2.0,0.9227896429883515,absorbed
5,0.45,0.05,2.0,0.8406764614739939,dual_cluster
5,0.47500000000000003,0.05,2.0,0.9240872015527747,dual_cluster
5,0.5,0.05,2.0,0.8522209975989117,dual_cluster
5,0.525,0.05,2.0,0.9192356785790021,dual_cluster
5,0.55,0.05,2.0,0.9423975239265975,dual_cluster
5,0.575,0.05,2.0,0.8808866448408713,dual_cluster
5,0.6,0.05,2.0,0.8959811318357627,dual_cluster
5,0.625,0.05,2.0,0.9136245202611768,dual_cluster
5,0.65,0.05,2.0,0.9182483771979092,dual_cluster
5,0.675,0.05,2.0,0.9223697690922437,dual_cluster
5,0.7,0.05,2.0,0.9262500115863779,dual_cluster
5,0.725,0.05,2.0,0.9299156643139268,dual_cluster
5,0.75,0.05,2.0,0.9333848261284377,dual_cluster
5,0.7749999999999999,0.05,2.0,0.9366698652955644,dual_cluster
5,0.8,0.05,2.0,0.9397795415707471,dual_cluster
5,0.825,0.05,2.0,0.942720617398453,dual_cluster
5,0.85,0.05,2.0,0.9454989932217305,dual_cluster
5,0.875,0.05,2.0,0.9481204272486988,dual_cluster
5,0.8999999999999999,0.05,2.0,0.9505909228626176,dual_cluster
5,0.9249999999999999,0.05,2.0,0.9529168754343592,dual_cluster
5,0.95,0.05,2.0,0.9551050639172151,dual_cluster
5,0.975,0.05,2.0,0.9571625565696094,dual_cluster
5,1.0,0.05,2.0,0.9590965808422386,dual_cluster
5,1.025,0.05,2.0,0.9609143895711934,dual_cluster
5,1.0499999999999998,0.05,2.0,0.962623141468068,dual_cluster
5,1.075,0.05,2.0,0.9642298039754136,dual_cluster
5,1.1,0.05,2.0,0.9657410803143421,dual_cluster
5,1.125,0.05,2.0,0.9671633590730069,dual_cluster
5,1.15,0.05,2.0,0.9685026830682348,dual_cluster
5,1.1749999999999998,0.05,2.0,0.9697647337353301,dual_cluster
5,1.2,0.05,2.0,0.970954827451073,dual_cluster
6,0.4,0.05,2.0,0.8407520869527104,dual_cluster
6,0.42500000000000004,0.05,2.0,0.858706605392559,dual_cluster
6,0.45,0.05,2.0,0.9138821930881126,dual_cluster
6,0.47500000000000003,0.05,2.0,0.8952119352445848,dual_cluster
6,0.5,0.05,2.0,0.8487987251418797,dual_cluster
6,0.525,0.05,2.0,0.9512084849750388,absorbed
6,0.55,0.05,2.0,0.902114641654448,dual_cluster
6,0.575,0.05,2.0,0.8935836586007029,dual_cluster
6,0.6,0.05,2.0,0.8987643872468997,dual_cluster
6,0.625,0.05,2.0,0.9134442734849249,dual_cluster
6,0.65,0.05,2.0,0.9163883491349926,dual_cluster
6,0.675,0.05,2.0,0.9206195235770778,dual_cluster
6,0.7,0.05,2.0,0.9246050856218976,dual_cluster
6,0.725,0.05,2.0,0.9283724832120737,dual_cluster
6,0.75,0.05,2.0,0.9319403500416784,dual_cluster
6,0.7749999999999999,0.05,2.0,0.9353209609286733,dual_cluster
6,0.8,0.05,2.0,0.9385226396274874,dual_cluster
6,0.825,0.05,2.0,0.9415515936673694,dual_cluster
6,0.85,0.05,2.0,0.9444132055921973,dual_cluster
6,0.875,0.05,2.0,0.9471128436409973,dual_cluster
6,0.8999999999999999,0.05,2.0,0.949656286326532,dual_cluster
6,0.9249999999999999,0.05,2.0,0.95204986849681,dual_cluster
6,0.95,0.05,2.0,0.9543004500279836,dual_cluster
6,0.975,0.05,2.0,0.9564152891634726,dual_cluster
6,1.0,0.05,2.0,0.9584018790619975,dual_cluster
6,1.025,0.05,2.0,0.9602677844494039,dual_cluster
6,1.0499999999999998,0.05,2.0,0.9620204983398012,dual_cluster
6,1.075,0.05,2.0,0.9636673271381295,dual_cluster
6,1.1,0.05,2.0,0.9652153052942715,dual_cluster
6,1.125,0.05,2.0,0.9666711368523492,dual_cluster
6,1.15,0.05,2.0,0.9680411595904893,dual_cluster
6,1.1749999999999998,0.05,2.0,0.9693313270897332,dual_cluster
6,1.2,0.05,2.0,0.9705472043947481,dual_cluster
7,0.4,0.05,2.0,0.8468329147253331,dual_cluster
7,0.42500000000000004,0.05,2.0,0.8643906057755185,dual_cluster
7,0.45,0.05,2.0,0.8994356679457504,dual_cluster
7,0.47500000000000003,0.05,2.0,0.9370641397264516,absorbed
7,0.5,0.05,2.0,0.8461433259931851,dual_cluster
7,0.525,0.05,2.0,0.8858899314144922,dual_cluster
7,0.55,0.05,2.0,0.9294681540295625,dual_cluster
7,0.575,0.05,2.0,0.9434350921918133,dual_cluster
7,0.6,0.05,2.0,0.9289004516124949,dual_cluster
7,0.625,0.05,2.0,0.9110297541244106,dual_cluster
7,0.65,0.05,2.0,0.9153644860034948,dual_cluster
7,0.675,0.05,2.0,0.9198179745075057,dual_cluster
7,0.7,0.05,2.0,0.9240119092024649,dual_cluster
7,0.725,0.05,2.0,0.9279723496711048,dual_cluster
7,0.75,0.05,2.0,0.9317160129394793,dual_cluster
7,0.7749999999999999,0.05,2.0,0.9352537191157043,dual_cluster
7,0.8,0.05,2.0,0.9385930573064553,dual_cluster
7,0.825,0.05,2.0,0.9417402968756227,dual_cluster
7,0.85,0.05,2.0,0.9447016033527594,dual_cluster
7,0.875,0.05,2.0,0.947483680327792,dual_cluster
7,0.8999999999999999,0.05,2.0,0.9500939927496626,dual_cluster
7,0.9249999999999999,0.05,2.0,0.9525407250365837,dual_cluster
7,0.95,0.05,2.0,0.9548326001171749,dual_cluster
7,0.975,0.05,2.0,0.9569786486549593,dual_cluster
7,1.0,0.05,2.0,0.9589879830971695,dual_cluster
7,1.025,0.05,2.0,0.9608696045169439,dual_cluster
7,1.0499999999999998,0.05,2.0,0.9626322524447861,dual_cluster
7,1.075,0.05,2.0,0.9642842975337573,dual_cluster
7,1.1,0.05,2.0,0.9658336717940252,dual_cluster
7,1.125,0.05,2.0,0.9672878292924735,dual_cluster
7,1.15,0.05,2.0,0.9686537301819466,dual_cluster
7,1.1749999999999998,0.05,2.0,0.9699378417513316,dual_cluster
7,1.2,0.05,2.0,0.9711461513134125,dual_cluster
8,0.4,0.05,2.0,0.8711499074689625,dual_cluster
8,0.42500000000000004,0.05,2.0,0.8756685917847418,dual_cluster
8,0.45,0.05,2.0,0.8592279116524908,dual_cluster
8,0.47500000000000003,0.05,2.0,0.8600233448225502,dual_cluster
8,0.5,0.05,2.0,0.8727827980356032,dual_cluster
8,0.525,0.05,2.0,0.8895568811845573,dual_cluster
8,0.55,0.05,2.0,0.9002329827807729,dual_cluster
8,0.575,0.05,2.0,0.8950353494750467,dual_cluster
8,0.6,0.05,2.0,0.8795807332492086,dual_cluster
8,0.625,0.05,2.0,0.9098612821104258,dual_cluster
8,0.65,0.05,2.0,0.910696728027529,dual_cluster
8,0.675,0.05,2.0,0.915478802161724,dual_cluster
8,0.7,0.05,2.0,0.9199540328640122,dual_cluster
8,0.725,0.05,2.0,0.9241590230616206,dual_cluster
8,0.75,0.05,2.0,0.9281189311588979,dual_cluster
8,0.7749999999999999,0.05,2.0,0.9318509874700188,dual_cluster
8,0.8,0.05,2.0,0.9353675199640918,dual_cluster
8,0.825,0.05,2.0,0.9386781957830697,dual_cluster
8,0.85,0.05,2.0,0.9417915485445237,dual_cluster
8,0.875,0.05,2.0,0.9447159007651424,dual_cluster
8,0.8999999999999999,0.05,2.0,0.9474598218214592,dual_cluster
8,0.9249999999999999,0.05,2.0,0.9500322674345659,dual_cluster
8,0.95,0.05,2.0,0.9524425286204347,dual_cluster
8,0.975,0.05,2.0,0.9547000874248134,dual_cluster
8,1.0,0.05,2.0,0.9568144445171227,dual_cluster
8,1.025,0.05,2.0,0.9587949565875866,dual_cluster
8,1.0499999999999998,0.05,2.0,0.9606507018645024,dual_cluster
8,1.075,0.05,2.0,0.9623903795361286,dual_cluster
8,1.1,0.05,2.0,0.9640222418178407,dual_cluster
8,1.125,0.05,2.0,0.9655540540789184,dual_cluster
8,1.15,0.05,2.0,0.9669930773724946,dual_cluster
8,1.1749999999999998,0.05,2.0,0.9683460678611349,dual_cluster
8,1.2,0.05,2.0,0.9696192883404556,dual_cluster
9,0.4,0.05,2.0,0.7995754949830215,dual_cluster
9,0.42500000000000004,0.05,2.0,0.8994008807436078,dual_cluster
9,0.45,0.05,2.0,0.82738287125556,dual_cluster
9,0.47500000000000003,0.05,2.0,0.935407435104643,absorbed
9,0.5,0.05,2.0,0.9024498008478571,dual_cluster
9,0.525,0.05,2.0,0.8662966888471252,dual_cluster
9,0.55,0.05,2.0,0.8670133154752127,dual_cluster
9,0.575,0.05,2.0,0.9328937592454046,dual_cluster
9,0.6,0.05,2.0,0.8812240486420676,dual_cluster
9,0.625,0.05,2.0,0.9100440825354542,dual_cluster
9,0.65,0.05,2.0,0.9139280813908269,dual_cluster
9,0.675,0.05,2.0,0.9183205825104519,dual_cluster
9,0.7,0.05,2.0,0.9224641313361942,dual_cluster
9,0.725,0.05,2.0,0.9263751921092311,dual_cluster
9,0.75,0.05,2.0,0.9300747158286018,dual_cluster
9,0.7749999999999999,0.05,2.0,0.9335766337358897,dual_cluster
9,0.8,0.05,2.0,0.9368904493276982,dual_cluster
9,0.825,0.05,2.0,0.9400232250954608,dual_cluster
9,0.85,0.05,2.0,0.9429809929337077,dual_cluster
9,0.875,0.05,2.0,0.9457696514445054,dual_cluster
9,0.8999999999999999,0.05,2.0,0.9483954474488657,dual_cluster
9,0.9249999999999999,0.05,2.0,0.9508651548692943,dual_cluster
9,0.95,0.05,2.0,0.9531860589264131,dual_cluster
9,0.975,0.05,2.0,0.9553658340742571,dual_cluster
9,1.0,0.05,2.0,0.9574123793026009,dual_cluster
9,1.025,0.05,2.0,0.9593336511660807,dual_cluster
9,1.0499999999999998,0.05,2.0,0.9611375165661955,dual_cluster
9,1.075,0.05,2.0,0.9628316346291055,dual_cluster
9,1.1,0.05,2.0,0.9644233692224936,dual_cluster
9,1.125,0.05,2.0,0.9659197294611948,dual_cluster
9,1.15,0.05,2.0,0.967327333731181,dual_cluster
9,1.1749999999999998,0.05,2.0,0.9686523923495012,dual_cluster
9,1.2,0.05,2.0,0.9699007043074269,dual_cluster
10,0.4,0.05,2.0,0.8887879050350179,dual_cluster
10,0.42500000000000004,0.05,2.0,0.8251025744828455,dual_cluster
10,0.45,0.05,2.0,0.9342841161963035,absorbed
10,0.47500000000000003,0.05,2.0,0.8993546086960316,dual_cluster
10,0.5,0.05,2.0,0.8686565717902303,dual_cluster
10,0.525,0.05,2.0,0.8560200443645519,dual_cluster
10,0.55,0.05,2.0,0.9589204755283827,absorbed
10,0.575,0.05,2.0,0.9210396780540197,dual_cluster
10,0.6,0.05,2.0,0.8921719089376556,dual_cluster
10,0.625,0.05,2.0,0.9118456552519371,dual_cluster
10,0.65,0.05,2.0,0.9176469914587341,dual_cluster
10,0.675,0.05,2.0,0.9217762669762977,dual_cluster
10,0.7,0.05,2.0,0.9256772554896301,dual_cluster
10,0.725,0.05,2.0,0.9293730577671068,dual_cluster
10,0.75,0.05,2.0,0.9328793199385914,dual_cluster
10,0.7749999999999999,0.05,2.0,0.9362060171677171,dual_cluster
10,0.8,0.05,2.0,0.9393597293408609,dual_cluster
10,0.825,0.05,2.0,0.9423453670540775,dual_cluster
10,0.85,0.05,2.0,0.9451673675383226,dual_cluster
10,0.875,0.05,2.0,0.9478304216780354,dual_cluster
10,0.8999999999999999,0.05,2.0,0.950339827537932,dual_cluster
10,0.9249999999999999,0.05,2.0,0.9527015789611505,dual_cluster
10,0.95,0.05,2.0,0.9549222901753401,dual_cluster
10,0.975,0.05,2.0,0.9570090369875801,dual_cluster
10,1.0,0.05,2.0,0.9589691709786832,dual_cluster
10,1.025,0.05,2.0,0.9608101412761784,dual_cluster
10,1.0499999999999998,0.05,2.0,0.9625393417744382,dual_cluster
10,1.075,0.05,2.0,0.9641639904138611,dual_cluster
10,1.1,0.05,2.0,0.9656910404150759,dual_cluster
10,1.125,0.05,2.0,0.9671271199126189,dual_cluster
10,1.15,0.05,2.0,0.968478495078951,dual_cluster
10,1.1749999999999998,0.05,2.0,0.9697510516881295,dual_cluster
10,1.2,0.05,2.0,0.9709502905408983,dual_cluster
11,0.4,0.05,2.0,0.8516920909906127,dual_cluster
11,0.42500000000000004,0.05,2.0,0.8613446741051597,dual_cluster
11,0.45,0.05,2.0,0.8860988061394718,dual_cluster
11,0.47500000000000003,0.05,2.0,0.9153881603844588,dual_cluster
11,0.5,0.05,2.0,0.867733906719543,dual_cluster
11,0.525,0.05,2.0,0.8635538145863548,dual_cluster
11,0.55,0.05,2.0,0.9436024046424825,dual_cluster
11,0.575,0.05,2.0,0.8893426119602094,dual_cluster
11,0.6,0.05,2.0,0.9359437625828522,dual_cluster
11,0.625,0.05,2.0,0.9101952517002535,dual_cluster
11,0.65,0.05,2.0,0.915974076563622,dual_cluster
11,0.675,0.05,2.0,0.9202279461087679,dual_cluster
11,0.7,0.05,2.0,0.924233189092514,dual_cluster
11,0.725,0.05,2.0,0.9280206682916833,dual_cluster
11,0.75,0.05,2.0,0.9316085561332068,dual_cluster
11,0.7749999999999999,0.05,2.0,0.935008794638929,dual_cluster
11,0.8,0.05,2.0,0.9382294642729931,dual_cluster
11,0.825,0.05,2.0,0.9412765976203232,dual_cluster
11,0.85,0.05,2.0,0.9441554582649622,dual_cluster
11,0.875,0.05,2.0,0.9468713426556161,dual_cluster
11,0.8999999999999999,0.05,2.0,0.949429996825282,dual_cluster
11,0.9249999999999999,0.05,2.0,0.9518377547297919,dual_cluster
11,0.95,0.05,2.0,0.954101499450971,dual_cluster
11,0.975,0.05,2.0,0.9562285296676815,dual_cluster
11,1.0,0.05,2.0,0.9582263902932744,dual_cluster
11,1.025,0.05,2.0,0.9601027043370587,dual_cluster
11,1.0499999999999998,0.05,2.0,0.9618650259516,dual_cluster
11,1.075,0.05,2.0,0.9635207228630401,dual_cluster
11,1.1,0.05,2.0,0.9650768891864406,dual_cluster
11,1.125,0.05,2.0,0.9665402857913921,dual_cluster
11,1.15,0.05,2.0,0.9679173037496202,dual_cluster
11,1.1749999999999998,0.05,2.0,0.9692139460658441,dual_cluster
11,1.2,0.05,2.0,0.9704358232456443,dual_cluster
12,0.4,0.05,2.0,0.8429928344568621,dual_cluster
12,0.42500000000000004,0.05,2.0,0.8207604057140607,dual_cluster
12,0.45,0.05,2.0,0.8314513624452659,dual_cluster
12,0.47500000000000003,0.05,2.0,0.8421120022594311,dual_cluster
12,0.5,0.05,2.0,0.8460503059981769,dual_cluster
12,0.525,0.05,2.0,0.8540252893252869,dual_cluster
12,0.55,0.05,2.0,0.8631252724746532,dual_cluster
12,0.575,0.05,2.0,0.929868239222473,dual_cluster
12,0.6,0.05,2.0,0.9025750487397829,dual_cluster
12,0.625,0.05,2.0,0.9115941956975379,dual_cluster
12,0.65,0.05,2.0,0.9165190324234829,dual_cluster
12,0.675,0.05,2.0,0.9211386897017783,dual_cluster
12,0.7,0.05,2.0,0.9254850442146185,dual_cluster
12,0.725,0.05,2.0,0.929579303094659,dual_cluster
12,0.75,0.05,2.0,0.9334347340194814,dual_cluster
12,0.7749999999999999,0.05,2.0,0.9370604259023957,dual_cluster
12,0.8,0.05,2.0,0.9404639329133949,dual_cluster
12,0.825,0.05,2.0,0.9436528867180026,dual_cluster
12,0.85,0.05,2.0,0.9466357737701967,dual_cluster
12,0.875,0.05,2.0,0.9494221298122871,dual_cluster
12,0.8999999999999999,0.05,2.0,0.952022391975346,dual_cluster
12,0.9249999999999999,0.05,2.0,0.9544475953555318,dual_cluster
12,0.95,0.05,2.0,0.956709036528985,dual_cluster
12,0.975,0.05,2.0,0.958817971175639,dual_cluster
12,1.0,0.05,2.0,0.9607853740890735,dual_cluster
12,1.025,0.05,2.0,0.9626217665187715,dual_cluster
12,1.0499999999999998,0.05,2.0,0.9643371039874044,dual_cluster
12,1.075,0.05,2.0,0.9659407131998399,dual_cluster
12,1.1,0.05,2.0,0.9674412661380121,dual_cluster
12,1.125,0.05,2.0,0.9688467807819038,dual_cluster
12,1.15,0.05,2.0,0.9701646398823848,dual_cluster
12,1.1749999999999998,0.05,2.0,0.9714016212095317,dual_cluster
12,1.2,0.05,2.0,0.9725639344400021,dual_cluster
13,0.4,0.05,2.0,0.8471330548745507,dual_cluster
13,0.42500000000000004,0.05,2.0,0.8696698116301735,dual_cluster
13,0.45,0.05,2.0,0.9295870676283607,dual_cluster
13,0.47500000000000003,0.05,2.0,0.8996083084347307,dual_cluster
13,0.5,0.05,2.0,0.8778812595594555,dual_cluster
13,0.525,0.05,2.0,0.8642646894652579,dual_cluster
13,0.55,0.05,2.0,0.8874482469506066,fragmented
13,0.575,0.05,2.0,0.9356739399706191,dual_cluster
13,0.6,0.05,2.0,0.8921168154761329,dual_cluster
13,0.625,0.05,2.0,0.9149823309963655,dual_cluster
13,0.65,0.05,2.0,0.9189885155961136,dual_cluster
13,0.675,0.05,2.0,0.9230530252133956,dual_cluster
13,0.7,0.05,2.0,0.9268955497235092,dual_cluster
13,0.725,0.05,2.0,0.9305382006053493,dual_cluster
13,0.75,0.05,2.0,0.9339951428513363,dual_cluster
13,0.7749999999999999,0.05,2.0,0.9372752826849927,dual_cluster
13,0.8,0.05,2.0,0.9403844862918728,dual_cluster
13,0.825,0.05,2.0,0.9433272380832899,dual_cluster
13,0.85,0.05,2.0,0.9461077632238795,dual_cluster
13,0.875,0.05,2.0,0.9487306842414087,dual_cluster
13,0.8999999999999999,0.05,2.0,0.9512013146611593,dual_cluster
13,0.9249999999999999,0.05,2.0,0.9535257021448871,dual_cluster
13,0.95,0.05,2.0,0.9557105223326485,dual_cluster
13,0.975,0.05,2.0,0.9577629018114003,dual_cluster
13,1.0,0.05,2.0,0.9596902234693006,dual_cluster
13,1.025,0.05,2.0,0.9614999457010767,dual_cluster
13,1.0499999999999998,0.05,2.0,0.9631994507838221,dual_cluster
13,1.075,0.05,2.0,0.9647959271951326,dual_cluster
13,1.1,0.05,2.0,0.9662962845710684,dual_cluster
13,1.125,0.05,2.0,0.9677070970435574,dual_cluster
13,1.15,0.05,2.0,0.9690345696843201,dual_cluster
13,1.1749999999999998,0.05,2.0,0.9702845228566753,dual_cluster
13,1.2,0.05,2.0,0.9714623898742728,dual_cluster
14,0.4,0.05,2.0,0.7920799625198506,dual_cluster
14,0.42500000000000004,0.05,2.0,0.8166962320650906,dual_cluster
14,0.45,0.05,2.0,0.8776454978858872,dual_cluster
14,0.47500000000000003,0.05,2.0,0.9309965394387831,absorbed
14,0.5,0.05,2.0,0.8515858308504024,dual_cluster
14,0.525,0.05,2.0,0.916783255011371,dual_cluster
14,0.55,0.05,2.0,0.9480123630997375,dual_cluster
14,0.575,0.05,2.0,0.8724106844256712,dual_cluster
14,0.6,0.05,2.0,0.9004044001454962,dual_cluster
14,0.625,0.05,2.0,0.9086391483484898,dual_cluster
14,0.65,0.05,2.0,0.9136610117506619,dual_cluster
14,0.675,0.05,2.0,0.9183613986185569,dual_cluster
14,0.7,0.05,2.0,0.9227653181185476,dual_cluster
14,0.725,0.05,2.0,0.9269040697366145,dual_cluster
14,0.75,0.05,2.0,0.9307986812003572,dual_cluster
14,0.7749999999999999,0.05,2.0,0.9344637082712525,dual_cluster
14,0.8,0.05,2.0,0.9379100829074637,dual_cluster
14,0.825,0.05,2.0,0.9411470934905691,dual_cluster
14,0.85,0.05,2.0,0.9441836121364476,dual_cluster
14,0.875,0.05,2.0,0.9470287301844099,dual_cluster
14,0.8999999999999999,0.05,2.0,0.9496919797061808,dual_cluster
14,0.9249999999999999,0.05,2.0,0.9521833027190022,dual_cluster
14,0.95,0.05,2.0,0.9545128937515143,dual_cluster
14,0.975,0.05,2.0,0.9566910007638133,dual_cluster
14,1.0,0.05,2.0,0.9587277342821778,dual_cluster
14,1.025,0.05,2.0,0.9606329089428767,dual_cluster
14,1.0499999999999998,0.05,2.0,0.9624159252567757,dual_cluster
14,1.075,0.05,2.0,0.9640856902636898,dual_cluster
14,1.1,0.05,2.0,0.9656505714869861,dual_cluster
14,1.125,0.05,2.0,0.9671183772696766,dual_cluster
14,1.15,0.05,2.0,0.9684963567986448,dual_cluster
14,1.1749999999999998,0.05,2.0,0.9697912140422127,dual_cluster
14,1.2,0.05,2.0,0.9710091309492778,dual_cluster
15,0.4,0.05,2.0,0.8051767218078176,dual_cluster
15,0.42500000000000004,0.05,2.0,0.8999186223795036,dual_cluster
15,0.45,0.05,2.0,0.8414069909063849,dual_cluster
15,0.47500000000000003,0.05,2.0,0.8876496275765439,dual_cluster
15,0.5,0.05,2.0,0.9399066331693869,dual_cluster
15,0.525,0.05,2.0,0.9100008807084864,dual_cluster
15,0.55,0.05,2.0,0.8747298190896804,dual_cluster
15,0.575,0.05,2.0,0.9481527163058144,dual_cluster
15,0.6,0.05,2.0,0.8938976873219956,dual_cluster
15,0.625,0.05,2.0,0.911747104705,dual_cluster
15,0.65,0.05,2.0,0.915406109112447,dual_cluster
15,0.675,0.05,2.0,0.9197513475222822,dual_cluster
15,0.7,0.05,2.0,0.923837058392538,dual_cluster
15,0.725,0.05,2.0,0.9276924779265963,dual_cluster
15,0.75,0.05,2.0,0.9313373637785319,dual_cluster
15,0.7749999999999999,0.05,2.0,0.9347850697233275,dual_cluster
15,0.8,0.05,2.0,0.938044976705969,dual_cluster
15,0.825,0.05,2.0,0.9411243237590926,dual_cluster
15,0.85,0.05,2.0,0.9440294812673157,dual_cluster
15,0.875,0.05,2.0,0.9467667404813938,dual_cluster
15,0.8999999999999999,0.05,2.0,0.9493427208193373,dual_cluster
15,0.9249999999999999,0.05,2.0,0.9517645057630826,dual_cluster
15,0.95,0.05,2.0,0.954039608773306,dual_cluster
15,0.975,0.05,2.0,0.9561758498327655,dual_cluster
15,1.0,0.05,2.0,0.958181199195738,dual_cluster
15,1.025,0.05,2.0,0.9600636233679746,dual_cluster
15,1.0499999999999998,0.05,2.0,0.9618309518393516,dual_cluster
15,1.075,0.05,2.0,0.963490771921416,dual_cluster
15,1.1,0.05,2.0,0.9650503523114549,dual_cluster
15,1.125,0.05,2.0,0.9665165924777661,dual_cluster
15,1.15,0.05,2.0,0.967895993506235,dual_cluster
15,1.1749999999999998,0.05,2.0,0.9691946458034605,dual_cluster
15,1.2,0.05,2.0,0.9704182294308207,dual_cluster
16,0.4,0.05,2.0,0.8908488677299407,dual_cluster
16,0.42500000000000004,0.05,2.0,0.9227916745328097,dual_cluster
16,0.45,0.05,2.0,0.919391600037633,dual_cluster
16,0.47500000000000003,0.05,2.0,0.9272435253954178,dual_cluster
16,0.5,0.05,2.0,0.9409973661557152,dual_cluster
16,0.525,0.05,2.0,0.9493284175153729,dual_cluster
16,0.55,0.05,2.0,0.9423699880791825,dual_cluster
16,0.575,0.05,2.0,0.9109376899198037,dual_cluster
16,0.6,0.05,2.0,0.9087067329976221,dual_cluster
16,0.625,0.05,2.0,0.9150850700851576,dual_cluster
16,0.65,0.05,2.0,0.9196689565820173,dual_cluster
16,0.675,0.05,2.0,0.9239977717608739,dual_cluster
16,0.7,0.05,2.0,0.9280933972671047,dual_cluster
16,0.725,0.05,2.0,0.9319698517783723,dual_cluster
16,0.75,0.05,2.0,0.9356347543360514,dual_cluster
16,0.7749999999999999,0.05,2.0,0.939092700218567,dual_cluster
16,0.8,0.05,2.0,0.9423476377575355,dual_cluster
16,0.825,0.05,2.0,0.9454042851275858,dual_cluster
16,0.85,0.05,2.0,0.9482687590449799,dual_cluster
16,0.875,0.05,2.0,0.9509486540541421,dual_cluster
16,0.8999999999999999,0.05,2.0,0.9534528048788491,dual_cluster
16,0.9249999999999999,0.05,2.0,0.9557909132597737,dual_cluster
16,0.95,0.05,2.0,0.9579731574582062,dual_cluster
16,0.975,0.05,2.0,0.9600098480778795,dual_cluster
16,1.0,0.05,2.0,0.9619111556257721,dual_cluster
16,1.025,0.05,2.0,0.9636869125078485,dual_cluster
16,1.0499999999999998,0.05,2.0,0.9653464808785629,dual_cluster
16,1.075,0.05,2.0,0.9668986736664099,dual_cluster
16,1.1,0.05,2.0,0.9683517159079531,dual_cluster
16,1.125,0.05,2.0,0.9697132351179445,dual_cluster
16,1.15,0.05,2.0,0.9709902715912834,dual_cluster
16,1.1749999999999998,0.05,2.0,0.9721893016631633,dual_cluster
16,1.2,0.05,2.0,0.9733162687900245,dual_cluster
17,0.4,0.05,2.0,0.8756544380213713,dual_cluster
17,0.42500000000000004,0.05,2.0,0.9104073832243231,dual_cluster
17,0.45,0.05,2.0,0.8921372330820593,dual_cluster
17,0.47500000000000003,0.05,2.0,0.8479639494780216,dual_cluster
17,0.5,0.05,2.0,0.9209297923544212,dual_cluster
17,0.525,0.05,2.0,0.8618514635400205,dual_cluster
17,0.55,0.05,2.0,0.8933874041412743,dual_cluster
17,0.575,0.05,2.0,0.9380000407825174,dual_cluster
17,0.6,0.05,2.0,0.9403177184068996,dual_cluster
17,0.625,0.05,2.0,0.9190228831205033,dual_cluster
17,0.65,0.05,2.0,0.9144204370155393,dual_cluster
17,0.675,0.05,2.0,0.9187136790698468,dual_cluster
17,0.7,0.05,2.0,0.922766403195361,dual_cluster
17,0.725,0.05,2.0,0.9265893963658032,dual_cluster
17,0.75,0.05,2.0,0.9302051274583228,dual_cluster
17,0.7749999999999999,0.05,2.0,0.933628935320569,dual_cluster
17,0.8,0.05,2.0,0.9368714573361544,dual_cluster
17,0.825,0.05,2.0,0.9399405099137097,dual_cluster
17,0.85,0.05,2.0,0.9428424686104337,dual_cluster
17,0.875,0.05,2.0,0.9455831990623184,dual_cluster
17,0.8999999999999999,0.05,2.0,0.9481686125389281,dual_cluster
17,0.9249999999999999,0.05,2.0,0.950604934641381,dual_cluster
17,0.95,0.05,2.0,0.9528987760862423,dual_cluster
17,0.975,0.05,2.0,0.9550570829307864,dual_cluster
17,1.0,0.05,2.0,0.957087025780033,dual_cluster
17,1.025,0.05,2.0,0.9589958689217166,dual_cluster
17,1.0499999999999998,0.05,2.0,0.9607908443846579,dual_cluster
17,1.075,0.05,2.0,0.9624790439555977,dual_cluster
17,1.1,0.05,2.0,0.9640673341598062,dual_cluster
17,1.125,0.05,2.0,0.9655622943746038,dual_cluster
17,1.15,0.05,2.0,0.9669701756991977,dual_cluster
17,1.1749999999999998,0.05,2.0,0.9682968771459975,dual_cluster
17,1.2,0.05,2.0,0.9695479355384223,dual_cluster
18,0.4,0.05,2.0,0.8005752615752189,dual_cluster
18,0.42500000000000004,0.05,2.0,0.807611479912248,dual_cluster
18,0.45,0.05,2.0,0.8268286051519926,dual_cluster
18,0.47500000000000003,0.05,2.0,0.8620962986862374,dual_cluster
18,0.5,0.05,2.0,0.9107994315469305,dual_cluster
18,0.525,0.05,2.0,0.944123353778519,absorbed
18,0.55,0.05,2.0,0.8536437863041129,dual_cluster
18,0.575,0.05,2.0,0.8747211226308456,dual_cluster
18,0.6,0.05,2.0,0.8814936801487854,dual_cluster
18,0.625,0.05,2.0,0.9064249261198308,dual_cluster
18,0.65,0.05,2.0,0.9115319675215006,dual_cluster
18,0.675,0.05,2.0,0.9162894238083736,dual_cluster
18,0.7,0.05,2.0,0.9207486804929378,dual_cluster
18,0.725,0.05,2.0,0.9249431045648168,dual_cluster
18,0.75,0.05,2.0,0.9288953682470811,dual_cluster
18,0.7749999999999999,0.05,2.0,0.9326207435154105,dual_cluster
18,0.8,0.05,2.0,0.9361301466310483,dual_cluster
18,0.825,0.05,2.0,0.939432347914566,dual_cluster
18,0.85,0.05,2.0,0.9425354223866327,dual_cluster
18,0.875,0.05,2.0,0.9454475700154714,dual_cluster
18,0.8999999999999999,0.05,2.0,0.9481774679468555,dual_cluster
18,0.9249999999999999,0.05,2.0,0.9507343169628107,dual_cluster
18,0.95,0.05,2.0,0.9531277181270553,dual_cluster
18,0.975,0.05,2.0,0.9553674780884529,dual_cluster
18,1.0,0.05,2.0,0.9574634051904605,dual_cluster
18,1.025,0.05,2.0,0.9594251298290574,dual_cluster
18,1.0499999999999998,0.05,2.0,0.9612619629023037,dual_cluster
18,1.075,0.05,2.0,0.9629827944446626,dual_cluster
18,1.1,0.05,2.0,0.9645960284701446,dual_cluster
18,1.125,0.05,2.0,0.9661095476029347,dual_cluster
18,1.15,0.05,2.0,0.9675307006885857,dual_cluster
18,1.1749999999999998,0.05,2.0,0.9688663072130972,dual_cluster
18,1.2,0.05,2.0,0.9701226733876017,dual_cluster
19,0.4,0.05,2.0,0.8823768059491087,dual_cluster
19,0.42500000000000004,0.05,2.0,0.8205379045593393,dual_cluster
19,0.45,0.05,2.0,0.8879027818117239,dual_cluster
19,0.47500000000000003,0.05,2.0,0.9126562299035036,dual_cluster
19,0.5,0.05,2.0,0.8908776755352974,dual_cluster
19,0.525,0.05,2.0,0.9396354182705694,dual_cluster
19,0.55,0.05,2.0,0.8915425164565203,dual_cluster
19,0.575,0.05,2.0,0.9286030974866122,dual_cluster
19,0.6,0.05,2.0,0.9238529230191691,dual_cluster
19,0.625,0.05,2.0,0.9123417234867888,dual_cluster
19,0.65,0.05,2.0,0.9169100629784969,dual_cluster
19,0.675,0.05,2.0,0.9213042352300054,dual_cluster
19,0.7,0.05,2.0,0.9254474411121748,dual_cluster
19,0.725,0.05,2.0,0.9293623976753523,dual_cluster
19,0.75,0.05,2.0,0.9330633341472319,dual_cluster
19,0.7749999999999999,0.05,2.0,0.9365593846952455,dual_cluster
19,0.8,0.05,2.0,0.9398571481783129,dual_cluster
19,0.825,0.05,2.0,0.942962453639421,dual_cluster
19,0.85,0.05,2.0,0.9458814155665254,dual_cluster
19,0.875,0.05,2.0,0.9486209264247811,dual_cluster
19,0.8999999999999999,0.05,2.0,0.951188759271631,dual_cluster
19,0.9249999999999999,0.05,2.0,0.9535934399610889,dual_cluster
19,0.95,0.05,2.0,0.9558440125366592,dual_cluster
19,0.975,0.05,2.0,0.9579497801771956,dual_cluster
19,1.0,0.05,2.0,0.9599200685405993,dual_cluster
19,1.025,0.05,2.0,0.9617640327207739,dual_cluster
19,1.0499999999999998,0.05,2.0,0.9634905129921529,dual_cluster
19,1.075,0.05,2.0,0.9651079358490943,dual_cluster
19,1.1,0.05,2.0,0.9666242530710507,dual_cluster
19,1.125,0.05,2.0,0.9680469106361314,dual_cluster
19,1.15,0.05,2.0,0.9693828398683157,dual_cluster
19,1.1749999999999998,0.05,2.0,0.9706384643780984,dual_cluster
19,1.2,0.05,2.0,0.9718197176670222,dual_cluster
0,0.4,0.05,3.0,0.8925651303382355,dual_cluster
0,0.42500000000000004,0.05,3.0,0.8715033384557727,dual_cluster
0,0.45,0.05,3.0,0.8644480171462251,dual_cluster
0,0.47500000000000003,0.05,3.0,0.9294662336855679,dual_cluster
0,0.5,0.05,3.0,0.8972094479725117,dual_cluster
0,0.525,0.05,3.0,0.8523359069990339,dual_cluster
0,0.55,0.05,3.0,0.939272388264878,dual_cluster
0,0.575,0.05,3.0,0.8764326885287639,dual_cluster
0,0.6,0.05,3.0,0.9199616206935451,dual_cluster
0,0.625,0.05,3.0,0.9186057185980814,dual_cluster
0,0.65,0.05,3.0,0.9156850409101875,dual_cluster
0,0.675,0.05,3.0,0.9199204646237816,dual_cluster
0,0.7,0.05,3.0,0.9239088182180629,dual_cluster
0,0.725,0.05,3.0,0.9276797333789095,dual_cluster
0,0.75,0.05,3.0,0.9312524033609216,dual_cluster
0,0.7749999999999999,0.05,3.0,0.9346395127896728,dual_cluster
0,0.8,0.05,3.0,0.9378496155241474,dual_cluster
0,0.825,0.05,3.0,0.9408889697138033,dual_cluster
0,0.85,0.05,3.0,0.9437628551894482,dual_cluster
0,0.875,0.05,3.0,0.9464764251909515,dual_cluster
0,0.8999999999999999,0.05,3.0,0.9490351756166298,dual_cluster
0,0.9249999999999999,0.05,3.0,0.951445130985203,dual_cluster
0,0.95,0.05,3.0,0.9537128438329163,dual_cluster
0,0.975,0.05,3.0,0.955845288559082,dual_cluster
0,1.0,0.05,3.0,0.9578497094504574,dual_cluster
0,1.025,0.05,3.0,0.9597334618952484,dual_cluster
0,1.0499999999999998,0.05,3.0,0.9615038689706202,dual_cluster
0,1.075,0.05,3.0,0.9631681035970886,dual_cluster
0,1.1,0.05,3.0,0.9647330988303107,dual_cluster
0,1.125,0.05,3.0,0.9662054845759267,dual_cluster
0,1.15,0.05,3.0,0.9675915469975832,dual_cluster
0,1.1749999999999998,0.05,3.0,0.9688972062679175,dual_cluster
0,1.2,0.05,3.0,0.9701280084619592,dual_cluster
1,0.4,0.05,3.0,0.8256207123415743,dual_cluster
1,0.42500000000000004,0.05,3.0,0.8945335751317142,dual_cluster
1,0.45,0.05,3.0,0.8371843749203093,dual_cluster
1,0.47500000000000003,0.05,3.0,0.9003999274299836,dual_cluster
1,0.5,0.05,3.0,0.9458178053671049,absorbed
1,0.525,0.05,3.0,0.9329719206859406,dual_cluster
1,0.55,0.05,3.0,0.9144272650739943,dual_cluster
1,0.575,0.05,3.0,0.8913627314057543,dual_cluster
1,0.6,0.05,3.0,0.8761983698708025,dual_cluster
1,0.625,0.05,3.0,0.9278691571968978,dual_cluster
1,0.65,0.05,3.0,0.9147026320446512,dual_cluster
1,0.675,0.05,3.0,0.9195620771421338,dual_cluster
1,0.7,0.05,3.0,0.9233834461772468,dual_cluster
1,0.725,0.05,3.0,0.9269979416493919,dual_cluster
1,0.75,0.05,3.0,0.9304271490734699,dual_cluster
1,0.7749999999999999,0.05,3.0,0.9336860729133298,dual_cluster
1,0.8,0.05,3.0,0.9367848598279206,dual_cluster
1,0.825,0.05,3.0,0.9397305211025213,dual_cluster
1,0.85,0.05,3.0,0.9425282686800701,dual_cluster
1,0.875,0.05,3.0,0.945182488043763,dual_cluster
1,0.8999999999999999,0.05,3.0,0.9476973866358349,dual_cluster
1,0.9249999999999999,0.05,3.0,0.9500773730253266,dual_cluster
1,0.95,0.05,3.0,0.9523272310729475,dual_cluster
1,0.975,0.05,3.0,0.954452152507464,dual_cluster
1,1.0,0.05,3.0,0.9564576827904735,dual_cluster
1,1.025,0.05,3.0,0.958349622739868,dual_cluster
1,1.0499999999999998,0.05,3.0,0.9601339155429248,dual_cluster
1,1.075,0.05,3.0,0.9618165376796047,dual_cluster
1,1.1,0.05,3.0,0.963403403786021,dual_cluster
1,1.125,0.05,3.0,0.9649002896292228,dual_cluster
1,1.15,0.05,3.0,0.966312773701808,dual_cluster
1,1.1749999999999998,0.05,3.0,0.9676461959088651,dual_cluster
1,1.2,0.05,3.0,0.968905630881299,dual_cluster
2,0.4,0.05,3.0,0.802796766239785,dual_cluster
2,0.42500000000000004,0.05,3.0,0.9014123388395751,absorbed
2,0.45,0.05,3.0,0.8533161898929956,dual_cluster
2,0.47500000000000003,0.05,3.0,0.8278631864423054,dual_cluster
2,0.5,0.05,3.0,0.9179464149807669,dual_cluster
2,0.525,0.05,3.0,0.9405380366271439,dual_cluster
2,0.55,0.05,3.0,0.9178794979480654,dual_cluster
2,0.575,0.05,3.0,0.8792555402316896,dual_cluster
2,0.6,0.05,3.0,0.920819678901038,dual_cluster
2,0.625,0.05,3.0,0.9063518822905436,dual_cluster
2,0.65,0.05,3.0,0.9117856776192443,dual_cluster
2,0.675,0.05,3.0,0.9166902057374281,dual_cluster
2,0.7,0.05,3.0,0.9212875219515929,dual_cluster
2,0.725,0.05,3.0,0.9256082984902909,dual_cluster
2,0.75,0.05,3.0,0.9296723291923268,dual_cluster
2,0.7749999999999999,0.05,3.0,0.9334929246141898,dual_cluster
2,0.8,0.05,3.0,0.9370801658955114,dual_cluster
2,0.825,0.05,3.0,0.9404430657894071,dual_cluster
2,0.85,0.05,3.0,0.9435907974470295,dual_cluster
2,0.875,0.05,3.0,0.9465332220308597,dual_cluster
2,0.8999999999999999,0.05,3.0,0.9492809593863941,dual_cluster
2,0.9249999999999999,0.05,3.0,0.9518452100547509,dual_cluster
2,0.95,0.05,3.0,0.9542374784421107,dual_cluster
2,0.975,0.05,3.0,0.9564692891892667,dual_cluster
2,1.0,0.05,3.0,0.9585519437536062,dual_cluster
2,1.025,0.05,3.0,0.9604963344758685,dual_cluster
2,1.0499999999999998,0.05,3.0,0.9623128164785303,dual_cluster
2,1.075,0.05,3.0,0.9640111297053132,dual_cluster
2,1.1,0.05,3.0,0.9656003607387376,dual_cluster
2,1.125,0.05,3.0,0.967088934192301,dual_cluster
2,1.15,0.05,3.0,0.9684846248812632,dual_cluster
2,1.1749999999999998,0.05,3.0,0.9697945837463506,dual_cluster
2,1.2,0.05,3.0,0.971025372201397,dual_cluster
3,0.4,0.05,3.0,0.8526212644955069,dual_cluster
3,0.42500000000000004,0.05,3.0,0.9069565178009759,absorbed
3,0.45,0.05,3.0,0.8253310486785184,dual_cluster
3,0.47500000000000003,0.05,3.0,0.9204126030821163,dual_cluster
3,0.5,0.05,3.0,0.8532296415093495,dual_cluster
3,0.525,0.05,3.0,0.9448813720680383,absorbed
3,0.55,0.05,3.0,0.881990360428692,dual_cluster
3,0.575,0.05,3.0,0.9316992840281912,dual_cluster
3,0.6,0.05,3.0,0.9139527388448322,dual_cluster
3,0.625,0.05,3.0,0.9083089705572672,dual_cluster
3,0.65,0.05,3.0,0.9134168185533497,dual_cluster
3,0.675,0.05,3.0,0.9181327134700402,dual_cluster
3,0.7,0.05,3.0,0.9225573428699756,dual_cluster
3,0.725,0.05,3.0,0.9267203519222644,dual_cluster
3,0.75,0.05,3.0,0.9306411376366496,dual_cluster
3,0.7749999999999999,0.05,3.0,0.9343328051088625,dual_cluster
3,0.8,0.05,3.0,0.9378051160259757,dual_cluster
3,0.825,0.05,3.0,0.9410665112455063,dual_cluster
3,0.85,0.05,3.0,0.9441253271361876,dual_cluster
3,0.875,0.05,3.0,0.9469903843765495,dual_cluster
3,0.8999999999999999,0.05,3.0,0.9496711470856299,dual_cluster
3,0.9249999999999999,0.05,3.0,0.9521776296123583,dual_cluster
3,0.95,0.05,3.0,0.9545201856924427,dual_cluster
3,0.975,0.05,3.0,0.9567092683584963,dual_cluster
3,1.0,0.05,3.0,0.9587552102067205,dual_cluster
3,1.025,0.05,3.0,0.9606680462044465,dual_cluster
3,1.0499999999999998,0.05,3.0,0.9624573843612209,dual_cluster
3,1.075,0.05,3.0,0.9641323206389658,dual_cluster
3,1.1,0.05,3.0,0.9657013906742496,dual_cluster
3,1.125,0.05,3.0,0.9671725500435346,dual_cluster
3,1.15,0.05,3.0,0.9685531754454714,dual_cluster
3,1.1749999999999998,0.05,3.0,0.9698500804134291,dual_cluster
3,1.2,0.05,3.0,0.9710695405238163,dual_cluster
4,0.4,0.05,3.0,0.8190031286593918,dual_cluster
4,0.42500000000000004,0.05,3.0,0.9132566694164237,dual_cluster
4,0.45,0.05,3.0,0.8367856278071282,dual_cluster
4,0.47500000000000003,0.05,3.0,0.9398382609221188,absorbed
4,0.5,0.05,3.0,0.9048177102598597,dual_cluster
4,0.525,0.05,3.0,0.8652464825333903,dual_cluster
4,0.55,0.05,3.0,0.9561722507573477,absorbed
4,0.575,0.05,3.0,0.9174252297363106,dual_cluster
4,0.6,0.05,3.0,0.9050932011375555,dual_cluster
4,0.625,0.05,3.0,0.9080141393195827,dual_cluster
4,0.65,0.05,3.0,0.9163381575506279,dual_cluster
4,0.675,0.05,3.0,0.9205547179211868,dual_cluster
4,0.7,0.05,3.0,0.9245302362431104,dual_cluster
4,0.725,0.05,3.0,0.9282908314871706,dual_cluster
4,0.75,0.05,3.0,0.9318545360737037,dual_cluster
4,0.7749999999999999,0.05,3.0,0.9352330915075997,dual_cluster
4,0.8,0.05,3.0,0.9384343536888982,dual_cluster
4,0.825,0.05,3.0,0.9414641284844377,dual_cluster
4,0.85,0.05,3.0,0.9443274626270333,dual_cluster
4,0.875,0.05,3.0,0.9470294514431139,dual_cluster
4,0.8999999999999999,0.05,3.0,0.9495756578407589,dual_cluster
4,0.9249999999999999,0.05,3.0,0.9519722509557835,dual_cluster
4,0.95,0.05,3.0,0.9542259666607664,dual_cluster
4,0.975,0.05,3.0,0.9563439728665236,dual_cluster
4,1.0,0.05,3.0,0.9583336987904316,dual_cluster
4,1.025,0.05,3.0,0.9602026653924517,dual_cluster
4,1.0499999999999998,0.05,3.0,0.9619583370173214,dual_cluster
4,1.075,0.05,3.0,0.9636080024833266,dual_cluster
4,1.1,0.05,3.0,0.9651586866447236,dual_cluster
4,1.125,0.05,3.0,0.9666170896068372,dual_cluster
4,1.15,0.05,3.0,0.967989549131518,dual_cluster
4,1.1749999999999998,0.05,3.0,0.9692820214344666,dual_cluster
4,1.2,0.05,3.0,0.9705000759244158,dual_cluster
5,0.4,0.05,3.0,0.8807024926334585,dual_cluster
5,0.42500000000000004,0.05,3.0,0.8773873390336621,dual_cluster
5,0.45,0.05,3.0,0.8863742230171141,dual_cluster
5,0.47500000000000003,0.05,3.0,0.8499128482977153,dual_cluster
5,0.5,0.05,3.0,0.9390808218380373,dual_cluster
5,0.525,0.05,3.0,0.8866561302968802,dual_cluster
5,0.55,0.05,3.0,0.9000323336365248,fragmented
5,0.575,0.05,3.0,0.91003790097459,dual_cluster
5,0.6,0.05,3.0,0.93404851721137,dual_cluster
5,0.625,0.05,3.0,0.9133307598265101,dual_cluster
5,0.65,0.05,3.0,0.9180422452135109,dual_cluster
5,0.675,0.05,3.0,0.9221456812662029,dual_cluster
5,0.7,0.05,3.0,0.9260159261507173,dual_cluster
5,0.725,0.05,3.0,0.9296787460045914,dual_cluster
5,0.75,0.05,3.0,0.933150996608755,dual_cluster
5,0.7749999999999999,0.05,3.0,0.9364437282653593,dual_cluster
5,0.8,0.05,3.0,0.939564425377098,dual_cluster
5,0.825,0.05,3.0,0.9425187048996768,dual_cluster
5,0.85,0.05,3.0,0.9453115036840954,dual_cluster
5,0.875,0.05,3.0,0.9479478172257344,dual_cluster
5,0.8999999999999999,0.05,3.0,0.950433080381545,dual_cluster
5,0.9249999999999999,0.05,3.0,0.9527732912251651,dual_cluster
5,0.95,0.05,3.0,0.9549749721152736,dual_cluster
5,0.975,0.05,3.0,0.9570450438003486,dual_cluster
5,1.0,0.05,3.0,0.9589906665509232,dual_cluster
5,1.025,0.05,3.0,0.9608190823114714,dual_cluster
5,1.0499999999999998,0.05,3.0,0.962537476277802,dual_cluster
5,1.075,0.05,3.0,0.9641528655683095,dual_cluster
5,1.1,0.05,3.0,0.9656720160557022,dual_cluster
5,1.125,0.05,3.0,0.9671013848689406,dual_cluster
5,1.15,0.05,3.0,0.9684470845269032,dual_cluster
5,1.1749999999999998,0.05,3.0,0.9697148643159936,dual_cluster
5,1.2,0.05,3.0,0.9709101048122054,dual_cluster
6,0.4,0.05,3.0,0.8158211030812962,dual_cluster
6,0.42500000000000004,0.05,3.0,0.8856317022486521,dual_cluster
6,0.45,0.05,3.0,0.8326684773195334,dual_cluster
6,0.47500000000000003,0.05,3.0,0.9385469639795894,absorbed
6,0.5,0.05,3.0,0.903149335886748,dual_cluster
6,0.525,0.05,3.0,0.8707548437050892,dual_cluster
6,0.55,0.05,3.0,0.8597279338884833,dual_cluster
6,0.575,0.05,3.0,0.9384994466624137,dual_cluster
6,0.6,0.05,3.0,0.8868442496313579,dual_cluster
6,0.625,0.05,3.0,0.9137500810422627,dual_cluster
6,0.65,0.05,3.0,0.9162742199173148,dual_cluster
6,0.675,0.05,3.0,0.9204966338737532,dual_cluster
6,0.7,0.05,3.0,0.9244792175576044,dual_cluster
6,0.725,0.05,3.0,0.9282471980712891,dual_cluster
6,0.75,0.05,3.0,0.9318184732742985,dual_cluster
6,0.7749999999999999,0.05,3.0,0.935204590453615,dual_cluster
6,0.8,0.05,3.0,0.9384132021147109,dual_cluster
6,0.825,0.05,3.0,0.9414499355497588,dual_cluster
6,0.85,0.05,3.0,0.9443197021234666,dual_cluster
6,0.875,0.05,3.0,0.9470275106426486,dual_cluster
6,0.8999999999999999,0.05,3.0,0.9495788831169207,dual_cluster
6,0.9249999999999999,0.05,3.0,0.9519799852610051,dual_cluster
6,0.95,0.05,3.0,0.954237577159052,dual_cluster
6,0.975,0.05,3.0,0.9563588691491859,dual_cluster
6,1.0,0.05,3.0,0.9583513432082426,dual_cluster
6,1.025,0.05,3.0,0.960222577392355,dual_cluster
6,1.0499999999999998,0.05,3.0,0.9619800932787383,dual_cluster
6,1.075,0.05,3.0,0.9636312343479262,dual_cluster
6,1.1,0.05,3.0,0.9651830759782666,dual_cluster
6,1.125,0.05,3.0,0.9666423639038609,dual_cluster
6,1.15,0.05,3.0,0.9680154764060095,dual_cluster
6,1.1749999999999998,0.05,3.0,0.9693084052376287,dual_cluster
6,1.2,0.05,3.0,0.970526750686608,dual_cluster
7,0.4,0.05,3.0,0.8498258182957379,dual_cluster
7,0.42500000000000004,0.05,3.0,0.8724189630957833,dual_cluster
7,0.45,0.05,3.0,0.9123051538806922,dual_cluster
7,0.47500000000000003,0.05,3.0,0.9263425924335678,dual_cluster
7,0.5,0.05,3.0,0.8559698144611363,dual_cluster
7,0.525,0.05,3.0,0.9210745849780126,dual_cluster
7,0.55,0.05,3.0,0.9537436492128406,absorbed
7,0.575,0.05,3.0,0.8741010083161473,dual_cluster
7,0.6,0.05,3.0,0.8879936520247839,dual_cluster
7,0.625,0.05,3.0,0.9096257669395702,dual_cluster
7,0.65,0.05,3.0,0.9152899630508339,dual_cluster
7,0.675,0.05,3.0,0.9197367344970792,dual_cluster
7,0.7,0.05,3.0,0.9239272233034238,dual_cluster
7,0.725,0.05,3.0,0.9278871520145647,dual_cluster
7,0.75,0.05,3.0,0.9316326406496855,dual_cluster
7,0.7749999999999999,0.05,3.0,0.935173900750175,dual_cluster
7,0.8,0.05,3.0,0.9385179578201263,dual_cluster
7,0.825,0.05,3.0,0.9416705994556719,dual_cluster
7,0.85,0.05,3.0,0.9446376080022867,dual_cluster
7,0.875,0.05,3.0,0.9474254026026506,dual_cluster
7,0.8999999999999999,0.05,3.0,0.9500412517217935,dual_cluster
7,0.9249999999999999,0.05,3.0,0.9524932152059372,dual_cluster
7,0.95,0.05,3.0,0.9547899462908978,dual_cluster
7,0.975,0.05,3.0,0.9569404454024586,dual_cluster
7,1.0,0.05,3.0,0.9589538215426574,dual_cluster
7,1.025,0.05,3.0,0.960839089432316,dual_cluster
7,1.0499999999999998,0.05,3.0,0.9626050123002423,dual_cluster
7,1.075,0.05,3.0,0.9642599896625387,dual_cluster
7,1.1,0.05,3.0,0.9658119843097762,dual_cluster
7,1.125,0.05,3.0,0.9672684809463757,dual_cluster
7,1.15,0.05,3.0,0.9686364689879624,dual_cluster
7,1.1749999999999998,0.05,3.0,0.9699224429389849,dual_cluster
7,1.2,0.05,3.0,0.9711324149740614,dual_cluster
8,0.4,0.05,3.0,0.8751969395422738,absorbed
8,0.42500000000000004,0.05,3.0,0.8722134811140144,dual_cluster
8,0.45,0.05,3.0,0.8583542561998622,dual_cluster
8,0.47500000000000003,0.05,3.0,0.8630072164795877,dual_cluster
8,0.5,0.05,3.0,0.8810377128096036,dual_cluster
8,0.525,0.05,3.0,0.9049096527740832,dual_cluster
8,0.55,0.05,3.0,0.9237547480355811,dual_cluster
8,0.575,0.05,3.0,0.9260817615472315,dual_cluster
8,0.6,0.05,3.0,0.9066948722019984,dual_cluster
8,0.625,0.05,3.0,0.9000195254711408,dual_cluster
8,0.65,0.05,3.0,0.9106509350485373,dual_cluster
8,0.675,0.05,3.0,0.9154184059086624,dual_cluster
8,0.7,0.05,3.0,0.9198879254980147,dual_cluster
8,0.725,0.05,3.0,0.9240899535629884,dual_cluster
8,0.75,0.05,3.0,0.92804924472912,dual_cluster
8,0.7749999999999999,0.05,3.0,0.9317825580258984,dual_cluster
8,0.8,0.05,3.0,0.935301741984455,dual_cluster
8,0.825,0.05,3.0,0.9386160214076689,dual_cluster
8,0.85,0.05,3.0,0.9417335526615546,dual_cluster
8,0.875,0.05,3.0,0.94466235778042,dual_cluster
8,0.8999999999999999,0.05,3.0,0.9474107815523825,dual_cluster
8,0.9249999999999999,0.05,3.0,0.9499876223163396,dual_cluster
8,0.95,0.05,3.0,0.952402068672867,dual_cluster
8,0.975,0.05,3.0,0.9546635424790005,dual_cluster
8,1.0,0.05,3.0,0.9567815149691077,dual_cluster
8,1.025,0.05,3.0,0.9587653347070114,dual_cluster
8,1.0499999999999998,0.05,3.0,0.9606240858030232,dual_cluster
8,1.075,0.05,3.0,0.9623664819595124,dual_cluster
8,1.1,0.05,3.0,0.9640007947347333,dual_cluster
8,1.125,0.05,3.0,0.9655348110765422,dual_cluster
8,1.15,0.05,3.0,0.9669758141506467,dual_cluster
8,1.1749999999999998,0.05,3.0,0.9683305816990477,dual_cluster
8,1.2,0.05,3.0,0.9696053969354782,dual_cluster
9,0.4,0.05,3.0,0.8014024945093081,dual_cluster
9,0.42500000000000004,0.05,3.0,0.9039212769405802,dual_cluster
9,0.45,0.05,3.0,0.8317019759335605,dual_cluster
9,0.47500000000000003,0.05,3.0,0.9301176885025105,dual_cluster
9,0.5,0.05,3.0,0.9190396486342881,dual_cluster
9,0.525,0.05,3.0,0.8859635218578815,dual_cluster
9,0.55,0.05,3.0,0.8617937169587119,dual_cluster
9,0.575,0.05,3.0,0.9541686340409933,dual_cluster
9,0.6,0.05,3.0,0.905854538850827,dual_cluster
9,0.625,0.05,3.0,0.920005268798874,dual_cluster
9,0.65,0.05,3.0,0.9138422132726696,dual_cluster
9,0.675,0.05,3.0,0.9182737050579541,dual_cluster
9,0.7,0.05,3.0,0.9224129283682689,dual_cluster
9,0.725,0.05,3.0,0.9263217155761803,dual_cluster
9,0.75,0.05,3.0,0.9300207159981668,dual_cluster
9,0.7749999999999999,0.05,3.0,0.9335235180470277,dual_cluster
9,0.8,0.05,3.0,0.9368392772542363,dual_cluster
9,0.825,0.05,3.0,0.9399747331869907,dual_cluster
9,0.85,0.05,3.0,0.9429356392229735,dual_cluster
9,0.875,0.05,3.0,0.9457276687479861,dual_cluster
9,0.8999999999999999,0.05,3.0,0.9483568971300413,dual_cluster
9,0.9249999999999999,0.05,3.0,0.950829975471492,dual_cluster
9,0.95,0.05,3.0,0.9531541068223536,dual_cluster
9,0.975,0.05,3.0,0.955336915386596,dual_cluster
9,1.0,0.05,3.0,0.9573862736778961,dual_cluster
9,1.025,0.05,3.0,0.9593101286412163,dual_cluster
9,1.0499999999999998,0.05,3.0,0.9611163489553822,dual_cluster
9,1.075,0.05,3.0,0.9628126027783116,dual_cluster
9,1.1,0.05,3.0,0.9644062672731472,dual_cluster
9,1.125,0.05,3.0,0.9659043670276551,dual_cluster
9,1.15,0.05,3.0,0.9673135366749619,dual_cluster
9,1.1749999999999998,0.05,3.0,0.9686400026474609,dual_cluster
9,1.2,0.05,3.0,0.9698895793652172,dual_cluster
10,0.4,0.05,3.0,0.8912107745561875,dual_cluster
10,0.42500000000000004,0.05,3.0,0.8245029585528549,dual_cluster
10,0.45,0.05,3.0,0.9349254785664787,absorbed
10,0.47500000000000003,0.05,3.0,0.9120852909535998,dual_cluster
10,0.5,0.05,3.0,0.8855540010838352,dual_cluster
10,0.525,0.05,3.0,0.8695604888707177,dual_cluster
10,0.55,0.05,3.0,0.8610240253980053,dual_cluster
10,0.575,0.05,3.0,0.954169318372801,dual_cluster
10,0.6,0.05,3.0,0.9075631114958728,dual_cluster
10,0.625,0.05,3.0,0.917504967021107,dual_cluster
10,0.65,0.05,3.0,0.917584359440859,dual_cluster
10,0.675,0.05,3.0,0.9217070557653911,dual_cluster
10,0.7,0.05,3.0,0.9256009552288063,dual_cluster
10,0.725,0.05,3.0,0.9292927591838318,dual_cluster
10,0.75,0.05,3.0,0.9327977123228492,dual_cluster
10,0.7749999999999999,0.05,3.0,0.9361253000714604,dual_cluster
10,0.8,0.05,3.0,0.9392815875760554,dual_cluster
10,0.825,0.05,3.0,0.9422709969725782,dual_cluster
10,0.85,0.05,3.0,0.9450975374279423,dual_cluster
10,0.875,0.05,3.0,0.9477655491341653,dual_cluster
10,0.8999999999999999,0.05,3.0,0.950280059821444,dual_cluster
10,0.9249999999999999,0.05,3.0,0.9526468669297233,dual_cluster
10,0.95,0.05,3.0,0.9548724508249575,dual_cluster
10,0.975,0.05,3.0,0.9569638030706742,dual_cluster
10,1.0,0.05,3.0,0.9589282283425072,dual_cluster
10,1.025,0.05,3.0,0.9607731556667218,dual_cluster
10,1.0499999999999998,0.05,3.0,0.9625059772045429,dual_cluster
10,1.075,0.05,3.0,0.9641339211116313,dual_cluster
10,1.1,0.05,3.0,0.9656639580817067,dual_cluster
10,1.125,0.05,3.0,0.967102737671967,dual_cluster
10,1.15,0.05,3.0,0.9684565491714816,dual_cluster
10,1.1749999999999998,0.05,3.0,0.9697313016822035,dual_cluster
10,1.2,0.05,3.0,0.9709325186126446,dual_cluster
11,0.4,0.05,3.0,0.8347962499301929,dual_cluster
11,0.42500000000000004,0.05,3.0,0.8742656952690461,dual_cluster
11,0.45,0.05,3.0,0.8413164005982442,dual_cluster
11,0.47500000000000003,0.05,3.0,0.9355948458973886,dual_cluster
11,0.5,0.05,3.0,0.8995324257217316,dual_cluster
11,0.525,0.05,3.0,0.870075734695818,dual_cluster
11,0.55,0.05,3.0,0.8578140136708284,dual_cluster
11,0.575,0.05,3.0,0.9438524386691276,dual_cluster
11,0.6,0.05,3.0,0.8908961742944783,dual_cluster
11,0.625,0.05,3.0,0.9166193069145839,dual_cluster
11,0.65,0.05,3.0,0.9159064311106605,dual_cluster
11,0.675,0.05,3.0,0.9201478388497366,dual_cluster
11,0.7,0.05,3.0,0.9241471254271466,dual_cluster
11,0.725,0.05,3.0,0.9279318382306,dual_cluster
11,0.75,0.05,3.0,0.9315196440504282,dual_cluster
11,0.7749999999999999,0.05,3.0,0.9349219277148889,dual_cluster
11,0.8,0.05,3.0,0.9381462169236373,dual_cluster
11,0.825,0.05,3.0,0.9411980395018462,dual_cluster
11,0.85,0.05,3.0,0.944082229280576,dual_cluster
11,0.875,0.05,3.0,0.9468037391906924,dual_cluster
11,0.8999999999999999,0.05,3.0,0.9493680567652588,dual_cluster
11,0.9249999999999999,0.05,3.0,0.9517813332252598,dual_cluster
11,0.95,0.05,3.0,0.9540503315429111,dual_cluster
11,0.975,0.05,3.0,0.9561822790071803,dual_cluster
11,1.0,0.05,3.0,0.9581846851091953,dual_cluster
11,1.025,0.05,3.0,0.9600651627139705,dual_cluster
11,1.0499999999999998,0.05,3.0,0.9618312726996853,dual_cluster
11,1.075,0.05,3.0,0.9634904000914292,dual_cluster
11,1.1,0.05,3.0,0.9650496623499529,dual_cluster
11,1.125,0.05,3.0,0.9665158466019266,dual_cluster
11,1.15,0.05,3.0,0.9678953709964007,dual_cluster
11,1.1749999999999998,0.05,3.0,0.9691942651007673,dual_cluster
11,1.2,0.05,3.0,0.9704181646653139,dual_cluster
12,0.4,0.05,3.0,0.8497864181128603,dual_cluster
12,0.42500000000000004,0.05,3.0,0.8302633574613053,dual_cluster
12,0.45,0.05,3.0,0.8339387051865038,dual_cluster
12,0.47500000000000003,0.05,3.0,0.8497291122849445,dual_cluster
12,0.5,0.05,3.0,0.8742805910128922,dual_cluster
12,0.525,0.05,3.0,0.8975121187693812,dual_cluster
12,0.55,0.05,3.0,0.90542593841733,dual_cluster
12,0.575,0.05,3.0,0.8914259178521237,dual_cluster
12,0.6,0.05,3.0,0.9066707990383277,dual_cluster
12,0.625,0.05,3.0,0.9114709752894015,dual_cluster
12,0.65,0.05,3.0,0.9163778735876678,dual_cluster
12,0.675,0.05,3.0,0.9209909403679083,dual_cluster
12,0.7,0.05,3.0,0.925336310719,dual_cluster
12,0.725,0.05,3.0,0.9294340746494996,dual_cluster
12,0.75,0.05,3.0,0.9332963066321943,dual_cluster
12,0.7749999999999999,0.05,3.0,0.9369309682323428,dual_cluster
12,0.8,0.05,3.0,0.9403446490668462,dual_cluster
12,0.825,0.05,3.0,0.9435442244852489,dual_cluster
12,0.85,0.05,3.0,0.9465376350379553,dual_cluster
12,0.875,0.05,3.0,0.9493340554423575,dual_cluster
12,0.8999999999999999,0.05,3.0,0.9519437088781789,dual_cluster
12,0.9249999999999999,0.05,3.0,0.954377524642905,dual_cluster
12,0.95,0.05,3.0,0.9566467677584893,dual_cluster
12,0.975,0.05,3.0,0.9587627099376028,dual_cluster
12,1.0,0.05,3.0,0.9607363701057385,dual_cluster
12,1.025,0.05,3.0,0.9625783282902651,dual_cluster
12,1.0499999999999998,0.05,3.0,0.9642986046101327,dual_cluster
12,1.075,0.05,3.0,0.9659065906870197,dual_cluster
12,1.1,0.05,3.0,0.9674110205293062,dual_cluster
12,1.125,0.05,3.0,0.9688199695527854,dual_cluster
12,1.15,0.05,3.0,0.9701408726148342,dual_cluster
12,1.1749999999999998,0.05,3.0,0.9713805541117279,dual_cluster
12,1.2,0.05,3.0,0.9725452650555383,dual_cluster
13,0.4,0.05,3.0,0.84737378794997,dual_cluster
13,0.42500000000000004,0.05,3.0,0.8489305120513829,dual_cluster
13,0.45,0.05,3.0,0.9375411899528684,absorbed
13,0.47500000000000003,0.05,3.0,0.929200654367963,dual_cluster
13,0.5,0.05,3.0,0.920882985821023,dual_cluster
13,0.525,0.05,3.0,0.9158449025199937,dual_cluster
13,0.55,0.05,3.0,0.9053175990478953,dual_cluster
13,0.575,0.05,3.0,0.8855434062791624,dual_cluster
13,0.6,0.05,3.0,0.9335142821431618,dual_cluster
13,0.625,0.05,3.0,0.9137082349823711,dual_cluster
13,0.65,0.05,3.0,0.9188807045149491,dual_cluster
13,0.675,0.05,3.0,0.9229342251414249,dual_cluster
13,0.7,0.05,3.0,0.9267709594395375,dual_cluster
13,0.725,0.05,3.0,0.9304119402370874,dual_cluster
13,0.75,0.05,3.0,0.9338705896035076,dual_cluster
13,0.7749999999999999,0.05,3.0,0.9371550305240063,dual_cluster
13,0.8,0.05,3.0,0.9402703783134091,dual_cluster
13,0.825,0.05,3.0,0.9432204515584861,dual_cluster
13,0.85,0.05,3.0,0.946008924222284,dual_cluster
13,0.875,0.05,3.0,0.9486399908391243,dual_cluster
13,0.8999999999999999,0.05,3.0,0.9511186531535891,dual_cluster
13,0.9249999999999999,0.05,3.0,0.9534507470764884,dual_cluster
13,0.95,0.05,3.0,0.955642816711504,dual_cluster
13,0.975,0.05,3.0,0.9577019177508937,dual_cluster
13,1.0,0.05,3.0,0.9596354056639798,dual_cluster
13,1.025,0.05,3.0,0.9614507409929919,dual_cluster
13,1.0499999999999998,0.05,3.0,0.9631553270966912,dual_cluster
13,1.075,0.05,3.0,0.9647563847119558,dual_cluster
13,1.1,0.05,3.0,0.9662608614785045,dual_cluster
13,1.125,0.05,3.0,0.96767537161732,dual_cluster
13,1.15,0.05,3.0,0.9690061600148779,dual_cluster
13,1.1749999999999998,0.05,3.0,0.9702590851350992,dual_cluster
13,1.2,0.05,3.0,0.971439615870353,dual_cluster
14,0.4,0.05,3.0,0.8525482504403241,dual_cluster
14,0.42500000000000004,0.05,3.0,0.8070836985915645,dual_cluster
14,0.45,0.05,3.0,0.8702418612679209,dual_cluster
14,0.47500000000000003,0.05,3.0,0.9264910103203565,dual_cluster
14,0.5,0.05,3.0,0.8721220967729634,dual_cluster
14,0.525,0.05,3.0,0.946587507681737,absorbed
14,0.55,0.05,3.0,0.8802878536294143,dual_cluster
14,0.575,0.05,3.0,0.9238253785161356,dual_cluster
14,0.6,0.05,3.0,0.9225811126282346,dual_cluster
14,0.625,0.05,3.0,0.9086342678411659,dual_cluster
14,0.65,0.05,3.0,0.9135036362665232,dual_cluster
14,0.675,0.05,3.0,0.9181926180687744,dual_cluster
14,0.7,0.05,3.0,0.922591611498645,dual_cluster
14,0.725,0.05,3.0,0.9267309430742052,dual_cluster
14,0.75,0.05,3.0,0.9306304772809929,dual_cluster
14,0.7749999999999999,0.05,3.0,0.9343035879410332,dual_cluster
14,0.8,0.05,3.0,0.9377601192870425,dual_cluster
14,0.825,0.05,3.0,0.9410084385182972,dual_cluster
14,0.85,0.05,3.0,0.9440566938293744,dual_cluster
14,0.875,0.05,3.0,0.9469134472344195,dual_cluster
14,0.8999999999999999,0.05,3.0,0.9495878723458684,dual_cluster
14,0.9249999999999999,0.05,3.0,0.9520896904462967,dual_cluster
14,0.95,0.05,3.0,0.9544289789552143,dual_cluster
14,0.975,0.05,3.0,0.9566159421199875,dual_cluster
14,1.0,0.05,3.0,0.9586606957482651,dual_cluster
14,1.025,0.05,3.0,0.9605730903276296,dual_cluster
14,1.0499999999999998,0.05,3.0,0.9623625795907732,dual_cluster
14,1.075,0.05,3.0,0.9640381321332777,dual_cluster
14,1.1,0.05,3.0,0.9656081794497097,dual_cluster
14,1.125,0.05,3.0,0.9670805925828366,dual_cluster
14,1.15,0.05,3.0,0.9684626800006948,dual_cluster
14,1.1749999999999998,0.05,3.0,0.9697612004151064,dual_cluster
14,1.2,0.05,3.0,0.9709823855259133,dual_cluster
15,0.4,0.05,3.0,0.803454938475215,dual_cluster
15,0.42500000000000004,0.05,3.0,0.9036683760967604,dual_cluster
15,0.45,0.05,3.0,0.8483549861911714,dual_cluster
15,0.47500000000000003,0.05,3.0,0.846984653050832,dual_cluster
15,0.5,0.05,3.0,0.9420541936794433,dual_cluster
15,0.525,0.05,3.0,0.9424791020210732,dual_cluster
15,0.55,0.05,3.0,0.9187341809682639,dual_cluster
15,0.575,0.05,3.0,0.8847533070422796,dual_cluster
15,0.6,0.05,3.0,0.9359049032629227,dual_cluster
15,0.625,0.05,3.0,0.9072509048813245,dual_cluster
15,0.65,0.05,3.0,0.9153227974636544,dual_cluster
15,0.675,0.05,3.0,0.9196503390764549,dual_cluster
15,0.7,0.05,3.0,0.9237254523091256,dual_cluster
15,0.725,0.05,3.0,0.927574810692935,dual_cluster
15,0.75,0.05,3.0,0.9312175943288616,dual_cluster
15,0.7749999999999999,0.05,3.0,0.9346664463105808,dual_cluster
15,0.8,0.05,3.0,0.9379299971345104,dual_cluster
15,0.825,0.05,3.0,0.9410147710580783,dual_cluster
15,0.85,0.05,3.0,0.943926509919617,dual_cluster
15,0.875,0.05,3.0,0.9466709882193078,dual_cluster
15,0.8999999999999999,0.05,3.0,0.9492544254830593,dual_cluster
15,0.9249999999999999,0.05,3.0,0.9516836133245214,dual_cluster
15,0.95,0.05,3.0,0.9539658650975511,dual_cluster
15,0.975,0.05,3.0,0.9561088737702395,dual_cluster
15,1.0,0.05,3.0,0.9581205378129384,dual_cluster
15,1.025,0.05,3.0,0.9600087917759004,dual_cluster
15,1.0499999999999998,0.05,3.0,0.9617814606326623,dual_cluster
15,1.075,0.05,3.0,0.9634461451495095,dual_cluster
15,1.1,0.05,3.0,0.9650101385025452,dual_cluster
15,1.125,0.05,3.0,0.9664803707414845,dual_cluster
15,1.15,0.05,3.0,0.9678633762639743,dual_cluster
15,1.1749999999999998,0.05,3.0,0.9691652792887713,dual_cluster
15,1.2,0.05,3.0,0.97039179277783,dual_cluster
16,0.4,0.05,3.0,0.8881740938027656,dual_cluster
16,0.42500000000000004,0.05,3.0,0.9261179120738827,absorbed
16,0.45,0.05,3.0,0.9301737597112852,dual_cluster
16,0.47500000000000003,0.05,3.0,0.9428250136067061,dual_cluster
16,0.5,0.05,3.0,0.9473824842336149,dual_cluster
16,0.525,0.05,3.0,0.8583627004450666,dual_cluster
16,0.55,0.05,3.0,0.8665510013496828,dual_cluster
16,0.575,0.05,3.0,0.9136823479303287,dual_cluster
16,0.6,0.05,3.0,0.9160614501277009,dual_cluster
16,0.625,0.05,3.0,0.9149892865293011,dual_cluster
16,0.65,0.05,3.0,0.9195696600084066,dual_cluster
16,0.675,0.05,3.0,0.9238929454598624,dual_cluster
16,0.7,0.05,3.0,0.9279873003543885,dual_cluster
16,0.725,0.05,3.0,0.9318658896540236,dual_cluster
16,0.75,0.05,3.0,0.935535427206054,dual_cluster
16,0.7749999999999999,0.05,3.0,0.9389996586102366,dual_cluster
16,0.8,0.05,3.0,0.9422618089357063,dual_cluster
16,0.825,0.05,3.0,0.9453260313194126,dual_cluster
16,0.85,0.05,3.0,0.9481980355091285,dual_cluster
16,0.875,0.05,3.0,0.9508851469714178,dual_cluster
16,0.8999999999999999,0.05,3.0,0.9533960405121469,dual_cluster
16,0.9249999999999999,0.05,3.0,0.9557403379627774,dual_cluster
16,0.95,0.05,3.0,0.9579281924914111,dual_cluster
16,0.975,0.05,3.0,0.9599699247215363,dual_cluster
16,1.0,0.05,3.0,0.9618757359398834,dual_cluster
16,1.025,0.05,3.0,0.963655500207188,dual_cluster
16,1.0499999999999998,0.05,3.0,0.9653186257305352,dual_cluster
16,1.075,0.05,3.0,0.9668739718564906,dual_cluster
16,1.1,0.05,3.0,0.9683298080478675,dual_cluster
16,1.125,0.05,3.0,0.9696938030013257,dual_cluster
16,1.15,0.05,3.0,0.9709730343994315,dual_cluster
16,1.1749999999999998,0.05,3.0,0.9721740120502378,dual_cluster
16,1.2,0.05,3.0,0.9733027090966908,dual_cluster
17,0.4,0.05,3.0,0.8744341760322266,dual_cluster
17,0.42500000000000004,0.05,3.0,0.910939210767622,dual_cluster
17,0.45,0.05,3.0,0.8832057926905332,dual_cluster
17,0.47500000000000003,0.05,3.0,0.8542983048024057,dual_cluster
17,0.5,0.05,3.0,0.9337112719901386,dual_cluster
17,0.525,0.05,3.0,0.8528033170220704,dual_cluster
17,0.55,0.05,3.0,0.923341966840278,dual_cluster
17,0.575,0.05,3.0,0.9016227891766838,dual_cluster
17,0.6,0.05,3.0,0.8838894254186598,dual_cluster
17,0.625,0.05,3.0,0.8998920043872624,dual_cluster
17,0.65,0.05,3.0,0.9142712218006618,dual_cluster
17,0.675,0.05,3.0,0.9186465663136951,dual_cluster
17,0.7,0.05,3.0,0.9226900272340646,dual_cluster
17,0.725,0.05,3.0,0.926507031870465,dual_cluster
17,0.75,0.05,3.0,0.9301197372283906,dual_cluster
17,0.7749999999999999,0.05,3.0,0.9335430368578859,dual_cluster
17,0.8,0.05,3.0,0.9367870681624882,dual_cluster
17,0.825,0.05,3.0,0.939859147942973,dual_cluster
17,0.85,0.05,3.0,0.9427651930060349,dual_cluster
17,0.875,0.05,3.0,0.9455106756063277,dual_cluster
17,0.8999999999999999,0.05,3.0,0.9481011891199803,dual_cluster
17,0.9249999999999999,0.05,3.0,0.9505427159462267,dual_cluster
17,0.95,0.05,3.0,0.952841690608777,dual_cluster
17,0.975,0.05,3.0,0.9550049389711274,dual_cluster
17,1.0,0.05,3.0,0.9570395557040052,dual_cluster
17,1.025,0.05,3.0,0.9589527625379629,dual_cluster
17,1.0499999999999998,0.05,3.0,0.9607517730655145,dual_cluster
17,1.075,0.05,3.0,0.9624436773430034,dual_cluster
17,1.1,0.05,3.0,0.9640353511943959,dual_cluster
17,1.125,0.05,3.0,0.9655333901354849,dual_cluster
17,1.15,0.05,3.0,0.9669440652499571,dual_cluster
17,1.1749999999999998,0.05,3.0,0.9682732973062905,dual_cluster
17,1.2,0.05,3.0,0.9695266452648511,dual_cluster
18,0.4,0.05,3.0,0.8000203877363473,dual_cluster
18,0.42500000000000004,0.05,3.0,0.8089115974666292,dual_cluster
18,0.45,0.05,3.0,0.831767614901881,dual_cluster
18,0.47500000000000003,0.05,3.0,0.8732343595026435,dual_cluster
18,0.5,0.05,3.0,0.9265312849314327,dual_cluster
18,0.525,0.05,3.0,0.8653396821122242,dual_cluster
18,0.55,0.05,3.0,0.8733852431308344,dual_cluster
18,0.575,0.05,3.0,0.9039807284342429,dual_cluster
18,0.6,0.05,3.0,0.9075193701675943,dual_cluster
18,0.625,0.05,3.0,0.9041471846340866,dual_cluster
18,0.65,0.05,3.0,0.9114752753015449,dual_cluster
18,0.675,0.05,3.0,0.9162285174279774,dual_cluster
18,0.7,0.05,3.0,0.9206843927509845,dual_cluster
18,0.725,0.05,3.0,0.9248778012252664,dual_cluster
18,0.75,0.05,3.0,0.9288309703729613,dual_cluster
18,0.7749999999999999,0.05,3.0,0.9325587040788994,dual_cluster
18,0.8,0.05,3.0,0.936071474660102,dual_cluster
18,0.825,0.05,3.0,0.9393776651868403,dual_cluster
18,0.85,0.05,3.0,0.9424850368052842,dual_cluster
18,0.875,0.05,3.0,0.9454015519683201,dual_cluster
18,0.8999999999999999,0.05,3.0,0.9481357201363273,dual_cluster
18,0.9249999999999999,0.05,3.0,0.9506966326729512,dual_cluster
18,0.95,0.05,3.0,0.953093826482436,dual_cluster
18,0.975,0.05,3.0,0.9553370771449244,dual_cluster
18,1.0,0.05,3.0,0.9574361848120828,dual_cluster
18,1.025,0.05,3.0,0.9594007866050803,dual_cluster
18,1.0499999999999998,0.05,3.0,0.9612402091987919,dual_cluster
18,1.075,0.05,3.0,0.9629633633291295,dual_cluster
18,1.1,0.05,3.0,0.9645786758520192,dual_cluster
18,1.125,0.05,3.0,0.9660940525758197,dual_cluster
18,1.15,0.05,3.0,0.9675168647705092,dual_cluster
18,1.1749999999999998,0.05,3.0,0.9688539529604488,dual_cluster
18,1.2,0.05,3.0,0.9701116426978945,dual_cluster
19,0.4,0.05,3.0,0.8805131415210227,dual_cluster
19,0.42500000000000004,0.05,3.0,0.8209833651845363,dual_cluster
19,0.45,0.05,3.0,0.8972258092231762,dual_cluster
19,0.47500000000000003,0.05,3.0,0.8613491547112626,dual_cluster
19,0.5,0.05,3.0,0.9138424298617582,dual_cluster
19,0.525,0.05,3.0,0.8559272436477466,dual_cluster
19,0.55,0.05,3.0,0.9324024779955085,dual_cluster
19,0.575,0.05,3.0,0.8751152505050747,dual_cluster
19,0.6,0.05,3.0,0.892965446418788,dual_cluster
19,0.625,0.05,3.0,0.9118958719159206,dual_cluster
19,0.65,0.05,3.0,0.9168259518724565,dual_cluster
19,0.675,0.05,3.0,0.921210363259703,dual_cluster
19,0.7,0.05,3.0,0.9253480945378436,dual_cluster
19,0.725,0.05,3.0,0.9292613390468757,dual_cluster
19,0.75,0.05,3.0,0.932963619025124,dual_cluster
19,0.7749999999999999,0.05,3.0,0.9364633141716752,dual_cluster
19,0.8,0.05,3.0,0.9397663076049318,dual_cluster
19,0.825,0.05,3.0,0.9428778084140569,dual_cluster
19,0.85,0.05,3.0,0.9458034339970468,dual_cluster
19,0.875,0.05,3.0,0.9485497053741849,dual_cluster
19,0.8999999999999999,0.05,3.0,0.9511241369013246,dual_cluster
19,0.9249999999999999,0.05,3.0,0.9535350881041665,dual_cluster
19,0.95,0.05,3.0,0.9557915072564623,dual_cluster
19,0.975,0.05,3.0,0.9579026525794156,dual_cluster
19,1.0,0.05,3.0,0.9598778394165608,dual_cluster
19,1.025,0.05,3.0,0.9617262348348793,dual_cluster
19,1.0499999999999998,0.05,3.0,0.9634567044089405,dual_cluster
19,1.075,0.05,3.0,0.965077707038893,dual_cluster
19,1.1,0.05,3.0,0.9665972298666418,dual_cluster
19,1.125,0.05,3.0,0.9680227545382343,dual_cluster
19,1.15,0.05,3.0,0.9693612467444339,dual_cluster
19,1.1749999999999998,0.05,3.0,0.970619162261197,dual_cluster
19,1.2,0.05,3.0,0.9718024641180202,dual_cluster
0,0.4,0.1,1.0,0.8802948550707849,dual_cluster
0,0.42500000000000004,0.1,1.0,0.7247855770531038,dual_cluster
0,0.45,0.1,1.0,0.890517203656831,dual_cluster
0,0.47500000000000003,0.1,1.0,0.7589954636980759,dual_cluster
0,0.5,0.1,1.0,0.877305600633327,dual_cluster
0,0.525,0.1,1.0,0.9227453450268527,dual_cluster
0,0.55,0.1,1.0,0.8512449997719419,dual_cluster
0,0.575,0.1,1.0,0.7823703541924901,dual_cluster
0,0.6,0.1,1.0,0.9378691275440298,dual_cluster
0,0.625,0.1,1.0,0.829586295877712,dual_cluster
0,0.65,0.1,1.0,0.8693619372887889,dual_cluster
0,0.675,0.1,1.0,0.8629444605573954,dual_cluster
0,0.7,0.1,1.0,0.8689102797775811,dual_cluster
0,0.725,0.1,1.0,0.8746834422590004,dual_cluster
0,0.75,0.1,1.0,0.8802787264713844,dual_cluster
0,0.7749999999999999,0.1,1.0,0.885698409503147,dual_cluster
0,0.8,0.1,1.0,0.8909383340404572,dual_cluster
0,0.825,0.1,1.0,0.8959906699522384,dual_cluster
0,0.85,0.1,1.0,0.9008463211778368,dual_cluster
0,0.875,0.1,1.0,0.9054968389330227,dual_cluster
0,0.8999999999999999,0.1,1.0,0.9099357575752086,dual_cluster
0,0.9249999999999999,0.1,1.0,0.9141593502270269,dual_cluster
0,0.95,0.1,1.0,0.918166879924382,dual_cluster
0,0.975,0.1,1.0,0.9219604714362509,dual_cluster
0,1.0,0.1,1.0,0.9255447418418262,dual_cluster
0,1.025,0.1,1.0,0.9289263124642082,dual_cluster
0,1.0499999999999998,0.1,1.0,0.9321132946276431,dual_cluster
0,1.075,0.1,1.0,0.9351148090461272,dual_cluster
0,1.1,0.1,1.0,0.9379405708143154,dual_cluster
0,1.125,0.1,1.0,0.9406005517415792,dual_cluster
0,1.15,0.1,1.0,0.9431047189606339,dual_cluster
0,1.1749999999999998,0.1,1.0,0.945462841806987,dual_cluster
0,1.2,0.1,1.0,0.947684356078461,dual_cluster
1,0.4,0.1,1.0,0.7696883279918708,dual_cluster
1,0.42500000000000004,0.1,1.0,0.8603925876764517,dual_cluster
1,0.45,0.1,1.0,0.9078380640792802,dual_cluster
1,0.47500000000000003,0.1,1.0,0.7612775085484695,dual_cluster
1,0.5,0.1,1.0,0.9294322044782589,dual_cluster
1,0.525,0.1,1.0,0.7824890102045587,dual_cluster
1,0.55,0.1,1.0,0.9517569891738087,absorbed
1,0.575,0.1,1.0,0.8304198071867498,dual_cluster
1,0.6,0.1,1.0,0.9440633484235297,dual_cluster
1,0.625,0.1,1.0,0.8084170731015963,dual_cluster
1,0.65,0.1,1.0,0.8472989247689169,dual_cluster
1,0.675,0.1,1.0,0.8637674350354829,dual_cluster
1,0.7,0.1,1.0,0.8695502282511602,dual_cluster
1,0.725,0.1,1.0,0.8751777164525738,dual_cluster
1,0.75,0.1,1.0,0.8806373404411132,dual_cluster
1,0.7749999999999999,0.1,1.0,0.8859326203672147,dual_cluster
1,0.8,0.1,1.0,0.8910603866326952,dual_cluster
1,0.825,0.1,1.0,0.8960134405167977,dual_cluster
1,0.85,0.1,1.0,0.9007828767363713,dual_cluster
1,0.875,0.1,1.0,0.905359985138215,dual_cluster
1,0.8999999999999999,0.1,1.0,0.909737639324685,dual_cluster
1,0.9249999999999999,0.1,1.0,0.9139111477743528,dual_cluster
1,0.95,0.1,1.0,0.9178786173208809,dual_cluster
1,0.975,0.1,1.0,0.9216409319951525,dual_cluster
1,1.0,0.1,1.0,0.9252014713071287,dual_cluster
1,1.025,0.1,1.0,0.9285656850181969,dual_cluster
1,1.0499999999999998,0.1,1.0,0.9317406176247481,dual_cluster
1,1.075,0.1,1.0,0.9347344465887298,dual_cluster
1,1.1,0.1,1.0,0.937556071650321,dual_cluster
1,1.125,0.1,1.0,0.9402147720077458,dual_cluster
1,1.15,0.1,1.0,0.9427199343530983,dual_cluster
1,1.1749999999999998,0.1,1.0,0.9450808466887706,dual_cluster
1,1.2,0.1,1.0,0.9473065489619653,dual_cluster
2,0.4,0.1,1.0,0.7831498352804668,dual_cluster
2,0.42500000000000004,0.1,1.0,0.6988914772101879,dual_cluster
2,0.45,0.1,1.0,0.8879061984792679,dual_cluster
2,0.47500000000000003,0.1,1.0,0.9135427555254534,dual_cluster
2,0.5,0.1,1.0,0.919793139153802,dual_cluster
2,0.525,0.1,1.0,0.9364408020530663,absorbed
2,0.55,0.1,1.0,0.8794302781354892,dual_cluster
2,0.575,0.1,1.0,0.7575095770683097,dual_cluster
2,0.6,0.1,1.0,0.7803897039429111,dual_cluster
2,0.625,0.1,1.0,0.7924817710671885,dual_cluster
2,0.65,0.1,1.0,0.8608917794819244,dual_cluster
2,0.675,0.1,1.0,0.8574192930110859,dual_cluster
2,0.7,0.1,1.0,0.8636470891588807,dual_cluster
2,0.725,0.1,1.0,0.8699088861643728,dual_cluster
2,0.75,0.1,1.0,0.8759528578947935,dual_cluster
2,0.7749999999999999,0.1,1.0,0.8817866377673605,dual_cluster
2,0.8,0.1,1.0,0.8874089219047756,dual_cluster
2,0.825,0.1,1.0,0.8928132426261016,dual_cluster
2,0.85,0.1,1.0,0.8979911840954866,dual_cluster
2,0.875,0.1,1.0,0.9029348813640447,dual_cluster
2,0.8999999999999999,0.1,1.0,0.9076387060374902,dual_cluster
2,0.9249999999999999,0.1,1.0,0.912100164369143,dual_cluster
2,0.95,0.1,1.0,0.9163201409235887,dual_cluster
2,0.975,0.1,1.0,0.9203026773310645,dual_cluster
2,1.0,0.1,1.0,0.9240544782919539,dual_cluster
2,1.025,0.1,1.0,0.9275843035081347,dual_cluster
2,1.0499999999999998,0.1,1.0,0.9309023565590948,dual_cluster
2,1.075,0.1,1.0,0.9340197361770177,dual_cluster
2,1.1,0.1,1.0,0.9369479799584696,dual_cluster
2,1.125,0.1,1.0,0.9396987069593182,dual_cluster
2,1.15,0.1,1.0,0.9422833521108558,dual_cluster
2,1.1749999999999998,0.1,1.0,0.94471297911542,dual_cluster
2,1.2,0.1,1.0,0.9469981567424007,dual_cluster
3,0.4,0.1,1.0,0.6931178804635127,dual_cluster
3,0.42500000000000004,0.1,1.0,0.7685130335068897,dual_cluster
3,0.45,0.1,1.0,0.7743504735060971,dual_cluster
3,0.47500000000000003,0.1,1.0,0.7375181015262273,dual_cluster
3,0.5,0.1,1.0,0.7789376597982123,dual_cluster
3,0.525,0.1,1.0,0.8577946173255452,dual_cluster
3,0.55,0.1,1.0,0.9244609576216696,dual_cluster
3,0.575,0.1,1.0,0.9382992540548974,dual_cluster
3,0.6,0.1,1.0,0.8998490475026488,dual_cluster
3,0.625,0.1,1.0,0.8915805294847021,dual_cluster
3,0.65,0.1,1.0,0.8548943296480119,dual_cluster
3,0.675,0.1,1.0,0.8611981709098098,dual_cluster
3,0.7,0.1,1.0,0.8676744130842875,dual_cluster
3,0.725,0.1,1.0,0.8739135912364737,dual_cluster
3,0.75,0.1,1.0,0.879928314388068,dual_cluster
3,0.7749999999999999,0.1,1.0,0.8857207477261109,dual_cluster
3,0.8,0.1,1.0,0.8912865659474906,dual_cluster
3,0.825,0.1,1.0,0.8966184084692115,dual_cluster
3,0.85,0.1,1.0,0.90170866841924,dual_cluster
3,0.875,0.1,1.0,0.9065514864812939,dual_cluster
3,0.8999999999999999,0.1,1.0,0.9111439267331433,dual_cluster
3,0.9249999999999999,0.1,1.0,0.9154864311365708,dual_cluster
3,0.95,0.1,1.0,0.9195827295233159,dual_cluster
3,0.975,0.1,1.0,0.923439405290238,dual_cluster
3,1.0,0.1,1.0,0.9270652945395493,dual_cluster
3,1.025,0.1,1.0,0.930470850548259,dual_cluster
3,1.0499999999999998,0.1,1.0,0.933667556213766,dual_cluster
3,1.075,0.1,1.0,0.9366674262091585,dual_cluster
3,1.1,0.1,1.0,0.9394826119342594,dual_cluster
3,1.125,0.1,1.0,0.9421251051223878,dual_cluster
3,1.15,0.1,1.0,0.9446065273587503,dual_cluster
3,1.1749999999999998,0.1,1.0,0.9469379897930658,dual_cluster
3,1.2,0.1,1.0,0.9491300075784396,dual_cluster
4,0.4,0.1,1.0,0.7154222811466051,dual_cluster
4,0.42500000000000004,0.1,1.0,0.8706950315969091,dual_cluster
4,0.45,0.1,1.0,0.7511941187698529,dual_cluster
4,0.47500000000000003,0.1,1.0,0.9044834765251916,dual_cluster
4,0.5,0.1,1.0,0.7895947682252977,dual_cluster
4,0.525,0.1,1.0,0.7982574738073127,dual_cluster
4,0.55,0.1,1.0,0.9409736160861795,dual_cluster
4,0.575,0.1,1.0,0.86011086163812,dual_cluster
4,0.6,0.1,1.0,0.7828726101511275,dual_cluster
4,0.625,0.1,1.0,0.8854169155165937,dual_cluster
4,0.65,0.1,1.0,0.8627238839742191,dual_cluster
4,0.675,0.1,1.0,0.8641624176210464,dual_cluster
4,0.7,0.1,1.0,0.8701339556566213,dual_cluster
4,0.725,0.1,1.0,0.8758898145109165,dual_cluster
4,0.75,0.1,1.0,0.8814672859474795,dual_cluster
4,0.7749999999999999,0.1,1.0,0.8868685243604042,dual_cluster
4,0.8,0.1,1.0,0.8920891284370159,dual_cluster
4,0.825,0.1,1.0,0.8971209695729215,dual_cluster
4,0.85,0.1,1.0,0.9019546872381919,dual_cluster
4,0.875,0.1,1.0,0.9065816732253977,dual_cluster
4,0.8999999999999999,0.1,1.0,0.9109954422383798,dual_cluster
4,0.9249999999999999,0.1,1.0,0.9151923853230748,dual_cluster
4,0.95,0.1,1.0,0.9191719928271334,dual_cluster
4,0.975,0.1,1.0,0.9229366863271782,dual_cluster
4,1.0,0.1,1.0,0.9264914094697367,dual_cluster
4,1.025,0.1,1.0,0.9298431074252494,dual_cluster
4,1.0499999999999998,0.1,1.0,0.9330001900482605,dual_cluster
4,1.075,0.1,1.0,0.9359720381577062,dual_cluster
4,1.1,0.1,1.0,0.9387685830240223,dual_cluster
4,1.125,0.1,1.0,0.9413999685353265,dual_cluster
4,1.15,0.1,1.0,0.9438762929325872,dual_cluster
4,1.1749999999999998,0.1,1.0,0.9462074205340233,dual_cluster
4,1.2,0.1,1.0,0.9484028514677062,dual_cluster
5,0.4,0.1,1.0,0.739345497361065,dual_cluster
5,0.42500000000000004,0.1,1.0,0.7584975361834095,dual_cluster
5,0.45,0.1,1.0,0.8076446083685134,dual_cluster
5,0.47500000000000003,0.1,1.0,0.8841128666490412,dual_cluster
5,0.5,0.1,1.0,0.9406136739280897,absorbed
5,0.525,0.1,1.0,0.7642334149069988,dual_cluster
5,0.55,0.1,1.0,0.8215770819238482,dual_cluster
5,0.575,0.1,1.0,0.8625203282673208,dual_cluster
5,0.6,0.1,1.0,0.8570326434666135,dual_cluster
5,0.625,0.1,1.0,0.8343221817054585,dual_cluster
5,0.65,0.1,1.0,0.8607325971485769,dual_cluster
5,0.675,0.1,1.0,0.8670794732575067,dual_cluster
5,0.7,0.1,1.0,0.8731989453563335,dual_cluster
5,0.725,0.1,1.0,0.8791225579972374,dual_cluster
5,0.75,0.1,1.0,0.8848526440461516,dual_cluster
5,0.7749999999999999,0.1,1.0,0.8903837514942813,dual_cluster
5,0.8,0.1,1.0,0.8957061511276768,dual_cluster
5,0.825,0.1,1.0,0.9008088748793155,dual_cluster
5,0.85,0.1,1.0,0.9056820960050094,dual_cluster
5,0.875,0.1,1.0,0.9103187263901321,dual_cluster
5,0.8999999999999999,0.1,1.0,0.9147152366775521,dual_cluster
5,0.9249999999999999,0.1,1.0,0.9188718232177846,dual_cluster
5,0.95,0.1,1.0,0.9227921110581988,dual_cluster
5,0.975,0.1,1.0,0.9264825890915156,dual_cluster
5,1.0,0.1,1.0,0.9299519402907994,dual_cluster
5,1.025,0.1,1.0,0.9332103805430456,dual_cluster
5,1.0499999999999998,0.1,1.0,0.9362690719315289,dual_cluster
5,1.075,0.1,1.0,0.9391396393563097,dual_cluster
5,1.1,0.1,1.0,0.9418337950073367,dual_cluster
5,1.125,0.1,1.0,0.9443630615211863,dual_cluster
5,1.15,0.1,1.0,0.9467385785628991,dual_cluster
5,1.1749999999999998,0.1,1.0,0.9489709761855334,dual_cluster
5,1.2,0.1,1.0,0.951070299459474,dual_cluster
6,0.4,0.1,1.0,0.8833427063776126,dual_cluster
6,0.42500000000000004,0.1,1.0,0.7305950725228899,dual_cluster
6,0.45,0.1,1.0,0.8421990338792863,dual_cluster
6,0.47500000000000003,0.1,1.0,0.8370137457043935,dual_cluster
6,0.5,0.1,1.0,0.8691426552658499,dual_cluster
6,0.525,0.1,1.0,0.7593331814726448,dual_cluster
6,0.55,0.1,1.0,0.9435942943024216,dual_cluster
6,0.575,0.1,1.0,0.831223297499703,dual_cluster
6,0.6,0.1,1.0,0.9368403448077771,dual_cluster
6,0.625,0.1,1.0,0.8241982522967188,dual_cluster
6,0.65,0.1,1.0,0.8622458783601881,dual_cluster
6,0.675,0.1,1.0,0.8645474887465113,dual_cluster
6,0.7,0.1,1.0,0.8703639778976654,dual_cluster
6,0.725,0.1,1.0,0.8760365117617636,dual_cluster
6,0.75,0.1,1.0,0.8815353850159354,dual_cluster
6,0.7749999999999999,0.1,1.0,0.8868635317330834,dual_cluster
6,0.8,0.1,1.0,0.8920173281221099,dual_cluster
6,0.825,0.1,1.0,0.8969892994615866,dual_cluster
6,0.85,0.1,1.0,0.9017705106322984,dual_cluster
6,0.875,0.1,1.0,0.9063524941923168,dual_cluster
6,0.8999999999999999,0.1,1.0,0.9107286181857907,dual_cluster
6,0.9249999999999999,0.1,1.0,0.914894880031302,dual_cluster
6,0.95,0.1,1.0,0.9188501950262215,dual_cluster
6,0.975,0.1,1.0,0.922596300492042,dual_cluster
6,1.0,0.1,1.0,0.9261374119161315,dual_cluster
6,1.025,0.1,1.0,0.929479753564606,dual_cluster
6,1.0499999999999998,0.1,1.0,0.9326310568188868,dual_cluster
6,1.075,0.1,1.0,0.9356000872162645,dual_cluster
6,1.1,0.1,1.0,0.93839623338686,dual_cluster
6,1.125,0.1,1.0,0.9410291707155625,dual_cluster
6,1.15,0.1,1.0,0.9435085995411583,dual_cluster
6,1.1749999999999998,0.1,1.0,0.9458440505554292,dual_cluster
6,1.2,0.1,1.0,0.9480447469892952,dual_cluster
7,0.4,0.1,1.0,0.7121447293987947,dual_cluster
7,0.42500000000000004,0.1,1.0,0.9017022361599665,absorbed
7,0.45,0.1,1.0,0.8792356794975295,dual_cluster
7,0.47500000000000003,0.1,1.0,0.8705266509552121,dual_cluster
7,0.5,0.1,1.0,0.89727952799379,dual_cluster
7,0.525,0.1,1.0,0.939616177896349,dual_cluster
7,0.55,0.1,1.0,0.8484126076917491,dual_cluster
7,0.575,0.1,1.0,0.7739224506372417,dual_cluster
7,0.6,0.1,1.0,0.8131587442032957,dual_cluster
7,0.625,0.1,1.0,0.820849992452239,dual_cluster
7,0.65,0.1,1.0,0.8328393574433534,dual_cluster
7,0.675,0.1,1.0,0.8610654430200625,dual_cluster
7,0.7,0.1,1.0,0.8672445269735811,dual_cluster
7,0.725,0.1,1.0,0.873246822503782,dual_cluster
7,0.75,0.1,1.0,0.8790647245603721,dual_cluster
7,0.7749999999999999,0.1,1.0,0.8846993793522566,dual_cluster
7,0.8,0.1,1.0,0.8901443537477723,dual_cluster
7,0.825,0.1,1.0,0.8953891355666009,dual_cluster
7,0.85,0.1,1.0,0.9004221467571717,dual_cluster
7,0.875,0.1,1.0,0.905233084242306,dual_cluster
7,0.8999999999999999,0.1,1.0,0.90981446700669,dual_cluster
7,0.9249999999999999,0.1,1.0,0.9141624071691825,dual_cluster
7,0.95,0.1,1.0,0.9182767397701443,dual_cluster
7,0.975,0.1,1.0,0.9221607051122414,dual_cluster
7,1.0,0.1,1.0,0.9258203785184667,dual_cluster
7,1.025,0.1,1.0,0.9292640059290183,dual_cluster
7,1.0499999999999998,0.1,1.0,0.9325013537404453,dual_cluster
7,1.075,0.1,1.0,0.9355431346105869,dual_cluster
7,1.1,0.1,1.0,0.9384005354842198,dual_cluster
7,1.125,0.1,1.0,0.941084851063658,dual_cluster
7,1.15,0.1,1.0,0.943607213212307,dual_cluster
7,1.1749999999999998,0.1,1.0,0.9459784012382801,dual_cluster
7,1.2,0.1,1.0,0.948208716865173,dual_cluster
8,0.4,0.1,1.0,0.7563112093719073,dual_cluster
8,0.42500000000000004,0.1,1.0,0.7910993925574195,dual_cluster
8,0.45,0.1,1.0,0.7777390015451995,dual_cluster
8,0.47500000000000003,0.1,1.0,0.9006862433732096,dual_cluster
8,0.5,0.1,1.0,0.8197617902265637,dual_cluster
8,0.525,0.1,1.0,0.763682747517422,dual_cluster
8,0.55,0.1,1.0,0.7756479457213726,dual_cluster
8,0.575,0.1,1.0,0.9434804988869201,dual_cluster
8,0.6,0.1,1.0,0.8683543824566375,dual_cluster
8,0.625,0.1,1.0,0.8056971179986985,dual_cluster
8,0.65,0.1,1.0,0.8497347780703133,dual_cluster
8,0.675,0.1,1.0,0.8589826678019381,dual_cluster
8,0.7,0.1,1.0,0.865283816553882,dual_cluster
8,0.725,0.1,1.0,0.871375380190542,dual_cluster
8,0.75,0.1,1.0,0.8772521673141366,dual_cluster
8,0.7749999999999999,0.1,1.0,0.8829219268190737,dual_cluster
8,0.8,0.1,1.0,0.8883847823225189,dual_cluster
8,0.825,0.1,1.0,0.8936363682735917,dual_cluster
8,0.85,0.1,1.0,0.8986704801350327,dual_cluster
8,0.875,0.1,1.0,0.9034811409409317,dual_cluster
8,0.8999999999999999,0.1,1.0,0.9080640320312512,dual_cluster
8,0.9249999999999999,0.1,1.0,0.912417307901894,dual_cluster
8,0.95,0.1,1.0,0.9165418863365021,dual_cluster
8,0.975,0.1,1.0,0.9204413484305191,dual_cluster
8,1.0,0.1,1.0,0.9241215918297402,dual_cluster
8,1.025,0.1,1.0,0.9275903623533409,dual_cluster
8,1.0499999999999998,0.1,1.0,0.930856757554176,dual_cluster
8,1.075,0.1,1.0,0.933930762390201,dual_cluster
8,1.1,0.1,1.0,0.936822849056323,dual_cluster
8,1.125,0.1,1.0,0.9395436527205182,dual_cluster
8,1.15,0.1,1.0,0.9421037221100723,dual_cluster
8,1.1749999999999998,0.1,1.0,0.9445133369943799,dual_cluster
8,1.2,0.1,1.0,0.9467823817571629,dual_cluster
9,0.4,0.1,1.0,0.8759608794411567,absorbed
9,0.42500000000000004,0.1,1.0,0.8783503426280795,dual_cluster
9,0.45,0.1,1.0,0.8953466851612085,dual_cluster
9,0.47500000000000003,0.1,1.0,0.9277127685909432,absorbed
9,0.5,0.1,1.0,0.7802537797809206,dual_cluster
9,0.525,0.1,1.0,0.8024522081443121,dual_cluster
9,0.55,0.1,1.0,0.9191367495031706,dual_cluster
9,0.575,0.1,1.0,0.7750406839975591,dual_cluster
9,0.6,0.1,1.0,0.8094155667226852,dual_cluster
9,0.625,0.1,1.0,0.8363683042968373,dual_cluster
9,0.65,0.1,1.0,0.8437748097379958,dual_cluster
9,0.675,0.1,1.0,0.8613782330473106,dual_cluster
9,0.7,0.1,1.0,0.8677057466441627,dual_cluster
9,0.725,0.1,1.0,0.8738031075995424,dual_cluster
9,0.75,0.1,1.0,0.8797072450957428,dual_cluster
9,0.7749999999999999,0.1,1.0,0.8854174664980593,dual_cluster
9,0.8,0.1,1.0,0.8909260084333885,dual_cluster
9,0.825,0.1,1.0,0.8962216822201206,dual_cluster
9,0.85,0.1,1.0,0.9012929314183149,dual_cluster
9,0.875,0.1,1.0,0.9061301014468052,dual_cluster
9,0.8999999999999999,0.1,1.0,0.9107268348082349,dual_cluster
9,0.9249999999999999,0.1,1.0,0.9150806576806884,dual_cluster
9,0.95,0.1,1.0,0.9191929350965666,dual_cluster
9,0.975,0.1,1.0,0.9230684148445366,dual_cluster
9,1.0,0.1,1.0,0.9267145640008538,dual_cluster
9,1.025,0.1,1.0,0.930140853193927,dual_cluster
9,1.0499999999999998,0.1,1.0,0.9333580875996714,dual_cluster
9,1.075,0.1,1.0,0.9363778357523642,dual_cluster
9,1.1,0.1,1.0,0.9392119732461185,dual_cluster
9,1.125,0.1,1.0,0.9418723377798085,dual_cluster
9,1.15,0.1,1.0,0.9443704816048819,dual_cluster
9,1.1749999999999998,0.1,1.0,0.946717503749145,dual_cluster
9,1.2,0.1,1.0,0.9489239445437804,dual_cluster
10,0.4,0.1,1.0,0.8944487577574681,absorbed
10,0.42500000000000004,0.1,1.0,0.844759688942174,dual_cluster
10,0.45,0.1,1.0,0.7965984703489728,dual_cluster
10,0.47500000000000003,0.1,1.0,0.790593936002171,dual_cluster
10,0.5,0.1,1.0,0.8171696085153651,dual_cluster
10,0.525,0.1,1.0,0.8660187024363316,dual_cluster
10,0.55,0.1,1.0,0.9195305308889536,dual_cluster
10,0.575,0.1,1.0,0.9499846942137125,dual_cluster
10,0.6,0.1,1.0,0.9410563448805634,dual_cluster
10,0.625,0.1,1.0,0.9141766557876606,dual_cluster
10,0.65,0.1,1.0,0.8637734576919783,dual_cluster
10,0.675,0.1,1.0,0.8646907655237109,dual_cluster
10,0.7,0.1,1.0,0.8706414656284248,dual_cluster
10,0.725,0.1,1.0,0.8764098347047563,dual_cluster
10,0.75,0.1,1.0,0.8820146483886759,dual_cluster
10,0.7749999999999999,0.1,1.0,0.887452639480893,dual_cluster
10,0.8,0.1,1.0,0.892714472178961,dual_cluster
10,0.825,0.1,1.0,0.8977878682699578,dual_cluster
10,0.85,0.1,1.0,0.9026602769173928,dual_cluster
10,0.875,0.1,1.0,0.907320903302058,dual_cluster
10,0.8999999999999999,0.1,1.0,0.9117620041777592,dual_cluster
10,0.9249999999999999,0.1,1.0,0.9159794836064684,dual_cluster
10,0.95,0.1,1.0,0.9199729213528367,dual_cluster
10,0.975,0.1,1.0,0.9237452128389332,dual_cluster
10,1.0,0.1,1.0,0.9273019958902836,dual_cluster
10,1.025,0.1,1.0,0.9306510046954174,dual_cluster
10,1.0499999999999998,0.1,1.0,0.9338014460941156,dual_cluster
10,1.075,0.1,1.0,0.936763451739937,dual_cluster
10,1.1,0.1,1.0,0.9395476283131551,dual_cluster
10,1.125,0.1,1.0,0.9421647076476156,dual_cluster
10,1.15,0.1,1.0,0.9446252874218348,dual_cluster
10,1.1749999999999998,0.1,1.0,0.9469396482130747,dual_cluster
10,1.2,0.1,1.0,0.9491176317646438,dual_cluster
11,0.4,0.1,1.0,0.741668405826646,dual_cluster
11,0.42500000000000004,0.1,1.0,0.808340233914515,dual_cluster
11,0.45,0.1,1.0,0.8250492193510184,dual_cluster
11,0.47500000000000003,0.1,1.0,0.8923759182148855,dual_cluster
11,0.5,0.1,1.0,0.8014690858463009,dual_cluster
11,0.525,0.1,1.0,0.7563062416953267,dual_cluster
11,0.55,0.1,1.0,0.7923864861083376,dual_cluster
11,0.575,0.1,1.0,0.9545527106923863,absorbed
11,0.6,0.1,1.0,0.9195943439663372,dual_cluster
11,0.625,0.1,1.0,0.8395852280725977,dual_cluster
11,0.65,0.1,1.0,0.8779796890367718,dual_cluster
11,0.675,0.1,1.0,0.8622805775530652,dual_cluster
11,0.7,0.1,1.0,0.8683703513024192,dual_cluster
11,0.725,0.1,1.0,0.8741527384350228,dual_cluster
11,0.75,0.1,1.0,0.8797635897876207,dual_cluster
11,0.7749999999999999,0.1,1.0,0.8852052344818487,dual_cluster
11,0.8,0.1,1.0,0.8904729160088946,dual_cluster
11,0.825,0.1,1.0,0.8955576588182559,dual_cluster
11,0.85,0.1,1.0,0.9004489215406393,dual_cluster
11,0.875,0.1,1.0,0.9051367462333176,dual_cluster
11,0.8999999999999999,0.1,1.0,0.909613279815741,dual_cluster
11,0.9249999999999999,0.1,1.0,0.9138736458061265,dual_cluster
11,0.95,0.1,1.0,0.9179162439806768,dual_cluster
11,0.975,0.1,1.0,0.9217426184966745,dual_cluster
11,1.0,0.1,1.0,0.9253570525276837,dual_cluster
11,1.025,0.1,1.0,0.9287660299013806,dual_cluster
11,1.0499999999999998,0.1,1.0,0.9319776689496767,dual_cluster
11,1.075,0.1,1.0,0.9350011957077919,dual_cluster
11,1.1,0.1,1.0,0.9378464915278646,dual_cluster
11,1.125,0.1,1.0,0.9405237272346842,dual_cluster
11,1.15,0.1,1.0,0.943043081724378,dual_cluster
11,1.1749999999999998,0.1,1.0,0.9454145354329792,dual_cluster
11,1.2,0.1,1.0,0.947647726180333,dual_cluster
12,0.4,0.1,1.0,0.8618988827378997,dual_cluster
12,0.42500000000000004,0.1,1.0,0.7716427701258769,dual_cluster
12,0.45,0.1,1.0,0.7581723114421635,dual_cluster
12,0.47500000000000003,0.1,1.0,0.9057173092153289,dual_cluster
12,0.5,0.1,1.0,0.7483374789524236,dual_cluster
12,0.525,0.1,1.0,0.9149008238905718,dual_cluster
12,0.55,0.1,1.0,0.7803959908549597,dual_cluster
12,0.575,0.1,1.0,0.920263661009225,dual_cluster
12,0.6,0.1,1.0,0.786137219007215,dual_cluster
12,0.625,0.1,1.0,0.8247834329775121,dual_cluster
12,0.65,0.1,1.0,0.8558754865738567,dual_cluster
12,0.675,0.1,1.0,0.8635007336971612,dual_cluster
12,0.7,0.1,1.0,0.8698660342195708,dual_cluster
12,0.725,0.1,1.0,0.8760238126919352,dual_cluster
12,0.75,0.1,1.0,0.8819793628333314,dual_cluster
12,0.7749999999999999,0.1,1.0,0.8877278772122342,dual_cluster
12,0.8,0.1,1.0,0.8932589675752092,dual_cluster
12,0.825,0.1,1.0,0.8985603601733025,dual_cluster
12,0.85,0.1,1.0,0.9036208122742495,dual_cluster
12,0.875,0.1,1.0,0.9084320775683699,dual_cluster
12,0.8999999999999999,0.1,1.0,0.9129899183171125,dual_cluster
12,0.9249999999999999,0.1,1.0,0.9172943178838674,dual_cluster
12,0.95,0.1,1.0,0.9213491318705336,dual_cluster
12,0.975,0.1,1.0,0.9251614229631174,dual_cluster
12,1.0,0.1,1.0,0.9287406795874736,dual_cluster
12,1.025,0.1,1.0,0.9320980541697195,dual_cluster
12,1.0499999999999998,0.1,1.0,0.935245696660744,dual_cluster
12,1.075,0.1,1.0,0.9381962138392976,dual_cluster
12,1.1,0.1,1.0,0.9409622562547554,dual_cluster
12,1.125,0.1,1.0,0.9435562194120529,dual_cluster
12,1.15,0.1,1.0,0.945990039664695,dual_cluster
12,1.1749999999999998,0.1,1.0,0.948275064533699,dual_cluster
12,1.2,0.1,1.0,0.9504219791431001,dual_cluster
13,0.4,0.1,1.0,0.8920707007047498,dual_cluster
13,0.42500000000000004,0.1,1.0,0.7584490368002452,dual_cluster
13,0.45,0.1,1.0,0.807723579972486,dual_cluster
13,0.47500000000000003,0.1,1.0,0.9395900745195614,absorbed
13,0.5,0.1,1.0,0.8032200965110164,dual_cluster
13,0.525,0.1,1.0,0.948455054753833,absorbed
13,0.55,0.1,1.0,0.8433879012834976,dual_cluster
13,0.575,0.1,1.0,0.9454585336821081,dual_cluster
13,0.6,0.1,1.0,0.8080987343413397,dual_cluster
13,0.625,0.1,1.0,0.8392745394083391,dual_cluster
13,0.65,0.1,1.0,0.861985838960057,dual_cluster
13,0.675,0.1,1.0,0.8683815533585771,dual_cluster
13,0.7,0.1,1.0,0.8744179598509411,dual_cluster
13,0.725,0.1,1.0,0.8802836919470035,dual_cluster
13,0.75,0.1,1.0,0.885975618990951,dual_cluster
13,0.7749999999999999,0.1,1.0,0.8914829741046122,dual_cluster
13,0.8,0.1,1.0,0.8967911709573855,dual_cluster
13,0.825,0.1,1.0,0.9018850962303939,dual_cluster
13,0.85,0.1,1.0,0.9067516586421138,dual_cluster
13,0.875,0.1,1.0,0.9113814296714811,dual_cluster
13,0.8999999999999999,0.1,1.0,0.9157693906524871,dual_cluster
13,0.9249999999999999,0.1,1.0,0.9199149502319856,dual_cluster
13,0.95,0.1,1.0,0.9238214684693771,dual_cluster
13,0.975,0.1,1.0,0.9274955208551235,dual_cluster
13,1.0,0.1,1.0,0.9309460863352053,dual_cluster
13,1.025,0.1,1.0,0.9341837798674001,dual_cluster
13,1.0499999999999998,0.1,1.0,0.9372201932602761,dual_cluster
13,1.075,0.1,1.0,0.9400673668248805,dual_cluster
13,1.1,0.1,1.0,0.9427373890510704,dual_cluster
13,1.125,0.1,1.0,0.9452421086343471,dual_cluster
13,1.15,0.1,1.0,0.9475929385178302,dual_cluster
13,1.1749999999999998,0.1,1.0,0.9498007316715025,dual_cluster
13,1.2,0.1,1.0,0.9518757106739041,dual_cluster
14,0.4,0.1,1.0,0.7943836856251592,dual_cluster
14,0.42500000000000004,0.1,1.0,0.8721586887241243,dual_cluster
14,0.45,0.1,1.0,0.8299396341948929,dual_cluster
14,0.47500000000000003,0.1,1.0,0.817432126294282,dual_cluster
14,0.5,0.1,1.0,0.8364981978023313,dual_cluster
14,0.525,0.1,1.0,0.8752293781631242,dual_cluster
14,0.55,0.1,1.0,0.9154784004914733,dual_cluster
14,0.575,0.1,1.0,0.9360214015764572,dual_cluster
14,0.6,0.1,1.0,0.9272409219225005,dual_cluster
14,0.625,0.1,1.0,0.8857831663009107,dual_cluster
14,0.65,0.1,1.0,0.845302449372562,dual_cluster
14,0.675,0.1,1.0,0.8596922027626337,dual_cluster
14,0.7,0.1,1.0,0.866126178865996,dual_cluster
14,0.725,0.1,1.0,0.872325838989555,dual_cluster
14,0.75,0.1,1.0,0.8783076554830818,dual_cluster
14,0.7749999999999999,0.1,1.0,0.8840766390161595,dual_cluster
14,0.8,0.1,1.0,0.8896301249133018,dual_cluster
14,0.825,0.1,1.0,0.8949613176610623,dual_cluster
14,0.85,0.1,1.0,0.9000622457421099,dual_cluster
14,0.875,0.1,1.0,0.9049259867167231,dual_cluster
14,0.8999999999999999,0.1,1.0,0.9095481011967405,dual_cluster
14,0.9249999999999999,0.1,1.0,0.9139273288501395,dual_cluster
14,0.95,0.1,1.0,0.9180656919707759,dual_cluster
14,0.975,0.1,1.0,0.9219681940498408,dual_cluster
14,1.0,0.1,1.0,0.9256422940322846,dual_cluster
14,1.025,0.1,1.0,0.9290973000403334,dual_cluster
14,1.0499999999999998,0.1,1.0,0.9323437796795543,dual_cluster
14,1.075,0.1,1.0,0.9353930416492577,dual_cluster
14,1.1,0.1,1.0,0.9382567115512176,dual_cluster
14,1.125,0.1,1.0,0.9409464042462632,dual_cluster
14,1.15,0.1,1.0,0.9434734837884177,dual_cluster
14,1.1749999999999998,0.1,1.0,0.9458488970678152,dual_cluster
14,1.2,0.1,1.0,0.9480830663213091,dual_cluster
15,0.4,0.1,1.0,0.8606553206335046,dual_cluster
15,0.42500000000000004,0.1,1.0,0.9016926891498442,absorbed
15,0.45,0.1,1.0,0.7616485966763945,dual_cluster
15,0.47500000000000003,0.1,1.0,0.8080011706532217,dual_cluster
15,0.5,0.1,1.0,0.93597151469112,absorbed
15,0.525,0.1,1.0,0.8052332908226296,dual_cluster
15,0.55,0.1,1.0,0.9497123801166866,absorbed
15,0.575,0.1,1.0,0.8111211318027832,dual_cluster
15,0.6,0.1,1.0,0.8959648931330002,dual_cluster
15,0.625,0.1,1.0,0.8969171059829918,dual_cluster
15,0.65,0.1,1.0,0.8579480869346647,dual_cluster
15,0.675,0.1,1.0,0.8627564367588699,dual_cluster
15,0.7,0.1,1.0,0.8690944455994076,dual_cluster
15,0.725,0.1,1.0,0.8752272759486056,dual_cluster
15,0.75,0.1,1.0,0.8811613362840968,dual_cluster
15,0.7749999999999999,0.1,1.0,0.8868926132988214,dual_cluster
15,0.8,0.1,1.0,0.8924113792497295,dual_cluster
15,0.825,0.1,1.0,0.8977057667506276,dual_cluster
15,0.85,0.1,1.0,0.9027646204013563,dual_cluster
15,0.875,0.1,1.0,0.907579466780278,dual_cluster
15,0.8999999999999999,0.1,1.0,0.9121455866954448,dual_cluster
15,0.9249999999999999,0.1,1.0,0.9164623159451265,dual_cluster
15,0.95,0.1,1.0,0.9205327863529603,dual_cluster
15,0.975,0.1,1.0,0.924363334844697,dual_cluster
15,1.0,0.1,1.0,0.9279627737192443,dual_cluster
15,1.025,0.1,1.0,0.9313416585480175,dual_cluster
15,1.0499999999999998,0.1,1.0,0.9345116338625399,dual_cluster
15,1.075,0.1,1.0,0.9374848926253943,dual_cluster
15,1.1,0.1,1.0,0.9402737562031136,dual_cluster
15,1.125,0.1,1.0,0.9428903650862053,dual_cluster
15,1.15,0.1,1.0,0.9453464632426758,dual_cluster
15,1.1749999999999998,0.1,1.0,0.9476532572600003,dual_cluster
15,1.2,0.1,1.0,0.9498213327079613,dual_cluster
16,0.4,0.1,1.0,0.7631695013558956,dual_cluster
16,0.42500000000000004,0.1,1.0,0.8661474510578084,dual_cluster
16,0.45,0.1,1.0,0.8854240874046713,dual_cluster
16,0.47500000000000003,0.1,1.0,0.8052358399127922,dual_cluster
16,0.5,0.1,1.0,0.907006443268396,dual_cluster
16,0.525,0.1,1.0,0.8785597577405363,dual_cluster
16,0.55,0.1,1.0,0.7763077754960082,dual_cluster
16,0.575,0.1,1.0,0.9440472967376102,dual_cluster
16,0.6,0.1,1.0,0.8179876699280633,dual_cluster
16,0.625,0.1,1.0,0.8810275616759062,dual_cluster
16,0.65,0.1,1.0,0.8623806743155846,dual_cluster
16,0.675,0.1,1.0,0.8659466110826939,dual_cluster
16,0.7,0.1,1.0,0.8720535144279916,dual_cluster
16,0.725,0.1,1.0,0.8779920402384918,dual_cluster
16,0.75,0.1,1.0,0.8837616932129789,dual_cluster
16,0.7749999999999999,0.1,1.0,0.8893523712044927,dual_cluster
16,0.8,0.1,1.0,0.8947490582565676,dual_cluster
16,0.825,0.1,1.0,0.8999354283997976,dual_cluster
16,0.85,0.1,1.0,0.9048967419679255,dual_cluster
16,0.875,0.1,1.0,0.9096218050161038,dual_cluster
16,0.8999999999999999,0.1,1.0,0.9141039583198017,dual_cluster
16,0.9249999999999999,0.1,1.0,0.918341241627292,dual_cluster
16,0.95,0.1,1.0,0.9223359780134874,dual_cluster
16,0.975,0.1,1.0,0.926094034964851,dual_cluster
16,1.0,0.1,1.0,0.9296239723169457,dual_cluster
16,1.025,0.1,1.0,0.9329362189114887,dual_cluster
16,1.0499999999999998,0.1,1.0,0.9360423559420702,dual_cluster
16,1.075,0.1,1.0,0.9389545372717886,dual_cluster
16,1.1,0.1,1.0,0.941685047060023,dual_cluster
16,1.125,0.1,1.0,0.9442459793683883,dual_cluster
16,1.15,0.1,1.0,0.9466490183640383,dual_cluster
16,1.1749999999999998,0.1,1.0,0.9489052972856017,dual_cluster
16,1.2,0.1,1.0,0.9510253166510677,dual_cluster
17,0.4,0.1,1.0,0.7712956792301723,dual_cluster
17,0.42500000000000004,0.1,1.0,0.7965203168217356,dual_cluster
17,0.45,0.1,1.0,0.8160326132417212,dual_cluster
17,0.47500000000000003,0.1,1.0,0.8931410063374594,dual_cluster
17,0.5,0.1,1.0,0.802451465623417,dual_cluster
17,0.525,0.1,1.0,0.7551152262427915,dual_cluster
17,0.55,0.1,1.0,0.8719214981712339,fragmented
17,0.575,0.1,1.0,0.9312710814042205,dual_cluster
17,0.6,0.1,1.0,0.8471421165442774,dual_cluster
17,0.625,0.1,1.0,0.8595354143758952,dual_cluster
17,0.65,0.1,1.0,0.8468797453785716,dual_cluster
17,0.675,0.1,1.0,0.8621815263119496,dual_cluster
17,0.7,0.1,1.0,0.8681986888076217,dual_cluster
17,0.725,0.1,1.0,0.8740598775718404,dual_cluster
17,0.75,0.1,1.0,0.879733144908431,dual_cluster
17,0.7749999999999999,0.1,1.0,0.885222373855541,dual_cluster
17,0.8,0.1,1.0,0.8905244905050258,dual_cluster
17,0.825,0.1,1.0,0.8956324028863202,dual_cluster
17,0.85,0.1,1.0,0.9005375526398983,dual_cluster
17,0.875,0.1,1.0,0.9052319335584305,dual_cluster
17,0.8999999999999999,0.1,1.0,0.9097094941906303,dual_cluster
17,0.9249999999999999,0.1,1.0,0.9139669268172489,dual_cluster
17,0.95,0.1,1.0,0.9180039274038851,dual_cluster
17,0.975,0.1,1.0,0.9218230615092037,dual_cluster
17,1.0,0.1,1.0,0.9254293826293579,dual_cluster
17,1.025,0.1,1.0,0.9288299313322054,dual_cluster
17,1.0499999999999998,0.1,1.0,0.9320332107445444,dual_cluster
17,1.075,0.1,1.0,0.935048699283577,dual_cluster
17,1.1,0.1,1.0,0.9378864324697617,dual_cluster
17,1.125,0.1,1.0,0.9405566648644224,dual_cluster
17,1.15,0.1,1.0,0.9430696102260163,dual_cluster
17,1.1749999999999998,0.1,1.0,0.9454352511253682,dual_cluster
17,1.2,0.1,1.0,0.9476632065393745,dual_cluster
18,0.4,0.1,1.0,0.6803414136917475,dual_cluster
18,0.42500000000000004,0.1,1.0,0.7083937715155354,dual_cluster
18,0.45,0.1,1.0,0.7968676036082257,dual_cluster
18,0.47500000000000003,0.1,1.0,0.9148068909814364,dual_cluster
18,0.5,0.1,1.0,0.7401753555200185,dual_cluster
18,0.525,0.1,1.0,0.9064386851447547,dual_cluster
18,0.55,0.1,1.0,0.7670788345706808,dual_cluster
18,0.575,0.1,1.0,0.9182228640095144,dual_cluster
18,0.6,0.1,1.0,0.7794580531981903,dual_cluster
18,0.625,0.1,1.0,0.8360057363212329,dual_cluster
18,0.65,0.1,1.0,0.8524698836983505,dual_cluster
18,0.675,0.1,1.0,0.8591579438332068,dual_cluster
18,0.7,0.1,1.0,0.8657920319863659,dual_cluster
18,0.725,0.1,1.0,0.8721909323777521,dual_cluster
18,0.75,0.1,1.0,0.8783660508743859,dual_cluster
18,0.7749999999999999,0.1,1.0,0.8843182361025828,dual_cluster
18,0.8,0.1,1.0,0.8900408229309863,dual_cluster
18,0.825,0.1,1.0,0.8955237254963506,dual_cluster
18,0.85,0.1,1.0,0.900756775972156,dual_cluster
18,0.875,0.1,1.0,0.9057320954984069,dual_cluster
18,0.8999999999999999,0.1,1.0,0.9104454475771543,dual_cluster
18,0.9249999999999999,0.1,1.0,0.914896699299113,dual_cluster
18,0.95,0.1,1.0,0.9190896261231013,dual_cluster
18,0.975,0.1,1.0,0.9230313216395194,dual_cluster
18,1.0,0.1,1.0,0.926731436379278,dual_cluster
18,1.025,0.1,1.0,0.9302014042606515,dual_cluster
18,1.0499999999999998,0.1,1.0,0.9334537496580569,dual_cluster
18,1.075,0.1,1.0,0.9365015167252414,dual_cluster
18,1.1,0.1,1.0,0.9393578288615724,dual_cluster
18,1.125,0.1,1.0,0.9420355674817047,dual_cluster
18,1.15,0.1,1.0,0.9445471510705381,dual_cluster
18,1.1749999999999998,0.1,1.0,0.9469043937319218,dual_cluster
18,1.2,0.1,1.0,0.9491184240142868,dual_cluster
19,0.4,0.1,1.0,0.8743859978933932,dual_cluster
19,0.42500000000000004,0.1,1.0,0.8353637780800042,dual_cluster
19,0.45,0.1,1.0,0.7318043737106543,dual_cluster
19,0.47500000000000003,0.1,1.0,0.8512414717576109,dual_cluster
19,0.5,0.1,1.0,0.8794499027808619,dual_cluster
19,0.525,0.1,1.0,0.8476337414947713,dual_cluster
19,0.55,0.1,1.0,0.7952192859319475,dual_cluster
19,0.575,0.1,1.0,0.876126176275425,dual_cluster
19,0.6,0.1,1.0,0.8703792298084757,dual_cluster
19,0.625,0.1,1.0,0.818333588984078,dual_cluster
19,0.65,0.1,1.0,0.8550020031577984,dual_cluster
19,0.675,0.1,1.0,0.8643049197422769,dual_cluster
19,0.7,0.1,1.0,0.8705233733017166,dual_cluster
19,0.725,0.1,1.0,0.8765546201329482,dual_cluster
19,0.75,0.1,1.0,0.8824028227584632,dual_cluster
19,0.7749999999999999,0.1,1.0,0.8880616340485469,dual_cluster
19,0.8,0.1,1.0,0.8935189315997171,dual_cluster
19,0.825,0.1,1.0,0.8987605402820036,dual_cluster
19,0.85,0.1,1.0,0.9037732376481984,dual_cluster
19,0.875,0.1,1.0,0.9085468299822617,dual_cluster
19,0.8999999999999999,0.1,1.0,0.9130752636364244,dual_cluster
19,0.9249999999999999,0.1,1.0,0.9173569060962729,dual_cluster
19,0.95,0.1,1.0,0.9213942303524911,dual_cluster
19,0.975,0.1,1.0,0.9251931530576694,dual_cluster
19,1.0,0.1,1.0,0.9287622361674771,dual_cluster
19,1.025,0.1,1.0,0.9321118973517631,dual_cluster
19,1.0499999999999998,0.1,1.0,0.9352537120971213,dual_cluster
19,1.075,0.1,1.0,0.9381998426215999,dual_cluster
19,1.1,0.1,1.0,0.9409625978579285,dual_cluster
19,1.125,0.1,1.0,0.9435541119875748,dual_cluster
19,1.15,0.1,1.0,0.9459861219805256,dual_cluster
19,1.1749999999999998,0.1,1.0,0.9482698234064236,dual_cluster
19,1.2,0.1,1.0,0.9504157855944226,dual_cluster
0,0.4,0.1,1.5,0.8858575105881518,dual_cluster
0,0.42500000000000004,0.1,1.5,0.7152557515998481,dual_cluster
0,0.45,0.1,1.5,0.9136820950068609,dual_cluster
0,0.47500000000000003,0.1,1.5,0.803884795219964,dual_cluster
0,0.5,0.1,1.5,0.7465161858108796,dual_cluster
0,0.525,0.1,1.5,0.8145929637672218,dual_cluster
0,0.55,0.1,1.5,0.9427391865649547,dual_cluster
0,0.575,0.1,1.5,0.951922885779386,dual_cluster
0,0.6,0.1,1.5,0.9158178716355949,dual_cluster
0,0.625,0.1,1.5,0.8472132933537044,dual_cluster
0,0.65,0.1,1.5,0.8556545136600556,dual_cluster
0,0.675,0.1,1.5,0.8629801972326977,dual_cluster
0,0.7,0.1,1.5,0.8687762783819942,dual_cluster
0,0.725,0.1,1.5,0.8745201821603462,dual_cluster
0,0.75,0.1,1.5,0.8800935406280913,dual_cluster
0,0.7749999999999999,0.1,1.5,0.8854991835875554,dual_cluster
0,0.8,0.1,1.5,0.8907327247891849,dual_cluster
0,0.825,0.1,1.5,0.8957854734977445,dual_cluster
0,0.85,0.1,1.5,0.9006470875387327,dual_cluster
0,0.875,0.1,1.5,0.9053077250858124,dual_cluster
0,0.8999999999999999,0.1,1.5,0.9097595712319566,dual_cluster
0,0.9249999999999999,0.1,1.5,0.9139977181429917,dual_cluster
0,0.95,0.1,1.5,0.9180204763831173,dual_cluster
0,0.975,0.1,1.5,0.9218292568489908,dual_cluster
0,1.0,0.1,1.5,0.9254281796832551,dual_cluster
0,1.025,0.1,1.5,0.92882354908164,dual_cluster
0,1.0499999999999998,0.1,1.5,0.932023298149634,dual_cluster
0,1.075,0.1,1.5,0.9350364705058621,dual_cluster
0,1.1,0.1,1.5,0.9378727737485317,dual_cluster
0,1.125,0.1,1.5,0.9405422172580156,dual_cluster
0,1.15,0.1,1.5,0.9430548327020661,dual_cluster
0,1.1749999999999998,0.1,1.5,0.9454204681381451,dual_cluster
0,1.2,0.1,1.5,0.9476486436247624,dual_cluster
1,0.4,0.1,1.5,0.8687731358811013,dual_cluster
1,0.42500000000000004,0.1,1.5,0.8901669675208693,dual_cluster
1,0.45,0.1,1.5,0.7436858037520457,dual_cluster
1,0.47500000000000003,0.1,1.5,0.9215377220043864,dual_cluster
1,0.5,0.1,1.5,0.7771000587939869,dual_cluster
1,0.525,0.1,1.5,0.9112790682539429,dual_cluster
1,0.55,0.1,1.5,0.9132288421468044,dual_cluster
1,0.575,0.1,1.5,0.8273544364407243,dual_cluster
1,0.6,0.1,1.5,0.7727347396282482,dual_cluster
1,0.625,0.1,1.5,0.894806018350622,dual_cluster
1,0.65,0.1,1.5,0.8403628148632386,dual_cluster
1,0.675,0.1,1.5,0.8635568520159378,dual_cluster
1,0.7,0.1,1.5,0.8693983118620536,dual_cluster
1,0.725,0.1,1.5,0.8750013066859474,dual_cluster
1,0.75,0.1,1.5,0.8804434369983007,dual_cluster
1,0.7749999999999999,0.1,1.5,0.8857284060605144,dual_cluster
1,0.8,0.1,1.5,0.8908527335332834,dual_cluster
1,0.825,0.1,1.5,0.895808389224308,dual_cluster
1,0.85,0.1,1.5,0.9005853189663279,dual_cluster
1,0.875,0.1,1.5,0.9051735465365851,dual_cluster
1,0.8999999999999999,0.1,1.5,0.9095647246987626,dual_cluster
1,0.9249999999999999,0.1,1.5,0.9137530941397983,dual_cluster
1,0.95,0.1,1.5,0.917735900203394,dual_cluster
1,0.975,0.1,1.5,0.9215133814808488,dual_cluster
1,1.0,0.1,1.5,0.9250884694835884,dual_cluster
1,1.025,0.1,1.5,0.9284663304925307,dual_cluster
1,1.0499999999999998,0.1,1.5,0.9316538531958656,dual_cluster
1,1.075,0.1,1.5,0.9346591524831978,dual_cluster
1,1.1,0.1,1.5,0.9374911297622482,dual_cluster
1,1.125,0.1,1.5,0.9401591074094855,dual_cluster
1,1.15,0.1,1.5,0.9426725399388138,dual_cluster
1,1.1749999999999998,0.1,1.5,0.9450407958674505,dual_cluster
1,1.2,0.1,1.5,0.947273000245751,dual_cluster
2,0.4,0.1,1.5,0.7756506263468299,dual_cluster
2,0.42500000000000004,0.1,1.5,0.6984371655644158,dual_cluster
2,0.45,0.1,1.5,0.8892861937699215,dual_cluster
2,0.47500000000000003,0.1,1.5,0.9185592089333406,absorbed
2,0.5,0.1,1.5,0.9295457144105618,absorbed
2,0.525,0.1,1.5,0.8950466228036162,dual_cluster
2,0.55,0.1,1.5,0.7498528401577081,dual_cluster
2,0.575,0.1,1.5,0.8174945107160051,dual_cluster
2,0.6,0.1,1.5,0.8766342673720624,dual_cluster
2,0.625,0.1,1.5,0.8965013206521677,dual_cluster
2,0.65,0.1,1.5,0.8728784430128937,dual_cluster
2,0.675,0.1,1.5,0.8571946283471574,dual_cluster
2,0.7,0.1,1.5,0.8635445338367074,dual_cluster
2,0.725,0.1,1.5,0.8697866401163392,dual_cluster
2,0.75,0.1,1.5,0.8758161302938217,dual_cluster
2,0.7749999999999999,0.1,1.5,0.8816410791602108,dual_cluster
2,0.8,0.1,1.5,0.8872599417607961,dual_cluster
2,0.825,0.1,1.5,0.8926655863256031,dual_cluster
2,0.85,0.1,1.5,0.8978486776947899,dual_cluster
2,0.875,0.1,1.5,0.9028003415657491,dual_cluster
2,0.8999999999999999,0.1,1.5,0.9075139834728312,dual_cluster
2,0.9249999999999999,0.1,1.5,0.9119862736066943,dual_cluster
2,0.95,0.1,1.5,0.9162174309375427,dual_cluster
2,0.975,0.1,1.5,0.9202110063320988,dual_cluster
2,1.0,0.1,1.5,0.9239733703366584,dual_cluster
2,1.025,0.1,1.5,0.9275130763947931,dual_cluster
2,1.0499999999999998,0.1,1.5,0.9308402190623611,dual_cluster
2,1.075,0.1,1.5,0.9339658575572202,dual_cluster
2,1.1,0.1,1.5,0.9369015367624179,dual_cluster
2,1.125,0.1,1.5,0.9396589124580548,dual_cluster
2,1.15,0.1,1.5,0.9422494731502247,dual_cluster
2,1.1749999999999998,0.1,1.5,0.9446843442503983,dual_cluster
2,1.2,0.1,1.5,0.9469741585986339,dual_cluster
3,0.4,0.1,1.5,0.6839229154487131,dual_cluster
3,0.42500000000000004,0.1,1.5,0.7053320929879101,dual_cluster
3,0.45,0.1,1.5,0.7469217745737969,dual_cluster
3,0.47500000000000003,0.1,1.5,0.8381397908745338,dual_cluster
3,0.5,0.1,1.5,0.9344417804603343,absorbed
3,0.525,0.1,1.5,0.7594801797598301,dual_cluster
3,0.55,0.1,1.5,0.896556973200917,dual_cluster
3,0.575,0.1,1.5,0.7684769089011677,dual_cluster
3,0.6,0.1,1.5,0.8212254919429683,dual_cluster
3,0.625,0.1,1.5,0.8557261546507007,dual_cluster
3,0.65,0.1,1.5,0.8553361932819431,dual_cluster
3,0.675,0.1,1.5,0.8609933903557183,dual_cluster
3,0.7,0.1,1.5,0.8674315150037094,dual_cluster
3,0.725,0.1,1.5,0.873642774547295,dual_cluster
3,0.75,0.1,1.5,0.8796409947485642,dual_cluster
3,0.7749999999999999,0.1,1.5,0.8854279110043928,dual_cluster
3,0.8,0.1,1.5,0.8909978256142613,dual_cluster
3,0.825,0.1,1.5,0.8963414355525711,dual_cluster
3,0.85,0.1,1.5,0.901448994330095,dual_cluster
3,0.875,0.1,1.5,0.9063126064670388,dual_cluster
3,0.8999999999999999,0.1,1.5,0.910927595612722,dual_cluster
3,0.9249999999999999,0.1,1.5,0.9152930441339064,dual_cluster
3,0.95,0.1,1.5,0.9194117060236455,dual_cluster
3,0.975,0.1,1.5,0.9232895258408151,dual_cluster
3,1.0,0.1,1.5,0.9269349697890669,dual_cluster
3,1.025,0.1,1.5,0.9303583202069762,dual_cluster
3,1.0499999999999998,0.1,1.5,0.9335710266150465,dual_cluster
3,1.075,0.1,1.5,0.9365851590104668,dual_cluster
3,1.1,0.1,1.5,0.9394129765577687,dual_cluster
3,1.125,0.1,1.5,0.9420666057528824,dual_cluster
3,1.15,0.1,1.5,0.944557812973368,dual_cluster
3,1.1749999999999998,0.1,1.5,0.9468978534615956,dual_cluster
3,1.2,0.1,1.5,0.9490973794155299,dual_cluster
4,0.4,0.1,1.5,0.7641880162423791,dual_cluster
4,0.42500000000000004,0.1,1.5,0.8967955423682815,dual_cluster
4,0.45,0.1,1.5,0.8313229404000982,dual_cluster
4,0.47500000000000003,0.1,1.5,0.7445829914287146,dual_cluster
4,0.5,0.1,1.5,0.8051293223246712,dual_cluster
4,0.525,0.1,1.5,0.9211711984753634,dual_cluster
4,0.55,0.1,1.5,0.9532006983279107,absorbed
4,0.575,0.1,1.5,0.9543679462901067,dual_cluster
4,0.6,0.1,1.5,0.930371593975065,dual_cluster
4,0.625,0.1,1.5,0.872994533378145,dual_cluster
4,0.65,0.1,1.5,0.8392449465860156,dual_cluster
4,0.675,0.1,1.5,0.8640760359207594,dual_cluster
4,0.7,0.1,1.5,0.8699066551695046,dual_cluster
4,0.725,0.1,1.5,0.8756404109324605,dual_cluster
4,0.75,0.1,1.5,0.8812055479841775,dual_cluster
4,0.7749999999999999,0.1,1.5,0.8866036320629778,dual_cluster
4,0.8,0.1,1.5,0.8918290248098215,dual_cluster
4,0.825,0.1,1.5,0.8968719761619035,dual_cluster
4,0.85,0.1,1.5,0.9017213791615419,dual_cluster
4,0.875,0.1,1.5,0.9063669660729475,dual_cluster
4,0.8999999999999999,0.1,1.5,0.9108008199602845,dual_cluster
4,0.9249999999999999,0.1,1.5,0.9150181960720718,dual_cluster
4,0.95,0.1,1.5,0.9190177533165095,dual_cluster
4,0.975,0.1,1.5,0.9228013557594607,dual_cluster
4,1.0,0.1,1.5,0.9263736138417082,dual_cluster
4,1.025,0.1,1.5,0.9297413098369692,dual_cluster
4,1.0499999999999998,0.1,1.5,0.9329128116068066,dual_cluster
4,1.075,0.1,1.5,0.935897538167791,dual_cluster
4,1.1,0.1,1.5,0.9387055080259863,dual_cluster
4,1.125,0.1,1.5,0.9413469788657712,dual_cluster
4,1.15,0.1,1.5,0.9438321738877858,dual_cluster
4,1.1749999999999998,0.1,1.5,0.9461710835235384,dual_cluster
4,1.2,0.1,1.5,0.9483733290502927,dual_cluster
5,0.4,0.1,1.5,0.7702675213216011,dual_cluster
5,0.42500000000000004,0.1,1.5,0.8364289067760701,dual_cluster
5,0.45,0.1,1.5,0.9237808239910595,dual_cluster
5,0.47500000000000003,0.1,1.5,0.7496270859981136,dual_cluster
5,0.5,0.1,1.5,0.8704507732726778,dual_cluster
5,0.525,0.1,1.5,0.7823284477827559,dual_cluster
5,0.55,0.1,1.5,0.8776497565083207,dual_cluster
5,0.575,0.1,1.5,0.7935250584012201,fragmented
5,0.6,0.1,1.5,0.8291973234580523,dual_cluster
5,0.625,0.1,1.5,0.8604875465425116,dual_cluster
5,0.65,0.1,1.5,0.8608935868549294,dual_cluster
5,0.675,0.1,1.5,0.8667948596984661,dual_cluster
5,0.7,0.1,1.5,0.8728785844744459,dual_cluster
5,0.725,0.1,1.5,0.8787791713828266,dual_cluster
5,0.75,0.1,1.5,0.8844991965236172,dual_cluster
5,0.7749999999999999,0.1,1.5,0.8900321117443271,dual_cluster
5,0.8,0.1,1.5,0.8953662153886232,dual_cluster
5,0.825,0.1,1.5,0.9004881224015044,dual_cluster
5,0.85,0.1,1.5,0.9053855418309289,dual_cluster
5,0.875,0.1,1.5,0.9100491668844293,dual_cluster
5,0.8999999999999999,0.1,1.5,0.9144736591334844,dual_cluster
5,0.9249999999999999,0.1,1.5,0.9186578654831298,dual_cluster
5,0.95,0.1,1.5,0.9226044919202298,dual_cluster
5,0.975,0.1,1.5,0.9263194673386417,dual_cluster
5,1.0,0.1,1.5,0.929811189431092,dual_cluster
5,1.025,0.1,1.5,0.9330897841264311,dual_cluster
5,1.0499999999999998,0.1,1.5,0.9361664528906832,dual_cluster
5,1.075,0.1,1.5,0.939052938913397,dual_cluster
5,1.1,0.1,1.5,0.9417611154139497,dual_cluster
5,1.125,0.1,1.5,0.9443026842481415,dual_cluster
5,1.15,0.1,1.5,0.9466889667054681,dual_cluster
5,1.1749999999999998,0.1,1.5,0.948930767344573,dual_cluster
5,1.2,0.1,1.5,0.9510382933759712,dual_cluster
6,0.4,0.1,1.5,0.8007911457726511,dual_cluster
6,0.42500000000000004,0.1,1.5,0.7769802329591018,dual_cluster
6,0.45,0.1,1.5,0.9134303677130816,dual_cluster
6,0.47500000000000003,0.1,1.5,0.8448834970429924,dual_cluster
6,0.5,0.1,1.5,0.7549410531467854,dual_cluster
6,0.525,0.1,1.5,0.8520457667762313,dual_cluster
6,0.55,0.1,1.5,0.9526079879232545,absorbed
6,0.575,0.1,1.5,0.9141724970831908,dual_cluster
6,0.6,0.1,1.5,0.850223823530305,dual_cluster
6,0.625,0.1,1.5,0.8023411601409877,dual_cluster
6,0.65,0.1,1.5,0.8752458288156764,dual_cluster
6,0.675,0.1,1.5,0.8642265903371925,dual_cluster
6,0.7,0.1,1.5,0.8701549609421853,dual_cluster
6,0.725,0.1,1.5,0.8758037592415465,dual_cluster
6,0.75,0.1,1.5,0.881288066590172,dual_cluster
6,0.7749999999999999,0.1,1.5,0.8866104441154873,dual_cluster
6,0.8,0.1,1.5,0.8917662896946928,dual_cluster
6,0.825,0.1,1.5,0.8967467245478173,dual_cluster
6,0.85,0.1,1.5,0.9015412248645714,dual_cluster
6,0.875,0.1,1.5,0.9061397571374428,dual_cluster
6,0.8999999999999999,0.1,1.5,0.9105342938806114,dual_cluster
6,0.9249999999999999,0.1,1.5,0.9147196892167636,dual_cluster
6,0.95,0.1,1.5,0.9186939914954011,dual_cluster
6,0.975,0.1,1.5,0.9224583308507286,dual_cluster
6,1.0,0.1,1.5,0.9260165360549317,dual_cluster
6,1.025,0.1,1.5,0.9293746177283575,dual_cluster
6,1.0499999999999998,0.1,1.5,0.9325402207477121,dual_cluster
6,1.075,0.1,1.5,0.9355221118467715,dual_cluster
6,1.1,0.1,1.5,0.9383297373221772,dual_cluster
6,1.125,0.1,1.5,0.9409728634355398,dual_cluster
6,1.15,0.1,1.5,0.9434612981575289,dual_cluster
6,1.1749999999999998,0.1,1.5,0.9458046854744583,dual_cluster
6,1.2,0.1,1.5,0.9480123604757243,dual_cluster
7,0.4,0.1,1.5,0.6970583657760463,dual_cluster
7,0.42500000000000004,0.1,1.5,0.8981385849634573,absorbed
7,0.45,0.1,1.5,0.9079119309084751,dual_cluster
7,0.47500000000000003,0.1,1.5,0.9170374913817977,dual_cluster
7,0.5,0.1,1.5,0.9378955562698001,absorbed
7,0.525,0.1,1.5,0.7641950789508153,dual_cluster
7,0.55,0.1,1.5,0.8083656032476817,dual_cluster
7,0.575,0.1,1.5,0.9086244958213194,dual_cluster
7,0.6,0.1,1.5,0.947510093514521,dual_cluster
7,0.625,0.1,1.5,0.7948803254798595,dual_cluster
7,0.65,0.1,1.5,0.8299675779581044,dual_cluster
7,0.675,0.1,1.5,0.8607125521880529,dual_cluster
7,0.7,0.1,1.5,0.8671409769133007,dual_cluster
7,0.725,0.1,1.5,0.8731264354311288,dual_cluster
7,0.75,0.1,1.5,0.8789331353053212,dual_cluster
7,0.7749999999999999,0.1,1.5,0.8845622808105056,dual_cluster
7,0.8,0.1,1.5,0.8900068820524594,dual_cluster
7,0.825,0.1,1.5,0.8952555192776231,dual_cluster
7,0.85,0.1,1.5,0.9002955540687793,dual_cluster
7,0.875,0.1,1.5,0.9051156357691024,dual_cluster
7,0.8999999999999999,0.1,1.5,0.9097073609365877,dual_cluster
7,0.9249999999999999,0.1,1.5,0.9140661011256543,dual_cluster
7,0.95,0.1,1.5,0.9181911443147677,dual_cluster
7,0.975,0.1,1.5,0.9220853597172449,dual_cluster
7,1.0,0.1,1.5,0.9257545958095568,dual_cluster
7,1.025,0.1,1.5,0.9292069809046846,dual_cluster
7,1.0499999999999998,0.1,1.5,0.9324522410384667,dual_cluster
7,1.075,0.1,1.5,0.9355010996635544,dual_cluster
7,1.1,0.1,1.5,0.9383647858963177,dual_cluster
7,1.125,0.1,1.5,0.9410546538600543,dual_cluster
7,1.15,0.1,1.5,0.9435819024991295,dual_cluster
7,1.1749999999999998,0.1,1.5,0.9459573796741787,dual_cluster
7,1.2,0.1,1.5,0.9481914533676359,dual_cluster
8,0.4,0.1,1.5,0.7236309024884646,dual_cluster
8,0.42500000000000004,0.1,1.5,0.8101804598136256,dual_cluster
8,0.45,0.1,1.5,0.7347315619605986,dual_cluster
8,0.47500000000000003,0.1,1.5,0.9213150898806404,absorbed
8,0.5,0.1,1.5,0.874611138273626,dual_cluster
8,0.525,0.1,1.5,0.8379496269002551,dual_cluster
8,0.55,0.1,1.5,0.8198786334186754,dual_cluster
8,0.575,0.1,1.5,0.805463535951492,dual_cluster
8,0.6,0.1,1.5,0.785199559786678,dual_cluster
8,0.625,0.1,1.5,0.872487896286841,dual_cluster
8,0.65,0.1,1.5,0.8669450174766246,dual_cluster
8,0.675,0.1,1.5,0.8586942630747625,dual_cluster
8,0.7,0.1,1.5,0.865149452915271,dual_cluster
8,0.725,0.1,1.5,0.8712088965631024,dual_cluster
8,0.75,0.1,1.5,0.8770607276609443,dual_cluster
8,0.7749999999999999,0.1,1.5,0.8827135768872197,dual_cluster
8,0.8,0.1,1.5,0.8881675995696283,dual_cluster
8,0.825,0.1,1.5,0.8934177286052821,dual_cluster
8,0.85,0.1,1.5,0.898456570433381,dual_cluster
8,0.875,0.1,1.5,0.9032767296403121,dual_cluster
8,0.8999999999999999,0.1,1.5,0.9078724585878261,dual_cluster
8,0.9249999999999999,0.1,1.5,0.9122406244803247,dual_cluster
8,0.95,0.1,1.5,0.9163810814288894,dual_cluster
8,0.975,0.1,1.5,0.9202965946764186,dual_cluster
8,1.0,0.1,1.5,0.9239924793406536,dual_cluster
8,1.025,0.1,1.5,0.9274760970146682,dual_cluster
8,1.0499999999999998,0.1,1.5,0.930756317429694,dual_cluster
8,1.075,0.1,1.5,0.9338430138152161,dual_cluster
8,1.1,0.1,1.5,0.936746628203646,dual_cluster
8,1.125,0.1,1.5,0.9394778197563948,dual_cluster
8,1.15,0.1,1.5,0.9420471947721155,dual_cluster
8,1.1749999999999998,0.1,1.5,0.9444651094047023,dual_cluster
8,1.2,0.1,1.5,0.9467415330647942,dual_cluster
9,0.4,0.1,1.5,0.8756959996466556,absorbed
9,0.42500000000000004,0.1,1.5,0.899633089058813,dual_cluster
9,0.45,0.1,1.5,0.9178741479612201,absorbed
9,0.47500000000000003,0.1,1.5,0.8215316440566585,dual_cluster
9,0.5,0.1,1.5,0.7755240677721998,dual_cluster
9,0.525,0.1,1.5,0.9188503109950531,dual_cluster
9,0.55,0.1,1.5,0.7587151382471389,dual_cluster
9,0.575,0.1,1.5,0.9001816703383475,dual_cluster
9,0.6,0.1,1.5,0.7714524036669054,dual_cluster
9,0.625,0.1,1.5,0.8288732381133613,dual_cluster
9,0.65,0.1,1.5,0.8541616299454313,dual_cluster
9,0.675,0.1,1.5,0.861328035420445,dual_cluster
9,0.7,0.1,1.5,0.8675722265256289,dual_cluster
9,0.725,0.1,1.5,0.8736509690373122,dual_cluster
9,0.75,0.1,1.5,0.8795434352659391,dual_cluster
9,0.7749999999999999,0.1,1.5,0.8852487921244202,dual_cluster
9,0.8,0.1,1.5,0.8907585039139875,dual_cluster
9,0.825,0.1,1.5,0.8960602153234405,dual_cluster
9,0.85,0.1,1.5,0.9011410528001276,dual_cluster
9,0.875,0.1,1.5,0.905990092791157,dual_cluster
9,0.8999999999999999,0.1,1.5,0.9105998856666618,dual_cluster
9,0.9249999999999999,0.1,1.5,0.914967100988515,dual_cluster
9,0.95,0.1,1.5,0.9190924872682783,dual_cluster
9,0.975,0.1,1.5,0.9229803875234801,dual_cluster
9,1.0,0.1,1.5,0.9266380331727342,dual_cluster
9,1.025,0.1,1.5,0.9300747841409658,dual_cluster
9,1.0499999999999998,0.1,1.5,0.9333014210831322,dual_cluster
9,1.075,0.1,1.5,0.9363295434094395,dual_cluster
9,1.1,0.1,1.5,0.9391710902280331,dual_cluster
9,1.125,0.1,1.5,0.9418379794990581,dual_cluster
9,1.15,0.1,1.5,0.944341849945228,dual_cluster
9,1.1749999999999998,0.1,1.5,0.946693886656513,dual_cluster
9,1.2,0.1,1.5,0.9489047117319761,dual_cluster
10,0.4,0.1,1.5,0.896878473425818,absorbed
10,0.42500000000000004,0.1,1.5,0.8609947695342763,dual_cluster
10,0.45,0.1,1.5,0.8266009611436307,dual_cluster
10,0.47500000000000003,0.1,1.5,0.8377947770648959,dual_cluster
10,0.5,0.1,1.5,0.8879039652717358,dual_cluster
10,0.525,0.1,1.5,0.9486761594115707,absorbed
10,0.55,0.1,1.5,0.7625746357523869,dual_cluster
10,0.575,0.1,1.5,0.8194793782178826,dual_cluster
10,0.6,0.1,1.5,0.8791750968537138,dual_cluster
10,0.625,0.1,1.5,0.8939578204556918,dual_cluster
10,0.65,0.1,1.5,0.868076540434193,dual_cluster
10,0.675,0.1,1.5,0.8646155393784212,dual_cluster
10,0.7,0.1,1.5,0.8705199439034357,dual_cluster
10,0.725,0.1,1.5,0.8762673165297162,dual_cluster
10,0.75,0.1,1.5,0.8818575213887041,dual_cluster
10,0.7749999999999999,0.1,1.5,0.88728750660806,dual_cluster
10,0.8,0.1,1.5,0.892547464791341,dual_cluster
10,0.825,0.1,1.5,0.8976241831926384,dual_cluster
10,0.85,0.1,1.5,0.9025039381600052,dual_cluster
10,0.875,0.1,1.5,0.9071747244423298,dual_cluster
10,0.8999999999999999,0.1,1.5,0.9116276963695021,dual_cluster
10,0.9249999999999999,0.1,1.5,0.9158578455206343,dual_cluster
10,0.95,0.1,1.5,0.9198640560770046,dual_cluster
10,0.975,0.1,1.5,0.9236487338096714,dual_cluster
10,1.0,0.1,1.5,0.9272172014136114,dual_cluster
10,1.025,0.1,1.5,0.9305770141273445,dual_cluster
10,1.0499999999999998,0.1,1.5,0.9337372991806657,dual_cluster
10,1.075,0.1,1.5,0.9367081767362267,dual_cluster
10,1.1,0.1,1.5,0.939500285723764,dual_cluster
10,1.125,0.1,1.5,0.9421244160492094,dual_cluster
10,1.15,0.1,1.5,0.9445912367569342,dual_cluster
10,1.1749999999999998,0.1,1.5,0.9469111047185415,dual_cluster
10,1.2,0.1,1.5,0.9490939375837505,dual_cluster
11,0.4,0.1,1.5,0.7006659248886943,dual_cluster
11,0.42500000000000004,0.1,1.5,0.8600198637726071,dual_cluster
11,0.45,0.1,1.5,0.7263393024017969,dual_cluster
11,0.47500000000000003,0.1,1.5,0.9246086687993003,dual_cluster
11,0.5,0.1,1.5,0.9200395103294728,dual_cluster
11,0.525,0.1,1.5,0.8963269688142687,dual_cluster
11,0.55,0.1,1.5,0.8914076085530834,dual_cluster
11,0.575,0.1,1.5,0.891999459417593,dual_cluster
11,0.6,0.1,1.5,0.8800564461400234,dual_cluster
11,0.625,0.1,1.5,0.8441918799081022,dual_cluster
11,0.65,0.1,1.5,0.8282745837483564,dual_cluster
11,0.675,0.1,1.5,0.8629317973741926,dual_cluster
11,0.7,0.1,1.5,0.8682443652822546,dual_cluster
11,0.725,0.1,1.5,0.8740082899467883,dual_cluster
11,0.75,0.1,1.5,0.8796067986169017,dual_cluster
11,0.7749999999999999,0.1,1.5,0.8850422421173678,dual_cluster
11,0.8,0.1,1.5,0.890309338488133,dual_cluster
11,0.825,0.1,1.5,0.8953982109023553,dual_cluster
11,0.85,0.1,1.5,0.9002972292224799,dual_cluster
11,0.875,0.1,1.5,0.9049953262304103,dual_cluster
11,0.8999999999999999,0.1,1.5,0.9094836413624068,dual_cluster
11,0.9249999999999999,0.1,1.5,0.9137564626827803,dual_cluster
11,0.95,0.1,1.5,0.9178115507414464,dual_cluster
11,0.975,0.1,1.5,0.9216499980567205,dual_cluster
11,1.0,0.1,1.5,0.9252757965793174,dual_cluster
11,1.025,0.1,1.5,0.9286952652380143,dual_cluster
11,1.0499999999999998,0.1,1.5,0.931916450382089,dual_cluster
11,1.075,0.1,1.5,0.9349485702184963,dual_cluster
11,1.1,0.1,1.5,0.9378015396738265,dual_cluster
11,1.125,0.1,1.5,0.9404855876499546,dual_cluster
11,1.15,0.1,1.5,0.9430109637044993,dual_cluster
11,1.1749999999999998,0.1,1.5,0.945387723509142,dual_cluster
11,1.2,0.1,1.5,0.9476255795784617,dual_cluster
12,0.4,0.1,1.5,0.83954111618469,dual_cluster
12,0.42500000000000004,0.1,1.5,0.712630761475028,dual_cluster
12,0.45,0.1,1.5,0.8275532441377295,dual_cluster
12,0.47500000000000003,0.1,1.5,0.8691612915408132,dual_cluster
12,0.5,0.1,1.5,0.8645161933879184,dual_cluster
12,0.525,0.1,1.5,0.7623957961447512,dual_cluster
12,0.55,0.1,1.5,0.9481427847516867,absorbed
12,0.575,0.1,1.5,0.8915281497539556,dual_cluster
12,0.6,0.1,1.5,0.7951657963932773,dual_cluster
12,0.625,0.1,1.5,0.8837953363162028,dual_cluster
12,0.65,0.1,1.5,0.8571732859369672,dual_cluster
12,0.675,0.1,1.5,0.8633145457247292,dual_cluster
12,0.7,0.1,1.5,0.869650694048323,dual_cluster
12,0.725,0.1,1.5,0.8757889909618793,dual_cluster
12,0.75,0.1,1.5,0.8817347632216801,dual_cluster
12,0.7749999999999999,0.1,1.5,0.8874825354364685,dual_cluster
12,0.8,0.1,1.5,0.8930205119715839,dual_cluster
12,0.825,0.1,1.5,0.8983346148624736,dual_cluster
12,0.85,0.1,1.5,0.903411725754561,dual_cluster
12,0.875,0.1,1.5,0.9082418952451754,dual_cluster
12,0.8999999999999999,0.1,1.5,0.9128194937152306,dual_cluster
12,0.9249999999999999,0.1,1.5,0.9171434679080686,dual_cluster
12,0.95,0.1,1.5,0.9212169703331491,dual_cluster
12,0.975,0.1,1.5,0.9250466378014498,dual_cluster
12,1.0,0.1,1.5,0.9286417434202074,dual_cluster
12,1.025,0.1,1.5,0.9320133725517051,dual_cluster
12,1.0499999999999998,0.1,1.5,0.9351737050934404,dual_cluster
12,1.075,0.1,1.5,0.9381354360757644,dual_cluster
12,1.1,0.1,1.5,0.9409113352083343,dual_cluster
12,1.125,0.1,1.5,0.9435139297308628,dual_cluster
12,1.15,0.1,1.5,0.9459552887055768,dual_cluster
12,1.1749999999999998,0.1,1.5,0.9482468864724145,dual_cluster
12,1.2,0.1,1.5,0.9503995254078397,dual_cluster
13,0.4,0.1,1.5,0.8512817248591005,dual_cluster
13,0.42500000000000004,0.1,1.5,0.7396043707061424,dual_cluster
13,0.45,0.1,1.5,0.9071965625501818,dual_cluster
13,0.47500000000000003,0.1,1.5,0.7563082910037562,dual_cluster
13,0.5,0.1,1.5,0.9468954605436255,absorbed
13,0.525,0.1,1.5,0.8929957327772591,dual_cluster
13,0.55,0.1,1.5,0.815750445429166,dual_cluster
13,0.575,0.1,1.5,0.7729932572980911,dual_cluster
13,0.6,0.1,1.5,0.8990194224680813,dual_cluster
13,0.625,0.1,1.5,0.8323183361897238,dual_cluster
13,0.65,0.1,1.5,0.8617409339111985,dual_cluster
13,0.675,0.1,1.5,0.8681598851917202,dual_cluster
13,0.7,0.1,1.5,0.8741673235259728,dual_cluster
13,0.725,0.1,1.5,0.8800151087083208,dual_cluster
13,0.75,0.1,1.5,0.8856998907193623,dual_cluster
13,0.7749999999999999,0.1,1.5,0.8912098335916654,dual_cluster
13,0.8,0.1,1.5,0.8965285550780395,dual_cluster
13,0.825,0.1,1.5,0.9016388217269617,dual_cluster
13,0.85,0.1,1.5,0.9065254485456595,dual_cluster
13,0.875,0.1,1.5,0.9111771804804846,dual_cluster
13,0.8999999999999999,0.1,1.5,0.9155875586038782,dual_cluster
13,0.9249999999999999,0.1,1.5,0.9197549572219866,dual_cluster
13,0.95,0.1,1.5,0.9236820645366115,dual_cluster
13,0.975,0.1,1.5,0.9273750744055055,dual_cluster
13,1.0,0.1,1.5,0.9308427975891773,dual_cluster
13,1.025,0.1,1.5,0.934095826450241,dual_cluster
13,1.0499999999999998,0.1,1.5,0.9371458220420075,dual_cluster
13,1.075,0.1,1.5,0.9400049463501161,dual_cluster
13,1.1,0.1,1.5,0.9426854348076735,dual_cluster
13,1.125,0.1,1.5,0.9451992906347838,dual_cluster
13,1.15,0.1,1.5,0.9475580780461837,dual_cluster
13,1.1749999999999998,0.1,1.5,0.9497727919070631,dual_cluster
13,1.2,0.1,1.5,0.9518537842913634,dual_cluster
14,0.4,0.1,1.5,0.7288091423103782,dual_cluster
14,0.42500000000000004,0.1,1.5,0.8912337153100319,absorbed
14,0.45,0.1,1.5,0.8996902484288076,dual_cluster
14,0.47500000000000003,0.1,1.5,0.9154497840463378,dual_cluster
14,0.5,0.1,1.5,0.9274616799662985,dual_cluster
14,0.525,0.1,1.5,0.748080129385648,dual_cluster
14,0.55,0.1,1.5,0.8096800356102639,dual_cluster
14,0.575,0.1,1.5,0.8961657739113946,dual_cluster
14,0.6,0.1,1.5,0.938247271360708,dual_cluster
14,0.625,0.1,1.5,0.8886882825029729,dual_cluster
14,0.65,0.1,1.5,0.8668739152377131,dual_cluster
14,0.675,0.1,1.5,0.8595721927093483,dual_cluster
14,0.7,0.1,1.5,0.8659439308964766,dual_cluster
14,0.725,0.1,1.5,0.8721198054823589,dual_cluster
14,0.75,0.1,1.5,0.8780863203116158,dual_cluster
14,0.7749999999999999,0.1,1.5,0.883848505742389,dual_cluster
14,0.8,0.1,1.5,0.8894028980953461,dual_cluster
14,0.825,0.1,1.5,0.8947413671290819,dual_cluster
14,0.85,0.1,1.5,0.899854358014872,dual_cluster
14,0.875,0.1,1.5,0.9047333661010147,dual_cluster
14,0.8999999999999999,0.1,1.5,0.9093725458068108,dual_cluster
14,0.9249999999999999,0.1,1.5,0.9137694988079095,dual_cluster
14,0.95,0.1,1.5,0.9179254006988687,dual_cluster
14,0.975,0.1,1.5,0.9218446767364417,dual_cluster
14,1.0,0.1,1.5,0.9255344300038245,dual_cluster
14,1.025,0.1,1.5,0.9290037826912703,dual_cluster
14,1.0499999999999998,0.1,1.5,0.932263237739788,dual_cluster
14,1.075,0.1,1.5,0.9353241201909808,dual_cluster
14,1.1,0.1,1.5,0.9381981221800275,dual_cluster
14,1.125,0.1,1.5,0.9408969530700676,dual_cluster
14,1.15,0.1,1.5,0.9434320841594865,dual_cluster
14,1.1749999999999998,0.1,1.5,0.945814572399609,dual_cluster
14,1.2,0.1,1.5,0.9480549467954325,dual_cluster
15,0.4,0.1,1.5,0.8617459541872634,dual_cluster
15,0.42500000000000004,0.1,1.5,0.9053438833819153,absorbed
15,0.45,0.1,1.5,0.749950719443804,dual_cluster
15,0.47500000000000003,0.1,1.5,0.825232422101275,dual_cluster
15,0.5,0.1,1.5,0.8867126371770426,dual_cluster
15,0.525,0.1,1.5,0.8669083379997109,dual_cluster
15,0.55,0.1,1.5,0.7620422436126971,dual_cluster
15,0.575,0.1,1.5,0.9363270996559043,dual_cluster
15,0.6,0.1,1.5,0.8133372393660158,dual_cluster
15,0.625,0.1,1.5,0.8909050372732683,dual_cluster
15,0.65,0.1,1.5,0.8593168722932641,dual_cluster
15,0.675,0.1,1.5,0.8626411253587187,dual_cluster
15,0.7,0.1,1.5,0.8689483879500061,dual_cluster
15,0.725,0.1,1.5,0.8750546101436946,dual_cluster
15,0.75,0.1,1.5,0.8809704504216397,dual_cluster
15,0.7749999999999999,0.1,1.5,0.8866920837974656,dual_cluster
15,0.8,0.1,1.5,0.892209062135261,dual_cluster
15,0.825,0.1,1.5,0.8975081936137864,dual_cluster
15,0.85,0.1,1.5,0.9025767228825127,dual_cluster
15,0.875,0.1,1.5,0.9074045777214679,dual_cluster
15,0.8999999999999999,0.1,1.5,0.9119856272584227,dual_cluster
15,0.9249999999999999,0.1,1.5,0.9163180746669244,dual_cluster
15,0.95,0.1,1.5,0.9204042160154178,dual_cluster
15,0.975,0.1,1.5,0.924249820886074,dual_cluster
15,1.0,0.1,1.5,0.9278633527970623,dual_cluster
15,1.025,0.1,1.5,0.9312551831245972,dual_cluster
15,1.0499999999999998,0.1,1.5,0.934436888252921,dual_cluster
15,1.075,0.1,1.5,0.9374206698114866,dual_cluster
15,1.1,0.1,1.5,0.9402189051568167,dual_cluster
15,1.125,0.1,1.5,0.9428438171261738,dual_cluster
15,1.15,0.1,1.5,0.9453072441826808,dual_cluster
15,1.1749999999999998,0.1,1.5,0.9476204903719619,dual_cluster
15,1.2,0.1,1.5,0.9497942360615252,dual_cluster
16,0.4,0.1,1.5,0.7860729498455808,dual_cluster
16,0.42500000000000004,0.1,1.5,0.8984227968791606,dual_cluster
16,0.45,0.1,1.5,0.7620669780173406,dual_cluster
16,0.47500000000000003,0.1,1.5,0.8788730341078701,dual_cluster
16,0.5,0.1,1.5,0.7575209318112462,dual_cluster
16,0.525,0.1,1.5,0.934936137463312,dual_cluster
16,0.55,0.1,1.5,0.9249894708450782,dual_cluster
16,0.575,0.1,1.5,0.853104294355373,dual_cluster
16,0.6,0.1,1.5,0.7878473915024945,dual_cluster
16,0.625,0.1,1.5,0.8926414084362924,dual_cluster
16,0.65,0.1,1.5,0.8572154159865474,dual_cluster
16,0.675,0.1,1.5,0.8658295568463631,dual_cluster
16,0.7,0.1,1.5,0.8719091466698801,dual_cluster
16,0.725,0.1,1.5,0.8778301487521976,dual_cluster
16,0.75,0.1,1.5,0.8835900278473047,dual_cluster
16,0.7749999999999999,0.1,1.5,0.8891781963843057,dual_cluster
16,0.8,0.1,1.5,0.8945785184903501,dual_cluster
16,0.825,0.1,1.5,0.8997732199946972,dual_cluster
16,0.85,0.1,1.5,0.904746061904271,dual_cluster
16,0.875,0.1,1.5,0.9094844990251332,dual_cluster
16,0.8999999999999999,0.1,1.5,0.913980776795753,dual_cluster
16,0.9249999999999999,0.1,1.5,0.9182321255006886,dual_cluster
16,0.95,0.1,1.5,0.9222403228163742,dual_cluster
16,0.975,0.1,1.5,0.9260109073702161,dual_cluster
16,1.0,0.1,1.5,0.9295522726898066,dual_cluster
16,1.025,0.1,1.5,0.9328747945695731,dual_cluster
16,1.0499999999999998,0.1,1.5,0.9359900745567945,dual_cluster
16,1.075,0.1,1.5,0.9389103305734138,dual_cluster
16,1.1,0.1,1.5,0.9416479337711825,dual_cluster
16,1.125,0.1,1.5,0.9442150743858547,dual_cluster
16,1.15,0.1,1.5,0.9466235333298908,dual_cluster
16,1.1749999999999998,0.1,1.5,0.9488845361204742,dual_cluster
16,1.2,0.1,1.5,0.9510086684271573,dual_cluster
17,0.4,0.1,1.5,0.7361365946743672,dual_cluster
17,0.42500000000000004,0.1,1.5,0.8328958445339768,dual_cluster
17,0.45,0.1,1.5,0.7268210938857422,dual_cluster
17,0.47500000000000003,0.1,1.5,0.9280839517789528,absorbed
17,0.5,0.1,1.5,0.9107761342098092,dual_cluster
17,0.525,0.1,1.5,0.8837852379444796,dual_cluster
17,0.55,0.1,1.5,0.8718322401202214,dual_cluster
17,0.575,0.1,1.5,0.8607337391769216,dual_cluster
17,0.6,0.1,1.5,0.8351766074795609,dual_cluster
17,0.625,0.1,1.5,0.8018833389007433,dual_cluster
17,0.65,0.1,1.5,0.8832955730359853,dual_cluster
17,0.675,0.1,1.5,0.8620162939758506,dual_cluster
17,0.7,0.1,1.5,0.868053063111016,dual_cluster
17,0.725,0.1,1.5,0.8738865467300843,dual_cluster
17,0.75,0.1,1.5,0.8795398246418547,dual_cluster
17,0.7749999999999999,0.1,1.5,0.8850171311383809,dual_cluster
17,0.8,0.1,1.5,0.8903149649026374,dual_cluster
17,0.825,0.1,1.5,0.8954252225830037,dual_cluster
17,0.85,0.1,1.5,0.9003380032778111,dual_cluster
17,0.875,0.1,1.5,0.9050438621918532,dual_cluster
17,0.8999999999999999,0.1,1.5,0.9095353938957051,dual_cluster
17,0.9249999999999999,0.1,1.5,0.9138081331083439,dual_cluster
17,0.95,0.1,1.5,0.9178608626250051,dual_cluster
17,0.975,0.1,1.5,0.9216954795574082,dual_cluster
17,1.0,0.1,1.5,0.92531658528627,dual_cluster
17,1.025,0.1,1.5,0.9287309435539859,dual_cluster
17,1.0499999999999998,0.1,1.5,0.9319469132930097,dual_cluster
17,1.075,0.1,1.5,0.9349739232426554,dual_cluster
17,1.1,0.1,1.5,0.9378220227236478,dual_cluster
17,1.125,0.1,1.5,0.9405015199070775,dual_cluster
17,1.15,0.1,1.5,0.9430227048307729,dual_cluster
17,1.1749999999999998,0.1,1.5,0.9453956471496174,dual_cluster
17,1.2,0.1,1.5,0.9476300558724997,dual_cluster
18,0.4,0.1,1.5,0.6766657089129606,dual_cluster
18,0.42500000000000004,0.1,1.5,0.7264204165725359,dual_cluster
18,0.45,0.1,1.5,0.8457479757765746,dual_cluster
18,0.47500000000000003,0.1,1.5,0.8703971397385031,dual_cluster
18,0.5,0.1,1.5,0.8269883894534101,dual_cluster
18,0.525,0.1,1.5,0.756275281495261,dual_cluster
18,0.55,0.1,1.5,0.9271414150796711,dual_cluster
18,0.575,0.1,1.5,0.8320587130191615,dual_cluster
18,0.6,0.1,1.5,0.7726510709589757,dual_cluster
18,0.625,0.1,1.5,0.8582859890661506,dual_cluster
18,0.65,0.1,1.5,0.8649615009352681,dual_cluster
18,0.675,0.1,1.5,0.8590040837801992,dual_cluster
18,0.7,0.1,1.5,0.8656280595573528,dual_cluster
18,0.725,0.1,1.5,0.8720076270795024,dual_cluster
18,0.75,0.1,1.5,0.8781720112750413,dual_cluster
18,0.7749999999999999,0.1,1.5,0.8841215067046548,dual_cluster
18,0.8,0.1,1.5,0.8898482261448089,dual_cluster
18,0.825,0.1,1.5,0.8953405030634357,dual_cluster
18,0.85,0.1,1.5,0.9005865224008465,dual_cluster
18,0.875,0.1,1.5,0.905576907781313,dual_cluster
18,0.8999999999999999,0.1,1.5,0.9103061973878445,dual_cluster
18,0.9249999999999999,0.1,1.5,0.9147733441868092,dual_cluster
18,0.95,0.1,1.5,0.9189815017727564,dual_cluster
18,0.975,0.1,1.5,0.9229373847225072,dual_cluster
18,1.0,0.1,1.5,0.9266504488700653,dual_cluster
18,1.025,0.1,1.5,0.9301320630824914,dual_cluster
18,1.0499999999999998,0.1,1.5,0.9333947714317068,dual_cluster
18,1.075,0.1,1.5,0.9364516886855635,dual_cluster
18,1.1,0.1,1.5,0.9393160358976906,dual_cluster
18,1.125,0.1,1.5,0.9420008032534454,dual_cluster
18,1.15,0.1,1.5,0.9445185190884304,dual_cluster
18,1.1749999999999998,0.1,1.5,0.9468811025245858,dual_cluster
18,1.2,0.1,1.5,0.9490997791446788,dual_cluster
19,0.4,0.1,1.5,0.8689726669062172,dual_cluster
19,0.42500000000000004,0.1,1.5,0.7570201519419651,dual_cluster
19,0.45,0.1,1.5,0.7740189088487177,dual_cluster
19,0.47500000000000003,0.1,1.5,0.9289467652231825,dual_cluster
19,0.5,0.1,1.5,0.7784049191664059,dual_cluster
19,0.525,0.1,1.5,0.9355771109264698,dual_cluster
19,0.55,0.1,1.5,0.892505788468956,dual_cluster
19,0.575,0.1,1.5,0.7997538234891328,dual_cluster
19,0.6,0.1,1.5,0.9404929368751807,dual_cluster
19,0.625,0.1,1.5,0.8297670945922455,dual_cluster
19,0.65,0.1,1.5,0.8632849231010595,dual_cluster
19,0.675,0.1,1.5,0.8641293374225111,dual_cluster
19,0.7,0.1,1.5,0.8703288560253563,dual_cluster
19,0.725,0.1,1.5,0.8763484841992127,dual_cluster
19,0.75,0.1,1.5,0.8821924856086237,dual_cluster
19,0.7749999999999999,0.1,1.5,0.8878539085878401,dual_cluster
19,0.8,0.1,1.5,0.8933194815476638,dual_cluster
19,0.825,0.1,1.5,0.89857359378346,dual_cluster
19,0.85,0.1,1.5,0.9036015504795084,dual_cluster
19,0.875,0.1,1.5,0.9083918357188867,dual_cluster
19,0.8999999999999999,0.1,1.5,0.9129373285201919,dual_cluster
19,0.9249999999999999,0.1,1.5,0.9172356144670343,dual_cluster
19,0.95,0.1,1.5,0.9212886493959914,dual_cluster
19,0.975,0.1,1.5,0.9251020504257736,dual_cluster
19,1.0,0.1,1.5,0.9286842432077201,dual_cluster
19,1.025,0.1,1.5,0.9320456222054466,dual_cluster
19,1.0499999999999998,0.1,1.5,0.9351978120303219,dual_cluster
19,1.075,0.1,1.5,0.9381530659177874,dual_cluster
19,1.1,0.1,1.5,0.9409238044496898,dual_cluster
19,1.125,0.1,1.5,0.9435222800957581,dual_cluster
19,1.15,0.1,1.5,0.9459603461014782,dual_cluster
19,1.1749999999999998,0.1,1.5,0.9482493073594536,dual_cluster
19,1.2,0.1,1.5,0.9503998330924365,dual_cluster
0,0.4,0.1,2.0,0.8857401607275719,dual_cluster
0,0.42500000000000004,0.1,2.0,0.7134790254870998,dual_cluster
0,0.45,0.1,2.0,0.919886036222475,dual_cluster
0,0.47500000000000003,0.1,2.0,0.8262670953993327,dual_cluster
0,0.5,0.1,2.0,0.7657900205301662,dual_cluster
0,0.525,0.1,2.0,0.7525470288021344,dual_cluster
0,0.55,0.1,2.0,0.7567868553359445,dual_cluster
0,0.575,0.1,2.0,0.7642901378489124,dual_cluster
0,0.6,0.1,2.0,0.7721452818211636,dual_cluster
0,0.625,0.1,2.0,0.8959930455226711,dual_cluster
0,0.65,0.1,2.0,0.8853135330363702,dual_cluster
0,0.675,0.1,2.0,0.8625035496652025,dual_cluster
0,0.7,0.1,2.0,0.868659088208288,dual_cluster
0,0.725,0.1,2.0,0.8743812683364737,dual_cluster
0,0.75,0.1,2.0,0.879939367959623,dual_cluster
0,0.7749999999999999,0.1,2.0,0.8853360922947124,dual_cluster
0,0.8,0.1,2.0,0.8905664632533281,dual_cluster
0,0.825,0.1,2.0,0.8956208947105784,dual_cluster
0,0.85,0.1,2.0,0.9004880019800735,dual_cluster
0,0.875,0.1,2.0,0.9051568903167996,dual_cluster
0,0.8999999999999999,0.1,2.0,0.9096187826309404,dual_cluster
0,0.9249999999999999,0.1,2.0,0.9138679596739939,dual_cluster
0,0.95,0.1,2.0,0.91790209425452,dual_cluster
0,0.975,0.1,2.0,0.9217221285660835,dual_cluster
0,1.0,0.1,2.0,0.9253318620310114,dual_cluster
0,1.025,0.1,2.0,0.9287373979830524,dual_cluster
0,1.0499999999999998,0.1,2.0,0.9319465598640143,dual_cluster
0,1.075,0.1,2.0,0.9349683473088835,dual_cluster
0,1.1,0.1,2.0,0.9378124687565199,dual_cluster
0,1.125,0.1,2.0,0.9404889632245892,dual_cluster
0,1.15,0.1,2.0,0.9430079090802103,dual_cluster
0,1.1749999999999998,0.1,2.0,0.9453792099025837,dual_cluster
0,1.2,0.1,2.0,0.9476124445362908,dual_cluster
1,0.4,0.1,2.0,0.8911952886019715,dual_cluster
1,0.42500000000000004,0.1,2.0,0.7971943773324616,dual_cluster
1,0.45,0.1,2.0,0.7974684430780455,dual_cluster
1,0.47500000000000003,0.1,2.0,0.913420832216501,dual_cluster
1,0.5,0.1,2.0,0.8664525947401749,dual_cluster
1,0.525,0.1,2.0,0.7742424191423131,dual_cluster
1,0.55,0.1,2.0,0.7856756332542854,dual_cluster
1,0.575,0.1,2.0,0.957380381116124,absorbed
1,0.6,0.1,2.0,0.9078240157940088,dual_cluster
1,0.625,0.1,2.0,0.8304380743581563,dual_cluster
1,0.65,0.1,2.0,0.8885341135337012,dual_cluster
1,0.675,0.1,2.0,0.863177581580051,dual_cluster
1,0.7,0.1,2.0,0.8692711145519714,dual_cluster
1,0.725,0.1,2.0,0.8748552373588135,dual_cluster
1,0.75,0.1,2.0,0.880284744778439,dual_cluster
1,0.7749999999999999,0.1,2.0,0.8855629196119165,dual_cluster
1,0.8,0.1,2.0,0.8906856866251319,dual_cluster
1,0.825,0.1,2.0,0.8956441713256647,dual_cluster
1,0.85,0.1,2.0,0.9004273570156005,dual_cluster
1,0.875,0.1,2.0,0.9050243024698187,dual_cluster
1,0.8999999999999999,0.1,2.0,0.9094257797813414,dual_cluster
1,0.9249999999999999,0.1,2.0,0.9136252858388377,dual_cluster
1,0.95,0.1,2.0,0.9176194798724938,dual_cluster
1,0.975,0.1,2.0,0.9214081687196544,dual_cluster
1,1.0,0.1,2.0,0.9249939882250715,dual_cluster
1,1.025,0.1,2.0,0.9283819200301838,dual_cluster
1,1.0499999999999998,0.1,2.0,0.931578753230731,dual_cluster
1,1.075,0.1,2.0,0.9345925647247151,dual_cluster
1,1.1,0.1,2.0,0.9374322601518518,dual_cluster
1,1.125,0.1,2.0,0.9401071933131203,dual_cluster
1,1.15,0.1,2.0,0.9426268662487134,dual_cluster
1,1.1749999999999998,0.1,2.0,0.945000703266723,dual_cluster
1,1.2,0.1,2.0,0.9472378881599971,dual_cluster
2,0.4,0.1,2.0,0.7690767576628712,dual_cluster
2,0.42500000000000004,0.1,2.0,0.700119465907148,dual_cluster
2,0.45,0.1,2.0,0.8894600447259462,dual_cluster
2,0.47500000000000003,0.1,2.0,0.9199182954944365,absorbed
2,0.5,0.1,2.0,0.9280609919747301,absorbed
2,0.525,0.1,2.0,0.8081867094132863,dual_cluster
2,0.55,0.1,2.0,0.7727018431077984,dual_cluster
2,0.575,0.1,2.0,0.8654194744632071,dual_cluster
2,0.6,0.1,2.0,0.935593675540671,dual_cluster
2,0.625,0.1,2.0,0.8551271227645127,dual_cluster
2,0.65,0.1,2.0,0.8385573943041151,dual_cluster
2,0.675,0.1,2.0,0.8567952882364075,dual_cluster
2,0.7,0.1,2.0,0.8634570276946799,dual_cluster
2,0.725,0.1,2.0,0.8696842997193691,dual_cluster
2,0.75,0.1,2.0,0.8757034217965318,dual_cluster
2,0.7749999999999999,0.1,2.0,0.8815225494741289,dual_cluster
2,0.8,0.1,2.0,0.8871397030016369,dual_cluster
2,0.825,0.1,2.0,0.8925470947213593,dual_cluster
2,0.85,0.1,2.0,0.8977346244023224,dual_cluster
2,0.875,0.1,2.0,0.9026926453149593,dual_cluster
2,0.8999999999999999,0.1,2.0,0.9074138599944322,dual_cluster
2,0.9249999999999999,0.1,2.0,0.9118943505696192,dual_cluster
2,0.95,0.1,2.0,0.9161338794672464,dual_cluster
2,0.975,0.1,2.0,0.9201356677595568,dual_cluster
2,1.0,0.1,2.0,0.9239058657227558,dual_cluster
2,1.025,0.1,2.0,0.9274528938844043,dual_cluster
2,1.0499999999999998,0.1,2.0,0.9307867791802741,dual_cluster
2,1.075,0.1,2.0,0.9339185592722729,dual_cluster
2,1.1,0.1,2.0,0.9368597881466235,dual_cluster
2,1.125,0.1,2.0,0.9396221497414877,dual_cluster
2,1.15,0.1,2.0,0.9422171714529056,dual_cluster
2,1.1749999999999998,0.1,2.0,0.944656022597414,dual_cluster
2,1.2,0.1,2.0,0.9469493811744526,dual_cluster
3,0.4,0.1,2.0,0.6944370040182275,dual_cluster
3,0.42500000000000004,0.1,2.0,0.7228260565836555,dual_cluster
3,0.45,0.1,2.0,0.7918392883482239,dual_cluster
3,0.47500000000000003,0.1,2.0,0.9016395047342295,dual_cluster
3,0.5,0.1,2.0,0.7586194753707359,dual_cluster
3,0.525,0.1,2.0,0.86477971441346,dual_cluster
3,0.55,0.1,2.0,0.7545128198734901,dual_cluster
3,0.575,0.1,2.0,0.890157421378658,dual_cluster
3,0.6,0.1,2.0,0.7748319756199384,dual_cluster
3,0.625,0.1,2.0,0.8403708969448459,dual_cluster
3,0.65,0.1,2.0,0.8602498654544944,dual_cluster
3,0.675,0.1,2.0,0.8608275096182076,dual_cluster
3,0.7,0.1,2.0,0.8672317113083178,dual_cluster
3,0.725,0.1,2.0,0.8734226280548211,dual_cluster
3,0.75,0.1,2.0,0.8794097428762332,dual_cluster
3,0.7749999999999999,0.1,2.0,0.8851939031404942,dual_cluster
3,0.8,0.1,2.0,0.8907680461858611,dual_cluster
3,0.825,0.1,2.0,0.8961212677795383,dual_cluster
3,0.85,0.1,2.0,0.9012422060716517,dual_cluster
3,0.875,0.1,2.0,0.9061215032737051,dual_cluster
3,0.8999999999999999,0.1,2.0,0.9107532718725305,dual_cluster
3,0.9249999999999999,0.1,2.0,0.915135668158293,dual_cluster
3,0.95,0.1,2.0,0.9192707919456236,dual_cluster
3,0.975,0.1,2.0,0.9231641653766884,dual_cluster
3,1.0,0.1,2.0,0.9268240138978684,dual_cluster
3,1.025,0.1,2.0,0.9302605119378768,dual_cluster
3,1.0499999999999998,0.1,2.0,0.9334850922471691,dual_cluster
3,1.075,0.1,2.0,0.9365098664937591,dual_cluster
3,1.1,0.1,2.0,0.9393471699012168,dual_cluster
3,1.125,0.1,2.0,0.9420092226227291,dual_cluster
3,1.15,0.1,2.0,0.9445078911234529,dual_cluster
3,1.1749999999999998,0.1,2.0,0.9468545301069821,dual_cluster
3,1.2,0.1,2.0,0.9490598864266406,dual_cluster
4,0.4,0.1,2.0,0.7847115727970082,dual_cluster
4,0.42500000000000004,0.1,2.0,0.8307520287987838,dual_cluster
4,0.45,0.1,2.0,0.8918205055471821,dual_cluster
4,0.47500000000000003,0.1,2.0,0.8194347943786028,dual_cluster
4,0.5,0.1,2.0,0.7906225756484683,dual_cluster
4,0.525,0.1,2.0,0.7963614516237195,dual_cluster
4,0.55,0.1,2.0,0.8214280359146282,dual_cluster
4,0.575,0.1,2.0,0.8491807259896981,dual_cluster
4,0.6,0.1,2.0,0.8610509118968175,dual_cluster
4,0.625,0.1,2.0,0.8451006650909022,dual_cluster
4,0.65,0.1,2.0,0.8343374195331085,dual_cluster
4,0.675,0.1,2.0,0.8638432158561983,dual_cluster
4,0.7,0.1,2.0,0.8697251423478175,dual_cluster
4,0.725,0.1,2.0,0.8754426371246712,dual_cluster
4,0.75,0.1,2.0,0.8809991237319283,dual_cluster
4,0.7749999999999999,0.1,2.0,0.8863954070496823,dual_cluster
4,0.8,0.1,2.0,0.8916247291200798,dual_cluster
4,0.825,0.1,2.0,0.8966760639681003,dual_cluster
4,0.85,0.1,2.0,0.9015370215184021,dual_cluster
4,0.875,0.1,2.0,0.9061961601123876,dual_cluster
4,0.8999999999999999,0.1,2.0,0.9106445717391821,dual_cluster
4,0.9249999999999999,0.1,2.0,0.9148767345870823,dual_cluster
4,0.95,0.1,2.0,0.9188907416452504,dual_cluster
4,0.975,0.1,2.0,0.9226880774101505,dual_cluster
4,1.0,0.1,2.0,0.9262731240062362,dual_cluster
4,1.025,0.1,2.0,0.9296525499464398,dual_cluster
4,1.0499999999999998,0.1,2.0,0.9328346908214009,dual_cluster
4,1.075,0.1,2.0,0.9358289877681096,dual_cluster
4,1.1,0.1,2.0,0.9386455150747324,dual_cluster
4,1.125,0.1,2.0,0.941294604863107,dual_cluster
4,1.15,0.1,2.0,0.9437865630811691,dual_cluster
4,1.1749999999999998,0.1,2.0,0.9461314644245814,dual_cluster
4,1.2,0.1,2.0,0.9483390117362953,dual_cluster
5,0.4,0.1,2.0,0.7878619242993339,dual_cluster
5,0.42500000000000004,0.1,2.0,0.8750361074495531,dual_cluster
5,0.45,0.1,2.0,0.8964788072835872,dual_cluster
5,0.47500000000000003,0.1,2.0,0.7929348658487356,dual_cluster
5,0.5,0.1,2.0,0.9405827869440168,dual_cluster
5,0.525,0.1,2.0,0.8595583717685897,dual_cluster
5,0.55,0.1,2.0,0.7666343506016587,dual_cluster
5,0.575,0.1,2.0,0.9394283938411014,dual_cluster
5,0.6,0.1,2.0,0.8217308027143341,dual_cluster
5,0.625,0.1,2.0,0.8913274315951669,dual_cluster
5,0.65,0.1,2.0,0.8602206410933931,dual_cluster
5,0.675,0.1,2.0,0.8665646004449404,dual_cluster
5,0.7,0.1,2.0,0.8726198307484002,dual_cluster
5,0.725,0.1,2.0,0.8785031159287163,dual_cluster
5,0.75,0.1,2.0,0.8842162326222072,dual_cluster
5,0.7749999999999999,0.1,2.0,0.8897512941581882,dual_cluster
5,0.8,0.1,2.0,0.8950948226749388,dual_cluster
5,0.825,0.1,2.0,0.9002314994131355,dual_cluster
5,0.85,0.1,2.0,0.9051471813548504,dual_cluster
5,0.875,0.1,2.0,0.9098309559987766,dual_cluster
5,0.8999999999999999,0.1,2.0,0.9142762077094291,dual_cluster
5,0.9249999999999999,0.1,2.0,0.9184808471237386,dual_cluster
5,0.95,0.1,2.0,0.9224469509959443,dual_cluster
5,0.975,0.1,2.0,0.9261800693680984,dual_cluster
5,1.0,0.1,2.0,0.9296884098975892,dual_cluster
5,1.025,0.1,2.0,0.9329820414464866,dual_cluster
5,1.0499999999999998,0.1,2.0,0.9360721959010719,dual_cluster
5,1.075,0.1,2.0,0.9389707000146883,dual_cluster
5,1.1,0.1,2.0,0.9416895392703537,dual_cluster
5,1.125,0.1,2.0,0.9442405399672499,dual_cluster
5,1.15,0.1,2.0,0.9466351494168543,dual_cluster
5,1.1749999999999998,0.1,2.0,0.9488842933796438,dual_cluster
5,1.2,0.1,2.0,0.9509982919114948,dual_cluster
6,0.4,0.1,2.0,0.7419619108307564,dual_cluster
6,0.42500000000000004,0.1,2.0,0.8263469985786264,dual_cluster
6,0.45,0.1,2.0,0.7711261292518116,dual_cluster
6,0.47500000000000003,0.1,2.0,0.9254937132892378,dual_cluster
6,0.5,0.1,2.0,0.8593604741491405,dual_cluster
6,0.525,0.1,2.0,0.8193464496208317,dual_cluster
6,0.55,0.1,2.0,0.8038199144198682,dual_cluster
6,0.575,0.1,2.0,0.7969191091574536,dual_cluster
6,0.6,0.1,2.0,0.787587664386364,dual_cluster
6,0.625,0.1,2.0,0.8456612356193403,dual_cluster
6,0.65,0.1,2.0,0.8847531707393597,dual_cluster
6,0.675,0.1,2.0,0.8639805550673647,dual_cluster
6,0.7,0.1,2.0,0.869986224209881,dual_cluster
6,0.725,0.1,2.0,0.8756173433274038,dual_cluster
6,0.75,0.1,2.0,0.8810912917129546,dual_cluster
6,0.7749999999999999,0.1,2.0,0.8864100056202472,dual_cluster
6,0.8,0.1,2.0,0.8915679138441576,dual_cluster
6,0.825,0.1,2.0,0.8965549805076749,dual_cluster
6,0.85,0.1,2.0,0.9013594798135122,dual_cluster
6,0.875,0.1,2.0,0.905970248079619,dual_cluster
6,0.8999999999999999,0.1,2.0,0.910378278585377,dual_cluster
6,0.9249999999999999,0.1,2.0,0.9145776367241926,dual_cluster
6,0.95,0.1,2.0,0.9185657786833239,dual_cluster
6,0.975,0.1,2.0,0.9223434219310486,dual_cluster
6,1.0,0.1,2.0,0.9259141326450511,dual_cluster
6,1.025,0.1,2.0,0.929283775780677,dual_cluster
6,1.0499999999999998,0.1,2.0,0.9324599362280545,dual_cluster
6,1.075,0.1,2.0,0.9354513799073652,dual_cluster
6,1.1,0.1,2.0,0.9382675905958703,dual_cluster
6,1.125,0.1,2.0,0.9409183947954356,dual_cluster
6,1.15,0.1,2.0,0.9434136724629415,dual_cluster
6,1.1749999999999998,0.1,2.0,0.9457631438548513,dual_cluster
6,1.2,0.1,2.0,0.9479762197987779,dual_cluster
7,0.4,0.1,2.0,0.6922649067383164,dual_cluster
7,0.42500000000000004,0.1,2.0,0.892010713618557,dual_cluster
7,0.45,0.1,2.0,0.9162661202341478,dual_cluster
7,0.47500000000000003,0.1,2.0,0.9289665155249026,absorbed
7,0.5,0.1,2.0,0.9031030215125124,dual_cluster
7,0.525,0.1,2.0,0.7537289175010754,dual_cluster
7,0.55,0.1,2.0,0.8652399231206095,dual_cluster
7,0.575,0.1,2.0,0.955561039254937,absorbed
7,0.6,0.1,2.0,0.7953422558600909,dual_cluster
7,0.625,0.1,2.0,0.8571102733016703,dual_cluster
7,0.65,0.1,2.0,0.8691784177677989,dual_cluster
7,0.675,0.1,2.0,0.8612162432455642,dual_cluster
7,0.7,0.1,2.0,0.8670543538019544,dual_cluster
7,0.725,0.1,2.0,0.8730281481165969,dual_cluster
7,0.75,0.1,2.0,0.8788276792956945,dual_cluster
7,0.7749999999999999,0.1,2.0,0.8844538279353532,dual_cluster
7,0.8,0.1,2.0,0.8898990066390716,dual_cluster
7,0.825,0.1,2.0,0.8951510584372181,dual_cluster
7,0.85,0.1,2.0,0.9001965749321177,dual_cluster
7,0.875,0.1,2.0,0.9050234871369396,dual_cluster
7,0.8999999999999999,0.1,2.0,0.9096227790306844,dual_cluster
7,0.9249999999999999,0.1,2.0,0.913989339337779,dual_cluster
7,0.95,0.1,2.0,0.9181221030967646,dual_cluster
7,0.975,0.1,2.0,0.9220237015048011,dual_cluster
7,1.0,0.1,2.0,0.9256998380318336,dual_cluster
7,1.025,0.1,2.0,0.9291585660646303,dual_cluster
7,1.0499999999999998,0.1,2.0,0.9324095862858275,dual_cluster
7,1.075,0.1,2.0,0.9354636297297676,dual_cluster
7,1.1,0.1,2.0,0.9383319534375064,dual_cluster
7,1.125,0.1,2.0,0.9410259507796704,dual_cluster
7,1.15,0.1,2.0,0.9435568651120795,dual_cluster
7,1.1749999999999998,0.1,2.0,0.945935589862062,dual_cluster
7,1.2,0.1,2.0,0.9481725372642569,dual_cluster
8,0.4,0.1,2.0,0.7139755344199016,dual_cluster
8,0.42500000000000004,0.1,2.0,0.8185519778177793,dual_cluster
8,0.45,0.1,2.0,0.7196643169088927,dual_cluster
8,0.47500000000000003,0.1,2.0,0.9228372247984821,absorbed
8,0.5,0.1,2.0,0.9046600473415275,dual_cluster
8,0.525,0.1,2.0,0.8866817690418091,dual_cluster
8,0.55,0.1,2.0,0.8892901664169558,dual_cluster
8,0.575,0.1,2.0,0.8976131430397604,dual_cluster
8,0.6,0.1,2.0,0.8931004080312086,dual_cluster
8,0.625,0.1,2.0,0.8620372723018197,dual_cluster
8,0.65,0.1,2.0,0.8256570294032772,dual_cluster
8,0.675,0.1,2.0,0.858924193681297,dual_cluster
8,0.7,0.1,2.0,0.8650298812797624,dual_cluster
8,0.725,0.1,2.0,0.8710646251156499,dual_cluster
8,0.75,0.1,2.0,0.8768985347316673,dual_cluster
8,0.7749999999999999,0.1,2.0,0.8825402607371629,dual_cluster
8,0.8,0.1,2.0,0.8879894588717608,dual_cluster
8,0.825,0.1,2.0,0.8932401862919594,dual_cluster
8,0.85,0.1,2.0,0.8982839688852872,dual_cluster
8,0.875,0.1,2.0,0.9031122826270961,dual_cluster
8,0.8999999999999999,0.1,2.0,0.9077183241523008,dual_cluster
8,0.9249999999999999,0.1,2.0,0.9120980537959895,dual_cluster
8,0.95,0.1,2.0,0.9162506011482228,dual_cluster
8,0.975,0.1,2.0,0.9201781901752174,dual_cluster
8,1.0,0.1,2.0,0.9238857584834944,dual_cluster
8,1.025,0.1,2.0,0.9273804248988305,dual_cluster
8,1.0499999999999998,0.1,2.0,0.9306709203073366,dual_cluster
8,1.075,0.1,2.0,0.9337670549307425,dual_cluster
8,1.1,0.1,2.0,0.9366792603118913,dual_cluster
8,1.125,0.1,2.0,0.9394182194957077,dual_cluster
8,1.15,0.1,2.0,0.9419945836053988,dual_cluster
8,1.1749999999999998,0.1,2.0,0.9444187650253479,dual_cluster
8,1.2,0.1,2.0,0.9467007942927282,dual_cluster
9,0.4,0.1,2.0,0.8722283099121181,dual_cluster
9,0.42500000000000004,0.1,2.0,0.9032675016578502,absorbed
9,0.45,0.1,2.0,0.9081115258843491,dual_cluster
9,0.47500000000000003,0.1,2.0,0.7448322200017751,dual_cluster
9,0.5,0.1,2.0,0.8182915799564966,dual_cluster
9,0.525,0.1,2.0,0.944142460894135,absorbed
9,0.55,0.1,2.0,0.8197106236178604,dual_cluster
9,0.575,0.1,2.0,0.9532257169392495,absorbed
9,0.6,0.1,2.0,0.8438505342092734,dual_cluster
9,0.625,0.1,2.0,0.92086339732172,dual_cluster
9,0.65,0.1,2.0,0.8411831923583816,dual_cluster
9,0.675,0.1,2.0,0.861087363395408,dual_cluster
9,0.7,0.1,2.0,0.8674615756075218,dual_cluster
9,0.725,0.1,2.0,0.8735273239623832,dual_cluster
9,0.75,0.1,2.0,0.8794123124858088,dual_cluster
9,0.7749999999999999,0.1,2.0,0.8851152108460287,dual_cluster
9,0.8,0.1,2.0,0.8906266973118858,dual_cluster
9,0.825,0.1,2.0,0.8959334758872378,dual_cluster
9,0.85,0.1,2.0,0.9010217126543818,dual_cluster
9,0.875,0.1,2.0,0.9058796070292164,dual_cluster
9,0.8999999999999999,0.1,2.0,0.9104989776851641,dual_cluster
9,0.9249999999999999,0.1,2.0,0.914875931017237,dual_cluster
9,0.95,0.1,2.0,0.9190108150146213,dual_cluster
9,0.975,0.1,2.0,0.9229077118791541,dual_cluster
9,1.0,0.1,2.0,0.9265737023129861,dual_cluster
9,1.025,0.1,2.0,0.9300180763708228,dual_cluster
9,1.0499999999999998,0.1,2.0,0.9332516004991414,dual_cluster
9,1.075,0.1,2.0,0.9362858957304422,dual_cluster
9,1.1,0.1,2.0,0.9391329440015289,dual_cluster
9,1.125,0.1,2.0,0.9418047170836681,dual_cluster
9,1.15,0.1,2.0,0.9443129116858767,dual_cluster
9,1.1749999999999998,0.1,2.0,0.9466687707537317,dual_cluster
9,1.2,0.1,2.0,0.9488829715562311,dual_cluster
10,0.4,0.1,2.0,0.8963640971403749,absorbed
10,0.42500000000000004,0.1,2.0,0.8717293199028037,dual_cluster
10,0.45,0.1,2.0,0.845470592553582,dual_cluster
10,0.47500000000000003,0.1,2.0,0.8660669300148328,dual_cluster
10,0.5,0.1,2.0,0.9237391491152928,dual_cluster
10,0.525,0.1,2.0,0.9023984040679114,dual_cluster
10,0.55,0.1,2.0,0.7925328032200002,dual_cluster
10,0.575,0.1,2.0,0.9004699258128814,dual_cluster
10,0.6,0.1,2.0,0.9531715056652621,dual_cluster
10,0.625,0.1,2.0,0.8015258190886715,dual_cluster
10,0.65,0.1,2.0,0.8362800045448521,dual_cluster
10,0.675,0.1,2.0,0.8643611953157584,dual_cluster
10,0.7,0.1,2.0,0.8704165228934433,dual_cluster
10,0.725,0.1,2.0,0.8761487175469627,dual_cluster
10,0.75,0.1,2.0,0.8817291108502033,dual_cluster
10,0.7749999999999999,0.1,2.0,0.8871543811632842,dual_cluster
10,0.8,0.1,2.0,0.8924140844174173,dual_cluster
10,0.825,0.1,2.0,0.8974941650207233,dual_cluster
10,0.85,0.1,2.0,0.9023799850392542,dual_cluster
10,0.875,0.1,2.0,0.9070586638591744,dual_cluster
10,0.8999999999999999,0.1,2.0,0.9115205933969346,dual_cluster
10,0.9249999999999999,0.1,2.0,0.9157601521981885,dual_cluster
10,0.95,0.1,2.0,0.9197757665171516,dual_cluster
10,0.975,0.1,2.0,0.9235695248495014,dual_cluster
10,1.0,0.1,2.0,0.927146548780972,dual_cluster
10,1.025,0.1,2.0,0.9305142816843525,dual_cluster
10,1.0499999999999998,0.1,2.0,0.9336818033829651,dual_cluster
10,1.075,0.1,2.0,0.9366592305416074,dual_cluster
10,1.1,0.1,2.0,0.9394572266458142,dual_cluster
10,1.125,0.1,2.0,0.9420866226352628,dual_cluster
10,1.15,0.1,2.0,0.9445581369988383,dual_cluster
10,1.1749999999999998,0.1,2.0,0.9468821790831513,dual_cluster
10,1.2,0.1,2.0,0.9490687186222881,dual_cluster
11,0.4,0.1,2.0,0.6937067950746584,dual_cluster
11,0.42500000000000004,0.1,2.0,0.8799089167427302,dual_cluster
11,0.45,0.1,2.0,0.7405241316583244,dual_cluster
11,0.47500000000000003,0.1,2.0,0.8414750746883709,dual_cluster
11,0.5,0.1,2.0,0.9408794110315697,absorbed
11,0.525,0.1,2.0,0.9473607736953354,absorbed
11,0.55,0.1,2.0,0.9535019666079346,absorbed
11,0.575,0.1,2.0,0.9499982819125875,dual_cluster
11,0.6,0.1,2.0,0.7923098712125611,fragmented
11,0.625,0.1,2.0,0.8881038383002838,dual_cluster
11,0.65,0.1,2.0,0.8979579503843793,dual_cluster
11,0.675,0.1,2.0,0.8627758907942963,dual_cluster
11,0.7,0.1,2.0,0.8681403006016681,dual_cluster
11,0.725,0.1,2.0,0.8738909725212083,dual_cluster
11,0.75,0.1,2.0,0.8794810854292325,dual_cluster
11,0.7749999999999999,0.1,2.0,0.8849127921717056,dual_cluster
11,0.8,0.1,2.0,0.8901802004593176,dual_cluster
11,0.825,0.1,2.0,0.8952726614479796,dual_cluster
11,0.85,0.1,2.0,0.9001777195900741,dual_cluster
11,0.875,0.1,2.0,0.9048835184146873,dual_cluster
11,0.8999999999999999,0.1,2.0,0.9093805061658502,dual_cluster
11,0.9249999999999999,0.1,2.0,0.9136624100423522,dual_cluster
11,0.95,0.1,2.0,0.9177265669731431,dual_cluster
11,0.975,0.1,2.0,0.9215737723780442,dual_cluster
11,1.0,0.1,2.0,0.9252078273668692,dual_cluster
11,1.025,0.1,2.0,0.9286349429822901,dual_cluster
11,1.0499999999999998,0.1,2.0,0.9318631185226735,dual_cluster
11,1.075,0.1,2.0,0.9349015671907671,dual_cluster
11,1.1,0.1,2.0,0.9377602261679507,dual_cluster
11,1.125,0.1,2.0,0.9404493628880596,dual_cluster
11,1.15,0.1,2.0,0.9429792739495281,dual_cluster
11,1.1749999999999998,0.1,2.0,0.9453600653217614,dual_cluster
11,1.2,0.1,2.0,0.9476014996897649,dual_cluster
12,0.4,0.1,2.0,0.8285531248116595,dual_cluster
12,0.42500000000000004,0.1,2.0,0.7099988944901513,dual_cluster
12,0.45,0.1,2.0,0.8599116500784866,dual_cluster
12,0.47500000000000003,0.1,2.0,0.7483949145850043,dual_cluster
12,0.5,0.1,2.0,0.9240809106886022,dual_cluster
12,0.525,0.1,2.0,0.8410774071306454,dual_cluster
12,0.55,0.1,2.0,0.7825617460479196,dual_cluster
12,0.575,0.1,2.0,0.7616510597228692,dual_cluster
12,0.6,0.1,2.0,0.9273070302837118,dual_cluster
12,0.625,0.1,2.0,0.8329213794516827,dual_cluster
12,0.65,0.1,2.0,0.8626166700609426,dual_cluster
12,0.675,0.1,2.0,0.8631616803623189,dual_cluster
12,0.7,0.1,2.0,0.8694760742250581,dual_cluster
12,0.725,0.1,2.0,0.8756003671267347,dual_cluster
12,0.75,0.1,2.0,0.8815397957399633,dual_cluster
12,0.7749999999999999,0.1,2.0,0.8872879661055603,dual_cluster
12,0.8,0.1,2.0,0.8928318037094487,dual_cluster
12,0.825,0.1,2.0,0.8981558079333775,dual_cluster
12,0.85,0.1,2.0,0.9032454828811428,dual_cluster
12,0.875,0.1,2.0,0.9080896788424756,dual_cluster
12,0.8999999999999999,0.1,2.0,0.912681810326894,dual_cluster
12,0.9249999999999999,0.1,2.0,0.9170201244091198,dual_cluster
12,0.95,0.1,2.0,0.921107304975049,dual_cluster
12,0.975,0.1,2.0,0.9249497080659609,dual_cluster
12,1.0,0.1,2.0,0.9285564668850264,dual_cluster
12,1.025,0.1,2.0,0.9319386253404824,dual_cluster
12,1.0499999999999998,0.1,2.0,0.9351083860433547,dual_cluster
12,1.075,0.1,2.0,0.9380785052505629,dual_cluster
12,1.1,0.1,2.0,0.9408618343347349,dual_cluster
12,1.125,0.1,2.0,0.943470990552977,dual_cluster
12,1.15,0.1,2.0,0.9459181336837107,dual_cluster
12,1.1749999999999998,0.1,2.0,0.9482148249324427,dual_cluster
12,1.2,0.1,2.0,0.9503719472317328,dual_cluster
13,0.4,0.1,2.0,0.8386983140323708,dual_cluster
13,0.42500000000000004,0.1,2.0,0.756388422694152,dual_cluster
13,0.45,0.1,2.0,0.9320257690171568,absorbed
13,0.47500000000000003,0.1,2.0,0.8079940438425584,dual_cluster
13,0.5,0.1,2.0,0.7554426552049445,dual_cluster
13,0.525,0.1,2.0,0.9453376184168919,dual_cluster
13,0.55,0.1,2.0,0.9456219346156546,dual_cluster
13,0.575,0.1,2.0,0.9007594325795238,dual_cluster
13,0.6,0.1,2.0,0.8336603323979523,dual_cluster
13,0.625,0.1,2.0,0.8778959753600418,dual_cluster
13,0.65,0.1,2.0,0.8615830374781593,dual_cluster
13,0.675,0.1,2.0,0.8679799880534037,dual_cluster
13,0.7,0.1,2.0,0.8739655815390587,dual_cluster
13,0.725,0.1,2.0,0.8798007124685928,dual_cluster
13,0.75,0.1,2.0,0.8854811742668756,dual_cluster
13,0.7749999999999999,0.1,2.0,0.8909939345534059,dual_cluster
13,0.8,0.1,2.0,0.8963210851736086,dual_cluster
13,0.825,0.1,2.0,0.901443779356058,dual_cluster
13,0.85,0.1,2.0,0.9063453277039226,dual_cluster
13,0.875,0.1,2.0,0.9110132056695631,dual_cluster
13,0.8999999999999999,0.1,2.0,0.9154399734900225,dual_cluster
13,0.9249999999999999,0.1,2.0,0.9196233101056457,dual_cluster
13,0.95,0.1,2.0,0.9235654558791005,dual_cluster
13,0.975,0.1,2.0,0.9272723519399302,dual_cluster
13,1.0,0.1,2.0,0.930752698645949,dual_cluster
13,1.025,0.1,2.0,0.9340170746995464,dual_cluster
13,1.0499999999999998,0.1,2.0,0.937077188529218,dual_cluster
13,1.075,0.1,2.0,0.9399452844781992,dual_cluster
13,1.1,0.1,2.0,0.9426336973800884,dual_cluster
13,1.125,0.1,2.0,0.9451545351896561,dual_cluster
13,1.15,0.1,2.0,0.9475194649783227,dual_cluster
13,1.1749999999999998,0.1,2.0,0.9497395784714513,dual_cluster
13,1.2,0.1,2.0,0.9518253165308225,dual_cluster
14,0.4,0.1,2.0,0.6847518731730059,dual_cluster
14,0.42500000000000004,0.1,2.0,0.8607960364738574,dual_cluster
14,0.45,0.1,2.0,0.9075175622441825,absorbed
14,0.47500000000000003,0.1,2.0,0.9008193720998999,dual_cluster
14,0.5,0.1,2.0,0.7439429605978207,dual_cluster
14,0.525,0.1,2.0,0.8031426705574782,dual_cluster
14,0.55,0.1,2.0,0.9221753300773896,dual_cluster
14,0.575,0.1,2.0,0.755645078986345,dual_cluster
14,0.6,0.1,2.0,0.8353775943886121,dual_cluster
14,0.625,0.1,2.0,0.8852210019798973,dual_cluster
14,0.65,0.1,2.0,0.8750625672078792,dual_cluster
14,0.675,0.1,2.0,0.8595178309209204,dual_cluster
14,0.7,0.1,2.0,0.8657929053629277,dual_cluster
14,0.725,0.1,2.0,0.8719512569829712,dual_cluster
14,0.75,0.1,2.0,0.8779073310832786,dual_cluster
14,0.7749999999999999,0.1,2.0,0.8836656491244418,dual_cluster
14,0.8,0.1,2.0,0.8892218142527881,dual_cluster
14,0.825,0.1,2.0,0.8945665327825337,dual_cluster
14,0.85,0.1,2.0,0.8996890272021464,dual_cluster
14,0.875,0.1,2.0,0.9045796480341591,dual_cluster
14,0.8999999999999999,0.1,2.0,0.9092315714532776,dual_cluster
14,0.9249999999999999,0.1,2.0,0.9136416274196094,dual_cluster
14,0.95,0.1,2.0,0.9178104274671522,dual_cluster
14,0.975,0.1,2.0,0.9217420169408567,dual_cluster
14,1.0,0.1,2.0,0.9254432682641199,dual_cluster
14,1.025,0.1,2.0,0.9289231855476553,dual_cluster
14,1.0499999999999998,0.1,2.0,0.932192233358046,dual_cluster
14,1.075,0.1,2.0,0.9352617513469753,dual_cluster
14,1.1,0.1,2.0,0.9381434789877524,dual_cluster
14,1.125,0.1,2.0,0.9408491911742126,dual_cluster
14,1.15,0.1,2.0,0.9433904329869843,dual_cluster
14,1.1749999999999998,0.1,2.0,0.9457783369287653,dual_cluster
14,1.2,0.1,2.0,0.9480235053245382,dual_cluster
15,0.4,0.1,2.0,0.8635092740322181,dual_cluster
15,0.42500000000000004,0.1,2.0,0.9060973566250009,absorbed
15,0.45,0.1,2.0,0.7374075378829025,dual_cluster
15,0.47500000000000003,0.1,2.0,0.8406248988751143,dual_cluster
15,0.5,0.1,2.0,0.80192847152349,dual_cluster
15,0.525,0.1,2.0,0.9056700373401654,dual_cluster
15,0.55,0.1,2.0,0.8063807161434073,dual_cluster
15,0.575,0.1,2.0,0.767669066226577,dual_cluster
15,0.6,0.1,2.0,0.9036992726398446,dual_cluster
15,0.625,0.1,2.0,0.8055398906157302,dual_cluster
15,0.65,0.1,2.0,0.8574557591786562,dual_cluster
15,0.675,0.1,2.0,0.8625498984820774,dual_cluster
15,0.7,0.1,2.0,0.8688218379790325,dual_cluster
15,0.725,0.1,2.0,0.8749091893372264,dual_cluster
15,0.75,0.1,2.0,0.8808131547497189,dual_cluster
15,0.7749999999999999,0.1,2.0,0.8865294725666507,dual_cluster
15,0.8,0.1,2.0,0.8920467932921621,dual_cluster
15,0.825,0.1,2.0,0.897350761714618,dual_cluster
15,0.85,0.1,2.0,0.9024273919978887,dual_cluster
15,0.875,0.1,2.0,0.9072654655235411,dual_cluster
15,0.8999999999999999,0.1,2.0,0.9118578819452628,dual_cluster
15,0.9249999999999999,0.1,2.0,0.9162020893564942,dual_cluster
15,0.95,0.1,2.0,0.9202998393160599,dual_cluster
15,0.975,0.1,2.0,0.9241565394702392,dual_cluster
15,1.0,0.1,2.0,0.9277804363104623,dual_cluster
15,1.025,0.1,2.0,0.9311817914248348,dual_cluster
15,1.0499999999999998,0.1,2.0,0.9343721460318424,dual_cluster
15,1.075,0.1,2.0,0.9373637154197415,dual_cluster
15,1.1,0.1,2.0,0.9401689203032209,dual_cluster
15,1.125,0.1,2.0,0.9428000431087691,dual_cluster
15,1.15,0.1,2.0,0.9452689890571125,dual_cluster
15,1.1749999999999998,0.1,2.0,0.9475871302961838,dual_cluster
15,1.2,0.1,2.0,0.9497652130974519,dual_cluster
16,0.4,0.1,2.0,0.7936371022440964,dual_cluster
16,0.42500000000000004,0.1,2.0,0.9081653699636071,dual_cluster
16,0.45,0.1,2.0,0.7352219485814587,dual_cluster
16,0.47500000000000003,0.1,2.0,0.9086390911957345,dual_cluster
16,0.5,0.1,2.0,0.793090480769289,dual_cluster
16,0.525,0.1,2.0,0.7566572714113615,dual_cluster
16,0.55,0.1,2.0,0.9486099314381511,dual_cluster
16,0.575,0.1,2.0,0.9411487634384269,dual_cluster
16,0.6,0.1,2.0,0.877593425363499,dual_cluster
16,0.625,0.1,2.0,0.8116739357696924,dual_cluster
16,0.65,0.1,2.0,0.8669295332596663,dual_cluster
16,0.675,0.1,2.0,0.8657246991066678,dual_cluster
16,0.7,0.1,2.0,0.871790385315036,dual_cluster
16,0.725,0.1,2.0,0.8776997626641513,dual_cluster
16,0.75,0.1,2.0,0.8834538614832507,dual_cluster
16,0.7749999999999999,0.1,2.0,0.8890413977444468,dual_cluster
16,0.8,0.1,2.0,0.8944452592632985,dual_cluster
16,0.825,0.1,2.0,0.8996465891630203,dual_cluster
16,0.85,0.1,2.0,0.9046281053568531,dual_cluster
16,0.875,0.1,2.0,0.909376358346587,dual_cluster
16,0.8999999999999999,0.1,2.0,0.9138828765899122,dual_cluster
16,0.9249999999999999,0.1,2.0,0.9181443673335153,dual_cluster
16,0.95,0.1,2.0,0.9221622585808249,dual_cluster
16,0.975,0.1,2.0,0.9259418792760438,dual_cluster
16,1.0,0.1,2.0,0.9294915176559303,dual_cluster
16,1.025,0.1,2.0,0.9328215168565533,dual_cluster
16,1.0499999999999998,0.1,2.0,0.9359434929427403,dual_cluster
16,1.075,0.1,2.0,0.9388697066037905,dual_cluster
16,1.1,0.1,2.0,0.941612586743938,dual_cluster
16,1.125,0.1,2.0,0.9441843875105169,dual_cluster
16,1.15,0.1,2.0,0.9465969543156737,dual_cluster
16,1.1749999999999998,0.1,2.0,0.9488615744648734,dual_cluster
16,1.2,0.1,2.0,0.9509888909265822,dual_cluster
17,0.4,0.1,2.0,0.7233442264854878,dual_cluster
17,0.42500000000000004,0.1,2.0,0.8482744286084279,dual_cluster
17,0.45,0.1,2.0,0.7251350831372073,dual_cluster
17,0.47500000000000003,0.1,2.0,0.8830446839542416,dual_cluster
17,0.5,0.1,2.0,0.9397539625170316,absorbed
17,0.525,0.1,2.0,0.9415372675424086,dual_cluster
17,0.55,0.1,2.0,0.9495014558300584,absorbed
17,0.575,0.1,2.0,0.956321950058649,absorbed
17,0.6,0.1,2.0,0.9528763799083502,dual_cluster
17,0.625,0.1,2.0,0.9271555286824125,dual_cluster
17,0.65,0.1,2.0,0.8775974064804978,dual_cluster
17,0.675,0.1,2.0,0.8616753027055434,dual_cluster
17,0.7,0.1,2.0,0.8679283287853169,dual_cluster
17,0.725,0.1,2.0,0.8737415219221908,dual_cluster
17,0.75,0.1,2.0,0.879381052627968,dual_cluster
17,0.7749999999999999,0.1,2.0,0.8848509423536495,dual_cluster
17,0.8,0.1,2.0,0.8901469988907476,dual_cluster
17,0.825,0.1,2.0,0.8952601578232877,dual_cluster
17,0.85,0.1,2.0,0.9001794415557062,dual_cluster
17,0.875,0.1,2.0,0.9048943445018689,dual_cluster
17,0.8999999999999999,0.1,2.0,0.9093965105217287,dual_cluster
17,0.9249999999999999,0.1,2.0,0.9136806865036197,dual_cluster
17,0.95,0.1,2.0,0.9177450468596098,dual_cluster
17,0.975,0.1,2.0,0.9215910503891123,dual_cluster
17,1.0,0.1,2.0,0.9252230060674718,dual_cluster
17,1.025,0.1,2.0,0.9286475013679122,dual_cluster
17,1.0499999999999998,0.1,2.0,0.9318728058484104,dual_cluster
17,1.075,0.1,2.0,0.9349083203458082,dual_cluster
17,1.1,0.1,2.0,0.9377641073534244,dual_cluster
17,1.125,0.1,2.0,0.9404505138663267,dual_cluster
17,1.15,0.1,2.0,0.9429778832794508,dual_cluster
17,1.1749999999999998,0.1,2.0,0.9453563454572784,dual_cluster
17,1.2,0.1,2.0,0.9475956713861181,dual_cluster
18,0.4,0.1,2.0,0.6767547268983907,dual_cluster
18,0.42500000000000004,0.1,2.0,0.7399843344193011,dual_cluster
18,0.45,0.1,2.0,0.869872340418602,dual_cluster
18,0.47500000000000003,0.1,2.0,0.7684868834711465,dual_cluster
18,0.5,0.1,2.0,0.8780005420282091,dual_cluster
18,0.525,0.1,2.0,0.7672722736467364,dual_cluster
18,0.55,0.1,2.0,0.834981434521695,dual_cluster
18,0.575,0.1,2.0,0.9316340482583286,dual_cluster
18,0.6,0.1,2.0,0.8517851773640603,dual_cluster
18,0.625,0.1,2.0,0.803477916508749,dual_cluster
18,0.65,0.1,2.0,0.8545994217291458,dual_cluster
18,0.675,0.1,2.0,0.8589155683850007,dual_cluster
18,0.7,0.1,2.0,0.8654944724974732,dual_cluster
18,0.725,0.1,2.0,0.8718609698047214,dual_cluster
18,0.75,0.1,2.0,0.8780187797244452,dual_cluster
18,0.7749999999999999,0.1,2.0,0.8839674369693765,dual_cluster
18,0.8,0.1,2.0,0.889697995346082,dual_cluster
18,0.825,0.1,2.0,0.8951976041931432,dual_cluster
18,0.85,0.1,2.0,0.9004532956894109,dual_cluster
18,0.875,0.1,2.0,0.9054546828744982,dual_cluster
18,0.8999999999999999,0.1,2.0,0.9101954936362325,dual_cluster
18,0.9249999999999999,0.1,2.0,0.9146740831719804,dual_cluster
18,0.95,0.1,2.0,0.9188932007442145,dual_cluster
18,0.975,0.1,2.0,0.922859315059834,dual_cluster
18,1.0,0.1,2.0,0.9265817556740881,dual_cluster
18,1.025,0.1,2.0,0.9300718492558481,dual_cluster
18,1.0499999999999998,0.1,2.0,0.933342152832051,dual_cluster
18,1.075,0.1,2.0,0.9364058275120795,dual_cluster
18,1.1,0.1,2.0,0.9392761586770082,dual_cluster
18,1.125,0.1,2.0,0.9419662084965023,dual_cluster
18,1.15,0.1,2.0,0.9444885783791859,dual_cluster
18,1.1749999999999998,0.1,2.0,0.9468552576869447,dual_cluster
18,1.2,0.1,2.0,0.9490775372718833,dual_cluster
19,0.4,0.1,2.0,0.864046988593831,dual_cluster
19,0.42500000000000004,0.1,2.0,0.7279887970389352,dual_cluster
19,0.45,0.1,2.0,0.8060413831831063,dual_cluster
19,0.47500000000000003,0.1,2.0,0.9247682161464164,dual_cluster
19,0.5,0.1,2.0,0.841643525841494,dual_cluster
19,0.525,0.1,2.0,0.753174470918709,dual_cluster
19,0.55,0.1,2.0,0.9496887837232835,absorbed
19,0.575,0.1,2.0,0.916459468259223,dual_cluster
19,0.6,0.1,2.0,0.8336635017582532,dual_cluster
19,0.625,0.1,2.0,0.8851082433907318,dual_cluster
19,0.65,0.1,2.0,0.8523057003916503,dual_cluster
19,0.675,0.1,2.0,0.8639978200177116,dual_cluster
19,0.7,0.1,2.0,0.8701735089680654,dual_cluster
19,0.725,0.1,2.0,0.8761843848773737,dual_cluster
19,0.75,0.1,2.0,0.882025573336907,dual_cluster
19,0.7749999999999999,0.1,2.0,0.8876893354567198,dual_cluster
19,0.8,0.1,2.0,0.8931613569570366,dual_cluster
19,0.825,0.1,2.0,0.8984248917552397,dual_cluster
19,0.85,0.1,2.0,0.9034641598972775,dual_cluster
19,0.875,0.1,2.0,0.9082667097721732,dual_cluster
19,0.8999999999999999,0.1,2.0,0.912824683294836,dual_cluster
19,0.9249999999999999,0.1,2.0,0.9171351339611119,dual_cluster
19,0.95,0.1,2.0,0.9211996686422427,dual_cluster
19,0.975,0.1,2.0,0.9250237031360089,dual_cluster
19,1.0,0.1,2.0,0.9286155714566194,dual_cluster
19,1.025,0.1,2.0,0.931985652163508,dual_cluster
19,1.0499999999999998,0.1,2.0,0.9351456024616267,dual_cluster
19,1.075,0.1,2.0,0.9381077364546174,dual_cluster
19,1.1,0.1,2.0,0.9408845497486272,dual_cluster
19,1.125,0.1,2.0,0.9434883746703908,dual_cluster
19,1.15,0.1,2.0,0.9459311433474533,dual_cluster
19,1.1749999999999998,0.1,2.0,0.9482242352195432,dual_cluster
19,1.2,0.1,2.0,0.9503783879931571,dual_cluster
0,0.4,0.1,3.0,0.8854417270726082,dual_cluster
0,0.42500000000000004,0.1,3.0,0.7124923595826367,dual_cluster
0,0.45,0.1,3.0,0.923898825152265,absorbed
0,0.47500000000000003,0.1,3.0,0.8476339841619246,dual_cluster
0,0.5,0.1,3.0,0.7954034831281924,dual_cluster
0,0.525,0.1,3.0,0.7856725719868942,dual_cluster
0,0.55,0.1,3.0,0.8020443157427177,dual_cluster
0,0.575,0.1,3.0,0.8285508888237199,dual_cluster
0,0.6,0.1,3.0,0.846719223087632,dual_cluster
0,0.625,0.1,3.0,0.8412735478315986,dual_cluster
0,0.65,0.1,3.0,0.8255279052254013,dual_cluster
0,0.675,0.1,3.0,0.8624833314688116,dual_cluster
0,0.7,0.1,3.0,0.86845318737283,dual_cluster
0,0.725,0.1,3.0,0.8741526384109993,dual_cluster
0,0.75,0.1,3.0,0.8796967494377358,dual_cluster
0,0.7749999999999999,0.1,3.0,0.8850874326881141,dual_cluster
0,0.8,0.1,3.0,0.8903185837253216,dual_cluster
0,0.825,0.1,3.0,0.8953793120015296,dual_cluster
0,0.85,0.1,3.0,0.9002568818820719,dual_cluster
0,0.875,0.1,3.0,0.9049391161326684,dual_cluster
0,0.8999999999999999,0.1,3.0,0.9094161079437219,dual_cluster
0,0.9249999999999999,0.1,3.0,0.9136812083908127,dual_cluster
0,0.95,0.1,3.0,0.9177313734710366,dual_cluster
0,0.975,0.1,3.0,0.9215670284155485,dual_cluster
0,1.0,0.1,3.0,0.9251916272262635,dual_cluster
0,1.025,0.1,3.0,0.9286110650404471,dual_cluster
0,1.0499999999999998,0.1,3.0,0.9318330605188442,dual_cluster
0,1.075,0.1,3.0,0.9348665822971791,dual_cluster
0,1.1,0.1,3.0,0.9377213575856226,dual_cluster
0,1.125,0.1,3.0,0.9404074755948055,dual_cluster
0,1.15,0.1,3.0,0.9429350829342449,dual_cluster
0,1.1749999999999998,0.1,3.0,0.9453141601308972,dual_cluster
0,1.2,0.1,3.0,0.9475543654191974,dual_cluster
1,0.4,0.1,3.0,0.8952751532600652,absorbed
1,0.42500000000000004,0.1,3.0,0.7372107736094657,dual_cluster
1,0.45,0.1,3.0,0.840427739570887,dual_cluster
1,0.47500000000000003,0.1,3.0,0.7777204871819149,dual_cluster
1,0.5,0.1,3.0,0.9290806515483924,dual_cluster
1,0.525,0.1,3.0,0.8572286581554444,dual_cluster
1,0.55,0.1,3.0,0.8115876751648785,dual_cluster
1,0.575,0.1,3.0,0.7875356251961209,dual_cluster
1,0.6,0.1,3.0,0.7743807984348684,dual_cluster
1,0.625,0.1,3.0,0.9216976522260282,dual_cluster
1,0.65,0.1,3.0,0.8879849609376982,dual_cluster
1,0.675,0.1,3.0,0.8610555058947669,dual_cluster
1,0.7,0.1,3.0,0.8690574840180484,dual_cluster
1,0.725,0.1,3.0,0.8746215770215766,dual_cluster
1,0.75,0.1,3.0,0.8800397304913908,dual_cluster
1,0.7749999999999999,0.1,3.0,0.8853138544760667,dual_cluster
1,0.8,0.1,3.0,0.8904388028271955,dual_cluster
1,0.825,0.1,3.0,0.8954044901881654,dual_cluster
1,0.85,0.1,3.0,0.9001986577983114,dual_cluster
1,0.875,0.1,3.0,0.9048091879603368,dual_cluster
1,0.8999999999999999,0.1,3.0,0.9092258144746848,dual_cluster
1,0.9249999999999999,0.1,3.0,0.9134411762214412,dual_cluster
1,0.95,0.1,3.0,0.9174512674118454,dual_cluster
1,0.975,0.1,3.0,0.9212554126867161,dual_cluster
1,1.0,0.1,3.0,0.9248559241715932,dual_cluster
1,1.025,0.1,3.0,0.9282575878061405,dual_cluster
1,1.0499999999999998,0.1,3.0,0.9314670943605273,dual_cluster
1,1.075,0.1,3.0,0.9344924924807817,dual_cluster
1,1.1,0.1,3.0,0.9373427072002298,dual_cluster
1,1.125,0.1,3.0,0.9400271420175732,dual_cluster
1,1.15,0.1,3.0,0.9425553662070627,dual_cluster
1,1.1749999999999998,0.1,3.0,0.9449368798444403,dual_cluster
1,1.2,0.1,3.0,0.9471809449395163,dual_cluster
2,0.4,0.1,3.0,0.7706837555829491,dual_cluster
2,0.42500000000000004,0.1,3.0,0.6958997113944719,dual_cluster
2,0.45,0.1,3.0,0.8805850634137824,dual_cluster
2,0.47500000000000003,0.1,3.0,0.9188103930879667,absorbed
2,0.5,0.1,3.0,0.9128938509725641,dual_cluster
2,0.525,0.1,3.0,0.7434053446214035,dual_cluster
2,0.55,0.1,3.0,0.8068497578573903,dual_cluster
2,0.575,0.1,3.0,0.9158857224779846,dual_cluster
2,0.6,0.1,3.0,0.7565053164703301,dual_cluster
2,0.625,0.1,3.0,0.8073412854374877,dual_cluster
2,0.65,0.1,3.0,0.8363080294984881,dual_cluster
2,0.675,0.1,3.0,0.85591152207081,dual_cluster
2,0.7,0.1,3.0,0.8633064789112573,dual_cluster
2,0.725,0.1,3.0,0.869517960042457,dual_cluster
2,0.75,0.1,3.0,0.8755274600265536,dual_cluster
2,0.7749999999999999,0.1,3.0,0.8813427262944101,dual_cluster
2,0.8,0.1,3.0,0.8869609652858774,dual_cluster
2,0.825,0.1,3.0,0.8923734293584106,dual_cluster
2,0.85,0.1,3.0,0.8975690145359396,dual_cluster
2,0.875,0.1,3.0,0.9025371191601034,dual_cluster
2,0.8999999999999999,0.1,3.0,0.9072696079655559,dual_cluster
2,0.9249999999999999,0.1,3.0,0.9117618800645797,dual_cluster
2,0.95,0.1,3.0,0.9160131788109799,dual_cluster
2,0.975,0.1,3.0,0.9200263584299612,dual_cluster
2,1.0,0.1,3.0,0.9238073310772189,dual_cluster
2,1.025,0.1,3.0,0.927364380322996,dual_cluster
2,1.0499999999999998,0.1,3.0,0.930707470850295,dual_cluster
2,1.075,0.1,3.0,0.9338476301236557,dual_cluster
2,1.1,0.1,3.0,0.9367964360473794,dual_cluster
2,1.125,0.1,3.0,0.9395656171885114,dual_cluster
2,1.15,0.1,3.0,0.9421667567360836,dual_cluster
2,1.1749999999999998,0.1,3.0,0.9446110844553992,dual_cluster
2,1.2,0.1,3.0,0.9469093392094908,dual_cluster
3,0.4,0.1,3.0,0.6963379246571526,dual_cluster
3,0.42500000000000004,0.1,3.0,0.7347275231449676,dual_cluster
3,0.45,0.1,3.0,0.8212457194016988,dual_cluster
3,0.47500000000000003,0.1,3.0,0.9263882267439506,absorbed
3,0.5,0.1,3.0,0.7531160440086601,dual_cluster
3,0.525,0.1,3.0,0.9378058868885505,dual_cluster
3,0.55,0.1,3.0,0.8261147888163894,dual_cluster
3,0.575,0.1,3.0,0.7551721542421804,dual_cluster
3,0.6,0.1,3.0,0.9053457741947721,dual_cluster
3,0.625,0.1,3.0,0.8005103382732497,dual_cluster
3,0.65,0.1,3.0,0.8568400064470449,dual_cluster
3,0.675,0.1,3.0,0.8605694936266822,dual_cluster
3,0.7,0.1,3.0,0.8669132934123405,dual_cluster
3,0.725,0.1,3.0,0.8730848451628563,dual_cluster
3,0.75,0.1,3.0,0.8790642502269559,dual_cluster
3,0.7749999999999999,0.1,3.0,0.8848507017305972,dual_cluster
3,0.8,0.1,3.0,0.890435184443449,dual_cluster
3,0.825,0.1,3.0,0.8958047379945223,dual_cluster
3,0.85,0.1,3.0,0.9009460352735181,dual_cluster
3,0.875,0.1,3.0,0.9058479922626572,dual_cluster
3,0.8999999999999999,0.1,3.0,0.9105033187134032,dual_cluster
3,0.9249999999999999,0.1,3.0,0.9149091141263712,dual_cluster
3,0.95,0.1,3.0,0.9190667432340164,dual_cluster
3,0.975,0.1,3.0,0.9229812638492252,dual_cluster
3,1.0,0.1,3.0,0.9266606476801676,dual_cluster
3,1.025,0.1,3.0,0.9301149684750408,dual_cluster
3,1.0499999999999998,0.1,3.0,0.9333556625877326,dual_cluster
3,1.075,0.1,3.0,0.9363949114847018,dual_cluster
3,1.1,0.1,3.0,0.9392451584350214,dual_cluster
3,1.125,0.1,3.0,0.9419187504201635,dual_cluster
3,1.15,0.1,3.0,0.944427686609527,dual_cluster
3,1.1749999999999998,0.1,3.0,0.9467834521727879,dual_cluster
3,1.2,0.1,3.0,0.9489969174305161,dual_cluster
4,0.4,0.1,3.0,0.8028570686395271,dual_cluster
4,0.42500000000000004,0.1,3.0,0.7543628609613527,dual_cluster
4,0.45,0.1,3.0,0.9245796565284863,absorbed
4,0.47500000000000003,0.1,3.0,0.8924969450239993,dual_cluster
4,0.5,0.1,3.0,0.8877605208090897,dual_cluster
4,0.525,0.1,3.0,0.9182934052406173,dual_cluster
4,0.55,0.1,3.0,0.9542880199434753,absorbed
4,0.575,0.1,3.0,0.7644459114355421,dual_cluster
4,0.6,0.1,3.0,0.793327241327596,dual_cluster
4,0.625,0.1,3.0,0.8192340958363016,dual_cluster
4,0.65,0.1,3.0,0.8296105392689981,dual_cluster
4,0.675,0.1,3.0,0.8631700022200995,dual_cluster
4,0.7,0.1,3.0,0.8694420929065363,dual_cluster
4,0.725,0.1,3.0,0.8751444009755383,dual_cluster
4,0.75,0.1,3.0,0.8806950048954241,dual_cluster
4,0.7749999999999999,0.1,3.0,0.8860934928267048,dual_cluster
4,0.8,0.1,3.0,0.8913315714726582,dual_cluster
4,0.825,0.1,3.0,0.8963966199802186,dual_cluster
4,0.85,0.1,3.0,0.9012747164948454,dual_cluster
4,0.875,0.1,3.0,0.9059530509059054,dual_cluster
4,0.8999999999999999,0.1,3.0,0.9104215746086114,dual_cluster
4,0.9249999999999999,0.1,3.0,0.914673878437262,dual_cluster
4,0.95,0.1,3.0,0.9187074133899498,dual_cluster
4,0.975,0.1,3.0,0.922523237244887,dual_cluster
4,1.0,0.1,3.0,0.9261254799578632,dual_cluster
4,1.025,0.1,3.0,0.9295206901855467,dual_cluster
4,1.0499999999999998,0.1,3.0,0.9327171778952184,dual_cluster
4,1.075,0.1,3.0,0.935724421521872,dual_cluster
4,1.1,0.1,3.0,0.9385525715191909,dual_cluster
4,1.125,0.1,3.0,0.9412120575519833,dual_cluster
4,1.15,0.1,3.0,0.9437132923781912,dual_cluster
4,1.1749999999999998,0.1,3.0,0.946066458785992,dual_cluster
4,1.2,0.1,3.0,0.9482813640203287,dual_cluster
5,0.4,0.1,3.0,0.7969624898947335,dual_cluster
5,0.42500000000000004,0.1,3.0,0.8978033561762202,dual_cluster
5,0.45,0.1,3.0,0.7818396593818814,dual_cluster
5,0.47500000000000003,0.1,3.0,0.8621556323689874,dual_cluster
5,0.5,0.1,3.0,0.7477424779814307,dual_cluster
5,0.525,0.1,3.0,0.9516447240947361,absorbed
5,0.55,0.1,3.0,0.9109696619579024,dual_cluster
5,0.575,0.1,3.0,0.8453898302695237,dual_cluster
5,0.6,0.1,3.0,0.789020718188296,dual_cluster
5,0.625,0.1,3.0,0.9020437849449491,dual_cluster
5,0.65,0.1,3.0,0.8550915851437275,dual_cluster
5,0.675,0.1,3.0,0.8661986398808228,dual_cluster
5,0.7,0.1,3.0,0.872220485984992,dual_cluster
5,0.725,0.1,3.0,0.8780883975712381,dual_cluster
5,0.75,0.1,3.0,0.8837991472218301,dual_cluster
5,0.7749999999999999,0.1,3.0,0.8893427005138127,dual_cluster
5,0.8,0.1,3.0,0.8947031576648375,dual_cluster
5,0.825,0.1,3.0,0.8998627524157595,dual_cluster
5,0.85,0.1,3.0,0.9048050869517599,dual_cluster
5,0.875,0.1,3.0,0.9095173375563305,dual_cluster
5,0.8999999999999999,0.1,3.0,0.9139913915387525,dual_cluster
5,0.9249999999999999,0.1,3.0,0.9182240767969163,dual_cluster
5,0.95,0.1,3.0,0.922216754242878,dual_cluster
5,0.975,0.1,3.0,0.9259745545499709,dual_cluster
5,1.0,0.1,3.0,0.929505488186821,dual_cluster
5,1.025,0.1,3.0,0.9328195823731424,dual_cluster
5,1.0499999999999998,0.1,3.0,0.9359281289229542,dual_cluster
5,1.075,0.1,3.0,0.93884307545354,dual_cluster
5,1.1,0.1,3.0,0.9415765603945159,dual_cluster
5,1.125,0.1,3.0,0.94414057562348,dual_cluster
5,1.15,0.1,3.0,0.9465467342265151,dual_cluster
5,1.1749999999999998,0.1,3.0,0.9488061204768462,dual_cluster
5,1.2,0.1,3.0,0.9509292016119472,dual_cluster
6,0.4,0.1,3.0,0.7107034079174586,dual_cluster
6,0.42500000000000004,0.1,3.0,0.8653686449077709,dual_cluster
6,0.45,0.1,3.0,0.7303548299542206,dual_cluster
6,0.47500000000000003,0.1,3.0,0.9104925621318345,dual_cluster
6,0.5,0.1,3.0,0.9396767656456734,dual_cluster
6,0.525,0.1,3.0,0.9334252815572156,dual_cluster
6,0.55,0.1,3.0,0.9429287261863931,dual_cluster
6,0.575,0.1,3.0,0.9552116577154451,dual_cluster
6,0.6,0.1,3.0,0.9564782646422216,dual_cluster
6,0.625,0.1,3.0,0.9337097015954683,dual_cluster
6,0.65,0.1,3.0,0.8905315386505893,dual_cluster
6,0.675,0.1,3.0,0.8638615948772687,dual_cluster
6,0.7,0.1,3.0,0.869717708973366,dual_cluster
6,0.725,0.1,3.0,0.8753316181511757,dual_cluster
6,0.75,0.1,3.0,0.8807974958281409,dual_cluster
6,0.7749999999999999,0.1,3.0,0.8861161871069115,dual_cluster
6,0.8,0.1,3.0,0.8912807107947889,dual_cluster
6,0.825,0.1,3.0,0.8962795335605335,dual_cluster
6,0.85,0.1,3.0,0.9010994628299315,dual_cluster
6,0.875,0.1,3.0,0.9057279987125789,dual_cluster
6,0.8999999999999999,0.1,3.0,0.9101549974943512,dual_cluster
6,0.9249999999999999,0.1,3.0,0.9143736193114654,dual_cluster
6,0.95,0.1,3.0,0.9183806470498463,dual_cluster
6,0.975,0.1,3.0,0.9221763340322939,dual_cluster
6,1.0,0.1,3.0,0.9257639562292442,dual_cluster
6,1.025,0.1,3.0,0.9291492236020639,dual_cluster
6,1.0499999999999998,0.1,3.0,0.9323396649834829,dual_cluster
6,1.075,0.1,3.0,0.935344058432847,dual_cluster
6,1.1,0.1,3.0,0.9381719438191517,dual_cluster
6,1.125,0.1,3.0,0.9408332296144176,dual_cluster
6,1.15,0.1,3.0,0.9433378907832821,dual_cluster
6,1.1749999999999998,0.1,3.0,0.9456957469125798,dual_cluster
6,1.2,0.1,3.0,0.947916306853373,dual_cluster
7,0.4,0.1,3.0,0.6896151606508729,dual_cluster
7,0.42500000000000004,0.1,3.0,0.8849119190189082,dual_cluster
7,0.45,0.1,3.0,0.9195688705168604,absorbed
7,0.47500000000000003,0.1,3.0,0.9290946191433155,absorbed
7,0.5,0.1,3.0,0.8134781451184547,dual_cluster
7,0.525,0.1,3.0,0.7839536270397802,dual_cluster
7,0.55,0.1,3.0,0.915199605051233,dual_cluster
7,0.575,0.1,3.0,0.7565392287868025,dual_cluster
7,0.6,0.1,3.0,0.8634020455231534,dual_cluster
7,0.625,0.1,3.0,0.9292757594181531,dual_cluster
7,0.65,0.1,3.0,0.8500365938675555,dual_cluster
7,0.675,0.1,3.0,0.8600288109908595,dual_cluster
7,0.7,0.1,3.0,0.866912559095398,dual_cluster
7,0.725,0.1,3.0,0.8728753872556244,dual_cluster
7,0.75,0.1,3.0,0.8786694402115187,dual_cluster
7,0.7749999999999999,0.1,3.0,0.8842949717113253,dual_cluster
7,0.8,0.1,3.0,0.8897435296368257,dual_cluster
7,0.825,0.1,3.0,0.8950020279557732,dual_cluster
7,0.85,0.1,3.0,0.9000561493770349,dual_cluster
7,0.875,0.1,3.0,0.9048930052524586,dual_cluster
7,0.8999999999999999,0.1,3.0,0.90950289365707,dual_cluster
7,0.9249999999999999,0.1,3.0,0.9138801691897348,dual_cluster
7,0.95,0.1,3.0,0.9180233804755741,dual_cluster
7,0.975,0.1,3.0,0.9219349015554301,dual_cluster
7,1.0,0.1,3.0,0.925620282924195,dual_cluster
7,1.025,0.1,3.0,0.9290875033804397,dual_cluster
7,1.0499999999999998,0.1,3.0,0.9323462444128613,dual_cluster
7,1.075,0.1,3.0,0.9354072545781695,dual_cluster
7,1.1,0.1,3.0,0.9382818309790955,dual_cluster
7,1.125,0.1,3.0,0.9409814193972341,dual_cluster
7,1.15,0.1,3.0,0.9435173209698304,dual_cluster
7,1.1749999999999998,0.1,3.0,0.9459004877226702,dual_cluster
7,1.2,0.1,3.0,0.9481413884986839,dual_cluster
8,0.4,0.1,3.0,0.7134836961393195,dual_cluster
8,0.42500000000000004,0.1,3.0,0.8222538061448416,dual_cluster
8,0.45,0.1,3.0,0.7136584597928036,dual_cluster
8,0.47500000000000003,0.1,3.0,0.9152028281754265,dual_cluster
8,0.5,0.1,3.0,0.9244557802070767,dual_cluster
8,0.525,0.1,3.0,0.9233572120716668,dual_cluster
8,0.55,0.1,3.0,0.9396301189566187,dual_cluster
8,0.575,0.1,3.0,0.9523649806778623,absorbed
8,0.6,0.1,3.0,0.9027127052389374,fragmented
8,0.625,0.1,3.0,0.8302617895654071,dual_cluster
8,0.65,0.1,3.0,0.8913976466824034,dual_cluster
8,0.675,0.1,3.0,0.8602883928191184,dual_cluster
8,0.7,0.1,3.0,0.864813874497914,dual_cluster
8,0.725,0.1,3.0,0.8708219273395268,dual_cluster
8,0.75,0.1,3.0,0.8766386469708558,dual_cluster
8,0.7749999999999999,0.1,3.0,0.8822719896157779,dual_cluster
8,0.8,0.1,3.0,0.8877204734019772,dual_cluster
8,0.825,0.1,3.0,0.8929767786878315,dual_cluster
8,0.85,0.1,3.0,0.8980309665994781,dual_cluster
8,0.875,0.1,3.0,0.9028730961617443,dual_cluster
8,0.8999999999999999,0.1,3.0,0.9074950975523609,dual_cluster
8,0.9249999999999999,0.1,3.0,0.9118918759241663,dual_cluster
8,0.95,0.1,3.0,0.9160617376748958,dual_cluster
8,0.975,0.1,3.0,0.9200063054924286,dual_cluster
8,1.0,0.1,3.0,0.9237301086927735,dual_cluster
8,1.025,0.1,3.0,0.927240013802722,dual_cluster
8,1.0499999999999998,0.1,3.0,0.9305446180719287,dual_cluster
8,1.075,0.1,3.0,0.9336536835595153,dual_cluster
8,1.1,0.1,3.0,0.936577651956157,dual_cluster
8,1.125,0.1,3.0,0.939327253838416,dual_cluster
8,1.15,0.1,3.0,0.9419132098810143,dual_cluster
8,1.1749999999999998,0.1,3.0,0.9443460132219478,dual_cluster
8,1.2,0.1,3.0,0.9466357790388205,dual_cluster
9,0.4,0.1,3.0,0.8657457374707942,dual_cluster
9,0.42500000000000004,0.1,3.0,0.9014106863882626,absorbed
9,0.45,0.1,3.0,0.8788298343428328,dual_cluster
9,0.47500000000000003,0.1,3.0,0.7300238218340048,dual_cluster
9,0.5,0.1,3.0,0.8595398992958995,dual_cluster
9,0.525,0.1,3.0,0.8132518914067991,dual_cluster
9,0.55,0.1,3.0,0.8867628858549118,dual_cluster
9,0.575,0.1,3.0,0.7742294768223399,dual_cluster
9,0.6,0.1,3.0,0.9342981905074051,dual_cluster
9,0.625,0.1,3.0,0.8112560969721399,dual_cluster
9,0.65,0.1,3.0,0.8692125096332979,dual_cluster
9,0.675,0.1,3.0,0.8611793120134863,dual_cluster
9,0.7,0.1,3.0,0.8672835011038704,dual_cluster
9,0.725,0.1,3.0,0.8733371211009269,dual_cluster
9,0.75,0.1,3.0,0.8792167976084573,dual_cluster
9,0.7749999999999999,0.1,3.0,0.884920247089254,dual_cluster
9,0.8,0.1,3.0,0.8904370350528992,dual_cluster
9,0.825,0.1,3.0,0.8957526854934734,dual_cluster
9,0.85,0.1,3.0,0.900852228087871,dual_cluster
9,0.875,0.1,3.0,0.9057228560697473,dual_cluster
9,0.8999999999999999,0.1,3.0,0.9103555636680558,dual_cluster
9,0.9249999999999999,0.1,3.0,0.9147458306587976,dual_cluster
9,0.95,0.1,3.0,0.9188935647580848,dual_cluster
9,0.975,0.1,3.0,0.922802566335939,dual_cluster
9,1.0,0.1,3.0,0.926479758561892,dual_cluster
9,1.025,0.1,3.0,0.9299343650007329,dual_cluster
9,1.0499999999999998,0.1,3.0,0.9331771481212848,dual_cluster
9,1.075,0.1,3.0,0.936219765018501,dual_cluster
9,1.1,0.1,3.0,0.9390742571318926,dual_cluster
9,1.125,0.1,3.0,0.9417526675483398,dual_cluster
9,1.15,0.1,3.0,0.944266768352324,dual_cluster
9,1.1749999999999998,0.1,3.0,0.9466278770196087,dual_cluster
9,1.2,0.1,3.0,0.9488467416005617,dual_cluster
10,0.4,0.1,3.0,0.8932176609650385,dual_cluster
10,0.42500000000000004,0.1,3.0,0.8839071852857526,dual_cluster
10,0.45,0.1,3.0,0.8657389409829084,dual_cluster
10,0.47500000000000003,0.1,3.0,0.8938718244997347,dual_cluster
10,0.5,0.1,3.0,0.9450394241259945,absorbed
10,0.525,0.1,3.0,0.7541643493354753,dual_cluster
10,0.55,0.1,3.0,0.8513821226278689,dual_cluster
10,0.575,0.1,3.0,0.9596381137231811,absorbed
10,0.6,0.1,3.0,0.802818965101609,dual_cluster
10,0.625,0.1,3.0,0.8713129055619585,dual_cluster
10,0.65,0.1,3.0,0.8824054065418792,dual_cluster
10,0.675,0.1,3.0,0.8646683799369679,dual_cluster
10,0.7,0.1,3.0,0.8702429859971195,dual_cluster
10,0.725,0.1,3.0,0.8759600991295209,dual_cluster
10,0.75,0.1,3.0,0.8815323619930672,dual_cluster
10,0.7749999999999999,0.1,3.0,0.886955681391747,dual_cluster
10,0.8,0.1,3.0,0.8922185867202135,dual_cluster
10,0.825,0.1,3.0,0.8973058864398085,dual_cluster
10,0.85,0.1,3.0,0.9022018104834092,dual_cluster
10,0.875,0.1,3.0,0.9068924431521325,dual_cluster
10,0.8999999999999999,0.1,3.0,0.9113672997022921,dual_cluster
10,0.9249999999999999,0.1,3.0,0.9156200674127172,dual_cluster
10,0.95,0.1,3.0,0.9196486648364982,dual_cluster
10,0.975,0.1,3.0,0.9234548354752166,dual_cluster
10,1.0,0.1,3.0,0.9270434886123664,dual_cluster
10,1.025,0.1,3.0,0.9304219564026549,dual_cluster
10,1.0499999999999998,0.1,3.0,0.9335992799300317,dual_cluster
10,1.075,0.1,3.0,0.9365855860662197,dual_cluster
10,1.1,0.1,3.0,0.9393915793700744,dual_cluster
10,1.125,0.1,3.0,0.9420281495572335,dual_cluster
10,1.15,0.1,3.0,0.944506082445855,dual_cluster
10,1.1749999999999998,0.1,3.0,0.9468358571858835,dual_cluster
10,1.2,0.1,3.0,0.9490275119473799,dual_cluster
11,0.4,0.1,3.0,0.6918865615684201,dual_cluster
11,0.42500000000000004,0.1,3.0,0.8924833846926592,dual_cluster
11,0.45,0.1,3.0,0.7613144230758012,dual_cluster
11,0.47500000000000003,0.1,3.0,0.753929112716016,dual_cluster
11,0.5,0.1,3.0,0.8726688951412024,dual_cluster
11,0.525,0.1,3.0,0.8735805611985604,dual_cluster
11,0.55,0.1,3.0,0.7599296454442296,dual_cluster
11,0.575,0.1,3.0,0.7773083749476851,dual_cluster
11,0.6,0.1,3.0,0.8158023976298167,dual_cluster
11,0.625,0.1,3.0,0.8312517483155653,dual_cluster
11,0.65,0.1,3.0,0.8262601696452384,dual_cluster
11,0.675,0.1,3.0,0.8609164344976422,dual_cluster
11,0.7,0.1,3.0,0.867970518333528,dual_cluster
11,0.725,0.1,3.0,0.8737083691025488,dual_cluster
11,0.75,0.1,3.0,0.8792916896111428,dual_cluster
11,0.7749999999999999,0.1,3.0,0.8847221661935885,dual_cluster
11,0.8,0.1,3.0,0.8899929781189875,dual_cluster
11,0.825,0.1,3.0,0.8950924684052769,dual_cluster
11,0.85,0.1,3.0,0.9000071800783368,dual_cluster
11,0.875,0.1,3.0,0.9047243356412873,dual_cluster
11,0.8999999999999999,0.1,3.0,0.9092335942747124,dual_cluster
11,0.9249999999999999,0.1,3.0,0.9135280516375659,dual_cluster
11,0.95,0.1,3.0,0.9176045727216097,dual_cluster
11,0.975,0.1,3.0,0.9214636258192194,dual_cluster
11,1.0,0.1,3.0,0.9251088057148719,dual_cluster
11,1.025,0.1,3.0,0.928546211170333,dual_cluster
11,1.0499999999999998,0.1,3.0,0.9317837980656849,dual_cluster
11,1.075,0.1,3.0,0.9348307836870764,dual_cluster
11,1.1,0.1,3.0,0.9376971399647086,dual_cluster
11,1.125,0.1,3.0,0.9403931872130168,dual_cluster
11,1.15,0.1,3.0,0.9429292841535983,dual_cluster
11,1.1749999999999998,0.1,3.0,0.9453156020984628,dual_cluster
11,1.2,0.1,3.0,0.9475619684086882,dual_cluster
12,0.4,0.1,3.0,0.8256926443171234,dual_cluster
12,0.42500000000000004,0.1,3.0,0.7132173259241515,dual_cluster
12,0.45,0.1,3.0,0.8824966084640595,dual_cluster
12,0.47500000000000003,0.1,3.0,0.7347680296738396,dual_cluster
12,0.5,0.1,3.0,0.938089388208397,absorbed
12,0.525,0.1,3.0,0.9116564145190651,dual_cluster
12,0.55,0.1,3.0,0.8726461572546141,dual_cluster
12,0.575,0.1,3.0,0.8410280666430004,dual_cluster
12,0.6,0.1,3.0,0.8040385326799347,dual_cluster
12,0.625,0.1,3.0,0.8682906445698274,dual_cluster
12,0.65,0.1,3.0,0.8604202334587971,dual_cluster
12,0.675,0.1,3.0,0.8629085665981339,dual_cluster
12,0.7,0.1,3.0,0.8692045967355272,dual_cluster
12,0.725,0.1,3.0,0.8753164463400088,dual_cluster
12,0.75,0.1,3.0,0.8812528763427971,dual_cluster
12,0.7749999999999999,0.1,3.0,0.8870059856996279,dual_cluster
12,0.8,0.1,3.0,0.8925609667082759,dual_cluster
12,0.825,0.1,3.0,0.897900546292154,dual_cluster
12,0.85,0.1,3.0,0.9030085840737221,dual_cluster
12,0.875,0.1,3.0,0.9078725314508583,dual_cluster
12,0.8999999999999999,0.1,3.0,0.91248470616922,dual_cluster
12,0.9249999999999999,0.1,3.0,0.9168425629559613,dual_cluster
12,0.95,0.1,3.0,0.9209482632555002,dual_cluster
12,0.975,0.1,3.0,0.9248078582908673,dual_cluster
12,1.0,0.1,3.0,0.9284303388147704,dual_cluster
12,1.025,0.1,3.0,0.9318267192609437,dual_cluster
12,1.0499999999999998,0.1,3.0,0.9350092459612926,dual_cluster
12,1.075,0.1,3.0,0.93799076235409,dual_cluster
12,1.1,0.1,3.0,0.9407842295099513,dual_cluster
12,1.125,0.1,3.0,0.9434023829100111,dual_cluster
12,1.15,0.1,3.0,0.9458575002321994,dual_cluster
12,1.1749999999999998,0.1,3.0,0.948161255019356,dual_cluster
12,1.2,0.1,3.0,0.9503246341773104,dual_cluster
13,0.4,0.1,3.0,0.8413627539817394,dual_cluster
13,0.42500000000000004,0.1,3.0,0.7675794470998163,dual_cluster
13,0.45,0.1,3.0,0.9322059536294205,absorbed
13,0.47500000000000003,0.1,3.0,0.8539633077077338,dual_cluster
13,0.5,0.1,3.0,0.7815054640059943,dual_cluster
13,0.525,0.1,3.0,0.7598317340951903,dual_cluster
13,0.55,0.1,3.0,0.7610974800364089,dual_cluster
13,0.575,0.1,3.0,0.7661440385248034,dual_cluster
13,0.6,0.1,3.0,0.907923019622115,dual_cluster
13,0.625,0.1,3.0,0.9013383049194523,dual_cluster
13,0.65,0.1,3.0,0.8583520027176366,dual_cluster
13,0.675,0.1,3.0,0.8676936431516576,dual_cluster
13,0.7,0.1,3.0,0.8736571050814153,dual_cluster
13,0.725,0.1,3.0,0.8794819326540038,dual_cluster
13,0.75,0.1,3.0,0.8851621866366391,dual_cluster
13,0.7749999999999999,0.1,3.0,0.8906830374763969,dual_cluster
13,0.8,0.1,3.0,0.896024591158666,dual_cluster
13,0.825,0.1,3.0,0.9011660340094932,dual_cluster
13,0.85,0.1,3.0,0.9060889021665163,dual_cluster
13,0.875,0.1,3.0,0.9107792009401924,dual_cluster
13,0.8999999999999999,0.1,3.0,0.9152283683465638,dual_cluster
13,0.9249999999999999,0.1,3.0,0.9194332964430416,dual_cluster
13,0.95,0.1,3.0,0.9233957264532581,dual_cluster
13,0.975,0.1,3.0,0.9271213261428041,dual_cluster
13,1.0,0.1,3.0,0.9306186867821361,dual_cluster
13,1.025,0.1,3.0,0.9338983893579773,dual_cluster
13,1.0499999999999998,0.1,3.0,0.9369722145194445,dual_cluster
13,1.075,0.1,3.0,0.9398525185001831,dual_cluster
13,1.1,0.1,3.0,0.9425517668239697,dual_cluster
13,1.125,0.1,3.0,0.9450822033000081,dual_cluster
13,1.15,0.1,3.0,0.9474556276198178,dual_cluster
13,1.1749999999999998,0.1,3.0,0.9496832561104861,dual_cluster
13,1.2,0.1,3.0,0.9517756438273451,dual_cluster
14,0.4,0.1,3.0,0.6756832582029743,dual_cluster
14,0.42500000000000004,0.1,3.0,0.7541356204013185,dual_cluster
14,0.45,0.1,3.0,0.8119907292133581,dual_cluster
14,0.47500000000000003,0.1,3.0,0.7382666894743797,dual_cluster
14,0.5,0.1,3.0,0.7726856469908895,dual_cluster
14,0.525,0.1,3.0,0.898632413222967,dual_cluster
14,0.55,0.1,3.0,0.756558098596986,dual_cluster
14,0.575,0.1,3.0,0.863439318046816,dual_cluster
14,0.6,0.1,3.0,0.9493524194176114,dual_cluster
14,0.625,0.1,3.0,0.8144373128166172,dual_cluster
14,0.65,0.1,3.0,0.852643336462767,dual_cluster
14,0.675,0.1,3.0,0.8594272683117169,dual_cluster
14,0.7,0.1,3.0,0.8655486513054953,dual_cluster
14,0.725,0.1,3.0,0.871689895876864,dual_cluster
14,0.75,0.1,3.0,0.8776379339389334,dual_cluster
14,0.7749999999999999,0.1,3.0,0.8833961451528534,dual_cluster
14,0.8,0.1,3.0,0.8889587188699569,dual_cluster
14,0.825,0.1,3.0,0.8943148328099382,dual_cluster
14,0.85,0.1,3.0,0.8994522105626597,dual_cluster
14,0.875,0.1,3.0,0.9043598511304383,dual_cluster
14,0.8999999999999999,0.1,3.0,0.9090298017516003,dual_cluster
14,0.9249999999999999,0.1,3.0,0.9134580159151533,dual_cluster
14,0.95,0.1,3.0,0.9176444737710295,dual_cluster
14,0.975,0.1,3.0,0.9215928030772061,dual_cluster
14,1.0,0.1,3.0,0.9253096304262531,dual_cluster
14,1.025,0.1,3.0,0.9288038428945927,dual_cluster
14,1.0499999999999998,0.1,3.0,0.9320858787023993,dual_cluster
14,1.075,0.1,3.0,0.9351671110026577,dual_cluster
14,1.1,0.1,3.0,0.9380593492828225,dual_cluster
14,1.125,0.1,3.0,0.9407744582381743,dual_cluster
14,1.15,0.1,3.0,0.9433240811148219,dual_cluster
14,1.1749999999999998,0.1,3.0,0.9457194495149855,dual_cluster
14,1.2,0.1,3.0,0.9479712612357303,dual_cluster
15,0.4,0.1,3.0,0.8661602344273455,dual_cluster
15,0.42500000000000004,0.1,3.0,0.9057363057330212,absorbed
15,0.45,0.1,3.0,0.7270553666436027,dual_cluster
15,0.47500000000000003,0.1,3.0,0.8571308401220555,dual_cluster
15,0.5,0.1,3.0,0.7477068037967086,dual_cluster
15,0.525,0.1,3.0,0.9362600330018066,dual_cluster
15,0.55,0.1,3.0,0.8589839556302036,dual_cluster
15,0.575,0.1,3.0,0.7935127285712391,dual_cluster
15,0.6,0.1,3.0,0.8605402872678075,dual_cluster
15,0.625,0.1,3.0,0.8810380733877635,dual_cluster
15,0.65,0.1,3.0,0.8501373621072776,dual_cluster
15,0.675,0.1,3.0,0.8623731126723672,dual_cluster
15,0.7,0.1,3.0,0.8686083226050754,dual_cluster
15,0.725,0.1,3.0,0.8746771498042347,dual_cluster
15,0.75,0.1,3.0,0.8805716186798022,dual_cluster
15,0.7749999999999999,0.1,3.0,0.8862863622089558,dual_cluster
15,0.8,0.1,3.0,0.8918086178825003,dual_cluster
15,0.825,0.1,3.0,0.8971224808878997,dual_cluster
15,0.85,0.1,3.0,0.9022124487796962,dual_cluster
15,0.875,0.1,3.0,0.9070659498908812,dual_cluster
15,0.8999999999999999,0.1,3.0,0.9116747710346909,dual_cluster
15,0.9249999999999999,0.1,3.0,0.916035511923068,dual_cluster
15,0.95,0.1,3.0,0.920149325052009,dual_cluster
15,0.975,0.1,3.0,0.9240212305199769,dual_cluster
15,1.0,0.1,3.0,0.9276592528227533,dual_cluster
15,1.025,0.1,3.0,0.9310735527063942,dual_cluster
15,1.0499999999999998,0.1,3.0,0.9342756538868854,dual_cluster
15,1.075,0.1,3.0,0.9372778078642907,dual_cluster
15,1.1,0.1,3.0,0.9400925034648603,dual_cluster
15,1.125,0.1,3.0,0.9427321078574207,dual_cluster
15,1.15,0.1,3.0,0.9452086174323883,dual_cluster
15,1.1749999999999998,0.1,3.0,0.9475334954401152,dual_cluster
15,1.2,0.1,3.0,0.949717575295249,dual_cluster
16,0.4,0.1,3.0,0.7858080622275827,dual_cluster
16,0.42500000000000004,0.1,3.0,0.9080161219318024,dual_cluster
16,0.45,0.1,3.0,0.7315010320163722,dual_cluster
16,0.47500000000000003,0.1,3.0,0.9214258072415302,dual_cluster
16,0.5,0.1,3.0,0.818990681998713,dual_cluster
16,0.525,0.1,3.0,0.7647287211352526,dual_cluster
16,0.55,0.1,3.0,0.7575256632468143,dual_cluster
16,0.575,0.1,3.0,0.8042222821573478,dual_cluster
16,0.6,0.1,3.0,0.9474470508666617,dual_cluster
16,0.625,0.1,3.0,0.8838910077021231,dual_cluster
16,0.65,0.1,3.0,0.8481523936897242,dual_cluster
16,0.675,0.1,3.0,0.8655758801895386,dual_cluster
16,0.7,0.1,3.0,0.871603224246622,dual_cluster
16,0.725,0.1,3.0,0.877502549006487,dual_cluster
16,0.75,0.1,3.0,0.883253572577537,dual_cluster
16,0.7749999999999999,0.1,3.0,0.8888438931534974,dual_cluster
16,0.8,0.1,3.0,0.8942551193444485,dual_cluster
16,0.825,0.1,3.0,0.8994670924729014,dual_cluster
16,0.85,0.1,3.0,0.9044613275309199,dual_cluster
16,0.875,0.1,3.0,0.9092233548947284,dual_cluster
16,0.8999999999999999,0.1,3.0,0.9137439048776511,dual_cluster
16,0.9249999999999999,0.1,3.0,0.9180191086394254,dual_cluster
16,0.95,0.1,3.0,0.9220500140521843,dual_cluster
16,0.975,0.1,3.0,0.9258417274057773,dual_cluster
16,1.0,0.1,3.0,0.9294024315083547,dual_cluster
16,1.025,0.1,3.0,0.9327424455224747,dual_cluster
16,1.0499999999999998,0.1,3.0,0.9358734142962533,dual_cluster
16,1.075,0.1,3.0,0.9388076586668122,dual_cluster
16,1.1,0.1,3.0,0.9415576840123179,dual_cluster
16,1.125,0.1,3.0,0.9441358272469101,dual_cluster
16,1.15,0.1,3.0,0.9465540164985011,dual_cluster
16,1.1749999999999998,0.1,3.0,0.9488236179811129,dual_cluster
16,1.2,0.1,3.0,0.9509553477503311,dual_cluster
17,0.4,0.1,3.0,0.7263434126253995,dual_cluster
17,0.42500000000000004,0.1,3.0,0.8538935059558742,dual_cluster
17,0.45,0.1,3.0,0.7313771789908187,dual_cluster
17,0.47500000000000003,0.1,3.0,0.8150589987540043,dual_cluster
17,0.5,0.1,3.0,0.9182393457098331,dual_cluster
17,0.525,0.1,3.0,0.9196540400825802,dual_cluster
17,0.55,0.1,3.0,0.7851184192598051,dual_cluster
17,0.575,0.1,3.0,0.7689221743316083,dual_cluster
17,0.6,0.1,3.0,0.8049990573376032,dual_cluster
17,0.625,0.1,3.0,0.8194983113130727,dual_cluster
17,0.65,0.1,3.0,0.8230148274701191,dual_cluster
17,0.675,0.1,3.0,0.8614378820343512,dual_cluster
17,0.7,0.1,3.0,0.8677153017332082,dual_cluster
17,0.725,0.1,3.0,0.8735078461420721,dual_cluster
17,0.75,0.1,3.0,0.8791352640804201,dual_cluster
17,0.7749999999999999,0.1,3.0,0.8846008268306501,dual_cluster
17,0.8,0.1,3.0,0.8898991562672431,dual_cluster
17,0.825,0.1,3.0,0.8950198517884422,dual_cluster
17,0.85,0.1,3.0,0.8999505772212109,dual_cluster
17,0.875,0.1,3.0,0.9046795560917026,dual_cluster
17,0.8999999999999999,0.1,3.0,0.9091973276315822,dual_cluster
17,0.9249999999999999,0.1,3.0,0.9134977418423192,dual_cluster
17,0.95,0.1,3.0,0.9175782917634551,dual_cluster
17,0.975,0.1,3.0,0.9214399535325852,dual_cluster
17,1.0,0.1,3.0,0.9250867214727995,dual_cluster
17,1.025,0.1,3.0,0.9285250009293473,dual_cluster
17,1.0499999999999998,0.1,3.0,0.9317629777893548,dual_cluster
17,1.075,0.1,3.0,0.9348100383555027,dual_cluster
17,1.1,0.1,3.0,0.9376762763190953,dual_cluster
17,1.125,0.1,3.0,0.9403720979617441,dual_cluster
17,1.15,0.1,3.0,0.9429079213674454,dual_cluster
17,1.1749999999999998,0.1,3.0,0.9452939577554155,dual_cluster
17,1.2,0.1,3.0,0.947540060375494,dual_cluster
18,0.4,0.1,3.0,0.6786198285107878,dual_cluster
18,0.42500000000000004,0.1,3.0,0.7548264781649935,dual_cluster
18,0.45,0.1,3.0,0.8899045112792775,dual_cluster
18,0.47500000000000003,0.1,3.0,0.7236850298823431,dual_cluster
18,0.5,0.1,3.0,0.91710609348856,dual_cluster
18,0.525,0.1,3.0,0.8236063972406936,dual_cluster
18,0.55,0.1,3.0,0.7661652290123286,dual_cluster
18,0.575,0.1,3.0,0.7529316078474567,dual_cluster
18,0.6,0.1,3.0,0.9431818387740358,dual_cluster
18,0.625,0.1,3.0,0.8708039846501775,dual_cluster
18,0.65,0.1,3.0,0.8368899548000469,dual_cluster
18,0.675,0.1,3.0,0.8588061844554081,dual_cluster
18,0.7,0.1,3.0,0.865285161857961,dual_cluster
18,0.725,0.1,3.0,0.8716401246217468,dual_cluster
18,0.75,0.1,3.0,0.8777941709317199,dual_cluster
18,0.7749999999999999,0.1,3.0,0.883745620247232,dual_cluster
18,0.8,0.1,3.0,0.8894841393438924,dual_cluster
18,0.825,0.1,3.0,0.8949954520459829,dual_cluster
18,0.85,0.1,3.0,0.9002652575282696,dual_cluster
18,0.875,0.1,3.0,0.9052820239831952,dual_cluster
18,0.8999999999999999,0.1,3.0,0.910038571962016,dual_cluster
18,0.9249999999999999,0.1,3.0,0.9145325930679683,dual_cluster
18,0.95,0.1,3.0,0.9187663922931925,dual_cluster
18,0.975,0.1,3.0,0.9227461731329143,dual_cluster
18,1.0,0.1,3.0,0.9264811350106387,dual_cluster
18,1.025,0.1,3.0,0.9299825694517121,dual_cluster
18,1.0499999999999998,0.1,3.0,0.9332630605924334,dual_cluster
18,1.075,0.1,3.0,0.9363358341795934,dual_cluster
18,1.1,0.1,3.0,0.9392142601946659,dual_cluster
18,1.125,0.1,3.0,0.941911493544474,dual_cluster
18,1.15,0.1,3.0,0.944440228967207,dual_cluster
18,1.1749999999999998,0.1,3.0,0.9468125452332767,dual_cluster
18,1.2,0.1,3.0,0.9490398162241368,dual_cluster
19,0.4,0.1,3.0,0.8591894184379748,dual_cluster
19,0.42500000000000004,0.1,3.0,0.714813269783668,dual_cluster
19,0.45,0.1,3.0,0.8346927767976435,dual_cluster
19,0.47500000000000003,0.1,3.0,0.8368663386794241,dual_cluster
19,0.5,0.1,3.0,0.8981567938693097,dual_cluster
19,0.525,0.1,3.0,0.8120850934053615,dual_cluster
19,0.55,0.1,3.0,0.7667101507584451,dual_cluster
19,0.575,0.1,3.0,0.7631770385902564,dual_cluster
19,0.6,0.1,3.0,0.9432765293472613,dual_cluster
19,0.625,0.1,3.0,0.865778600339102,dual_cluster
19,0.65,0.1,3.0,0.8535502271910118,dual_cluster
19,0.675,0.1,3.0,0.8637911424652354,dual_cluster
19,0.7,0.1,3.0,0.8699381068197136,dual_cluster
19,0.725,0.1,3.0,0.8759417630906382,dual_cluster
19,0.75,0.1,3.0,0.8817830306423752,dual_cluster
19,0.7749999999999999,0.1,3.0,0.8874529313972025,dual_cluster
19,0.8,0.1,3.0,0.892935761881012,dual_cluster
19,0.825,0.1,3.0,0.8982133739613031,dual_cluster
19,0.85,0.1,3.0,0.9032686980785241,dual_cluster
19,0.875,0.1,3.0,0.9080881934137668,dual_cluster
19,0.8999999999999999,0.1,3.0,0.9126631544971592,dual_cluster
19,0.9249999999999999,0.1,3.0,0.9169900290752405,dual_cluster
19,0.95,0.1,3.0,0.9210700314108268,dual_cluster
19,0.975,0.1,3.0,0.9249083557420923,dual_cluster
19,1.0,0.1,3.0,0.9285132414118097,dual_cluster
19,1.025,0.1,3.0,0.931895059874521,dual_cluster
19,1.0499999999999998,0.1,3.0,0.9350655172339792,dual_cluster
19,1.075,0.1,3.0,0.9380370089992671,dual_cluster
19,1.1,0.1,3.0,0.9408221282292747,dual_cluster
19,1.125,0.1,3.0,0.9434333098425863,dual_cluster
19,1.15,0.1,3.0,0.9458825868794648,dual_cluster
19,1.1749999999999998,0.1,3.0,0.9481814340572642,dual_cluster
19,1.2,0.1,3.0,0.9503406766873724,dual_cluster
0,0.4,0.2,1.0,0.832286903342253,dual_cluster
0,0.42500000000000004,0.2,1.0,0.5172681802909093,dual_cluster
0,0.45,0.2,1.0,0.8010319650378892,dual_cluster
0,0.47500000000000003,0.2,1.0,0.9123836760668795,absorbed
0,0.5,0.2,1.0,0.9239556581018654,absorbed
0,0.525,0.2,1.0,0.8188557202253627,dual_cluster
0,0.55,0.2,1.0,0.6196154124655384,dual_cluster
0,0.575,0.2,1.0,0.9389305414949677,dual_cluster
0,0.6,0.2,1.0,0.7361907071514885,dual_cluster
0,0.625,0.2,1.0,0.5992932088157992,dual_cluster
0,0.65,0.2,1.0,0.5720226144936171,dual_cluster
0,0.675,0.2,1.0,0.5890808784631583,dual_cluster
0,0.7,0.2,1.0,0.7032153236739987,dual_cluster
0,0.725,0.2,1.0,0.8309665634613481,dual_cluster
0,0.75,0.2,1.0,0.7936666724372878,dual_cluster
0,0.7749999999999999,0.2,1.0,0.7736271755785232,dual_cluster
0,0.8,0.2,1.0,0.7823207001729807,dual_cluster
0,0.825,0.2,1.0,0.7911050816670092,dual_cluster
0,0.85,0.2,1.0,0.7998974388599949,dual_cluster
0,0.875,0.2,1.0,0.8086616377723295,dual_cluster
0,0.8999999999999999,0.2,1.0,0.8173480407164406,dual_cluster
0,0.9249999999999999,0.2,1.0,0.8258980766637309,dual_cluster
0,0.95,0.2,1.0,0.834250057396272,dual_cluster
0,0.975,0.2,1.0,0.8423452860675509,dual_cluster
0,1.0,0.2,1.0,0.850133275890851,dual_cluster
0,1.025,0.2,1.0,0.8575751914159844,dual_cluster
0,1.0499999999999998,0.2,1.0,0.8646452116158172,dual_cluster
0,1.075,0.2,1.0,0.871330081633205,dual_cluster
0,1.1,0.2,1.0,0.8776274451674942,dual_cluster
0,1.125,0.2,1.0,0.8835435964612485,dual_cluster
0,1.15,0.2,1.0,0.889091156419733,dual_cluster
0,1.1749999999999998,0.2,1.0,0.8942869840233849,dual_cluster
0,1.2,0.2,1.0,0.8991504639032232,dual_cluster
1,0.4,0.2,1.0,0.5985714434753601,dual_cluster
1,0.42500000000000004,0.2,1.0,0.8058811664246841,dual_cluster
1,0.45,0.2,1.0,0.5966536098679297,dual_cluster
1,0.47500000000000003,0.2,1.0,0.5325062293501693,dual_cluster
1,0.5,0.2,1.0,0.5604661278983287,dual_cluster
1,0.525,0.2,1.0,0.72104222186284,dual_cluster
1,0.55,0.2,1.0,0.9410623063209761,absorbed
1,0.575,0.2,1.0,0.6608078254681465,dual_cluster
1,0.6,0.2,1.0,0.7149408431243491,dual_cluster
1,0.625,0.2,1.0,0.9533690412211513,absorbed
1,0.65,0.2,1.0,0.9224337026484651,dual_cluster
1,0.675,0.2,1.0,0.9056765100875486,dual_cluster
1,0.7,0.2,1.0,0.8853515051135181,dual_cluster
1,0.725,0.2,1.0,0.8407142440782913,dual_cluster
1,0.75,0.2,1.0,0.779255905147766,dual_cluster
1,0.7749999999999999,0.2,1.0,0.7745507391413231,dual_cluster
1,0.8,0.2,1.0,0.7832541017181686,dual_cluster
1,0.825,0.2,1.0,0.792019012779486,dual_cluster
1,0.85,0.2,1.0,0.8007938539461879,dual_cluster
1,0.875,0.2,1.0,0.8095410500436635,dual_cluster
1,0.8999999999999999,0.2,1.0,0.8182096857969041,dual_cluster
1,0.9249999999999999,0.2,1.0,0.8267401901843503,dual_cluster
1,0.95,0.2,1.0,0.8350702634233054,dual_cluster
1,0.975,0.2,1.0,0.8431410256110451,dual_cluster
1,1.0,0.2,1.0,0.8509021914455578,dual_cluster
1,1.025,0.2,1.0,0.8583154037736301,dual_cluster
1,1.0499999999999998,0.2,1.0,0.8653554648577119,dual_cluster
1,1.075,0.2,1.0,0.8720097696405901,dual_cluster
1,1.1,0.2,1.0,0.8782765542622214,dual_cluster
1,1.125,0.2,1.0,0.8841626025768728,dual_cluster
1,1.15,0.2,1.0,0.8896809079151833,dual_cluster
1,1.1749999999999998,0.2,1.0,0.8948485902887063,dual_cluster
1,1.2,0.2,1.0,0.8996852000436795,dual_cluster
2,0.4,0.2,1.0,0.7071444472790852,takeover
2,0.42500000000000004,0.2,1.0,0.7678889331177176,dual_cluster
2,0.45,0.2,1.0,0.5734329862423212,dual_cluster
2,0.47500000000000003,0.2,1.0,0.6451032922544961,dual_cluster
2,0.5,0.2,1.0,0.880590940644139,dual_cluster
2,0.525,0.2,1.0,0.8083767060475404,dual_cluster
2,0.55,0.2,1.0,0.7136451140027908,dual_cluster
2,0.575,0.2,1.0,0.7457869252878692,dual_cluster
2,0.6,0.2,1.0,0.8794458275088903,dual_cluster
2,0.625,0.2,1.0,0.6337071585456445,dual_cluster
2,0.65,0.2,1.0,0.7800299403419428,dual_cluster
2,0.675,0.2,1.0,0.5761915223644931,dual_cluster
2,0.7,0.2,1.0,0.8175283339781635,dual_cluster
2,0.725,0.2,1.0,0.6767866765946743,dual_cluster
2,0.75,0.2,1.0,0.7662684766929676,dual_cluster
2,0.7749999999999999,0.2,1.0,0.7692951006190685,dual_cluster
2,0.8,0.2,1.0,0.7789318155613301,dual_cluster
2,0.825,0.2,1.0,0.7885709757659431,dual_cluster
2,0.85,0.2,1.0,0.7981906089333864,dual_cluster
2,0.875,0.2,1.0,0.8077406565256049,dual_cluster
2,0.8999999999999999,0.2,1.0,0.8171548395049928,dual_cluster
2,0.9249999999999999,0.2,1.0,0.8263585051049922,dual_cluster
2,0.95,0.2,1.0,0.8352776587729869,dual_cluster
2,0.975,0.2,1.0,0.8438472231090193,dual_cluster
2,1.0,0.2,1.0,0.8520168078795325,dual_cluster
2,1.025,0.2,1.0,0.8597532379344768,dual_cluster
2,1.0499999999999998,0.2,1.0,0.8670401541052468,dual_cluster
2,1.075,0.2,1.0,0.8738756524437085,dual_cluster
2,1.1,0.2,1.0,0.8802690352903031,dual_cluster
2,1.125,0.2,1.0,0.8862375015169528,dual_cluster
2,1.15,0.2,1.0,0.8918032544514822,dual_cluster
2,1.1749999999999998,0.2,1.0,0.8969912144102877,dual_cluster
2,1.2,0.2,1.0,0.9018273390743475,dual_cluster
3,0.4,0.2,1.0,0.6271264020703222,dual_cluster
3,0.42500000000000004,0.2,1.0,0.74369568291013,dual_cluster
3,0.45,0.2,1.0,0.6214508545442248,dual_cluster
3,0.47500000000000003,0.2,1.0,0.577030705538976,dual_cluster
3,0.5,0.2,1.0,0.8869810499372247,dual_cluster
3,0.525,0.2,1.0,0.593321041300582,dual_cluster
3,0.55,0.2,1.0,0.7260711636187822,dual_cluster
3,0.575,0.2,1.0,0.9252914398936545,dual_cluster
3,0.6,0.2,1.0,0.8909557459838595,dual_cluster
3,0.625,0.2,1.0,0.5717569965639241,dual_cluster
3,0.65,0.2,1.0,0.6752349202285787,dual_cluster
3,0.675,0.2,1.0,0.8091362542158557,dual_cluster
3,0.7,0.2,1.0,0.8818342982237848,dual_cluster
3,0.725,0.2,1.0,0.78507591158735,dual_cluster
3,0.75,0.2,1.0,0.7630897380892434,dual_cluster
3,0.7749999999999999,0.2,1.0,0.7745107167504959,dual_cluster
3,0.8,0.2,1.0,0.783831304932898,dual_cluster
3,0.825,0.2,1.0,0.7931507812242002,dual_cluster
3,0.85,0.2,1.0,0.802437739654685,dual_cluster
3,0.875,0.2,1.0,0.8116438230502784,dual_cluster
3,0.8999999999999999,0.2,1.0,0.8207080659802638,dual_cluster
3,0.9249999999999999,0.2,1.0,0.8295635520036986,dual_cluster
3,0.95,0.2,1.0,0.8381448373528957,dual_cluster
3,0.975,0.2,1.0,0.8463946215797046,dual_cluster
3,1.0,0.2,1.0,0.854268386938071,dual_cluster
3,1.025,0.2,1.0,0.8617364575411939,dual_cluster
3,1.0499999999999998,0.2,1.0,0.8687837190154725,dual_cluster
3,1.075,0.2,1.0,0.8754077296857954,dual_cluster
3,1.1,0.2,1.0,0.8816160542337405,dual_cluster
3,1.125,0.2,1.0,0.8874234836782373,dual_cluster
3,1.15,0.2,1.0,0.8928495477677904,dual_cluster
3,1.1749999999999998,0.2,1.0,0.8979164981119759,dual_cluster
3,1.2,0.2,1.0,0.9026477879044779,dual_cluster
4,0.4,0.2,1.0,0.7787879129703266,dual_cluster
4,0.42500000000000004,0.2,1.0,0.5268833760811471,dual_cluster
4,0.45,0.2,1.0,0.5767074005193694,dual_cluster
4,0.47500000000000003,0.2,1.0,0.5911746910158365,dual_cluster
4,0.5,0.2,1.0,0.5675766197344051,dual_cluster
4,0.525,0.2,1.0,0.8150133017333097,dual_cluster
4,0.55,0.2,1.0,0.649380859634291,dual_cluster
4,0.575,0.2,1.0,0.9001196604803106,dual_cluster
4,0.6,0.2,1.0,0.7716489824767278,dual_cluster
4,0.625,0.2,1.0,0.7157982373712425,dual_cluster
4,0.65,0.2,1.0,0.7158576869288682,dual_cluster
4,0.675,0.2,1.0,0.7375338238534863,dual_cluster
4,0.7,0.2,1.0,0.7487443405832526,dual_cluster
4,0.725,0.2,1.0,0.736452256852269,dual_cluster
4,0.75,0.2,1.0,0.761624546842617,dual_cluster
4,0.7749999999999999,0.2,1.0,0.7766936182163352,dual_cluster
4,0.8,0.2,1.0,0.7855196440331524,dual_cluster
4,0.825,0.2,1.0,0.7943696250700282,dual_cluster
4,0.85,0.2,1.0,0.8032211385091228,dual_cluster
4,0.875,0.2,1.0,0.8120310943158398,dual_cluster
4,0.8999999999999999,0.2,1.0,0.8207439078845762,dual_cluster
4,0.9249999999999999,0.2,1.0,0.8292967953592701,dual_cluster
4,0.95,0.2,1.0,0.8376261505643601,dual_cluster
4,0.975,0.2,1.0,0.8456737754102215,dual_cluster
4,1.0,0.2,1.0,0.8533917439435525,dual_cluster
4,1.025,0.2,1.0,0.8607451626276456,dual_cluster
4,1.0499999999999998,0.2,1.0,0.8677127641792751,dual_cluster
4,1.075,0.2,1.0,0.8742858047464191,dual_cluster
4,1.1,0.2,1.0,0.8804659576930489,dual_cluster
4,1.125,0.2,1.0,0.886262847365889,dual_cluster
4,1.15,0.2,1.0,0.8916916765645827,dual_cluster
4,1.1749999999999998,0.2,1.0,0.8967711940461665,dual_cluster
4,1.2,0.2,1.0,0.9015220881773967,dual_cluster
5,0.4,0.2,1.0,0.7274528623710089,dual_cluster
5,0.42500000000000004,0.2,1.0,0.8549768619262119,dual_cluster
5,0.45,0.2,1.0,0.7539020111876494,dual_cluster
5,0.47500000000000003,0.2,1.0,0.7153855643406227,dual_cluster
5,0.5,0.2,1.0,0.6331031347226178,dual_cluster
5,0.525,0.2,1.0,0.9392501464971503,absorbed
5,0.55,0.2,1.0,0.9395947565266343,dual_cluster
5,0.575,0.2,1.0,0.947211339677559,absorbed
5,0.6,0.2,1.0,0.5768979801117489,dual_cluster
5,0.625,0.2,1.0,0.7361563413821941,dual_cluster
5,0.65,0.2,1.0,0.9255985656068483,dual_cluster
5,0.675,0.2,1.0,0.6319727983658782,dual_cluster
5,0.7,0.2,1.0,0.7645396753088677,dual_cluster
5,0.725,0.2,1.0,0.794509287651309,dual_cluster
5,0.75,0.2,1.0,0.7716542602540655,dual_cluster
5,0.7749999999999999,0.2,1.0,0.7808162267485308,dual_cluster
5,0.8,0.2,1.0,0.7899665428751292,dual_cluster
5,0.825,0.2,1.0,0.7991372167361294,dual_cluster
5,0.85,0.2,1.0,0.8082836620122299,dual_cluster
5,0.875,0.2,1.0,0.8173461469809853,dual_cluster
5,0.8999999999999999,0.2,1.0,0.8262553873242955,dual_cluster
5,0.9249999999999999,0.2,1.0,0.8349398282776154,dual_cluster
5,0.95,0.2,1.0,0.8433330897091779,dual_cluster
5,0.975,0.2,1.0,0.8513799948272798,dual_cluster
5,1.0,0.2,1.0,0.8590401316632529,dual_cluster
5,1.025,0.2,1.0,0.866288758472694,dual_cluster
5,1.0499999999999998,0.2,1.0,0.8731155895426911,dual_cluster
5,1.075,0.2,1.0,0.8795223224883264,dual_cluster
5,1.1,0.2,1.0,0.8855197192983004,dual_cluster
5,1.125,0.2,1.0,0.8911248105837036,dual_cluster
5,1.15,0.2,1.0,0.8963585246807797,dual_cluster
5,1.1749999999999998,0.2,1.0,0.9012438393501631,dual_cluster
5,1.2,0.2,1.0,0.90580443245928,dual_cluster
6,0.4,0.2,1.0,0.7443982405571777,dual_cluster
6,0.42500000000000004,0.2,1.0,0.57587599168796,dual_cluster
6,0.45,0.2,1.0,0.903786236288222,absorbed
6,0.47500000000000003,0.2,1.0,0.7462098486546533,dual_cluster
6,0.5,0.2,1.0,0.6028725243841312,dual_cluster
6,0.525,0.2,1.0,0.5885248807611096,dual_cluster
6,0.55,0.2,1.0,0.6864214979725597,dual_cluster
6,0.575,0.2,1.0,0.8799523587774973,dual_cluster
6,0.6,0.2,1.0,0.5906785006771783,dual_cluster
6,0.625,0.2,1.0,0.8626510798696465,dual_cluster
6,0.65,0.2,1.0,0.6532213802852997,dual_cluster
6,0.675,0.2,1.0,0.8625464150590081,absorbed
6,0.7,0.2,1.0,0.8707877980142233,dual_cluster
6,0.725,0.2,1.0,0.7296164668926669,dual_cluster
6,0.75,0.2,1.0,0.7686144872567602,dual_cluster
6,0.7749999999999999,0.2,1.0,0.7760993190787123,dual_cluster
6,0.8,0.2,1.0,0.7844610760134312,dual_cluster
6,0.825,0.2,1.0,0.7929654050765751,dual_cluster
6,0.85,0.2,1.0,0.801478694201774,dual_cluster
6,0.875,0.2,1.0,0.8099690188942363,dual_cluster
6,0.8999999999999999,0.2,1.0,0.8183919327237685,dual_cluster
6,0.9249999999999999,0.2,1.0,0.8266943331627116,dual_cluster
6,0.95,0.2,1.0,0.8348194528604829,dual_cluster
6,0.975,0.2,1.0,0.8427122544474348,dual_cluster
6,1.0,0.2,1.0,0.8503242343664337,dual_cluster
6,1.025,0.2,1.0,0.8576168211232486,dual_cluster
6,1.0499999999999998,0.2,1.0,0.8645630052176763,dual_cluster
6,1.075,0.2,1.0,0.871147325325648,dual_cluster
6,1.1,0.2,1.0,0.8773646578500307,dual_cluster
6,1.125,0.2,1.0,0.8832183519884647,dual_cluster
6,1.15,0.2,1.0,0.8887181759611618,dual_cluster
6,1.1749999999999998,0.2,1.0,0.8938783887548836,dual_cluster
6,1.2,0.2,1.0,0.898716101900494,dual_cluster
7,0.4,0.2,1.0,0.7999490366498788,dual_cluster
7,0.42500000000000004,0.2,1.0,0.5329139054456358,dual_cluster
7,0.45,0.2,1.0,0.8654245289122025,dual_cluster
7,0.47500000000000003,0.2,1.0,0.8339107579733825,dual_cluster
7,0.5,0.2,1.0,0.7738351554026461,dual_cluster
7,0.525,0.2,1.0,0.8313665540507283,dual_cluster
7,0.55,0.2,1.0,0.9388583114181851,absorbed
7,0.575,0.2,1.0,0.5906897976880383,dual_cluster
7,0.6,0.2,1.0,0.9457709581213581,absorbed
7,0.625,0.2,1.0,0.7968781229131541,dual_cluster
7,0.65,0.2,1.0,0.6944164349132,dual_cluster
7,0.675,0.2,1.0,0.6498650700869539,dual_cluster
7,0.7,0.2,1.0,0.6381111725494926,dual_cluster
7,0.725,0.2,1.0,0.6531828777053851,dual_cluster
7,0.75,0.2,1.0,0.7604018731293699,dual_cluster
7,0.7749999999999999,0.2,1.0,0.7713407000521683,dual_cluster
7,0.8,0.2,1.0,0.7800321182502127,dual_cluster
7,0.825,0.2,1.0,0.788809465467179,dual_cluster
7,0.85,0.2,1.0,0.7975985036051706,dual_cluster
7,0.875,0.2,1.0,0.8063683290307154,dual_cluster
7,0.8999999999999999,0.2,1.0,0.8150729738842131,dual_cluster
7,0.9249999999999999,0.2,1.0,0.8236560041330978,dual_cluster
7,0.95,0.2,1.0,0.8320561688072805,dual_cluster
7,0.975,0.2,1.0,0.8402136238862147,dual_cluster
7,1.0,0.2,1.0,0.8480755328054197,dual_cluster
7,1.025,0.2,1.0,0.8556000373522934,dual_cluster
7,1.0499999999999998,0.2,1.0,0.8627581438496118,dual_cluster
7,1.075,0.2,1.0,0.8695336753160628,dual_cluster
7,1.1,0.2,1.0,0.8759218372499222,dual_cluster
7,1.125,0.2,1.0,0.8819270524345454,dual_cluster
7,1.15,0.2,1.0,0.887560615326122,dual_cluster
7,1.1749999999999998,0.2,1.0,0.8928385255659382,dual_cluster
7,1.2,0.2,1.0,0.8977796782464357,dual_cluster
8,0.4,0.2,1.0,0.48666575157047204,dual_cluster
8,0.42500000000000004,0.2,1.0,0.5146461643007479,dual_cluster
8,0.45,0.2,1.0,0.5305504374334505,dual_cluster
8,0.47500000000000003,0.2,1.0,0.5799870598778,dual_cluster
8,0.5,0.2,1.0,0.843759239257307,dual_cluster
8,0.525,0.2,1.0,0.5598336900814591,dual_cluster
8,0.55,0.2,1.0,0.926529372008789,dual_cluster
8,0.575,0.2,1.0,0.8270447839623446,dual_cluster
8,0.6,0.2,1.0,0.7929111766461681,dual_cluster
8,0.625,0.2,1.0,0.8263921966250029,dual_cluster
8,0.65,0.2,1.0,0.8924837536016179,dual_cluster
8,0.675,0.2,1.0,0.9306801281864888,dual_cluster
8,0.7,0.2,1.0,0.719318865331287,dual_cluster
8,0.725,0.2,1.0,0.7162567216737856,dual_cluster
8,0.75,0.2,1.0,0.763660269270265,dual_cluster
8,0.7749999999999999,0.2,1.0,0.774851587222563,dual_cluster
8,0.8,0.2,1.0,0.7840856094206393,dual_cluster
8,0.825,0.2,1.0,0.7933153564701454,dual_cluster
8,0.85,0.2,1.0,0.8025116596809062,dual_cluster
8,0.875,0.2,1.0,0.8116284110799726,dual_cluster
8,0.8999999999999999,0.2,1.0,0.8206073737981014,dual_cluster
8,0.9249999999999999,0.2,1.0,0.829384361543564,dual_cluster
8,0.95,0.2,1.0,0.8378961834265768,dual_cluster
8,0.975,0.2,1.0,0.8460869796972622,dual_cluster
8,1.0,0.2,1.0,0.8539127510384603,dual_cluster
8,1.025,0.2,1.0,0.8613435169688995,dual_cluster
8,1.0499999999999998,0.2,1.0,0.8683632609034038,dual_cluster
8,1.075,0.2,1.0,0.874968297570824,dual_cluster
8,1.1,0.2,1.0,0.8811648266713888,dual_cluster
8,1.125,0.2,1.0,0.8869663081907301,dual_cluster
8,1.15,0.2,1.0,0.8923910657715539,dual_cluster
8,1.1749999999999998,0.2,1.0,0.8974603106643011,dual_cluster
8,1.2,0.2,1.0,0.9021966291230142,dual_cluster
9,0.4,0.2,1.0,0.8517643216324401,absorbed
9,0.42500000000000004,0.2,1.0,0.7294441271554664,dual_cluster
9,0.45,0.2,1.0,0.6560636736061766,dual_cluster
9,0.47500000000000003,0.2,1.0,0.7141877481148494,dual_cluster
9,0.5,0.2,1.0,0.8767267549179306,dual_cluster
9,0.525,0.2,1.0,0.6323215727813088,dual_cluster
9,0.55,0.2,1.0,0.8447265624414346,dual_cluster
9,0.575,0.2,1.0,0.6476702614975536,dual_cluster
9,0.6,0.2,1.0,0.5722876261544512,dual_cluster
9,0.625,0.2,1.0,0.5810290362568173,dual_cluster
9,0.65,0.2,1.0,0.64472791438229,dual_cluster
9,0.675,0.2,1.0,0.7330776957385758,dual_cluster
9,0.7,0.2,1.0,0.8023940101903704,dual_cluster
9,0.725,0.2,1.0,0.8234348826078903,dual_cluster
9,0.75,0.2,1.0,0.7801232878685148,dual_cluster
9,0.7749999999999999,0.2,1.0,0.773860240508589,dual_cluster
9,0.8,0.2,1.0,0.7828663209125447,dual_cluster
9,0.825,0.2,1.0,0.7918918670220577,dual_cluster
9,0.85,0.2,1.0,0.8009162062301624,dual_cluster
9,0.875,0.2,1.0,0.8098968993303229,dual_cluster
9,0.8999999999999999,0.2,1.0,0.8187777689692823,dual_cluster
9,0.9249999999999999,0.2,1.0,0.8274944827913264,dual_cluster
9,0.95,0.2,1.0,0.8359813667434954,dual_cluster
9,0.975,0.2,1.0,0.8441781146720935,dual_cluster
9,1.0,0.2,1.0,0.8520350539186421,dual_cluster
9,1.025,0.2,1.0,0.8595161441382946,dual_cluster
9,1.0499999999999998,0.2,1.0,0.86659963110033,dual_cluster
9,1.075,0.2,1.0,0.8732768683064608,dual_cluster
9,1.1,0.2,1.0,0.8795500653299024,dual_cluster
9,1.125,0.2,1.0,0.8854296630136965,dual_cluster
9,1.15,0.2,1.0,0.8909318236786223,dual_cluster
9,1.1749999999999998,0.2,1.0,0.8960762961035459,dual_cluster
9,1.2,0.2,1.0,0.90088474127316,dual_cluster
10,0.4,0.2,1.0,0.8438805764237416,absorbed
10,0.42500000000000004,0.2,1.0,0.7440610663418153,dual_cluster
10,0.45,0.2,1.0,0.6451442737501353,dual_cluster
10,0.47500000000000003,0.2,1.0,0.6754398551372027,dual_cluster
10,0.5,0.2,1.0,0.8262958455839821,dual_cluster
10,0.525,0.2,1.0,0.8704750861753027,dual_cluster
10,0.55,0.2,1.0,0.7417641577114423,dual_cluster
10,0.575,0.2,1.0,0.5598091842353617,dual_cluster
10,0.6,0.2,1.0,0.8407283590070865,dual_cluster
10,0.625,0.2,1.0,0.90570317036196,dual_cluster
10,0.65,0.2,1.0,0.6171429610126226,dual_cluster
10,0.675,0.2,1.0,0.6164682831595623,dual_cluster
10,0.7,0.2,1.0,0.697057981044645,dual_cluster
10,0.725,0.2,1.0,0.7408651408732516,dual_cluster
10,0.75,0.2,1.0,0.7619237381249626,dual_cluster
10,0.7749999999999999,0.2,1.0,0.7754395040477157,dual_cluster
10,0.8,0.2,1.0,0.784193447660041,dual_cluster
10,0.825,0.2,1.0,0.7930120678508454,dual_cluster
10,0.85,0.2,1.0,0.8018492181605508,dual_cluster
10,0.875,0.2,1.0,0.8106622448128867,dual_cluster
10,0.8999999999999999,0.2,1.0,0.8193949755033655,dual_cluster
10,0.9249999999999999,0.2,1.0,0.8279829613588331,dual_cluster
10,0.95,0.2,1.0,0.8363600205616777,dual_cluster
10,0.975,0.2,1.0,0.8444648124642866,dual_cluster
10,1.0,0.2,1.0,0.852246125117812,dual_cluster
10,1.025,0.2,1.0,0.8596660182247344,dual_cluster
10,1.0499999999999998,0.2,1.0,0.8667006743133163,dual_cluster
10,1.075,0.2,1.0,0.8733394056102932,dual_cluster
10,1.1,0.2,1.0,0.8795825372491539,dual_cluster
10,1.125,0.2,1.0,0.8854388578848448,dual_cluster
10,1.15,0.2,1.0,0.8909231354596885,dual_cluster
10,1.1749999999999998,0.2,1.0,0.8960539741699327,dual_cluster
10,1.2,0.2,1.0,0.9008521138778528,dual_cluster
11,0.4,0.2,1.0,0.5502401609497257,dual_cluster
11,0.42500000000000004,0.2,1.0,0.4927235540975337,dual_cluster
11,0.45,0.2,1.0,0.5152536097316608,dual_cluster
11,0.47500000000000003,0.2,1.0,0.6340357670685971,dual_cluster
11,0.5,0.2,1.0,0.8849174542267606,dual_cluster
11,0.525,0.2,1.0,0.5472202540176937,dual_cluster
11,0.55,0.2,1.0,0.9428606150790215,absorbed
11,0.575,0.2,1.0,0.8826357514304416,dual_cluster
11,0.6,0.2,1.0,0.8704938733669428,dual_cluster
11,0.625,0.2,1.0,0.926111652434831,dual_cluster
11,0.65,0.2,1.0,0.8389574234094126,fragmented
11,0.675,0.2,1.0,0.6408059284262334,dual_cluster
11,0.7,0.2,1.0,0.7625906174773124,dual_cluster
11,0.725,0.2,1.0,0.819235434057433,dual_cluster
11,0.75,0.2,1.0,0.7754891121712761,dual_cluster
11,0.7749999999999999,0.2,1.0,0.7752651056343921,dual_cluster
11,0.8,0.2,1.0,0.7842851457424569,dual_cluster
11,0.825,0.2,1.0,0.7933321094368758,dual_cluster
11,0.85,0.2,1.0,0.8023823972273292,dual_cluster
11,0.875,0.2,1.0,0.8113888774013575,dual_cluster
11,0.8999999999999999,0.2,1.0,0.8202910044454291,dual_cluster
11,0.9249999999999999,0.2,1.0,0.8290209016585223,dual_cluster
11,0.95,0.2,1.0,0.8375105813625383,dual_cluster
11,0.975,0.2,1.0,0.8456988215289297,dual_cluster
11,1.0,0.2,1.0,0.8535363116423959,dual_cluster
11,1.025,0.2,1.0,0.8609883179615122,dual_cluster
11,1.0499999999999998,0.2,1.0,0.8680349245349512,dual_cluster
11,1.075,0.2,1.0,0.8746694834363589,dual_cluster
11,1.1,0.2,1.0,0.8808960977941785,dual_cluster
11,1.125,0.2,1.0,0.8867268472777178,dual_cluster
11,1.15,0.2,1.0,0.8921792213318303,dual_cluster
11,1.1749999999999998,0.2,1.0,0.8972739875387015,dual_cluster
11,1.2,0.2,1.0,0.9020335526886909,dual_cluster
12,0.4,0.2,1.0,0.8338567954293243,absorbed
12,0.42500000000000004,0.2,1.0,0.5755733738386337,dual_cluster
12,0.45,0.2,1.0,0.7434604410097484,dual_cluster
12,0.47500000000000003,0.2,1.0,0.545113364255821,dual_cluster
12,0.5,0.2,1.0,0.8821304842590219,dual_cluster
12,0.525,0.2,1.0,0.9201233079558095,dual_cluster
12,0.55,0.2,1.0,0.6935264996928862,dual_cluster
12,0.575,0.2,1.0,0.6625250137625681,dual_cluster
12,0.6,0.2,1.0,0.9426525625955546,dual_cluster
12,0.625,0.2,1.0,0.7249341610037235,dual_cluster
12,0.65,0.2,1.0,0.5746335151679632,dual_cluster
12,0.675,0.2,1.0,0.9212275199108526,dual_cluster
12,0.7,0.2,1.0,0.7828818699180745,dual_cluster
12,0.725,0.2,1.0,0.7091975492396961,dual_cluster
12,0.75,0.2,1.0,0.7679723858265605,dual_cluster
12,0.7749999999999999,0.2,1.0,0.776554009325379,dual_cluster
12,0.8,0.2,1.0,0.7861292896615535,dual_cluster
12,0.825,0.2,1.0,0.7957311399644342,dual_cluster
12,0.85,0.2,1.0,0.8053124953514659,dual_cluster
12,0.875,0.2,1.0,0.8148065080375241,dual_cluster
12,0.8999999999999999,0.2,1.0,0.8241339240771945,dual_cluster
12,0.9249999999999999,0.2,1.0,0.8332125523487363,dual_cluster
12,0.95,0.2,1.0,0.8419668662025913,dual_cluster
12,0.975,0.2,1.0,0.8503355123958576,dual_cluster
12,1.0,0.2,1.0,0.8582753706852799,dual_cluster
12,1.025,0.2,1.0,0.8657621012288981,dual_cluster
12,1.0499999999999998,0.2,1.0,0.8727880938542207,dual_cluster
12,1.075,0.2,1.0,0.8793590616636479,dual_cluster
12,1.1,0.2,1.0,0.8854903336132022,dual_cluster
12,1.125,0.2,1.0,0.8912035052336985,dual_cluster
12,1.15,0.2,1.0,0.8965237385563553,dual_cluster
12,1.1749999999999998,0.2,1.0,0.9014777557483987,dual_cluster
12,1.2,0.2,1.0,0.9060924442381595,dual_cluster
13,0.4,0.2,1.0,0.8174589371099048,dual_cluster
13,0.42500000000000004,0.2,1.0,0.7726638021834544,dual_cluster
13,0.45,0.2,1.0,0.7147002199044452,dual_cluster
13,0.47500000000000003,0.2,1.0,0.5694195541178787,dual_cluster
13,0.5,0.2,1.0,0.8622342008494077,dual_cluster
13,0.525,0.2,1.0,0.8681678158031378,dual_cluster
13,0.55,0.2,1.0,0.5684729450627096,dual_cluster
13,0.575,0.2,1.0,0.7485945745058128,dual_cluster
13,0.6,0.2,1.0,0.9167203429641984,dual_cluster
13,0.625,0.2,1.0,0.8121974728047897,dual_cluster
13,0.65,0.2,1.0,0.6359524190648497,dual_cluster
13,0.675,0.2,1.0,0.9223065160122534,dual_cluster
13,0.7,0.2,1.0,0.8072107926741091,dual_cluster
13,0.725,0.2,1.0,0.7255073552611708,dual_cluster
13,0.75,0.2,1.0,0.7720979571526002,dual_cluster
13,0.7749999999999999,0.2,1.0,0.781009529711671,dual_cluster
13,0.8,0.2,1.0,0.7903034154964899,dual_cluster
13,0.825,0.2,1.0,0.799642169381703,dual_cluster
13,0.85,0.2,1.0,0.8089731978509694,dual_cluster
13,0.875,0.2,1.0,0.8182263370451969,dual_cluster
13,0.8999999999999999,0.2,1.0,0.8273210526852655,dual_cluster
13,0.9249999999999999,0.2,1.0,0.8361755180113963,dual_cluster
13,0.95,0.2,1.0,0.8447155904974493,dual_cluster
13,0.975,0.2,1.0,0.8528816318967313,dual_cluster
13,1.0,0.2,1.0,0.8606320088774445,dual_cluster
13,1.025,0.2,1.0,0.8679433204879197,dual_cluster
13,1.0499999999999998,0.2,1.0,0.8748082619177074,dual_cluster
13,1.075,0.2,1.0,0.8812322919046635,dual_cluster
13,1.1,0.2,1.0,0.8872300715399352,dual_cluster
13,1.125,0.2,1.0,0.892822269958242,dual_cluster
13,1.15,0.2,1.0,0.898032994676282,dual_cluster
13,1.1749999999999998,0.2,1.0,0.902887880636196,dual_cluster
13,1.2,0.2,1.0,0.9074127578261769,dual_cluster
14,0.4,0.2,1.0,0.8167603173533781,dual_cluster
14,0.42500000000000004,0.2,1.0,0.48387709403787926,dual_cluster
14,0.45,0.2,1.0,0.8724259359194785,absorbed
14,0.47500000000000003,0.2,1.0,0.8439139438662847,dual_cluster
14,0.5,0.2,1.0,0.8262247833720385,dual_cluster
14,0.525,0.2,1.0,0.900980298675647,dual_cluster
14,0.55,0.2,1.0,0.7383591350927711,dual_cluster
14,0.575,0.2,1.0,0.7300351632397146,dual_cluster
14,0.6,0.2,1.0,0.6735063606093474,dual_cluster
14,0.625,0.2,1.0,0.9204767166128551,dual_cluster
14,0.65,0.2,1.0,0.825337218247173,dual_cluster
14,0.675,0.2,1.0,0.7590392324430462,dual_cluster
14,0.7,0.2,1.0,0.7052433776386491,dual_cluster
14,0.725,0.2,1.0,0.66918321411537,dual_cluster
14,0.75,0.2,1.0,0.7623076685757457,dual_cluster
14,0.7749999999999999,0.2,1.0,0.7708361038896497,dual_cluster
14,0.8,0.2,1.0,0.7797535349246285,dual_cluster
14,0.825,0.2,1.0,0.788699337231736,dual_cluster
14,0.85,0.2,1.0,0.797629962134674,dual_cluster
14,0.875,0.2,1.0,0.8065139921926003,dual_cluster
14,0.8999999999999999,0.2,1.0,0.8153060326390079,dual_cluster
14,0.9249999999999999,0.2,1.0,0.8239512321821354,dual_cluster
14,0.95,0.2,1.0,0.8323909558627068,dual_cluster
14,0.975,0.2,1.0,0.8405687885150764,dual_cluster
14,1.0,0.2,1.0,0.8484357474028115,dual_cluster
14,1.025,0.2,1.0,0.8559538244921902,dual_cluster
14,1.0499999999999998,0.2,1.0,0.863097520484701,dual_cluster
14,1.075,0.2,1.0,0.8698535840230598,dual_cluster
14,1.1,0.2,1.0,0.8762195055346658,dual_cluster
14,1.125,0.2,1.0,0.8822013846131166,dual_cluster
14,1.15,0.2,1.0,0.8878116748631156,dual_cluster
14,1.1749999999999998,0.2,1.0,0.8930671272870251,dual_cluster
14,1.2,0.2,1.0,0.897987085626341,dual_cluster
15,0.4,0.2,1.0,0.4752587724258233,dual_cluster
15,0.42500000000000004,0.2,1.0,0.8700233320860162,absorbed
15,0.45,0.2,1.0,0.8242739696641513,dual_cluster
15,0.47500000000000003,0.2,1.0,0.7768240672456171,dual_cluster
15,0.5,0.2,1.0,0.8396218060440476,dual_cluster
15,0.525,0.2,1.0,0.931088058403386,absorbed
15,0.55,0.2,1.0,0.58750397989942,dual_cluster
15,0.575,0.2,1.0,0.9415331159751763,dual_cluster
15,0.6,0.2,1.0,0.7794949758523911,dual_cluster
15,0.625,0.2,1.0,0.6694929309270574,dual_cluster
15,0.65,0.2,1.0,0.6287077286707325,dual_cluster
15,0.675,0.2,1.0,0.6268733791326718,dual_cluster
15,0.7,0.2,1.0,0.637126516287892,dual_cluster
15,0.725,0.2,1.0,0.6875567299825355,dual_cluster
15,0.75,0.2,1.0,0.7681496707725316,dual_cluster
15,0.7749999999999999,0.2,1.0,0.7743294227213633,dual_cluster
15,0.8,0.2,1.0,0.7831458747988979,dual_cluster
15,0.825,0.2,1.0,0.7919693383906332,dual_cluster
15,0.85,0.2,1.0,0.8007931058986758,dual_cluster
15,0.875,0.2,1.0,0.8095790205313629,dual_cluster
15,0.8999999999999999,0.2,1.0,0.8182761265668734,dual_cluster
15,0.9249999999999999,0.2,1.0,0.8268254123244801,dual_cluster
15,0.95,0.2,1.0,0.8351656861491595,dual_cluster
15,0.975,0.2,1.0,0.8432395629976136,dual_cluster
15,1.0,0.2,1.0,0.8509984183545408,dual_cluster
15,1.025,0.2,1.0,0.8584055089608789,dual_cluster
15,1.0499999999999998,0.2,1.0,0.8654370494497836,dual_cluster
15,1.075,0.2,1.0,0.8720815670918658,dual_cluster
15,1.1,0.2,1.0,0.8783381379296015,dual_cluster
15,1.125,0.2,1.0,0.8842141238282275,dual_cluster
15,1.15,0.2,1.0,0.889722884431837,dual_cluster
15,1.1749999999999998,0.2,1.0,0.8948817475610847,dual_cluster
15,1.2,0.2,1.0,0.8997103599283566,dual_cluster
16,0.4,0.2,1.0,0.5332780186408426,dual_cluster
16,0.42500000000000004,0.2,1.0,0.7201955837335725,dual_cluster
16,0.45,0.2,1.0,0.906282091055178,absorbed
16,0.47500000000000003,0.2,1.0,0.6259866126243371,dual_cluster
16,0.5,0.2,1.0,0.7207284768056671,dual_cluster
16,0.525,0.2,1.0,0.9325796329524403,absorbed
16,0.55,0.2,1.0,0.9257666696999817,dual_cluster
16,0.575,0.2,1.0,0.5740609253673906,dual_cluster
16,0.6,0.2,1.0,0.7500988617034392,dual_cluster
16,0.625,0.2,1.0,0.939151043207573,dual_cluster
16,0.65,0.2,1.0,0.7930731207303829,dual_cluster
16,0.675,0.2,1.0,0.608498486597482,dual_cluster
16,0.7,0.2,1.0,0.8686011929959508,dual_cluster
16,0.725,0.2,1.0,0.7059124849018747,dual_cluster
16,0.75,0.2,1.0,0.7714186921344641,dual_cluster
16,0.7749999999999999,0.2,1.0,0.7782987881989641,dual_cluster
16,0.8,0.2,1.0,0.7875000446444556,dual_cluster
16,0.825,0.2,1.0,0.7967544227009782,dual_cluster
16,0.85,0.2,1.0,0.8060167925724496,dual_cluster
16,0.875,0.2,1.0,0.8152240921401287,dual_cluster
16,0.8999999999999999,0.2,1.0,0.8243007469155874,dual_cluster
16,0.9249999999999999,0.2,1.0,0.8331669323074914,dual_cluster
16,0.95,0.2,1.0,0.841747409983802,dual_cluster
16,0.975,0.2,1.0,0.8499789180729558,dual_cluster
16,1.0,0.2,1.0,0.8578146761117958,dual_cluster
16,1.025,0.2,1.0,0.8652256628091287,dual_cluster
16,1.0499999999999998,0.2,1.0,0.872199289531299,dual_cluster
16,1.075,0.2,1.0,0.8787365353316415,dual_cluster
16,1.1,0.2,1.0,0.8848485527825749,dual_cluster
16,1.125,0.2,1.0,0.8905534410084943,dual_cluster
16,1.15,0.2,1.0,0.8958735418344632,dual_cluster
16,1.1749999999999998,0.2,1.0,0.9008333625532958,dual_cluster
16,1.2,0.2,1.0,0.9054580844289251,dual_cluster
17,0.4,0.2,1.0,0.8542603906057054,absorbed
17,0.42500000000000004,0.2,1.0,0.8142306407821922,dual_cluster
17,0.45,0.2,1.0,0.8060905887923528,dual_cluster
17,0.47500000000000003,0.2,1.0,0.8873157133480257,dual_cluster
17,0.5,0.2,1.0,0.7482219891684372,dual_cluster
17,0.525,0.2,1.0,0.7193462560757761,dual_cluster
17,0.55,0.2,1.0,0.6516556535598954,dual_cluster
17,0.575,0.2,1.0,0.9443196996534049,absorbed
17,0.6,0.2,1.0,0.9201595604288554,dual_cluster
17,0.625,0.2,1.0,0.9390198952884327,dual_cluster
17,0.65,0.2,1.0,0.9460202300205492,absorbed
17,0.675,0.2,1.0,0.5994209928814442,dual_cluster
17,0.7,0.2,1.0,0.6885004389591183,dual_cluster
17,0.725,0.2,1.0,0.7371053932357715,dual_cluster
17,0.75,0.2,1.0,0.7646448688965748,dual_cluster
17,0.7749999999999999,0.2,1.0,0.7744309977720709,dual_cluster
17,0.8,0.2,1.0,0.78347566509065,dual_cluster
17,0.825,0.2,1.0,0.7925427784627468,dual_cluster
17,0.85,0.2,1.0,0.8016028222663026,dual_cluster
17,0.875,0.2,1.0,0.8106115405701408,dual_cluster
17,0.8999999999999999,0.2,1.0,0.8195114212433311,dual_cluster
17,0.9249999999999999,0.2,1.0,0.8282375038353517,dual_cluster
17,0.95,0.2,1.0,0.8367242808825713,dual_cluster
17,0.975,0.2,1.0,0.8449123321092932,dual_cluster
17,1.0,0.2,1.0,0.8527533813581009,dual_cluster
17,1.025,0.2,1.0,0.8602130298365221,dual_cluster
17,1.0499999999999998,0.2,1.0,0.867271167197657,dual_cluster
17,1.075,0.2,1.0,0.8739206222991636,dual_cluster
17,1.1,0.2,1.0,0.8801648231283833,dual_cluster
17,1.125,0.2,1.0,0.8860151505728766,dual_cluster
17,1.15,0.2,1.0,0.891488449618834,dual_cluster
17,1.1749999999999998,0.2,1.0,0.8966049356024327,dual_cluster
17,1.2,0.2,1.0,0.9013865662644134,dual_cluster
18,0.4,0.2,1.0,0.43320215851440674,dual_cluster
18,0.42500000000000004,0.2,1.0,0.610174340742626,dual_cluster
18,0.45,0.2,1.0,0.5958801564084596,dual_cluster
18,0.47500000000000003,0.2,1.0,0.5353009905588576,dual_cluster
18,0.5,0.2,1.0,0.8225377218808113,dual_cluster
18,0.525,0.2,1.0,0.545502528176924,dual_cluster
18,0.55,0.2,1.0,0.9332426839342395,absorbed
18,0.575,0.2,1.0,0.895436774979661,dual_cluster
18,0.6,0.2,1.0,0.9118522271276219,dual_cluster
18,0.625,0.2,1.0,0.945284870820031,absorbed
18,0.65,0.2,1.0,0.5940200900283288,dual_cluster
18,0.675,0.2,1.0,0.7799526570105311,dual_cluster
18,0.7,0.2,1.0,0.90434519903609,dual_cluster
18,0.725,0.2,1.0,0.674673564199352,dual_cluster
18,0.75,0.2,1.0,0.7528856973617718,dual_cluster
18,0.7749999999999999,0.2,1.0,0.7711665161683219,dual_cluster
18,0.8,0.2,1.0,0.7805220315565374,dual_cluster
18,0.825,0.2,1.0,0.7899024497527969,dual_cluster
18,0.85,0.2,1.0,0.7992655423756324,dual_cluster
18,0.875,0.2,1.0,0.8085659101015181,dual_cluster
18,0.8999999999999999,0.2,1.0,0.8177431983382188,dual_cluster
18,0.9249999999999999,0.2,1.0,0.8267287498547998,dual_cluster
18,0.95,0.2,1.0,0.8354534710029621,dual_cluster
18,0.975,0.2,1.0,0.8438552826820608,dual_cluster
18,1.0,0.2,1.0,0.8518846381458196,dual_cluster
18,1.025,0.2,1.0,0.8595073105006864,dual_cluster
18,1.0499999999999998,0.2,1.0,0.8667045509471779,dual_cluster
18,1.075,0.2,1.0,0.8734713440233699,dual_cluster
18,1.1,0.2,1.0,0.8798136720835096,dual_cluster
18,1.125,0.2,1.0,0.8857455548124449,dual_cluster
18,1.15,0.2,1.0,0.891286350831039,dual_cluster
18,1.1749999999999998,0.2,1.0,0.8964585476088649,dual_cluster
18,1.2,0.2,1.0,0.9012860857583044,dual_cluster
19,0.4,0.2,1.0,0.8116343535920897,dual_cluster
19,0.42500000000000004,0.2,1.0,0.8665778473948376,dual_cluster
19,0.45,0.2,1.0,0.7438413890731286,dual_cluster
19,0.47500000000000003,0.2,1.0,0.5641379639071756,dual_cluster
19,0.5,0.2,1.0,0.8928225187955566,dual_cluster
19,0.525,0.2,1.0,0.6146501687464007,dual_cluster
19,0.55,0.2,1.0,0.6309439786767311,dual_cluster
19,0.575,0.2,1.0,0.7838509629364755,dual_cluster
19,0.6,0.2,1.0,0.5987699454025316,dual_cluster
19,0.625,0.2,1.0,0.6404295608328742,dual_cluster
19,0.65,0.2,1.0,0.8126123502560665,dual_cluster
19,0.675,0.2,1.0,0.9407727096820802,dual_cluster
19,0.7,0.2,1.0,0.6551124821288273,dual_cluster
19,0.725,0.2,1.0,0.746933433811485,dual_cluster
19,0.75,0.2,1.0,0.7709572265838439,dual_cluster
19,0.7749999999999999,0.2,1.0,0.7771403902862196,dual_cluster
19,0.8,0.2,1.0,0.786182842930299,dual_cluster
19,0.825,0.2,1.0,0.7952599350304114,dual_cluster
19,0.85,0.2,1.0,0.804336130022311,dual_cluster
19,0.875,0.2,1.0,0.8133594209801899,dual_cluster
19,0.8999999999999999,0.2,1.0,0.8222654262595955,dual_cluster
19,0.9249999999999999,0.2,1.0,0.8309839918918388,dual_cluster
19,0.95,0.2,1.0,0.8394466350821116,dual_cluster
19,0.975,0.2,1.0,0.8475932738758114,dual_cluster
19,1.0,0.2,1.0,0.8553769257273998,dual_cluster
19,1.025,0.2,1.0,0.8627657990078577,dual_cluster
19,1.0499999999999998,0.2,1.0,0.8697430102968231,dual_cluster
19,1.075,0.2,1.0,0.8763046655137328,dual_cluster
19,1.1,0.2,1.0,0.8824571486403844,dual_cluster
19,1.125,0.2,1.0,0.8882142933361101,dual_cluster
19,1.15,0.2,1.0,0.8935948507460136,dual_cluster
19,1.1749999999999998,0.2,1.0,0.8986204350113308,dual_cluster
19,1.2,0.2,1.0,0.9033139728619741,dual_cluster
0,0.4,0.2,1.5,0.8401453387421409,dual_cluster
0,0.42500000000000004,0.2,1.5,0.5290520409120142,dual_cluster
0,0.45,0.2,1.5,0.7484280925600287,dual_cluster
0,0.47500000000000003,0.2,1.5,0.9105186850075094,absorbed
0,0.5,0.2,1.5,0.9115599451156705,dual_cluster
0,0.525,0.2,1.5,0.6026397469277859,dual_cluster
0,0.55,0.2,1.5,0.7319389884152971,dual_cluster
0,0.575,0.2,1.5,0.8007767723143185,dual_cluster
0,0.6,0.2,1.5,0.901559730867855,dual_cluster
0,0.625,0.2,1.5,0.818549229872921,dual_cluster
0,0.65,0.2,1.5,0.807122179321209,dual_cluster
0,0.675,0.2,1.5,0.8406937579823514,dual_cluster
0,0.7,0.2,1.5,0.8792999684984828,dual_cluster
0,0.725,0.2,1.5,0.8772308980401091,dual_cluster
0,0.75,0.2,1.5,0.8081316302627511,dual_cluster
0,0.7749999999999999,0.2,1.5,0.7732620667808976,dual_cluster
0,0.8,0.2,1.5,0.7820052415682199,dual_cluster
0,0.825,0.2,1.5,0.7907423830907201,dual_cluster
0,0.85,0.2,1.5,0.7995023149979312,dual_cluster
0,0.875,0.2,1.5,0.8082496926153395,dual_cluster
0,0.8999999999999999,0.2,1.5,0.8169343521551704,dual_cluster
0,0.9249999999999999,0.2,1.5,0.8254959499150156,dual_cluster
0,0.95,0.2,1.5,0.833870119237097,dual_cluster
0,0.975,0.2,1.5,0.8419950477077636,dual_cluster
0,1.0,0.2,1.5,0.8498171699096086,dual_cluster
0,1.025,0.2,1.5,0.857294973804343,dual_cluster
0,1.0499999999999998,0.2,1.5,0.8644005619295683,dual_cluster
0,1.075,0.2,1.5,0.8711192422585861,dual_cluster
0,1.1,0.2,1.5,0.8774477901089341,dual_cluster
0,1.125,0.2,1.5,0.8833920777119189,dual_cluster
0,1.15,0.2,1.5,0.888964620279413,dual_cluster
0,1.1749999999999998,0.2,1.5,0.8941823746220452,dual_cluster
0,1.2,0.2,1.5,0.8990649402357672,dual_cluster
1,0.4,0.2,1.5,0.4600117124426685,dual_cluster
1,0.42500000000000004,0.2,1.5,0.8749474200171757,dual_cluster
1,0.45,0.2,1.5,0.7383755649594981,dual_cluster
1,0.47500000000000003,0.2,1.5,0.6676226748568912,dual_cluster
1,0.5,0.2,1.5,0.732271645268714,dual_cluster
1,0.525,0.2,1.5,0.9010961674501583,dual_cluster
1,0.55,0.2,1.5,0.5621635394612051,dual_cluster
1,0.575,0.2,1.5,0.9013234003093488,dual_cluster
1,0.6,0.2,1.5,0.7420133460116751,dual_cluster
1,0.625,0.2,1.5,0.6752114020500734,dual_cluster
1,0.65,0.2,1.5,0.689884942140991,dual_cluster
1,0.675,0.2,1.5,0.7479940146921504,dual_cluster
1,0.7,0.2,1.5,0.8094834005215399,dual_cluster
1,0.725,0.2,1.5,0.838639921849936,dual_cluster
1,0.75,0.2,1.5,0.8049458190191935,dual_cluster
1,0.7749999999999999,0.2,1.5,0.7743343461623198,dual_cluster
1,0.8,0.2,1.5,0.7829277426359676,dual_cluster
1,0.825,0.2,1.5,0.7916479478515499,dual_cluster
1,0.85,0.2,1.5,0.8003930889279222,dual_cluster
1,0.875,0.2,1.5,0.8091261789018529,dual_cluster
1,0.8999999999999999,0.2,1.5,0.8177955901756264,dual_cluster
1,0.9249999999999999,0.2,1.5,0.8263398261306716,dual_cluster
1,0.95,0.2,1.5,0.8346938110144285,dual_cluster
1,0.975,0.2,1.5,0.842795516063066,dual_cluster
1,1.0,0.2,1.5,0.8505916017924723,dual_cluster
1,1.025,0.2,1.5,0.8580410990619779,dual_cluster
1,1.0499999999999998,0.2,1.5,0.8651168174280657,dual_cluster
1,1.075,0.2,1.5,0.8718047997419271,dual_cluster
1,1.1,0.2,1.5,0.8781024888351963,dual_cluster
1,1.125,0.2,1.5,0.88401630659013,dual_cluster
1,1.15,0.2,1.5,0.8895591851321588,dual_cluster
1,1.1749999999999998,0.2,1.5,0.8947483731795736,dual_cluster
1,1.2,0.2,1.5,0.8996036560456505,dual_cluster
2,0.4,0.2,1.5,0.7155620881003516,takeover
2,0.42500000000000004,0.2,1.5,0.7678709100908649,dual_cluster
2,0.45,0.2,1.5,0.5516968362974543,dual_cluster
2,0.47500000000000003,0.2,1.5,0.6678935812533107,dual_cluster
2,0.5,0.2,1.5,0.8414933752639369,dual_cluster
2,0.525,0.2,1.5,0.8522232354617466,dual_cluster
2,0.55,0.2,1.5,0.783902515278131,dual_cluster
2,0.575,0.2,1.5,0.8384360907942815,dual_cluster
2,0.6,0.2,1.5,0.9436970602000866,absorbed
2,0.625,0.2,1.5,0.6346337549686931,dual_cluster
2,0.65,0.2,1.5,0.9434928017567591,dual_cluster
2,0.675,0.2,1.5,0.7627730989609671,dual_cluster
2,0.7,0.2,1.5,0.617042741295522,dual_cluster
2,0.725,0.2,1.5,0.8584411353017916,dual_cluster
2,0.75,0.2,1.5,0.7437306994881078,dual_cluster
2,0.7749999999999999,0.2,1.5,0.7690068364039557,dual_cluster
2,0.8,0.2,1.5,0.7786076250997163,dual_cluster
2,0.825,0.2,1.5,0.7882080216605756,dual_cluster
2,0.85,0.2,1.5,0.7978045151354121,dual_cluster
2,0.875,0.2,1.5,0.8073473054461799,dual_cluster
2,0.8999999999999999,0.2,1.5,0.8167688292025064,dual_cluster
2,0.9249999999999999,0.2,1.5,0.8259918928126198,dual_cluster
2,0.95,0.2,1.5,0.8349392087005183,dual_cluster
2,0.975,0.2,1.5,0.8435422557702481,dual_cluster
2,1.0,0.2,1.5,0.85174756407554,dual_cluster
2,1.025,0.2,1.5,0.8595195497138353,dual_cluster
2,1.0499999999999998,0.2,1.5,0.8668402001146299,dual_cluster
2,1.075,0.2,1.5,0.8737066374455769,dual_cluster
2,1.1,0.2,1.5,0.8801277172902668,dual_cluster
2,1.125,0.2,1.5,0.8861205553358369,dual_cluster
2,1.15,0.2,1.5,0.8917074960849275,dual_cluster
2,1.1749999999999998,0.2,1.5,0.8969137220302675,dual_cluster
2,1.2,0.2,1.5,0.9017655045171616,dual_cluster
3,0.4,0.2,1.5,0.58769657966678,dual_cluster
3,0.42500000000000004,0.2,1.5,0.6703118129091312,dual_cluster
3,0.45,0.2,1.5,0.517438895869371,dual_cluster
3,0.47500000000000003,0.2,1.5,0.6719647299605824,dual_cluster
3,0.5,0.2,1.5,0.9120300086270804,absorbed
3,0.525,0.2,1.5,0.7590842209330917,dual_cluster
3,0.55,0.2,1.5,0.6156289376639544,dual_cluster
3,0.575,0.2,1.5,0.6043422087521394,dual_cluster
3,0.6,0.2,1.5,0.7031756235721354,dual_cluster
3,0.625,0.2,1.5,0.875067832567179,dual_cluster
3,0.65,0.2,1.5,0.5761906899361638,dual_cluster
3,0.675,0.2,1.5,0.7767053653752097,dual_cluster
3,0.7,0.2,1.5,0.8770537472457507,dual_cluster
3,0.725,0.2,1.5,0.7166874848759643,dual_cluster
3,0.75,0.2,1.5,0.7722488333486196,dual_cluster
3,0.7749999999999999,0.2,1.5,0.7740556857662952,dual_cluster
3,0.8,0.2,1.5,0.7833019052024269,dual_cluster
3,0.825,0.2,1.5,0.7925694204650531,dual_cluster
3,0.85,0.2,1.5,0.8018281704883526,dual_cluster
3,0.875,0.2,1.5,0.811029481555613,dual_cluster
3,0.8999999999999999,0.2,1.5,0.8201099786609499,dual_cluster
3,0.9249999999999999,0.2,1.5,0.8289987117778348,dual_cluster
3,0.95,0.2,1.5,0.8376253259724795,dual_cluster
3,0.975,0.2,1.5,0.8459275499455879,dual_cluster
3,1.0,0.2,1.5,0.8538564996434538,dual_cluster
3,1.025,0.2,1.5,0.8613791151160637,dual_cluster
3,1.0499999999999998,0.2,1.5,0.8684779680325039,dual_cluster
3,1.075,0.2,1.5,0.8751492564527051,dual_cluster
3,1.1,0.2,1.5,0.8813999253482352,dual_cluster
3,1.125,0.2,1.5,0.8872446602329133,dual_cluster
3,1.15,0.2,1.5,0.8927032059868153,dual_cluster
3,1.1749999999999998,0.2,1.5,0.8977982047443158,dual_cluster
3,1.2,0.2,1.5,0.9025535765930085,dual_cluster
4,0.4,0.2,1.5,0.8118089193065327,dual_cluster
4,0.42500000000000004,0.2,1.5,0.584789793148149,dual_cluster
4,0.45,0.2,1.5,0.5193943020988242,dual_cluster
4,0.47500000000000003,0.2,1.5,0.5498664024264956,dual_cluster
4,0.5,0.2,1.5,0.7212522741408145,dual_cluster
4,0.525,0.2,1.5,0.9402252249007514,absorbed
4,0.55,0.2,1.5,0.6861194672384754,dual_cluster
4,0.575,0.2,1.5,0.5718915102998389,dual_cluster
4,0.6,0.2,1.5,0.8081109415442149,dual_cluster
4,0.625,0.2,1.5,0.685196746384907,dual_cluster
4,0.65,0.2,1.5,0.5919955470162516,dual_cluster
4,0.675,0.2,1.5,0.7131109608414251,dual_cluster
4,0.7,0.2,1.5,0.8185741741940823,dual_cluster
4,0.725,0.2,1.5,0.8579109353936809,dual_cluster
4,0.75,0.2,1.5,0.7750673403425558,dual_cluster
4,0.7749999999999999,0.2,1.5,0.7762830716461456,dual_cluster
4,0.8,0.2,1.5,0.7850688014516393,dual_cluster
4,0.825,0.2,1.5,0.7938724651100222,dual_cluster
4,0.85,0.2,1.5,0.8026972700539149,dual_cluster
4,0.875,0.2,1.5,0.8115000496848376,dual_cluster
4,0.8999999999999999,0.2,1.5,0.8202235216137426,dual_cluster
4,0.9249999999999999,0.2,1.5,0.8288018643686773,dual_cluster
4,0.95,0.2,1.5,0.8371676213961265,dual_cluster
4,0.975,0.2,1.5,0.8452585492567263,dual_cluster
4,1.0,0.2,1.5,0.85302302753494,dual_cluster
4,1.025,0.2,1.5,0.8604231743469339,dual_cluster
4,1.0499999999999998,0.2,1.5,0.8674355736754118,dual_cluster
4,1.075,0.2,1.5,0.8740501287424778,dual_cluster
4,1.1,0.2,1.5,0.880267811231179,dual_cluster
4,1.125,0.2,1.5,0.8860980192803857,dual_cluster
4,1.15,0.2,1.5,0.8915560426346563,dual_cluster
4,1.1749999999999998,0.2,1.5,0.8966609012063977,dual_cluster
4,1.2,0.2,1.5,0.9014336464058654,dual_cluster
5,0.4,0.2,1.5,0.7528264880686718,dual_cluster
5,0.42500000000000004,0.2,1.5,0.88529416327069,dual_cluster
5,0.45,0.2,1.5,0.6074369807069967,dual_cluster
5,0.47500000000000003,0.2,1.5,0.8129595081127052,dual_cluster
5,0.5,0.2,1.5,0.5666364318429593,dual_cluster
5,0.525,0.2,1.5,0.6167061570208527,dual_cluster
5,0.55,0.2,1.5,0.5971504855060722,dual_cluster
5,0.575,0.2,1.5,0.6127705520998518,dual_cluster
5,0.6,0.2,1.5,0.8349730913752278,dual_cluster
5,0.625,0.2,1.5,0.6020536048364802,dual_cluster
5,0.65,0.2,1.5,0.8381303256033158,dual_cluster
5,0.675,0.2,1.5,0.6318812575614754,dual_cluster
5,0.7,0.2,1.5,0.8680486330720838,dual_cluster
5,0.725,0.2,1.5,0.7140908303311586,dual_cluster
5,0.75,0.2,1.5,0.7721505693433266,dual_cluster
5,0.7749999999999999,0.2,1.5,0.780295023224094,dual_cluster
5,0.8,0.2,1.5,0.789373564768504,dual_cluster
5,0.825,0.2,1.5,0.7984968010923915,dual_cluster
5,0.85,0.2,1.5,0.8076216305830313,dual_cluster
5,0.875,0.2,1.5,0.8166873441515048,dual_cluster
5,0.8999999999999999,0.2,1.5,0.8256213980903083,dual_cluster
5,0.9249999999999999,0.2,1.5,0.834347374201967,dual_cluster
5,0.95,0.2,1.5,0.8427933534159503,dual_cluster
5,0.975,0.2,1.5,0.8508988488153094,dual_cluster
5,1.0,0.2,1.5,0.8586190126048421,dual_cluster
5,1.025,0.2,1.5,0.8659258358109949,dual_cluster
5,1.0499999999999998,0.2,1.5,0.8728069264762537,dual_cluster
5,1.075,0.2,1.5,0.8792628471688182,dual_cluster
5,1.1,0.2,1.5,0.8853039411113741,dual_cluster
5,1.125,0.2,1.5,0.8909472940362697,dual_cluster
5,1.15,0.2,1.5,0.8962141691586171,dual_cluster
5,1.1749999999999998,0.2,1.5,0.9011280200233782,dual_cluster
5,1.2,0.2,1.5,0.9057130503007529,dual_cluster
6,0.4,0.2,1.5,0.6566384361697082,dual_cluster
6,0.42500000000000004,0.2,1.5,0.6707351792821191,dual_cluster
6,0.45,0.2,1.5,0.7568360712667671,dual_cluster
6,0.47500000000000003,0.2,1.5,0.8931667162075939,dual_cluster
6,0.5,0.2,1.5,0.8203890552145108,dual_cluster
6,0.525,0.2,1.5,0.8502366162287932,dual_cluster
6,0.55,0.2,1.5,0.9471286182968348,absorbed
6,0.575,0.2,1.5,0.5662263513279393,dual_cluster
6,0.6,0.2,1.5,0.9105186883713497,dual_cluster
6,0.625,0.2,1.5,0.7072908078368229,dual_cluster
6,0.65,0.2,1.5,0.5882595291330831,dual_cluster
6,0.675,0.2,1.5,0.5907944815330233,dual_cluster
6,0.7,0.2,1.5,0.9245132478490936,dual_cluster
6,0.725,0.2,1.5,0.8809646141680438,dual_cluster
6,0.75,0.2,1.5,0.8017429473430122,dual_cluster
6,0.7749999999999999,0.2,1.5,0.7758235455377452,dual_cluster
6,0.8,0.2,1.5,0.784041591137562,dual_cluster
6,0.825,0.2,1.5,0.7925023061530527,dual_cluster
6,0.85,0.2,1.5,0.8009888607354473,dual_cluster
6,0.875,0.2,1.5,0.8094695809302637,dual_cluster
6,0.8999999999999999,0.2,1.5,0.817898845579881,dual_cluster
6,0.9249999999999999,0.2,1.5,0.8262212624045795,dual_cluster
6,0.95,0.2,1.5,0.8343770055114785,dual_cluster
6,0.975,0.2,1.5,0.8423076589653524,dual_cluster
6,1.0,0.2,1.5,0.8499614652233675,dual_cluster
6,1.025,0.2,1.5,0.8572970629680196,dual_cluster
6,1.0499999999999998,0.2,1.5,0.8642852988129115,dual_cluster
6,1.075,0.2,1.5,0.8709092434957942,dual_cluster
6,1.1,0.2,1.5,0.8771629048059425,dual_cluster
6,1.125,0.2,1.5,0.8830492341605574,dual_cluster
6,1.15,0.2,1.5,0.8885779360931416,dual_cluster
6,1.1749999999999998,0.2,1.5,0.8937634205085279,dual_cluster
6,1.2,0.2,1.5,0.8986230720951578,dual_cluster
7,0.4,0.2,1.5,0.7902543927170371,dual_cluster
7,0.42500000000000004,0.2,1.5,0.5589295420909933,dual_cluster
7,0.45,0.2,1.5,0.8208055032912009,dual_cluster
7,0.47500000000000003,0.2,1.5,0.8800919045759971,dual_cluster
7,0.5,0.2,1.5,0.8492443902488512,dual_cluster
7,0.525,0.2,1.5,0.9122865208775278,dual_cluster
7,0.55,0.2,1.5,0.7335270190402788,dual_cluster
7,0.575,0.2,1.5,0.7479527082633164,dual_cluster
7,0.6,0.2,1.5,0.5795214523158838,dual_cluster
7,0.625,0.2,1.5,0.9557882389643534,absorbed
7,0.65,0.2,1.5,0.9347483784532029,dual_cluster
7,0.675,0.2,1.5,0.9340941810654478,dual_cluster
7,0.7,0.2,1.5,0.9367012172146228,dual_cluster
7,0.725,0.2,1.5,0.8609622762793908,dual_cluster
7,0.75,0.2,1.5,0.7864569299453348,dual_cluster
7,0.7749999999999999,0.2,1.5,0.7704347151255921,dual_cluster
7,0.8,0.2,1.5,0.779775356283492,dual_cluster
7,0.825,0.2,1.5,0.7885161079672527,dual_cluster
7,0.85,0.2,1.5,0.7972803537917552,dual_cluster
7,0.875,0.2,1.5,0.8060377990232421,dual_cluster
7,0.8999999999999999,0.2,1.5,0.8147419693765258,dual_cluster
7,0.9249999999999999,0.2,1.5,0.823334989338766,dual_cluster
7,0.95,0.2,1.5,0.8317534817360245,dual_cluster
7,0.975,0.2,1.5,0.8399351413876062,dual_cluster
7,1.0,0.2,1.5,0.847824696928346,dual_cluster
7,1.025,0.2,1.5,0.8553781670511577,dual_cluster
7,1.0499999999999998,0.2,1.5,0.8625649067726685,dual_cluster
7,1.075,0.2,1.5,0.8693675954801494,dual_cluster
7,1.1,0.2,1.5,0.8757807500745374,dual_cluster
7,1.125,0.2,1.5,0.8818084634607184,dual_cluster
7,1.15,0.2,1.5,0.8874619548158325,dual_cluster
7,1.1749999999999998,0.2,1.5,0.8927573120007365,dual_cluster
7,1.2,0.2,1.5,0.8977136116833778,dual_cluster
8,0.4,0.2,1.5,0.5156575184730291,dual_cluster
8,0.42500000000000004,0.2,1.5,0.47356530118195655,dual_cluster
8,0.45,0.2,1.5,0.5131899356106995,dual_cluster
8,0.47500000000000003,0.2,1.5,0.6907483756226874,dual_cluster
8,0.5,0.2,1.5,0.9228674037966269,absorbed
8,0.525,0.2,1.5,0.6545137010406935,dual_cluster
8,0.55,0.2,1.5,0.596337233956413,dual_cluster
8,0.575,0.2,1.5,0.8396039255374528,dual_cluster
8,0.6,0.2,1.5,0.6921324069100191,dual_cluster
8,0.625,0.2,1.5,0.5979172350780556,dual_cluster
8,0.65,0.2,1.5,0.7767415186337974,dual_cluster
8,0.675,0.2,1.5,0.93492257047901,dual_cluster
8,0.7,0.2,1.5,0.6494304121345191,dual_cluster
8,0.725,0.2,1.5,0.766375398488436,dual_cluster
8,0.75,0.2,1.5,0.7724562280683677,dual_cluster
8,0.7749999999999999,0.2,1.5,0.7743789647027837,dual_cluster
8,0.8,0.2,1.5,0.7835345349919863,dual_cluster
8,0.825,0.2,1.5,0.7927079199745076,dual_cluster
8,0.85,0.2,1.5,0.8018719908239275,dual_cluster
8,0.875,0.2,1.5,0.8109806758616934,dual_cluster
8,0.8999999999999999,0.2,1.5,0.8199736072453913,dual_cluster
8,0.9249999999999999,0.2,1.5,0.8287827210841279,dual_cluster
8,0.95,0.2,1.5,0.8373399282762062,dual_cluster
8,0.975,0.2,1.5,0.8455842791842215,dual_cluster
8,1.0,0.2,1.5,0.8534671960308128,dual_cluster
8,1.025,0.2,1.5,0.8609550607096661,dual_cluster
8,1.0499999999999998,0.2,1.5,0.8680292947457644,dual_cluster
8,1.075,0.2,1.5,0.8746846416234675,dual_cluster
8,1.1,0.2,1.5,0.8809265209506856,dual_cluster
8,1.125,0.2,1.5,0.8867681775363782,dual_cluster
8,1.15,0.2,1.5,0.8922280837113117,dual_cluster
8,1.1749999999999998,0.2,1.5,0.8973278078689964,dual_cluster
8,1.2,0.2,1.5,0.9020903929993529,dual_cluster
9,0.4,0.2,1.5,0.8552159389897649,absorbed
9,0.42500000000000004,0.2,1.5,0.7653937124653348,dual_cluster
9,0.45,0.2,1.5,0.714272012870711,dual_cluster
9,0.47500000000000003,0.2,1.5,0.7906666684488208,dual_cluster
9,0.5,0.2,1.5,0.9255448890469882,absorbed
9,0.525,0.2,1.5,0.55762775972674,dual_cluster
9,0.55,0.2,1.5,0.9417797218241688,absorbed
9,0.575,0.2,1.5,0.8373488586196659,dual_cluster
9,0.6,0.2,1.5,0.7985077185795666,dual_cluster
9,0.625,0.2,1.5,0.8526548596141299,dual_cluster
9,0.65,0.2,1.5,0.9494453919687638,dual_cluster
9,0.675,0.2,1.5,0.5898415478859478,dual_cluster
9,0.7,0.2,1.5,0.7465444140008827,dual_cluster
9,0.725,0.2,1.5,0.8451441829617619,dual_cluster
9,0.75,0.2,1.5,0.7767892444343845,dual_cluster
9,0.7749999999999999,0.2,1.5,0.7734904783839935,dual_cluster
9,0.8,0.2,1.5,0.7825013209043599,dual_cluster
9,0.825,0.2,1.5,0.7914821534368941,dual_cluster
9,0.85,0.2,1.5,0.800478802473709,dual_cluster
9,0.875,0.2,1.5,0.8094490875000825,dual_cluster
9,0.8999999999999999,0.2,1.5,0.8183355942556073,dual_cluster
9,0.9249999999999999,0.2,1.5,0.8270714666475664,dual_cluster
9,0.95,0.2,1.5,0.8355876887780576,dual_cluster
9,0.975,0.2,1.5,0.8438203633109236,dual_cluster
9,1.0,0.2,1.5,0.8517164916431229,dual_cluster
9,1.025,0.2,1.5,0.8592373160696335,dual_cluster
9,1.0499999999999998,0.2,1.5,0.866359111005982,dual_cluster
9,1.075,0.2,1.5,0.8730719746758827,dual_cluster
9,1.1,0.2,1.5,0.8793774510383349,dual_cluster
9,1.125,0.2,1.5,0.885285747404113,dual_cluster
9,1.15,0.2,1.5,0.8908130780523492,dual_cluster
9,1.1749999999999998,0.2,1.5,0.8959794125209918,dual_cluster
9,1.2,0.2,1.5,0.9008067177957384,dual_cluster
10,0.4,0.2,1.5,0.8486794486907355,absorbed
10,0.42500000000000004,0.2,1.5,0.7526555758471442,dual_cluster
10,0.45,0.2,1.5,0.6651715721533161,dual_cluster
10,0.47500000000000003,0.2,1.5,0.7096905631059564,dual_cluster
10,0.5,0.2,1.5,0.8689440138398105,dual_cluster
10,0.525,0.2,1.5,0.7048998432939673,dual_cluster
10,0.55,0.2,1.5,0.8281606465357032,dual_cluster
10,0.575,0.2,1.5,0.6334927873206346,dual_cluster
10,0.6,0.2,1.5,0.5724494688764921,dual_cluster
10,0.625,0.2,1.5,0.6037348303840353,dual_cluster
10,0.65,0.2,1.5,0.7108112648838432,dual_cluster
10,0.675,0.2,1.5,0.845789211021295,dual_cluster
10,0.7,0.2,1.5,0.9285135826734975,dual_cluster
10,0.725,0.2,1.5,0.6679236297739265,dual_cluster
10,0.75,0.2,1.5,0.7442837864522971,dual_cluster
10,0.7749999999999999,0.2,1.5,0.7752994492167838,dual_cluster
10,0.8,0.2,1.5,0.7839082275084086,dual_cluster
10,0.825,0.2,1.5,0.7926870444587855,dual_cluster
10,0.85,0.2,1.5,0.8014980805332291,dual_cluster
10,0.875,0.2,1.5,0.8102991383225062,dual_cluster
10,0.8999999999999999,0.2,1.5,0.8190332852249418,dual_cluster
10,0.9249999999999999,0.2,1.5,0.8276342058175794,dual_cluster
10,0.95,0.2,1.5,0.8360331059000273,dual_cluster
10,0.975,0.2,1.5,0.844165744499692,dual_cluster
10,1.0,0.2,1.5,0.8519781531819407,dual_cluster
10,1.025,0.2,1.5,0.8594300835259765,dual_cluster
10,1.0499999999999998,0.2,1.5,0.866495997639564,dual_cluster
10,1.075,0.2,1.5,0.8731640726862137,dual_cluster
10,1.1,0.2,1.5,0.8794339944670645,dual_cluster
10,1.125,0.2,1.5,0.8853142850036864,dual_cluster
10,1.15,0.2,1.5,0.8908196987599669,dual_cluster
10,1.1749999999999998,0.2,1.5,0.8959689815993682,dual_cluster
10,1.2,0.2,1.5,0.9007830982627051,dual_cluster
11,0.4,0.2,1.5,0.5692547575147255,dual_cluster
11,0.42500000000000004,0.2,1.5,0.49967097594068277,dual_cluster
11,0.45,0.2,1.5,0.5399658853973492,dual_cluster
11,0.47500000000000003,0.2,1.5,0.7116928221890466,dual_cluster
11,0.5,0.2,1.5,0.9298622401791966,absorbed
11,0.525,0.2,1.5,0.6440399767777709,dual_cluster
11,0.55,0.2,1.5,0.6595609359505237,dual_cluster
11,0.575,0.2,1.5,0.9118806287378679,dual_cluster
11,0.6,0.2,1.5,0.8273508084763145,dual_cluster
11,0.625,0.2,1.5,0.5818917061862928,dual_cluster
11,0.65,0.2,1.5,0.7760000656209731,dual_cluster
11,0.675,0.2,1.5,0.9510886636563848,dual_cluster
11,0.7,0.2,1.5,0.68145876168107,dual_cluster
11,0.725,0.2,1.5,0.8240920780137804,dual_cluster
11,0.75,0.2,1.5,0.7696697011443036,dual_cluster
11,0.7749999999999999,0.2,1.5,0.774968414574877,dual_cluster
11,0.8,0.2,1.5,0.7839193055282644,dual_cluster
11,0.825,0.2,1.5,0.7929245376796121,dual_cluster
11,0.85,0.2,1.5,0.8019503048603546,dual_cluster
11,0.875,0.2,1.5,0.8109494845011193,dual_cluster
11,0.8999999999999999,0.2,1.5,0.819860003005896,dual_cluster
11,0.9249999999999999,0.2,1.5,0.8286112211943276,dual_cluster
11,0.95,0.2,1.5,0.8371316686978899,dual_cluster
11,0.975,0.2,1.5,0.8453565068727409,dual_cluster
11,1.0,0.2,1.5,0.8532331742966776,dual_cluster
11,1.025,0.2,1.5,0.8607243585983182,dual_cluster
11,1.0499999999999998,0.2,1.5,0.8678083336972411,dual_cluster
11,1.075,0.2,1.5,0.8744773480762597,dual_cluster
11,1.1,0.2,1.5,0.8807349635621139,dual_cluster
11,1.125,0.2,1.5,0.8865931177891774,dual_cluster
11,1.15,0.2,1.5,0.8920694132308706,dual_cluster
11,1.1749999999999998,0.2,1.5,0.8971848747779435,dual_cluster
11,1.2,0.2,1.5,0.901962233809791,dual_cluster
12,0.4,0.2,1.5,0.8199726602898774,dual_cluster
12,0.42500000000000004,0.2,1.5,0.4863783174782766,dual_cluster
12,0.45,0.2,1.5,0.8384842080252637,dual_cluster
12,0.47500000000000003,0.2,1.5,0.5792294796796476,dual_cluster
12,0.5,0.2,1.5,0.5428415172129519,dual_cluster
12,0.525,0.2,1.5,0.5406123666350889,dual_cluster
12,0.55,0.2,1.5,0.6577490832597097,dual_cluster
12,0.575,0.2,1.5,0.9164156794193209,dual_cluster
12,0.6,0.2,1.5,0.6427477573207029,dual_cluster
12,0.625,0.2,1.5,0.729882348713626,dual_cluster
12,0.65,0.2,1.5,0.9453561224084966,dual_cluster
12,0.675,0.2,1.5,0.8870000580811901,dual_cluster
12,0.7,0.2,1.5,0.8151337927844463,dual_cluster
12,0.725,0.2,1.5,0.7354088465109022,dual_cluster
12,0.75,0.2,1.5,0.7644146055634332,dual_cluster
12,0.7749999999999999,0.2,1.5,0.7761074651117607,dual_cluster
12,0.8,0.2,1.5,0.7856377647247165,dual_cluster
12,0.825,0.2,1.5,0.7952140006348292,dual_cluster
12,0.85,0.2,1.5,0.8047903713944902,dual_cluster
12,0.875,0.2,1.5,0.814298339387586,dual_cluster
12,0.8999999999999999,0.2,1.5,0.8236552774295575,dual_cluster
12,0.9249999999999999,0.2,1.5,0.8327745750980059,dual_cluster
12,0.95,0.2,1.5,0.8415760504966562,dual_cluster
12,0.975,0.2,1.5,0.8499941837212673,dual_cluster
12,1.0,0.2,1.5,0.8579826235444534,dual_cluster
12,1.025,0.2,1.5,0.865514862620761,dual_cluster
12,1.0499999999999998,0.2,1.5,0.8725820770531894,dual_cluster
12,1.075,0.2,1.5,0.8791894958569113,dual_cluster
12,1.1,0.2,1.5,0.8853524541877236,dual_cluster
12,1.125,0.2,1.5,0.8910928433121387,dual_cluster
12,1.15,0.2,1.5,0.8964362648704699,dual_cluster
12,1.1749999999999998,0.2,1.5,0.9014099296418,dual_cluster
12,1.2,0.2,1.5,0.9060412066731183,dual_cluster
13,0.4,0.2,1.5,0.831629453412165,dual_cluster
13,0.42500000000000004,0.2,1.5,0.6959471656026447,dual_cluster
13,0.45,0.2,1.5,0.7831489747129589,dual_cluster
13,0.47500000000000003,0.2,1.5,0.5528150591752963,dual_cluster
13,0.5,0.2,1.5,0.5743184827891348,dual_cluster
13,0.525,0.2,1.5,0.549659058539498,dual_cluster
13,0.55,0.2,1.5,0.6953736392139723,dual_cluster
13,0.575,0.2,1.5,0.9479559623695043,dual_cluster
13,0.6,0.2,1.5,0.7061471903450547,dual_cluster
13,0.625,0.2,1.5,0.5681695198061093,dual_cluster
13,0.65,0.2,1.5,0.9650043485093136,absorbed
13,0.675,0.2,1.5,0.918114852629461,dual_cluster
13,0.7,0.2,1.5,0.8357572402358382,dual_cluster
13,0.725,0.2,1.5,0.7456705280620927,dual_cluster
13,0.75,0.2,1.5,0.7705915199494262,dual_cluster
13,0.7749999999999999,0.2,1.5,0.7805745543132808,dual_cluster
13,0.8,0.2,1.5,0.7898205045416077,dual_cluster
13,0.825,0.2,1.5,0.7991317643888521,dual_cluster
13,0.85,0.2,1.5,0.8084563245801402,dual_cluster
13,0.875,0.2,1.5,0.8177222250938976,dual_cluster
13,0.8999999999999999,0.2,1.5,0.8268454374646216,dual_cluster
13,0.9249999999999999,0.2,1.5,0.8357396333404965,dual_cluster
13,0.95,0.2,1.5,0.844325987918558,dual_cluster
13,0.975,0.2,1.5,0.8525407101270803,dual_cluster
13,1.0,0.2,1.5,0.8603389642384052,dual_cluster
13,1.025,0.2,1.5,0.8676952044848281,dual_cluster
13,1.0499999999999998,0.2,1.5,0.8746009202753822,dual_cluster
13,1.075,0.2,1.5,0.8810610800195956,dual_cluster
13,1.1,0.2,1.5,0.8870903354177067,dual_cluster
13,1.125,0.2,1.5,0.8927096316307362,dual_cluster
13,1.15,0.2,1.5,0.8979434958258584,dual_cluster
13,1.1749999999999998,0.2,1.5,0.9028180335751969,dual_cluster
13,1.2,0.2,1.5,0.9073595414223286,dual_cluster
14,0.4,0.2,1.5,0.8283948905072371,dual_cluster
14,0.42500000000000004,0.2,1.5,0.49090822343240526,dual_cluster
14,0.45,0.2,1.5,0.845921045405739,dual_cluster
14,0.47500000000000003,0.2,1.5,0.8843919241531379,dual_cluster
14,0.5,0.2,1.5,0.8879699132472627,dual_cluster
14,0.525,0.2,1.5,0.9235300110359116,absorbed
14,0.55,0.2,1.5,0.543206970168302,dual_cluster
14,0.575,0.2,1.5,0.879256796108734,dual_cluster
14,0.6,0.2,1.5,0.6503087003833639,dual_cluster
14,0.625,0.2,1.5,0.5574629981644047,dual_cluster
14,0.65,0.2,1.5,0.5937975178869047,dual_cluster
14,0.675,0.2,1.5,0.5689975701329418,dual_cluster
14,0.7,0.2,1.5,0.6079880823837517,dual_cluster
14,0.725,0.2,1.5,0.6555135620979722,dual_cluster
14,0.75,0.2,1.5,0.7219354811458459,dual_cluster
14,0.7749999999999999,0.2,1.5,0.7699491761376397,dual_cluster
14,0.8,0.2,1.5,0.7794085717950278,dual_cluster
14,0.825,0.2,1.5,0.7883007223206174,dual_cluster
14,0.85,0.2,1.5,0.7971935874743815,dual_cluster
14,0.875,0.2,1.5,0.8060569270259461,dual_cluster
14,0.8999999999999999,0.2,1.5,0.8148449995913608,dual_cluster
14,0.9249999999999999,0.2,1.5,0.8235011948273291,dual_cluster
14,0.95,0.2,1.5,0.8319640565069021,dual_cluster
14,0.975,0.2,1.5,0.8401737908977646,dual_cluster
14,1.0,0.2,1.5,0.8480780071873277,dual_cluster
14,1.025,0.2,1.5,0.8556356811365512,dual_cluster
14,1.0499999999999998,0.2,1.5,0.8628189320827803,dual_cluster
14,1.075,0.2,1.5,0.8696128273690052,dual_cluster
14,1.1,0.2,1.5,0.8760138134655635,dual_cluster
14,1.125,0.2,1.5,0.8820274556155261,dual_cluster
14,1.15,0.2,1.5,0.8876660406211253,dual_cluster
14,1.1749999999999998,0.2,1.5,0.8929463937870032,dual_cluster
14,1.2,0.2,1.5,0.8978880754475066,dual_cluster
15,0.4,0.2,1.5,0.4689479156442415,dual_cluster
15,0.42500000000000004,0.2,1.5,0.8742775995499125,absorbed
15,0.45,0.2,1.5,0.8332536318048862,dual_cluster
15,0.47500000000000003,0.2,1.5,0.7951912738163648,dual_cluster
15,0.5,0.2,1.5,0.867722779914188,dual_cluster
15,0.525,0.2,1.5,0.896777478606748,dual_cluster
15,0.55,0.2,1.5,0.6566526430298766,dual_cluster
15,0.575,0.2,1.5,0.8914451674193796,dual_cluster
15,0.6,0.2,1.5,0.9054028756341741,dual_cluster
15,0.625,0.2,1.5,0.8516190854072643,dual_cluster
15,0.65,0.2,1.5,0.8625059768307152,dual_cluster
15,0.675,0.2,1.5,0.9060187357307474,dual_cluster
15,0.7,0.2,1.5,0.9247139656268805,dual_cluster
15,0.725,0.2,1.5,0.792011104192398,dual_cluster
15,0.75,0.2,1.5,0.7569133200299665,dual_cluster
15,0.7749999999999999,0.2,1.5,0.7739072040232107,dual_cluster
15,0.8,0.2,1.5,0.7828051182327602,dual_cluster
15,0.825,0.2,1.5,0.791574420912086,dual_cluster
15,0.85,0.2,1.5,0.8003601186579489,dual_cluster
15,0.875,0.2,1.5,0.8091251983006681,dual_cluster
15,0.8999999999999999,0.2,1.5,0.8178183120083777,dual_cluster
15,0.9249999999999999,0.2,1.5,0.8263786082357583,dual_cluster
15,0.95,0.2,1.5,0.8347419898391456,dual_cluster
15,0.975,0.2,1.5,0.8428476344257424,dual_cluster
15,1.0,0.2,1.5,0.8506434898743933,dual_cluster
15,1.025,0.2,1.5,0.8580898128321268,dual_cluster
15,1.0499999999999998,0.2,1.5,0.8651604740121349,dual_cluster
15,1.075,0.2,1.5,0.8718423623803279,dual_cluster
15,1.1,0.2,1.5,0.8781335473518099,dual_cluster
15,1.125,0.2,1.5,0.8840408829520766,dual_cluster
15,1.15,0.2,1.5,0.8895775772340562,dual_cluster
15,1.1749999999999998,0.2,1.5,0.8947610382529917,dual_cluster
15,1.2,0.2,1.5,0.8996111287545808,dual_cluster
16,0.4,0.2,1.5,0.5090151079225813,dual_cluster
16,0.42500000000000004,0.2,1.5,0.7140637455882348,dual_cluster
16,0.45,0.2,1.5,0.9067332157511975,absorbed
16,0.47500000000000003,0.2,1.5,0.6571050499412845,dual_cluster
16,0.5,0.2,1.5,0.5970016792143872,dual_cluster
16,0.525,0.2,1.5,0.8269707193927816,dual_cluster
16,0.55,0.2,1.5,0.667123417903409,dual_cluster
16,0.575,0.2,1.5,0.6317231702717855,dual_cluster
16,0.6,0.2,1.5,0.9072249803458964,dual_cluster
16,0.625,0.2,1.5,0.6463324264461762,dual_cluster
16,0.65,0.2,1.5,0.9402396595218078,dual_cluster
16,0.675,0.2,1.5,0.8887984516624597,dual_cluster
16,0.7,0.2,1.5,0.7599803774451657,dual_cluster
16,0.725,0.2,1.5,0.6947095939047581,dual_cluster
16,0.75,0.2,1.5,0.7733954508326257,dual_cluster
16,0.7749999999999999,0.2,1.5,0.7779805385032561,dual_cluster
16,0.8,0.2,1.5,0.7871339528339528,dual_cluster
16,0.825,0.2,1.5,0.7963568397435296,dual_cluster
16,0.85,0.2,1.5,0.8056049847118675,dual_cluster
16,0.875,0.2,1.5,0.8148145312890313,dual_cluster
16,0.8999999999999999,0.2,1.5,0.823907593080124,dual_cluster
16,0.9249999999999999,0.2,1.5,0.8328009888655151,dual_cluster
16,0.95,0.2,1.5,0.8414157182979466,dual_cluster
16,0.975,0.2,1.5,0.8496849690298568,dual_cluster
16,1.0,0.2,1.5,0.857559051290027,dual_cluster
16,1.025,0.2,1.5,0.8650068558742229,dual_cluster
16,1.0499999999999998,0.2,1.5,0.8720144990992317,dual_cluster
16,1.075,0.2,1.5,0.8785823098062995,dual_cluster
16,1.1,0.2,1.5,0.884721251198998,dual_cluster
16,1.125,0.2,1.5,0.8904495263550566,dual_cluster
16,1.15,0.2,1.5,0.8957897450277453,dual_cluster
16,1.1749999999999998,0.2,1.5,0.9007667571884237,dual_cluster
16,1.2,0.2,1.5,0.9054061054140066,dual_cluster
17,0.4,0.2,1.5,0.47583702818143636,dual_cluster
17,0.42500000000000004,0.2,1.5,0.7218361559205488,dual_cluster
17,0.45,0.2,1.5,0.7784349672531296,dual_cluster
17,0.47500000000000003,0.2,1.5,0.5575831922581368,dual_cluster
17,0.5,0.2,1.5,0.6841832323169624,dual_cluster
17,0.525,0.2,1.5,0.9197165825414437,dual_cluster
17,0.55,0.2,1.5,0.7980119417138837,dual_cluster
17,0.575,0.2,1.5,0.6758808936294439,dual_cluster
17,0.6,0.2,1.5,0.6717382971123927,dual_cluster
17,0.625,0.2,1.5,0.7626050929222645,dual_cluster
17,0.65,0.2,1.5,0.9043274256946882,dual_cluster
17,0.675,0.2,1.5,0.5754353085326267,dual_cluster
17,0.7,0.2,1.5,0.7286403966903486,dual_cluster
17,0.725,0.2,1.5,0.8367385070620467,dual_cluster
17,0.75,0.2,1.5,0.7716427595468732,dual_cluster
17,0.7749999999999999,0.2,1.5,0.7741015595965709,dual_cluster
17,0.8,0.2,1.5,0.7830991000452987,dual_cluster
17,0.825,0.2,1.5,0.7921163086198991,dual_cluster
17,0.85,0.2,1.5,0.8011446309444951,dual_cluster
17,0.875,0.2,1.5,0.8101402595112226,dual_cluster
17,0.8999999999999999,0.2,1.5,0.8190444341997286,dual_cluster
17,0.9249999999999999,0.2,1.5,0.8277895142240926,dual_cluster
17,0.95,0.2,1.5,0.8363064035664264,dual_cluster
17,0.975,0.2,1.5,0.844531814815468,dual_cluster
17,1.0,0.2,1.5,0.8524138893839605,dual_cluster
17,1.025,0.2,1.5,0.8599153019672318,dual_cluster
17,1.0499999999999998,0.2,1.5,0.8670138173477683,dual_cluster
17,1.075,0.2,1.5,0.8737009066901894,dual_cluster
17,1.1,0.2,1.5,0.8799792707802112,dual_cluster
17,1.125,0.2,1.5,0.8858600250634849,dual_cluster
17,1.15,0.2,1.5,0.8913600546287592,dual_cluster
17,1.1749999999999998,0.2,1.5,0.8964997963969832,dual_cluster
17,1.2,0.2,1.5,0.9013015223775641,dual_cluster
18,0.4,0.2,1.5,0.41197160463397614,dual_cluster
18,0.42500000000000004,0.2,1.5,0.5630825975910463,dual_cluster
18,0.45,0.2,1.5,0.5274311656057857,dual_cluster
18,0.47500000000000003,0.2,1.5,0.5859660367172037,dual_cluster
18,0.5,0.2,1.5,0.884934885155356,dual_cluster
18,0.525,0.2,1.5,0.5752417929168266,dual_cluster
18,0.55,0.2,1.5,0.7427623320769424,dual_cluster
18,0.575,0.2,1.5,0.8972239518370655,dual_cluster
18,0.6,0.2,1.5,0.6675908855447064,dual_cluster
18,0.625,0.2,1.5,0.6360607708372499,dual_cluster
18,0.65,0.2,1.5,0.8663005088883918,dual_cluster
18,0.675,0.2,1.5,0.5833792666156722,dual_cluster
18,0.7,0.2,1.5,0.8235907834229778,dual_cluster
18,0.725,0.2,1.5,0.6929393185966878,dual_cluster
18,0.75,0.2,1.5,0.7590277194446473,dual_cluster
18,0.7749999999999999,0.2,1.5,0.77083424923784,dual_cluster
18,0.8,0.2,1.5,0.7801392428711437,dual_cluster
18,0.825,0.2,1.5,0.7894763077637995,dual_cluster
18,0.85,0.2,1.5,0.7988139379505096,dual_cluster
18,0.875,0.2,1.5,0.8081068126673356,dual_cluster
18,0.8999999999999999,0.2,1.5,0.8172930382392849,dual_cluster
18,0.9249999999999999,0.2,1.5,0.8263010975760305,dual_cluster
18,0.95,0.2,1.5,0.8350582459732114,dual_cluster
18,0.975,0.2,1.5,0.8434985878358645,dual_cluster
18,1.0,0.2,1.5,0.8515691374902936,dual_cluster
18,1.025,0.2,1.5,0.8592329429952353,dual_cluster
18,1.0499999999999998,0.2,1.5,0.8664693508155991,dual_cluster
18,1.075,0.2,1.5,0.8732721941220313,dual_cluster
18,1.1,0.2,1.5,0.8796469008507458,dual_cluster
18,1.125,0.2,1.5,0.885607357289476,dual_cluster
18,1.15,0.2,1.5,0.8911730551172479,dual_cluster
18,1.1749999999999998,0.2,1.5,0.8963667635050271,dual_cluster
18,1.2,0.2,1.5,0.9012127722438192,dual_cluster
19,0.4,0.2,1.5,0.8357029504050425,dual_cluster
19,0.42500000000000004,0.2,1.5,0.8741153488628484,dual_cluster
19,0.45,0.2,1.5,0.7099434732232571,dual_cluster
19,0.47500000000000003,0.2,1.5,0.5976889083896102,dual_cluster
19,0.5,0.2,1.5,0.9276137687478694,dual_cluster
19,0.525,0.2,1.5,0.7084730597743705,dual_cluster
19,0.55,0.2,1.5,0.5789736873841304,dual_cluster
19,0.575,0.2,1.5,0.5798887455948428,dual_cluster
19,0.6,0.2,1.5,0.6867250600420924,dual_cluster
19,0.625,0.2,1.5,0.8722978027141244,dual_cluster
19,0.65,0.2,1.5,0.5732660017772832,dual_cluster
19,0.675,0.2,1.5,0.7989278867347318,dual_cluster
19,0.7,0.2,1.5,0.7255289761148045,dual_cluster
19,0.725,0.2,1.5,0.7488315151578017,dual_cluster
19,0.75,0.2,1.5,0.7757157386341146,dual_cluster
19,0.7749999999999999,0.2,1.5,0.7767827768378107,dual_cluster
19,0.8,0.2,1.5,0.7857647330320903,dual_cluster
19,0.825,0.2,1.5,0.7948004399540951,dual_cluster
19,0.85,0.2,1.5,0.8038536472824992,dual_cluster
19,0.875,0.2,1.5,0.8128723664884823,dual_cluster
19,0.8999999999999999,0.2,1.5,0.8217905008263438,dual_cluster
19,0.9249999999999999,0.2,1.5,0.830534815245812,dual_cluster
19,0.95,0.2,1.5,0.8390329812218147,dual_cluster
19,0.975,0.2,1.5,0.8472209738322967,dual_cluster
19,1.0,0.2,1.5,0.8550483181870769,dual_cluster
19,1.025,0.2,1.5,0.8624804982030034,dual_cluster
19,1.0499999999999998,0.2,1.5,0.8694987553121479,dual_cluster
19,1.075,0.2,1.5,0.8760980831928384,dual_cluster
19,1.1,0.2,1.5,0.8822843492187986,dual_cluster
19,1.125,0.2,1.5,0.8880712859993687,dual_cluster
19,1.15,0.2,1.5,0.8934778041677514,dual_cluster
19,1.1749999999999998,0.2,1.5,0.8985258210551444,dual_cluster
19,1.2,0.2,1.5,0.9032386303243983,dual_cluster
0,0.4,0.2,2.0,0.8427747746996388,dual_cluster
0,0.42500000000000004,0.2,2.0,0.5332228016282736,dual_cluster
0,0.45,0.2,2.0,0.7245459165363892,dual_cluster
0,0.47500000000000003,0.2,2.0,0.9017950559076174,dual_cluster
0,0.5,0.2,2.0,0.885778779495752,dual_cluster
0,0.525,0.2,2.0,0.5484642147958146,dual_cluster
0,0.55,0.2,2.0,0.7819249695153301,dual_cluster
0,0.575,0.2,2.0,0.5927536917853286,dual_cluster
0,0.6,0.2,2.0,0.9506384517373925,absorbed
0,0.625,0.2,2.0,0.9107713980477925,dual_cluster
0,0.65,0.2,2.0,0.9234096848352858,dual_cluster
0,0.675,0.2,2.0,0.9588758884453867,absorbed
0,0.7,0.2,2.0,0.6033396417190742,dual_cluster
0,0.725,0.2,2.0,0.6742844127236806,dual_cluster
0,0.75,0.2,2.0,0.7324233759289965,dual_cluster
0,0.7749999999999999,0.2,2.0,0.7731693968329437,dual_cluster
0,0.8,0.2,2.0,0.7817406696341259,dual_cluster
0,0.825,0.2,2.0,0.7904478808043106,dual_cluster
0,0.85,0.2,2.0,0.7991890342522194,dual_cluster
0,0.875,0.2,2.0,0.8079284931213407,dual_cluster
0,0.8999999999999999,0.2,2.0,0.8166152667630042,dual_cluster
0,0.9249999999999999,0.2,2.0,0.8251875666009165,dual_cluster
0,0.95,0.2,2.0,0.8335791423566828,dual_cluster
0,0.975,0.2,2.0,0.8417261126350832,dual_cluster
0,1.0,0.2,2.0,0.8495729202183576,dual_cluster
0,1.025,0.2,2.0,0.8570763434257977,dual_cluster
0,1.0499999999999998,0.2,2.0,0.8642071676281691,dual_cluster
0,1.075,0.2,2.0,0.8709497935616505,dual_cluster
0,1.1,0.2,2.0,0.8773004516647686,dual_cluster
0,1.125,0.2,2.0,0.8832647531595202,dual_cluster
0,1.15,0.2,2.0,0.8888551534812517,dual_cluster
0,1.1749999999999998,0.2,2.0,0.8940886793283032,dual_cluster
0,1.2,0.2,2.0,0.8989850748090716,dual_cluster
1,0.4,0.2,2.0,0.4557264182063882,dual_cluster
1,0.42500000000000004,0.2,2.0,0.8805425429119635,absorbed
1,0.45,0.2,2.0,0.7863259111899238,dual_cluster
1,0.47500000000000003,0.2,2.0,0.7290745944144079,dual_cluster
1,0.5,0.2,2.0,0.8009978574946003,dual_cluster
1,0.525,0.2,2.0,0.9385367532903827,absorbed
1,0.55,0.2,2.0,0.5788376838890881,dual_cluster
1,0.575,0.2,2.0,0.9513068077858277,absorbed
1,0.6,0.2,2.0,0.8612411930956099,dual_cluster
1,0.625,0.2,2.0,0.8219738179186085,dual_cluster
1,0.65,0.2,2.0,0.8604221334112424,dual_cluster
1,0.675,0.2,2.0,0.9333367955132421,dual_cluster
1,0.7,0.2,2.0,0.6596524916864914,dual_cluster
1,0.725,0.2,2.0,0.6698259124363279,dual_cluster
1,0.75,0.2,2.0,0.7359601423730244,dual_cluster
1,0.7749999999999999,0.2,2.0,0.7742101211063704,dual_cluster
1,0.8,0.2,2.0,0.7826566590488611,dual_cluster
1,0.825,0.2,2.0,0.791348813374792,dual_cluster
1,0.85,0.2,2.0,0.8000770280047814,dual_cluster
1,0.875,0.2,2.0,0.8088039521044179,dual_cluster
1,0.8999999999999999,0.2,2.0,0.8174770397289308,dual_cluster
1,0.9249999999999999,0.2,2.0,0.8260332792129269,dual_cluster
1,0.95,0.2,2.0,0.8344056717652025,dual_cluster
1,0.975,0.2,2.0,0.8425301144240532,dual_cluster
1,1.0,0.2,2.0,0.8503513008044967,dual_cluster
1,1.025,0.2,2.0,0.8578265973179122,dual_cluster
1,1.0499999999999998,0.2,2.0,0.8649275502354375,dual_cluster
1,1.075,0.2,2.0,0.8716393479899468,dual_cluster
1,1.1,0.2,2.0,0.8779589341871302,dual_cluster
1,1.125,0.2,2.0,0.8838925056677448,dual_cluster
1,1.15,0.2,2.0,0.8894529610802209,dual_cluster
1,1.1749999999999998,0.2,2.0,0.8946576370261798,dual_cluster
1,1.2,0.2,2.0,0.8995264749392046,dual_cluster
2,0.4,0.2,2.0,0.7079241797518198,takeover
2,0.42500000000000004,0.2,2.0,0.7592549761493804,dual_cluster
2,0.45,0.2,2.0,0.5338671703533757,dual_cluster
2,0.47500000000000003,0.2,2.0,0.6841308869151117,dual_cluster
2,0.5,0.2,2.0,0.8040611354285604,dual_cluster
2,0.525,0.2,2.0,0.8747507506483791,dual_cluster
2,0.55,0.2,2.0,0.8199736580814563,dual_cluster
2,0.575,0.2,2.0,0.8818896299170874,dual_cluster
2,0.6,0.2,2.0,0.867930293620491,dual_cluster
2,0.625,0.2,2.0,0.7157437503661327,dual_cluster
2,0.65,0.2,2.0,0.7647557291342838,dual_cluster
2,0.675,0.2,2.0,0.876710556901983,dual_cluster
2,0.7,0.2,2.0,0.735552597364019,dual_cluster
2,0.725,0.2,2.0,0.659852216798653,dual_cluster
2,0.75,0.2,2.0,0.7961072531433777,dual_cluster
2,0.7749999999999999,0.2,2.0,0.7688695482597144,dual_cluster
2,0.8,0.2,2.0,0.7783435416216689,dual_cluster
2,0.825,0.2,2.0,0.7879200464355556,dual_cluster
2,0.85,0.2,2.0,0.7975037986405479,dual_cluster
2,0.875,0.2,2.0,0.8070446336454498,dual_cluster
2,0.8999999999999999,0.2,2.0,0.816473796967224,dual_cluster
2,0.9249999999999999,0.2,2.0,0.8257122468616572,dual_cluster
2,0.95,0.2,2.0,0.8346804713372564,dual_cluster
2,0.975,0.2,2.0,0.8433076926911979,dual_cluster
2,1.0,0.2,2.0,0.8515384510208749,dual_cluster
2,1.025,0.2,2.0,0.8593356171660084,dual_cluster
2,1.0499999999999998,0.2,2.0,0.8666801228263997,dual_cluster
2,1.075,0.2,2.0,0.8735684716435074,dual_cluster
2,1.1,0.2,2.0,0.8800092390826945,dual_cluster
2,1.125,0.2,2.0,0.8860194941158537,dual_cluster
2,1.15,0.2,2.0,0.8916216787390856,dual_cluster
2,1.1749999999999998,0.2,2.0,0.8968411508907325,dual_cluster
2,1.2,0.2,2.0,0.9017043906664388,dual_cluster
3,0.4,0.2,2.0,0.5363895397544595,dual_cluster
3,0.42500000000000004,0.2,2.0,0.597326714017074,dual_cluster
3,0.45,0.2,2.0,0.49569889450195076,dual_cluster
3,0.47500000000000003,0.2,2.0,0.7324877275429328,dual_cluster
3,0.5,0.2,2.0,0.8220050606512174,dual_cluster
3,0.525,0.2,2.0,0.8428447654548612,dual_cluster
3,0.55,0.2,2.0,0.7292133554746462,dual_cluster
3,0.575,0.2,2.0,0.7412787004933905,dual_cluster
3,0.6,0.2,2.0,0.8623243137666358,dual_cluster
3,0.625,0.2,2.0,0.8456022610343686,dual_cluster
3,0.65,0.2,2.0,0.7442100926871855,dual_cluster
3,0.675,0.2,2.0,0.9371558022856605,absorbed
3,0.7,0.2,2.0,0.7902895251289501,dual_cluster
3,0.725,0.2,2.0,0.7160380476546374,dual_cluster
3,0.75,0.2,2.0,0.7685810042657824,dual_cluster
3,0.7749999999999999,0.2,2.0,0.7736716719627642,dual_cluster
3,0.8,0.2,2.0,0.7828754221258102,dual_cluster
3,0.825,0.2,2.0,0.7921109287563025,dual_cluster
3,0.85,0.2,2.0,0.8013545232319492,dual_cluster
3,0.875,0.2,2.0,0.8105565896438508,dual_cluster
3,0.8999999999999999,0.2,2.0,0.8196517184808778,dual_cluster
3,0.9249999999999999,0.2,2.0,0.8285660840390441,dual_cluster
3,0.95,0.2,2.0,0.8372260249223241,dual_cluster
3,0.975,0.2,2.0,0.8455660000516885,dual_cluster
3,1.0,0.2,2.0,0.8535342815771982,dual_cluster
3,1.025,0.2,2.0,0.8610956150418724,dual_cluster
3,1.0499999999999998,0.2,2.0,0.8682310750128687,dual_cluster
3,1.075,0.2,2.0,0.8749359817431805,dual_cluster
3,1.1,0.2,2.0,0.8812168831705104,dual_cluster
3,1.125,0.2,2.0,0.8870884020005382,dual_cluster
3,1.15,0.2,2.0,0.8925704291847268,dual_cluster
3,1.1749999999999998,0.2,2.0,0.8976858676223752,dual_cluster
3,1.2,0.2,2.0,0.9024589485015958,dual_cluster
4,0.4,0.2,2.0,0.8208021973230795,dual_cluster
4,0.42500000000000004,0.2,2.0,0.6102633403842115,dual_cluster
4,0.45,0.2,2.0,0.5388167495898815,dual_cluster
4,0.47500000000000003,0.2,2.0,0.5941273274416422,dual_cluster
4,0.5,0.2,2.0,0.7893333996788723,dual_cluster
4,0.525,0.2,2.0,0.8751324359799797,dual_cluster
4,0.55,0.2,2.0,0.7928845041698434,dual_cluster
4,0.575,0.2,2.0,0.6236854273072495,dual_cluster
4,0.6,0.2,2.0,0.5861399257275672,dual_cluster
4,0.625,0.2,2.0,0.6469048127875885,dual_cluster
4,0.65,0.2,2.0,0.7784403759092048,dual_cluster
4,0.675,0.2,2.0,0.924476328770188,dual_cluster
4,0.7,0.2,2.0,0.6217550740335808,dual_cluster
4,0.725,0.2,2.0,0.7393786059717953,dual_cluster
4,0.75,0.2,2.0,0.787879365502509,dual_cluster
4,0.7749999999999999,0.2,2.0,0.775972364916184,dual_cluster
4,0.8,0.2,2.0,0.7847054099097827,dual_cluster
4,0.825,0.2,2.0,0.7934803709065464,dual_cluster
4,0.85,0.2,2.0,0.8022904374381171,dual_cluster
4,0.875,0.2,2.0,0.8110917328946674,dual_cluster
4,0.8999999999999999,0.2,2.0,0.8198254643580335,dual_cluster
4,0.9249999999999999,0.2,2.0,0.8284236208760358,dual_cluster
4,0.95,0.2,2.0,0.8368161564352036,dual_cluster
4,0.975,0.2,2.0,0.8449381810541501,dual_cluster
4,1.0,0.2,2.0,0.8527356838045032,dual_cluster
4,1.025,0.2,2.0,0.8601688561676482,dual_cluster
4,1.0499999999999998,0.2,2.0,0.867212896996054,dual_cluster
4,1.075,0.2,2.0,0.8738568359973649,dual_cluster
4,1.1,0.2,2.0,0.8801011906486121,dual_cluster
4,1.125,0.2,2.0,0.8859552121184906,dual_cluster
4,1.15,0.2,2.0,0.8914342465903836,dual_cluster
4,1.1749999999999998,0.2,2.0,0.8965574909934982,dual_cluster
4,1.2,0.2,2.0,0.9013462347281086,dual_cluster
5,0.4,0.2,2.0,0.7575424667092236,dual_cluster
5,0.42500000000000004,0.2,2.0,0.8921884917125203,dual_cluster
5,0.45,0.2,2.0,0.564627219766997,dual_cluster
5,0.47500000000000003,0.2,2.0,0.8470636148176209,dual_cluster
5,0.5,0.2,2.0,0.613308379705008,dual_cluster
5,0.525,0.2,2.0,0.5482556957458163,dual_cluster
5,0.55,0.2,2.0,0.5697409995883098,dual_cluster
5,0.575,0.2,2.0,0.7265004083124313,dual_cluster
5,0.6,0.2,2.0,0.9506028951726726,dual_cluster
5,0.625,0.2,2.0,0.6856982885237696,dual_cluster
5,0.65,0.2,2.0,0.9235027542286899,dual_cluster
5,0.675,0.2,2.0,0.865980115133907,dual_cluster
5,0.7,0.2,2.0,0.7135124799412,dual_cluster
5,0.725,0.2,2.0,0.7940080367131583,dual_cluster
5,0.75,0.2,2.0,0.7726338356723259,dual_cluster
5,0.7749999999999999,0.2,2.0,0.7798656648346324,dual_cluster
5,0.8,0.2,2.0,0.7888972485606657,dual_cluster
5,0.825,0.2,2.0,0.797991709576043,dual_cluster
5,0.85,0.2,2.0,0.8071060972291592,dual_cluster
5,0.875,0.2,2.0,0.8161782780524345,dual_cluster
5,0.8999999999999999,0.2,2.0,0.8251330886910717,dual_cluster
5,0.9249999999999999,0.2,2.0,0.8338906679024797,dual_cluster
5,0.95,0.2,2.0,0.8423753556837851,dual_cluster
5,0.975,0.2,2.0,0.8505231517785021,dual_cluster
5,1.0,0.2,2.0,0.858286302794144,dual_cluster
5,1.025,0.2,2.0,0.8656346722571368,dual_cluster
5,1.0499999999999998,0.2,2.0,0.8725545039375676,dual_cluster
5,1.075,0.2,2.0,0.8790456314977823,dual_cluster
5,1.1,0.2,2.0,0.8851181368441727,dual_cluster
5,1.125,0.2,2.0,0.8907891534152259,dual_cluster
5,1.15,0.2,2.0,0.8960801744471791,dual_cluster
5,1.1749999999999998,0.2,2.0,0.9010149752662396,dual_cluster
5,1.2,0.2,2.0,0.9056181138027541,dual_cluster
6,0.4,0.2,2.0,0.6217399185014383,dual_cluster
6,0.42500000000000004,0.2,2.0,0.7080516010513378,dual_cluster
6,0.45,0.2,2.0,0.6429527351250939,dual_cluster
6,0.47500000000000003,0.2,2.0,0.9235745421218541,absorbed
6,0.5,0.2,2.0,0.8946235640028228,dual_cluster
6,0.525,0.2,2.0,0.930336986943052,dual_cluster
6,0.55,0.2,2.0,0.7726024380392481,dual_cluster
6,0.575,0.2,2.0,0.7127035791167778,dual_cluster
6,0.6,0.2,2.0,0.8395143571633183,dual_cluster
6,0.625,0.2,2.0,0.907650257664676,dual_cluster
6,0.65,0.2,2.0,0.8236263368736814,dual_cluster
6,0.675,0.2,2.0,0.7903077817762506,dual_cluster
6,0.7,0.2,2.0,0.7797725170824873,dual_cluster
6,0.725,0.2,2.0,0.7637986879901977,dual_cluster
6,0.75,0.2,2.0,0.7448180987187125,dual_cluster
6,0.7749999999999999,0.2,2.0,0.7748343756608569,dual_cluster
6,0.8,0.2,2.0,0.7837044032555699,dual_cluster
6,0.825,0.2,2.0,0.7921374905367674,dual_cluster
6,0.85,0.2,2.0,0.8006085771226221,dual_cluster
6,0.875,0.2,2.0,0.809085552045654,dual_cluster
6,0.8999999999999999,0.2,2.0,0.8175216583145315,dual_cluster
6,0.9249999999999999,0.2,2.0,0.8258598099333335,dual_cluster
6,0.95,0.2,2.0,0.8340381037960058,dual_cluster
6,0.975,0.2,2.0,0.841995905271497,dual_cluster
6,1.0,0.2,2.0,0.849679347498308,dual_cluster
6,1.025,0.2,2.0,0.8570452670175753,dual_cluster
6,1.0499999999999998,0.2,2.0,0.8640631236298681,dual_cluster
6,1.075,0.2,2.0,0.8707150342104439,dual_cluster
6,1.1,0.2,2.0,0.8769944376239719,dual_cluster
6,1.125,0.2,2.0,0.8829040204084239,dual_cluster
6,1.15,0.2,2.0,0.8884534395249549,dual_cluster
6,1.1749999999999998,0.2,2.0,0.8936571982495374,dual_cluster
6,1.2,0.2,2.0,0.8985328561122109,dual_cluster
7,0.4,0.2,2.0,0.7794175218259227,dual_cluster
7,0.42500000000000004,0.2,2.0,0.5806181875213824,dual_cluster
7,0.45,0.2,2.0,0.7759091823086319,dual_cluster
7,0.47500000000000003,0.2,2.0,0.8997791470296522,dual_cluster
7,0.5,0.2,2.0,0.8842763798143841,dual_cluster
7,0.525,0.2,2.0,0.9332417209172358,absorbed
7,0.55,0.2,2.0,0.5668326257971843,dual_cluster
7,0.575,0.2,2.0,0.8240347517812994,dual_cluster
7,0.6,0.2,2.0,0.5823576816176871,dual_cluster
7,0.625,0.2,2.0,0.6841762484449054,dual_cluster
7,0.65,0.2,2.0,0.8531158145817731,dual_cluster
7,0.675,0.2,2.0,0.5691387602195647,dual_cluster
7,0.7,0.2,2.0,0.6178984481497007,dual_cluster
7,0.725,0.2,2.0,0.6853796748955507,dual_cluster
7,0.75,0.2,2.0,0.7273234488524998,dual_cluster
7,0.7749999999999999,0.2,2.0,0.7701750395818593,dual_cluster
7,0.8,0.2,2.0,0.7795636626270782,dual_cluster
7,0.825,0.2,2.0,0.7882810492107332,dual_cluster
7,0.85,0.2,2.0,0.7970311858132093,dual_cluster
7,0.875,0.2,2.0,0.8057829723336696,dual_cluster
7,0.8999999999999999,0.2,2.0,0.8144892635526245,dual_cluster
7,0.9249999999999999,0.2,2.0,0.8230910619128835,dual_cluster
7,0.95,0.2,2.0,0.8315235397203815,dual_cluster
7,0.975,0.2,2.0,0.8397227950017445,dual_cluster
7,1.0,0.2,2.0,0.8476320093190413,dual_cluster
7,1.025,0.2,2.0,0.8552058631157072,dual_cluster
7,1.0499999999999998,0.2,2.0,0.8624126724643674,dual_cluster
7,1.075,0.2,2.0,0.8692343963151342,dual_cluster
7,1.1,0.2,2.0,0.8756651165330266,dual_cluster
7,1.125,0.2,2.0,0.881708716835303,dual_cluster
7,1.15,0.2,2.0,0.8873763684775197,dual_cluster
7,1.1749999999999998,0.2,2.0,0.8926842158118569,dual_cluster
7,1.2,0.2,2.0,0.897651452323582,dual_cluster
8,0.4,0.2,2.0,0.5237294613982586,dual_cluster
8,0.42500000000000004,0.2,2.0,0.4737111592600777,dual_cluster
8,0.45,0.2,2.0,0.5316968175207164,dual_cluster
8,0.47500000000000003,0.2,2.0,0.7352726108225015,dual_cluster
8,0.5,0.2,2.0,0.9055080980988964,dual_cluster
8,0.525,0.2,2.0,0.7330304516356945,dual_cluster
8,0.55,0.2,2.0,0.5594074090446365,dual_cluster
8,0.575,0.2,2.0,0.5495481720677966,dual_cluster
8,0.6,0.2,2.0,0.5949420427392558,dual_cluster
8,0.625,0.2,2.0,0.763335998536342,dual_cluster
8,0.65,0.2,2.0,0.9511214023645365,dual_cluster
8,0.675,0.2,2.0,0.6713125806678404,dual_cluster
8,0.7,0.2,2.0,0.8867275696768383,dual_cluster
8,0.725,0.2,2.0,0.6779978089419695,dual_cluster
8,0.75,0.2,2.0,0.7729412454614735,dual_cluster
8,0.7749999999999999,0.2,2.0,0.7739794573087894,dual_cluster
8,0.8,0.2,2.0,0.7830870906821097,dual_cluster
8,0.825,0.2,2.0,0.7922249023791603,dual_cluster
8,0.85,0.2,2.0,0.8013709348471578,dual_cluster
8,0.875,0.2,2.0,0.8104783042296043,dual_cluster
8,0.8999999999999999,0.2,2.0,0.8194846871136684,dual_cluster
8,0.9249999999999999,0.2,2.0,0.8283191525838163,dual_cluster
8,0.95,0.2,2.0,0.8369102388317725,dual_cluster
8,0.975,0.2,2.0,0.845193595248204,dual_cluster
8,1.0,0.2,2.0,0.8531176279038576,dual_cluster
8,1.025,0.2,2.0,0.8606463404988176,dual_cluster
8,1.0499999999999998,0.2,2.0,0.8677594885715102,dual_cluster
8,1.075,0.2,2.0,0.8744508000156165,dual_cluster
8,1.1,0.2,2.0,0.8807251964137167,dual_cluster
8,1.125,0.2,2.0,0.8865957934521441,dual_cluster
8,1.15,0.2,2.0,0.8920811716980651,dual_cluster
8,1.1749999999999998,0.2,2.0,0.8972031436413759,dual_cluster
8,1.2,0.2,2.0,0.9019850611760802,dual_cluster
9,0.4,0.2,2.0,0.8501416046133483,absorbed
9,0.42500000000000004,0.2,2.0,0.7983019623878276,dual_cluster
9,0.45,0.2,2.0,0.7637218342205048,dual_cluster
9,0.47500000000000003,0.2,2.0,0.8431728941555505,dual_cluster
9,0.5,0.2,2.0,0.9021352974378564,dual_cluster
9,0.525,0.2,2.0,0.6319163821768329,dual_cluster
9,0.55,0.2,2.0,0.8739479733364036,dual_cluster
9,0.575,0.2,2.0,0.9248127943445693,dual_cluster
9,0.6,0.2,2.0,0.9130980270352641,dual_cluster
9,0.625,0.2,2.0,0.9568468609710314,absorbed
9,0.65,0.2,2.0,0.5682444367664796,dual_cluster
9,0.675,0.2,2.0,0.7668202028848099,dual_cluster
9,0.7,0.2,2.0,0.9260208789375172,dual_cluster
9,0.725,0.2,2.0,0.678089520177574,dual_cluster
9,0.75,0.2,2.0,0.7753442641157977,dual_cluster
9,0.7749999999999999,0.2,2.0,0.7733341374540211,dual_cluster
9,0.8,0.2,2.0,0.7822027898741225,dual_cluster
9,0.825,0.2,2.0,0.7911561789556065,dual_cluster
9,0.85,0.2,2.0,0.8001375712882566,dual_cluster
9,0.875,0.2,2.0,0.8091042936902698,dual_cluster
9,0.8999999999999999,0.2,2.0,0.8179977168459232,dual_cluster
9,0.9249999999999999,0.2,2.0,0.8267491302903397,dual_cluster
9,0.95,0.2,2.0,0.8352872693789407,dual_cluster
9,0.975,0.2,2.0,0.8435459035388998,dual_cluster
9,1.0,0.2,2.0,0.8514699052180646,dual_cluster
9,1.025,0.2,2.0,0.8590187879023421,dual_cluster
9,1.0499999999999998,0.2,2.0,0.8661675745965485,dual_cluster
9,1.075,0.2,2.0,0.8729055674415631,dual_cluster
9,1.1,0.2,2.0,0.879233889218684,dual_cluster
9,1.125,0.2,2.0,0.8851626014594219,dual_cluster
9,1.15,0.2,2.0,0.8907079553742989,dual_cluster
9,1.1749999999999998,0.2,2.0,0.895890066104588,dual_cluster
9,1.2,0.2,2.0,0.9007311016521401,dual_cluster
10,0.4,0.2,2.0,0.85037371802204,absorbed
10,0.42500000000000004,0.2,2.0,0.7593261597697775,dual_cluster
10,0.45,0.2,2.0,0.6777911434322424,dual_cluster
10,0.47500000000000003,0.2,2.0,0.7288903747355538,dual_cluster
10,0.5,0.2,2.0,0.8893174464404384,dual_cluster
10,0.525,0.2,2.0,0.6137799107717885,dual_cluster
10,0.55,0.2,2.0,0.8685510957628041,dual_cluster
10,0.575,0.2,2.0,0.6932276914468496,dual_cluster
10,0.6,0.2,2.0,0.6371450977622433,dual_cluster
10,0.625,0.2,2.0,0.6911064152541267,dual_cluster
10,0.65,0.2,2.0,0.8177571949298265,dual_cluster
10,0.675,0.2,2.0,0.9525974826431127,dual_cluster
10,0.7,0.2,2.0,0.6426142933230776,dual_cluster
10,0.725,0.2,2.0,0.7806971914302636,dual_cluster
10,0.75,0.2,2.0,0.8102418903904985,dual_cluster
10,0.7749999999999999,0.2,2.0,0.7747534078735289,dual_cluster
10,0.8,0.2,2.0,0.7836711515981511,dual_cluster
10,0.825,0.2,2.0,0.7924253779570712,dual_cluster
10,0.85,0.2,2.0,0.8012218044158068,dual_cluster
10,0.875,0.2,2.0,0.8100179112051379,dual_cluster
10,0.8999999999999999,0.2,2.0,0.8187558806217343,dual_cluster
10,0.9249999999999999,0.2,2.0,0.8273679665441508,dual_cluster
10,0.95,0.2,2.0,0.8357835880592704,dual_cluster
10,0.975,0.2,2.0,0.8439366094418279,dual_cluster
10,1.0,0.2,2.0,0.8517712986158693,dual_cluster
10,1.025,0.2,2.0,0.859245945062726,dual_cluster
10,1.0499999999999998,0.2,2.0,0.8663339267340855,dual_cluster
10,1.075,0.2,2.0,0.8730227082361097,dual_cluster
10,1.1,0.2,2.0,0.8793115763912717,dual_cluster
10,1.125,0.2,2.0,0.8852088900270829,dual_cluster
10,1.15,0.2,2.0,0.8907294008865103,dual_cluster
10,1.1749999999999998,0.2,2.0,0.8958919507784222,dual_cluster
10,1.2,0.2,2.0,0.900717653560843,dual_cluster
11,0.4,0.2,2.0,0.5822177586428384,dual_cluster
11,0.42500000000000004,0.2,2.0,0.5107120482669827,dual_cluster
11,0.45,0.2,2.0,0.5630100051478751,dual_cluster
11,0.47500000000000003,0.2,2.0,0.7493608955191702,dual_cluster
11,0.5,0.2,2.0,0.9198280634081254,dual_cluster
11,0.525,0.2,2.0,0.7062592596966207,dual_cluster
11,0.55,0.2,2.0,0.5464305443585286,dual_cluster
11,0.575,0.2,2.0,0.6410734126737042,dual_cluster
11,0.6,0.2,2.0,0.5559610258372016,dual_cluster
11,0.625,0.2,2.0,0.6965211986682653,dual_cluster
11,0.65,0.2,2.0,0.9106883651875862,dual_cluster
11,0.675,0.2,2.0,0.6177633543462421,dual_cluster
11,0.7,0.2,2.0,0.858366097136592,dual_cluster
11,0.725,0.2,2.0,0.6704538438555095,dual_cluster
11,0.75,0.2,2.0,0.7731075846039355,dual_cluster
11,0.7749999999999999,0.2,2.0,0.7746818361404249,dual_cluster
11,0.8,0.2,2.0,0.783622277695531,dual_cluster
11,0.825,0.2,2.0,0.7926024298042934,dual_cluster
11,0.85,0.2,2.0,0.8016151893711383,dual_cluster
11,0.875,0.2,2.0,0.8106128455668318,dual_cluster
11,0.8999999999999999,0.2,2.0,0.819531975114108,dual_cluster
11,0.9249999999999999,0.2,2.0,0.8282999796374306,dual_cluster
11,0.95,0.2,2.0,0.8368430873920567,dual_cluster
11,0.975,0.2,2.0,0.8450941354216845,dual_cluster
11,1.0,0.2,2.0,0.8529984958479851,dual_cluster
11,1.025,0.2,2.0,0.8605172230458178,dual_cluster
11,1.0499999999999998,0.2,2.0,0.8676274447567096,dual_cluster
11,1.075,0.2,2.0,0.8743207100350507,dual_cluster
11,1.1,0.2,2.0,0.880600237613091,dual_cluster
11,1.125,0.2,2.0,0.8864778761580698,dual_cluster
11,1.15,0.2,2.0,0.891971302511572,dual_cluster
11,1.1749999999999998,0.2,2.0,0.8971017091422969,dual_cluster
11,1.2,0.2,2.0,0.9018920391736067,dual_cluster
12,0.4,0.2,2.0,0.8166207074897882,dual_cluster
12,0.42500000000000004,0.2,2.0,0.4795502687550145,dual_cluster
12,0.45,0.2,2.0,0.8625649325328021,dual_cluster
12,0.47500000000000003,0.2,2.0,0.6281030201396113,dual_cluster
12,0.5,0.2,2.0,0.5373791214798668,dual_cluster
12,0.525,0.2,2.0,0.572786044515842,dual_cluster
12,0.55,0.2,2.0,0.7561622994021315,dual_cluster
12,0.575,0.2,2.0,0.932633549792797,dual_cluster
12,0.6,0.2,2.0,0.785576169086845,dual_cluster
12,0.625,0.2,2.0,0.6376865161784482,dual_cluster
12,0.65,0.2,2.0,0.5868010175460815,dual_cluster
12,0.675,0.2,2.0,0.5935223027834455,dual_cluster
12,0.7,0.2,2.0,0.6387155648071892,dual_cluster
12,0.725,0.2,2.0,0.7726880911711236,dual_cluster
12,0.75,0.2,2.0,0.7684930945967757,dual_cluster
12,0.7749999999999999,0.2,2.0,0.7757544928353585,dual_cluster
12,0.8,0.2,2.0,0.7852564465712992,dual_cluster
12,0.825,0.2,2.0,0.7948179910209501,dual_cluster
12,0.85,0.2,2.0,0.8043936639577,dual_cluster
12,0.875,0.2,2.0,0.8139134191428886,dual_cluster
12,0.8999999999999999,0.2,2.0,0.8232922409225656,dual_cluster
12,0.9249999999999999,0.2,2.0,0.8324405850406892,dual_cluster
12,0.95,0.2,2.0,0.8412752444910594,dual_cluster
12,0.975,0.2,2.0,0.8497280061651559,dual_cluster
12,1.0,0.2,2.0,0.857750426533977,dual_cluster
12,1.025,0.2,2.0,0.8653145858649027,dual_cluster
12,1.0499999999999998,0.2,2.0,0.8724108601854256,dual_cluster
12,1.075,0.2,2.0,0.879044150150338,dual_cluster
12,1.1,0.2,2.0,0.8852297824794538,dual_cluster
12,1.125,0.2,2.0,0.8909898314315504,dual_cluster
12,1.15,0.2,2.0,0.8963501789838736,dual_cluster
12,1.1749999999999998,0.2,2.0,0.9013383516931407,dual_cluster
12,1.2,0.2,2.0,0.9059820328003846,dual_cluster
13,0.4,0.2,2.0,0.8495509230090552,dual_cluster
13,0.42500000000000004,0.2,2.0,0.6180737693503764,dual_cluster
13,0.45,0.2,2.0,0.8279511713887443,dual_cluster
13,0.47500000000000003,0.2,2.0,0.6070828924962419,dual_cluster
13,0.5,0.2,2.0,0.5473899191159065,dual_cluster
13,0.525,0.2,2.0,0.6013037471372994,dual_cluster
13,0.55,0.2,2.0,0.8017709694558673,dual_cluster
13,0.575,0.2,2.0,0.8181037828545651,dual_cluster
13,0.6,0.2,2.0,0.8535891924986821,dual_cluster
13,0.625,0.2,2.0,0.7171154029058525,dual_cluster
13,0.65,0.2,2.0,0.655628361898026,dual_cluster
13,0.675,0.2,2.0,0.6402086906356276,dual_cluster
13,0.7,0.2,2.0,0.6488440409618293,dual_cluster
13,0.725,0.2,2.0,0.7570527968723955,dual_cluster
13,0.75,0.2,2.0,0.7717190520896259,dual_cluster
13,0.7749999999999999,0.2,2.0,0.780227187592687,dual_cluster
13,0.8,0.2,2.0,0.7894435254067775,dual_cluster
13,0.825,0.2,2.0,0.7987395178034732,dual_cluster
13,0.85,0.2,2.0,0.8080629423704255,dual_cluster
13,0.875,0.2,2.0,0.8173402438369906,dual_cluster
13,0.8999999999999999,0.2,2.0,0.8264849335119857,dual_cluster
13,0.9249999999999999,0.2,2.0,0.8354077160850049,dual_cluster
13,0.95,0.2,2.0,0.8440267493231808,dual_cluster
13,0.975,0.2,2.0,0.8522755825492363,dual_cluster
13,1.0,0.2,2.0,0.8601073273114757,dual_cluster
13,1.025,0.2,2.0,0.8674950564768596,dual_cluster
13,1.0499999999999998,0.2,2.0,0.874429476187354,dual_cluster
13,1.075,0.2,2.0,0.8809152301738533,dual_cluster
13,1.1,0.2,2.0,0.886966956327489,dual_cluster
13,1.125,0.2,2.0,0.892605772648364,dual_cluster
13,1.15,0.2,2.0,0.8978564749305792,dual_cluster
13,1.1749999999999998,0.2,2.0,0.9027454732257717,dual_cluster
13,1.2,0.2,2.0,0.9072993683578046,dual_cluster
14,0.4,0.2,2.0,0.832837901772472,dual_cluster
14,0.42500000000000004,0.2,2.0,0.5009524685404967,dual_cluster
14,0.45,0.2,2.0,0.8194569379852064,dual_cluster
14,0.47500000000000003,0.2,2.0,0.8985735392404609,dual_cluster
14,0.5,0.2,2.0,0.9095568141030418,dual_cluster
14,0.525,0.2,2.0,0.880543161454604,dual_cluster
14,0.55,0.2,2.0,0.5856888537980892,dual_cluster
14,0.575,0.2,2.0,0.9324961909851424,dual_cluster
14,0.6,0.2,2.0,0.7496436537549169,dual_cluster
14,0.625,0.2,2.0,0.6468720580579832,dual_cluster
14,0.65,0.2,2.0,0.6390970861557382,dual_cluster
14,0.675,0.2,2.0,0.6895400061724426,dual_cluster
14,0.7,0.2,2.0,0.7556949999999998,dual_cluster
14,0.725,0.2,2.0,0.8018585714147255,dual_cluster
14,0.75,0.2,2.0,0.8018506449917947,dual_cluster
14,0.7749999999999999,0.2,2.0,0.7712581682861774,dual_cluster
14,0.8,0.2,2.0,0.7791168049743445,dual_cluster
14,0.825,0.2,2.0,0.7879745181536246,dual_cluster
14,0.85,0.2,2.0,0.7968451264378157,dual_cluster
14,0.875,0.2,2.0,0.8056982860014745,dual_cluster
14,0.8999999999999999,0.2,2.0,0.8144874414669838,dual_cluster
14,0.9249999999999999,0.2,2.0,0.823154465920535,dual_cluster
14,0.95,0.2,2.0,0.8316358701385073,dual_cluster
14,0.975,0.2,2.0,0.8398695847900695,dual_cluster
14,1.0,0.2,2.0,0.8478009934079025,dual_cluster
14,1.025,0.2,2.0,0.8553871326291139,dual_cluster
14,1.0499999999999998,0.2,2.0,0.8625986045486046,dual_cluster
14,1.075,0.2,2.0,0.8694194125375067,dual_cluster
14,1.1,0.2,2.0,0.8758453477987599,dual_cluster
14,1.125,0.2,2.0,0.8818816458223923,dual_cluster
14,1.15,0.2,2.0,0.8875404980539915,dual_cluster
14,1.1749999999999998,0.2,2.0,0.8928387880903749,dual_cluster
14,1.2,0.2,2.0,0.8977962251661513,dual_cluster
15,0.4,0.2,2.0,0.467357532892782,dual_cluster
15,0.42500000000000004,0.2,2.0,0.8740155478832929,absorbed
15,0.45,0.2,2.0,0.8401607187570571,dual_cluster
15,0.47500000000000003,0.2,2.0,0.8075230247965179,dual_cluster
15,0.5,0.2,2.0,0.8834317243668179,dual_cluster
15,0.525,0.2,2.0,0.8506337770533459,dual_cluster
15,0.55,0.2,2.0,0.6976738622637932,dual_cluster
15,0.575,0.2,2.0,0.7231806553375116,dual_cluster
15,0.6,0.2,2.0,0.9492755923503343,dual_cluster
15,0.625,0.2,2.0,0.93000722206841,dual_cluster
15,0.65,0.2,2.0,0.9538572961807221,dual_cluster
15,0.675,0.2,2.0,0.6190354619827458,dual_cluster
15,0.7,0.2,2.0,0.6446489789872658,dual_cluster
15,0.725,0.2,2.0,0.7295215240148283,dual_cluster
15,0.75,0.2,2.0,0.7690924075906642,dual_cluster
15,0.7749999999999999,0.2,2.0,0.7741246748778289,dual_cluster
15,0.8,0.2,2.0,0.7825151036125554,dual_cluster
15,0.825,0.2,2.0,0.7912495374551676,dual_cluster
15,0.85,0.2,2.0,0.8000127497465597,dual_cluster
15,0.875,0.2,2.0,0.8087676025481362,dual_cluster
15,0.8999999999999999,0.2,2.0,0.8174618940466093,dual_cluster
15,0.9249999999999999,0.2,2.0,0.8260331848224921,dual_cluster
15,0.95,0.2,2.0,0.8344152681560056,dual_cluster
15,0.975,0.2,2.0,0.8425449874795256,dual_cluster
15,1.0,0.2,2.0,0.8503680365502505,dual_cluster
15,1.025,0.2,2.0,0.8578427334728176,dual_cluster
15,1.0499999999999998,0.2,2.0,0.8649414517028846,dual_cluster
15,1.075,0.2,2.0,0.871650044050055,dual_cluster
15,1.1,0.2,2.0,0.8779659514427496,dual_cluster
15,1.125,0.2,2.0,0.883895719187302,dual_cluster
15,1.15,0.2,2.0,0.8894524739919317,dual_cluster
15,1.1749999999999998,0.2,2.0,0.8946536899352185,dual_cluster
15,1.2,0.2,2.0,0.8995193816500602,dual_cluster
16,0.4,0.2,2.0,0.5070938983431317,dual_cluster
16,0.42500000000000004,0.2,2.0,0.7202521887974397,dual_cluster
16,0.45,0.2,2.0,0.901546962127384,dual_cluster
16,0.47500000000000003,0.2,2.0,0.6815372131142531,dual_cluster
16,0.5,0.2,2.0,0.5498454478369481,dual_cluster
16,0.525,0.2,2.0,0.7033063071706575,dual_cluster
16,0.55,0.2,2.0,0.5584262182325596,dual_cluster
16,0.575,0.2,2.0,0.7019758861491809,dual_cluster
16,0.6,0.2,2.0,0.9572229735836202,absorbed
16,0.625,0.2,2.0,0.7549236337208834,dual_cluster
16,0.65,0.2,2.0,0.6036921762803995,dual_cluster
16,0.675,0.2,2.0,0.7712904926884406,fragmented
16,0.7,0.2,2.0,0.9053915012236392,dual_cluster
16,0.725,0.2,2.0,0.8020845136092528,dual_cluster
16,0.75,0.2,2.0,0.762777459362266,dual_cluster
16,0.7749999999999999,0.2,2.0,0.7777145480638876,dual_cluster
16,0.8,0.2,2.0,0.7868433556050243,dual_cluster
16,0.825,0.2,2.0,0.796048312780544,dual_cluster
16,0.85,0.2,2.0,0.8052901942213359,dual_cluster
16,0.875,0.2,2.0,0.8145041708786608,dual_cluster
16,0.8999999999999999,0.2,2.0,0.8236106336436055,dual_cluster
16,0.9249999999999999,0.2,2.0,0.8325241640066425,dual_cluster
16,0.95,0.2,2.0,0.8411633491349069,dual_cluster
16,0.975,0.2,2.0,0.8494591308622523,dual_cluster
16,1.0,0.2,2.0,0.857359985316075,dual_cluster
16,1.025,0.2,2.0,0.8648334851020234,dual_cluster
16,1.0499999999999998,0.2,2.0,0.8718649255546966,dual_cluster
16,1.075,0.2,2.0,0.8784542205659861,dual_cluster
16,1.1,0.2,2.0,0.8846122104806303,dual_cluster
16,1.125,0.2,2.0,0.8903571630717835,dual_cluster
16,1.15,0.2,2.0,0.8957118589754214,dual_cluster
16,1.1749999999999998,0.2,2.0,0.9007013686149233,dual_cluster
16,1.2,0.2,2.0,0.905351468613613,dual_cluster
17,0.4,0.2,2.0,0.4927471161454059,dual_cluster
17,0.42500000000000004,0.2,2.0,0.7689926406597155,dual_cluster
17,0.45,0.2,2.0,0.8112889528631477,dual_cluster
17,0.47500000000000003,0.2,2.0,0.5679868396459012,dual_cluster
17,0.5,0.2,2.0,0.686189291121532,dual_cluster
17,0.525,0.2,2.0,0.9089225972208511,dual_cluster
17,0.55,0.2,2.0,0.8247415534920315,dual_cluster
17,0.575,0.2,2.0,0.7228784245935651,dual_cluster
17,0.6,0.2,2.0,0.740327151354869,dual_cluster
17,0.625,0.2,2.0,0.8532494326185355,dual_cluster
17,0.65,0.2,2.0,0.9541053651136946,absorbed
17,0.675,0.2,2.0,0.6868512026264344,dual_cluster
17,0.7,0.2,2.0,0.8882631371321275,dual_cluster
17,0.725,0.2,2.0,0.6675067000239,dual_cluster
17,0.75,0.2,2.0,0.76590674324921,dual_cluster
17,0.7749999999999999,0.2,2.0,0.7738779061944203,dual_cluster
17,0.8,0.2,2.0,0.7827875223095716,dual_cluster
17,0.825,0.2,2.0,0.7917740792694966,dual_cluster
17,0.85,0.2,2.0,0.800784866373203,dual_cluster
17,0.875,0.2,2.0,0.8097756299816221,dual_cluster
17,0.8999999999999999,0.2,2.0,0.8186863214683429,dual_cluster
17,0.9249999999999999,0.2,2.0,0.8274472992887297,dual_cluster
17,0.95,0.2,2.0,0.8359870320325266,dual_cluster
17,0.975,0.2,2.0,0.8442397071809077,dual_cluster
17,1.0,0.2,2.0,0.8521511674340613,dual_cluster
17,1.025,0.2,2.0,0.85968222555101,dual_cluster
17,1.0499999999999998,0.2,2.0,0.866809301060403,dual_cluster
17,1.075,0.2,2.0,0.8735230095811701,dual_cluster
17,1.1,0.2,2.0,0.8798255977079878,dual_cluster
17,1.125,0.2,2.0,0.8857280206167314,dual_cluster
17,1.15,0.2,2.0,0.891247197836274,dual_cluster
17,1.1749999999999998,0.2,2.0,0.8964037165930007,dual_cluster
17,1.2,0.2,2.0,0.901220058518614,dual_cluster
18,0.4,0.2,2.0,0.4299163983560824,dual_cluster
18,0.42500000000000004,0.2,2.0,0.5019458922726574,dual_cluster
18,0.45,0.2,2.0,0.4919562215126374,dual_cluster
18,0.47500000000000003,0.2,2.0,0.6418945139357953,dual_cluster
18,0.5,0.2,2.0,0.9143944757944458,absorbed
18,0.525,0.2,2.0,0.6499039794421728,dual_cluster
18,0.55,0.2,2.0,0.5450555389999897,dual_cluster
18,0.575,0.2,2.0,0.5998368937730162,dual_cluster
18,0.6,0.2,2.0,0.5680922217810516,dual_cluster
18,0.625,0.2,2.0,0.7655422734080859,dual_cluster
18,0.65,0.2,2.0,0.9541551437342752,absorbed
18,0.675,0.2,2.0,0.7443884554238944,dual_cluster
18,0.7,0.2,2.0,0.746610419193214,dual_cluster
18,0.725,0.2,2.0,0.7851531931676566,dual_cluster
18,0.75,0.2,2.0,0.758018713258588,dual_cluster
18,0.7749999999999999,0.2,2.0,0.7707042054026886,dual_cluster
18,0.8,0.2,2.0,0.7798294832457193,dual_cluster
18,0.825,0.2,2.0,0.7891399755224209,dual_cluster
18,0.85,0.2,2.0,0.7984636625938621,dual_cluster
18,0.875,0.2,2.0,0.8077547024780161,dual_cluster
18,0.8999999999999999,0.2,2.0,0.8169498362435647,dual_cluster
18,0.9249999999999999,0.2,2.0,0.8259755020884899,dual_cluster
18,0.95,0.2,2.0,0.8347565155506314,dual_cluster
18,0.975,0.2,2.0,0.8432244974837187,dual_cluster
18,1.0,0.2,2.0,0.8513242483294206,dual_cluster
18,1.025,0.2,2.0,0.8590170688032447,dual_cluster
18,1.0499999999999998,0.2,2.0,0.8662810852911108,dual_cluster
18,1.075,0.2,2.0,0.8731093935560373,dual_cluster
18,1.1,0.2,2.0,0.8795070669752459,dual_cluster
18,1.125,0.2,2.0,0.8854879081024664,dual_cluster
18,1.15,0.2,2.0,0.8910714970661227,dual_cluster
18,1.1749999999999998,0.2,2.0,0.8962807882151268,dual_cluster
18,1.2,0.2,2.0,0.901140301027582,dual_cluster
19,0.4,0.2,2.0,0.8412534212429532,dual_cluster
19,0.42500000000000004,0.2,2.0,0.8738112443609501,dual_cluster
19,0.45,0.2,2.0,0.6833027161715943,dual_cluster
19,0.47500000000000003,0.2,2.0,0.6201656303453958,dual_cluster
19,0.5,0.2,2.0,0.9337628040409837,absorbed
19,0.525,0.2,2.0,0.7574585099383306,dual_cluster
19,0.55,0.2,2.0,0.6397683807967788,dual_cluster
19,0.575,0.2,2.0,0.6575468137522658,dual_cluster
19,0.6,0.2,2.0,0.789803457631591,dual_cluster
19,0.625,0.2,2.0,0.9596997352473543,absorbed
19,0.65,0.2,2.0,0.6815282684969124,dual_cluster
19,0.675,0.2,2.0,0.948239536020051,dual_cluster
19,0.7,0.2,2.0,0.74496074280673,dual_cluster
19,0.725,0.2,2.0,0.8289318066656322,dual_cluster
19,0.75,0.2,2.0,0.7629977099395902,dual_cluster
19,0.7749999999999999,0.2,2.0,0.776478283177268,dual_cluster
19,0.8,0.2,2.0,0.7854249972332071,dual_cluster
19,0.825,0.2,2.0,0.794435331575917,dual_cluster
19,0.85,0.2,2.0,0.8034764176398587,dual_cluster
19,0.875,0.2,2.0,0.8124955922273016,dual_cluster
19,0.8999999999999999,0.2,2.0,0.8214251947070041,dual_cluster
19,0.9249999999999999,0.2,2.0,0.8301897397013382,dual_cluster
19,0.95,0.2,2.0,0.8387142909839044,dual_cluster
19,0.975,0.2,2.0,0.8469322331027401,dual_cluster
19,1.0,0.2,2.0,0.854790830355205,dual_cluster
19,1.025,0.2,2.0,0.8622538162140174,dual_cluster
19,1.0499999999999998,0.2,2.0,0.8693012331636413,dual_cluster
19,1.075,0.2,2.0,0.8759273675983298,dual_cluster
19,1.1,0.2,2.0,0.8821377626172121,dual_cluster
19,1.125,0.2,2.0,0.8879460937909409,dual_cluster
19,1.15,0.2,2.0,0.8933713824892114,dual_cluster
19,1.1749999999999998,0.2,2.0,0.8984357495468327,dual_cluster
19,1.2,0.2,2.0,0.9031627334596923,dual_cluster
0,0.4,0.2,3.0,0.8382540328356181,dual_cluster
0,0.42500000000000004,0.2,3.0,0.5192016631149841,dual_cluster
0,0.45,0.2,3.0,0.7436889115615695,dual_cluster
0,0.47500000000000003,0.2,3.0,0.9036744565091918,dual_cluster
0,0.5,0.2,3.0,0.8787135646809041,dual_cluster
0,0.525,0.2,3.0,0.5387527893051708,dual_cluster
0,0.55,0.2,3.0,0.8068115674290947,dual_cluster
0,0.575,0.2,3.0,0.5502658133419814,dual_cluster
0,0.6,0.2,3.0,0.9469131489092804,absorbed
0,0.625,0.2,3.0,0.953721313009729,absorbed
0,0.65,0.2,3.0,0.9603091396119747,absorbed
0,0.675,0.2,3.0,0.568076035436855,dual_cluster
0,0.7,0.2,3.0,0.6896449083506768,dual_cluster
0,0.725,0.2,3.0,0.7938585175163638,dual_cluster
0,0.75,0.2,3.0,0.824616230650378,dual_cluster
0,0.7749999999999999,0.2,3.0,0.772852210115331,dual_cluster
0,0.8,0.2,3.0,0.7813271392134357,dual_cluster
0,0.825,0.2,3.0,0.7900081626459792,dual_cluster
0,0.85,0.2,3.0,0.798736080660938,dual_cluster
0,0.875,0.2,3.0,0.807474368027716,dual_cluster
0,0.8999999999999999,0.2,3.0,0.8161708606056851,dual_cluster
0,0.9249999999999999,0.2,3.0,0.8247620463772868,dual_cluster
0,0.95,0.2,3.0,0.8331795419008284,dual_cluster
0,0.975,0.2,3.0,0.8413571607911038,dual_cluster
0,1.0,0.2,3.0,0.8492371359951998,dual_cluster
0,1.025,0.2,3.0,0.856774349935439,dual_cluster
0,1.0499999999999998,0.2,3.0,0.8639381286224078,dual_cluster
0,1.075,0.2,3.0,0.870711872149831,dual_cluster
0,1.1,0.2,3.0,0.8770912182097086,dual_cluster
0,1.125,0.2,3.0,0.8830815062784299,dual_cluster
0,1.15,0.2,3.0,0.88869514821658,dual_cluster
0,1.1749999999999998,0.2,3.0,0.8939492741953268,dual_cluster
0,1.2,0.2,3.0,0.898863816177023,dual_cluster
1,0.4,0.2,3.0,0.45827230463427954,dual_cluster
1,0.42500000000000004,0.2,3.0,0.878634341023937,absorbed
1,0.45,0.2,3.0,0.8090670627202015,dual_cluster
1,0.47500000000000003,0.2,3.0,0.7619339690822955,dual_cluster
1,0.5,0.2,3.0,0.838953204775858,dual_cluster
1,0.525,0.2,3.0,0.9292445877615874,dual_cluster
1,0.55,0.2,3.0,0.6375087225501452,dual_cluster
1,0.575,0.2,3.0,0.8895041059357646,dual_cluster
1,0.6,0.2,3.0,0.9312209846565737,dual_cluster
1,0.625,0.2,3.0,0.9166192140678996,dual_cluster
1,0.65,0.2,3.0,0.9569308555409922,absorbed
1,0.675,0.2,3.0,0.5661302282015254,dual_cluster
1,0.7,0.2,3.0,0.6972549074017627,dual_cluster
1,0.725,0.2,3.0,0.8117656014336246,dual_cluster
1,0.75,0.2,3.0,0.8286184221615843,dual_cluster
1,0.7749999999999999,0.2,3.0,0.7729651732540146,dual_cluster
1,0.8,0.2,3.0,0.7822380254523632,dual_cluster
1,0.825,0.2,3.0,0.7909060549886406,dual_cluster
1,0.85,0.2,3.0,0.7996230328533807,dual_cluster
1,0.875,0.2,3.0,0.8083506028892125,dual_cluster
1,0.8999999999999999,0.2,3.0,0.8170349774098625,dual_cluster
1,0.9249999999999999,0.2,3.0,0.8256113684826261,dual_cluster
1,0.95,0.2,3.0,0.8340106169353241,dual_cluster
1,0.975,0.2,3.0,0.8421663182551321,dual_cluster
1,1.0,0.2,3.0,0.8500209878288468,dual_cluster
1,1.025,0.2,3.0,0.8575301470806763,dual_cluster
1,1.0499999999999998,0.2,3.0,0.8646639417901424,dual_cluster
1,1.075,0.2,3.0,0.8714066167145018,dual_cluster
1,1.1,0.2,3.0,0.8777545715232813,dual_cluster
1,1.125,0.2,3.0,0.8837137694202921,dual_cluster
1,1.15,0.2,3.0,0.8892970930144778,dual_cluster
1,1.1749999999999998,0.2,3.0,0.8945220008956015,dual_cluster
1,1.2,0.2,3.0,0.8994086338668192,dual_cluster
2,0.4,0.2,3.0,0.7004906657688974,takeover
2,0.42500000000000004,0.2,3.0,0.7454401037856638,dual_cluster
2,0.45,0.2,3.0,0.5157817259279839,dual_cluster
2,0.47500000000000003,0.2,3.0,0.7008910346614772,dual_cluster
2,0.5,0.2,3.0,0.7594118581062697,dual_cluster
2,0.525,0.2,3.0,0.8929275307418836,dual_cluster
2,0.55,0.2,3.0,0.8498745572632508,dual_cluster
2,0.575,0.2,3.0,0.9133142826177979,dual_cluster
2,0.6,0.2,3.0,0.654868502677577,dual_cluster
2,0.625,0.2,3.0,0.7816597569538024,dual_cluster
2,0.65,0.2,3.0,0.5614125826983286,dual_cluster
2,0.675,0.2,3.0,0.9476524658867745,dual_cluster
2,0.7,0.2,3.0,0.8502180845793295,dual_cluster
2,0.725,0.2,3.0,0.7386518487085684,dual_cluster
2,0.75,0.2,3.0,0.7256385487197025,dual_cluster
2,0.7749999999999999,0.2,3.0,0.7685391809222198,dual_cluster
2,0.8,0.2,3.0,0.777944697567278,dual_cluster
2,0.825,0.2,3.0,0.7875013890021657,dual_cluster
2,0.85,0.2,3.0,0.7970779432139634,dual_cluster
2,0.875,0.2,3.0,0.8066234862643274,dual_cluster
2,0.8999999999999999,0.2,3.0,0.8160677675241954,dual_cluster
2,0.9249999999999999,0.2,3.0,0.8253296157879024,dual_cluster
2,0.95,0.2,3.0,0.8343270168298548,dual_cluster
2,0.975,0.2,3.0,0.8429866693809765,dual_cluster
2,1.0,0.2,3.0,0.8512508893904618,dual_cluster
2,1.025,0.2,3.0,0.8590808211674237,dual_cluster
2,1.0499999999999998,0.2,3.0,0.8664562209606089,dual_cluster
2,1.075,0.2,3.0,0.8733729120686252,dual_cluster
2,1.1,0.2,3.0,0.879839174579468,dual_cluster
2,1.125,0.2,3.0,0.8858720483150438,dual_cluster
2,1.15,0.2,3.0,0.8914941106327982,dual_cluster
2,1.1749999999999998,0.2,3.0,0.896730943342428,dual_cluster
2,1.2,0.2,3.0,0.9016092874877021,dual_cluster
3,0.4,0.2,3.0,0.5133555825835163,dual_cluster
3,0.42500000000000004,0.2,3.0,0.5558355420940951,dual_cluster
3,0.45,0.2,3.0,0.5021113443154602,dual_cluster
3,0.47500000000000003,0.2,3.0,0.7718962422327035,dual_cluster
3,0.5,0.2,3.0,0.698248937584887,dual_cluster
3,0.525,0.2,3.0,0.8937553435338147,dual_cluster
3,0.55,0.2,3.0,0.8079593207176473,dual_cluster
3,0.575,0.2,3.0,0.8388157247183098,dual_cluster
3,0.6,0.2,3.0,0.9487691367216163,absorbed
3,0.625,0.2,3.0,0.5936777499829616,dual_cluster
3,0.65,0.2,3.0,0.9081098774102824,dual_cluster
3,0.675,0.2,3.0,0.6973091394485679,dual_cluster
3,0.7,0.2,3.0,0.7741300883352445,dual_cluster
3,0.725,0.2,3.0,0.8156740319714029,dual_cluster
3,0.75,0.2,3.0,0.7388569766512434,dual_cluster
3,0.7749999999999999,0.2,3.0,0.773136788677676,dual_cluster
3,0.8,0.2,3.0,0.7822396735116208,dual_cluster
3,0.825,0.2,3.0,0.7914496070105412,dual_cluster
3,0.85,0.2,3.0,0.8006866009743122,dual_cluster
3,0.875,0.2,3.0,0.8098996041888118,dual_cluster
3,0.8999999999999999,0.2,3.0,0.8190207612661702,dual_cluster
3,0.9249999999999999,0.2,3.0,0.8279729798772556,dual_cluster
3,0.95,0.2,3.0,0.8366788903909687,dual_cluster
3,0.975,0.2,3.0,0.8450692832599016,dual_cluster
3,1.0,0.2,3.0,0.8530892284833168,dual_cluster
3,1.025,0.2,3.0,0.8607009936524133,dual_cluster
3,1.0499999999999998,0.2,3.0,0.8678839641269556,dual_cluster
3,1.075,0.2,3.0,0.8746324784076069,dual_cluster
3,1.1,0.2,3.0,0.8809526557297467,dual_cluster
3,1.125,0.2,3.0,0.8868590762566713,dual_cluster
3,1.15,0.2,3.0,0.8923718301562961,dual_cluster
3,1.1749999999999998,0.2,3.0,0.8975141519998787,dual_cluster
3,1.2,0.2,3.0,0.9023106620352043,dual_cluster
4,0.4,0.2,3.0,0.8342353094792334,dual_cluster
4,0.42500000000000004,0.2,3.0,0.6417615734093447,dual_cluster
4,0.45,0.2,3.0,0.5732496006323946,dual_cluster
4,0.47500000000000003,0.2,3.0,0.6476395914035138,dual_cluster
4,0.5,0.2,3.0,0.8492448825393206,dual_cluster
4,0.525,0.2,3.0,0.6689684241018715,dual_cluster
4,0.55,0.2,3.0,0.8784788829528092,dual_cluster
4,0.575,0.2,3.0,0.7399209929227865,dual_cluster
4,0.6,0.2,3.0,0.719481341549339,dual_cluster
4,0.625,0.2,3.0,0.8049708027106843,dual_cluster
4,0.65,0.2,3.0,0.9449081830816598,dual_cluster
4,0.675,0.2,3.0,0.6092170223157619,dual_cluster
4,0.7,0.2,3.0,0.8178113419684384,dual_cluster
4,0.725,0.2,3.0,0.8188346155430014,dual_cluster
4,0.75,0.2,3.0,0.7366164808796934,dual_cluster
4,0.7749999999999999,0.2,3.0,0.7757601654842751,dual_cluster
4,0.8,0.2,3.0,0.7841612935953667,dual_cluster
4,0.825,0.2,3.0,0.792913000802001,dual_cluster
4,0.85,0.2,3.0,0.801715526059364,dual_cluster
4,0.875,0.2,3.0,0.8105238207270988,dual_cluster
4,0.8999999999999999,0.2,3.0,0.8192772543295084,dual_cluster
4,0.9249999999999999,0.2,3.0,0.8279053356378505,dual_cluster
4,0.95,0.2,3.0,0.8363351371459297,dual_cluster
4,0.975,0.2,3.0,0.8444988267765922,dual_cluster
4,1.0,0.2,3.0,0.8523397252833571,dual_cluster
4,1.025,0.2,3.0,0.8598158640187449,dual_cluster
4,1.0499999999999998,0.2,3.0,0.8669008852167093,dual_cluster
4,1.075,0.2,3.0,0.873582839487695,dual_cluster
4,1.1,0.2,3.0,0.8798617430827612,dual_cluster
4,1.125,0.2,3.0,0.8857466985947341,dual_cluster
4,1.15,0.2,3.0,0.891253138297672,dual_cluster
4,1.1749999999999998,0.2,3.0,0.8964004847270655,dual_cluster
4,1.2,0.2,3.0,0.9012103233883813,dual_cluster
5,0.4,0.2,3.0,0.7375637882717337,dual_cluster
5,0.42500000000000004,0.2,3.0,0.8880256994114305,dual_cluster
5,0.45,0.2,3.0,0.5723171377504053,dual_cluster
5,0.47500000000000003,0.2,3.0,0.8523159899729726,dual_cluster
5,0.5,0.2,3.0,0.6307724327768984,dual_cluster
5,0.525,0.2,3.0,0.559210093286645,dual_cluster
5,0.55,0.2,3.0,0.6110743955838921,dual_cluster
5,0.575,0.2,3.0,0.7971393438384158,dual_cluster
5,0.6,0.2,3.0,0.8977750957786563,dual_cluster
5,0.625,0.2,3.0,0.8124403231700311,dual_cluster
5,0.65,0.2,3.0,0.6433053339421848,dual_cluster
5,0.675,0.2,3.0,0.5835160285311076,dual_cluster
5,0.7,0.2,3.0,0.9065242480938251,dual_cluster
5,0.725,0.2,3.0,0.7961635412078989,dual_cluster
5,0.75,0.2,3.0,0.7650272264629113,dual_cluster
5,0.7749999999999999,0.2,3.0,0.7792021267000785,dual_cluster
5,0.8,0.2,3.0,0.7881937222334635,dual_cluster
5,0.825,0.2,3.0,0.7972668523757027,dual_cluster
5,0.85,0.2,3.0,0.8063806375923389,dual_cluster
5,0.875,0.2,3.0,0.8154709474672432,dual_cluster
5,0.8999999999999999,0.2,3.0,0.8244595013253324,dual_cluster
5,0.9249999999999999,0.2,3.0,0.8332625046905917,dual_cluster
5,0.95,0.2,3.0,0.841800062348941,dual_cluster
5,0.975,0.2,3.0,0.8500041946010785,dual_cluster
5,1.0,0.2,3.0,0.8578238497575709,dual_cluster
5,1.025,0.2,3.0,0.8652264756868887,dual_cluster
5,1.0499999999999998,0.2,3.0,0.872196774923467,dual_cluster
5,1.075,0.2,3.0,0.8787337729780978,dual_cluster
5,1.1,0.2,3.0,0.8848472854669472,dual_cluster
5,1.125,0.2,3.0,0.8905545382508713,dual_cluster
5,1.15,0.2,3.0,0.8958773282383323,dual_cluster
5,1.1749999999999998,0.2,3.0,0.9008398397974677,dual_cluster
5,1.2,0.2,3.0,0.9054670757605633,dual_cluster
6,0.4,0.2,3.0,0.5976787470439052,dual_cluster
6,0.42500000000000004,0.2,3.0,0.7364870518901346,dual_cluster
6,0.45,0.2,3.0,0.5640509698011891,dual_cluster
6,0.47500000000000003,0.2,3.0,0.9175727012396615,absorbed
6,0.5,0.2,3.0,0.9318046279325504,absorbed
6,0.525,0.2,3.0,0.932179549301703,dual_cluster
6,0.55,0.2,3.0,0.5494728404682296,dual_cluster
6,0.575,0.2,3.0,0.8345872686207931,dual_cluster
6,0.6,0.2,3.0,0.5746423236214576,dual_cluster
6,0.625,0.2,3.0,0.8921732505158799,dual_cluster
6,0.65,0.2,3.0,0.9642721091156969,absorbed
6,0.675,0.2,3.0,0.9648954093622362,absorbed
6,0.7,0.2,3.0,0.8826736856065641,dual_cluster
6,0.725,0.2,3.0,0.6731618133308437,dual_cluster
6,0.75,0.2,3.0,0.7242457534202643,dual_cluster
6,0.7749999999999999,0.2,3.0,0.773110001593162,dual_cluster
6,0.8,0.2,3.0,0.7831973884166014,dual_cluster
6,0.825,0.2,3.0,0.7916076543961093,dual_cluster
6,0.85,0.2,3.0,0.8000695362445716,dual_cluster
6,0.875,0.2,3.0,0.8085501649498985,dual_cluster
6,0.8999999999999999,0.2,3.0,0.817001371161027,dual_cluster
6,0.9249999999999999,0.2,3.0,0.8253641467975423,dual_cluster
6,0.95,0.2,3.0,0.8335742887307672,dual_cluster
6,0.975,0.2,3.0,0.8415687121090739,dual_cluster
6,1.0,0.2,3.0,0.8492912095200781,dual_cluster
6,1.025,0.2,3.0,0.8566966047728354,dual_cluster
6,1.0499999999999998,0.2,3.0,0.863752799997172,dual_cluster
6,1.075,0.2,3.0,0.8704408373692348,dual_cluster
6,1.1,0.2,3.0,0.8767535162671515,dual_cluster
6,1.125,0.2,3.0,0.8826932311089695,dual_cluster
6,1.15,0.2,3.0,0.8882695971040039,dual_cluster
6,1.1749999999999998,0.2,3.0,0.8934972393051329,dual_cluster
6,1.2,0.2,3.0,0.8983939341171001,dual_cluster
7,0.4,0.2,3.0,0.7703793337079564,dual_cluster
7,0.42500000000000004,0.2,3.0,0.595113041910852,dual_cluster
7,0.45,0.2,3.0,0.737814775765956,dual_cluster
7,0.47500000000000003,0.2,3.0,0.9094005357151409,absorbed
7,0.5,0.2,3.0,0.9057501257226863,dual_cluster
7,0.525,0.2,3.0,0.9281654713269337,absorbed
7,0.55,0.2,3.0,0.5405313433404613,dual_cluster
7,0.575,0.2,3.0,0.8788029559284156,dual_cluster
7,0.6,0.2,3.0,0.6548972696781045,dual_cluster
7,0.625,0.2,3.0,0.5615034224908084,dual_cluster
7,0.65,0.2,3.0,0.5656444000049939,dual_cluster
7,0.675,0.2,3.0,0.6289292198203502,dual_cluster
7,0.7,0.2,3.0,0.7243096358797912,dual_cluster
7,0.725,0.2,3.0,0.8023215920699732,dual_cluster
7,0.75,0.2,3.0,0.8269206513658582,dual_cluster
7,0.7749999999999999,0.2,3.0,0.7737792495748812,dual_cluster
7,0.8,0.2,3.0,0.7792349107194256,dual_cluster
7,0.825,0.2,3.0,0.7879341364322109,dual_cluster
7,0.85,0.2,3.0,0.796674689869235,dual_cluster
7,0.875,0.2,3.0,0.8054261108249784,dual_cluster
7,0.8999999999999999,0.2,3.0,0.8141403557983367,dual_cluster
7,0.9249999999999999,0.2,3.0,0.8227571324181759,dual_cluster
7,0.95,0.2,3.0,0.8312100091630523,dual_cluster
7,0.975,0.2,3.0,0.8394333374849546,dual_cluster
7,1.0,0.2,3.0,0.8473686064467003,dual_cluster
7,1.025,0.2,3.0,0.8549690273820023,dual_cluster
7,1.0499999999999998,0.2,3.0,0.8622017721438638,dual_cluster
7,1.075,0.2,3.0,0.8690480058051817,dual_cluster
7,1.1,0.2,3.0,0.8755013337259782,dual_cluster
7,1.125,0.2,3.0,0.8815654164990944,dual_cluster
7,1.15,0.2,3.0,0.8872513844687843,dual_cluster
7,1.1749999999999998,0.2,3.0,0.8925754596938751,dual_cluster
7,1.2,0.2,3.0,0.8975569821312824,dual_cluster
8,0.4,0.2,3.0,0.513015414073184,dual_cluster
8,0.42500000000000004,0.2,3.0,0.47153425781808106,dual_cluster
8,0.45,0.2,3.0,0.5385290517458663,dual_cluster
8,0.47500000000000003,0.2,3.0,0.7560256488555024,dual_cluster
8,0.5,0.2,3.0,0.871211772559375,dual_cluster
8,0.525,0.2,3.0,0.7793664126438467,dual_cluster
8,0.55,0.2,3.0,0.6147762449151305,dual_cluster
8,0.575,0.2,3.0,0.5940164106620438,dual_cluster
8,0.6,0.2,3.0,0.6977295320022735,dual_cluster
8,0.625,0.2,3.0,0.8882500737022704,dual_cluster
8,0.65,0.2,3.0,0.5670137938191006,dual_cluster
8,0.675,0.2,3.0,0.8614203117947644,dual_cluster
8,0.7,0.2,3.0,0.6492222342918064,dual_cluster
8,0.725,0.2,3.0,0.8601982217831294,dual_cluster
8,0.75,0.2,3.0,0.737363256876248,dual_cluster
8,0.7749999999999999,0.2,3.0,0.7734403827402154,dual_cluster
8,0.8,0.2,3.0,0.7824139359722176,dual_cluster
8,0.825,0.2,3.0,0.7915223441761968,dual_cluster
8,0.85,0.2,3.0,0.8006590162471942,dual_cluster
8,0.875,0.2,3.0,0.8097756753569519,dual_cluster
8,0.8999999999999999,0.2,3.0,0.8188075593663307,dual_cluster
8,0.9249999999999999,0.2,3.0,0.8276804181553884,dual_cluster
8,0.95,0.2,3.0,0.8363189620261136,dual_cluster
8,0.975,0.2,3.0,0.8446549929129189,dual_cluster
8,1.0,0.2,3.0,0.8526334998983025,dual_cluster
8,1.025,0.2,3.0,0.8602157891371374,dual_cluster
8,1.0499999999999998,0.2,3.0,0.8673797302196113,dual_cluster
8,1.075,0.2,3.0,0.8741179122660196,dual_cluster
8,1.1,0.2,3.0,0.8804347159207894,dual_cluster
8,1.125,0.2,3.0,0.8863431432999916,dual_cluster
8,1.15,0.2,3.0,0.8918619364124727,dual_cluster
8,1.1749999999999998,0.2,3.0,0.897013225945133,dual_cluster
8,1.2,0.2,3.0,0.901820755662807,dual_cluster
9,0.4,0.2,3.0,0.836130962395598,dual_cluster
9,0.42500000000000004,0.2,3.0,0.8318717352447988,dual_cluster
9,0.45,0.2,3.0,0.8092767452158013,dual_cluster
9,0.47500000000000003,0.2,3.0,0.8850764834146783,dual_cluster
9,0.5,0.2,3.0,0.7997791474110896,dual_cluster
9,0.525,0.2,3.0,0.7089848310336827,dual_cluster
9,0.55,0.2,3.0,0.630331363385829,dual_cluster
9,0.575,0.2,3.0,0.9432596381739565,absorbed
9,0.6,0.2,3.0,0.9502372308960134,absorbed
9,0.625,0.2,3.0,0.6115265185887577,dual_cluster
9,0.65,0.2,3.0,0.6940276686229013,dual_cluster
9,0.675,0.2,3.0,0.9154874826738549,dual_cluster
9,0.7,0.2,3.0,0.6455969759899186,dual_cluster
9,0.725,0.2,3.0,0.8373239379394557,dual_cluster
9,0.75,0.2,3.0,0.7461785665642553,dual_cluster
9,0.7749999999999999,0.2,3.0,0.7730779618606815,dual_cluster
9,0.8,0.2,3.0,0.781749797783993,dual_cluster
9,0.825,0.2,3.0,0.7906805451129869,dual_cluster
9,0.85,0.2,3.0,0.7996530108871012,dual_cluster
9,0.875,0.2,3.0,0.8086235955645524,dual_cluster
9,0.8999999999999999,0.2,3.0,0.8175321475475956,dual_cluster
9,0.9249999999999999,0.2,3.0,0.8263078421916618,dual_cluster
9,0.95,0.2,3.0,0.8348769167661436,dual_cluster
9,0.975,0.2,3.0,0.8431705614866343,dual_cluster
9,1.0,0.2,3.0,0.8511312913303895,dual_cluster
9,1.025,0.2,3.0,0.8587167000702485,dual_cluster
9,1.0499999999999998,0.2,3.0,0.8659004199563811,dual_cluster
9,1.075,0.2,3.0,0.872670872295261,dual_cluster
9,1.1,0.2,3.0,0.8790287223978164,dual_cluster
9,1.125,0.2,3.0,0.884983887248721,dual_cluster
9,1.15,0.2,3.0,0.8905526819691906,dual_cluster
9,1.1749999999999998,0.2,3.0,0.8957554097788599,dual_cluster
9,1.2,0.2,3.0,0.900614489841252,dual_cluster
10,0.4,0.2,3.0,0.8507630078242832,absorbed
10,0.42500000000000004,0.2,3.0,0.7704061908030274,dual_cluster
10,0.45,0.2,3.0,0.6944944235897373,dual_cluster
10,0.47500000000000003,0.2,3.0,0.7505398492800383,dual_cluster
10,0.5,0.2,3.0,0.9078601673741018,dual_cluster
10,0.525,0.2,3.0,0.5574511098614883,dual_cluster
10,0.55,0.2,3.0,0.9026530883934728,dual_cluster
10,0.575,0.2,3.0,0.7471281127938622,dual_cluster
10,0.6,0.2,3.0,0.7048688123285276,dual_cluster
10,0.625,0.2,3.0,0.7730638791437464,dual_cluster
10,0.65,0.2,3.0,0.911366795117621,dual_cluster
10,0.675,0.2,3.0,0.5697130087967973,dual_cluster
10,0.7,0.2,3.0,0.7647875989777763,dual_cluster
10,0.725,0.2,3.0,0.889121859696416,dual_cluster
10,0.75,0.2,3.0,0.7201075753397821,dual_cluster
10,0.7749999999999999,0.2,3.0,0.7750126938060715,dual_cluster
10,0.8,0.2,3.0,0.7833052210277686,dual_cluster
10,0.825,0.2,3.0,0.7920386880539939,dual_cluster
10,0.85,0.2,3.0,0.800825713095426,dual_cluster
10,0.875,0.2,3.0,0.8096230387723448,dual_cluster
10,0.8999999999999999,0.2,3.0,0.8183716733518898,dual_cluster
10,0.9249999999999999,0.2,3.0,0.827002203731106,dual_cluster
10,0.95,0.2,3.0,0.8354420473392687,dual_cluster
10,0.975,0.2,3.0,0.843622970510474,dual_cluster
10,1.0,0.2,3.0,0.851487293003678,dual_cluster
10,1.025,0.2,3.0,0.8589916891795952,dual_cluster
10,1.0499999999999998,0.2,3.0,0.8661083408159419,dual_cluster
10,1.075,0.2,3.0,0.872823931035888,dual_cluster
10,1.1,0.2,3.0,0.879137317247048,dual_cluster
10,1.125,0.2,3.0,0.8850566948040549,dual_cluster
10,1.15,0.2,3.0,0.8905968334609442,dual_cluster
10,1.1749999999999998,0.2,3.0,0.8957767046096704,dual_cluster
10,1.2,0.2,3.0,0.900617611474842,dual_cluster
11,0.4,0.2,3.0,0.590531136324036,dual_cluster
11,0.42500000000000004,0.2,3.0,0.5208136303743718,dual_cluster
11,0.45,0.2,3.0,0.5830420750868841,dual_cluster
11,0.47500000000000003,0.2,3.0,0.7779804526437754,dual_cluster
11,0.5,0.2,3.0,0.8858853807331117,dual_cluster
11,0.525,0.2,3.0,0.7545605947627778,dual_cluster
11,0.55,0.2,3.0,0.5692563137815284,dual_cluster
11,0.575,0.2,3.0,0.549941305674318,dual_cluster
11,0.6,0.2,3.0,0.6100097538257893,dual_cluster
11,0.625,0.2,3.0,0.7950943802056144,dual_cluster
11,0.65,0.2,3.0,0.9517520784183068,dual_cluster
11,0.675,0.2,3.0,0.7542176926335726,dual_cluster
11,0.7,0.2,3.0,0.7522924185610295,dual_cluster
11,0.725,0.2,3.0,0.7866067058301588,dual_cluster
11,0.75,0.2,3.0,0.7678043818796728,dual_cluster
11,0.7749999999999999,0.2,3.0,0.7744547732660381,dual_cluster
11,0.8,0.2,3.0,0.7831760172584548,dual_cluster
11,0.825,0.2,3.0,0.7921361836703236,dual_cluster
11,0.85,0.2,3.0,0.8011423798309447,dual_cluster
11,0.875,0.2,3.0,0.8101459348673459,dual_cluster
11,0.8999999999999999,0.2,3.0,0.819081796532146,dual_cluster
11,0.9249999999999999,0.2,3.0,0.827875166085524,dual_cluster
11,0.95,0.2,3.0,0.8364497337280314,dual_cluster
11,0.975,0.2,3.0,0.8447357770688011,dual_cluster
11,1.0,0.2,3.0,0.8526763849947221,dual_cluster
11,1.025,0.2,3.0,0.8602308007465336,dual_cluster
11,1.0499999999999998,0.2,3.0,0.8673748796344607,dual_cluster
11,1.075,0.2,3.0,0.8740993981259597,dual_cluster
11,1.1,0.2,3.0,0.8804072046128822,dual_cluster
11,1.125,0.2,3.0,0.8863100662228098,dual_cluster
11,1.15,0.2,3.0,0.8918257647457708,dual_cluster
11,1.1749999999999998,0.2,3.0,0.896975704244547,dual_cluster
11,1.2,0.2,3.0,0.9017830897993273,dual_cluster
12,0.4,0.2,3.0,0.8201041477290538,dual_cluster
12,0.42500000000000004,0.2,3.0,0.47773828893354925,dual_cluster
12,0.45,0.2,3.0,0.874899935878578,dual_cluster
12,0.47500000000000003,0.2,3.0,0.6614618911465915,dual_cluster
12,0.5,0.2,3.0,0.5696632327464287,dual_cluster
12,0.525,0.2,3.0,0.6288581471084753,dual_cluster
12,0.55,0.2,3.0,0.8267890442020113,dual_cluster
12,0.575,0.2,3.0,0.6765632639589265,dual_cluster
12,0.6,0.2,3.0,0.8868769143339411,dual_cluster
12,0.625,0.2,3.0,0.771823985984041,dual_cluster
12,0.65,0.2,3.0,0.7375424913818576,dual_cluster
12,0.675,0.2,3.0,0.7493325205781425,dual_cluster
12,0.7,0.2,3.0,0.763008753024311,dual_cluster
12,0.725,0.2,3.0,0.7508688187591367,dual_cluster
12,0.75,0.2,3.0,0.7616259364877613,dual_cluster
12,0.7749999999999999,0.2,3.0,0.775236580844787,dual_cluster
12,0.8,0.2,3.0,0.7847137980271495,dual_cluster
12,0.825,0.2,3.0,0.7942669395436294,dual_cluster
12,0.85,0.2,3.0,0.8038495445977898,dual_cluster
12,0.875,0.2,3.0,0.8133897741442365,dual_cluster
12,0.8999999999999999,0.2,3.0,0.8227999593542038,dual_cluster
12,0.9249999999999999,0.2,3.0,0.8319873255143655,dual_cluster
12,0.95,0.2,3.0,0.8408653136077303,dual_cluster
12,0.975,0.2,3.0,0.8493626968863935,dual_cluster
12,1.0,0.2,3.0,0.8574286682941749,dual_cluster
12,1.025,0.2,3.0,0.8650337004687445,dual_cluster
12,1.0499999999999998,0.2,3.0,0.8721672549531307,dual_cluster
12,1.075,0.2,3.0,0.8788338592287844,dual_cluster
12,1.1,0.2,3.0,0.8850488381558125,dual_cluster
12,1.125,0.2,3.0,0.8908344887079812,dual_cluster
12,1.15,0.2,3.0,0.8962170312323589,dual_cluster
12,1.1749999999999998,0.2,3.0,0.901224373816733,dual_cluster
12,1.2,0.2,3.0,0.9058845805367219,dual_cluster
13,0.4,0.2,3.0,0.8586720280654867,dual_cluster
13,0.42500000000000004,0.2,3.0,0.5734335545148201,dual_cluster
13,0.45,0.2,3.0,0.8560453603566522,dual_cluster
13,0.47500000000000003,0.2,3.0,0.6534218138301353,dual_cluster
13,0.5,0.2,3.0,0.5888458645041607,dual_cluster
13,0.525,0.2,3.0,0.6711199845599043,dual_cluster
13,0.55,0.2,3.0,0.878750834249448,dual_cluster
13,0.575,0.2,3.0,0.5560808640166428,dual_cluster
13,0.6,0.2,3.0,0.9468350773522773,dual_cluster
13,0.625,0.2,3.0,0.8550010765220954,dual_cluster
13,0.65,0.2,3.0,0.822593243900041,dual_cluster
13,0.675,0.2,3.0,0.8259804412688703,dual_cluster
13,0.7,0.2,3.0,0.822851453772992,dual_cluster
13,0.725,0.2,3.0,0.7880768871704625,dual_cluster
13,0.75,0.2,3.0,0.7709784970522171,dual_cluster
13,0.7749999999999999,0.2,3.0,0.7797127560068096,dual_cluster
13,0.8,0.2,3.0,0.7889041726475738,dual_cluster
13,0.825,0.2,3.0,0.7981916048837884,dual_cluster
13,0.85,0.2,3.0,0.8075218879279858,dual_cluster
13,0.875,0.2,3.0,0.816819566034125,dual_cluster
13,0.8999999999999999,0.2,3.0,0.8259954158783067,dual_cluster
13,0.9249999999999999,0.2,3.0,0.8349568803977637,dual_cluster
13,0.95,0.2,3.0,0.843618784728708,dual_cluster
13,0.975,0.2,3.0,0.851911715945077,dual_cluster
13,1.0,0.2,3.0,0.8597864807989825,dual_cluster
13,1.025,0.2,3.0,0.8672145922654779,dual_cluster
13,1.0499999999999998,0.2,3.0,0.8741858712180527,dual_cluster
13,1.075,0.2,3.0,0.8807045998521198,dual_cluster
13,1.1,0.2,3.0,0.8867854131540522,dual_cluster
13,1.125,0.2,3.0,0.8924496434807612,dual_cluster
13,1.15,0.2,3.0,0.8977224135209134,dual_cluster
13,1.1749999999999998,0.2,3.0,0.9026305029496019,dual_cluster
13,1.2,0.2,3.0,0.9072008825243157,dual_cluster
14,0.4,0.2,3.0,0.8366932235333281,absorbed
14,0.42500000000000004,0.2,3.0,0.5111922885800187,dual_cluster
14,0.45,0.2,3.0,0.7922010844292598,dual_cluster
14,0.47500000000000003,0.2,3.0,0.9051958199420616,absorbed
14,0.5,0.2,3.0,0.919110194877152,absorbed
14,0.525,0.2,3.0,0.803173963566934,dual_cluster
14,0.55,0.2,3.0,0.6357844680816115,dual_cluster
14,0.575,0.2,3.0,0.9424814235652412,absorbed
14,0.6,0.2,3.0,0.8265182052140165,dual_cluster
14,0.625,0.2,3.0,0.7480953848078877,dual_cluster
14,0.65,0.2,3.0,0.7618588829522349,dual_cluster
14,0.675,0.2,3.0,0.834928853732375,dual_cluster
14,0.7,0.2,3.0,0.9164340954581375,dual_cluster
14,0.725,0.2,3.0,0.7445181447654271,dual_cluster
14,0.75,0.2,3.0,0.6999052772058666,dual_cluster
14,0.7749999999999999,0.2,3.0,0.7679302105993104,dual_cluster
14,0.8,0.2,3.0,0.7786576569633582,dual_cluster
14,0.825,0.2,3.0,0.7874840911466112,dual_cluster
14,0.85,0.2,3.0,0.7963383647713125,dual_cluster
14,0.875,0.2,3.0,0.8051887266545642,dual_cluster
14,0.8999999999999999,0.2,3.0,0.8139873955526862,dual_cluster
14,0.9249999999999999,0.2,3.0,0.8226743979533221,dual_cluster
14,0.95,0.2,3.0,0.8311839180568094,dual_cluster
14,0.975,0.2,3.0,0.8394513345139788,dual_cluster
14,1.0,0.2,3.0,0.8474195495504684,dual_cluster
14,1.025,0.2,3.0,0.8550434409962304,dual_cluster
14,1.0499999999999998,0.2,3.0,0.8622919242987305,dual_cluster
14,1.075,0.2,3.0,0.8691478257606858,dual_cluster
14,1.1,0.2,3.0,0.8756062213321587,dual_cluster
14,1.125,0.2,3.0,0.8816720004787394,dual_cluster
14,1.15,0.2,3.0,0.8873572750186906,dual_cluster
14,1.1749999999999998,0.2,3.0,0.8926790234341726,dual_cluster
14,1.2,0.2,3.0,0.897657152227234,dual_cluster
15,0.4,0.2,3.0,0.46893842171219,dual_cluster
15,0.42500000000000004,0.2,3.0,0.8690655227791867,dual_cluster
15,0.45,0.2,3.0,0.8520966238854143,dual_cluster
15,0.47500000000000003,0.2,3.0,0.8247239915152393,dual_cluster
15,0.5,0.2,3.0,0.9003793494623931,dual_cluster
15,0.525,0.2,3.0,0.7775268426201353,dual_cluster
15,0.55,0.2,3.0,0.738043650256022,dual_cluster
15,0.575,0.2,3.0,0.5784688786340941,dual_cluster
15,0.6,0.2,3.0,0.9430575201824877,dual_cluster
15,0.625,0.2,3.0,0.957681046710796,absorbed
15,0.65,0.2,3.0,0.7389243602613762,dual_cluster
15,0.675,0.2,3.0,0.6295538399617252,dual_cluster
15,0.7,0.2,3.0,0.7726191524028116,dual_cluster
15,0.725,0.2,3.0,0.8689020647598499,dual_cluster
15,0.75,0.2,3.0,0.7881377859945857,dual_cluster
15,0.7749999999999999,0.2,3.0,0.7724738610109476,dual_cluster
15,0.8,0.2,3.0,0.7820553131392647,dual_cluster
15,0.825,0.2,3.0,0.7907584383752833,dual_cluster
15,0.85,0.2,3.0,0.7995051041411574,dual_cluster
15,0.875,0.2,3.0,0.8082572580026404,dual_cluster
15,0.8999999999999999,0.2,3.0,0.8169613946575974,dual_cluster
15,0.9249999999999999,0.2,3.0,0.825553114954303,dual_cluster
15,0.95,0.2,3.0,0.8339637697627044,dual_cluster
15,0.975,0.2,3.0,0.8421275608753582,dual_cluster
15,1.0,0.2,3.0,0.8499876526768372,dual_cluster
15,1.025,0.2,3.0,0.8575001968997343,dual_cluster
15,1.0499999999999998,0.2,3.0,0.8646359011091747,dual_cluster
15,1.075,0.2,3.0,0.8713794750170444,dual_cluster
15,1.1,0.2,3.0,0.8777276794375072,dual_cluster
15,1.125,0.2,3.0,0.8836867430716652,dual_cluster
15,1.15,0.2,3.0,0.8892697342798689,dual_cluster
15,1.1749999999999998,0.2,3.0,0.8944942355135839,dual_cluster
15,1.2,0.2,3.0,0.8993804659444155,dual_cluster
16,0.4,0.2,3.0,0.5240585846025317,dual_cluster
16,0.42500000000000004,0.2,3.0,0.7435731536428832,dual_cluster
16,0.45,0.2,3.0,0.8799333052097615,dual_cluster
16,0.47500000000000003,0.2,3.0,0.7196495417603062,dual_cluster
16,0.5,0.2,3.0,0.5361648250934399,dual_cluster
16,0.525,0.2,3.0,0.577827679850552,dual_cluster
16,0.55,0.2,3.0,0.560797716160447,dual_cluster
16,0.575,0.2,3.0,0.7729063801348808,dual_cluster
16,0.6,0.2,3.0,0.8697127069560534,dual_cluster
16,0.625,0.2,3.0,0.8538082397779678,dual_cluster
16,0.65,0.2,3.0,0.7227953094260635,dual_cluster
16,0.675,0.2,3.0,0.6511391923964139,dual_cluster
16,0.7,0.2,3.0,0.6306029583426042,dual_cluster
16,0.725,0.2,3.0,0.8029802394139943,dual_cluster
16,0.75,0.2,3.0,0.7812452823581618,dual_cluster
16,0.7749999999999999,0.2,3.0,0.7773246097398652,dual_cluster
16,0.8,0.2,3.0,0.7864190743136712,dual_cluster
16,0.825,0.2,3.0,0.7956115318039589,dual_cluster
16,0.85,0.2,3.0,0.8048536344460282,dual_cluster
16,0.875,0.2,3.0,0.8140792904903318,dual_cluster
16,0.8999999999999999,0.2,3.0,0.8232069404040586,dual_cluster
16,0.9249999999999999,0.2,3.0,0.8321487098952315,dual_cluster
16,0.95,0.2,3.0,0.8408205469153813,dual_cluster
16,0.975,0.2,3.0,0.8491509248928953,dual_cluster
16,1.0,0.2,3.0,0.8570862917797578,dual_cluster
16,1.025,0.2,3.0,0.8645927558986032,dual_cluster
16,1.0499999999999998,0.2,3.0,0.8716547003331244,dual_cluster
16,1.075,0.2,3.0,0.8782715829456487,dual_cluster
16,1.1,0.2,3.0,0.8844541193600967,dual_cluster
16,1.125,0.2,3.0,0.8902206670010315,dual_cluster
16,1.15,0.2,3.0,0.8955942182873372,dual_cluster
16,1.1749999999999998,0.2,3.0,0.9006001127039782,dual_cluster
16,1.2,0.2,3.0,0.9052644116298293,dual_cluster
17,0.4,0.2,3.0,0.6613669522053977,dual_cluster
17,0.42500000000000004,0.2,3.0,0.869354667292585,absorbed
17,0.45,0.2,3.0,0.894098238827907,absorbed
17,0.47500000000000003,0.2,3.0,0.7343653775038332,dual_cluster
17,0.5,0.2,3.0,0.6179135190137198,dual_cluster
17,0.525,0.2,3.0,0.9366897092151643,absorbed
17,0.55,0.2,3.0,0.7873522552404497,dual_cluster
17,0.575,0.2,3.0,0.6969772850106101,dual_cluster
17,0.6,0.2,3.0,0.7338023648895681,dual_cluster
17,0.625,0.2,3.0,0.8690479872821146,dual_cluster
17,0.65,0.2,3.0,0.7499450529093239,dual_cluster
17,0.675,0.2,3.0,0.7567987689599002,dual_cluster
17,0.7,0.2,3.0,0.9219965485365555,dual_cluster
17,0.725,0.2,3.0,0.745534311382012,dual_cluster
17,0.75,0.2,3.0,0.8073755131224724,dual_cluster
17,0.7749999999999999,0.2,3.0,0.773269870489313,dual_cluster
17,0.8,0.2,3.0,0.7823098844637634,dual_cluster
17,0.825,0.2,3.0,0.7912708334225281,dual_cluster
17,0.85,0.2,3.0,0.8002708743233264,dual_cluster
17,0.875,0.2,3.0,0.8092648182854485,dual_cluster
17,0.8999999999999999,0.2,3.0,0.8181909643488857,dual_cluster
17,0.9249999999999999,0.2,3.0,0.8269773622877891,dual_cluster
17,0.95,0.2,3.0,0.8355497550020702,dual_cluster
17,0.975,0.2,3.0,0.8438395256442754,dual_cluster
17,1.0,0.2,3.0,0.851789965213606,dual_cluster
17,1.025,0.2,3.0,0.8593598181878584,dual_cluster
17,1.0499999999999998,0.2,3.0,0.8665240120695676,dual_cluster
17,1.075,0.2,3.0,0.8732722208872229,dual_cluster
17,1.1,0.2,3.0,0.8796062035182907,dual_cluster
17,1.125,0.2,3.0,0.8855367611429467,dual_cluster
17,1.15,0.2,3.0,0.8910808807272844,dual_cluster
17,1.1749999999999998,0.2,3.0,0.8962593484425181,dual_cluster
17,1.2,0.2,3.0,0.9010949115318535,dual_cluster
18,0.4,0.2,3.0,0.45201683222727634,dual_cluster
18,0.42500000000000004,0.2,3.0,0.4736343790546577,dual_cluster
18,0.45,0.2,3.0,0.4915475018142437,dual_cluster
18,0.47500000000000003,0.2,3.0,0.6858071458544954,dual_cluster
18,0.5,0.2,3.0,0.9152832224133499,absorbed
18,0.525,0.2,3.0,0.7105617445335519,dual_cluster
18,0.55,0.2,3.0,0.5528235184124429,dual_cluster
18,0.575,0.2,3.0,0.5475195885180215,dual_cluster
18,0.6,0.2,3.0,0.6533299737275421,dual_cluster
18,0.625,0.2,3.0,0.8668672663478998,dual_cluster
18,0.65,0.2,3.0,0.5606084187609761,dual_cluster
18,0.675,0.2,3.0,0.8850897485086793,dual_cluster
18,0.7,0.2,3.0,0.6929920878715808,dual_cluster
18,0.725,0.2,3.0,0.8515982780888932,dual_cluster
18,0.75,0.2,3.0,0.765977467069921,dual_cluster
18,0.7749999999999999,0.2,3.0,0.7698712357053275,dual_cluster
18,0.8,0.2,3.0,0.7793643226117547,dual_cluster
18,0.825,0.2,3.0,0.7886531023309364,dual_cluster
18,0.85,0.2,3.0,0.7979692215507687,dual_cluster
18,0.875,0.2,3.0,0.8072659581774614,dual_cluster
18,0.8999999999999999,0.2,3.0,0.8164783864299824,dual_cluster
18,0.9249999999999999,0.2,3.0,0.825530625926581,dual_cluster
18,0.95,0.2,3.0,0.8343447760661472,dual_cluster
18,0.975,0.2,3.0,0.8428496979409821,dual_cluster
18,1.0,0.2,3.0,0.8509877248422528,dual_cluster
18,1.025,0.2,3.0,0.8587182045197684,dual_cluster
18,1.0499999999999998,0.2,3.0,0.8660178993192642,dual_cluster
18,1.075,0.2,3.0,0.8728790856717477,dual_cluster
18,1.1,0.2,3.0,0.8793064530391421,dual_cluster
18,1.125,0.2,3.0,0.8853137297924079,dual_cluster
18,1.15,0.2,3.0,0.890920619473411,dual_cluster
18,1.1749999999999998,0.2,3.0,0.8961503109022332,dual_cluster
18,1.2,0.2,3.0,0.901027608797027,dual_cluster
19,0.4,0.2,3.0,0.8299102365333026,dual_cluster
19,0.42500000000000004,0.2,3.0,0.8559718736610208,dual_cluster
19,0.45,0.2,3.0,0.6194115477828235,dual_cluster
19,0.47500000000000003,0.2,3.0,0.6586786971593498,dual_cluster
19,0.5,0.2,3.0,0.918839547225166,dual_cluster
19,0.525,0.2,3.0,0.8122965420719704,dual_cluster
19,0.55,0.2,3.0,0.7119926215270721,dual_cluster
19,0.575,0.2,3.0,0.7449532236954948,dual_cluster
19,0.6,0.2,3.0,0.8874674151439425,dual_cluster
19,0.625,0.2,3.0,0.5967594084314746,dual_cluster
19,0.65,0.2,3.0,0.8255145698160764,dual_cluster
19,0.675,0.2,3.0,0.6135402414077459,dual_cluster
19,0.7,0.2,3.0,0.9124286919271962,dual_cluster
19,0.725,0.2,3.0,0.7436861608661396,dual_cluster
19,0.75,0.2,3.0,0.7750570794094601,dual_cluster
19,0.7749999999999999,0.2,3.0,0.7760669688365979,dual_cluster
19,0.8,0.2,3.0,0.7849163915178582,dual_cluster
19,0.825,0.2,3.0,0.7939066870486972,dual_cluster
19,0.85,0.2,3.0,0.8029427406329088,dual_cluster
19,0.875,0.2,3.0,0.8119707635874628,dual_cluster
19,0.8999999999999999,0.2,3.0,0.8209211644114646,dual_cluster
19,0.9249999999999999,0.2,3.0,0.829715874921729,dual_cluster
19,0.95,0.2,3.0,0.8382770268341267,dual_cluster
19,0.975,0.2,3.0,0.846535104024687,dual_cluster
19,1.0,0.2,3.0,0.8544348374656014,dual_cluster
19,1.025,0.2,3.0,0.8619379976543835,dual_cluster
19,1.0499999999999998,0.2,3.0,0.8690232857157059,dual_cluster
19,1.075,0.2,3.0,0.875684205071022,dual_cluster
19,1.1,0.2,3.0,0.8819259533371449,dual_cluster
19,1.125,0.2,3.0,0.8877621669965572,dual_cluster
19,1.15,0.2,3.0,0.893212020948441,dual_cluster
19,1.1749999999999998,0.2,3.0,0.8982978957738024,dual_cluster
19,1.2,0.2,3.0,0.9030436363786849,dual_cluster
0,0.4,0.3,1.0,0.7253918808869734,takeover
0,0.42500000000000004,0.3,1.0,0.273445491213008,takeover
0,0.45,0.3,1.0,0.5713929843149175,takeover
0,0.47500000000000003,0.3,1.0,0.7302962865113913,dual_cluster
0,0.5,0.3,1.0,0.43005819741008183,dual_cluster
0,0.525,0.3,1.0,0.5910635314503918,dual_cluster
0,0.55,0.3,1.0,0.8136960968749408,dual_cluster
0,0.575,0.3,1.0,0.8774241583868077,dual_cluster
0,0.6,0.3,1.0,0.8553537806305694,dual_cluster
0,0.625,0.3,1.0,0.9427258317779628,absorbed
0,0.65,0.3,1.0,0.4941160047239464,dual_cluster
0,0.675,0.3,1.0,0.810734974154308,dual_cluster
0,0.7,0.3,1.0,0.9416728692267129,dual_cluster
0,0.725,0.3,1.0,0.3752532706238366,dual_cluster
0,0.75,0.3,1.0,0.7404070061422242,dual_cluster
0,0.7749999999999999,0.3,1.0,0.4421589978115762,dual_cluster
0,0.8,0.3,1.0,0.40294568371852874,dual_cluster
0,0.825,0.3,1.0,0.5143416013618891,dual_cluster
0,0.85,0.3,1.0,0.5485187311089196,dual_cluster
0,0.875,0.3,1.0,0.646128062674361,dual_cluster
0,0.8999999999999999,0.3,1.0,0.7024371618066797,dual_cluster
0,0.9249999999999999,0.3,1.0,0.7132025024930572,dual_cluster
0,0.95,0.3,1.0,0.7252467778299603,dual_cluster
0,0.975,0.3,1.0,0.7377756053623737,dual_cluster
0,1.0,0.3,1.0,0.7507056726841154,dual_cluster
0,1.025,0.3,1.0,0.7638767067748035,dual_cluster
0,1.0499999999999998,0.3,1.0,0.7770606251540283,dual_cluster
0,1.075,0.3,1.0,0.7899972386443579,dual_cluster
0,1.1,0.3,1.0,0.8024444751249099,dual_cluster
0,1.125,0.3,1.0,0.8142195274604213,dual_cluster
0,1.15,0.3,1.0,0.8252150260056156,dual_cluster
0,1.1749999999999998,0.3,1.0,0.8353919765622038,dual_cluster
0,1.2,0.3,1.0,0.844761266396141,dual_cluster
1,0.4,0.3,1.0,0.21556818777990053,takeover
1,0.42500000000000004,0.3,1.0,0.8192474588055356,dual_cluster
1,0.45,0.3,1.0,0.590275787235455,dual_cluster
1,0.47500000000000003,0.3,1.0,0.4342559318533959,dual_cluster
1,0.5,0.3,1.0,0.5262652760651941,dual_cluster
1,0.525,0.3,1.0,0.813014136890611,dual_cluster
1,0.55,0.3,1.0,0.5019614668935353,dual_cluster
1,0.575,0.3,1.0,0.8981494563694192,dual_cluster
1,0.6,0.3,1.0,0.803449155650815,dual_cluster
1,0.625,0.3,1.0,0.8882891671882437,dual_cluster
1,0.65,0.3,1.0,0.5601845246049343,dual_cluster
1,0.675,0.3,1.0,0.8292952553914408,dual_cluster
1,0.7,0.3,1.0,0.6873197972902679,dual_cluster
1,0.725,0.3,1.0,0.7567267140580494,dual_cluster
1,0.75,0.3,1.0,0.9622530257285747,absorbed
1,0.7749999999999999,0.3,1.0,0.6640120077710507,dual_cluster
1,0.8,0.3,1.0,0.4608708663262001,dual_cluster
1,0.825,0.3,1.0,0.46898765046860785,dual_cluster
1,0.85,0.3,1.0,0.5582260264883452,dual_cluster
1,0.875,0.3,1.0,0.6266452570107862,dual_cluster
1,0.8999999999999999,0.3,1.0,0.7016512194600405,dual_cluster
1,0.9249999999999999,0.3,1.0,0.7132285645212335,dual_cluster
1,0.95,0.3,1.0,0.7250402541710598,dual_cluster
1,0.975,0.3,1.0,0.737326343169174,dual_cluster
1,1.0,0.3,1.0,0.7500147313440031,dual_cluster
1,1.025,0.3,1.0,0.7629618184177603,dual_cluster
1,1.0499999999999998,0.3,1.0,0.7759573222039599,dual_cluster
1,1.075,0.3,1.0,0.7887541307767925,dual_cluster
1,1.1,0.3,1.0,0.801114253132695,dual_cluster
1,1.125,0.3,1.0,0.8128500826899497,dual_cluster
1,1.15,0.3,1.0,0.823844189935729,dual_cluster
1,1.1749999999999998,0.3,1.0,0.834046373171609,dual_cluster
1,1.2,0.3,1.0,0.8434577692312607,dual_cluster
2,0.4,0.3,1.0,0.7069814612960926,takeover
2,0.42500000000000004,0.3,1.0,0.7730137378231373,takeover
2,0.45,0.3,1.0,0.8008526321134756,dual_cluster
2,0.47500000000000003,0.3,1.0,0.8597114697536169,absorbed
2,0.5,0.3,1.0,0.3602826199594385,dual_cluster
2,0.525,0.3,1.0,0.8084608207447858,dual_cluster
2,0.55,0.3,1.0,0.486741941110676,dual_cluster
2,0.575,0.3,1.0,0.3927531478148725,dual_cluster
2,0.6,0.3,1.0,0.5832747006174209,dual_cluster
2,0.625,0.3,1.0,0.921194364983229,dual_cluster
2,0.65,0.3,1.0,0.6007282796389768,dual_cluster
2,0.675,0.3,1.0,0.4545583925220293,dual_cluster
2,0.7,0.3,1.0,0.5956236069205026,dual_cluster
2,0.725,0.3,1.0,0.8999367288807709,dual_cluster
2,0.75,0.3,1.0,0.6009038500112706,dual_cluster
2,0.7749999999999999,0.3,1.0,0.4546017202885141,dual_cluster
2,0.8,0.3,1.0,0.496201838756967,dual_cluster
2,0.825,0.3,1.0,0.6221593080027904,dual_cluster
2,0.85,0.3,1.0,0.7419382804267454,dual_cluster
2,0.875,0.3,1.0,0.7133394413833019,dual_cluster
2,0.8999999999999999,0.3,1.0,0.701414548559153,dual_cluster
2,0.9249999999999999,0.3,1.0,0.7134087632155274,dual_cluster
2,0.95,0.3,1.0,0.7259847414552126,dual_cluster
2,0.975,0.3,1.0,0.7390369804812745,dual_cluster
2,1.0,0.3,1.0,0.7524538174059451,dual_cluster
2,1.025,0.3,1.0,0.7660401584953109,dual_cluster
2,1.0499999999999998,0.3,1.0,0.7795374357494573,dual_cluster
2,1.075,0.3,1.0,0.7926709577058506,dual_cluster
2,1.1,0.3,1.0,0.8052046038121605,dual_cluster
2,1.125,0.3,1.0,0.8169766621356725,dual_cluster
2,1.15,0.3,1.0,0.8279062473561769,dual_cluster
2,1.1749999999999998,0.3,1.0,0.8379785325585503,dual_cluster
2,1.2,0.3,1.0,0.8472228671953878,dual_cluster
3,0.4,0.3,1.0,0.770972296698307,takeover
3,0.42500000000000004,0.3,1.0,0.6283628164769918,dual_cluster
3,0.45,0.3,1.0,0.5737681341134853,dual_cluster
3,0.47500000000000003,0.3,1.0,0.7000191802904806,dual_cluster
3,0.5,0.3,1.0,0.8911982508311866,absorbed
3,0.525,0.3,1.0,0.4110818918360558,dual_cluster
3,0.55,0.3,1.0,0.8038712363189816,dual_cluster
3,0.575,0.3,1.0,0.9299421086685413,absorbed
3,0.6,0.3,1.0,0.8511167331385073,dual_cluster
3,0.625,0.3,1.0,0.45627409499760335,dual_cluster
3,0.65,0.3,1.0,0.949012574170094,absorbed
3,0.675,0.3,1.0,0.8523417724586073,dual_cluster
3,0.7,0.3,1.0,0.8978800346691953,dual_cluster
3,0.725,0.3,1.0,0.5010720256146897,dual_cluster
3,0.75,0.3,1.0,0.7810560515791721,dual_cluster
3,0.7749999999999999,0.3,1.0,0.5859603057177549,dual_cluster
3,0.8,0.3,1.0,0.5294942082571673,dual_cluster
3,0.825,0.3,1.0,0.5767933295883464,dual_cluster
3,0.85,0.3,1.0,0.6506469678554156,dual_cluster
3,0.875,0.3,1.0,0.7043438457371815,dual_cluster
3,0.8999999999999999,0.3,1.0,0.7042164670582706,dual_cluster
3,0.9249999999999999,0.3,1.0,0.7161299450207366,dual_cluster
3,0.95,0.3,1.0,0.728524161067642,dual_cluster
3,0.975,0.3,1.0,0.7413680620235525,dual_cluster
3,1.0,0.3,1.0,0.7545509045811711,dual_cluster
3,1.025,0.3,1.0,0.7678851059308067,dual_cluster
3,1.0499999999999998,0.3,1.0,0.7811255895520485,dual_cluster
3,1.075,0.3,1.0,0.7940133006966679,dual_cluster
3,1.1,0.3,1.0,0.8063248740834831,dual_cluster
3,1.125,0.3,1.0,0.817905482666837,dual_cluster
3,1.15,0.3,1.0,0.8286754090407638,dual_cluster
3,1.1749999999999998,0.3,1.0,0.8386172433922737,dual_cluster
3,1.2,0.3,1.0,0.8477560834501379,dual_cluster
4,0.4,0.3,1.0,0.7899003653105477,absorbed
4,0.42500000000000004,0.3,1.0,0.7944050023578195,dual_cluster
4,0.45,0.3,1.0,0.8350978803586073,dual_cluster
4,0.47500000000000003,0.3,1.0,0.835957701218751,dual_cluster
4,0.5,0.3,1.0,0.44315582449450774,dual_cluster
4,0.525,0.3,1.0,0.8729981758421657,dual_cluster
4,0.55,0.3,1.0,0.89671972018961,dual_cluster
4,0.575,0.3,1.0,0.9157230324851868,dual_cluster
4,0.6,0.3,1.0,0.7244429489168669,dual_cluster
4,0.625,0.3,1.0,0.694376712046653,dual_cluster
4,0.65,0.3,1.0,0.39029628215862044,dual_cluster
4,0.675,0.3,1.0,0.37400839965112814,dual_cluster
4,0.7,0.3,1.0,0.6023402323393597,dual_cluster
4,0.725,0.3,1.0,0.9502315733376725,dual_cluster
4,0.75,0.3,1.0,0.7365768655066102,dual_cluster
4,0.7749999999999999,0.3,1.0,0.6532183617018569,dual_cluster
4,0.8,0.3,1.0,0.6862860999252007,dual_cluster
4,0.825,0.3,1.0,0.7696955684620943,dual_cluster
4,0.85,0.3,1.0,0.7943245335989317,dual_cluster
4,0.875,0.3,1.0,0.6902778332009314,dual_cluster
4,0.8999999999999999,0.3,1.0,0.7089070339732674,dual_cluster
4,0.9249999999999999,0.3,1.0,0.7208297169453552,dual_cluster
4,0.95,0.3,1.0,0.7332752620416655,dual_cluster
4,0.975,0.3,1.0,0.7461805136406479,dual_cluster
4,1.0,0.3,1.0,0.7594082098187654,dual_cluster
4,1.025,0.3,1.0,0.7727438145836181,dual_cluster
4,1.0499999999999998,0.3,1.0,0.785923558781732,dual_cluster
4,1.075,0.3,1.0,0.7986845392364222,dual_cluster
4,1.1,0.3,1.0,0.8108138954964236,dual_cluster
4,1.125,0.3,1.0,0.8221751203588978,dual_cluster
4,1.15,0.3,1.0,0.8327073167381396,dual_cluster
4,1.1749999999999998,0.3,1.0,0.8424080561503102,dual_cluster
4,1.2,0.3,1.0,0.8513124666516748,dual_cluster
5,0.4,0.3,1.0,0.7611228294226312,dual_cluster
5,0.42500000000000004,0.3,1.0,0.47468402902971485,dual_cluster
5,0.45,0.3,1.0,0.5401601773636423,dual_cluster
5,0.47500000000000003,0.3,1.0,0.8545448463216387,dual_cluster
5,0.5,0.3,1.0,0.7852849681599887,dual_cluster
5,0.525,0.3,1.0,0.6643671008025668,dual_cluster
5,0.55,0.3,1.0,0.7553259076292854,dual_cluster
5,0.575,0.3,1.0,0.9439848766011278,absorbed
5,0.6,0.3,1.0,0.5708988108792089,dual_cluster
5,0.625,0.3,1.0,0.3932116685939185,dual_cluster
5,0.65,0.3,1.0,0.39886257015785936,dual_cluster
5,0.675,0.3,1.0,0.5675894524544871,dual_cluster
5,0.7,0.3,1.0,0.9508005710888328,dual_cluster
5,0.725,0.3,1.0,0.7560064499616445,dual_cluster
5,0.75,0.3,1.0,0.7047223101710005,dual_cluster
5,0.7749999999999999,0.3,1.0,0.7799710571117124,dual_cluster
5,0.8,0.3,1.0,0.8965983815932657,dual_cluster
5,0.825,0.3,1.0,0.5592537057770025,dual_cluster
5,0.85,0.3,1.0,0.7115893417322434,dual_cluster
5,0.875,0.3,1.0,0.7015245301250111,dual_cluster
5,0.8999999999999999,0.3,1.0,0.7136521707354161,dual_cluster
5,0.9249999999999999,0.3,1.0,0.7260221541341783,dual_cluster
5,0.95,0.3,1.0,0.7389095424561429,dual_cluster
5,0.975,0.3,1.0,0.7522117610737052,dual_cluster
5,1.0,0.3,1.0,0.7657413122943376,dual_cluster
5,1.025,0.3,1.0,0.779241168371848,dual_cluster
5,1.0499999999999998,0.3,1.0,0.7924293925386879,dual_cluster
5,1.075,0.3,1.0,0.8050555397950516,dual_cluster
5,1.1,0.3,1.0,0.8169413527331867,dual_cluster
5,1.125,0.3,1.0,0.8279916564351557,dual_cluster
5,1.15,0.3,1.0,0.8381816168570776,dual_cluster
5,1.1749999999999998,0.3,1.0,0.8475347487358822,dual_cluster
5,1.2,0.3,1.0,0.8561023206663755,dual_cluster
6,0.4,0.3,1.0,0.5521777405955739,dual_cluster
6,0.42500000000000004,0.3,1.0,0.3121239575610357,dual_cluster
6,0.45,0.3,1.0,0.2861853397319072,dual_cluster
6,0.47500000000000003,0.3,1.0,0.41880604030726065,dual_cluster
6,0.5,0.3,1.0,0.7939533669179436,dual_cluster
6,0.525,0.3,1.0,0.4302147127937218,dual_cluster
6,0.55,0.3,1.0,0.9265560858240154,absorbed
6,0.575,0.3,1.0,0.8808453426334555,dual_cluster
6,0.6,0.3,1.0,0.9436596813477147,absorbed
6,0.625,0.3,1.0,0.3592717957643134,dual_cluster
6,0.65,0.3,1.0,0.9234094680916128,dual_cluster
6,0.675,0.3,1.0,0.8016770982414828,dual_cluster
6,0.7,0.3,1.0,0.8661843899730898,dual_cluster
6,0.725,0.3,1.0,0.6341033449216263,dual_cluster
6,0.75,0.3,1.0,0.784441599436226,dual_cluster
6,0.7749999999999999,0.3,1.0,0.615704548496975,dual_cluster
6,0.8,0.3,1.0,0.5852156631912021,dual_cluster
6,0.825,0.3,1.0,0.6465680985200564,dual_cluster
6,0.85,0.3,1.0,0.7241755320587939,dual_cluster
6,0.875,0.3,1.0,0.7217970733164051,dual_cluster
6,0.8999999999999999,0.3,1.0,0.7057489183230446,dual_cluster
6,0.9249999999999999,0.3,1.0,0.7174749380072094,dual_cluster
6,0.95,0.3,1.0,0.7296976384292371,dual_cluster
6,0.975,0.3,1.0,0.7423914690412391,dual_cluster
6,1.0,0.3,1.0,0.7554469246327026,dual_cluster
6,1.025,0.3,1.0,0.7686768022737934,dual_cluster
6,1.0499999999999998,0.3,1.0,0.7818347093939281,dual_cluster
6,1.075,0.3,1.0,0.7946584538880419,dual_cluster
6,1.1,0.3,1.0,0.806920486083978,dual_cluster
6,1.125,0.3,1.0,0.8184618529149642,dual_cluster
6,1.15,0.3,1.0,0.8291995187996338,dual_cluster
6,1.1749999999999998,0.3,1.0,0.8391137568960487,dual_cluster
6,1.2,0.3,1.0,0.8482281901780397,dual_cluster
7,0.4,0.3,1.0,0.6019820621379813,takeover
7,0.42500000000000004,0.3,1.0,0.7040932460743303,takeover
7,0.45,0.3,1.0,0.7995395411921792,dual_cluster
7,0.47500000000000003,0.3,1.0,0.38521224714844393,dual_cluster
7,0.5,0.3,1.0,0.7984559641434656,dual_cluster
7,0.525,0.3,1.0,0.8962756343681991,dual_cluster
7,0.55,0.3,1.0,0.9139393603056208,dual_cluster
7,0.575,0.3,1.0,0.6949159074869918,dual_cluster
7,0.6,0.3,1.0,0.6436777899942524,dual_cluster
7,0.625,0.3,1.0,0.40326180350761764,dual_cluster
7,0.65,0.3,1.0,0.7181107354530416,dual_cluster
7,0.675,0.3,1.0,0.3569138354094206,dual_cluster
7,0.7,0.3,1.0,0.7372286062923901,dual_cluster
7,0.725,0.3,1.0,0.37083013925418884,dual_cluster
7,0.75,0.3,1.0,0.5578029601268466,dual_cluster
7,0.7749999999999999,0.3,1.0,0.3961970410780414,dual_cluster
7,0.8,0.3,1.0,0.6989897752246348,dual_cluster
7,0.825,0.3,1.0,0.8636822367171235,dual_cluster
7,0.85,0.3,1.0,0.791011142075631,dual_cluster
7,0.875,0.3,1.0,0.6507377903908163,dual_cluster
7,0.8999999999999999,0.3,1.0,0.6714375573050324,dual_cluster
7,0.9249999999999999,0.3,1.0,0.7077505205614104,dual_cluster
7,0.95,0.3,1.0,0.7189415596838342,dual_cluster
7,0.975,0.3,1.0,0.7305082993666949,dual_cluster
7,1.0,0.3,1.0,0.7424920897766544,dual_cluster
7,1.025,0.3,1.0,0.7548122827085046,dual_cluster
7,1.0499999999999998,0.3,1.0,0.7673253859966017,dual_cluster
7,1.075,0.3,1.0,0.7798341966226247,dual_cluster
7,1.1,0.3,1.0,0.7921165117398888,dual_cluster
7,1.125,0.3,1.0,0.8039642092273364,dual_cluster
7,1.15,0.3,1.0,0.8152158822557155,dual_cluster
7,1.1749999999999998,0.3,1.0,0.825771253846633,dual_cluster
7,1.2,0.3,1.0,0.8355876422808933,dual_cluster
8,0.4,0.3,1.0,0.5393494584706711,takeover
8,0.42500000000000004,0.3,1.0,0.5896454449459358,dual_cluster
8,0.45,0.3,1.0,0.7649641566161492,dual_cluster
8,0.47500000000000003,0.3,1.0,0.7130439821716389,dual_cluster
8,0.5,0.3,1.0,0.6362695716361106,dual_cluster
8,0.525,0.3,1.0,0.3219382367707266,dual_cluster
8,0.55,0.3,1.0,0.43973825816535456,dual_cluster
8,0.575,0.3,1.0,0.3663607611165395,dual_cluster
8,0.6,0.3,1.0,0.7777705382765534,dual_cluster
8,0.625,0.3,1.0,0.35469018257318835,dual_cluster
8,0.65,0.3,1.0,0.6960767163425984,dual_cluster
8,0.675,0.3,1.0,0.40094312140127,dual_cluster
8,0.7,0.3,1.0,0.6544442005156693,dual_cluster
8,0.725,0.3,1.0,0.6220794772233328,dual_cluster
8,0.75,0.3,1.0,0.9458178260439325,dual_cluster
8,0.7749999999999999,0.3,1.0,0.9493021431040685,dual_cluster
8,0.8,0.3,1.0,0.4350396646769324,dual_cluster
8,0.825,0.3,1.0,0.6466360838519682,dual_cluster
8,0.85,0.3,1.0,0.7845840200011578,dual_cluster
8,0.875,0.3,1.0,0.6860990041891465,dual_cluster
8,0.8999999999999999,0.3,1.0,0.7050507742098474,dual_cluster
8,0.9249999999999999,0.3,1.0,0.7175077942891761,dual_cluster
8,0.95,0.3,1.0,0.7304865192845843,dual_cluster
8,0.975,0.3,1.0,0.7439228756935315,dual_cluster
8,1.0,0.3,1.0,0.7576627188932912,dual_cluster
8,1.025,0.3,1.0,0.7714682080765518,dual_cluster
8,1.0499999999999998,0.3,1.0,0.7850533681184205,dual_cluster
8,1.075,0.3,1.0,0.7981423592400299,dual_cluster
8,1.1,0.3,1.0,0.8105219378462888,dual_cluster
8,1.125,0.3,1.0,0.8220649644457559,dual_cluster
8,1.15,0.3,1.0,0.8327242650268406,dual_cluster
8,1.1749999999999998,0.3,1.0,0.8425111216489916,dual_cluster
8,1.2,0.3,1.0,0.851472182511348,dual_cluster
9,0.4,0.3,1.0,0.741250620510131,takeover
9,0.42500000000000004,0.3,1.0,0.7671133151199684,dual_cluster
9,0.45,0.3,1.0,0.7672156063855533,dual_cluster
9,0.47500000000000003,0.3,1.0,0.8708655667030739,dual_cluster
9,0.5,0.3,1.0,0.5034202885437224,dual_cluster
9,0.525,0.3,1.0,0.7682784010768117,dual_cluster
9,0.55,0.3,1.0,0.4351476042883607,dual_cluster
9,0.575,0.3,1.0,0.36074310900842443,dual_cluster
9,0.6,0.3,1.0,0.5458855652047886,dual_cluster
9,0.625,0.3,1.0,0.907228160921847,dual_cluster
9,0.65,0.3,1.0,0.5686489903505324,dual_cluster
9,0.675,0.3,1.0,0.42043145047835007,dual_cluster
9,0.7,0.3,1.0,0.5608102662699783,dual_cluster
9,0.725,0.3,1.0,0.8710659720997384,dual_cluster
9,0.75,0.3,1.0,0.5520721036903398,dual_cluster
9,0.7749999999999999,0.3,1.0,0.3994600455023924,dual_cluster
9,0.8,0.3,1.0,0.43830085872291397,dual_cluster
9,0.825,0.3,1.0,0.5540847386841565,dual_cluster
9,0.85,0.3,1.0,0.6725096832281322,dual_cluster
9,0.875,0.3,1.0,0.7173624417733679,dual_cluster
9,0.8999999999999999,0.3,1.0,0.7050735752481551,dual_cluster
9,0.9249999999999999,0.3,1.0,0.7169431543600657,dual_cluster
9,0.95,0.3,1.0,0.7293139050127813,dual_cluster
9,0.975,0.3,1.0,0.7421569506149805,dual_cluster
9,1.0,0.3,1.0,0.75535673494696,dual_cluster
9,1.025,0.3,1.0,0.7687179859664856,dual_cluster
9,1.0499999999999998,0.3,1.0,0.781986509880496,dual_cluster
9,1.075,0.3,1.0,0.7948953343633673,dual_cluster
9,1.1,0.3,1.0,0.8072165201203998,dual_cluster
9,1.125,0.3,1.0,0.8187943584967489,dual_cluster
9,1.15,0.3,1.0,0.8295507932754972,dual_cluster
9,1.1749999999999998,0.3,1.0,0.8394711295018948,dual_cluster
9,1.2,0.3,1.0,0.8485831857842316,dual_cluster
10,0.4,0.3,1.0,0.2431492073874624,dual_cluster
10,0.42500000000000004,0.3,1.0,0.8459654494149162,absorbed
10,0.45,0.3,1.0,0.5752867237110868,dual_cluster
10,0.47500000000000003,0.3,1.0,0.3776972596347942,dual_cluster
10,0.5,0.3,1.0,0.42656356256099287,dual_cluster
10,0.525,0.3,1.0,0.7073781672799777,dual_cluster
10,0.55,0.3,1.0,0.8719848007148712,dual_cluster
10,0.575,0.3,1.0,0.7443773557730117,dual_cluster
10,0.6,0.3,1.0,0.5615990395265124,dual_cluster
10,0.625,0.3,1.0,0.6299782248756478,dual_cluster
10,0.65,0.3,1.0,0.8935744577026559,dual_cluster
10,0.675,0.3,1.0,0.44513869793705546,dual_cluster
10,0.7,0.3,1.0,0.6517465460362339,dual_cluster
10,0.725,0.3,1.0,0.509885023065619,dual_cluster
10,0.75,0.3,1.0,0.5540652140250268,dual_cluster
10,0.7749999999999999,0.3,1.0,0.9192753827691036,dual_cluster
10,0.8,0.3,1.0,0.6979068599139178,dual_cluster
10,0.825,0.3,1.0,0.5768947406469961,dual_cluster
10,0.85,0.3,1.0,0.562145783474108,dual_cluster
10,0.875,0.3,1.0,0.6321719084504663,dual_cluster
10,0.8999999999999999,0.3,1.0,0.7035046152363926,dual_cluster
10,0.9249999999999999,0.3,1.0,0.7151626039423646,dual_cluster
10,0.95,0.3,1.0,0.7267556982253762,dual_cluster
10,0.975,0.3,1.0,0.7388130052760422,dual_cluster
10,1.0,0.3,1.0,0.7512647484229132,dual_cluster
10,1.025,0.3,1.0,0.7639742722978399,dual_cluster
10,1.0499999999999998,0.3,1.0,0.7767419894519361,dual_cluster
10,1.075,0.3,1.0,0.7893322897751,dual_cluster
10,1.1,0.3,1.0,0.8015157552457214,dual_cluster
10,1.125,0.3,1.0,0.8131082134258488,dual_cluster
10,1.15,0.3,1.0,0.8239908434077073,dual_cluster
10,1.1749999999999998,0.3,1.0,0.8341090978500072,dual_cluster
10,1.2,0.3,1.0,0.8434587632837359,dual_cluster
11,0.4,0.3,1.0,0.2603762841535191,takeover
11,0.42500000000000004,0.3,1.0,0.7917709890914129,dual_cluster
11,0.45,0.3,1.0,0.45004331054600494,dual_cluster
11,0.47500000000000003,0.3,1.0,0.3121942202827688,dual_cluster
11,0.5,0.3,1.0,0.3253409938308251,dual_cluster
11,0.525,0.3,1.0,0.5270417125051864,dual_cluster
11,0.55,0.3,1.0,0.9131467606139769,dual_cluster
11,0.575,0.3,1.0,0.5220422632605973,dual_cluster
11,0.6,0.3,1.0,0.36201923951528403,dual_cluster
11,0.625,0.3,1.0,0.36084563320435126,dual_cluster
11,0.65,0.3,1.0,0.6491628103361923,dual_cluster
11,0.675,0.3,1.0,0.9127013673561425,dual_cluster
11,0.7,0.3,1.0,0.8678472479859978,dual_cluster
11,0.725,0.3,1.0,0.8570296690958875,dual_cluster
11,0.75,0.3,1.0,0.967005107151207,absorbed
11,0.7749999999999999,0.3,1.0,0.5891254554642069,dual_cluster
11,0.8,0.3,1.0,0.9504176639194395,dual_cluster
11,0.825,0.3,1.0,0.8363221020795143,dual_cluster
11,0.85,0.3,1.0,0.7392423457480165,dual_cluster
11,0.875,0.3,1.0,0.6922336968690435,dual_cluster
11,0.8999999999999999,0.3,1.0,0.7049527787191214,dual_cluster
11,0.9249999999999999,0.3,1.0,0.7157489522397339,dual_cluster
11,0.95,0.3,1.0,0.7273394094377801,dual_cluster
11,0.975,0.3,1.0,0.7393750685806679,dual_cluster
11,1.0,0.3,1.0,0.7517853652358312,dual_cluster
11,1.025,0.3,1.0,0.7644351484762089,dual_cluster
11,1.0499999999999998,0.3,1.0,0.7771294813747482,dual_cluster
11,1.075,0.3,1.0,0.7896398238730884,dual_cluster
11,1.1,0.3,1.0,0.801744276261937,dual_cluster
11,1.125,0.3,1.0,0.8132645713785861,dual_cluster
11,1.15,0.3,1.0,0.8240851855027016,dual_cluster
11,1.1749999999999998,0.3,1.0,0.8341524812362733,dual_cluster
11,1.2,0.3,1.0,0.8434615907336687,dual_cluster
12,0.4,0.3,1.0,0.5948354025560365,takeover
12,0.42500000000000004,0.3,1.0,0.4807523936164402,dual_cluster
12,0.45,0.3,1.0,0.7007860582907403,dual_cluster
12,0.47500000000000003,0.3,1.0,0.8524450247831015,dual_cluster
12,0.5,0.3,1.0,0.8447654638598779,dual_cluster
12,0.525,0.3,1.0,0.9093224897999245,absorbed
12,0.55,0.3,1.0,0.3659647056218206,dual_cluster
12,0.575,0.3,1.0,0.9338306180661387,absorbed
12,0.6,0.3,1.0,0.8707678614589492,dual_cluster
12,0.625,0.3,1.0,0.9311664604103415,dual_cluster
12,0.65,0.3,1.0,0.3605917972141533,dual_cluster
12,0.675,0.3,1.0,0.9060501696985414,dual_cluster
12,0.7,0.3,1.0,0.8143511851535922,dual_cluster
12,0.725,0.3,1.0,0.9072221730431109,dual_cluster
12,0.75,0.3,1.0,0.40110791869749574,dual_cluster
12,0.7749999999999999,0.3,1.0,0.8613543345066936,dual_cluster
12,0.8,0.3,1.0,0.6877274021606847,dual_cluster
12,0.825,0.3,1.0,0.586862262944013,dual_cluster
12,0.85,0.3,1.0,0.6297634321015284,dual_cluster
12,0.875,0.3,1.0,0.6960400740607378,dual_cluster
12,0.8999999999999999,0.3,1.0,0.7095357666466647,dual_cluster
12,0.9249999999999999,0.3,1.0,0.7229255518862209,dual_cluster
12,0.95,0.3,1.0,0.7369265764474965,dual_cluster
12,0.975,0.3,1.0,0.7513891518869465,dual_cluster
12,1.0,0.3,1.0,0.7660457005249058,dual_cluster
12,1.025,0.3,1.0,0.7805469183146493,dual_cluster
12,1.0499999999999998,0.3,1.0,0.7945406028503524,dual_cluster
12,1.075,0.3,1.0,0.8077508452385999,dual_cluster
12,1.1,0.3,1.0,0.8200158566749741,dual_cluster
12,1.125,0.3,1.0,0.8312798522938016,dual_cluster
12,1.15,0.3,1.0,0.8415618512733264,dual_cluster
12,1.1749999999999998,0.3,1.0,0.8509233986303197,dual_cluster
12,1.2,0.3,1.0,0.8594448278286472,dual_cluster
13,0.4,0.3,1.0,0.6391505760939332,dual_cluster
13,0.42500000000000004,0.3,1.0,0.3548922583385591,dual_cluster
13,0.45,0.3,1.0,0.5811887833676277,dual_cluster
13,0.47500000000000003,0.3,1.0,0.8572160054146449,dual_cluster
13,0.5,0.3,1.0,0.7694253842590775,dual_cluster
13,0.525,0.3,1.0,0.6246532056689712,dual_cluster
13,0.55,0.3,1.0,0.7068733657674676,dual_cluster
13,0.575,0.3,1.0,0.937761431251781,dual_cluster
13,0.6,0.3,1.0,0.49083722064894686,dual_cluster
13,0.625,0.3,1.0,0.5689304854305949,dual_cluster
13,0.65,0.3,1.0,0.5820452539272133,dual_cluster
13,0.675,0.3,1.0,0.5018067525929779,dual_cluster
13,0.7,0.3,1.0,0.9273043928797704,dual_cluster
13,0.725,0.3,1.0,0.7350783950425654,dual_cluster
13,0.75,0.3,1.0,0.7071456982144049,dual_cluster
13,0.7749999999999999,0.3,1.0,0.8141413245076712,dual_cluster
13,0.8,0.3,1.0,0.8750961971960207,dual_cluster
13,0.825,0.3,1.0,0.6374938146610704,dual_cluster
13,0.85,0.3,1.0,0.7681989266978104,dual_cluster
13,0.875,0.3,1.0,0.7010745679550029,dual_cluster
13,0.8999999999999999,0.3,1.0,0.7127596686874095,dual_cluster
13,0.9249999999999999,0.3,1.0,0.7250554348533972,dual_cluster
13,0.95,0.3,1.0,0.7379009886902622,dual_cluster
13,0.975,0.3,1.0,0.7512009599380717,dual_cluster
13,1.0,0.3,1.0,0.7647702098505471,dual_cluster
13,1.025,0.3,1.0,0.7783469346955446,dual_cluster
13,1.0499999999999998,0.3,1.0,0.791637665446243,dual_cluster
13,1.075,0.3,1.0,0.8043775615899372,dual_cluster
13,1.1,0.3,1.0,0.8163758062242675,dual_cluster
13,1.125,0.3,1.0,0.8275290760098226,dual_cluster
13,1.15,0.3,1.0,0.8378087862463068,dual_cluster
13,1.1749999999999998,0.3,1.0,0.8472377798769519,dual_cluster
13,1.2,0.3,1.0,0.8558683267860601,dual_cluster
14,0.4,0.3,1.0,0.755160465551594,absorbed
14,0.42500000000000004,0.3,1.0,0.47729355987530614,dual_cluster
14,0.45,0.3,1.0,0.45942711344954695,dual_cluster
14,0.47500000000000003,0.3,1.0,0.8059223063769377,dual_cluster
14,0.5,0.3,1.0,0.8063760971657992,dual_cluster
14,0.525,0.3,1.0,0.34668940173922896,dual_cluster
14,0.55,0.3,1.0,0.7395910391311468,dual_cluster
14,0.575,0.3,1.0,0.33771734267640463,dual_cluster
14,0.6,0.3,1.0,0.7174445760703385,dual_cluster
14,0.625,0.3,1.0,0.5202971073981657,dual_cluster
14,0.65,0.3,1.0,0.5574364101104702,dual_cluster
14,0.675,0.3,1.0,0.9424080289361221,absorbed
14,0.7,0.3,1.0,0.8639447122581088,dual_cluster
14,0.725,0.3,1.0,0.8873092304263214,dual_cluster
14,0.75,0.3,1.0,0.7146189610147655,dual_cluster
14,0.7749999999999999,0.3,1.0,0.7138276993466912,dual_cluster
14,0.8,0.3,1.0,0.46684810098678664,dual_cluster
14,0.825,0.3,1.0,0.5772900688988333,dual_cluster
14,0.85,0.3,1.0,0.7564944118771468,dual_cluster
14,0.875,0.3,1.0,0.6953685359392638,dual_cluster
14,0.8999999999999999,0.3,1.0,0.698789323725986,dual_cluster
14,0.9249999999999999,0.3,1.0,0.7114710099624023,dual_cluster
14,0.95,0.3,1.0,0.723392473088764,dual_cluster
14,0.975,0.3,1.0,0.7357650640221549,dual_cluster
14,1.0,0.3,1.0,0.7485200118969805,dual_cluster
14,1.025,0.3,1.0,0.7615189402156939,dual_cluster
14,1.0499999999999998,0.3,1.0,0.7745580189252617,dual_cluster
14,1.075,0.3,1.0,0.787396355228454,dual_cluster
14,1.1,0.3,1.0,0.7998003131563112,dual_cluster
14,1.125,0.3,1.0,0.811584055460473,dual_cluster
14,1.15,0.3,1.0,0.8226297976469873,dual_cluster
14,1.1749999999999998,0.3,1.0,0.8328858814756886,dual_cluster
14,1.2,0.3,1.0,0.8423517704471801,dual_cluster
15,0.4,0.3,1.0,0.6117499412146397,takeover
15,0.42500000000000004,0.3,1.0,0.5246746707710327,dual_cluster
15,0.45,0.3,1.0,0.6230972370534118,dual_cluster
15,0.47500000000000003,0.3,1.0,0.8552131341047966,dual_cluster
15,0.5,0.3,1.0,0.3736304865806604,dual_cluster
15,0.525,0.3,1.0,0.8915254138557918,dual_cluster
15,0.55,0.3,1.0,0.738623328338904,dual_cluster
15,0.575,0.3,1.0,0.761743943507321,dual_cluster
15,0.6,0.3,1.0,0.9374958053649854,absorbed
15,0.625,0.3,1.0,0.45713982178423745,dual_cluster
15,0.65,0.3,1.0,0.7843791986404712,dual_cluster
15,0.675,0.3,1.0,0.893069074872471,dual_cluster
15,0.7,0.3,1.0,0.37521756480110363,dual_cluster
15,0.725,0.3,1.0,0.8057747615569195,dual_cluster
15,0.75,0.3,1.0,0.5520216867738187,dual_cluster
15,0.7749999999999999,0.3,1.0,0.47268106514940844,dual_cluster
15,0.8,0.3,1.0,0.5545356085230457,dual_cluster
15,0.825,0.3,1.0,0.6876992912074336,dual_cluster
15,0.85,0.3,1.0,0.788474388937948,dual_cluster
15,0.875,0.3,1.0,0.6838706294753752,dual_cluster
15,0.8999999999999999,0.3,1.0,0.7057119061435818,dual_cluster
15,0.9249999999999999,0.3,1.0,0.7176927311169178,dual_cluster
15,0.95,0.3,1.0,0.7302163949267648,dual_cluster
15,0.975,0.3,1.0,0.743210578519899,dual_cluster
15,1.0,0.3,1.0,0.7565464676476021,dual_cluster
15,1.025,0.3,1.0,0.7700146207099424,dual_cluster
15,1.0499999999999998,0.3,1.0,0.7833504246734228,dual_cluster
15,1.075,0.3,1.0,0.7962841019837189,dual_cluster
15,1.1,0.3,1.0,0.8085927174795081,dual_cluster
15,1.125,0.3,1.0,0.8201301559775069,dual_cluster
15,1.15,0.3,1.0,0.8308286500120771,dual_cluster
15,1.1749999999999998,0.3,1.0,0.8406820417961425,dual_cluster
15,1.2,0.3,1.0,0.8497241940634265,dual_cluster
16,0.4,0.3,1.0,0.7249318676090495,dual_cluster
16,0.42500000000000004,0.3,1.0,0.7868291981350242,dual_cluster
16,0.45,0.3,1.0,0.4878289151663963,dual_cluster
16,0.47500000000000003,0.3,1.0,0.6366801371349101,dual_cluster
16,0.5,0.3,1.0,0.9046446909556748,absorbed
16,0.525,0.3,1.0,0.8877685865838637,dual_cluster
16,0.55,0.3,1.0,0.35147818545193055,dual_cluster
16,0.575,0.3,1.0,0.8234268387821913,dual_cluster
16,0.6,0.3,1.0,0.5167583613026179,dual_cluster
16,0.625,0.3,1.0,0.4527346952885517,dual_cluster
16,0.65,0.3,1.0,0.6751217936744991,dual_cluster
16,0.675,0.3,1.0,0.9461669760580598,dual_cluster
16,0.7,0.3,1.0,0.8222817645240007,dual_cluster
16,0.725,0.3,1.0,0.7982415173153845,dual_cluster
16,0.75,0.3,1.0,0.9351911456662604,dual_cluster
16,0.7749999999999999,0.3,1.0,0.5165947003497774,dual_cluster
16,0.8,0.3,1.0,0.8919795753057801,dual_cluster
16,0.825,0.3,1.0,0.7006260714434106,dual_cluster
16,0.85,0.3,1.0,0.6169480199548477,dual_cluster
16,0.875,0.3,1.0,0.6975631419970525,dual_cluster
16,0.8999999999999999,0.3,1.0,0.710891637444926,dual_cluster
16,0.9249999999999999,0.3,1.0,0.7236935341550362,dual_cluster
16,0.95,0.3,1.0,0.7370970573973767,dual_cluster
16,0.975,0.3,1.0,0.7509832344456384,dual_cluster
16,1.0,0.3,1.0,0.7651268293237143,dual_cluster
16,1.025,0.3,1.0,0.7792181748106497,dual_cluster
16,1.0499999999999998,0.3,1.0,0.7929252190071353,dual_cluster
16,1.075,0.3,1.0,0.8059668763745406,dual_cluster
16,1.1,0.3,1.0,0.818158716488624,dual_cluster
16,1.125,0.3,1.0,0.8294172097666408,dual_cluster
16,1.15,0.3,1.0,0.8397369366830434,dual_cluster
16,1.1749999999999998,0.3,1.0,0.849161259345598,dual_cluster
16,1.2,0.3,1.0,0.8577582684106847,dual_cluster
17,0.4,0.3,1.0,0.3860927827306136,dual_cluster
17,0.42500000000000004,0.3,1.0,0.7034872699094711,dual_cluster
17,0.45,0.3,1.0,0.7889047816827064,dual_cluster
17,0.47500000000000003,0.3,1.0,0.6034131871097903,dual_cluster
17,0.5,0.3,1.0,0.3188946076675041,dual_cluster
17,0.525,0.3,1.0,0.47680068965988043,dual_cluster
17,0.55,0.3,1.0,0.33781621841852544,dual_cluster
17,0.575,0.3,1.0,0.7289360059554172,dual_cluster
17,0.6,0.3,1.0,0.437385709132203,dual_cluster
17,0.625,0.3,1.0,0.9311701551316937,dual_cluster
17,0.65,0.3,1.0,0.8781445484836202,dual_cluster
17,0.675,0.3,1.0,0.45423767745293075,dual_cluster
17,0.7,0.3,1.0,0.9408087320175398,dual_cluster
17,0.725,0.3,1.0,0.8153377100260234,dual_cluster
17,0.75,0.3,1.0,0.8505255537280152,dual_cluster
17,0.7749999999999999,0.3,1.0,0.9592981469090018,absorbed
17,0.8,0.3,1.0,0.6389845162325888,dual_cluster
17,0.825,0.3,1.0,0.8467375182439584,dual_cluster
17,0.85,0.3,1.0,0.7031354450356325,dual_cluster
17,0.875,0.3,1.0,0.6908435345125213,dual_cluster
17,0.8999999999999999,0.3,1.0,0.7069314201550922,dual_cluster
17,0.9249999999999999,0.3,1.0,0.7196527213438981,dual_cluster
17,0.95,0.3,1.0,0.73293980671974,dual_cluster
17,0.975,0.3,1.0,0.7467036296285775,dual_cluster
17,1.0,0.3,1.0,0.7607538199856899,dual_cluster
17,1.025,0.3,1.0,0.7748123402285038,dual_cluster
17,1.0499999999999998,0.3,1.0,0.7885631905182146,dual_cluster
17,1.075,0.3,1.0,0.8017211690186437,dual_cluster
17,1.1,0.3,1.0,0.8140836396593925,dual_cluster
17,1.125,0.3,1.0,0.825544932722976,dual_cluster
17,1.15,0.3,1.0,0.8360807004282135,dual_cluster
17,1.1749999999999998,0.3,1.0,0.8457210572269481,dual_cluster
17,1.2,0.3,1.0,0.8545260843699699,dual_cluster
18,0.4,0.3,1.0,0.16123397041899382,takeover
18,0.42500000000000004,0.3,1.0,0.643961782135341,takeover
18,0.45,0.3,1.0,0.8063172315409278,absorbed
18,0.47500000000000003,0.3,1.0,0.8543443042924507,absorbed
18,0.5,0.3,1.0,0.4789270527040223,dual_cluster
18,0.525,0.3,1.0,0.67428825339758,dual_cluster
18,0.55,0.3,1.0,0.38715602802006405,dual_cluster
18,0.575,0.3,1.0,0.8186602694857789,dual_cluster
18,0.6,0.3,1.0,0.678087537974808,dual_cluster
18,0.625,0.3,1.0,0.47804530219162517,dual_cluster
18,0.65,0.3,1.0,0.9442223298016053,absorbed
18,0.675,0.3,1.0,0.7976383971918595,dual_cluster
18,0.7,0.3,1.0,0.81592379501441,dual_cluster
18,0.725,0.3,1.0,0.9566905679815081,absorbed
18,0.75,0.3,1.0,0.6422650284624589,dual_cluster
18,0.7749999999999999,0.3,1.0,0.4027677403316031,dual_cluster
18,0.8,0.3,1.0,0.4018932483708968,dual_cluster
18,0.825,0.3,1.0,0.4840244498274412,dual_cluster
18,0.85,0.3,1.0,0.5843696035167915,dual_cluster
18,0.875,0.3,1.0,0.6847451498499187,dual_cluster
18,0.8999999999999999,0.3,1.0,0.7017267038761269,dual_cluster
18,0.9249999999999999,0.3,1.0,0.7134896249344496,dual_cluster
18,0.95,0.3,1.0,0.725823907178957,dual_cluster
18,0.975,0.3,1.0,0.7386250977787586,dual_cluster
18,1.0,0.3,1.0,0.7517948517960723,dual_cluster
18,1.025,0.3,1.0,0.765156196197356,dual_cluster
18,1.0499999999999998,0.3,1.0,0.7784685216953174,dual_cluster
18,1.075,0.3,1.0,0.791468607460714,dual_cluster
18,1.1,0.3,1.0,0.8039218935506891,dual_cluster
18,1.125,0.3,1.0,0.8156598178473148,dual_cluster
18,1.15,0.3,1.0,0.8265905585996048,dual_cluster
18,1.1749999999999998,0.3,1.0,0.8366881976303461,dual_cluster
18,1.2,0.3,1.0,0.8459729271402722,dual_cluster
19,0.4,0.3,1.0,0.41823838110555717,takeover
19,0.42500000000000004,0.3,1.0,0.283978260131982,dual_cluster
19,0.45,0.3,1.0,0.6223645494276188,dual_cluster
19,0.47500000000000003,0.3,1.0,0.825017682396009,dual_cluster
19,0.5,0.3,1.0,0.7487041311095564,dual_cluster
19,0.525,0.3,1.0,0.5526339136364665,dual_cluster
19,0.55,0.3,1.0,0.5912013318930432,dual_cluster
19,0.575,0.3,1.0,0.8387418332150149,dual_cluster
19,0.6,0.3,1.0,0.41219908440957864,dual_cluster
19,0.625,0.3,1.0,0.9442623948644737,dual_cluster
19,0.65,0.3,1.0,0.9162352331632833,dual_cluster
19,0.675,0.3,1.0,0.9062487656107209,dual_cluster
19,0.7,0.3,1.0,0.6133377137475189,dual_cluster
19,0.725,0.3,1.0,0.4308382889865391,dual_cluster
19,0.75,0.3,1.0,0.8387862630745732,dual_cluster
19,0.7749999999999999,0.3,1.0,0.4048674938170341,dual_cluster
19,0.8,0.3,1.0,0.6299420172577888,dual_cluster
19,0.825,0.3,1.0,0.8227284328351565,dual_cluster
19,0.85,0.3,1.0,0.6112357943133238,dual_cluster
19,0.875,0.3,1.0,0.7012097081551653,dual_cluster
19,0.8999999999999999,0.3,1.0,0.7100373121928871,dual_cluster
19,0.9249999999999999,0.3,1.0,0.7223603046681828,dual_cluster
19,0.95,0.3,1.0,0.7352229053031296,dual_cluster
19,0.975,0.3,1.0,0.7485413411838551,dual_cluster
19,1.0,0.3,1.0,0.7621433245198671,dual_cluster
19,1.025,0.3,1.0,0.775777546063989,dual_cluster
19,1.0499999999999998,0.3,1.0,0.7891545963594614,dual_cluster
19,1.075,0.3,1.0,0.8020061203255056,dual_cluster
19,1.1,0.3,1.0,0.8141328225261386,dual_cluster
19,1.125,0.3,1.0,0.825421904411163,dual_cluster
19,1.15,0.3,1.0,0.8358370496637574,dual_cluster
19,1.1749999999999998,0.3,1.0,0.8453959882996296,dual_cluster
19,1.2,0.3,1.0,0.8541481977818601,dual_cluster
0,0.4,0.3,1.5,0.7181535478609423,takeover
0,0.42500000000000004,0.3,1.5,0.26256076438707066,takeover
0,0.45,0.3,1.5,0.5676847093431843,takeover
0,0.47500000000000003,0.3,1.5,0.7153082782373819,dual_cluster
0,0.5,0.3,1.5,0.38843807512197065,dual_cluster
0,0.525,0.3,1.5,0.6252676563414041,dual_cluster
0,0.55,0.3,1.5,0.7362705315690595,dual_cluster
0,0.575,0.3,1.5,0.9095053468482516,dual_cluster
0,0.6,0.3,1.5,0.9012767068568414,dual_cluster
0,0.625,0.3,1.5,0.8759998461869616,dual_cluster
0,0.65,0.3,1.5,0.6047119480173943,dual_cluster
0,0.675,0.3,1.5,0.40715034223769064,dual_cluster
0,0.7,0.3,1.5,0.5116345503581161,dual_cluster
0,0.725,0.3,1.5,0.4966877682423852,dual_cluster
0,0.75,0.3,1.5,0.8959526783789262,dual_cluster
0,0.7749999999999999,0.3,1.5,0.6832349007534031,dual_cluster
0,0.8,0.3,1.5,0.6209204960352647,dual_cluster
0,0.825,0.3,1.5,0.6789905609530642,dual_cluster
0,0.85,0.3,1.5,0.7780991358262738,dual_cluster
0,0.875,0.3,1.5,0.7511492289114197,dual_cluster
0,0.8999999999999999,0.3,1.5,0.7003231452769971,dual_cluster
0,0.9249999999999999,0.3,1.5,0.7126215879346195,dual_cluster
0,0.95,0.3,1.5,0.724591030870938,dual_cluster
0,0.975,0.3,1.5,0.7370723120104979,dual_cluster
0,1.0,0.3,1.5,0.7499883346696259,dual_cluster
0,1.025,0.3,1.5,0.7631807390657148,dual_cluster
0,1.0499999999999998,0.3,1.5,0.7764176034142835,dual_cluster
0,1.075,0.3,1.5,0.7894294491557773,dual_cluster
0,1.1,0.3,1.5,0.8019624421325948,dual_cluster
0,1.125,0.3,1.5,0.8138232913481305,dual_cluster
0,1.15,0.3,1.5,0.8248976432258461,dual_cluster
0,1.1749999999999998,0.3,1.5,0.835143161737059,dual_cluster
0,1.2,0.3,1.5,0.8445700185255973,dual_cluster
1,0.4,0.3,1.5,0.22811931688425105,takeover
1,0.42500000000000004,0.3,1.5,0.828857981745745,absorbed
1,0.45,0.3,1.5,0.6587641206524678,dual_cluster
1,0.47500000000000003,0.3,1.5,0.5264074248948891,dual_cluster
1,0.5,0.3,1.5,0.6259132547404128,dual_cluster
1,0.525,0.3,1.5,0.8819923220662135,dual_cluster
1,0.55,0.3,1.5,0.33030114693436186,dual_cluster
1,0.575,0.3,1.5,0.9362675881047641,absorbed
1,0.6,0.3,1.5,0.9051165925252618,dual_cluster
1,0.625,0.3,1.5,0.9481624733717793,absorbed
1,0.65,0.3,1.5,0.39023177482770594,dual_cluster
1,0.675,0.3,1.5,0.9509989320701768,dual_cluster
1,0.7,0.3,1.5,0.8698162633343548,dual_cluster
1,0.725,0.3,1.5,0.9446466816323176,dual_cluster
1,0.75,0.3,1.5,0.4176034938351188,dual_cluster
1,0.7749999999999999,0.3,1.5,0.9200874383119005,dual_cluster
1,0.8,0.3,1.5,0.7955713170391443,dual_cluster
1,0.825,0.3,1.5,0.7787066309218329,dual_cluster
1,0.85,0.3,1.5,0.8154261049505632,dual_cluster
1,0.875,0.3,1.5,0.7659723742163715,dual_cluster
1,0.8999999999999999,0.3,1.5,0.6983966566202198,dual_cluster
1,0.9249999999999999,0.3,1.5,0.712672918296456,dual_cluster
1,0.95,0.3,1.5,0.7244133189297531,dual_cluster
1,0.975,0.3,1.5,0.7366539387865726,dual_cluster
1,1.0,0.3,1.5,0.7493276631564969,dual_cluster
1,1.025,0.3,1.5,0.7622929011731687,dual_cluster
1,1.0499999999999998,0.3,1.5,0.7753363574200282,dual_cluster
1,1.075,0.3,1.5,0.7882028796265702,dual_cluster
1,1.1,0.3,1.5,0.8006437988363763,dual_cluster
1,1.125,0.3,1.5,0.8124615623761414,dual_cluster
1,1.15,0.3,1.5,0.8235317865376898,dual_cluster
1,1.1749999999999998,0.3,1.5,0.8338007006294985,dual_cluster
1,1.2,0.3,1.5,0.8432684535474483,dual_cluster
2,0.4,0.3,1.5,0.6859881293049473,takeover
2,0.42500000000000004,0.3,1.5,0.7773410291840435,takeover
2,0.45,0.3,1.5,0.7979821173617531,dual_cluster
2,0.47500000000000003,0.3,1.5,0.8641231419154669,absorbed
2,0.5,0.3,1.5,0.3437659235136048,dual_cluster
2,0.525,0.3,1.5,0.8209412925198376,dual_cluster
2,0.55,0.3,1.5,0.51257983402814,dual_cluster
2,0.575,0.3,1.5,0.42635140445587655,dual_cluster
2,0.6,0.3,1.5,0.6292717700736307,dual_cluster
2,0.625,0.3,1.5,0.9411484752730264,absorbed
2,0.65,0.3,1.5,0.6761207704827189,dual_cluster
2,0.675,0.3,1.5,0.5663935676597327,dual_cluster
2,0.7,0.3,1.5,0.7158163370095835,dual_cluster
2,0.725,0.3,1.5,0.9492803416213852,absorbed
2,0.75,0.3,1.5,0.782015413966888,dual_cluster
2,0.7749999999999999,0.3,1.5,0.7077709430848812,dual_cluster
2,0.8,0.3,1.5,0.776459476283336,dual_cluster
2,0.825,0.3,1.5,0.8989712106400538,dual_cluster
2,0.85,0.3,1.5,0.5737658015789772,dual_cluster
2,0.875,0.3,1.5,0.7365757366928639,dual_cluster
2,0.8999999999999999,0.3,1.5,0.7004680234389452,dual_cluster
2,0.9249999999999999,0.3,1.5,0.7126584651584345,dual_cluster
2,0.95,0.3,1.5,0.7251415303757449,dual_cluster
2,0.975,0.3,1.5,0.7381385819809135,dual_cluster
2,1.0,0.3,1.5,0.7515454464391914,dual_cluster
2,1.025,0.3,1.5,0.7651682605177743,dual_cluster
2,1.0499999999999998,0.3,1.5,0.7787413712682936,dual_cluster
2,1.075,0.3,1.5,0.7919762108938411,dual_cluster
2,1.1,0.3,1.5,0.8046208920462478,dual_cluster
2,1.125,0.3,1.5,0.8165009189399659,dual_cluster
2,1.15,0.3,1.5,0.8275277177494159,dual_cluster
2,1.1749999999999998,0.3,1.5,0.8376833403258872,dual_cluster
2,1.2,0.3,1.5,0.8469969858872874,dual_cluster
3,0.4,0.3,1.5,0.7779777931018727,absorbed
3,0.42500000000000004,0.3,1.5,0.6648416339884854,dual_cluster
3,0.45,0.3,1.5,0.6350391728582304,dual_cluster
3,0.47500000000000003,0.3,1.5,0.7701907290929932,dual_cluster
3,0.5,0.3,1.5,0.8460621599171034,dual_cluster
3,0.525,0.3,1.5,0.5545545427887278,dual_cluster
3,0.55,0.3,1.5,0.46816930294655634,dual_cluster
3,0.575,0.3,1.5,0.7502998162749955,dual_cluster
3,0.6,0.3,1.5,0.3860591362721036,dual_cluster
3,0.625,0.3,1.5,0.6862938633362822,dual_cluster
3,0.65,0.3,1.5,0.4444163732477952,dual_cluster
3,0.675,0.3,1.5,0.9014489122349446,dual_cluster
3,0.7,0.3,1.5,0.49074706394760864,dual_cluster
3,0.725,0.3,1.5,0.6525916206949632,dual_cluster
3,0.75,0.3,1.5,0.4894325093475365,dual_cluster
3,0.7749999999999999,0.3,1.5,0.9588319315689564,absorbed
3,0.8,0.3,1.5,0.9514488332697255,dual_cluster
3,0.825,0.3,1.5,0.49199169185415176,dual_cluster
3,0.85,0.3,1.5,0.6613882217942518,dual_cluster
3,0.875,0.3,1.5,0.7362734022747439,dual_cluster
3,0.8999999999999999,0.3,1.5,0.7033899517573162,dual_cluster
3,0.9249999999999999,0.3,1.5,0.7152146730047916,dual_cluster
3,0.95,0.3,1.5,0.7275215862058492,dual_cluster
3,0.975,0.3,1.5,0.740322220333364,dual_cluster
3,1.0,0.3,1.5,0.7535119277738309,dual_cluster
3,1.025,0.3,1.5,0.7669023376804225,dual_cluster
3,1.0499999999999998,0.3,1.5,0.7802390805408639,dual_cluster
3,1.075,0.3,1.5,0.7932474279705833,dual_cluster
3,1.1,0.3,1.5,0.8056871627030798,dual_cluster
3,1.125,0.3,1.5,0.8173902407639738,dual_cluster
3,1.15,0.3,1.5,0.8282692623658086,dual_cluster
3,1.1749999999999998,0.3,1.5,0.8383039429901016,dual_cluster
3,1.2,0.3,1.5,0.8475195775070028,dual_cluster
4,0.4,0.3,1.5,0.7972828598155015,absorbed
4,0.42500000000000004,0.3,1.5,0.8115820034711111,dual_cluster
4,0.45,0.3,1.5,0.855716829549681,dual_cluster
4,0.47500000000000003,0.3,1.5,0.7672793964582727,dual_cluster
4,0.5,0.3,1.5,0.5361866270999354,dual_cluster
4,0.525,0.3,1.5,0.7103130411034563,dual_cluster
4,0.55,0.3,1.5,0.9363346824472604,absorbed
4,0.575,0.3,1.5,0.9296680417213399,dual_cluster
4,0.6,0.3,1.5,0.3533171265572458,dual_cluster
4,0.625,0.3,1.5,0.8614272401553263,dual_cluster
4,0.65,0.3,1.5,0.6436205820516561,dual_cluster
4,0.675,0.3,1.5,0.6544654027763469,dual_cluster
4,0.7,0.3,1.5,0.8766425311681646,dual_cluster
4,0.725,0.3,1.5,0.4538814920702066,dual_cluster
4,0.75,0.3,1.5,0.8395009412670879,dual_cluster
4,0.7749999999999999,0.3,1.5,0.9223237053642033,dual_cluster
4,0.8,0.3,1.5,0.47423563405666685,dual_cluster
4,0.825,0.3,1.5,0.6924274989604272,dual_cluster
4,0.85,0.3,1.5,0.8139943417402806,dual_cluster
4,0.875,0.3,1.5,0.682638357095192,dual_cluster
4,0.8999999999999999,0.3,1.5,0.7080927480783732,dual_cluster
4,0.9249999999999999,0.3,1.5,0.7199275364363177,dual_cluster
4,0.95,0.3,1.5,0.7323006630087655,dual_cluster
4,0.975,0.3,1.5,0.7451783423516462,dual_cluster
4,1.0,0.3,1.5,0.7584276294560977,dual_cluster
4,1.025,0.3,1.5,0.7718308266462388,dual_cluster
4,1.0499999999999998,0.3,1.5,0.7851127771040908,dual_cluster
4,1.075,0.3,1.5,0.7979942512048879,dual_cluster
4,1.1,0.3,1.5,0.8102466001592465,dual_cluster
4,1.125,0.3,1.5,0.8217220918919074,dual_cluster
4,1.15,0.3,1.5,0.8323540663225321,dual_cluster
4,1.1749999999999998,0.3,1.5,0.8421385437226456,dual_cluster
4,1.2,0.3,1.5,0.851111545083074,dual_cluster
5,0.4,0.3,1.5,0.7696830579730095,dual_cluster
5,0.42500000000000004,0.3,1.5,0.43327328559952594,dual_cluster
5,0.45,0.3,1.5,0.581566926378285,dual_cluster
5,0.47500000000000003,0.3,1.5,0.8002387268196447,dual_cluster
5,0.5,0.3,1.5,0.8410241994166467,dual_cluster
5,0.525,0.3,1.5,0.7505106125720048,dual_cluster
5,0.55,0.3,1.5,0.8492320472045417,dual_cluster
5,0.575,0.3,1.5,0.8054812273353557,dual_cluster
5,0.6,0.3,1.5,0.7326113160529787,dual_cluster
5,0.625,0.3,1.5,0.5001083744444373,dual_cluster
5,0.65,0.3,1.5,0.5402453686673675,dual_cluster
5,0.675,0.3,1.5,0.8105889686355158,dual_cluster
5,0.7,0.3,1.5,0.37809617293769837,dual_cluster
5,0.725,0.3,1.5,0.9473181277942951,dual_cluster
5,0.75,0.3,1.5,0.905699214876331,dual_cluster
5,0.7749999999999999,0.3,1.5,0.4995193318505352,dual_cluster
5,0.8,0.3,1.5,0.7818208764578267,dual_cluster
5,0.825,0.3,1.5,0.5408237786353487,dual_cluster
5,0.85,0.3,1.5,0.7531698597455198,dual_cluster
5,0.875,0.3,1.5,0.7002754136389048,dual_cluster
5,0.8999999999999999,0.3,1.5,0.712674042298477,dual_cluster
5,0.9249999999999999,0.3,1.5,0.7249297650788291,dual_cluster
5,0.95,0.3,1.5,0.7377501370418995,dual_cluster
5,0.975,0.3,1.5,0.7510425434998796,dual_cluster
5,1.0,0.3,1.5,0.7646214385887691,dual_cluster
5,1.025,0.3,1.5,0.7782212453520032,dual_cluster
5,1.0499999999999998,0.3,1.5,0.7915424670965658,dual_cluster
5,1.075,0.3,1.5,0.8043141878833929,dual_cluster
5,1.1,0.3,1.5,0.8163412788480485,dual_cluster
5,1.125,0.3,1.5,0.8275183494672673,dual_cluster
5,1.15,0.3,1.5,0.8378164581837503,dual_cluster
5,1.1749999999999998,0.3,1.5,0.8472590125444234,dual_cluster
5,1.2,0.3,1.5,0.8558991738722029,dual_cluster
6,0.4,0.3,1.5,0.5297045725259577,dual_cluster
6,0.42500000000000004,0.3,1.5,0.3096348919046596,dual_cluster
6,0.45,0.3,1.5,0.2841710709727294,dual_cluster
6,0.47500000000000003,0.3,1.5,0.4725521301534144,dual_cluster
6,0.5,0.3,1.5,0.8455128779430305,dual_cluster
6,0.525,0.3,1.5,0.3285426683171599,dual_cluster
6,0.55,0.3,1.5,0.9092446981500942,dual_cluster
6,0.575,0.3,1.5,0.9398851049577523,absorbed
6,0.6,0.3,1.5,0.8224028640165957,dual_cluster
6,0.625,0.3,1.5,0.5411279311659223,dual_cluster
6,0.65,0.3,1.5,0.856645501436664,dual_cluster
6,0.675,0.3,1.5,0.9564448998747075,absorbed
6,0.7,0.3,1.5,0.8695925680546436,dual_cluster
6,0.725,0.3,1.5,0.5838082791443873,dual_cluster
6,0.75,0.3,1.5,0.8840706112470973,dual_cluster
6,0.7749999999999999,0.3,1.5,0.9445584638946085,dual_cluster
6,0.8,0.3,1.5,0.9505015014911948,dual_cluster
6,0.825,0.3,1.5,0.49060777341009343,dual_cluster
6,0.85,0.3,1.5,0.6678149550282201,dual_cluster
6,0.875,0.3,1.5,0.7412504491321675,dual_cluster
6,0.8999999999999999,0.3,1.5,0.705095406167949,dual_cluster
6,0.9249999999999999,0.3,1.5,0.7167260214187957,dual_cluster
6,0.95,0.3,1.5,0.7288824771364817,dual_cluster
6,0.975,0.3,1.5,0.7415456067070462,dual_cluster
6,1.0,0.3,1.5,0.7546104601254041,dual_cluster
6,1.025,0.3,1.5,0.7678888685854203,dual_cluster
6,1.0499999999999998,0.3,1.5,0.7811267426306027,dual_cluster
6,1.075,0.3,1.5,0.7940492124157178,dual_cluster
6,1.1,0.3,1.5,0.8064152435623121,dual_cluster
6,1.125,0.3,1.5,0.8180554114253215,dual_cluster
6,1.15,0.3,1.5,0.8288806873632867,dual_cluster
6,1.1749999999999998,0.3,1.5,0.838869199153376,dual_cluster
6,1.2,0.3,1.5,0.8480448552786161,dual_cluster
7,0.4,0.3,1.5,0.6380156503643283,takeover
7,0.42500000000000004,0.3,1.5,0.7264878593900784,takeover
7,0.45,0.3,1.5,0.7364391940437386,takeover
7,0.47500000000000003,0.3,1.5,0.48298875183005857,dual_cluster
7,0.5,0.3,1.5,0.6441909325357739,dual_cluster
7,0.525,0.3,1.5,0.9052841601548887,absorbed
7,0.55,0.3,1.5,0.9044073320101272,dual_cluster
7,0.575,0.3,1.5,0.390821073457034,dual_cluster
7,0.6,0.3,1.5,0.7728550913711786,dual_cluster
7,0.625,0.3,1.5,0.41011106886037946,dual_cluster
7,0.65,0.3,1.5,0.348514736029852,dual_cluster
7,0.675,0.3,1.5,0.5168594081467623,dual_cluster
7,0.7,0.3,1.5,0.8955594047656843,dual_cluster
7,0.725,0.3,1.5,0.6116282765743145,dual_cluster
7,0.75,0.3,1.5,0.5259840551404324,dual_cluster
7,0.7749999999999999,0.3,1.5,0.6735641409840954,dual_cluster
7,0.8,0.3,1.5,0.9317288967001206,dual_cluster
7,0.825,0.3,1.5,0.6493948574239,dual_cluster
7,0.85,0.3,1.5,0.4959543200676611,dual_cluster
7,0.875,0.3,1.5,0.7678356916896568,dual_cluster
7,0.8999999999999999,0.3,1.5,0.7245533698670039,dual_cluster
7,0.9249999999999999,0.3,1.5,0.7072434274880531,dual_cluster
7,0.95,0.3,1.5,0.7184792633424735,dual_cluster
7,0.975,0.3,1.5,0.7299991552252264,dual_cluster
7,1.0,0.3,1.5,0.7419566314969942,dual_cluster
7,1.025,0.3,1.5,0.7542739031827614,dual_cluster
7,1.0499999999999998,0.3,1.5,0.7668078272871931,dual_cluster
7,1.075,0.3,1.5,0.7793580323667602,dual_cluster
7,1.1,0.3,1.5,0.7916960202923947,dual_cluster
7,1.125,0.3,1.5,0.8036060517027653,dual_cluster
7,1.15,0.3,1.5,0.8149199431017586,dual_cluster
7,1.1749999999999998,0.3,1.5,0.8255327911733054,dual_cluster
7,1.2,0.3,1.5,0.8353995767693568,dual_cluster
8,0.4,0.3,1.5,0.5854897375900258,takeover
8,0.42500000000000004,0.3,1.5,0.6330374203655655,dual_cluster
8,0.45,0.3,1.5,0.7956547125448389,dual_cluster
8,0.47500000000000003,0.3,1.5,0.5951114287714405,dual_cluster
8,0.5,0.3,1.5,0.71660875522779,dual_cluster
8,0.525,0.3,1.5,0.37780690417602203,dual_cluster
8,0.55,0.3,1.5,0.32873952097265224,dual_cluster
8,0.575,0.3,1.5,0.5105503463676796,dual_cluster
8,0.6,0.3,1.5,0.8929229772877684,dual_cluster
8,0.625,0.3,1.5,0.5336607580155327,dual_cluster
8,0.65,0.3,1.5,0.3811790539994664,dual_cluster
8,0.675,0.3,1.5,0.5331819830150363,dual_cluster
8,0.7,0.3,1.5,0.877076456926299,dual_cluster
8,0.725,0.3,1.5,0.5839026023910749,dual_cluster
8,0.75,0.3,1.5,0.48392677911780385,dual_cluster
8,0.7749999999999999,0.3,1.5,0.6049165230859181,dual_cluster
8,0.8,0.3,1.5,0.8165279020615271,dual_cluster
8,0.825,0.3,1.5,0.49961958964533787,dual_cluster
8,0.85,0.3,1.5,0.7643689398460712,dual_cluster
8,0.875,0.3,1.5,0.6735848489987644,dual_cluster
8,0.8999999999999999,0.3,1.5,0.7041781066935594,dual_cluster
8,0.9249999999999999,0.3,1.5,0.7165436720006487,dual_cluster
8,0.95,0.3,1.5,0.7294397242918339,dual_cluster
8,0.975,0.3,1.5,0.7428437520088427,dual_cluster
8,1.0,0.3,1.5,0.7566069137970175,dual_cluster
8,1.025,0.3,1.5,0.7704875552372558,dual_cluster
8,1.0499999999999998,0.3,1.5,0.7841860640208111,dual_cluster
8,1.075,0.3,1.5,0.7974075317284761,dual_cluster
8,1.1,0.3,1.5,0.8099209174294968,dual_cluster
8,1.125,0.3,1.5,0.8215869994641197,dual_cluster
8,1.15,0.3,1.5,0.8323528229158351,dual_cluster
8,1.1749999999999998,0.3,1.5,0.8422284680625347,dual_cluster
8,1.2,0.3,1.5,0.8512618865291691,dual_cluster
9,0.4,0.3,1.5,0.7730882638972222,absorbed
9,0.42500000000000004,0.3,1.5,0.7696106507695365,dual_cluster
9,0.45,0.3,1.5,0.7742850602614579,dual_cluster
9,0.47500000000000003,0.3,1.5,0.8812948063470926,dual_cluster
9,0.5,0.3,1.5,0.4102621445747547,dual_cluster
9,0.525,0.3,1.5,0.8203839335877277,dual_cluster
9,0.55,0.3,1.5,0.5331169100018078,dual_cluster
9,0.575,0.3,1.5,0.4690569774726293,dual_cluster
9,0.6,0.3,1.5,0.680114153296622,dual_cluster
9,0.625,0.3,1.5,0.9416746042419014,absorbed
9,0.65,0.3,1.5,0.7463084373978199,dual_cluster
9,0.675,0.3,1.5,0.6576066684273105,dual_cluster
9,0.7,0.3,1.5,0.7985045706808255,dual_cluster
9,0.725,0.3,1.5,0.6498526433169558,dual_cluster
9,0.75,0.3,1.5,0.8604502123104982,dual_cluster
9,0.7749999999999999,0.3,1.5,0.7861593010792576,dual_cluster
9,0.8,0.3,1.5,0.8423083034578359,dual_cluster
9,0.825,0.3,1.5,0.87250780512081,dual_cluster
9,0.85,0.3,1.5,0.6049234625546286,dual_cluster
9,0.875,0.3,1.5,0.7332810098197261,dual_cluster
9,0.8999999999999999,0.3,1.5,0.7043537420857665,dual_cluster
9,0.9249999999999999,0.3,1.5,0.7161658320975516,dual_cluster
9,0.95,0.3,1.5,0.7284623864583645,dual_cluster
9,0.975,0.3,1.5,0.7412693209547607,dual_cluster
9,1.0,0.3,1.5,0.7544762895609128,dual_cluster
9,1.025,0.3,1.5,0.7678871243485458,dual_cluster
9,1.0499999999999998,0.3,1.5,0.7812392738934002,dual_cluster
9,1.075,0.3,1.5,0.7942519713133613,dual_cluster
9,1.1,0.3,1.5,0.8066827065567735,dual_cluster
9,1.125,0.3,1.5,0.8183645708734052,dual_cluster
9,1.15,0.3,1.5,0.8292131770951059,dual_cluster
9,1.1749999999999998,0.3,1.5,0.8392116106992774,dual_cluster
9,1.2,0.3,1.5,0.8483880310844141,dual_cluster
10,0.4,0.3,1.5,0.3728722424087575,dual_cluster
10,0.42500000000000004,0.3,1.5,0.8056927495299526,dual_cluster
10,0.45,0.3,1.5,0.7320925513274976,dual_cluster
10,0.47500000000000003,0.3,1.5,0.5787568085059834,dual_cluster
10,0.5,0.3,1.5,0.6369011085568992,dual_cluster
10,0.525,0.3,1.5,0.8678670873633614,dual_cluster
10,0.55,0.3,1.5,0.4210512022222922,dual_cluster
10,0.575,0.3,1.5,0.9092214099920971,dual_cluster
10,0.6,0.3,1.5,0.7909041196490776,dual_cluster
10,0.625,0.3,1.5,0.8576053155402787,dual_cluster
10,0.65,0.3,1.5,0.8187067572585794,dual_cluster
10,0.675,0.3,1.5,0.7501138987885894,dual_cluster
10,0.7,0.3,1.5,0.5678741944768858,dual_cluster
10,0.725,0.3,1.5,0.6310530012840565,dual_cluster
10,0.75,0.3,1.5,0.8757699905479734,dual_cluster
10,0.7749999999999999,0.3,1.5,0.5107976883668511,dual_cluster
10,0.8,0.3,1.5,0.7242194129805043,fragmented
10,0.825,0.3,1.5,0.9205963977974175,dual_cluster
10,0.85,0.3,1.5,0.793267896806452,dual_cluster
10,0.875,0.3,1.5,0.6480803944344137,dual_cluster
10,0.8999999999999999,0.3,1.5,0.7018833435407855,dual_cluster
10,0.9249999999999999,0.3,1.5,0.7146084680364828,dual_cluster
10,0.95,0.3,1.5,0.7261303032293283,dual_cluster
10,0.975,0.3,1.5,0.7381419972407424,dual_cluster
10,1.0,0.3,1.5,0.7505782269060463,dual_cluster
10,1.025,0.3,1.5,0.7633042926138875,dual_cluster
10,1.0499999999999998,0.3,1.5,0.7761178471537437,dual_cluster
10,1.075,0.3,1.5,0.7887757366774016,dual_cluster
10,1.1,0.3,1.5,0.8010383535026036,dual_cluster
10,1.125,0.3,1.5,0.8127118293179553,dual_cluster
10,1.15,0.3,1.5,0.8236703664526647,dual_cluster
10,1.1749999999999998,0.3,1.5,0.8338556683826323,dual_cluster
10,1.2,0.3,1.5,0.8432623235023347,dual_cluster
11,0.4,0.3,1.5,0.22394450517525039,takeover
11,0.42500000000000004,0.3,1.5,0.8151160110679123,dual_cluster
11,0.45,0.3,1.5,0.5094912337450174,dual_cluster
11,0.47500000000000003,0.3,1.5,0.31728689375419966,dual_cluster
11,0.5,0.3,1.5,0.3541264902117028,dual_cluster
11,0.525,0.3,1.5,0.6377048567358496,dual_cluster
11,0.55,0.3,1.5,0.9300332004259936,absorbed
11,0.575,0.3,1.5,0.6712506532389648,dual_cluster
11,0.6,0.3,1.5,0.4666763239231579,dual_cluster
11,0.625,0.3,1.5,0.5406717916891541,dual_cluster
11,0.65,0.3,1.5,0.8333457645651968,dual_cluster
11,0.675,0.3,1.5,0.36859301524839216,dual_cluster
11,0.7,0.3,1.5,0.8998301604933111,dual_cluster
11,0.725,0.3,1.5,0.7956761848482439,dual_cluster
11,0.75,0.3,1.5,0.5150600278905388,dual_cluster
11,0.7749999999999999,0.3,1.5,0.9124464504079317,dual_cluster
11,0.8,0.3,1.5,0.7119326037253416,dual_cluster
11,0.825,0.3,1.5,0.6194810201015343,dual_cluster
11,0.85,0.3,1.5,0.6119534602143047,dual_cluster
11,0.875,0.3,1.5,0.653833109147528,dual_cluster
11,0.8999999999999999,0.3,1.5,0.7050810007247672,dual_cluster
11,0.9249999999999999,0.3,1.5,0.7150748430918714,dual_cluster
11,0.95,0.3,1.5,0.7265821662063385,dual_cluster
11,0.975,0.3,1.5,0.7385657042192659,dual_cluster
11,1.0,0.3,1.5,0.7509599639502063,dual_cluster
11,1.025,0.3,1.5,0.7636317099288611,dual_cluster
11,1.0499999999999998,0.3,1.5,0.7763824000012359,dual_cluster
11,1.075,0.3,1.5,0.7889744134180579,dual_cluster
11,1.1,0.3,1.5,0.8011738295899647,dual_cluster
11,1.125,0.3,1.5,0.8127910315232709,dual_cluster
11,1.15,0.3,1.5,0.8237023470599306,dual_cluster
11,1.1749999999999998,0.3,1.5,0.833849757849283,dual_cluster
11,1.2,0.3,1.5,0.8432269953379948,dual_cluster
12,0.4,0.3,1.5,0.5071141479878689,takeover
12,0.42500000000000004,0.3,1.5,0.5668078147720669,dual_cluster
12,0.45,0.3,1.5,0.5447795129987831,dual_cluster
12,0.47500000000000003,0.3,1.5,0.8793291083473314,absorbed
12,0.5,0.3,1.5,0.8998410066695685,absorbed
12,0.525,0.3,1.5,0.7579375728664286,dual_cluster
12,0.55,0.3,1.5,0.551493589696009,dual_cluster
12,0.575,0.3,1.5,0.7043701793642493,dual_cluster
12,0.6,0.3,1.5,0.9353146752222872,absorbed
12,0.625,0.3,1.5,0.7386364284649625,dual_cluster
12,0.65,0.3,1.5,0.5899945752322779,dual_cluster
12,0.675,0.3,1.5,0.6602665476617662,dual_cluster
12,0.7,0.3,1.5,0.9214804255040772,dual_cluster
12,0.725,0.3,1.5,0.37037085021480876,dual_cluster
12,0.75,0.3,1.5,0.773812813117026,dual_cluster
12,0.7749999999999999,0.3,1.5,0.5208027461446894,dual_cluster
12,0.8,0.3,1.5,0.44979034563343234,dual_cluster
12,0.825,0.3,1.5,0.5669695387327424,dual_cluster
12,0.85,0.3,1.5,0.6372800887445756,dual_cluster
12,0.875,0.3,1.5,0.6940585443142535,dual_cluster
12,0.8999999999999999,0.3,1.5,0.7086941798146119,dual_cluster
12,0.9249999999999999,0.3,1.5,0.7220034433461356,dual_cluster
12,0.95,0.3,1.5,0.7359703984901217,dual_cluster
12,0.975,0.3,1.5,0.750451999761956,dual_cluster
12,1.0,0.3,1.5,0.765178724329013,dual_cluster
12,1.025,0.3,1.5,0.7797882173575975,dual_cluster
12,1.0499999999999998,0.3,1.5,0.7939084189535721,dual_cluster
12,1.075,0.3,1.5,0.8072447220464962,dual_cluster
12,1.1,0.3,1.5,0.819623214451135,dual_cluster
12,1.125,0.3,1.5,0.8309830427661924,dual_cluster
12,1.15,0.3,1.5,0.8413429281547721,dual_cluster
12,1.1749999999999998,0.3,1.5,0.8507664307450208,dual_cluster
12,1.2,0.3,1.5,0.8593366075210704,dual_cluster
13,0.4,0.3,1.5,0.8311734495727205,dual_cluster
13,0.42500000000000004,0.3,1.5,0.6040333243518854,dual_cluster
13,0.45,0.3,1.5,0.4490267573007039,dual_cluster
13,0.47500000000000003,0.3,1.5,0.9118159080673518,absorbed
13,0.5,0.3,1.5,0.7080088424589647,dual_cluster
13,0.525,0.3,1.5,0.5726868691007405,dual_cluster
13,0.55,0.3,1.5,0.6836710385042528,dual_cluster
13,0.575,0.3,1.5,0.9399979434020033,dual_cluster
13,0.6,0.3,1.5,0.5218441196563818,dual_cluster
13,0.625,0.3,1.5,0.4137078575989182,dual_cluster
13,0.65,0.3,1.5,0.3715727852141587,dual_cluster
13,0.675,0.3,1.5,0.6342327075808207,dual_cluster
13,0.7,0.3,1.5,0.9189274302152238,dual_cluster
13,0.725,0.3,1.5,0.9112209318696918,dual_cluster
13,0.75,0.3,1.5,0.9341496608739034,dual_cluster
13,0.7749999999999999,0.3,1.5,0.38675518439398704,dual_cluster
13,0.8,0.3,1.5,0.7199363767355715,dual_cluster
13,0.825,0.3,1.5,0.5868681986493396,dual_cluster
13,0.85,0.3,1.5,0.7560990238734386,dual_cluster
13,0.875,0.3,1.5,0.6987290610138103,dual_cluster
13,0.8999999999999999,0.3,1.5,0.7119572401455961,dual_cluster
13,0.9249999999999999,0.3,1.5,0.7241621611201497,dual_cluster
13,0.95,0.3,1.5,0.7369552269908413,dual_cluster
13,0.975,0.3,1.5,0.7502495048728057,dual_cluster
13,1.0,0.3,1.5,0.7638614284647393,dual_cluster
13,1.025,0.3,1.5,0.777522148873986,dual_cluster
13,1.0499999999999998,0.3,1.5,0.790923622974248,dual_cluster
13,1.075,0.3,1.5,0.80378397273123,dual_cluster
13,1.1,0.3,1.5,0.8158984025724803,dual_cluster
13,1.125,0.3,1.5,0.8271552601331512,dual_cluster
13,1.15,0.3,1.5,0.8375227719852166,dual_cluster
13,1.1749999999999998,0.3,1.5,0.8470239031308818,dual_cluster
13,1.2,0.3,1.5,0.8557126514361972,dual_cluster
14,0.4,0.3,1.5,0.7189678227976402,takeover
14,0.42500000000000004,0.3,1.5,0.566140869809396,dual_cluster
14,0.45,0.3,1.5,0.29462343866892315,dual_cluster
14,0.47500000000000003,0.3,1.5,0.6554880706147286,dual_cluster
14,0.5,0.3,1.5,0.5922230311981617,dual_cluster
14,0.525,0.3,1.5,0.3601312635125838,dual_cluster
14,0.55,0.3,1.5,0.8575044890449885,dual_cluster
14,0.575,0.3,1.5,0.471183667345564,dual_cluster
14,0.6,0.3,1.5,0.33863584762325466,dual_cluster
14,0.625,0.3,1.5,0.4070113491039308,dual_cluster
14,0.65,0.3,1.5,0.7692084406648113,dual_cluster
14,0.675,0.3,1.5,0.3562402717001497,dual_cluster
14,0.7,0.3,1.5,0.8818098838784862,dual_cluster
14,0.725,0.3,1.5,0.5584957392979151,dual_cluster
14,0.75,0.3,1.5,0.6002211613394894,dual_cluster
14,0.7749999999999999,0.3,1.5,0.9630092283859395,absorbed
14,0.8,0.3,1.5,0.8534764598239368,dual_cluster
14,0.825,0.3,1.5,0.807706964622082,dual_cluster
14,0.85,0.3,1.5,0.8189098882618788,dual_cluster
14,0.875,0.3,1.5,0.774040721911161,dual_cluster
14,0.8999999999999999,0.3,1.5,0.6960842548843819,dual_cluster
14,0.9249999999999999,0.3,1.5,0.7107841678006159,dual_cluster
14,0.95,0.3,1.5,0.7226174635575262,dual_cluster
14,0.975,0.3,1.5,0.7349337822960593,dual_cluster
14,1.0,0.3,1.5,0.7476698328813787,dual_cluster
14,1.025,0.3,1.5,0.7606898834969763,dual_cluster
14,1.0499999999999998,0.3,1.5,0.7737867288942536,dual_cluster
14,1.075,0.3,1.5,0.7867099525008483,dual_cluster
14,1.1,0.3,1.5,0.7992130093509143,dual_cluster
14,1.125,0.3,1.5,0.8110978319014845,dual_cluster
14,1.15,0.3,1.5,0.8222379258139527,dual_cluster
14,1.1749999999999998,0.3,1.5,0.8325770431523513,dual_cluster
14,1.2,0.3,1.5,0.8421132679988492,dual_cluster
15,0.4,0.3,1.5,0.6440514640393119,takeover
15,0.42500000000000004,0.3,1.5,0.5616938930326159,dual_cluster
15,0.45,0.3,1.5,0.6670284595953007,dual_cluster
15,0.47500000000000003,0.3,1.5,0.878366656740585,dual_cluster
15,0.5,0.3,1.5,0.3143265512799206,dual_cluster
15,0.525,0.3,1.5,0.9176003659928634,absorbed
15,0.55,0.3,1.5,0.806236966539219,dual_cluster
15,0.575,0.3,1.5,0.8382787600217056,dual_cluster
15,0.6,0.3,1.5,0.9196102655727498,dual_cluster
15,0.625,0.3,1.5,0.5974670824163426,dual_cluster
15,0.65,0.3,1.5,0.3707067189929262,dual_cluster
15,0.675,0.3,1.5,0.38446022381645906,dual_cluster
15,0.7,0.3,1.5,0.5721952741824639,dual_cluster
15,0.725,0.3,1.5,0.9568219637681445,dual_cluster
15,0.75,0.3,1.5,0.7943734926595211,dual_cluster
15,0.7749999999999999,0.3,1.5,0.7754283913574236,dual_cluster
15,0.8,0.3,1.5,0.8771467244074349,dual_cluster
15,0.825,0.3,1.5,0.49856055448151815,dual_cluster
15,0.85,0.3,1.5,0.6945529416511529,dual_cluster
15,0.875,0.3,1.5,0.7071411459600457,dual_cluster
15,0.8999999999999999,0.3,1.5,0.7051327292432266,dual_cluster
15,0.9249999999999999,0.3,1.5,0.7169240811201613,dual_cluster
15,0.95,0.3,1.5,0.7293680504755714,dual_cluster
15,0.975,0.3,1.5,0.7423215437324098,dual_cluster
15,1.0,0.3,1.5,0.7556614868347988,dual_cluster
15,1.025,0.3,1.5,0.7691775925923856,dual_cluster
15,1.0499999999999998,0.3,1.5,0.782596433197526,dual_cluster
15,1.075,0.3,1.5,0.7956338442270308,dual_cluster
15,1.1,0.3,1.5,0.8080519508594364,dual_cluster
15,1.125,0.3,1.5,0.8196933514139709,dual_cluster
15,1.15,0.3,1.5,0.8304839991927665,dual_cluster
15,1.1749999999999998,0.3,1.5,0.8404155744703771,dual_cluster
15,1.2,0.3,1.5,0.8495222982826293,dual_cluster
16,0.4,0.3,1.5,0.7487894441344254,dual_cluster
16,0.42500000000000004,0.3,1.5,0.7349351593487574,dual_cluster
16,0.45,0.3,1.5,0.5582026041423106,dual_cluster
16,0.47500000000000003,0.3,1.5,0.47453379417550506,dual_cluster
16,0.5,0.3,1.5,0.8376558775714228,dual_cluster
16,0.525,0.3,1.5,0.7440726970946814,dual_cluster
16,0.55,0.3,1.5,0.392711875229424,dual_cluster
16,0.575,0.3,1.5,0.9096525551636645,dual_cluster
16,0.6,0.3,1.5,0.6689541589764686,dual_cluster
16,0.625,0.3,1.5,0.6349788913434244,dual_cluster
16,0.65,0.3,1.5,0.837679293227936,dual_cluster
16,0.675,0.3,1.5,0.3651010729940079,dual_cluster
16,0.7,0.3,1.5,0.9643622302364956,absorbed
16,0.725,0.3,1.5,0.9659456771571602,absorbed
16,0.75,0.3,1.5,0.42612765592406626,dual_cluster
16,0.7749999999999999,0.3,1.5,0.829205672872486,dual_cluster
16,0.8,0.3,1.5,0.6060354901841244,dual_cluster
16,0.825,0.3,1.5,0.5274208582528437,dual_cluster
16,0.85,0.3,1.5,0.730858592558575,dual_cluster
16,0.875,0.3,1.5,0.6982496265464118,dual_cluster
16,0.8999999999999999,0.3,1.5,0.7102098700108135,dual_cluster
16,0.9249999999999999,0.3,1.5,0.7229311386257243,dual_cluster
16,0.95,0.3,1.5,0.7362910386191384,dual_cluster
16,0.975,0.3,1.5,0.750177052061513,dual_cluster
16,1.0,0.3,1.5,0.7643645408900331,dual_cluster
16,1.025,0.3,1.5,0.7785356618909673,dual_cluster
16,1.0499999999999998,0.3,1.5,0.7923434251915905,dual_cluster
16,1.075,0.3,1.5,0.8054908014968559,dual_cluster
16,1.1,0.3,1.5,0.8177815435124677,dual_cluster
16,1.125,0.3,1.5,0.8291260053855031,dual_cluster
16,1.15,0.3,1.5,0.8395171371391188,dual_cluster
16,1.1749999999999998,0.3,1.5,0.8489992060762779,dual_cluster
16,1.2,0.3,1.5,0.8576422407066533,dual_cluster
17,0.4,0.3,1.5,0.5391354338525516,dual_cluster
17,0.42500000000000004,0.3,1.5,0.7990954792842998,dual_cluster
17,0.45,0.3,1.5,0.5627560292280137,dual_cluster
17,0.47500000000000003,0.3,1.5,0.7426214267427032,dual_cluster
17,0.5,0.3,1.5,0.416419985035026,dual_cluster
17,0.525,0.3,1.5,0.33835361462941693,dual_cluster
17,0.55,0.3,1.5,0.5152956176697703,dual_cluster
17,0.575,0.3,1.5,0.8794587569833591,dual_cluster
17,0.6,0.3,1.5,0.449646234672071,dual_cluster
17,0.625,0.3,1.5,0.41377480164026403,dual_cluster
17,0.65,0.3,1.5,0.3571829815580711,dual_cluster
17,0.675,0.3,1.5,0.7121217382052788,dual_cluster
17,0.7,0.3,1.5,0.38808665878652343,dual_cluster
17,0.725,0.3,1.5,0.9145870693995761,dual_cluster
17,0.75,0.3,1.5,0.3771389852229391,dual_cluster
17,0.7749999999999999,0.3,1.5,0.6550309659792835,dual_cluster
17,0.8,0.3,1.5,0.9361565698945296,dual_cluster
17,0.825,0.3,1.5,0.7677668463126621,dual_cluster
17,0.85,0.3,1.5,0.6274274166620304,dual_cluster
17,0.875,0.3,1.5,0.6846673090827814,dual_cluster
17,0.8999999999999999,0.3,1.5,0.7062024640665041,dual_cluster
17,0.9249999999999999,0.3,1.5,0.7188271877253809,dual_cluster
17,0.95,0.3,1.5,0.7320503544930906,dual_cluster
17,0.975,0.3,1.5,0.7457966827149155,dual_cluster
17,1.0,0.3,1.5,0.7598788844704368,dual_cluster
17,1.025,0.3,1.5,0.7740129017568719,dual_cluster
17,1.0499999999999998,0.3,1.5,0.787868258515626,dual_cluster
17,1.075,0.3,1.5,0.8011421234196393,dual_cluster
17,1.1,0.3,1.5,0.8136171949630594,dual_cluster
17,1.125,0.3,1.5,0.8251790473145979,dual_cluster
17,1.15,0.3,1.5,0.8357999756700356,dual_cluster
17,1.1749999999999998,0.3,1.5,0.845510176930903,dual_cluster
17,1.2,0.3,1.5,0.8543714522849096,dual_cluster
18,0.4,0.3,1.5,0.28858282437264765,takeover
18,0.42500000000000004,0.3,1.5,0.44116737793845223,takeover
18,0.45,0.3,1.5,0.7420877873928015,takeover
18,0.47500000000000003,0.3,1.5,0.7530527829456056,dual_cluster
18,0.5,0.3,1.5,0.30067879251471297,dual_cluster
18,0.525,0.3,1.5,0.7889464446440144,dual_cluster
18,0.55,0.3,1.5,0.3575552877963393,dual_cluster
18,0.575,0.3,1.5,0.4791633269736,dual_cluster
18,0.6,0.3,1.5,0.3493451576592398,dual_cluster
18,0.625,0.3,1.5,0.6477729750441329,dual_cluster
18,0.65,0.3,1.5,0.7812649494973437,dual_cluster
18,0.675,0.3,1.5,0.9325981788236967,dual_cluster
18,0.7,0.3,1.5,0.9541519813371235,absorbed
18,0.725,0.3,1.5,0.3745304089257572,dual_cluster
18,0.75,0.3,1.5,0.8769521849170959,dual_cluster
18,0.7749999999999999,0.3,1.5,0.7278906926119304,dual_cluster
18,0.8,0.3,1.5,0.7232513768388504,dual_cluster
18,0.825,0.3,1.5,0.8110422149121725,dual_cluster
18,0.85,0.3,1.5,0.8041909509093529,dual_cluster
18,0.875,0.3,1.5,0.6392851938648402,dual_cluster
18,0.8999999999999999,0.3,1.5,0.7017180701672548,dual_cluster
18,0.9249999999999999,0.3,1.5,0.7127561640009036,dual_cluster
18,0.95,0.3,1.5,0.7249989786617083,dual_cluster
18,0.975,0.3,1.5,0.7377437333029309,dual_cluster
18,1.0,0.3,1.5,0.750899462576597,dual_cluster
18,1.025,0.3,1.5,0.764291093916603,dual_cluster
18,1.0499999999999998,0.3,1.5,0.7776724084406896,dual_cluster
18,1.075,0.3,1.5,0.7907679157633624,dual_cluster
18,1.1,0.3,1.5,0.8033282555119943,dual_cluster
18,1.125,0.3,1.5,0.8151721812778795,dual_cluster
18,1.15,0.3,1.5,0.8261997317246881,dual_cluster
18,1.1749999999999998,0.3,1.5,0.8363812823010028,dual_cluster
18,1.2,0.3,1.5,0.8457363939146912,dual_cluster
19,0.4,0.3,1.5,0.4069995740983132,takeover
19,0.42500000000000004,0.3,1.5,0.2749637980964456,dual_cluster
19,0.45,0.3,1.5,0.6597881490318668,dual_cluster
19,0.47500000000000003,0.3,1.5,0.7602366029445524,dual_cluster
19,0.5,0.3,1.5,0.8047551676058717,dual_cluster
19,0.525,0.3,1.5,0.643287305617936,dual_cluster
19,0.55,0.3,1.5,0.6971964181933247,dual_cluster
19,0.575,0.3,1.5,0.9208476057417109,dual_cluster
19,0.6,0.3,1.5,0.40741142122040974,dual_cluster
19,0.625,0.3,1.5,0.8505862101908667,dual_cluster
19,0.65,0.3,1.5,0.9124066848115253,dual_cluster
19,0.675,0.3,1.5,0.3678359414089049,dual_cluster
19,0.7,0.3,1.5,0.8330576244553847,dual_cluster
19,0.725,0.3,1.5,0.61925746161893,dual_cluster
19,0.75,0.3,1.5,0.6069157304475781,dual_cluster
19,0.7749999999999999,0.3,1.5,0.7597988123773868,dual_cluster
19,0.8,0.3,1.5,0.931756706957482,dual_cluster
19,0.825,0.3,1.5,0.683464138036245,dual_cluster
19,0.85,0.3,1.5,0.685140487867834,dual_cluster
19,0.875,0.3,1.5,0.7057848046976433,dual_cluster
19,0.8999999999999999,0.3,1.5,0.7092523056414158,dual_cluster
19,0.9249999999999999,0.3,1.5,0.7214754028428577,dual_cluster
19,0.95,0.3,1.5,0.7342747107069147,dual_cluster
19,0.975,0.3,1.5,0.7475762269872217,dual_cluster
19,1.0,0.3,1.5,0.7612107807817925,dual_cluster
19,1.025,0.3,1.5,0.7749216270941076,dual_cluster
19,1.0499999999999998,0.3,1.5,0.7884057152682378,dual_cluster
19,1.075,0.3,1.5,0.8013774873982943,dual_cluster
19,1.1,0.3,1.5,0.813622685554819,dual_cluster
19,1.125,0.3,1.5,0.8250190075951339,dual_cluster
19,1.15,0.3,1.5,0.83552602558363,dual_cluster
19,1.1749999999999998,0.3,1.5,0.8451610345214391,dual_cluster
19,1.2,0.3,1.5,0.8539749758289957,dual_cluster
0,0.4,0.3,2.0,0.7299483124334671,takeover
0,0.42500000000000004,0.3,2.0,0.26377991684137364,takeover
0,0.45,0.3,2.0,0.5706855835675168,takeover
0,0.47500000000000003,0.3,2.0,0.7122264944970309,dual_cluster
0,0.5,0.3,2.0,0.3764265449605031,dual_cluster
0,0.525,0.3,2.0,0.6365117019919108,dual_cluster
0,0.55,0.3,2.0,0.7041921274141835,dual_cluster
0,0.575,0.3,2.0,0.9190200944746811,dual_cluster
0,0.6,0.3,2.0,0.9155312028986156,dual_cluster
0,0.625,0.3,2.0,0.8189423318873558,dual_cluster
0,0.65,0.3,2.0,0.6432858694355253,dual_cluster
0,0.675,0.3,2.0,0.35454835092738646,dual_cluster
0,0.7,0.3,2.0,0.3723809533020352,dual_cluster
0,0.725,0.3,2.0,0.5692158616613372,dual_cluster
0,0.75,0.3,2.0,0.9475471722026053,dual_cluster
0,0.7749999999999999,0.3,2.0,0.7689911948504732,dual_cluster
0,0.8,0.3,2.0,0.7321899285203954,dual_cluster
0,0.825,0.3,2.0,0.8051032406155585,dual_cluster
0,0.85,0.3,2.0,0.8544884896016223,dual_cluster
0,0.875,0.3,2.0,0.6163568501273705,dual_cluster
0,0.8999999999999999,0.3,2.0,0.704445067554492,dual_cluster
0,0.9249999999999999,0.3,2.0,0.7121691060865822,dual_cluster
0,0.95,0.3,2.0,0.7240968760824206,dual_cluster
0,0.975,0.3,2.0,0.7365542804532161,dual_cluster
0,1.0,0.3,2.0,0.7494669909862617,dual_cluster
0,1.025,0.3,2.0,0.7626776544231938,dual_cluster
0,1.0499999999999998,0.3,2.0,0.7759520608841993,dual_cluster
0,1.075,0.3,2.0,0.7890151321347605,dual_cluster
0,1.1,0.3,2.0,0.8016058091822026,dual_cluster
0,1.125,0.3,2.0,0.8135242573482624,dual_cluster
0,1.15,0.3,2.0,0.8246517044703157,dual_cluster
0,1.1749999999999998,0.3,2.0,0.8349436680736015,dual_cluster
0,1.2,0.3,2.0,0.844409835962178,dual_cluster
1,0.4,0.3,2.0,0.23810338730412348,takeover
1,0.42500000000000004,0.3,2.0,0.8315933140656001,absorbed
1,0.45,0.3,2.0,0.685923146561807,dual_cluster
1,0.47500000000000003,0.3,2.0,0.5639835956531545,dual_cluster
1,0.5,0.3,2.0,0.6650325304164758,dual_cluster
1,0.525,0.3,2.0,0.9028195497879999,dual_cluster
1,0.55,0.3,2.0,0.3409522178291876,dual_cluster
1,0.575,0.3,2.0,0.9192609729223448,dual_cluster
1,0.6,0.3,2.0,0.9334451890804567,dual_cluster
1,0.625,0.3,2.0,0.9155733605556161,dual_cluster
1,0.65,0.3,2.0,0.47063287657826913,dual_cluster
1,0.675,0.3,2.0,0.9476559478636548,absorbed
1,0.7,0.3,2.0,0.9302976955927512,dual_cluster
1,0.725,0.3,2.0,0.9531407138445175,absorbed
1,0.75,0.3,2.0,0.546142377419327,dual_cluster
1,0.7749999999999999,0.3,2.0,0.9633663278182549,absorbed
1,0.8,0.3,2.0,0.9099996351661849,dual_cluster
1,0.825,0.3,2.0,0.9058316136957116,dual_cluster
1,0.85,0.3,2.0,0.710975581695615,dual_cluster
1,0.875,0.3,2.0,0.6117121222241051,dual_cluster
1,0.8999999999999999,0.3,2.0,0.7051089377622941,dual_cluster
1,0.9249999999999999,0.3,2.0,0.7122395206573173,dual_cluster
1,0.95,0.3,2.0,0.7239408602814786,dual_cluster
1,0.975,0.3,2.0,0.7361585963448511,dual_cluster
1,1.0,0.3,2.0,0.7488283073357161,dual_cluster
1,1.025,0.3,2.0,0.7618094675477752,dual_cluster
1,1.0499999999999998,0.3,2.0,0.7748870003972507,dual_cluster
1,1.075,0.3,2.0,0.7878009429647036,dual_cluster
1,1.1,0.3,2.0,0.8002961065269422,dual_cluster
1,1.125,0.3,2.0,0.8121687581139277,dual_cluster
1,1.15,0.3,2.0,0.8232901266008891,dual_cluster
1,1.1749999999999998,0.3,2.0,0.8336041511241676,dual_cluster
1,1.2,0.3,2.0,0.8431103174956706,dual_cluster
2,0.4,0.3,2.0,0.7031054819874539,absorbed
2,0.42500000000000004,0.3,2.0,0.7683903528069016,takeover
2,0.45,0.3,2.0,0.7755050320815381,dual_cluster
2,0.47500000000000003,0.3,2.0,0.8680173701382107,absorbed
2,0.5,0.3,2.0,0.40423640233005215,dual_cluster
2,0.525,0.3,2.0,0.7962028119335434,dual_cluster
2,0.55,0.3,2.0,0.4741743096469627,dual_cluster
2,0.575,0.3,2.0,0.3925931453810885,dual_cluster
2,0.6,0.3,2.0,0.6049373221785493,dual_cluster
2,0.625,0.3,2.0,0.9384695510011989,absorbed
2,0.65,0.3,2.0,0.6662686135740632,dual_cluster
2,0.675,0.3,2.0,0.5644571303042397,dual_cluster
2,0.7,0.3,2.0,0.7253974710973531,dual_cluster
2,0.725,0.3,2.0,0.9245346510422369,dual_cluster
2,0.75,0.3,2.0,0.819091701622061,dual_cluster
2,0.7749999999999999,0.3,2.0,0.7679471075940901,dual_cluster
2,0.8,0.3,2.0,0.8598720193611032,dual_cluster
2,0.825,0.3,2.0,0.48879527360014313,dual_cluster
2,0.85,0.3,2.0,0.6931830440286032,dual_cluster
2,0.875,0.3,2.0,0.7162389929526649,dual_cluster
2,0.8999999999999999,0.3,2.0,0.7013602035625152,dual_cluster
2,0.9249999999999999,0.3,2.0,0.7120751904262903,dual_cluster
2,0.95,0.3,2.0,0.7245064202720632,dual_cluster
2,0.975,0.3,2.0,0.7374755379714553,dual_cluster
2,1.0,0.3,2.0,0.7508825802528911,dual_cluster
2,1.025,0.3,2.0,0.7645343400878591,dual_cluster
2,1.0499999999999998,0.3,2.0,0.778160883922385,dual_cluster
2,1.075,0.3,2.0,0.7914650829296049,dual_cluster
2,1.1,0.3,2.0,0.8041851348250082,dual_cluster
2,1.125,0.3,2.0,0.8161383906681374,dual_cluster
2,1.15,0.3,2.0,0.8272313234298184,dual_cluster
2,1.1749999999999998,0.3,2.0,0.8374439544096716,dual_cluster
2,1.2,0.3,2.0,0.8468053710080476,dual_cluster
3,0.4,0.3,2.0,0.7792952827516053,absorbed
3,0.42500000000000004,0.3,2.0,0.7067370257335995,dual_cluster
3,0.45,0.3,2.0,0.6876527119316092,dual_cluster
3,0.47500000000000003,0.3,2.0,0.8165079721902637,dual_cluster
3,0.5,0.3,2.0,0.7514124351887499,dual_cluster
3,0.525,0.3,2.0,0.6417386117210648,dual_cluster
3,0.55,0.3,2.0,0.33127670269098486,dual_cluster
3,0.575,0.3,2.0,0.4936337659447511,dual_cluster
3,0.6,0.3,2.0,0.36261701007320224,dual_cluster
3,0.625,0.3,2.0,0.7879919880267432,dual_cluster
3,0.65,0.3,2.0,0.38099935519844813,dual_cluster
3,0.675,0.3,2.0,0.45074580005750386,dual_cluster
3,0.7,0.3,2.0,0.4118067020214949,dual_cluster
3,0.725,0.3,2.0,0.7977259047825591,dual_cluster
3,0.75,0.3,2.0,0.4910866665652107,dual_cluster
3,0.7749999999999999,0.3,2.0,0.39664730236949103,dual_cluster
3,0.8,0.3,2.0,0.5068952535290888,dual_cluster
3,0.825,0.3,2.0,0.6940707183446749,dual_cluster
3,0.85,0.3,2.0,0.8385378288204874,dual_cluster
3,0.875,0.3,2.0,0.6412187002741775,dual_cluster
3,0.8999999999999999,0.3,2.0,0.7030348513034593,dual_cluster
3,0.9249999999999999,0.3,2.0,0.7145204325756107,dual_cluster
3,0.95,0.3,2.0,0.7267793977148818,dual_cluster
3,0.975,0.3,2.0,0.7395592681819713,dual_cluster
3,1.0,0.3,2.0,0.7527589950837311,dual_cluster
3,1.025,0.3,2.0,0.7661899274872985,dual_cluster
3,1.0499999999999998,0.3,2.0,0.7795923003228997,dual_cluster
3,1.075,0.3,2.0,0.7926818302190987,dual_cluster
3,1.1,0.3,2.0,0.8052077065816647,dual_cluster
3,1.125,0.3,2.0,0.8169933888015463,dual_cluster
3,1.15,0.3,2.0,0.827946438085367,dual_cluster
3,1.1749999999999998,0.3,2.0,0.8380446176748183,dual_cluster
3,1.2,0.3,2.0,0.8473132743880121,dual_cluster
4,0.4,0.3,2.0,0.7995341871727225,takeover
4,0.42500000000000004,0.3,2.0,0.8229382927426051,dual_cluster
4,0.45,0.3,2.0,0.8653061845699195,dual_cluster
4,0.47500000000000003,0.3,2.0,0.7134142030585695,dual_cluster
4,0.5,0.3,2.0,0.5830495271423451,dual_cluster
4,0.525,0.3,2.0,0.5909945934749196,dual_cluster
4,0.55,0.3,2.0,0.9203473936476241,dual_cluster
4,0.575,0.3,2.0,0.8635455719162817,dual_cluster
4,0.6,0.3,2.0,0.3892708865228651,dual_cluster
4,0.625,0.3,2.0,0.9203490143998537,dual_cluster
4,0.65,0.3,2.0,0.738857793665514,dual_cluster
4,0.675,0.3,2.0,0.7636379080107133,dual_cluster
4,0.7,0.3,2.0,0.960222841441591,absorbed
4,0.725,0.3,2.0,0.6288296229288536,dual_cluster
4,0.75,0.3,2.0,0.4358189662035498,dual_cluster
4,0.7749999999999999,0.3,2.0,0.4870954014902928,dual_cluster
4,0.8,0.3,2.0,0.6777963425910256,dual_cluster
4,0.825,0.3,2.0,0.8767019317887577,dual_cluster
4,0.85,0.3,2.0,0.6031478012980279,dual_cluster
4,0.875,0.3,2.0,0.727098671554966,dual_cluster
4,0.8999999999999999,0.3,2.0,0.7075599043943995,dual_cluster
4,0.9249999999999999,0.3,2.0,0.719249984779778,dual_cluster
4,0.95,0.3,2.0,0.7315840907098162,dual_cluster
4,0.975,0.3,2.0,0.744450369159703,dual_cluster
4,1.0,0.3,2.0,0.7577184184334131,dual_cluster
4,1.025,0.3,2.0,0.771168870781767,dual_cluster
4,1.0499999999999998,0.3,2.0,0.7845198533755784,dual_cluster
4,1.075,0.3,2.0,0.7974821042424411,dual_cluster
4,1.1,0.3,2.0,0.8098169991098403,dual_cluster
4,1.125,0.3,2.0,0.8213695578192914,dual_cluster
4,1.15,0.3,2.0,0.8320693105243911,dual_cluster
4,1.1749999999999998,0.3,2.0,0.841911180402423,dual_cluster
4,1.2,0.3,2.0,0.8509316916232587,dual_cluster
5,0.4,0.3,2.0,0.8206304447504844,dual_cluster
5,0.42500000000000004,0.3,2.0,0.5609176005523278,dual_cluster
5,0.45,0.3,2.0,0.5169740460558538,dual_cluster
5,0.47500000000000003,0.3,2.0,0.863499757101517,dual_cluster
5,0.5,0.3,2.0,0.8112241268219593,dual_cluster
5,0.525,0.3,2.0,0.7208883770632412,dual_cluster
5,0.55,0.3,2.0,0.8314957839469705,dual_cluster
5,0.575,0.3,2.0,0.8381224864008622,dual_cluster
5,0.6,0.3,2.0,0.7307392020663204,dual_cluster
5,0.625,0.3,2.0,0.5114089407782707,dual_cluster
5,0.65,0.3,2.0,0.5683693995101794,dual_cluster
5,0.675,0.3,2.0,0.8469982728244537,dual_cluster
5,0.7,0.3,2.0,0.4393772643123106,dual_cluster
5,0.725,0.3,2.0,0.5291385549816778,dual_cluster
5,0.75,0.3,2.0,0.37874065478966273,dual_cluster
5,0.7749999999999999,0.3,2.0,0.645270959593174,dual_cluster
5,0.8,0.3,2.0,0.9192018554963153,dual_cluster
5,0.825,0.3,2.0,0.6787104399902526,dual_cluster
5,0.85,0.3,2.0,0.6381318202459787,dual_cluster
5,0.875,0.3,2.0,0.70359267863901,dual_cluster
5,0.8999999999999999,0.3,2.0,0.7119205594917306,dual_cluster
5,0.9249999999999999,0.3,2.0,0.7241120651682617,dual_cluster
5,0.95,0.3,2.0,0.7368969476216406,dual_cluster
5,0.975,0.3,2.0,0.7501895161845922,dual_cluster
5,1.0,0.3,2.0,0.7638055207080521,dual_cluster
5,1.025,0.3,2.0,0.7774744310933761,dual_cluster
5,1.0499999999999998,0.3,2.0,0.7908859854805119,dual_cluster
5,1.075,0.3,2.0,0.8037562999299156,dual_cluster
5,1.1,0.3,2.0,0.8158793131442548,dual_cluster
5,1.125,0.3,2.0,0.8271428960120685,dual_cluster
5,1.15,0.3,2.0,0.8375153303183202,dual_cluster
5,1.1749999999999998,0.3,2.0,0.847019879068001,dual_cluster
5,1.2,0.3,2.0,0.8557108903582171,dual_cluster
6,0.4,0.3,2.0,0.5024591328181217,dual_cluster
6,0.42500000000000004,0.3,2.0,0.2930112036638491,dual_cluster
6,0.45,0.3,2.0,0.28000476774923994,dual_cluster
6,0.47500000000000003,0.3,2.0,0.47572328366330036,dual_cluster
6,0.5,0.3,2.0,0.8544981412813359,dual_cluster
6,0.525,0.3,2.0,0.32836415885114345,dual_cluster
6,0.55,0.3,2.0,0.8825984272911465,dual_cluster
6,0.575,0.3,2.0,0.9391401264278695,absorbed
6,0.6,0.3,2.0,0.6958416607758583,dual_cluster
6,0.625,0.3,2.0,0.608155465881546,dual_cluster
6,0.65,0.3,2.0,0.6293712751386464,dual_cluster
6,0.675,0.3,2.0,0.9351385936207176,dual_cluster
6,0.7,0.3,2.0,0.46462071872911004,dual_cluster
6,0.725,0.3,2.0,0.6947044750235688,dual_cluster
6,0.75,0.3,2.0,0.37394104626399094,dual_cluster
6,0.7749999999999999,0.3,2.0,0.5029283932665214,dual_cluster
6,0.8,0.3,2.0,0.43358795804325384,dual_cluster
6,0.825,0.3,2.0,0.6435585530371054,dual_cluster
6,0.85,0.3,2.0,0.817111143036452,dual_cluster
6,0.875,0.3,2.0,0.6411880445112833,dual_cluster
6,0.8999999999999999,0.3,2.0,0.7050294076916539,dual_cluster
6,0.9249999999999999,0.3,2.0,0.7161618181495166,dual_cluster
6,0.95,0.3,2.0,0.7282826648363337,dual_cluster
6,0.975,0.3,2.0,0.740931922782623,dual_cluster
6,1.0,0.3,2.0,0.7540072947701147,dual_cluster
6,1.025,0.3,2.0,0.7673201780853817,dual_cluster
6,1.0499999999999998,0.3,2.0,0.7806120403701314,dual_cluster
6,1.075,0.3,2.0,0.7936003641965987,dual_cluster
6,1.1,0.3,2.0,0.8060357382858687,dual_cluster
6,1.125,0.3,2.0,0.8177420800044427,dual_cluster
6,1.15,0.3,2.0,0.8286264587563146,dual_cluster
6,1.1749999999999998,0.3,2.0,0.8386655370776328,dual_cluster
6,1.2,0.3,2.0,0.8478833281256439,dual_cluster
7,0.4,0.3,2.0,0.592769754307201,takeover
7,0.42500000000000004,0.3,2.0,0.7095037854531338,takeover
7,0.45,0.3,2.0,0.774461462578488,takeover
7,0.47500000000000003,0.3,2.0,0.44909401196607696,dual_cluster
7,0.5,0.3,2.0,0.6895605765994631,dual_cluster
7,0.525,0.3,2.0,0.909239656744043,absorbed
7,0.55,0.3,2.0,0.9098349220070842,absorbed
7,0.575,0.3,2.0,0.3937107410454934,dual_cluster
7,0.6,0.3,2.0,0.7774682463205383,dual_cluster
7,0.625,0.3,2.0,0.42368555996101054,dual_cluster
7,0.65,0.3,2.0,0.35275919559916696,dual_cluster
7,0.675,0.3,2.0,0.5494285118627065,dual_cluster
7,0.7,0.3,2.0,0.9211758914945442,dual_cluster
7,0.725,0.3,2.0,0.66125583125101,dual_cluster
7,0.75,0.3,2.0,0.5953584887886528,dual_cluster
7,0.7749999999999999,0.3,2.0,0.7441088982328177,dual_cluster
7,0.8,0.3,2.0,0.9656346298482943,absorbed
7,0.825,0.3,2.0,0.7501741342356939,dual_cluster
7,0.85,0.3,2.0,0.5928019721689236,dual_cluster
7,0.875,0.3,2.0,0.5651465556981877,dual_cluster
7,0.8999999999999999,0.3,2.0,0.6590020370316515,dual_cluster
7,0.9249999999999999,0.3,2.0,0.7068489634612538,dual_cluster
7,0.95,0.3,2.0,0.7181240640440606,dual_cluster
7,0.975,0.3,2.0,0.7296192319335701,dual_cluster
7,1.0,0.3,2.0,0.7415646957290926,dual_cluster
7,1.025,0.3,2.0,0.7538841178698419,dual_cluster
7,1.0499999999999998,0.3,2.0,0.7664345015675073,dual_cluster
7,1.075,0.3,2.0,0.7790136079573798,dual_cluster
7,1.1,0.3,2.0,0.7913891818062658,dual_cluster
7,1.125,0.3,2.0,0.8033408572458707,dual_cluster
7,1.15,0.3,2.0,0.8146962680910402,dual_cluster
7,1.1749999999999998,0.3,2.0,0.8253476113692152,dual_cluster
7,1.2,0.3,2.0,0.8352483741114142,dual_cluster
8,0.4,0.3,2.0,0.5843834827365968,takeover
8,0.42500000000000004,0.3,2.0,0.6414400586679928,dual_cluster
8,0.45,0.3,2.0,0.7991897001076363,dual_cluster
8,0.47500000000000003,0.3,2.0,0.5694042172745598,dual_cluster
8,0.5,0.3,2.0,0.7344188521013637,dual_cluster
8,0.525,0.3,2.0,0.40582394358238527,dual_cluster
8,0.55,0.3,2.0,0.3449692870965559,dual_cluster
8,0.575,0.3,2.0,0.5563287337484161,dual_cluster
8,0.6,0.3,2.0,0.9202524261678384,dual_cluster
8,0.625,0.3,2.0,0.5984627552330485,dual_cluster
8,0.65,0.3,2.0,0.458840850766416,dual_cluster
8,0.675,0.3,2.0,0.6220623813184899,dual_cluster
8,0.7,0.3,2.0,0.9417021263003429,dual_cluster
8,0.725,0.3,2.0,0.699723720784478,dual_cluster
8,0.75,0.3,2.0,0.6380534044634267,dual_cluster
8,0.7749999999999999,0.3,2.0,0.7610205495653288,dual_cluster
8,0.8,0.3,2.0,0.9499591110095938,dual_cluster
8,0.825,0.3,2.0,0.6828026093885233,dual_cluster
8,0.85,0.3,2.0,0.6163611357371568,dual_cluster
8,0.875,0.3,2.0,0.7264564331907909,dual_cluster
8,0.8999999999999999,0.3,2.0,0.7036141239640032,dual_cluster
8,0.9249999999999999,0.3,2.0,0.7158164493016812,dual_cluster
8,0.95,0.3,2.0,0.7286673948872359,dual_cluster
8,0.975,0.3,2.0,0.7420576023165929,dual_cluster
8,1.0,0.3,2.0,0.7558413458391466,dual_cluster
8,1.025,0.3,2.0,0.769774896731356,dual_cluster
8,1.0499999999999998,0.3,2.0,0.7835504767204826,dual_cluster
8,1.075,0.3,2.0,0.796861317634567,dual_cluster
8,1.1,0.3,2.0,0.8094650251156805,dual_cluster
8,1.125,0.3,2.0,0.8212145230287584,dual_cluster
8,1.15,0.3,2.0,0.8320530233608725,dual_cluster
8,1.1749999999999998,0.3,2.0,0.8419897492264437,dual_cluster
8,1.2,0.3,2.0,0.8510734436260056,dual_cluster
9,0.4,0.3,2.0,0.7722173355344943,takeover
9,0.42500000000000004,0.3,2.0,0.7921532743406067,dual_cluster
9,0.45,0.3,2.0,0.8057899887581353,dual_cluster
9,0.47500000000000003,0.3,2.0,0.8862912324421123,absorbed
9,0.5,0.3,2.0,0.33025139608948667,dual_cluster
9,0.525,0.3,2.0,0.8629733231390254,dual_cluster
9,0.55,0.3,2.0,0.6097495663059243,dual_cluster
9,0.575,0.3,2.0,0.5597434833013745,dual_cluster
9,0.6,0.3,2.0,0.7609209719090512,dual_cluster
9,0.625,0.3,2.0,0.8157224881214414,dual_cluster
9,0.65,0.3,2.0,0.836167247493109,dual_cluster
9,0.675,0.3,2.0,0.7688157846444361,dual_cluster
9,0.7,0.3,2.0,0.9070834062225125,dual_cluster
9,0.725,0.3,2.0,0.4040563102817386,dual_cluster
9,0.75,0.3,2.0,0.9642103319390817,absorbed
9,0.7749999999999999,0.3,2.0,0.9353485930609909,dual_cluster
9,0.8,0.3,2.0,0.9584584734740758,absorbed
9,0.825,0.3,2.0,0.5727706770349034,dual_cluster
9,0.85,0.3,2.0,0.7900529909777555,dual_cluster
9,0.875,0.3,2.0,0.6441879770610717,dual_cluster
9,0.8999999999999999,0.3,2.0,0.7042175189727522,dual_cluster
9,0.9249999999999999,0.3,2.0,0.715576746413873,dual_cluster
9,0.95,0.3,2.0,0.7278332222793384,dual_cluster
9,0.975,0.3,2.0,0.7406235117608132,dual_cluster
9,1.0,0.3,2.0,0.7538402494623156,dual_cluster
9,1.025,0.3,2.0,0.7672868448802576,dual_cluster
9,1.0499999999999998,0.3,2.0,0.7806958758540906,dual_cluster
9,1.075,0.3,2.0,0.793778209911845,dual_cluster
9,1.1,0.3,2.0,0.8062822568698175,dual_cluster
9,1.125,0.3,2.0,0.8180339796788256,dual_cluster
9,1.15,0.3,2.0,0.8289448784375725,dual_cluster
9,1.1749999999999998,0.3,2.0,0.8389965380219438,dual_cluster
9,1.2,0.3,2.0,0.8482172714850825,dual_cluster
10,0.4,0.3,2.0,0.466953422260209,dual_cluster
10,0.42500000000000004,0.3,2.0,0.7201294879437719,dual_cluster
10,0.45,0.3,2.0,0.7974193349484997,dual_cluster
10,0.47500000000000003,0.3,2.0,0.6732096298242034,dual_cluster
10,0.5,0.3,2.0,0.7304347568337403,dual_cluster
10,0.525,0.3,2.0,0.9181132514555701,dual_cluster
10,0.55,0.3,2.0,0.33812429877088174,dual_cluster
10,0.575,0.3,2.0,0.9435124345679744,absorbed
10,0.6,0.3,2.0,0.878637731840185,dual_cluster
10,0.625,0.3,2.0,0.9345043171804873,dual_cluster
10,0.65,0.3,2.0,0.41925751894408564,dual_cluster
10,0.675,0.3,2.0,0.8587843023773585,dual_cluster
10,0.7,0.3,2.0,0.710587251231919,dual_cluster
10,0.725,0.3,2.0,0.7755852803305189,dual_cluster
10,0.75,0.3,2.0,0.9678791269526215,absorbed
10,0.7749999999999999,0.3,2.0,0.700531967523521,dual_cluster
10,0.8,0.3,2.0,0.5263546913827083,dual_cluster
10,0.825,0.3,2.0,0.5119896305942263,dual_cluster
10,0.85,0.3,2.0,0.5848967592336605,dual_cluster
10,0.875,0.3,2.0,0.6699807731948825,dual_cluster
10,0.8999999999999999,0.3,2.0,0.7073265159730389,dual_cluster
10,0.9249999999999999,0.3,2.0,0.7141759090379988,dual_cluster
10,0.95,0.3,2.0,0.7256580885468042,dual_cluster
10,0.975,0.3,2.0,0.7376466967377717,dual_cluster
10,1.0,0.3,2.0,0.7500783230561177,dual_cluster
10,1.025,0.3,2.0,0.7628192980313886,dual_cluster
10,1.0499999999999998,0.3,2.0,0.7756656332271834,dual_cluster
10,1.075,0.3,2.0,0.7883696539931011,dual_cluster
10,1.1,0.3,2.0,0.8006855266153035,dual_cluster
10,1.125,0.3,2.0,0.8124133562311845,dual_cluster
10,1.15,0.3,2.0,0.8234229442617722,dual_cluster
10,1.1749999999999998,0.3,2.0,0.8336535918801878,dual_cluster
10,1.2,0.3,2.0,0.843099092866019,dual_cluster
11,0.4,0.3,2.0,0.24380500816445308,takeover
11,0.42500000000000004,0.3,2.0,0.81107162822195,dual_cluster
11,0.45,0.3,2.0,0.4979225791968459,dual_cluster
11,0.47500000000000003,0.3,2.0,0.3141541572098009,dual_cluster
11,0.5,0.3,2.0,0.357981813133501,dual_cluster
11,0.525,0.3,2.0,0.6519821850096492,dual_cluster
11,0.55,0.3,2.0,0.9225803240115535,dual_cluster
11,0.575,0.3,2.0,0.7007143212491243,dual_cluster
11,0.6,0.3,2.0,0.5130511720427218,dual_cluster
11,0.625,0.3,2.0,0.5959668266199132,dual_cluster
11,0.65,0.3,2.0,0.8810650102611916,dual_cluster
11,0.675,0.3,2.0,0.43914717569198136,dual_cluster
11,0.7,0.3,2.0,0.5753244679485681,dual_cluster
11,0.725,0.3,2.0,0.3804150595231161,dual_cluster
11,0.75,0.3,2.0,0.6375861996971314,dual_cluster
11,0.7749999999999999,0.3,2.0,0.9658116293381211,absorbed
11,0.8,0.3,2.0,0.8515586492372913,dual_cluster
11,0.825,0.3,2.0,0.7917716853805091,dual_cluster
11,0.85,0.3,2.0,0.79489179855356,dual_cluster
11,0.875,0.3,2.0,0.7831113363921013,dual_cluster
11,0.8999999999999999,0.3,2.0,0.7015891884706901,dual_cluster
11,0.9249999999999999,0.3,2.0,0.7145517018620399,dual_cluster
11,0.95,0.3,2.0,0.7260121723978421,dual_cluster
11,0.975,0.3,2.0,0.7379694119815108,dual_cluster
11,1.0,0.3,2.0,0.750359443130309,dual_cluster
11,1.025,0.3,2.0,0.7630500823468174,dual_cluster
11,1.0499999999999998,0.3,2.0,0.7758407065791143,dual_cluster
11,1.075,0.3,2.0,0.7884882849435397,dual_cluster
11,1.1,0.3,2.0,0.8007515454789358,dual_cluster
11,1.125,0.3,2.0,0.8124337858619269,dual_cluster
11,1.15,0.3,2.0,0.8234061603862647,dual_cluster
11,1.1749999999999998,0.3,2.0,0.8336078198726543,dual_cluster
11,1.2,0.3,2.0,0.8430315544353844,dual_cluster
12,0.4,0.3,2.0,0.5014912091195042,takeover
12,0.42500000000000004,0.3,2.0,0.5857482105756008,dual_cluster
12,0.45,0.3,2.0,0.4954550506576582,dual_cluster
12,0.47500000000000003,0.3,2.0,0.8764578151296074,absorbed
12,0.5,0.3,2.0,0.9028413704719838,absorbed
12,0.525,0.3,2.0,0.658564316174345,dual_cluster
12,0.55,0.3,2.0,0.6107846883051438,dual_cluster
12,0.575,0.3,2.0,0.5259954912374734,dual_cluster
12,0.6,0.3,2.0,0.8706113263020784,dual_cluster
12,0.625,0.3,2.0,0.4799852708027115,dual_cluster
12,0.65,0.3,2.0,0.677962996855958,dual_cluster
12,0.675,0.3,2.0,0.36025231623849163,dual_cluster
12,0.7,0.3,2.0,0.48003366017165877,dual_cluster
12,0.725,0.3,2.0,0.5046622846874892,dual_cluster
12,0.75,0.3,2.0,0.8891804280488573,dual_cluster
12,0.7749999999999999,0.3,2.0,0.6860141074654869,dual_cluster
12,0.8,0.3,2.0,0.6121094624322149,dual_cluster
12,0.825,0.3,2.0,0.6248492132175041,dual_cluster
12,0.85,0.3,2.0,0.6624928719366397,dual_cluster
12,0.875,0.3,2.0,0.6982402108157575,dual_cluster
12,0.8999999999999999,0.3,2.0,0.7080679256714988,dual_cluster
12,0.9249999999999999,0.3,2.0,0.7213327623398184,dual_cluster
12,0.95,0.3,2.0,0.735283542090221,dual_cluster
12,0.975,0.3,2.0,0.749781282444076,dual_cluster
12,1.0,0.3,2.0,0.7645557110254483,dual_cluster
12,1.025,0.3,2.0,0.7792369533089394,dual_cluster
12,1.0499999999999998,0.3,2.0,0.7934408414608265,dual_cluster
12,1.075,0.3,2.0,0.8068609641103349,dual_cluster
12,1.1,0.3,2.0,0.8193155314972822,dual_cluster
12,1.125,0.3,2.0,0.8307402557961909,dual_cluster
12,1.15,0.3,2.0,0.8411535094016347,dual_cluster
12,1.1749999999999998,0.3,2.0,0.8506200388226369,dual_cluster
12,1.2,0.3,2.0,0.8592245867267414,dual_cluster
13,0.4,0.3,2.0,0.8122853755907388,dual_cluster
13,0.42500000000000004,0.3,2.0,0.8631368040155729,absorbed
13,0.45,0.3,2.0,0.3051391367900043,dual_cluster
13,0.47500000000000003,0.3,2.0,0.8551577391532386,dual_cluster
13,0.5,0.3,2.0,0.5264392827613565,dual_cluster
13,0.525,0.3,2.0,0.385631221062952,dual_cluster
13,0.55,0.3,2.0,0.5212787738466919,dual_cluster
13,0.575,0.3,2.0,0.8600308612288284,dual_cluster
13,0.6,0.3,2.0,0.3786102103554472,dual_cluster
13,0.625,0.3,2.0,0.7571018693243743,dual_cluster
13,0.65,0.3,2.0,0.5972622811448921,dual_cluster
13,0.675,0.3,2.0,0.5630572148206057,dual_cluster
13,0.7,0.3,2.0,0.9637232474409273,absorbed
13,0.725,0.3,2.0,0.8975309257981341,dual_cluster
13,0.75,0.3,2.0,0.9418988735558536,dual_cluster
13,0.7749999999999999,0.3,2.0,0.41633141171436006,dual_cluster
13,0.8,0.3,2.0,0.7884229803186509,dual_cluster
13,0.825,0.3,2.0,0.5544196674154851,dual_cluster
13,0.85,0.3,2.0,0.7881740008590606,dual_cluster
13,0.875,0.3,2.0,0.7073295971056636,dual_cluster
13,0.8999999999999999,0.3,2.0,0.7113453051017469,dual_cluster
13,0.9249999999999999,0.3,2.0,0.7234996954244703,dual_cluster
13,0.95,0.3,2.0,0.7362657957973585,dual_cluster
13,0.975,0.3,2.0,0.7495617787893071,dual_cluster
13,1.0,0.3,2.0,0.7632051348374465,dual_cluster
13,1.025,0.3,2.0,0.7769230260862013,dual_cluster
13,1.0499999999999998,0.3,2.0,0.7903986468464947,dual_cluster
13,1.075,0.3,2.0,0.8033395191963,dual_cluster
13,1.1,0.3,2.0,0.815531930031282,dual_cluster
13,1.125,0.3,2.0,0.8268587903269436,dual_cluster
13,1.15,0.3,2.0,0.8372861620469706,dual_cluster
13,1.1749999999999998,0.3,2.0,0.8468369944174202,dual_cluster
13,1.2,0.3,2.0,0.8555663333537648,dual_cluster
14,0.4,0.3,2.0,0.6970909161063269,takeover
14,0.42500000000000004,0.3,2.0,0.5706133251991169,takeover
14,0.45,0.3,2.0,0.25686735980624714,dual_cluster
14,0.47500000000000003,0.3,2.0,0.5617698115084602,dual_cluster
14,0.5,0.3,2.0,0.47518565217332936,dual_cluster
14,0.525,0.3,2.0,0.4251918726969546,dual_cluster
14,0.55,0.3,2.0,0.8951310869836989,dual_cluster
14,0.575,0.3,2.0,0.5551984187034901,dual_cluster
14,0.6,0.3,2.0,0.383222256026314,dual_cluster
14,0.625,0.3,2.0,0.508584265551463,dual_cluster
14,0.65,0.3,2.0,0.8476414708635546,dual_cluster
14,0.675,0.3,2.0,0.42646714966599747,dual_cluster
14,0.7,0.3,2.0,0.4462270866669557,dual_cluster
14,0.725,0.3,2.0,0.37996643627645565,dual_cluster
14,0.75,0.3,2.0,0.7312119372359455,dual_cluster
14,0.7749999999999999,0.3,2.0,0.37169207782886954,dual_cluster
14,0.8,0.3,2.0,0.9624134726749317,absorbed
14,0.825,0.3,2.0,0.9270679306388011,dual_cluster
14,0.85,0.3,2.0,0.5523437199324314,dual_cluster
14,0.875,0.3,2.0,0.6161235944470349,dual_cluster
14,0.8999999999999999,0.3,2.0,0.7036225823940055,dual_cluster
14,0.9249999999999999,0.3,2.0,0.7102473248274856,dual_cluster
14,0.95,0.3,2.0,0.7220323100616003,dual_cluster
14,0.975,0.3,2.0,0.7343195780758605,dual_cluster
14,1.0,0.3,2.0,0.7470496552546475,dual_cluster
14,1.025,0.3,2.0,0.7600882723393371,dual_cluster
14,1.0499999999999998,0.3,2.0,0.7732262515854734,dual_cluster
14,1.075,0.3,2.0,0.786207452635758,dual_cluster
14,1.1,0.3,2.0,0.7987773772522893,dual_cluster
14,1.125,0.3,2.0,0.810730274318262,dual_cluster
14,1.15,0.3,2.0,0.8219340911927221,dual_cluster
14,1.1749999999999998,0.3,2.0,0.8323296041744986,dual_cluster
14,1.2,0.3,2.0,0.841913969448473,dual_cluster
15,0.4,0.3,2.0,0.6420444072986431,takeover
15,0.42500000000000004,0.3,2.0,0.5480335340271819,dual_cluster
15,0.45,0.3,2.0,0.6612290757380663,dual_cluster
15,0.47500000000000003,0.3,2.0,0.8786459770345963,dual_cluster
15,0.5,0.3,2.0,0.31209444177064427,dual_cluster
15,0.525,0.3,2.0,0.9194124143822028,absorbed
15,0.55,0.3,2.0,0.8130968501415312,dual_cluster
15,0.575,0.3,2.0,0.848729304128775,dual_cluster
15,0.6,0.3,2.0,0.9026546378179098,dual_cluster
15,0.625,0.3,2.0,0.6247483704332017,dual_cluster
15,0.65,0.3,2.0,0.3532493313553352,dual_cluster
15,0.675,0.3,2.0,0.35720887894889264,dual_cluster
15,0.7,0.3,2.0,0.6289572666443938,dual_cluster
15,0.725,0.3,2.0,0.9531039354278875,absorbed
15,0.75,0.3,2.0,0.86830004977839,dual_cluster
15,0.7749999999999999,0.3,2.0,0.8719181711309997,dual_cluster
15,0.8,0.3,2.0,0.9574183362856722,dual_cluster
15,0.825,0.3,2.0,0.5977483848305196,dual_cluster
15,0.85,0.3,2.0,0.8219061764910982,dual_cluster
15,0.875,0.3,2.0,0.6584966882243448,dual_cluster
15,0.8999999999999999,0.3,2.0,0.7043387809079618,dual_cluster
15,0.9249999999999999,0.3,2.0,0.7163345028826033,dual_cluster
15,0.95,0.3,2.0,0.728734836624586,dual_cluster
15,0.975,0.3,2.0,0.7416691990658676,dual_cluster
15,1.0,0.3,2.0,0.755017673177221,dual_cluster
15,1.025,0.3,2.0,0.7685694473785475,dual_cluster
15,1.0499999999999998,0.3,2.0,0.78204578708812,dual_cluster
15,1.075,0.3,2.0,0.795153654421908,dual_cluster
15,1.1,0.3,2.0,0.8076457766231033,dual_cluster
15,1.125,0.3,2.0,0.8193575452810393,dual_cluster
15,1.15,0.3,2.0,0.8302108533023499,dual_cluster
15,1.1749999999999998,0.3,2.0,0.8401959543122568,dual_cluster
15,1.2,0.3,2.0,0.8493472719791345,dual_cluster
16,0.4,0.3,2.0,0.7969312258000073,takeover
16,0.42500000000000004,0.3,2.0,0.5760704805954351,dual_cluster
16,0.45,0.3,2.0,0.6671675250923167,dual_cluster
16,0.47500000000000003,0.3,2.0,0.3154578211464974,dual_cluster
16,0.5,0.3,2.0,0.6448633602782056,dual_cluster
16,0.525,0.3,2.0,0.48645422222910784,dual_cluster
16,0.55,0.3,2.0,0.5188018974687122,dual_cluster
16,0.575,0.3,2.0,0.945393247534754,absorbed
16,0.6,0.3,2.0,0.7780563518566336,dual_cluster
16,0.625,0.3,2.0,0.7563103078963279,dual_cluster
16,0.65,0.3,2.0,0.9346739777637375,dual_cluster
16,0.675,0.3,2.0,0.486085982297419,dual_cluster
16,0.7,0.3,2.0,0.5866746849557274,dual_cluster
16,0.725,0.3,2.0,0.407061680686884,dual_cluster
16,0.75,0.3,2.0,0.6117318296633094,dual_cluster
16,0.7749999999999999,0.3,2.0,0.9585384954259846,dual_cluster
16,0.8,0.3,2.0,0.7853825348104484,dual_cluster
16,0.825,0.3,2.0,0.6805400799940943,dual_cluster
16,0.85,0.3,2.0,0.633315361464865,dual_cluster
16,0.875,0.3,2.0,0.692718675841178,dual_cluster
16,0.8999999999999999,0.3,2.0,0.7096950582412141,dual_cluster
16,0.9249999999999999,0.3,2.0,0.7223700145155644,dual_cluster
16,0.95,0.3,2.0,0.7357084131420664,dual_cluster
16,0.975,0.3,2.0,0.749599233305146,dual_cluster
16,1.0,0.3,2.0,0.763818321173501,dual_cluster
16,1.025,0.3,2.0,0.7780431632490864,dual_cluster
16,1.0499999999999998,0.3,2.0,0.7919178064248894,dual_cluster
16,1.075,0.3,2.0,0.8051353574845278,dual_cluster
16,1.1,0.3,2.0,0.8174920811356311,dual_cluster
16,1.125,0.3,2.0,0.8288943540735687,dual_cluster
16,1.15,0.3,2.0,0.8393339870694422,dual_cluster
16,1.1749999999999998,0.3,2.0,0.8488557455099415,dual_cluster
16,1.2,0.3,2.0,0.8575308429548738,dual_cluster
17,0.4,0.3,2.0,0.6379109917815157,dual_cluster
17,0.42500000000000004,0.3,2.0,0.8438215333544498,dual_cluster
17,0.45,0.3,2.0,0.36988767153777513,dual_cluster
17,0.47500000000000003,0.3,2.0,0.816588302016104,dual_cluster
17,0.5,0.3,2.0,0.5393514646407236,dual_cluster
17,0.525,0.3,2.0,0.45252195028017683,dual_cluster
17,0.55,0.3,2.0,0.637940665071868,dual_cluster
17,0.575,0.3,2.0,0.9338066147651348,absorbed
17,0.6,0.3,2.0,0.59027626228956,dual_cluster
17,0.625,0.3,2.0,0.38499594982320967,dual_cluster
17,0.65,0.3,2.0,0.49155403376983536,dual_cluster
17,0.675,0.3,2.0,0.8293681522389147,dual_cluster
17,0.7,0.3,2.0,0.4627559694641789,dual_cluster
17,0.725,0.3,2.0,0.36198110835145747,dual_cluster
17,0.75,0.3,2.0,0.5081132429039448,dual_cluster
17,0.7749999999999999,0.3,2.0,0.8102943378986719,dual_cluster
17,0.8,0.3,2.0,0.5063424218849819,dual_cluster
17,0.825,0.3,2.0,0.8728902354257374,dual_cluster
17,0.85,0.3,2.0,0.7929941856066482,dual_cluster
17,0.875,0.3,2.0,0.7063499191352101,dual_cluster
17,0.8999999999999999,0.3,2.0,0.7056525467903266,dual_cluster
17,0.9249999999999999,0.3,2.0,0.7182113544875015,dual_cluster
17,0.95,0.3,2.0,0.7314013261496134,dual_cluster
17,0.975,0.3,2.0,0.745142766665963,dual_cluster
17,1.0,0.3,2.0,0.7592502397067225,dual_cluster
17,1.025,0.3,2.0,0.7734362938834042,dual_cluster
17,1.0499999999999998,0.3,2.0,0.7873618007776552,dual_cluster
17,1.075,0.3,2.0,0.800713047273555,dual_cluster
17,1.1,0.3,2.0,0.8132634681150681,dual_cluster
17,1.125,0.3,2.0,0.824892995934923,dual_cluster
17,1.15,0.3,2.0,0.8355716965156857,dual_cluster
17,1.1749999999999998,0.3,2.0,0.845329749213019,dual_cluster
17,1.2,0.3,2.0,0.8542300092313988,dual_cluster
18,0.4,0.3,2.0,0.32687660694743886,takeover
18,0.42500000000000004,0.3,2.0,0.40773831715726905,takeover
18,0.45,0.3,2.0,0.7225629757746033,takeover
18,0.47500000000000003,0.3,2.0,0.7196867942077987,dual_cluster
18,0.5,0.3,2.0,0.2960842895370141,dual_cluster
18,0.525,0.3,2.0,0.8097264769905564,dual_cluster
18,0.55,0.3,2.0,0.3847614657493806,dual_cluster
18,0.575,0.3,2.0,0.4098696998536216,dual_cluster
18,0.6,0.3,2.0,0.3378043856773297,dual_cluster
18,0.625,0.3,2.0,0.6854159160856647,dual_cluster
18,0.65,0.3,2.0,0.6345529401676003,dual_cluster
18,0.675,0.3,2.0,0.9521575343506459,absorbed
18,0.7,0.3,2.0,0.947712925955739,absorbed
18,0.725,0.3,2.0,0.4515343568275448,dual_cluster
18,0.75,0.3,2.0,0.9386980172124767,dual_cluster
18,0.7749999999999999,0.3,2.0,0.8219345244528776,dual_cluster
18,0.8,0.3,2.0,0.8419735901555347,dual_cluster
18,0.825,0.3,2.0,0.9162673067348137,dual_cluster
18,0.85,0.3,2.0,0.5695538141819558,dual_cluster
18,0.875,0.3,2.0,0.7392895453102203,dual_cluster
18,0.8999999999999999,0.3,2.0,0.6990736653923334,dual_cluster
18,0.9249999999999999,0.3,2.0,0.7121840006444967,dual_cluster
18,0.95,0.3,2.0,0.7243752332514474,dual_cluster
18,0.975,0.3,2.0,0.7370905163524141,dual_cluster
18,1.0,0.3,2.0,0.7502433465551419,dual_cluster
18,1.025,0.3,2.0,0.763659719755134,dual_cluster
18,1.0499999999999998,0.3,2.0,0.7770900215074725,dual_cluster
18,1.075,0.3,2.0,0.7902511685781615,dual_cluster
18,1.1,0.3,2.0,0.8028844580949589,dual_cluster
18,1.125,0.3,2.0,0.8148005178944049,dual_cluster
18,1.15,0.3,2.0,0.8258941163593003,dual_cluster
18,1.1749999999999998,0.3,2.0,0.836133205493994,dual_cluster
18,1.2,0.3,2.0,0.8455369177553703,dual_cluster
19,0.4,0.3,2.0,0.3816535824873734,takeover
19,0.42500000000000004,0.3,2.0,0.2759883631604839,dual_cluster
19,0.45,0.3,2.0,0.6842573216656517,dual_cluster
19,0.47500000000000003,0.3,2.0,0.7066627460453673,dual_cluster
19,0.5,0.3,2.0,0.8332607685991335,dual_cluster
19,0.525,0.3,2.0,0.6878172350403696,dual_cluster
19,0.55,0.3,2.0,0.7461033290753785,dual_cluster
19,0.575,0.3,2.0,0.9429079306167137,absorbed
19,0.6,0.3,2.0,0.4863926264989549,dual_cluster
19,0.625,0.3,2.0,0.6253629224215657,dual_cluster
19,0.65,0.3,2.0,0.6916611442245194,dual_cluster
19,0.675,0.3,2.0,0.46019619685722163,dual_cluster
19,0.7,0.3,2.0,0.9153520766987536,dual_cluster
19,0.725,0.3,2.0,0.7378373248205928,dual_cluster
19,0.75,0.3,2.0,0.7488106900433988,dual_cluster
19,0.7749999999999999,0.3,2.0,0.9110221853522991,dual_cluster
19,0.8,0.3,2.0,0.5224299098260509,dual_cluster
19,0.825,0.3,2.0,0.8618575632306954,dual_cluster
19,0.85,0.3,2.0,0.6749625516967911,dual_cluster
19,0.875,0.3,2.0,0.6848336498421508,dual_cluster
19,0.8999999999999999,0.3,2.0,0.7086303371400011,dual_cluster
19,0.9249999999999999,0.3,2.0,0.7208118800210442,dual_cluster
19,0.95,0.3,2.0,0.7335777842293686,dual_cluster
19,0.975,0.3,2.0,0.7468745861336482,dual_cluster
19,1.0,0.3,2.0,0.76053495501219,dual_cluster
19,1.025,0.3,2.0,0.7742990361080306,dual_cluster
19,1.0499999999999998,0.3,2.0,0.7878555465364337,dual_cluster
19,1.075,0.3,2.0,0.8009082182868184,dual_cluster
19,1.1,0.3,2.0,0.8132332656830196,dual_cluster
19,1.125,0.3,2.0,0.824702221478457,dual_cluster
19,1.15,0.3,2.0,0.8352719246917472,dual_cluster
19,1.1749999999999998,0.3,2.0,0.8449593176032751,dual_cluster
19,1.2,0.3,2.0,0.8538162364736154,dual_cluster
0,0.4,0.3,3.0,0.7202729499240446,takeover
0,0.42500000000000004,0.3,3.0,0.24830451734691458,takeover
0,0.45,0.3,3.0,0.5831286638155877,takeover
0,0.47500000000000003,0.3,3.0,0.7201692433952717,dual_cluster
0,0.5,0.3,3.0,0.3789319319649294,dual_cluster
0,0.525,0.3,3.0,0.6374308185130985,dual_cluster
0,0.55,0.3,3.0,0.698117097573436,dual_cluster
0,0.575,0.3,3.0,0.9220177090594345,dual_cluster
0,0.6,0.3,3.0,0.9205745047148934,dual_cluster
0,0.625,0.3,3.0,0.7901768168619463,dual_cluster
0,0.65,0.3,3.0,0.6602678589514438,dual_cluster
0,0.675,0.3,3.0,0.35554453100879085,dual_cluster
0,0.7,0.3,3.0,0.3558472482413229,dual_cluster
0,0.725,0.3,3.0,0.6082414082123632,dual_cluster
0,0.75,0.3,3.0,0.9641975314831159,absorbed
0,0.7749999999999999,0.3,3.0,0.8232517136661113,dual_cluster
0,0.8,0.3,3.0,0.8049794583593497,dual_cluster
0,0.825,0.3,3.0,0.8909237150526745,dual_cluster
0,0.85,0.3,3.0,0.5286789486006784,dual_cluster
0,0.875,0.3,3.0,0.6925443890026871,dual_cluster
0,0.8999999999999999,0.3,3.0,0.7004217390036516,dual_cluster
0,0.9249999999999999,0.3,3.0,0.7115324747159933,dual_cluster
0,0.95,0.3,3.0,0.723425993723382,dual_cluster
0,0.975,0.3,3.0,0.7358670832070419,dual_cluster
0,1.0,0.3,3.0,0.7487852366509584,dual_cluster
0,1.025,0.3,3.0,0.7620244191034568,dual_cluster
0,1.0499999999999998,0.3,3.0,0.7753482126757505,dual_cluster
0,1.075,0.3,3.0,0.7884755710681072,dual_cluster
0,1.1,0.3,3.0,0.8011374595605133,dual_cluster
0,1.125,0.3,3.0,0.8131266692892418,dual_cluster
0,1.15,0.3,3.0,0.8243193814607761,dual_cluster
0,1.1749999999999998,0.3,3.0,0.8346686395712404,dual_cluster
0,1.2,0.3,3.0,0.8441835697029653,dual_cluster
1,0.4,0.3,3.0,0.23690276627717186,takeover
1,0.42500000000000004,0.3,3.0,0.8257699657361154,absorbed
1,0.45,0.3,3.0,0.69519966295976,dual_cluster
1,0.47500000000000003,0.3,3.0,0.5775642263535072,dual_cluster
1,0.5,0.3,3.0,0.6807375010851732,dual_cluster
1,0.525,0.3,3.0,0.9101275047131726,dual_cluster
1,0.55,0.3,3.0,0.3575400548039777,dual_cluster
1,0.575,0.3,3.0,0.8997339967666138,dual_cluster
1,0.6,0.3,3.0,0.9421609004981467,absorbed
1,0.625,0.3,3.0,0.8726411758286181,dual_cluster
1,0.65,0.3,3.0,0.5153197209844101,dual_cluster
1,0.675,0.3,3.0,0.9051405149794437,dual_cluster
1,0.7,0.3,3.0,0.9543397535721324,dual_cluster
1,0.725,0.3,3.0,0.8538282178010059,dual_cluster
1,0.75,0.3,3.0,0.6182472651876285,dual_cluster
1,0.7749999999999999,0.3,3.0,0.5117640677795234,dual_cluster
1,0.8,0.3,3.0,0.9631841769714673,absorbed
1,0.825,0.3,3.0,0.8529142903350607,dual_cluster
1,0.85,0.3,3.0,0.5383036550189882,dual_cluster
1,0.875,0.3,3.0,0.6871857500802516,dual_cluster
1,0.8999999999999999,0.3,3.0,0.7070214320392261,dual_cluster
1,0.9249999999999999,0.3,3.0,0.7116351863393894,dual_cluster
1,0.95,0.3,3.0,0.7232992656266494,dual_cluster
1,0.975,0.3,3.0,0.7355013080856796,dual_cluster
1,1.0,0.3,3.0,0.7481752088987735,dual_cluster
1,1.025,0.3,3.0,0.7611818063368839,dual_cluster
1,1.0499999999999998,0.3,3.0,0.7743043660059145,dual_cluster
1,1.075,0.3,3.0,0.7872778514668604,dual_cluster
1,1.1,0.3,3.0,0.7998399226817526,dual_cluster
1,1.125,0.3,3.0,0.8117799118424663,dual_cluster
1,1.15,0.3,3.0,0.822964048856471,dual_cluster
1,1.1749999999999998,0.3,3.0,0.8333336328365436,dual_cluster
1,1.2,0.3,3.0,0.8428873738592604,dual_cluster
2,0.4,0.3,3.0,0.709294960005795,absorbed
2,0.42500000000000004,0.3,3.0,0.7423991815746833,takeover
2,0.45,0.3,3.0,0.7502727574962362,dual_cluster
2,0.47500000000000003,0.3,3.0,0.8639759975335545,dual_cluster
2,0.5,0.3,3.0,0.4750363868874298,dual_cluster
2,0.525,0.3,3.0,0.7702389131881356,dual_cluster
2,0.55,0.3,3.0,0.4334817519131861,dual_cluster
2,0.575,0.3,3.0,0.35824588233288657,dual_cluster
2,0.6,0.3,3.0,0.5727520292992495,dual_cluster
2,0.625,0.3,3.0,0.9302068579412526,dual_cluster
2,0.65,0.3,3.0,0.643499444434869,dual_cluster
2,0.675,0.3,3.0,0.5435358442016888,dual_cluster
2,0.7,0.3,3.0,0.7163440739604756,dual_cluster
2,0.725,0.3,3.0,0.9242178009388745,dual_cluster
2,0.75,0.3,3.0,0.8319641525542073,dual_cluster
2,0.7749999999999999,0.3,3.0,0.7980217193638384,dual_cluster
2,0.8,0.3,3.0,0.9076998156771937,dual_cluster
2,0.825,0.3,3.0,0.48605650788316873,dual_cluster
2,0.85,0.3,3.0,0.7813000168410265,dual_cluster
2,0.875,0.3,3.0,0.6128236365032668,dual_cluster
2,0.8999999999999999,0.3,3.0,0.7002088041037298,dual_cluster
2,0.9249999999999999,0.3,3.0,0.7112571465291864,dual_cluster
2,0.95,0.3,3.0,0.72364471915661,dual_cluster
2,0.975,0.3,3.0,0.7365951518882176,dual_cluster
2,1.0,0.3,3.0,0.7500136772753021,dual_cluster
2,1.025,0.3,3.0,0.7637081631847579,dual_cluster
2,1.0499999999999998,0.3,3.0,0.7774043299631515,dual_cluster
2,1.075,0.3,3.0,0.7907957014918119,dual_cluster
2,1.1,0.3,3.0,0.8036093094890299,dual_cluster
2,1.125,0.3,3.0,0.815653158182166,dual_cluster
2,1.15,0.3,3.0,0.8268279860697823,dual_cluster
2,1.1749999999999998,0.3,3.0,0.8371114584076628,dual_cluster
2,1.2,0.3,3.0,0.8465325485059396,dual_cluster
3,0.4,0.3,3.0,0.7774117883974682,absorbed
3,0.42500000000000004,0.3,3.0,0.7492924990517488,dual_cluster
3,0.45,0.3,3.0,0.7435651303873712,dual_cluster
3,0.47500000000000003,0.3,3.0,0.8553020516822666,dual_cluster
3,0.5,0.3,3.0,0.5983366960314336,dual_cluster
3,0.525,0.3,3.0,0.7203568119766625,dual_cluster
3,0.55,0.3,3.0,0.35935643822504204,dual_cluster
3,0.575,0.3,3.0,0.33875524305904064,dual_cluster
3,0.6,0.3,3.0,0.4648709845520119,dual_cluster
3,0.625,0.3,3.0,0.8673954184101698,dual_cluster
3,0.65,0.3,3.0,0.5060602248324629,dual_cluster
3,0.675,0.3,3.0,0.3770270544325623,dual_cluster
3,0.7,0.3,3.0,0.5552842480607044,dual_cluster
3,0.725,0.3,3.0,0.9050668850186598,dual_cluster
3,0.75,0.3,3.0,0.6550162374439161,dual_cluster
3,0.7749999999999999,0.3,3.0,0.5872649762617632,dual_cluster
3,0.8,0.3,3.0,0.6930692001927647,dual_cluster
3,0.825,0.3,3.0,0.8710524750805981,dual_cluster
3,0.85,0.3,3.0,0.556626538244681,dual_cluster
3,0.875,0.3,3.0,0.755781234867853,dual_cluster
3,0.8999999999999999,0.3,3.0,0.7014032986105971,dual_cluster
3,0.9249999999999999,0.3,3.0,0.7135681578301734,dual_cluster
3,0.95,0.3,3.0,0.7257880422068951,dual_cluster
3,0.975,0.3,3.0,0.7385571901405503,dual_cluster
3,1.0,0.3,3.0,0.7517789942652775,dual_cluster
3,1.025,0.3,3.0,0.7652651409954407,dual_cluster
3,1.0499999999999998,0.3,3.0,0.7787505118561451,dual_cluster
3,1.075,0.3,3.0,0.7919404733790605,dual_cluster
3,1.1,0.3,3.0,0.8045722767151454,dual_cluster
3,1.125,0.3,3.0,0.8164595698809092,dual_cluster
3,1.15,0.3,3.0,0.8275039915901558,dual_cluster
3,1.1749999999999998,0.3,3.0,0.8376809627691453,dual_cluster
3,1.2,0.3,3.0,0.8470158506462031,dual_cluster
4,0.4,0.3,3.0,0.7783826331315694,takeover
4,0.42500000000000004,0.3,3.0,0.8381931779529168,dual_cluster
4,0.45,0.3,3.0,0.874554701446629,absorbed
4,0.47500000000000003,0.3,3.0,0.6133276345634985,dual_cluster
4,0.5,0.3,3.0,0.6424888387991193,dual_cluster
4,0.525,0.3,3.0,0.4454963067856523,dual_cluster
4,0.55,0.3,3.0,0.8567147728815911,dual_cluster
4,0.575,0.3,3.0,0.7184218263590169,dual_cluster
4,0.6,0.3,3.0,0.47284925592198035,dual_cluster
4,0.625,0.3,3.0,0.9535411529699027,absorbed
4,0.65,0.3,3.0,0.8153066901211434,dual_cluster
4,0.675,0.3,3.0,0.8478191030146948,dual_cluster
4,0.7,0.3,3.0,0.8913434815407114,dual_cluster
4,0.725,0.3,3.0,0.7461721260248955,dual_cluster
4,0.75,0.3,3.0,0.6007638865174466,dual_cluster
4,0.7749999999999999,0.3,3.0,0.6572449237652774,dual_cluster
4,0.8,0.3,3.0,0.839002009524266,dual_cluster
4,0.825,0.3,3.0,0.4912602536122019,dual_cluster
4,0.85,0.3,3.0,0.7777268115219063,dual_cluster
4,0.875,0.3,3.0,0.6534984878602307,dual_cluster
4,0.8999999999999999,0.3,3.0,0.7064516126804388,dual_cluster
4,0.9249999999999999,0.3,3.0,0.7183301602983357,dual_cluster
4,0.95,0.3,3.0,0.7306338312567225,dual_cluster
4,0.975,0.3,3.0,0.7434987340711362,dual_cluster
4,1.0,0.3,3.0,0.7567976918812753,dual_cluster
4,1.025,0.3,3.0,0.7703101589735251,dual_cluster
4,1.0499999999999998,0.3,3.0,0.7837473572102245,dual_cluster
4,1.075,0.3,3.0,0.7968090165336918,dual_cluster
4,1.1,0.3,3.0,0.8092451908772246,dual_cluster
4,1.125,0.3,3.0,0.8208924892091936,dual_cluster
4,1.15,0.3,3.0,0.8316759380496593,dual_cluster
4,1.1749999999999998,0.3,3.0,0.8415891167994053,dual_cluster
4,1.2,0.3,3.0,0.850669099009203,dual_cluster
5,0.4,0.3,3.0,0.8136862508740654,dual_cluster
5,0.42500000000000004,0.3,3.0,0.5451038454023602,dual_cluster
5,0.45,0.3,3.0,0.5327477598535884,dual_cluster
5,0.47500000000000003,0.3,3.0,0.847503836310519,dual_cluster
5,0.5,0.3,3.0,0.8284473451769215,dual_cluster
5,0.525,0.3,3.0,0.7452112707984957,dual_cluster
5,0.55,0.3,3.0,0.8556849654973436,dual_cluster
5,0.575,0.3,3.0,0.7603664169004899,dual_cluster
5,0.6,0.3,3.0,0.7679739086704126,dual_cluster
5,0.625,0.3,3.0,0.5669382879478957,dual_cluster
5,0.65,0.3,3.0,0.6296991171789998,dual_cluster
5,0.675,0.3,3.0,0.9008469607445538,dual_cluster
5,0.7,0.3,3.0,0.5363071691380624,dual_cluster
5,0.725,0.3,3.0,0.3809577216252431,dual_cluster
5,0.75,0.3,3.0,0.4973043115703929,dual_cluster
5,0.7749999999999999,0.3,3.0,0.7688435878517543,dual_cluster
5,0.8,0.3,3.0,0.4390038265764641,dual_cluster
5,0.825,0.3,3.0,0.8426139302562345,dual_cluster
5,0.85,0.3,3.0,0.6910616658517716,dual_cluster
5,0.875,0.3,3.0,0.6894643699263441,dual_cluster
5,0.8999999999999999,0.3,3.0,0.7108725723655261,dual_cluster
5,0.9249999999999999,0.3,3.0,0.723008298664832,dual_cluster
5,0.95,0.3,3.0,0.7357677324047978,dual_cluster
5,0.975,0.3,3.0,0.7490730230491427,dual_cluster
5,1.0,0.3,3.0,0.7627420585749594,dual_cluster
5,1.025,0.3,3.0,0.7764995998781814,dual_cluster
5,1.0499999999999998,0.3,3.0,0.7900237732213051,dual_cluster
5,1.075,0.3,3.0,0.8030160370635051,dual_cluster
5,1.1,0.3,3.0,0.8152576355453444,dual_cluster
5,1.125,0.3,3.0,0.826628473587297,dual_cluster
5,1.15,0.3,3.0,0.8370934948170072,dual_cluster
5,1.1749999999999998,0.3,3.0,0.8466757495541302,dual_cluster
5,1.2,0.3,3.0,0.8554309718977857,dual_cluster
6,0.4,0.3,3.0,0.5231024416118133,dual_cluster
6,0.42500000000000004,0.3,3.0,0.3122505218915974,dual_cluster
6,0.45,0.3,3.0,0.29298080763880024,dual_cluster
6,0.47500000000000003,0.3,3.0,0.5240984044268159,dual_cluster
6,0.5,0.3,3.0,0.8818580909477589,dual_cluster
6,0.525,0.3,3.0,0.3628655027560682,dual_cluster
6,0.55,0.3,3.0,0.7948642021525202,dual_cluster
6,0.575,0.3,3.0,0.9037875930264242,dual_cluster
6,0.6,0.3,3.0,0.4905901586333136,dual_cluster
6,0.625,0.3,3.0,0.6836989508229947,dual_cluster
6,0.65,0.3,3.0,0.3859783732306669,dual_cluster
6,0.675,0.3,3.0,0.7278629605991723,dual_cluster
6,0.7,0.3,3.0,0.37132884776688463,dual_cluster
6,0.725,0.3,3.0,0.7874632289563369,dual_cluster
6,0.75,0.3,3.0,0.5067087287106735,dual_cluster
6,0.7749999999999999,0.3,3.0,0.44203979808205446,dual_cluster
6,0.8,0.3,3.0,0.5824974379216358,dual_cluster
6,0.825,0.3,3.0,0.7831484449399386,dual_cluster
6,0.85,0.3,3.0,0.6285141989040005,dual_cluster
6,0.875,0.3,3.0,0.7082364681583213,dual_cluster
6,0.8999999999999999,0.3,3.0,0.7029023962951219,dual_cluster
6,0.9249999999999999,0.3,3.0,0.7153931286322663,dual_cluster
6,0.95,0.3,3.0,0.7274859972714554,dual_cluster
6,0.975,0.3,3.0,0.7401297925488162,dual_cluster
6,1.0,0.3,3.0,0.7532255382179761,dual_cluster
6,1.025,0.3,3.0,0.766584653621661,dual_cluster
6,1.0499999999999998,0.3,3.0,0.7799441881178698,dual_cluster
6,1.075,0.3,3.0,0.7930133890118681,dual_cluster
6,1.1,0.3,3.0,0.8055334815696186,dual_cluster
6,1.125,0.3,3.0,0.8173207589543701,dual_cluster
6,1.15,0.3,3.0,0.8282777336346633,dual_cluster
6,1.1749999999999998,0.3,3.0,0.8383793078501478,dual_cluster
6,1.2,0.3,3.0,0.8476495697398682,dual_cluster
7,0.4,0.3,3.0,0.5570957636023514,takeover
7,0.42500000000000004,0.3,3.0,0.7122911335778332,takeover
7,0.45,0.3,3.0,0.7745638195401914,takeover
7,0.47500000000000003,0.3,3.0,0.45539683045433543,dual_cluster
7,0.5,0.3,3.0,0.6728635907905262,dual_cluster
7,0.525,0.3,3.0,0.907385735640174,absorbed
7,0.55,0.3,3.0,0.9007998189223246,dual_cluster
7,0.575,0.3,3.0,0.3609179805461927,dual_cluster
7,0.6,0.3,3.0,0.7989966175785298,dual_cluster
7,0.625,0.3,3.0,0.45958504568222164,dual_cluster
7,0.65,0.3,3.0,0.3784995400653244,dual_cluster
7,0.675,0.3,3.0,0.5940288721521185,dual_cluster
7,0.7,0.3,3.0,0.9462248049213344,dual_cluster
7,0.725,0.3,3.0,0.7131221572009883,dual_cluster
7,0.75,0.3,3.0,0.6616722258350511,dual_cluster
7,0.7749999999999999,0.3,3.0,0.8115519774055161,dual_cluster
7,0.8,0.3,3.0,0.37699534212347885,dual_cluster
7,0.825,0.3,3.0,0.8384477790879655,dual_cluster
7,0.85,0.3,3.0,0.702233628524514,dual_cluster
7,0.875,0.3,3.0,0.6450160330465508,dual_cluster
7,0.8999999999999999,0.3,3.0,0.6626049664846874,dual_cluster
7,0.9249999999999999,0.3,3.0,0.7069243246316315,dual_cluster
7,0.95,0.3,3.0,0.7176321105783308,dual_cluster
7,0.975,0.3,3.0,0.729108082046478,dual_cluster
7,1.0,0.3,3.0,0.7410476478187715,dual_cluster
7,1.025,0.3,3.0,0.7533760495019183,dual_cluster
7,1.0499999999999998,0.3,3.0,0.7659506100794679,dual_cluster
7,1.075,0.3,3.0,0.7785672431248324,dual_cluster
7,1.1,0.3,3.0,0.7909897028702132,dual_cluster
7,1.125,0.3,3.0,0.8029925563225554,dual_cluster
7,1.15,0.3,3.0,0.8143987668338161,dual_cluster
7,1.1749999999999998,0.3,3.0,0.8250972482204321,dual_cluster
7,1.2,0.3,3.0,0.8350397761733218,dual_cluster
8,0.4,0.3,3.0,0.5515110033454051,takeover
8,0.42500000000000004,0.3,3.0,0.6027775763229827,dual_cluster
8,0.45,0.3,3.0,0.7757862389619979,dual_cluster
8,0.47500000000000003,0.3,3.0,0.651463385347754,dual_cluster
8,0.5,0.3,3.0,0.7032460454594973,dual_cluster
8,0.525,0.3,3.0,0.3682156430684431,dual_cluster
8,0.55,0.3,3.0,0.3260365196738037,dual_cluster
8,0.575,0.3,3.0,0.5314474694061708,dual_cluster
8,0.6,0.3,3.0,0.9132462998694824,dual_cluster
8,0.625,0.3,3.0,0.5879601312256458,dual_cluster
8,0.65,0.3,3.0,0.4549563604951176,dual_cluster
8,0.675,0.3,3.0,0.629665032406766,dual_cluster
8,0.7,0.3,3.0,0.9508164669513606,dual_cluster
8,0.725,0.3,3.0,0.7313357025776688,dual_cluster
8,0.75,0.3,3.0,0.6909168492320239,dual_cluster
8,0.7749999999999999,0.3,3.0,0.8319525533372937,dual_cluster
8,0.8,0.3,3.0,0.3984919806175482,dual_cluster
8,0.825,0.3,3.0,0.8031015960652964,dual_cluster
8,0.85,0.3,3.0,0.6196595806231665,dual_cluster
8,0.875,0.3,3.0,0.6709574632571841,dual_cluster
8,0.8999999999999999,0.3,3.0,0.7024120830732697,dual_cluster
8,0.9249999999999999,0.3,3.0,0.7148263113007662,dual_cluster
8,0.95,0.3,3.0,0.7276410405425636,dual_cluster
8,0.975,0.3,3.0,0.7410282319086633,dual_cluster
8,1.0,0.3,3.0,0.7548460303251942,dual_cluster
8,1.025,0.3,3.0,0.768849148668819,dual_cluster
8,1.0499999999999998,0.3,3.0,0.7827212821003667,dual_cluster
8,1.075,0.3,3.0,0.7961425095299088,dual_cluster
8,1.1,0.3,3.0,0.8088574438795847,dual_cluster
8,1.125,0.3,3.0,0.8207098401629422,dual_cluster
8,1.15,0.3,3.0,0.8316383660412043,dual_cluster
8,1.1749999999999998,0.3,3.0,0.8416511938640888,dual_cluster
8,1.2,0.3,3.0,0.8507979752749883,dual_cluster
9,0.4,0.3,3.0,0.7259467791948702,takeover
9,0.42500000000000004,0.3,3.0,0.8147796346539862,dual_cluster
9,0.45,0.3,3.0,0.8371744008636224,dual_cluster
9,0.47500000000000003,0.3,3.0,0.8687049683150184,dual_cluster
9,0.5,0.3,3.0,0.3105507170367115,dual_cluster
9,0.525,0.3,3.0,0.9031269532877434,dual_cluster
9,0.55,0.3,3.0,0.6907568990986966,dual_cluster
9,0.575,0.3,3.0,0.6517884096322988,dual_cluster
9,0.6,0.3,3.0,0.8376189749604539,dual_cluster
9,0.625,0.3,3.0,0.5145722989861737,dual_cluster
9,0.65,0.3,3.0,0.9105600824812221,dual_cluster
9,0.675,0.3,3.0,0.8598685961352889,dual_cluster
9,0.7,0.3,3.0,0.961811229142401,absorbed
9,0.725,0.3,3.0,0.5567468621464595,dual_cluster
9,0.75,0.3,3.0,0.5212482699309139,dual_cluster
9,0.7749999999999999,0.3,3.0,0.7231529643124222,dual_cluster
9,0.8,0.3,3.0,0.47525175568476513,dual_cluster
9,0.825,0.3,3.0,0.7340579453176184,dual_cluster
9,0.85,0.3,3.0,0.7238112855792389,dual_cluster
9,0.875,0.3,3.0,0.7080706210464863,dual_cluster
9,0.8999999999999999,0.3,3.0,0.7021976316080047,dual_cluster
9,0.9249999999999999,0.3,3.0,0.714770320770082,dual_cluster
9,0.95,0.3,3.0,0.7269947091774099,dual_cluster
9,0.975,0.3,3.0,0.7397773442620769,dual_cluster
9,1.0,0.3,3.0,0.7530144785372583,dual_cluster
9,1.025,0.3,3.0,0.7665095667123354,dual_cluster
9,1.0499999999999998,0.3,3.0,0.7799903006031197,dual_cluster
9,1.075,0.3,3.0,0.7931584963971927,dual_cluster
9,1.1,0.3,3.0,0.8057523839742373,dual_cluster
9,1.125,0.3,3.0,0.817589752378943,dual_cluster
9,1.15,0.3,3.0,0.8285773035643578,dual_cluster
9,1.1749999999999998,0.3,3.0,0.8386948317450044,dual_cluster
9,1.2,0.3,3.0,0.8479707951732568,dual_cluster
10,0.4,0.3,3.0,0.4268088504311365,dual_cluster
10,0.42500000000000004,0.3,3.0,0.7623885182285605,dual_cluster
10,0.45,0.3,3.0,0.777989400840318,dual_cluster
10,0.47500000000000003,0.3,3.0,0.6465814106554563,dual_cluster
10,0.5,0.3,3.0,0.7087836080395518,dual_cluster
10,0.525,0.3,3.0,0.9117554573736588,dual_cluster
10,0.55,0.3,3.0,0.33313488208119096,dual_cluster
10,0.575,0.3,3.0,0.9436334867440472,absorbed
10,0.6,0.3,3.0,0.8745940767489221,dual_cluster
10,0.625,0.3,3.0,0.9344288420691399,dual_cluster
10,0.65,0.3,3.0,0.4102593428823111,dual_cluster
10,0.675,0.3,3.0,0.8681520123963523,dual_cluster
10,0.7,0.3,3.0,0.729246777656699,dual_cluster
10,0.725,0.3,3.0,0.8027856801371119,dual_cluster
10,0.75,0.3,3.0,0.9365707947235914,dual_cluster
10,0.7749999999999999,0.3,3.0,0.7541714878030743,dual_cluster
10,0.8,0.3,3.0,0.6094529725635145,dual_cluster
10,0.825,0.3,3.0,0.6043152436237588,dual_cluster
10,0.85,0.3,3.0,0.678105620647139,dual_cluster
10,0.875,0.3,3.0,0.7526860154949198,dual_cluster
10,0.8999999999999999,0.3,3.0,0.7036813231586008,dual_cluster
10,0.9249999999999999,0.3,3.0,0.7135696061969934,dual_cluster
10,0.95,0.3,3.0,0.7250150055371647,dual_cluster
10,0.975,0.3,3.0,0.7369877337778664,dual_cluster
10,1.0,0.3,3.0,0.749422972266684,dual_cluster
10,1.025,0.3,3.0,0.7621883593939377,dual_cluster
10,1.0499999999999998,0.3,3.0,0.7750783825643852,dual_cluster
10,1.075,0.3,3.0,0.7878406029231236,dual_cluster
10,1.1,0.3,3.0,0.800222362927137,dual_cluster
10,1.125,0.3,3.0,0.8120170111970212,dual_cluster
10,1.15,0.3,3.0,0.8230893402811452,dual_cluster
10,1.1749999999999998,0.3,3.0,0.8333758871528127,dual_cluster
10,1.2,0.3,3.0,0.8428695215354445,dual_cluster
11,0.4,0.3,3.0,0.2418443024554233,takeover
11,0.42500000000000004,0.3,3.0,0.8170415134033566,dual_cluster
11,0.45,0.3,3.0,0.51538390185215,dual_cluster
11,0.47500000000000003,0.3,3.0,0.32741337537743265,dual_cluster
11,0.5,0.3,3.0,0.381741897957007,dual_cluster
11,0.525,0.3,3.0,0.6815372326908526,dual_cluster
11,0.55,0.3,3.0,0.8993908476694163,dual_cluster
11,0.575,0.3,3.0,0.7377818423493345,dual_cluster
11,0.6,0.3,3.0,0.5655366359471203,dual_cluster
11,0.625,0.3,3.0,0.650962563359768,dual_cluster
11,0.65,0.3,3.0,0.9219696593997054,dual_cluster
11,0.675,0.3,3.0,0.5203431109884994,dual_cluster
11,0.7,0.3,3.0,0.3674362014463224,dual_cluster
11,0.725,0.3,3.0,0.40383155470904164,dual_cluster
11,0.75,0.3,3.0,0.7284869555238779,dual_cluster
11,0.7749999999999999,0.3,3.0,0.37111332646134676,dual_cluster
11,0.8,0.3,3.0,0.9487402409675294,dual_cluster
11,0.825,0.3,3.0,0.9127184765968522,dual_cluster
11,0.85,0.3,3.0,0.8362731239472084,dual_cluster
11,0.875,0.3,3.0,0.6117461527376429,dual_cluster
11,0.8999999999999999,0.3,3.0,0.7015939296711035,dual_cluster
11,0.9249999999999999,0.3,3.0,0.7138145156619934,dual_cluster
11,0.95,0.3,3.0,0.7252379940498607,dual_cluster
11,0.975,0.3,3.0,0.7371774172446534,dual_cluster
11,1.0,0.3,3.0,0.7495728503035859,dual_cluster
11,1.025,0.3,3.0,0.762293543506452,dual_cluster
11,1.0499999999999998,0.3,3.0,0.7751369792120103,dual_cluster
11,1.075,0.3,3.0,0.7878544534268109,dual_cluster
11,1.1,0.3,3.0,0.8001966312914934,dual_cluster
11,1.125,0.3,3.0,0.8119588368772709,dual_cluster
11,1.15,0.3,3.0,0.8230063021844098,dual_cluster
11,1.1749999999999998,0.3,3.0,0.8332748959085031,dual_cluster
11,1.2,0.3,3.0,0.8427563001194663,dual_cluster
12,0.4,0.3,3.0,0.513312177857904,takeover
12,0.42500000000000004,0.3,3.0,0.5843142974209696,dual_cluster
12,0.45,0.3,3.0,0.48574554599323,dual_cluster
12,0.47500000000000003,0.3,3.0,0.8746344382715023,absorbed
12,0.5,0.3,3.0,0.9017332506303706,absorbed
12,0.525,0.3,3.0,0.6056452917826852,dual_cluster
12,0.55,0.3,3.0,0.6398007764424417,dual_cluster
12,0.575,0.3,3.0,0.4386905741836262,dual_cluster
12,0.6,0.3,3.0,0.7961172255318639,dual_cluster
12,0.625,0.3,3.0,0.3787899325469137,dual_cluster
12,0.65,0.3,3.0,0.7248934846991654,dual_cluster
12,0.675,0.3,3.0,0.3754860526461571,dual_cluster
12,0.7,0.3,3.0,0.3564823104508283,dual_cluster
12,0.725,0.3,3.0,0.5912325757630094,dual_cluster
12,0.75,0.3,3.0,0.952436956966918,dual_cluster
12,0.7749999999999999,0.3,3.0,0.787230296323899,dual_cluster
12,0.8,0.3,3.0,0.7426232363646502,dual_cluster
12,0.825,0.3,3.0,0.7700904776373567,dual_cluster
12,0.85,0.3,3.0,0.7865140090671902,dual_cluster
12,0.875,0.3,3.0,0.6931183445158132,dual_cluster
12,0.8999999999999999,0.3,3.0,0.7072275257988214,dual_cluster
12,0.9249999999999999,0.3,3.0,0.7204523628864068,dual_cluster
12,0.95,0.3,3.0,0.7343951949407008,dual_cluster
12,0.975,0.3,3.0,0.7489193896383751,dual_cluster
12,1.0,0.3,3.0,0.7637547344420518,dual_cluster
12,1.025,0.3,3.0,0.7785237955529155,dual_cluster
12,1.0499999999999998,0.3,3.0,0.7928291809729774,dual_cluster
12,1.075,0.3,3.0,0.8063510658109182,dual_cluster
12,1.1,0.3,3.0,0.8188984577266126,dual_cluster
12,1.125,0.3,3.0,0.8304029281846734,dual_cluster
12,1.15,0.3,3.0,0.8408823202892447,dual_cluster
12,1.1749999999999998,0.3,3.0,0.8504026882315538,dual_cluster
12,1.2,0.3,3.0,0.8590507054919727,dual_cluster
13,0.4,0.3,3.0,0.7196060591607264,dual_cluster
13,0.42500000000000004,0.3,3.0,0.8660599012709098,dual_cluster
13,0.45,0.3,3.0,0.49651079806735154,dual_cluster
13,0.47500000000000003,0.3,3.0,0.7678235026989444,dual_cluster
13,0.5,0.3,3.0,0.39281993703334533,dual_cluster
13,0.525,0.3,3.0,0.3426583426421809,dual_cluster
13,0.55,0.3,3.0,0.40842117451862636,dual_cluster
13,0.575,0.3,3.0,0.7913968158757961,dual_cluster
13,0.6,0.3,3.0,0.36518020216636116,dual_cluster
13,0.625,0.3,3.0,0.9072662531710575,dual_cluster
13,0.65,0.3,3.0,0.7993489122021273,dual_cluster
13,0.675,0.3,3.0,0.5168960695903301,dual_cluster
13,0.7,0.3,3.0,0.9681622200034428,absorbed
13,0.725,0.3,3.0,0.8942207760700215,dual_cluster
13,0.75,0.3,3.0,0.9530773033499945,dual_cluster
13,0.7749999999999999,0.3,3.0,0.4587596695451823,dual_cluster
13,0.8,0.3,3.0,0.8506173548111862,dual_cluster
13,0.825,0.3,3.0,0.6425760965544993,dual_cluster
13,0.85,0.3,3.0,0.602008535060937,dual_cluster
13,0.875,0.3,3.0,0.7033649336446167,dual_cluster
13,0.8999999999999999,0.3,3.0,0.7104897768079951,dual_cluster
13,0.9249999999999999,0.3,3.0,0.7226126956144602,dual_cluster
13,0.95,0.3,3.0,0.7353603682602236,dual_cluster
13,0.975,0.3,3.0,0.7486682781867138,dual_cluster
13,1.0,0.3,3.0,0.7623556544095126,dual_cluster
13,1.025,0.3,3.0,0.7761459183713109,dual_cluster
13,1.0499999999999998,0.3,3.0,0.7897129271331407,dual_cluster
13,1.075,0.3,3.0,0.8027523695983458,dual_cluster
13,1.1,0.3,3.0,0.8150402967468595,dual_cluster
13,1.125,0.3,3.0,0.8264532476857911,dual_cluster
13,1.15,0.3,3.0,0.8369546808317827,dual_cluster
13,1.1749999999999998,0.3,3.0,0.8465674654735452,dual_cluster
13,1.2,0.3,3.0,0.8553478383827887,dual_cluster
14,0.4,0.3,3.0,0.658408749244536,takeover
14,0.42500000000000004,0.3,3.0,0.6159603982327099,dual_cluster
14,0.45,0.3,3.0,0.2517053281168489,dual_cluster
14,0.47500000000000003,0.3,3.0,0.4679573838132285,dual_cluster
14,0.5,0.3,3.0,0.38034865988835515,dual_cluster
14,0.525,0.3,3.0,0.4858246354803557,dual_cluster
14,0.55,0.3,3.0,0.9161146457227062,dual_cluster
14,0.575,0.3,3.0,0.6197054239127047,dual_cluster
14,0.6,0.3,3.0,0.45655012868620687,dual_cluster
14,0.625,0.3,3.0,0.5868558943469325,dual_cluster
14,0.65,0.3,3.0,0.9016960352971913,dual_cluster
14,0.675,0.3,3.0,0.5248449795986834,dual_cluster
14,0.7,0.3,3.0,0.36177832908114815,dual_cluster
14,0.725,0.3,3.0,0.48964190597374047,dual_cluster
14,0.75,0.3,3.0,0.8231384500084885,dual_cluster
14,0.7749999999999999,0.3,3.0,0.5066392918115726,dual_cluster
14,0.8,0.3,3.0,0.3853963675271381,dual_cluster
14,0.825,0.3,3.0,0.4578370036509581,dual_cluster
14,0.85,0.3,3.0,0.5970069273632116,dual_cluster
14,0.875,0.3,3.0,0.7244366911854656,dual_cluster
14,0.8999999999999999,0.3,3.0,0.7026039374714339,dual_cluster
14,0.9249999999999999,0.3,3.0,0.7095023675156313,dual_cluster
14,0.95,0.3,3.0,0.7212360274715239,dual_cluster
14,0.975,0.3,3.0,0.7335026035016594,dual_cluster
14,1.0,0.3,3.0,0.7462364008481216,dual_cluster
14,1.025,0.3,3.0,0.7593050329292709,dual_cluster
14,1.0499999999999998,0.3,3.0,0.7724975536488778,dual_cluster
14,1.075,0.3,3.0,0.7855517952511336,dual_cluster
14,1.1,0.3,3.0,0.7982044951157593,dual_cluster
14,1.125,0.3,3.0,0.8102412168658273,dual_cluster
14,1.15,0.3,3.0,0.8215235204074063,dual_cluster
14,1.1749999999999998,0.3,3.0,0.8319887214900853,dual_cluster
14,1.2,0.3,3.0,0.841632882654552,dual_cluster
15,0.4,0.3,3.0,0.6450857711300941,takeover
15,0.42500000000000004,0.3,3.0,0.5396840877487685,dual_cluster
15,0.45,0.3,3.0,0.6521143075371701,dual_cluster
15,0.47500000000000003,0.3,3.0,0.8767635142479195,dual_cluster
15,0.5,0.3,3.0,0.3134647107076116,dual_cluster
15,0.525,0.3,3.0,0.9192854881953876,absorbed
15,0.55,0.3,3.0,0.8112318865280308,dual_cluster
15,0.575,0.3,3.0,0.8488878065468053,dual_cluster
15,0.6,0.3,3.0,0.9007403669377911,dual_cluster
15,0.625,0.3,3.0,0.6313310323037663,dual_cluster
15,0.65,0.3,3.0,0.35395664387651266,dual_cluster
15,0.675,0.3,3.0,0.3617615770280292,dual_cluster
15,0.7,0.3,3.0,0.6546025339950607,dual_cluster
15,0.725,0.3,3.0,0.8995476036172173,dual_cluster
15,0.75,0.3,3.0,0.9094693540125025,dual_cluster
15,0.7749999999999999,0.3,3.0,0.9277033609306123,dual_cluster
15,0.8,0.3,3.0,0.3900606192557402,dual_cluster
15,0.825,0.3,3.0,0.7031008816562072,dual_cluster
15,0.85,0.3,3.0,0.7065629609918131,dual_cluster
15,0.875,0.3,3.0,0.7243829976047119,dual_cluster
15,0.8999999999999999,0.3,3.0,0.7035688042823799,dual_cluster
15,0.9249999999999999,0.3,3.0,0.7155191873838221,dual_cluster
15,0.95,0.3,3.0,0.7278837997455843,dual_cluster
15,0.975,0.3,3.0,0.7408084625691729,dual_cluster
15,1.0,0.3,3.0,0.7541769063078684,dual_cluster
15,1.025,0.3,3.0,0.7677781577808088,dual_cluster
15,1.0499999999999998,0.3,3.0,0.7813279950093683,dual_cluster
15,1.075,0.3,3.0,0.794523645637265,dual_cluster
15,1.1,0.3,3.0,0.807107224265679,dual_cluster
15,1.125,0.3,3.0,0.8189058401259599,dual_cluster
15,1.15,0.3,3.0,0.8298366679298346,dual_cluster
15,1.1749999999999998,0.3,3.0,0.8398882916317751,dual_cluster
15,1.2,0.3,3.0,0.849095372652197,dual_cluster
16,0.4,0.3,3.0,0.8044068455336031,absorbed
16,0.42500000000000004,0.3,3.0,0.45247226662662643,dual_cluster
16,0.45,0.3,3.0,0.7277610663791998,dual_cluster
16,0.47500000000000003,0.3,3.0,0.31394624393496934,dual_cluster
16,0.5,0.3,3.0,0.4813046790527304,dual_cluster
16,0.525,0.3,3.0,0.3560155205798116,dual_cluster
16,0.55,0.3,3.0,0.6001515503488682,dual_cluster
16,0.575,0.3,3.0,0.9140923373202281,dual_cluster
16,0.6,0.3,3.0,0.8419607739009485,dual_cluster
16,0.625,0.3,3.0,0.8266940427509009,dual_cluster
16,0.65,0.3,3.0,0.9591893979238992,absorbed
16,0.675,0.3,3.0,0.5929267601038504,dual_cluster
16,0.7,0.3,3.0,0.3632813169116659,dual_cluster
16,0.725,0.3,3.0,0.41479392175669205,dual_cluster
16,0.75,0.3,3.0,0.7174995097423658,dual_cluster
16,0.7749999999999999,0.3,3.0,0.3716108518238958,dual_cluster
16,0.8,0.3,3.0,0.9029832899090848,dual_cluster
16,0.825,0.3,3.0,0.8202229109926276,dual_cluster
16,0.85,0.3,3.0,0.766163723867323,dual_cluster
16,0.875,0.3,3.0,0.7074966329223835,dual_cluster
16,0.8999999999999999,0.3,3.0,0.7089827989002001,dual_cluster
16,0.9249999999999999,0.3,3.0,0.7216242889013543,dual_cluster
16,0.95,0.3,3.0,0.7349489169497487,dual_cluster
16,0.975,0.3,3.0,0.7488537322562343,dual_cluster
16,1.0,0.3,3.0,0.7631156508901769,dual_cluster
16,1.025,0.3,3.0,0.777407588283423,dual_cluster
16,1.0499999999999998,0.3,3.0,0.7913639639035227,dual_cluster
16,1.075,0.3,3.0,0.804666869959915,dual_cluster
16,1.1,0.3,3.0,0.8171040003831134,dual_cluster
16,1.125,0.3,3.0,0.8285770823562468,dual_cluster
16,1.15,0.3,3.0,0.8390765390461982,dual_cluster
16,1.1749999999999998,0.3,3.0,0.848647665264172,dual_cluster
16,1.2,0.3,3.0,0.8573630262679748,dual_cluster
17,0.4,0.3,3.0,0.5728778600227673,dual_cluster
17,0.42500000000000004,0.3,3.0,0.8179897900089524,dual_cluster
17,0.45,0.3,3.0,0.484225157839834,dual_cluster
17,0.47500000000000003,0.3,3.0,0.7799994568144867,dual_cluster
17,0.5,0.3,3.0,0.4780018730043497,dual_cluster
17,0.525,0.3,3.0,0.393418048589328,dual_cluster
17,0.55,0.3,3.0,0.590017992000658,dual_cluster
17,0.575,0.3,3.0,0.9214026543334278,dual_cluster
17,0.6,0.3,3.0,0.5485478285185165,dual_cluster
17,0.625,0.3,3.0,0.35546211297463703,dual_cluster
17,0.65,0.3,3.0,0.46006244801072854,dual_cluster
17,0.675,0.3,3.0,0.8160991433811077,dual_cluster
17,0.7,0.3,3.0,0.4522986190291212,dual_cluster
17,0.725,0.3,3.0,0.36170894586008034,dual_cluster
17,0.75,0.3,3.0,0.5329343115034493,dual_cluster
17,0.7749999999999999,0.3,3.0,0.8483326704054793,dual_cluster
17,0.8,0.3,3.0,0.5769283500633526,dual_cluster
17,0.825,0.3,3.0,0.5101708158884902,dual_cluster
17,0.85,0.3,3.0,0.7966236728505809,dual_cluster
17,0.875,0.3,3.0,0.7170160975165136,dual_cluster
17,0.8999999999999999,0.3,3.0,0.7048210763936934,dual_cluster
17,0.9249999999999999,0.3,3.0,0.7173820267540317,dual_cluster
17,0.95,0.3,3.0,0.730547251304752,dual_cluster
17,0.975,0.3,3.0,0.744293788852612,dual_cluster
17,1.0,0.3,3.0,0.7584387113772765,dual_cluster
17,1.025,0.3,3.0,0.772691455766952,dual_cluster
17,1.0499999999999998,0.3,3.0,0.7867037146909782,dual_cluster
17,1.075,0.3,3.0,0.8001496918465956,dual_cluster
17,1.1,0.3,3.0,0.8127922632965011,dual_cluster
17,1.125,0.3,3.0,0.8245048135506183,dual_cluster
17,1.15,0.3,3.0,0.8352547708593505,dual_cluster
17,1.1749999999999998,0.3,3.0,0.8450722569936981,dual_cluster
17,1.2,0.3,3.0,0.8540213375469851,dual_cluster
18,0.4,0.3,3.0,0.2949422667326443,takeover
18,0.42500000000000004,0.3,3.0,0.446888580094552,takeover
18,0.45,0.3,3.0,0.7547485366650251,takeover
18,0.47500000000000003,0.3,3.0,0.7617335941131055,dual_cluster
18,0.5,0.3,3.0,0.2969274638226825,dual_cluster
18,0.525,0.3,3.0,0.7899923414222467,dual_cluster
18,0.55,0.3,3.0,0.35628963108420514,dual_cluster
18,0.575,0.3,3.0,0.4648743668379364,dual_cluster
18,0.6,0.3,3.0,0.3390473766336272,dual_cluster
18,0.625,0.3,3.0,0.6677303584521227,dual_cluster
18,0.65,0.3,3.0,0.6907685114544994,dual_cluster
18,0.675,0.3,3.0,0.9507995495959713,absorbed
18,0.7,0.3,3.0,0.948557660403304,absorbed
18,0.725,0.3,3.0,0.46108164149618697,dual_cluster
18,0.75,0.3,3.0,0.9516334516616866,dual_cluster
18,0.7749999999999999,0.3,3.0,0.8578104993137197,dual_cluster
18,0.8,0.3,3.0,0.8967495039219769,dual_cluster
18,0.825,0.3,3.0,0.4825126816430565,dual_cluster
18,0.85,0.3,3.0,0.6622477409504939,dual_cluster
18,0.875,0.3,3.0,0.7808150252092977,dual_cluster
18,0.8999999999999999,0.3,3.0,0.7002617790735777,dual_cluster
18,0.9249999999999999,0.3,3.0,0.7113777443651319,dual_cluster
18,0.95,0.3,3.0,0.7235244666895413,dual_cluster
18,0.975,0.3,3.0,0.7362189338442371,dual_cluster
18,1.0,0.3,3.0,0.7493795814751657,dual_cluster
18,1.025,0.3,3.0,0.7628338843050841,dual_cluster
18,1.0499999999999998,0.3,3.0,0.7763288228460592,dual_cluster
18,1.075,0.3,3.0,0.789573033381073,dual_cluster
18,1.1,0.3,3.0,0.8022972873642416,dual_cluster
18,1.125,0.3,3.0,0.814302886355599,dual_cluster
18,1.15,0.3,3.0,0.8254784864027723,dual_cluster
18,1.1749999999999998,0.3,3.0,0.8357892195714058,dual_cluster
18,1.2,0.3,3.0,0.8452537328839259,dual_cluster
19,0.4,0.3,3.0,0.347243458047225,takeover
19,0.42500000000000004,0.3,3.0,0.28713423105706715,dual_cluster
19,0.45,0.3,3.0,0.7137979735914957,dual_cluster
19,0.47500000000000003,0.3,3.0,0.6341266740175202,dual_cluster
19,0.5,0.3,3.0,0.8601342001014423,dual_cluster
19,0.525,0.3,3.0,0.7286911365822367,dual_cluster
19,0.55,0.3,3.0,0.788129819300318,dual_cluster
19,0.575,0.3,3.0,0.9431849015217116,absorbed
19,0.6,0.3,3.0,0.5525336864057795,dual_cluster
19,0.625,0.3,3.0,0.43411504888012564,dual_cluster
19,0.65,0.3,3.0,0.45682820855043155,dual_cluster
19,0.675,0.3,3.0,0.5442289398977331,dual_cluster
19,0.7,0.3,3.0,0.9597737051960953,absorbed
19,0.725,0.3,3.0,0.8191872174182684,dual_cluster
19,0.75,0.3,3.0,0.8469870840297183,dual_cluster
19,0.7749999999999999,0.3,3.0,0.9650899082230932,absorbed
19,0.8,0.3,3.0,0.6771269643385349,dual_cluster
19,0.825,0.3,3.0,0.5279854238553268,dual_cluster
19,0.85,0.3,3.0,0.8110646540968551,dual_cluster
19,0.875,0.3,3.0,0.7064191769835014,dual_cluster
19,0.8999999999999999,0.3,3.0,0.7078157324217589,dual_cluster
19,0.9249999999999999,0.3,3.0,0.7199148099388782,dual_cluster
19,0.95,0.3,3.0,0.7326559005493453,dual_cluster
19,0.975,0.3,3.0,0.7459583573922632,dual_cluster
19,1.0,0.3,3.0,0.759657336131339,dual_cluster
19,1.025,0.3,3.0,0.77349016342745,dual_cluster
19,1.0499999999999998,0.3,3.0,0.7871368149368656,dual_cluster
19,1.075,0.3,3.0,0.8002890902600266,dual_cluster
19,1.1,0.3,3.0,0.8127122952628022,dual_cluster
19,1.125,0.3,3.0,0.8242707720749478,dual_cluster
19,1.15,0.3,3.0,0.8349181162337248,dual_cluster
19,1.1749999999999998,0.3,3.0,0.8446708154061934,dual_cluster
19,1.2,0.3,3.0,0.8535817326554056,dual_cluster
0,0.4,0.4,1.0,0.4939063637324473,takeover
0,0.42500000000000004,0.4,1.0,0.3718887687795018,takeover
0,0.45,0.4,1.0,0.4679673060404356,takeover
0,0.47500000000000003,0.4,1.0,0.7672356385289119,absorbed
0,0.5,0.4,1.0,0.832826907793191,absorbed
0,0.525,0.4,1.0,0.5682097374617469,takeover
0,0.55,0.4,1.0,0.6101729044390822,dual_cluster
0,0.575,0.4,1.0,0.15732343696854287,dual_cluster
0,0.6,0.4,1.0,0.4312162060537242,dual_cluster
0,0.625,0.4,1.0,0.1964694995809613,dual_cluster
0,0.65,0.4,1.0,0.8157363393332582,dual_cluster
0,0.675,0.4,1.0,0.41162880303472343,dual_cluster
0,0.7,0.4,1.0,0.34353523945311726,dual_cluster
0,0.725,0.4,1.0,0.7099965141959947,dual_cluster
0,0.75,0.4,1.0,0.27631011826392565,dual_cluster
0,0.7749999999999999,0.4,1.0,0.7375037173072287,dual_cluster
0,0.8,0.4,1.0,0.3299705359453838,dual_cluster
0,0.825,0.4,1.0,0.9583675467991604,dual_cluster
0,0.85,0.4,1.0,0.9556693016282131,dual_cluster
0,0.875,0.4,1.0,0.3827698508783722,dual_cluster
0,0.8999999999999999,0.4,1.0,0.37118257565149343,dual_cluster
0,0.9249999999999999,0.4,1.0,0.5043315659590968,dual_cluster
0,0.95,0.4,1.0,0.7897731251912833,dual_cluster
0,0.975,0.4,1.0,0.35532824871582264,dual_cluster
0,1.0,0.4,1.0,0.8022346327619294,dual_cluster
0,1.025,0.4,1.0,0.7421501522272389,dual_cluster
0,1.0499999999999998,0.4,1.0,0.7200220483490855,dual_cluster
0,1.075,0.4,1.0,0.6599272437636634,dual_cluster
0,1.1,0.4,1.0,0.6773100621149218,dual_cluster
0,1.125,0.4,1.0,0.6992614231099262,dual_cluster
0,1.15,0.4,1.0,0.7248099366363993,dual_cluster
0,1.1749999999999998,0.4,1.0,0.7506892456965659,dual_cluster
0,1.2,0.4,1.0,0.7736620387587329,dual_cluster
1,0.4,0.4,1.0,0.390235770048401,takeover
1,0.42500000000000004,0.4,1.0,0.6447544553734033,takeover
1,0.45,0.4,1.0,0.6992245068427889,takeover
1,0.47500000000000003,0.4,1.0,0.5127068687642674,dual_cluster
1,0.5,0.4,1.0,0.553179077890542,dual_cluster
1,0.525,0.4,1.0,0.8016558516275499,dual_cluster
1,0.55,0.4,1.0,0.4586923927546148,dual_cluster
1,0.575,0.4,1.0,0.8488712283073054,dual_cluster
1,0.6,0.4,1.0,0.7025288147535672,dual_cluster
1,0.625,0.4,1.0,0.8050140327642562,dual_cluster
1,0.65,0.4,1.0,0.7764940213419617,dual_cluster
1,0.675,0.4,1.0,0.7604603570046566,dual_cluster
1,0.7,0.4,1.0,0.6374199591328769,dual_cluster
1,0.725,0.4,1.0,0.8243845157523289,dual_cluster
1,0.75,0.4,1.0,0.17017530469815403,dual_cluster
1,0.7749999999999999,0.4,1.0,0.8792097899722112,dual_cluster
1,0.8,0.4,1.0,0.21333569798871352,dual_cluster
1,0.825,0.4,1.0,0.7982170010907588,dual_cluster
1,0.85,0.4,1.0,0.7130833468661006,dual_cluster
1,0.875,0.4,1.0,0.9475233912352712,dual_cluster
1,0.8999999999999999,0.4,1.0,0.7305998374991879,dual_cluster
1,0.9249999999999999,0.4,1.0,0.8421040090036845,dual_cluster
1,0.95,0.4,1.0,0.5283348725372708,dual_cluster
1,0.975,0.4,1.0,0.5685926318046037,dual_cluster
1,1.0,0.4,1.0,0.854577896936415,dual_cluster
1,1.025,0.4,1.0,0.7414020369524241,dual_cluster
1,1.0499999999999998,0.4,1.0,0.7347485785656364,dual_cluster
1,1.075,0.4,1.0,0.6580940125901035,dual_cluster
1,1.1,0.4,1.0,0.6757934930029916,dual_cluster
1,1.125,0.4,1.0,0.6968358793803465,dual_cluster
1,1.15,0.4,1.0,0.7215881966670189,dual_cluster
1,1.1749999999999998,0.4,1.0,0.7472834387162207,dual_cluster
1,1.2,0.4,1.0,0.7705411810988526,dual_cluster
2,0.4,0.4,1.0,0.4988929151460711,takeover
2,0.42500000000000004,0.4,1.0,0.6859987126783934,takeover
2,0.45,0.4,1.0,0.5993106347182614,takeover
2,0.47500000000000003,0.4,1.0,0.20524138169063333,takeover
2,0.5,0.4,1.0,0.4863723589825414,dual_cluster
2,0.525,0.4,1.0,0.8187256358384007,dual_cluster
2,0.55,0.4,1.0,0.7049889777089515,dual_cluster
2,0.575,0.4,1.0,0.5640468197747164,dual_cluster
2,0.6,0.4,1.0,0.7223401953870077,dual_cluster
2,0.625,0.4,1.0,0.8609356684904957,dual_cluster
2,0.65,0.4,1.0,0.7132400341129502,dual_cluster
2,0.675,0.4,1.0,0.5834158650389247,dual_cluster
2,0.7,0.4,1.0,0.7816254953128376,dual_cluster
2,0.725,0.4,1.0,0.35634151644451334,dual_cluster
2,0.75,0.4,1.0,0.9510184302879383,absorbed
2,0.7749999999999999,0.4,1.0,0.7126208028668379,dual_cluster
2,0.8,0.4,1.0,0.6591617538171488,dual_cluster
2,0.825,0.4,1.0,0.48293210346574283,dual_cluster
2,0.85,0.4,1.0,0.7311225512966584,dual_cluster
2,0.875,0.4,1.0,0.31787886845482766,dual_cluster
2,0.8999999999999999,0.4,1.0,0.456470834595657,dual_cluster
2,0.9249999999999999,0.4,1.0,0.9011247456119028,dual_cluster
2,0.95,0.4,1.0,0.881730339820049,dual_cluster
2,0.975,0.4,1.0,0.4572651655745557,dual_cluster
2,1.0,0.4,1.0,0.41165557285179244,dual_cluster
2,1.025,0.4,1.0,0.542297045872313,dual_cluster
2,1.0499999999999998,0.4,1.0,0.6877063647344651,dual_cluster
2,1.075,0.4,1.0,0.6610917553370814,dual_cluster
2,1.1,0.4,1.0,0.6810319290826176,dual_cluster
2,1.125,0.4,1.0,0.7054610233354914,dual_cluster
2,1.15,0.4,1.0,0.7327294640801196,dual_cluster
2,1.1749999999999998,0.4,1.0,0.7586063828235899,dual_cluster
2,1.2,0.4,1.0,0.7806818378880973,dual_cluster
3,0.4,0.4,1.0,0.5983016333409737,takeover
3,0.42500000000000004,0.4,1.0,0.12650591525471988,takeover
3,0.45,0.4,1.0,0.20171631690886277,takeover
3,0.47500000000000003,0.4,1.0,0.11377130162441502,dual_cluster
3,0.5,0.4,1.0,0.6296895052846226,dual_cluster
3,0.525,0.4,1.0,0.705184670522392,dual_cluster
3,0.55,0.4,1.0,0.8023657186337195,dual_cluster
3,0.575,0.4,1.0,0.6773957641490237,dual_cluster
3,0.6,0.4,1.0,0.8030893241410537,dual_cluster
3,0.625,0.4,1.0,0.7469941340434997,dual_cluster
3,0.65,0.4,1.0,0.7616644370239725,dual_cluster
3,0.675,0.4,1.0,0.618612572768965,dual_cluster
3,0.7,0.4,1.0,0.7880498850893926,dual_cluster
3,0.725,0.4,1.0,0.43889782412771566,dual_cluster
3,0.75,0.4,1.0,0.9533643044521308,absorbed
3,0.7749999999999999,0.4,1.0,0.9174255965135304,dual_cluster
3,0.8,0.4,1.0,0.5545946110082908,dual_cluster
3,0.825,0.4,1.0,0.25601123480573157,dual_cluster
3,0.85,0.4,1.0,0.5739086569383103,dual_cluster
3,0.875,0.4,1.0,0.8061560446509485,dual_cluster
3,0.8999999999999999,0.4,1.0,0.5597193949167705,dual_cluster
3,0.9249999999999999,0.4,1.0,0.6754872061096251,dual_cluster
3,0.95,0.4,1.0,0.5986230267918656,dual_cluster
3,0.975,0.4,1.0,0.8052329888654535,dual_cluster
3,1.0,0.4,1.0,0.6259947229984826,dual_cluster
3,1.025,0.4,1.0,0.6203105288981575,dual_cluster
3,1.0499999999999998,0.4,1.0,0.6657427026545334,dual_cluster
3,1.075,0.4,1.0,0.6668635266306219,dual_cluster
3,1.1,0.4,1.0,0.6865399113944309,dual_cluster
3,1.125,0.4,1.0,0.7101935849684105,dual_cluster
3,1.15,0.4,1.0,0.7361595155062274,dual_cluster
3,1.1749999999999998,0.4,1.0,0.7608334063811605,dual_cluster
3,1.2,0.4,1.0,0.7821327670863804,dual_cluster
4,0.4,0.4,1.0,0.7307264616521179,absorbed
4,0.42500000000000004,0.4,1.0,0.6304564401138453,takeover
4,0.45,0.4,1.0,0.4590530467114606,dual_cluster
4,0.47500000000000003,0.4,1.0,0.5635900230620221,dual_cluster
4,0.5,0.4,1.0,0.8530882224826274,dual_cluster
4,0.525,0.4,1.0,0.1178503312676069,dual_cluster
4,0.55,0.4,1.0,0.8895256139661487,dual_cluster
4,0.575,0.4,1.0,0.9234156303666073,absorbed
4,0.6,0.4,1.0,0.8310060094352807,dual_cluster
4,0.625,0.4,1.0,0.42591649202705045,dual_cluster
4,0.65,0.4,1.0,0.7655873334697241,dual_cluster
4,0.675,0.4,1.0,0.9286049934891372,dual_cluster
4,0.7,0.4,1.0,0.28075033243184816,dual_cluster
4,0.725,0.4,1.0,0.7883475814938219,dual_cluster
4,0.75,0.4,1.0,0.6029273639752265,dual_cluster
4,0.7749999999999999,0.4,1.0,0.7592037585084204,dual_cluster
4,0.8,0.4,1.0,0.3046635549267898,dual_cluster
4,0.825,0.4,1.0,0.8986878528481345,dual_cluster
4,0.85,0.4,1.0,0.3389774598778632,dual_cluster
4,0.875,0.4,1.0,0.9708543760608234,absorbed
4,0.8999999999999999,0.4,1.0,0.846498815094775,dual_cluster
4,0.9249999999999999,0.4,1.0,0.7016055391332943,dual_cluster
4,0.95,0.4,1.0,0.677736259950686,dual_cluster
4,0.975,0.4,1.0,0.9127190129896376,dual_cluster
4,1.0,0.4,1.0,0.7603865569942067,dual_cluster
4,1.025,0.4,1.0,0.7507248417866225,dual_cluster
4,1.0499999999999998,0.4,1.0,0.6435767516969362,dual_cluster
4,1.075,0.4,1.0,0.6693705543634394,dual_cluster
4,1.1,0.4,1.0,0.6893140043551851,dual_cluster
4,1.125,0.4,1.0,0.7133024447452501,dual_cluster
4,1.15,0.4,1.0,0.7393916220133561,dual_cluster
4,1.1749999999999998,0.4,1.0,0.7638756315786415,dual_cluster
4,1.2,0.4,1.0,0.7848651438238919,dual_cluster
5,0.4,0.4,1.0,0.2332245749754911,takeover
5,0.42500000000000004,0.4,1.0,0.3117601149335416,takeover
5,0.45,0.4,1.0,0.8261792081964429,dual_cluster
5,0.47500000000000003,0.4,1.0,0.2160000327181569,dual_cluster
5,0.5,0.4,1.0,0.609634499065851,dual_cluster
5,0.525,0.4,1.0,0.7816504674677327,dual_cluster
5,0.55,0.4,1.0,0.3405825339700152,dual_cluster
5,0.575,0.4,1.0,0.6189388386362102,dual_cluster
5,0.6,0.4,1.0,0.435237380352521,dual_cluster
5,0.625,0.4,1.0,0.8866933141916672,dual_cluster
5,0.65,0.4,1.0,0.554940162328069,dual_cluster
5,0.675,0.4,1.0,0.5911932705408673,dual_cluster
5,0.7,0.4,1.0,0.26256719452163896,dual_cluster
5,0.725,0.4,1.0,0.2926137719882802,dual_cluster
5,0.75,0.4,1.0,0.5845465295843473,dual_cluster
5,0.7749999999999999,0.4,1.0,0.3891020017632672,dual_cluster
5,0.8,0.4,1.0,0.26881474079235884,dual_cluster
5,0.825,0.4,1.0,0.6810683999879599,dual_cluster
5,0.85,0.4,1.0,0.48022976233203646,dual_cluster
5,0.875,0.4,1.0,0.707639141188781,dual_cluster
5,0.8999999999999999,0.4,1.0,0.3584466962967101,dual_cluster
5,0.9249999999999999,0.4,1.0,0.5222597716161828,dual_cluster
5,0.95,0.4,1.0,0.9045462678234382,dual_cluster
5,0.975,0.4,1.0,0.8439709754445647,dual_cluster
5,1.0,0.4,1.0,0.5295917398886664,dual_cluster
5,1.025,0.4,1.0,0.6713585679941164,dual_cluster
5,1.0499999999999998,0.4,1.0,0.6623822779971041,dual_cluster
5,1.075,0.4,1.0,0.682553272293067,dual_cluster
5,1.1,0.4,1.0,0.7072747878189025,dual_cluster
5,1.125,0.4,1.0,0.7347493620027491,dual_cluster
5,1.15,0.4,1.0,0.7606905611855984,dual_cluster
5,1.1749999999999998,0.4,1.0,0.7827656854600216,dual_cluster
5,1.2,0.4,1.0,0.8011009988549296,dual_cluster
6,0.4,0.4,1.0,0.018386281939035236,takeover
6,0.42500000000000004,0.4,1.0,0.6331086946616504,takeover
6,0.45,0.4,1.0,0.755911051999156,takeover
6,0.47500000000000003,0.4,1.0,0.5486916023051288,takeover
6,0.5,0.4,1.0,0.3301779215698251,dual_cluster
6,0.525,0.4,1.0,0.9002630483512002,absorbed
6,0.55,0.4,1.0,0.6951129983809539,dual_cluster
6,0.575,0.4,1.0,0.6127671038611726,dual_cluster
6,0.6,0.4,1.0,0.8099411211184121,dual_cluster
6,0.625,0.4,1.0,0.5546802440196266,dual_cluster
6,0.65,0.4,1.0,0.8802304385455239,dual_cluster
6,0.675,0.4,1.0,0.8260759224837727,dual_cluster
6,0.7,0.4,1.0,0.9545066212461184,absorbed
6,0.725,0.4,1.0,0.5508020304871656,dual_cluster
6,0.75,0.4,1.0,0.2775219475347711,dual_cluster
6,0.7749999999999999,0.4,1.0,0.560485989942276,dual_cluster
6,0.8,0.4,1.0,0.958261295245216,absorbed
6,0.825,0.4,1.0,0.9380938837863178,dual_cluster
6,0.85,0.4,1.0,0.22700445655148158,dual_cluster
6,0.875,0.4,1.0,0.9093400001978266,dual_cluster
6,0.8999999999999999,0.4,1.0,0.9735424948240619,absorbed
6,0.9249999999999999,0.4,1.0,0.6593227543152039,dual_cluster
6,0.95,0.4,1.0,0.6514835598745653,dual_cluster
6,0.975,0.4,1.0,0.9042377058874815,dual_cluster
6,1.0,0.4,1.0,0.7641197468327117,dual_cluster
6,1.025,0.4,1.0,0.7579986361263813,dual_cluster
6,1.0499999999999998,0.4,1.0,0.6444846258990385,dual_cluster
6,1.075,0.4,1.0,0.669915103617776,dual_cluster
6,1.1,0.4,1.0,0.6900093064300965,dual_cluster
6,1.125,0.4,1.0,0.7141536586102661,dual_cluster
6,1.15,0.4,1.0,0.7402972497071248,dual_cluster
6,1.1749999999999998,0.4,1.0,0.7647181422924734,dual_cluster
6,1.2,0.4,1.0,0.7856073547548525,dual_cluster
7,0.4,0.4,1.0,0.1454495008798494,takeover
7,0.42500000000000004,0.4,1.0,0.7172539082139734,takeover
7,0.45,0.4,1.0,0.35355631416343397,takeover
7,0.47500000000000003,0.4,1.0,0.14217547523288152,takeover
7,0.5,0.4,1.0,0.43477071744794527,takeover
7,0.525,0.4,1.0,0.17011425077175676,dual_cluster
7,0.55,0.4,1.0,0.5745994259365447,dual_cluster
7,0.575,0.4,1.0,0.6969179090276119,dual_cluster
7,0.6,0.4,1.0,0.8976452441941953,dual_cluster
7,0.625,0.4,1.0,0.9052225580869497,dual_cluster
7,0.65,0.4,1.0,0.6658718106788982,dual_cluster
7,0.675,0.4,1.0,0.6968394071040624,dual_cluster
7,0.7,0.4,1.0,0.4138333165345339,dual_cluster
7,0.725,0.4,1.0,0.550731661306568,dual_cluster
7,0.75,0.4,1.0,0.9340196248338628,dual_cluster
7,0.7749999999999999,0.4,1.0,0.6924496459649069,dual_cluster
7,0.8,0.4,1.0,0.7494036831825315,dual_cluster
7,0.825,0.4,1.0,0.7719207038234986,dual_cluster
7,0.85,0.4,1.0,0.9242746479603827,dual_cluster
7,0.875,0.4,1.0,0.79632603904197,dual_cluster
7,0.8999999999999999,0.4,1.0,0.7666419123978034,dual_cluster
7,0.9249999999999999,0.4,1.0,0.7970125966378587,dual_cluster
7,0.95,0.4,1.0,0.27660646350042967,dual_cluster
7,0.975,0.4,1.0,0.21971684557423124,dual_cluster
7,1.0,0.4,1.0,0.6427101696102653,dual_cluster
7,1.025,0.4,1.0,0.4762935235073946,dual_cluster
7,1.0499999999999998,0.4,1.0,0.5579774641454247,dual_cluster
7,1.075,0.4,1.0,0.6607242419092781,dual_cluster
7,1.1,0.4,1.0,0.6722996833888367,dual_cluster
7,1.125,0.4,1.0,0.6925685318338878,dual_cluster
7,1.15,0.4,1.0,0.7167125836095516,dual_cluster
7,1.1749999999999998,0.4,1.0,0.7424654245853163,dual_cluster
7,1.2,0.4,1.0,0.7662743106882565,dual_cluster
8,0.4,0.4,1.0,0.5596292640714406,takeover
8,0.42500000000000004,0.4,1.0,0.6617763002177476,takeover
8,0.45,0.4,1.0,0.7585281063037596,absorbed
8,0.47500000000000003,0.4,1.0,0.06912139446108798,takeover
8,0.5,0.4,1.0,0.7844490232696641,dual_cluster
8,0.525,0.4,1.0,0.3779759165365327,dual_cluster
8,0.55,0.4,1.0,0.15448251703723337,dual_cluster
8,0.575,0.4,1.0,0.3867997939632315,dual_cluster
8,0.6,0.4,1.0,0.839644412913959,dual_cluster
8,0.625,0.4,1.0,0.26734139446234956,dual_cluster
8,0.65,0.4,1.0,0.30787126403912607,dual_cluster
8,0.675,0.4,1.0,0.2094364200064235,dual_cluster
8,0.7,0.4,1.0,0.7964341763469268,dual_cluster
8,0.725,0.4,1.0,0.4595811172224061,dual_cluster
8,0.75,0.4,1.0,0.5095388195755197,dual_cluster
8,0.7749999999999999,0.4,1.0,0.8833266670640506,dual_cluster
8,0.8,0.4,1.0,0.6411215116833799,dual_cluster
8,0.825,0.4,1.0,0.7377036112050044,dual_cluster
8,0.85,0.4,1.0,0.33912451844839986,dual_cluster
8,0.875,0.4,1.0,0.8344075385008858,dual_cluster
8,0.8999999999999999,0.4,1.0,0.5379411734774379,dual_cluster
8,0.9249999999999999,0.4,1.0,0.253097566758733,dual_cluster
8,0.95,0.4,1.0,0.5947131166425688,dual_cluster
8,0.975,0.4,1.0,0.3303349185284849,dual_cluster
8,1.0,0.4,1.0,0.45144002200045275,dual_cluster
8,1.025,0.4,1.0,0.6501808478918257,dual_cluster
8,1.0499999999999998,0.4,1.0,0.6476300675868369,dual_cluster
8,1.075,0.4,1.0,0.6691895258870267,dual_cluster
8,1.1,0.4,1.0,0.691486986431709,dual_cluster
8,1.125,0.4,1.0,0.7179853430527356,dual_cluster
8,1.15,0.4,1.0,0.7453467336506522,dual_cluster
8,1.1749999999999998,0.4,1.0,0.7696908348360867,dual_cluster
8,1.2,0.4,1.0,0.7900306383983688,dual_cluster
9,0.4,0.4,1.0,0.4079827854771393,takeover
9,0.42500000000000004,0.4,1.0,0.6761133803898073,takeover
9,0.45,0.4,1.0,0.6876518289819326,takeover
9,0.47500000000000003,0.4,1.0,0.28535939170513785,takeover
9,0.5,0.4,1.0,0.556778671280043,dual_cluster
9,0.525,0.4,1.0,0.6371483011815295,dual_cluster
9,0.55,0.4,1.0,0.8916674540249556,dual_cluster
9,0.575,0.4,1.0,0.8889663750923766,dual_cluster
9,0.6,0.4,1.0,0.8233425426086209,dual_cluster
9,0.625,0.4,1.0,0.5163735779436534,dual_cluster
9,0.65,0.4,1.0,0.3372043025888556,dual_cluster
9,0.675,0.4,1.0,0.4377105393866245,dual_cluster
9,0.7,0.4,1.0,0.4362091390767551,dual_cluster
9,0.725,0.4,1.0,0.9511101796527629,absorbed
9,0.75,0.4,1.0,0.9161399923048912,dual_cluster
9,0.7749999999999999,0.4,1.0,0.8089186734842546,dual_cluster
9,0.8,0.4,1.0,0.7239601986547093,dual_cluster
9,0.825,0.4,1.0,0.6643034286385998,dual_cluster
9,0.85,0.4,1.0,0.9316398482153537,dual_cluster
9,0.875,0.4,1.0,0.724838970806646,dual_cluster
9,0.8999999999999999,0.4,1.0,0.8500821938246412,dual_cluster
9,0.9249999999999999,0.4,1.0,0.541667691446935,dual_cluster
9,0.95,0.4,1.0,0.593355254773334,dual_cluster
9,0.975,0.4,1.0,0.9046100762087149,dual_cluster
9,1.0,0.4,1.0,0.8087599816417124,dual_cluster
9,1.025,0.4,1.0,0.7127023175982976,dual_cluster
9,1.0499999999999998,0.4,1.0,0.6529236989645778,dual_cluster
9,1.075,0.4,1.0,0.6672389255044396,dual_cluster
9,1.1,0.4,1.0,0.6877601829245277,dual_cluster
9,1.125,0.4,1.0,0.7125421884349793,dual_cluster
9,1.15,0.4,1.0,0.7393509993724547,dual_cluster
9,1.1749999999999998,0.4,1.0,0.7642031277786979,dual_cluster
9,1.2,0.4,1.0,0.7853069660030803,dual_cluster
10,0.4,0.4,1.0,0.637891415480558,takeover
10,0.42500000000000004,0.4,1.0,0.4124019419451415,takeover
10,0.45,0.4,1.0,0.35010293971539747,dual_cluster
10,0.47500000000000003,0.4,1.0,0.5206721884798173,dual_cluster
10,0.5,0.4,1.0,0.8187389289661138,dual_cluster
10,0.525,0.4,1.0,0.27524545000781675,dual_cluster
10,0.55,0.4,1.0,0.8938440028926564,dual_cluster
10,0.575,0.4,1.0,0.7778253948784821,dual_cluster
10,0.6,0.4,1.0,0.8584102515085192,dual_cluster
10,0.625,0.4,1.0,0.6780070490139365,dual_cluster
10,0.65,0.4,1.0,0.7562260021896244,dual_cluster
10,0.675,0.4,1.0,0.5653090438474804,dual_cluster
10,0.7,0.4,1.0,0.7103022599733209,dual_cluster
10,0.725,0.4,1.0,0.8769796814334996,dual_cluster
10,0.75,0.4,1.0,0.8495614100062181,dual_cluster
10,0.7749999999999999,0.4,1.0,0.8986572842380575,dual_cluster
10,0.8,0.4,1.0,0.16958760927163485,dual_cluster
10,0.825,0.4,1.0,0.9539649036638713,absorbed
10,0.85,0.4,1.0,0.2789582164969915,dual_cluster
10,0.875,0.4,1.0,0.8019071755990181,dual_cluster
10,0.8999999999999999,0.4,1.0,0.7911834437111327,dual_cluster
10,0.9249999999999999,0.4,1.0,0.20357714219902368,dual_cluster
10,0.95,0.4,1.0,0.9739600379819229,absorbed
10,0.975,0.4,1.0,0.49627219409738327,dual_cluster
10,1.0,0.4,1.0,0.825938017461831,dual_cluster
10,1.025,0.4,1.0,0.6154782407056122,dual_cluster
10,1.0499999999999998,0.4,1.0,0.6285251755672654,dual_cluster
10,1.075,0.4,1.0,0.6647420135138136,dual_cluster
10,1.1,0.4,1.0,0.6837513581627064,dual_cluster
10,1.125,0.4,1.0,0.7068597253614387,dual_cluster
10,1.15,0.4,1.0,0.7328723712255107,dual_cluster
10,1.1749999999999998,0.4,1.0,0.7581046786858703,dual_cluster
10,1.2,0.4,1.0,0.7800096459471011,dual_cluster
11,0.4,0.4,1.0,0.33020403515005226,takeover
11,0.42500000000000004,0.4,1.0,0.3730550799795752,takeover
11,0.45,0.4,1.0,0.6360391439067393,takeover
11,0.47500000000000003,0.4,1.0,0.720507158587708,takeover
11,0.5,0.4,1.0,0.45813732586386385,takeover
11,0.525,0.4,1.0,0.40786092863102785,dual_cluster
11,0.55,0.4,1.0,0.8915333503263424,absorbed
11,0.575,0.4,1.0,0.7529941148312534,dual_cluster
11,0.6,0.4,1.0,0.6889623815107139,dual_cluster
11,0.625,0.4,1.0,0.8737847043062624,dual_cluster
11,0.65,0.4,1.0,0.218415524586052,dual_cluster
11,0.675,0.4,1.0,0.9467535751139029,absorbed
11,0.7,0.4,1.0,0.9387967937134408,dual_cluster
11,0.725,0.4,1.0,0.4612008425918203,dual_cluster
11,0.75,0.4,1.0,0.8077797377794121,dual_cluster
11,0.7749999999999999,0.4,1.0,0.7129318621470537,dual_cluster
11,0.8,0.4,1.0,0.9204139253899851,dual_cluster
11,0.825,0.4,1.0,0.558714814010245,dual_cluster
11,0.85,0.4,1.0,0.5390536009656475,dual_cluster
11,0.875,0.4,1.0,0.8760564992311409,dual_cluster
11,0.8999999999999999,0.4,1.0,0.720126789132284,dual_cluster
11,0.9249999999999999,0.4,1.0,0.8920745276110317,dual_cluster
11,0.95,0.4,1.0,0.6551567630096403,dual_cluster
11,0.975,0.4,1.0,0.7216587559543477,dual_cluster
11,1.0,0.4,1.0,0.39690723365041125,dual_cluster
11,1.025,0.4,1.0,0.7742079051809527,dual_cluster
11,1.0499999999999998,0.4,1.0,0.6075341734994363,dual_cluster
11,1.075,0.4,1.0,0.6623228032718502,dual_cluster
11,1.1,0.4,1.0,0.6800147225392322,dual_cluster
11,1.125,0.4,1.0,0.7016840115819039,dual_cluster
11,1.15,0.4,1.0,0.7266320377864163,dual_cluster
11,1.1749999999999998,0.4,1.0,0.7518275238353548,dual_cluster
11,1.2,0.4,1.0,0.7743161930184438,dual_cluster
12,0.4,0.4,1.0,0.5179995510687767,takeover
12,0.42500000000000004,0.4,1.0,0.08807210588907553,takeover
12,0.45,0.4,1.0,0.7655508240030244,takeover
12,0.47500000000000003,0.4,1.0,0.43146024295511914,dual_cluster
12,0.5,0.4,1.0,0.13971151853453043,dual_cluster
12,0.525,0.4,1.0,0.22426605195963634,dual_cluster
12,0.55,0.4,1.0,0.6652450094579458,dual_cluster
12,0.575,0.4,1.0,0.6806752661543592,dual_cluster
12,0.6,0.4,1.0,0.8750361911339043,dual_cluster
12,0.625,0.4,1.0,0.8559838818419635,dual_cluster
12,0.65,0.4,1.0,0.8807272926535701,dual_cluster
12,0.675,0.4,1.0,0.6038266540415133,dual_cluster
12,0.7,0.4,1.0,0.30756677076808153,dual_cluster
12,0.725,0.4,1.0,0.5263833236728259,dual_cluster
12,0.75,0.4,1.0,0.9515716288437621,dual_cluster
12,0.7749999999999999,0.4,1.0,0.8108168641584005,dual_cluster
12,0.8,0.4,1.0,0.9475999013778438,dual_cluster
12,0.825,0.4,1.0,0.5830697115930755,dual_cluster
12,0.85,0.4,1.0,0.5627855373666256,dual_cluster
12,0.875,0.4,1.0,0.9041344973388493,dual_cluster
12,0.8999999999999999,0.4,1.0,0.8035620935760014,dual_cluster
12,0.9249999999999999,0.4,1.0,0.611170107732958,dual_cluster
12,0.95,0.4,1.0,0.8886672209591201,dual_cluster
12,0.975,0.4,1.0,0.3820563891241748,dual_cluster
12,1.0,0.4,1.0,0.7373934227118781,dual_cluster
12,1.025,0.4,1.0,0.6473191850640128,dual_cluster
12,1.0499999999999998,0.4,1.0,0.6571807805884353,dual_cluster
12,1.075,0.4,1.0,0.6788505514561037,dual_cluster
12,1.1,0.4,1.0,0.7059703953864938,dual_cluster
12,1.125,0.4,1.0,0.7358052811149927,dual_cluster
12,1.15,0.4,1.0,0.7628785344318384,dual_cluster
12,1.1749999999999998,0.4,1.0,0.7852105271806484,dual_cluster
12,1.2,0.4,1.0,0.8034801545914814,dual_cluster
13,0.4,0.4,1.0,0.16087126854679298,takeover
13,0.42500000000000004,0.4,1.0,0.6332404031305313,dual_cluster
13,0.45,0.4,1.0,0.7716231671371364,takeover
13,0.47500000000000003,0.4,1.0,0.5157775139120199,dual_cluster
13,0.5,0.4,1.0,0.238099607087768,dual_cluster
13,0.525,0.4,1.0,0.5445665787412121,dual_cluster
13,0.55,0.4,1.0,0.17240539707258065,dual_cluster
13,0.575,0.4,1.0,0.6601492133084668,dual_cluster
13,0.6,0.4,1.0,0.4164652552729521,dual_cluster
13,0.625,0.4,1.0,0.9122919502020943,dual_cluster
13,0.65,0.4,1.0,0.7151773458172452,dual_cluster
13,0.675,0.4,1.0,0.5008122009616847,dual_cluster
13,0.7,0.4,1.0,0.6354184902996931,dual_cluster
13,0.725,0.4,1.0,0.7647633251823536,dual_cluster
13,0.75,0.4,1.0,0.39880851419858665,dual_cluster
13,0.7749999999999999,0.4,1.0,0.9489304098564587,dual_cluster
13,0.8,0.4,1.0,0.9511608806083052,dual_cluster
13,0.825,0.4,1.0,0.4770379522577022,dual_cluster
13,0.85,0.4,1.0,0.21942744629047115,dual_cluster
13,0.875,0.4,1.0,0.4901419515317657,dual_cluster
13,0.8999999999999999,0.4,1.0,0.9653850707544472,absorbed
13,0.9249999999999999,0.4,1.0,0.18810258668810684,dual_cluster
13,0.95,0.4,1.0,0.7558555000302204,dual_cluster
13,0.975,0.4,1.0,0.7243061859452858,dual_cluster
13,1.0,0.4,1.0,0.8075800064488897,dual_cluster
13,1.025,0.4,1.0,0.6403064443522463,dual_cluster
13,1.0499999999999998,0.4,1.0,0.6603792601246119,dual_cluster
13,1.075,0.4,1.0,0.6800981558621848,dual_cluster
13,1.1,0.4,1.0,0.704619283737221,dual_cluster
13,1.125,0.4,1.0,0.7323865491777376,dual_cluster
13,1.15,0.4,1.0,0.7589103269330038,dual_cluster
13,1.1749999999999998,0.4,1.0,0.7814817760533431,dual_cluster
13,1.2,0.4,1.0,0.8001577589359925,dual_cluster
14,0.4,0.4,1.0,0.11996840820218693,takeover
14,0.42500000000000004,0.4,1.0,0.7061313863028467,takeover
14,0.45,0.4,1.0,0.35435762696609774,takeover
14,0.47500000000000003,0.4,1.0,0.10602615686940335,takeover
14,0.5,0.4,1.0,0.3887824821058287,takeover
14,0.525,0.4,1.0,0.16961401688920782,dual_cluster
14,0.55,0.4,1.0,0.5419367197237052,dual_cluster
14,0.575,0.4,1.0,0.7914463059526676,dual_cluster
14,0.6,0.4,1.0,0.8402940199826969,dual_cluster
14,0.625,0.4,1.0,0.8193069209983905,dual_cluster
14,0.65,0.4,1.0,0.922168423990122,absorbed
14,0.675,0.4,1.0,0.4612422997503002,dual_cluster
14,0.7,0.4,1.0,0.2796099605466729,dual_cluster
14,0.725,0.4,1.0,0.1555584011325039,dual_cluster
14,0.75,0.4,1.0,0.6783078323900364,dual_cluster
14,0.7749999999999999,0.4,1.0,0.18011468868988795,dual_cluster
14,0.8,0.4,1.0,0.21680639559821166,dual_cluster
14,0.825,0.4,1.0,0.736689836508229,dual_cluster
14,0.85,0.4,1.0,0.47061821656100367,dual_cluster
14,0.875,0.4,1.0,0.6382811699715412,dual_cluster
14,0.8999999999999999,0.4,1.0,0.6987684353045579,dual_cluster
14,0.9249999999999999,0.4,1.0,0.7473531720729479,dual_cluster
14,0.95,0.4,1.0,0.6348889901395348,dual_cluster
14,0.975,0.4,1.0,0.5289728380553494,dual_cluster
14,1.0,0.4,1.0,0.7389337790881304,dual_cluster
14,1.025,0.4,1.0,0.5457619915084986,dual_cluster
14,1.0499999999999998,0.4,1.0,0.5678459133679532,dual_cluster
14,1.075,0.4,1.0,0.6597945448880115,dual_cluster
14,1.1,0.4,1.0,0.670963868233611,dual_cluster
14,1.125,0.4,1.0,0.6909706550722351,dual_cluster
14,1.15,0.4,1.0,0.7147811617862039,dual_cluster
14,1.1749999999999998,0.4,1.0,0.740353654906803,dual_cluster
14,1.2,0.4,1.0,0.7642201174041525,dual_cluster
15,0.4,0.4,1.0,0.3305895184051445,takeover
15,0.42500000000000004,0.4,1.0,0.08743184298728365,takeover
15,0.45,0.4,1.0,0.3158057427607626,takeover
15,0.47500000000000003,0.4,1.0,0.1771162883710102,takeover
15,0.5,0.4,1.0,0.413066758094245,dual_cluster
15,0.525,0.4,1.0,0.8866858348375535,absorbed
15,0.55,0.4,1.0,0.5939453626186031,dual_cluster
15,0.575,0.4,1.0,0.37513318944263147,dual_cluster
15,0.6,0.4,1.0,0.5457995661873798,dual_cluster
15,0.625,0.4,1.0,0.9098464320977602,dual_cluster
15,0.65,0.4,1.0,0.45104215178630647,dual_cluster
15,0.675,0.4,1.0,0.18030937332206903,dual_cluster
15,0.7,0.4,1.0,0.4539077388504516,dual_cluster
15,0.725,0.4,1.0,0.9235128847111485,dual_cluster
15,0.75,0.4,1.0,0.7062637057584435,dual_cluster
15,0.7749999999999999,0.4,1.0,0.7841775187128999,dual_cluster
15,0.8,0.4,1.0,0.5232674207499451,dual_cluster
15,0.825,0.4,1.0,0.9566398101060807,dual_cluster
15,0.85,0.4,1.0,0.5633784742964653,dual_cluster
15,0.875,0.4,1.0,0.7842931084585391,dual_cluster
15,0.8999999999999999,0.4,1.0,0.7953501169847234,dual_cluster
15,0.9249999999999999,0.4,1.0,0.18968928601140056,dual_cluster
15,0.95,0.4,1.0,0.6128139048351653,dual_cluster
15,0.975,0.4,1.0,0.573702052352923,dual_cluster
15,1.0,0.4,1.0,0.42170889069963746,dual_cluster
15,1.025,0.4,1.0,0.511797111459791,dual_cluster
15,1.0499999999999998,0.4,1.0,0.6539627402383774,dual_cluster
15,1.075,0.4,1.0,0.6643101352039769,dual_cluster
15,1.1,0.4,1.0,0.683655887863221,dual_cluster
15,1.125,0.4,1.0,0.7071758746327816,dual_cluster
15,1.15,0.4,1.0,0.7334518112865147,dual_cluster
15,1.1749999999999998,0.4,1.0,0.7587021092122173,dual_cluster
15,1.2,0.4,1.0,0.7805137682747539,dual_cluster
16,0.4,0.4,1.0,0.5644046421678608,absorbed
16,0.42500000000000004,0.4,1.0,0.0785723567939143,takeover
16,0.45,0.4,1.0,0.7873167370572143,absorbed
16,0.47500000000000003,0.4,1.0,0.6775630659182839,dual_cluster
16,0.5,0.4,1.0,0.6230419482161499,dual_cluster
16,0.525,0.4,1.0,0.8112540947607727,dual_cluster
16,0.55,0.4,1.0,0.6051358264329728,dual_cluster
16,0.575,0.4,1.0,0.7918638588274238,dual_cluster
16,0.6,0.4,1.0,0.6040942237471375,dual_cluster
16,0.625,0.4,1.0,0.716862291538049,dual_cluster
16,0.65,0.4,1.0,0.9226963185150313,dual_cluster
16,0.675,0.4,1.0,0.7181871334670583,dual_cluster
16,0.7,0.4,1.0,0.6498137074080532,dual_cluster
16,0.725,0.4,1.0,0.888533281277905,dual_cluster
16,0.75,0.4,1.0,0.44657092164266154,dual_cluster
16,0.7749999999999999,0.4,1.0,0.33490561874822256,dual_cluster
16,0.8,0.4,1.0,0.7247270835490018,dual_cluster
16,0.825,0.4,1.0,0.37960155015684705,dual_cluster
16,0.85,0.4,1.0,0.5504976065158343,dual_cluster
16,0.875,0.4,1.0,0.9716240377610645,absorbed
16,0.8999999999999999,0.4,1.0,0.969805299652258,absorbed
16,0.9249999999999999,0.4,1.0,0.6341458319131372,dual_cluster
16,0.95,0.4,1.0,0.5958353593969239,dual_cluster
16,0.975,0.4,1.0,0.8076549287322347,dual_cluster
16,1.0,0.4,1.0,0.6440954222538117,dual_cluster
16,1.025,0.4,1.0,0.6283259221392609,dual_cluster
16,1.0499999999999998,0.4,1.0,0.6610972582309737,dual_cluster
16,1.075,0.4,1.0,0.6838678880706891,dual_cluster
16,1.1,0.4,1.0,0.7121721621441445,dual_cluster
16,1.125,0.4,1.0,0.74218393366162,dual_cluster
16,1.15,0.4,1.0,0.7685365224172394,dual_cluster
16,1.1749999999999998,0.4,1.0,0.7900502227227593,dual_cluster
16,1.2,0.4,1.0,0.8076510717301472,dual_cluster
17,0.4,0.4,1.0,0.18408025035600933,takeover
17,0.42500000000000004,0.4,1.0,0.44088260963478976,takeover
17,0.45,0.4,1.0,0.7885450081119418,dual_cluster
17,0.47500000000000003,0.4,1.0,0.40454710689278217,takeover
17,0.5,0.4,1.0,0.7554619364672638,dual_cluster
17,0.525,0.4,1.0,0.4107644615980001,dual_cluster
17,0.55,0.4,1.0,0.32640999080388927,dual_cluster
17,0.575,0.4,1.0,0.6278057444498534,dual_cluster
17,0.6,0.4,1.0,0.8968725505458592,dual_cluster
17,0.625,0.4,1.0,0.7206539621017134,dual_cluster
17,0.65,0.4,1.0,0.6237417858954507,dual_cluster
17,0.675,0.4,1.0,0.8284598410404954,dual_cluster
17,0.7,0.4,1.0,0.19002503772583443,dual_cluster
17,0.725,0.4,1.0,0.9245577172244472,dual_cluster
17,0.75,0.4,1.0,0.6248995680586055,dual_cluster
17,0.7749999999999999,0.4,1.0,0.6470822263641961,dual_cluster
17,0.8,0.4,1.0,0.3901849214048998,dual_cluster
17,0.825,0.4,1.0,0.6307742012226762,dual_cluster
17,0.85,0.4,1.0,0.5936563305349489,dual_cluster
17,0.875,0.4,1.0,0.5445335385621595,dual_cluster
17,0.8999999999999999,0.4,1.0,0.6624330712340863,dual_cluster
17,0.9249999999999999,0.4,1.0,0.5738311397681264,dual_cluster
17,0.95,0.4,1.0,0.8212248640139498,dual_cluster
17,0.975,0.4,1.0,0.6861643644667164,dual_cluster
17,1.0,0.4,1.0,0.7622592269174328,dual_cluster
17,1.025,0.4,1.0,0.5452714563700156,dual_cluster
17,1.0499999999999998,0.4,1.0,0.6501457147289452,dual_cluster
17,1.075,0.4,1.0,0.6701489192981559,dual_cluster
17,1.1,0.4,1.0,0.692985187142763,dual_cluster
17,1.125,0.4,1.0,0.7201514139461976,dual_cluster
17,1.15,0.4,1.0,0.7478454267790403,dual_cluster
17,1.1749999999999998,0.4,1.0,0.7721304132742336,dual_cluster
17,1.2,0.4,1.0,0.7922698819750796,dual_cluster
18,0.4,0.4,1.0,0.4887273216523656,takeover
18,0.42500000000000004,0.4,1.0,0.4960144922269716,takeover
18,0.45,0.4,1.0,0.4224448442229533,takeover
18,0.47500000000000003,0.4,1.0,0.47987179795774465,takeover
18,0.5,0.4,1.0,0.7219072292645751,takeover
18,0.525,0.4,1.0,0.6247433305420234,takeover
18,0.55,0.4,1.0,0.7249728295097753,dual_cluster
18,0.575,0.4,1.0,0.46847268670379516,dual_cluster
18,0.6,0.4,1.0,0.5441193036645132,dual_cluster
18,0.625,0.4,1.0,0.8711763055536776,dual_cluster
18,0.65,0.4,1.0,0.2599874266490566,dual_cluster
18,0.675,0.4,1.0,0.4646346123718998,dual_cluster
18,0.7,0.4,1.0,0.1551372129179343,dual_cluster
18,0.725,0.4,1.0,0.7204930944018026,dual_cluster
18,0.75,0.4,1.0,0.31807879458430177,dual_cluster
18,0.7749999999999999,0.4,1.0,0.3952688297173076,dual_cluster
18,0.8,0.4,1.0,0.8318993288825268,dual_cluster
18,0.825,0.4,1.0,0.6100540933462199,dual_cluster
18,0.85,0.4,1.0,0.7423943572489672,dual_cluster
18,0.875,0.4,1.0,0.16797747391190057,dual_cluster
18,0.8999999999999999,0.4,1.0,0.17599482072937786,dual_cluster
18,0.9249999999999999,0.4,1.0,0.6943445254858761,dual_cluster
18,0.95,0.4,1.0,0.5932978707280224,dual_cluster
18,0.975,0.4,1.0,0.8019376674242251,dual_cluster
18,1.0,0.4,1.0,0.634140849378703,dual_cluster
18,1.025,0.4,1.0,0.6602002394896185,dual_cluster
18,1.0499999999999998,0.4,1.0,0.6992619499360393,dual_cluster
18,1.075,0.4,1.0,0.6605043401280783,dual_cluster
18,1.1,0.4,1.0,0.679679256131647,dual_cluster
18,1.125,0.4,1.0,0.7031788945914726,dual_cluster
18,1.15,0.4,1.0,0.7298054733857713,dual_cluster
18,1.1749999999999998,0.4,1.0,0.7556686042439171,dual_cluster
18,1.2,0.4,1.0,0.7780416522418878,dual_cluster
19,0.4,0.4,1.0,0.09896304132553747,takeover
19,0.42500000000000004,0.4,1.0,0.364641273194077,takeover
19,0.45,0.4,1.0,0.7604862043154164,takeover
19,0.47500000000000003,0.4,1.0,0.39344325513095313,takeover
19,0.5,0.4,1.0,0.8311400167274613,dual_cluster
19,0.525,0.4,1.0,0.6390481784990575,dual_cluster
19,0.55,0.4,1.0,0.6737570194726167,dual_cluster
19,0.575,0.4,1.0,0.9116799006123427,dual_cluster
19,0.6,0.4,1.0,0.22836383844945163,dual_cluster
19,0.625,0.4,1.0,0.8030687760579549,dual_cluster
19,0.65,0.4,1.0,0.8467068842817933,dual_cluster
19,0.675,0.4,1.0,0.20427343599765876,dual_cluster
19,0.7,0.4,1.0,0.9142723582358022,dual_cluster
19,0.725,0.4,1.0,0.7915906643178415,dual_cluster
19,0.75,0.4,1.0,0.937473584304043,dual_cluster
19,0.7749999999999999,0.4,1.0,0.4592375266942575,dual_cluster
19,0.8,0.4,1.0,0.23664482547789106,dual_cluster
19,0.825,0.4,1.0,0.6267293705449117,dual_cluster
19,0.85,0.4,1.0,0.21712430463020005,dual_cluster
19,0.875,0.4,1.0,0.2647918343155725,dual_cluster
19,0.8999999999999999,0.4,1.0,0.8177705105900323,dual_cluster
19,0.9249999999999999,0.4,1.0,0.7886036682469095,dual_cluster
19,0.95,0.4,1.0,0.23179882730048204,dual_cluster
19,0.975,0.4,1.0,0.8985197102968884,dual_cluster
19,1.0,0.4,1.0,0.4890839945231331,dual_cluster
19,1.025,0.4,1.0,0.6659711039486691,dual_cluster
19,1.0499999999999998,0.4,1.0,0.6575765037948254,dual_cluster
19,1.075,0.4,1.0,0.6764317812480742,dual_cluster
19,1.1,0.4,1.0,0.6998294774531991,dual_cluster
19,1.125,0.4,1.0,0.7269043936053928,dual_cluster
19,1.15,0.4,1.0,0.7536548122197578,dual_cluster
19,1.1749999999999998,0.4,1.0,0.7768570233832007,dual_cluster
19,1.2,0.4,1.0,0.7961487990718941,dual_cluster
0,0.4,0.4,1.5,0.5282540415352593,takeover
0,0.42500000000000004,0.4,1.5,0.2977301336944669,takeover
0,0.45,0.4,1.5,0.537470686438828,takeover
0,0.47500000000000003,0.4,1.5,0.7759893877994876,takeover
0,0.5,0.4,1.5,0.8340946791604478,takeover
0,0.525,0.4,1.5,0.6021793893916687,takeover
0,0.55,0.4,1.5,0.6070082451343506,dual_cluster
0,0.575,0.4,1.5,0.146414412839141,dual_cluster
0,0.6,0.4,1.5,0.39513074871584297,dual_cluster
0,0.625,0.4,1.5,0.23035225407007479,dual_cluster
0,0.65,0.4,1.5,0.8388469391077975,dual_cluster
0,0.675,0.4,1.5,0.46453634574546804,dual_cluster
0,0.7,0.4,1.5,0.4131600717190987,dual_cluster
0,0.725,0.4,1.5,0.7552695765666898,dual_cluster
0,0.75,0.4,1.5,0.1550724241660829,dual_cluster
0,0.7749999999999999,0.4,1.5,0.48303867026717584,dual_cluster
0,0.8,0.4,1.5,0.43808841043665586,dual_cluster
0,0.825,0.4,1.5,0.9551723075792937,absorbed
0,0.85,0.4,1.5,0.9585508641999043,absorbed
0,0.875,0.4,1.5,0.5041060404055303,dual_cluster
0,0.8999999999999999,0.4,1.5,0.2108834046816823,dual_cluster
0,0.9249999999999999,0.4,1.5,0.6116786175371816,dual_cluster
0,0.95,0.4,1.5,0.2543199372273081,dual_cluster
0,0.975,0.4,1.5,0.5354878752049677,dual_cluster
0,1.0,0.4,1.5,0.9110677900284568,dual_cluster
0,1.025,0.4,1.5,0.8102754234024346,dual_cluster
0,1.0499999999999998,0.4,1.5,0.5741668289419026,dual_cluster
0,1.075,0.4,1.5,0.657462738258168,dual_cluster
0,1.1,0.4,1.5,0.6756912415360444,dual_cluster
0,1.125,0.4,1.5,0.6974671822834876,dual_cluster
0,1.15,0.4,1.5,0.7231944594993884,dual_cluster
0,1.1749999999999998,0.4,1.5,0.7495534756157763,dual_cluster
0,1.2,0.4,1.5,0.7729686561297147,dual_cluster
1,0.4,0.4,1.5,0.2231372923544077,takeover
1,0.42500000000000004,0.4,1.5,0.7684831638956843,absorbed
1,0.45,0.4,1.5,0.599942096303818,takeover
1,0.47500000000000003,0.4,1.5,0.3705969597484533,dual_cluster
1,0.5,0.4,1.5,0.43359475051330165,dual_cluster
1,0.525,0.4,1.5,0.7390811523931572,dual_cluster
1,0.55,0.4,1.5,0.6421821650022459,dual_cluster
1,0.575,0.4,1.5,0.806468976922402,dual_cluster
1,0.6,0.4,1.5,0.65273145842254,dual_cluster
1,0.625,0.4,1.5,0.7715062232129335,dual_cluster
1,0.65,0.4,1.5,0.8421343961523815,dual_cluster
1,0.675,0.4,1.5,0.7422423518204666,dual_cluster
1,0.7,0.4,1.5,0.6246809710702722,dual_cluster
1,0.725,0.4,1.5,0.8217838194976189,dual_cluster
1,0.75,0.4,1.5,0.16265392033893425,dual_cluster
1,0.7749999999999999,0.4,1.5,0.8544035873939442,dual_cluster
1,0.8,0.4,1.5,0.17015693218182787,dual_cluster
1,0.825,0.4,1.5,0.8216752792196741,dual_cluster
1,0.85,0.4,1.5,0.7456361722914159,dual_cluster
1,0.875,0.4,1.5,0.9692240868751378,absorbed
1,0.8999999999999999,0.4,1.5,0.7791697303478423,dual_cluster
1,0.9249999999999999,0.4,1.5,0.906052707076235,dual_cluster
1,0.95,0.4,1.5,0.6255867050207266,dual_cluster
1,0.975,0.4,1.5,0.6768640141937606,dual_cluster
1,1.0,0.4,1.5,0.7141108417222283,dual_cluster
1,1.025,0.4,1.5,0.8373272622036264,dual_cluster
1,1.0499999999999998,0.4,1.5,0.5544319804851606,dual_cluster
1,1.075,0.4,1.5,0.6611971635704041,dual_cluster
1,1.1,0.4,1.5,0.6743176192456861,dual_cluster
1,1.125,0.4,1.5,0.6951835455652263,dual_cluster
1,1.15,0.4,1.5,0.7200535708419159,dual_cluster
1,1.1749999999999998,0.4,1.5,0.7461684995537152,dual_cluster
1,1.2,0.4,1.5,0.7698504621870069,dual_cluster
2,0.4,0.4,1.5,0.5212858361802982,takeover
2,0.42500000000000004,0.4,1.5,0.69789199256407,takeover
2,0.45,0.4,1.5,0.6029207115388368,takeover
2,0.47500000000000003,0.4,1.5,0.19893240714091145,takeover
2,0.5,0.4,1.5,0.506639036827371,dual_cluster
2,0.525,0.4,1.5,0.8099782441785754,takeover
2,0.55,0.4,1.5,0.7257889514777507,dual_cluster
2,0.575,0.4,1.5,0.5953597747889606,dual_cluster
2,0.6,0.4,1.5,0.7516611918935381,dual_cluster
2,0.625,0.4,1.5,0.8124802108650089,dual_cluster
2,0.65,0.4,1.5,0.7497274665020105,dual_cluster
2,0.675,0.4,1.5,0.6318146839679621,dual_cluster
2,0.7,0.4,1.5,0.8218336747242959,dual_cluster
2,0.725,0.4,1.5,0.19471243450656353,dual_cluster
2,0.75,0.4,1.5,0.9200257865636304,dual_cluster
2,0.7749999999999999,0.4,1.5,0.48537468509690057,dual_cluster
2,0.8,0.4,1.5,0.7104188097892521,dual_cluster
2,0.825,0.4,1.5,0.5586955790447279,dual_cluster
2,0.85,0.4,1.5,0.7860425485129335,dual_cluster
2,0.875,0.4,1.5,0.4440913154949833,dual_cluster
2,0.8999999999999999,0.4,1.5,0.5574678368233399,dual_cluster
2,0.9249999999999999,0.4,1.5,0.9651066601105441,absorbed
2,0.95,0.4,1.5,0.9634565653672558,absorbed
2,0.975,0.4,1.5,0.6038738570864399,dual_cluster
2,1.0,0.4,1.5,0.5305976823666979,dual_cluster
2,1.025,0.4,1.5,0.6883837795696404,dual_cluster
2,1.0499999999999998,0.4,1.5,0.6022144664246591,dual_cluster
2,1.075,0.4,1.5,0.6591728116281464,dual_cluster
2,1.1,0.4,1.5,0.6789673899132807,dual_cluster
2,1.125,0.4,1.5,0.7032736115780851,dual_cluster
2,1.15,0.4,1.5,0.7309396739155758,dual_cluster
2,1.1749999999999998,0.4,1.5,0.7574414024020106,dual_cluster
2,1.2,0.4,1.5,0.7799917746484816,dual_cluster
3,0.4,0.4,1.5,0.6652426908932274,takeover
3,0.42500000000000004,0.4,1.5,0.33102469301093207,takeover
3,0.45,0.4,1.5,0.13117394936362511,dual_cluster
3,0.47500000000000003,0.4,1.5,0.37020212265505037,dual_cluster
3,0.5,0.4,1.5,0.7849347317768612,dual_cluster
3,0.525,0.4,1.5,0.2823527317278312,dual_cluster
3,0.55,0.4,1.5,0.9040704990954802,absorbed
3,0.575,0.4,1.5,0.8521208282796817,dual_cluster
3,0.6,0.4,1.5,0.9278084428606147,absorbed
3,0.625,0.4,1.5,0.1441576023209907,dual_cluster
3,0.65,0.4,1.5,0.9275025635117196,dual_cluster
3,0.675,0.4,1.5,0.8417872357028751,dual_cluster
3,0.7,0.4,1.5,0.9521705747907058,absorbed
3,0.725,0.4,1.5,0.3999824839686416,dual_cluster
3,0.75,0.4,1.5,0.40530120147815063,dual_cluster
3,0.7749999999999999,0.4,1.5,0.18869585961496163,dual_cluster
3,0.8,0.4,1.5,0.802522819156865,dual_cluster
3,0.825,0.4,1.5,0.6476322561568474,dual_cluster
3,0.85,0.4,1.5,0.8321961166070105,dual_cluster
3,0.875,0.4,1.5,0.4837679728401708,dual_cluster
3,0.8999999999999999,0.4,1.5,0.546677898756292,dual_cluster
3,0.9249999999999999,0.4,1.5,0.9329573228714672,dual_cluster
3,0.95,0.4,1.5,0.8879915214198433,dual_cluster
3,0.975,0.4,1.5,0.4253339186511063,dual_cluster
3,1.0,0.4,1.5,0.7292528778468234,dual_cluster
3,1.025,0.4,1.5,0.5097304842128599,dual_cluster
3,1.0499999999999998,0.4,1.5,0.6671418774577549,dual_cluster
3,1.075,0.4,1.5,0.6648474766755824,dual_cluster
3,1.1,0.4,1.5,0.6841507706977152,dual_cluster
3,1.125,0.4,1.5,0.7077583720675401,dual_cluster
3,1.15,0.4,1.5,0.7342013090010407,dual_cluster
3,1.1749999999999998,0.4,1.5,0.7595530567799248,dual_cluster
3,1.2,0.4,1.5,0.7813717332116148,dual_cluster
4,0.4,0.4,1.5,0.7494465592113577,absorbed
4,0.42500000000000004,0.4,1.5,0.6290960563413103,takeover
4,0.45,0.4,1.5,0.47242155738219627,dual_cluster
4,0.47500000000000003,0.4,1.5,0.5931613164816883,dual_cluster
4,0.5,0.4,1.5,0.8703278910016421,dual_cluster
4,0.525,0.4,1.5,0.15542251423624678,dual_cluster
4,0.55,0.4,1.5,0.8348689152867385,dual_cluster
4,0.575,0.4,1.5,0.9241343224438943,absorbed
4,0.6,0.4,1.5,0.6593590680834451,dual_cluster
4,0.625,0.4,1.5,0.548603428706331,dual_cluster
4,0.65,0.4,1.5,0.46099487078044477,dual_cluster
4,0.675,0.4,1.5,0.7440434636567458,dual_cluster
4,0.7,0.4,1.5,0.2032514411199412,dual_cluster
4,0.725,0.4,1.5,0.8836444038534755,dual_cluster
4,0.75,0.4,1.5,0.7295775543282775,dual_cluster
4,0.7749999999999999,0.4,1.5,0.8750996207448185,dual_cluster
4,0.8,0.4,1.5,0.31428582491987866,dual_cluster
4,0.825,0.4,1.5,0.20585037480514304,dual_cluster
4,0.85,0.4,1.5,0.5672490943699516,dual_cluster
4,0.875,0.4,1.5,0.36288158001092474,dual_cluster
4,0.8999999999999999,0.4,1.5,0.2867850953815923,dual_cluster
4,0.9249999999999999,0.4,1.5,0.8509133426469913,dual_cluster
4,0.95,0.4,1.5,0.8542604626302222,dual_cluster
4,0.975,0.4,1.5,0.4481842339770384,dual_cluster
4,1.0,0.4,1.5,0.44674356036842405,dual_cluster
4,1.025,0.4,1.5,0.5482102266582072,dual_cluster
4,1.0499999999999998,0.4,1.5,0.6795843063900813,dual_cluster
4,1.075,0.4,1.5,0.6675256271706889,dual_cluster
4,1.1,0.4,1.5,0.6871652718793969,dual_cluster
4,1.125,0.4,1.5,0.711149947643858,dual_cluster
4,1.15,0.4,1.5,0.7377046481484442,dual_cluster
4,1.1749999999999998,0.4,1.5,0.7627928104580683,dual_cluster
4,1.2,0.4,1.5,0.7842283026752036,dual_cluster
5,0.4,0.4,1.5,0.2924796912981909,takeover
5,0.42500000000000004,0.4,1.5,0.2979979485838992,takeover
5,0.45,0.4,1.5,0.8355315728902252,dual_cluster
5,0.47500000000000003,0.4,1.5,0.22411517022744173,dual_cluster
5,0.5,0.4,1.5,0.5797782669530235,dual_cluster
5,0.525,0.4,1.5,0.7440848748265981,dual_cluster
5,0.55,0.4,1.5,0.2512018867284414,dual_cluster
5,0.575,0.4,1.5,0.6668052561379465,dual_cluster
5,0.6,0.4,1.5,0.2800912709436076,dual_cluster
5,0.625,0.4,1.5,0.7860762500258875,dual_cluster
5,0.65,0.4,1.5,0.3326009620859162,dual_cluster
5,0.675,0.4,1.5,0.6686793152009726,dual_cluster
5,0.7,0.4,1.5,0.17327375334355619,dual_cluster
5,0.725,0.4,1.5,0.17515680253463473,dual_cluster
5,0.75,0.4,1.5,0.677789412265896,dual_cluster
5,0.7749999999999999,0.4,1.5,0.17920741165214113,dual_cluster
5,0.8,0.4,1.5,0.2444120604999718,dual_cluster
5,0.825,0.4,1.5,0.773470979191008,dual_cluster
5,0.85,0.4,1.5,0.6203143232573617,dual_cluster
5,0.875,0.4,1.5,0.8198225881984224,dual_cluster
5,0.8999999999999999,0.4,1.5,0.5774219664199808,dual_cluster
5,0.9249999999999999,0.4,1.5,0.6942628537703838,dual_cluster
5,0.95,0.4,1.5,0.30842690873380163,dual_cluster
5,0.975,0.4,1.5,0.4146032443311765,dual_cluster
5,1.0,0.4,1.5,0.6778473177423021,dual_cluster
5,1.025,0.4,1.5,0.5928901842855197,dual_cluster
5,1.0499999999999998,0.4,1.5,0.6602593312078483,dual_cluster
5,1.075,0.4,1.5,0.6801129373652959,dual_cluster
5,1.1,0.4,1.5,0.7047353730897511,dual_cluster
5,1.125,0.4,1.5,0.7327175890552202,dual_cluster
5,1.15,0.4,1.5,0.7593966672939132,dual_cluster
5,1.1749999999999998,0.4,1.5,0.7820165260883253,dual_cluster
5,1.2,0.4,1.5,0.800686088956537,dual_cluster
6,0.4,0.4,1.5,0.19261318089871088,takeover
6,0.42500000000000004,0.4,1.5,0.3897602174311395,takeover
6,0.45,0.4,1.5,0.523878892666691,takeover
6,0.47500000000000003,0.4,1.5,0.15403003089612516,dual_cluster
6,0.5,0.4,1.5,0.5990492986942091,dual_cluster
6,0.525,0.4,1.5,0.6820981593729547,dual_cluster
6,0.55,0.4,1.5,0.8832291778061425,dual_cluster
6,0.575,0.4,1.5,0.8509795536358752,dual_cluster
6,0.6,0.4,1.5,0.9328569163594254,absorbed
6,0.625,0.4,1.5,0.32968848217128904,dual_cluster
6,0.65,0.4,1.5,0.8168989397998928,dual_cluster
6,0.675,0.4,1.5,0.9143287280283037,dual_cluster
6,0.7,0.4,1.5,0.1608208737111677,dual_cluster
6,0.725,0.4,1.5,0.8624545351376888,dual_cluster
6,0.75,0.4,1.5,0.7282835782668302,dual_cluster
6,0.7749999999999999,0.4,1.5,0.8938184698264204,dual_cluster
6,0.8,0.4,1.5,0.40432499110668535,dual_cluster
6,0.825,0.4,1.5,0.23116768392261433,dual_cluster
6,0.85,0.4,1.5,0.66439243749328,dual_cluster
6,0.875,0.4,1.5,0.2851213577750529,dual_cluster
6,0.8999999999999999,0.4,1.5,0.5176868160481308,dual_cluster
6,0.9249999999999999,0.4,1.5,0.9698328021619713,absorbed
6,0.95,0.4,1.5,0.9753537099982201,absorbed
6,0.975,0.4,1.5,0.6431330493119809,dual_cluster
6,1.0,0.4,1.5,0.5589355679466528,dual_cluster
6,1.025,0.4,1.5,0.6637581240117653,dual_cluster
6,1.0499999999999998,0.4,1.5,0.6555519586601395,dual_cluster
6,1.075,0.4,1.5,0.6680554467778229,dual_cluster
6,1.1,0.4,1.5,0.6879035792231576,dual_cluster
6,1.125,0.4,1.5,0.7121072121734069,dual_cluster
6,1.15,0.4,1.5,0.7387476114541551,dual_cluster
6,1.1749999999999998,0.4,1.5,0.7637571239810229,dual_cluster
6,1.2,0.4,1.5,0.7850642952270874,dual_cluster
7,0.4,0.4,1.5,0.13773722750926748,takeover
7,0.42500000000000004,0.4,1.5,0.7129030381097098,takeover
7,0.45,0.4,1.5,0.39381957699139636,takeover
7,0.47500000000000003,0.4,1.5,0.03958820861976043,takeover
7,0.5,0.4,1.5,0.2957701751837337,takeover
7,0.525,0.4,1.5,0.07791759056617881,dual_cluster
7,0.55,0.4,1.5,0.6622219634704963,dual_cluster
7,0.575,0.4,1.5,0.48096726973945814,dual_cluster
7,0.6,0.4,1.5,0.9222803737772631,absorbed
7,0.625,0.4,1.5,0.9310525079425395,absorbed
7,0.65,0.4,1.5,0.3278905302152509,dual_cluster
7,0.675,0.4,1.5,0.7988055766763817,dual_cluster
7,0.7,0.4,1.5,0.577288751455584,dual_cluster
7,0.725,0.4,1.5,0.6903676230035464,dual_cluster
7,0.75,0.4,1.5,0.9291311520505012,dual_cluster
7,0.7749999999999999,0.4,1.5,0.8159491585755896,dual_cluster
7,0.8,0.4,1.5,0.8733976897754956,dual_cluster
7,0.825,0.4,1.5,0.16057759466428198,dual_cluster
7,0.85,0.4,1.5,0.9227302238043505,dual_cluster
7,0.875,0.4,1.5,0.19367297959727353,dual_cluster
7,0.8999999999999999,0.4,1.5,0.8971845791257299,dual_cluster
7,0.9249999999999999,0.4,1.5,0.9381364246457493,dual_cluster
7,0.95,0.4,1.5,0.5625225128097867,dual_cluster
7,0.975,0.4,1.5,0.5300182694665081,dual_cluster
7,1.0,0.4,1.5,0.8050429914623441,dual_cluster
7,1.025,0.4,1.5,0.6873907923740051,dual_cluster
7,1.0499999999999998,0.4,1.5,0.7211954847076241,dual_cluster
7,1.075,0.4,1.5,0.6451364844449021,dual_cluster
7,1.1,0.4,1.5,0.6709160750786133,dual_cluster
7,1.125,0.4,1.5,0.6909820839347589,dual_cluster
7,1.15,0.4,1.5,0.7151723421475139,dual_cluster
7,1.1749999999999998,0.4,1.5,0.7412941611024203,dual_cluster
7,1.2,0.4,1.5,0.7655304661531677,dual_cluster
8,0.4,0.4,1.5,0.5766569011962411,takeover
8,0.42500000000000004,0.4,1.5,0.6778364530936265,takeover
8,0.45,0.4,1.5,0.7326816464996597,takeover
8,0.47500000000000003,0.4,1.5,0.028618362848504768,takeover
8,0.5,0.4,1.5,0.8093527408721919,dual_cluster
8,0.525,0.4,1.5,0.44616523975606154,dual_cluster
8,0.55,0.4,1.5,0.24702329520042288,dual_cluster
8,0.575,0.4,1.5,0.4784908317151026,dual_cluster
8,0.6,0.4,1.5,0.8873086462155915,dual_cluster
8,0.625,0.4,1.5,0.39788321903673857,dual_cluster
8,0.65,0.4,1.5,0.1380118892994761,dual_cluster
8,0.675,0.4,1.5,0.365098825615693,dual_cluster
8,0.7,0.4,1.5,0.8719550959743002,dual_cluster
8,0.725,0.4,1.5,0.5885458312035726,dual_cluster
8,0.75,0.4,1.5,0.6349951840930786,dual_cluster
8,0.7749999999999999,0.4,1.5,0.954813689059498,dual_cluster
8,0.8,0.4,1.5,0.7516868019723824,dual_cluster
8,0.825,0.4,1.5,0.8466096199919172,dual_cluster
8,0.85,0.4,1.5,0.30494748396256616,dual_cluster
8,0.875,0.4,1.5,0.17742635282185637,dual_cluster
8,0.8999999999999999,0.4,1.5,0.6826715107013297,dual_cluster
8,0.9249999999999999,0.4,1.5,0.5304395729791002,dual_cluster
8,0.95,0.4,1.5,0.7527294584207219,dual_cluster
8,0.975,0.4,1.5,0.5797206895958894,dual_cluster
8,1.0,0.4,1.5,0.6682317028696501,dual_cluster
8,1.025,0.4,1.5,0.7262084447288915,dual_cluster
8,1.0499999999999998,0.4,1.5,0.6629706638446472,dual_cluster
8,1.075,0.4,1.5,0.6670037941457098,dual_cluster
8,1.1,0.4,1.5,0.688970792569011,dual_cluster
8,1.125,0.4,1.5,0.7156243466824063,dual_cluster
8,1.15,0.4,1.5,0.7436623676613139,dual_cluster
8,1.1749999999999998,0.4,1.5,0.768671288604816,dual_cluster
8,1.2,0.4,1.5,0.789447872924536,dual_cluster
9,0.4,0.4,1.5,0.3958123119915668,takeover
9,0.42500000000000004,0.4,1.5,0.6570226796849942,takeover
9,0.45,0.4,1.5,0.6685097686872038,takeover
9,0.47500000000000003,0.4,1.5,0.2060620809930786,takeover
9,0.5,0.4,1.5,0.6077901203227395,dual_cluster
9,0.525,0.4,1.5,0.5087521780144693,dual_cluster
9,0.55,0.4,1.5,0.908292621069207,absorbed
9,0.575,0.4,1.5,0.9186708413603011,absorbed
9,0.6,0.4,1.5,0.6443154646544835,dual_cluster
9,0.625,0.4,1.5,0.6254766232365033,dual_cluster
9,0.65,0.4,1.5,0.1436123640304066,dual_cluster
9,0.675,0.4,1.5,0.15357109171627273,dual_cluster
9,0.7,0.4,1.5,0.5802059955940421,dual_cluster
9,0.725,0.4,1.5,0.7711382373517246,dual_cluster
9,0.75,0.4,1.5,0.9603892110986814,absorbed
9,0.7749999999999999,0.4,1.5,0.28348611629670006,dual_cluster
9,0.8,0.4,1.5,0.8309845694054266,dual_cluster
9,0.825,0.4,1.5,0.7842035797421801,dual_cluster
9,0.85,0.4,1.5,0.915980789520494,dual_cluster
9,0.875,0.4,1.5,0.8516161826714443,dual_cluster
9,0.8999999999999999,0.4,1.5,0.9713945331709684,absorbed
9,0.9249999999999999,0.4,1.5,0.7133214871430247,dual_cluster
9,0.95,0.4,1.5,0.7719118316243008,dual_cluster
9,0.975,0.4,1.5,0.4073606768500435,dual_cluster
9,1.0,0.4,1.5,0.42487874015527366,dual_cluster
9,1.025,0.4,1.5,0.6299365304572955,dual_cluster
9,1.0499999999999998,0.4,1.5,0.6551077935308494,dual_cluster
9,1.075,0.4,1.5,0.6654587595509003,dual_cluster
9,1.1,0.4,1.5,0.6856854223874839,dual_cluster
9,1.125,0.4,1.5,0.7104744004127186,dual_cluster
9,1.15,0.4,1.5,0.7377613476336792,dual_cluster
9,1.1749999999999998,0.4,1.5,0.7632019224832289,dual_cluster
9,1.2,0.4,1.5,0.784725221280798,dual_cluster
10,0.4,0.4,1.5,0.7339541263370952,takeover
10,0.42500000000000004,0.4,1.5,0.5978849740398631,dual_cluster
10,0.45,0.4,1.5,0.5609371283251351,dual_cluster
10,0.47500000000000003,0.4,1.5,0.6922939232126804,dual_cluster
10,0.5,0.4,1.5,0.861713227387007,absorbed
10,0.525,0.4,1.5,0.22383453053802102,dual_cluster
10,0.55,0.4,1.5,0.8566760232521979,dual_cluster
10,0.575,0.4,1.5,0.9137964780813473,dual_cluster
10,0.6,0.4,1.5,0.9287541503898727,absorbed
10,0.625,0.4,1.5,0.1410881656876346,dual_cluster
10,0.65,0.4,1.5,0.9207553726794497,dual_cluster
10,0.675,0.4,1.5,0.7918910565332585,dual_cluster
10,0.7,0.4,1.5,0.904784554443027,dual_cluster
10,0.725,0.4,1.5,0.15656675361642294,dual_cluster
10,0.75,0.4,1.5,0.9536400852615211,absorbed
10,0.7749999999999999,0.4,1.5,0.8590497627857661,dual_cluster
10,0.8,0.4,1.5,0.5507387176070037,dual_cluster
10,0.825,0.4,1.5,0.17760637728693862,dual_cluster
10,0.85,0.4,1.5,0.48524143459124625,dual_cluster
10,0.875,0.4,1.5,0.9712577821884942,absorbed
10,0.8999999999999999,0.4,1.5,0.9716045624617454,absorbed
10,0.9249999999999999,0.4,1.5,0.5492928148752473,dual_cluster
10,0.95,0.4,1.5,0.43641888604865836,dual_cluster
10,0.975,0.4,1.5,0.729627782005965,dual_cluster
10,1.0,0.4,1.5,0.5790307989310357,dual_cluster
10,1.025,0.4,1.5,0.6425098309845342,dual_cluster
10,1.0499999999999998,0.4,1.5,0.71035768573597,dual_cluster
10,1.075,0.4,1.5,0.6634481068016329,dual_cluster
10,1.1,0.4,1.5,0.6821077568163234,dual_cluster
10,1.125,0.4,1.5,0.7051313294787674,dual_cluster
10,1.15,0.4,1.5,0.7314331012663616,dual_cluster
10,1.1749999999999998,0.4,1.5,0.7571480623549677,dual_cluster
10,1.2,0.4,1.5,0.7794394083083589,dual_cluster
11,0.4,0.4,1.5,0.3777727910870708,takeover
11,0.42500000000000004,0.4,1.5,0.28419988408995245,takeover
11,0.45,0.4,1.5,0.572700541117572,takeover
11,0.47500000000000003,0.4,1.5,0.6399194415270613,takeover
11,0.5,0.4,1.5,0.28908932044247443,dual_cluster
11,0.525,0.4,1.5,0.5193443542672637,dual_cluster
11,0.55,0.4,1.5,0.81142400352926,dual_cluster
11,0.575,0.4,1.5,0.8333189486773632,dual_cluster
11,0.6,0.4,1.5,0.7871615312702811,dual_cluster
11,0.625,0.4,1.5,0.9338422731815793,dual_cluster
11,0.65,0.4,1.5,0.223104088369157,dual_cluster
11,0.675,0.4,1.5,0.8943326943196103,dual_cluster
11,0.7,0.4,1.5,0.9306655722054822,dual_cluster
11,0.725,0.4,1.5,0.16290110321935425,dual_cluster
11,0.75,0.4,1.5,0.9104090312377786,dual_cluster
11,0.7749999999999999,0.4,1.5,0.8323218200204875,dual_cluster
11,0.8,0.4,1.5,0.9521577641381532,absorbed
11,0.825,0.4,1.5,0.7094415266506763,dual_cluster
11,0.85,0.4,1.5,0.702463281540851,dual_cluster
11,0.875,0.4,1.5,0.9689550514165304,absorbed
11,0.8999999999999999,0.4,1.5,0.8679606274289734,dual_cluster
11,0.9249999999999999,0.4,1.5,0.8278558189657677,dual_cluster
11,0.95,0.4,1.5,0.8243424247625086,dual_cluster
11,0.975,0.4,1.5,0.9201835969839587,dual_cluster
11,1.0,0.4,1.5,0.6435485674612517,dual_cluster
11,1.025,0.4,1.5,0.5975973965026244,dual_cluster
11,1.0499999999999998,0.4,1.5,0.6789554813149443,dual_cluster
11,1.075,0.4,1.5,0.6601544538814795,dual_cluster
11,1.1,0.4,1.5,0.6783236226934486,dual_cluster
11,1.125,0.4,1.5,0.6998324123314434,dual_cluster
11,1.15,0.4,1.5,0.7249726200953541,dual_cluster
11,1.1749999999999998,0.4,1.5,0.7506485537432818,dual_cluster
11,1.2,0.4,1.5,0.7735849375309408,dual_cluster
12,0.4,0.4,1.5,0.38705758907805476,takeover
12,0.42500000000000004,0.4,1.5,0.1148738501350789,takeover
12,0.45,0.4,1.5,0.7624369643337978,takeover
12,0.47500000000000003,0.4,1.5,0.4613974539329715,dual_cluster
12,0.5,0.4,1.5,0.1750988330877534,dual_cluster
12,0.525,0.4,1.5,0.27755375439293906,dual_cluster
12,0.55,0.4,1.5,0.7053878781471219,dual_cluster
12,0.575,0.4,1.5,0.5641356466845439,dual_cluster
12,0.6,0.4,1.5,0.9061485947441709,dual_cluster
12,0.625,0.4,1.5,0.8969844910728757,dual_cluster
12,0.65,0.4,1.5,0.7562507407686919,dual_cluster
12,0.675,0.4,1.5,0.6787690024920056,dual_cluster
12,0.7,0.4,1.5,0.4373608693105838,dual_cluster
12,0.725,0.4,1.5,0.6232035570553294,dual_cluster
12,0.75,0.4,1.5,0.9385509404500989,dual_cluster
12,0.7749999999999999,0.4,1.5,0.885231210439882,dual_cluster
12,0.8,0.4,1.5,0.9473658576369549,dual_cluster
12,0.825,0.4,1.5,0.6825033895571168,dual_cluster
12,0.85,0.4,1.5,0.6731086344054735,dual_cluster
12,0.875,0.4,1.5,0.969073154794996,absorbed
12,0.8999999999999999,0.4,1.5,0.9128572353192802,dual_cluster
12,0.9249999999999999,0.4,1.5,0.3424952307958465,dual_cluster
12,0.95,0.4,1.5,0.28697235049120196,dual_cluster
12,0.975,0.4,1.5,0.5555037144287199,dual_cluster
12,1.0,0.4,1.5,0.7227631831018138,dual_cluster
12,1.025,0.4,1.5,0.6848891796408904,dual_cluster
12,1.0499999999999998,0.4,1.5,0.6555114914594592,dual_cluster
12,1.075,0.4,1.5,0.6766447745862489,dual_cluster
12,1.1,0.4,1.5,0.7037067561012078,dual_cluster
12,1.125,0.4,1.5,0.7341172873871142,dual_cluster
12,1.15,0.4,1.5,0.7618802483282191,dual_cluster
12,1.1749999999999998,0.4,1.5,0.7846619117816909,dual_cluster
12,1.2,0.4,1.5,0.8031915371221133,dual_cluster
13,0.4,0.4,1.5,0.12230372922695816,takeover
13,0.42500000000000004,0.4,1.5,0.6244937476454543,dual_cluster
13,0.45,0.4,1.5,0.7798976630543131,takeover
13,0.47500000000000003,0.4,1.5,0.5299439450763767,dual_cluster
13,0.5,0.4,1.5,0.1868773567005592,dual_cluster
13,0.525,0.4,1.5,0.4635555622603216,dual_cluster
13,0.55,0.4,1.5,0.12946041302489936,dual_cluster
13,0.575,0.4,1.5,0.7146945841790737,dual_cluster
13,0.6,0.4,1.5,0.23408961021690997,dual_cluster
13,0.625,0.4,1.5,0.8104788794717038,dual_cluster
13,0.65,0.4,1.5,0.4607481553632042,dual_cluster
13,0.675,0.4,1.5,0.6040892029553993,dual_cluster
13,0.7,0.4,1.5,0.2837933669140939,dual_cluster
13,0.725,0.4,1.5,0.38043997243195204,dual_cluster
13,0.75,0.4,1.5,0.5422316161512767,dual_cluster
13,0.7749999999999999,0.4,1.5,0.6525983747300467,dual_cluster
13,0.8,0.4,1.5,0.5937543832140971,dual_cluster
13,0.825,0.4,1.5,0.6143626449101156,dual_cluster
13,0.85,0.4,1.5,0.34480218468195206,dual_cluster
13,0.875,0.4,1.5,0.6364433570926974,dual_cluster
13,0.8999999999999999,0.4,1.5,0.1838876696470047,dual_cluster
13,0.9249999999999999,0.4,1.5,0.4444940274675522,dual_cluster
13,0.95,0.4,1.5,0.9025905026285185,dual_cluster
13,0.975,0.4,1.5,0.8952251276105172,dual_cluster
13,1.0,0.4,1.5,0.5510232048155493,dual_cluster
13,1.025,0.4,1.5,0.7011183660591602,dual_cluster
13,1.0499999999999998,0.4,1.5,0.6581542530309201,dual_cluster
13,1.075,0.4,1.5,0.6780931176777183,dual_cluster
13,1.1,0.4,1.5,0.702501253429227,dual_cluster
13,1.125,0.4,1.5,0.7306710792381373,dual_cluster
13,1.15,0.4,1.5,0.7578241814684807,dual_cluster
13,1.1749999999999998,0.4,1.5,0.7808627402886691,dual_cluster
13,1.2,0.4,1.5,0.799821695136483,dual_cluster
14,0.4,0.4,1.5,0.179797512709105,takeover
14,0.42500000000000004,0.4,1.5,0.7177812921498569,takeover
14,0.45,0.4,1.5,0.33464808798719964,takeover
14,0.47500000000000003,0.4,1.5,0.07766964313050341,takeover
14,0.5,0.4,1.5,0.34062807792618965,takeover
14,0.525,0.4,1.5,0.10284235817926829,dual_cluster
14,0.55,0.4,1.5,0.5959549822916187,dual_cluster
14,0.575,0.4,1.5,0.698314730268506,dual_cluster
14,0.6,0.4,1.5,0.8808967663223097,dual_cluster
14,0.625,0.4,1.5,0.8716460327492395,dual_cluster
14,0.65,0.4,1.5,0.8497366318323079,dual_cluster
14,0.675,0.4,1.5,0.573051068737537,dual_cluster
14,0.7,0.4,1.5,0.15574955038105934,dual_cluster
14,0.725,0.4,1.5,0.2688767537080204,dual_cluster
14,0.75,0.4,1.5,0.772978853573306,dual_cluster
14,0.7749999999999999,0.4,1.5,0.3835383861148039,dual_cluster
14,0.8,0.4,1.5,0.42812319816585154,dual_cluster
14,0.825,0.4,1.5,0.8386164672251744,dual_cluster
14,0.85,0.4,1.5,0.6261394667180238,dual_cluster
14,0.875,0.4,1.5,0.7632333725196752,dual_cluster
14,0.8999999999999999,0.4,1.5,0.2529313582428181,dual_cluster
14,0.9249999999999999,0.4,1.5,0.2861607954314116,dual_cluster
14,0.95,0.4,1.5,0.7720795891547008,dual_cluster
14,0.975,0.4,1.5,0.7095393883942455,dual_cluster
14,1.0,0.4,1.5,0.9186128819292256,dual_cluster
14,1.025,0.4,1.5,0.7614700428175966,dual_cluster
14,1.0499999999999998,0.4,1.5,0.7609643807619864,dual_cluster
14,1.075,0.4,1.5,0.6391113537820814,dual_cluster
14,1.1,0.4,1.5,0.6693863982006663,dual_cluster
14,1.125,0.4,1.5,0.6891502912373675,dual_cluster
14,1.15,0.4,1.5,0.7129847468877492,dual_cluster
14,1.1749999999999998,0.4,1.5,0.7389560424369065,dual_cluster
14,1.2,0.4,1.5,0.7633163847697992,dual_cluster
15,0.4,0.4,1.5,0.3645879688625179,takeover
15,0.42500000000000004,0.4,1.5,0.0477436157233294,takeover
15,0.45,0.4,1.5,0.24350696372161382,takeover
15,0.47500000000000003,0.4,1.5,0.0765604293357088,takeover
15,0.5,0.4,1.5,0.49048230687862654,dual_cluster
15,0.525,0.4,1.5,0.8739070018261327,absorbed
15,0.55,0.4,1.5,0.6715293238281133,dual_cluster
15,0.575,0.4,1.5,0.490152709212389,dual_cluster
15,0.6,0.4,1.5,0.6455418006841553,dual_cluster
15,0.625,0.4,1.5,0.9380636004636438,absorbed
15,0.65,0.4,1.5,0.5800632289069678,dual_cluster
15,0.675,0.4,1.5,0.3617418558496984,dual_cluster
15,0.7,0.4,1.5,0.5946813497806137,dual_cluster
15,0.725,0.4,1.5,0.954657198155406,absorbed
15,0.75,0.4,1.5,0.8110934272720287,dual_cluster
15,0.7749999999999999,0.4,1.5,0.8870660104746728,dual_cluster
15,0.8,0.4,1.5,0.1847076628912198,dual_cluster
15,0.825,0.4,1.5,0.864924793537305,dual_cluster
15,0.85,0.4,1.5,0.20978661470194557,dual_cluster
15,0.875,0.4,1.5,0.8947963666627219,dual_cluster
15,0.8999999999999999,0.4,1.5,0.9163777434963659,dual_cluster
15,0.9249999999999999,0.4,1.5,0.4793538806269628,dual_cluster
15,0.95,0.4,1.5,0.39414781090070394,dual_cluster
15,0.975,0.4,1.5,0.731083252645532,dual_cluster
15,1.0,0.4,1.5,0.6032137919659387,dual_cluster
15,1.025,0.4,1.5,0.6742210529342885,dual_cluster
15,1.0499999999999998,0.4,1.5,0.6831653301275387,dual_cluster
15,1.075,0.4,1.5,0.6626346829113482,dual_cluster
15,1.1,0.4,1.5,0.6817429102583499,dual_cluster
15,1.125,0.4,1.5,0.705167064648833,dual_cluster
15,1.15,0.4,1.5,0.7317909027309498,dual_cluster
15,1.1749999999999998,0.4,1.5,0.7576018896938109,dual_cluster
15,1.2,0.4,1.5,0.7798556493778599,dual_cluster
16,0.4,0.4,1.5,0.5262596038723588,absorbed
16,0.42500000000000004,0.4,1.5,0.1541286413623247,takeover
16,0.45,0.4,1.5,0.7701793714038423,absorbed
16,0.47500000000000003,0.4,1.5,0.7223170495945673,dual_cluster
16,0.5,0.4,1.5,0.6782984144928902,dual_cluster
16,0.525,0.4,1.5,0.8526828188936194,dual_cluster
16,0.55,0.4,1.5,0.4320641154883014,dual_cluster
16,0.575,0.4,1.5,0.8468455710582191,dual_cluster
16,0.6,0.4,1.5,0.684660856517555,dual_cluster
16,0.625,0.4,1.5,0.7905625971438895,dual_cluster
16,0.65,0.4,1.5,0.7914302803920098,dual_cluster
16,0.675,0.4,1.5,0.7969605172774392,dual_cluster
16,0.7,0.4,1.5,0.7399700264972092,dual_cluster
16,0.725,0.4,1.5,0.9499022930548692,dual_cluster
16,0.75,0.4,1.5,0.5789892404230289,dual_cluster
16,0.7749999999999999,0.4,1.5,0.502094456569303,dual_cluster
16,0.8,0.4,1.5,0.8162196079504158,dual_cluster
16,0.825,0.4,1.5,0.5456889147115366,dual_cluster
16,0.85,0.4,1.5,0.6707221897754908,dual_cluster
16,0.875,0.4,1.5,0.41006530507169653,dual_cluster
16,0.8999999999999999,0.4,1.5,0.18850372914232114,dual_cluster
16,0.9249999999999999,0.4,1.5,0.7446406876281568,dual_cluster
16,0.95,0.4,1.5,0.7324570823937224,dual_cluster
16,0.975,0.4,1.5,0.5331282240728135,dual_cluster
16,1.0,0.4,1.5,0.8036879684010095,dual_cluster
16,1.025,0.4,1.5,0.6879446944680343,dual_cluster
16,1.0499999999999998,0.4,1.5,0.6595443964069578,dual_cluster
16,1.075,0.4,1.5,0.6819137673154019,dual_cluster
16,1.1,0.4,1.5,0.7102664921907472,dual_cluster
16,1.125,0.4,1.5,0.7408535058434645,dual_cluster
16,1.15,0.4,1.5,0.7677725716669802,dual_cluster
16,1.1749999999999998,0.4,1.5,0.7896347323720401,dual_cluster
16,1.2,0.4,1.5,0.8074354890549467,dual_cluster
17,0.4,0.4,1.5,0.25397153059172467,takeover
17,0.42500000000000004,0.4,1.5,0.497699458681509,takeover
17,0.45,0.4,1.5,0.8231606355661981,dual_cluster
17,0.47500000000000003,0.4,1.5,0.2365916274603779,takeover
17,0.5,0.4,1.5,0.8157115787218635,dual_cluster
17,0.525,0.4,1.5,0.541685148636101,dual_cluster
17,0.55,0.4,1.5,0.48663194579294194,dual_cluster
17,0.575,0.4,1.5,0.7453903615859974,dual_cluster
17,0.6,0.4,1.5,0.6959094475332317,dual_cluster
17,0.625,0.4,1.5,0.8357513938197456,dual_cluster
17,0.65,0.4,1.5,0.7643172494652257,dual_cluster
17,0.675,0.4,1.5,0.9313240153449469,dual_cluster
17,0.7,0.4,1.5,0.34337709033008096,dual_cluster
17,0.725,0.4,1.5,0.4582550230734446,dual_cluster
17,0.75,0.4,1.5,0.16729623704099128,dual_cluster
17,0.7749999999999999,0.4,1.5,0.793527924012936,dual_cluster
17,0.8,0.4,1.5,0.6165835850876548,dual_cluster
17,0.825,0.4,1.5,0.7913371151328948,dual_cluster
17,0.85,0.4,1.5,0.3322049299461847,dual_cluster
17,0.875,0.4,1.5,0.3676742295997363,dual_cluster
17,0.8999999999999999,0.4,1.5,0.820581558642195,dual_cluster
17,0.9249999999999999,0.4,1.5,0.7608471346259713,dual_cluster
17,0.95,0.4,1.5,0.8041159045219413,dual_cluster
17,0.975,0.4,1.5,0.9011806108975173,dual_cluster
17,1.0,0.4,1.5,0.4378021914985107,dual_cluster
17,1.025,0.4,1.5,0.7403546038786306,dual_cluster
17,1.0499999999999998,0.4,1.5,0.6586261255673741,dual_cluster
17,1.075,0.4,1.5,0.668269090848585,dual_cluster
17,1.1,0.4,1.5,0.6908492336904067,dual_cluster
17,1.125,0.4,1.5,0.7182093962672287,dual_cluster
17,1.15,0.4,1.5,0.7465158406230494,dual_cluster
17,1.1749999999999998,0.4,1.5,0.7713509218875498,dual_cluster
17,1.2,0.4,1.5,0.7918370684738053,dual_cluster
18,0.4,0.4,1.5,0.5629894372050469,takeover
18,0.42500000000000004,0.4,1.5,0.2573691544745488,takeover
18,0.45,0.4,1.5,0.10253372220186308,takeover
18,0.47500000000000003,0.4,1.5,0.15144007049274016,takeover
18,0.5,0.4,1.5,0.5135696442588954,dual_cluster
18,0.525,0.4,1.5,0.856255242877395,absorbed
18,0.55,0.4,1.5,0.49826237827016195,dual_cluster
18,0.575,0.4,1.5,0.13716885732858622,dual_cluster
18,0.6,0.4,1.5,0.2466185547039046,dual_cluster
18,0.625,0.4,1.5,0.7189774083793803,dual_cluster
18,0.65,0.4,1.5,0.3264793990590384,dual_cluster
18,0.675,0.4,1.5,0.9028559871531314,dual_cluster
18,0.7,0.4,1.5,0.6548367008588039,dual_cluster
18,0.725,0.4,1.5,0.5690636964212875,dual_cluster
18,0.75,0.4,1.5,0.2077233956063831,dual_cluster
18,0.7749999999999999,0.4,1.5,0.15860864530299534,dual_cluster
18,0.8,0.4,1.5,0.7285385060225745,dual_cluster
18,0.825,0.4,1.5,0.46486283910415005,dual_cluster
18,0.85,0.4,1.5,0.6425062023297026,dual_cluster
18,0.875,0.4,1.5,0.676248498889149,dual_cluster
18,0.8999999999999999,0.4,1.5,0.7347110615530558,dual_cluster
18,0.9249999999999999,0.4,1.5,0.6395810077032442,dual_cluster
18,0.95,0.4,1.5,0.5489765238785064,dual_cluster
18,0.975,0.4,1.5,0.7987078157466526,dual_cluster
18,1.0,0.4,1.5,0.6680144135377598,dual_cluster
18,1.025,0.4,1.5,0.7341474325603023,dual_cluster
18,1.0499999999999998,0.4,1.5,0.5949494904246593,dual_cluster
18,1.075,0.4,1.5,0.6583870988159478,dual_cluster
18,1.1,0.4,1.5,0.6777004267104321,dual_cluster
18,1.125,0.4,1.5,0.7010472382411853,dual_cluster
18,1.15,0.4,1.5,0.7279961617655386,dual_cluster
18,1.1749999999999998,0.4,1.5,0.7544557599031472,dual_cluster
18,1.2,0.4,1.5,0.7773134598268783,dual_cluster
19,0.4,0.4,1.5,0.09848716024227765,takeover
19,0.42500000000000004,0.4,1.5,0.40981973464138194,takeover
19,0.45,0.4,1.5,0.7989274595869755,takeover
19,0.47500000000000003,0.4,1.5,0.22394580377448245,takeover
19,0.5,0.4,1.5,0.8765102019750205,dual_cluster
19,0.525,0.4,1.5,0.7418124872287812,dual_cluster
19,0.55,0.4,1.5,0.7843207339755537,dual_cluster
19,0.575,0.4,1.5,0.9196097413831419,absorbed
19,0.6,0.4,1.5,0.45616840152513943,dual_cluster
19,0.625,0.4,1.5,0.36625413348514657,dual_cluster
19,0.65,0.4,1.5,0.38973077503367515,dual_cluster
19,0.675,0.4,1.5,0.47001914469701417,dual_cluster
19,0.7,0.4,1.5,0.9391758836326896,dual_cluster
19,0.725,0.4,1.5,0.9257385617905182,dual_cluster
19,0.75,0.4,1.5,0.8592929654217679,dual_cluster
19,0.7749999999999999,0.4,1.5,0.6761144546227652,dual_cluster
19,0.8,0.4,1.5,0.5562872260714734,dual_cluster
19,0.825,0.4,1.5,0.8094620983511874,dual_cluster
19,0.85,0.4,1.5,0.4983070296068732,dual_cluster
19,0.875,0.4,1.5,0.6029498833754626,dual_cluster
19,0.8999999999999999,0.4,1.5,0.9693434706513451,absorbed
19,0.9249999999999999,0.4,1.5,0.9750068760476379,absorbed
19,0.95,0.4,1.5,0.6115619954699585,dual_cluster
19,0.975,0.4,1.5,0.52453479872681,dual_cluster
19,1.0,0.4,1.5,0.6898293519204316,dual_cluster
19,1.025,0.4,1.5,0.5887673580140187,dual_cluster
19,1.0499999999999998,0.4,1.5,0.6543043491987571,dual_cluster
19,1.075,0.4,1.5,0.6743626012887008,dual_cluster
19,1.1,0.4,1.5,0.6975801246640573,dual_cluster
19,1.125,0.4,1.5,0.7249771990571566,dual_cluster
19,1.15,0.4,1.5,0.752381586010091,dual_cluster
19,1.1749999999999998,0.4,1.5,0.7761183903320664,dual_cluster
19,1.2,0.4,1.5,0.7957429435154354,dual_cluster
0,0.4,0.4,2.0,0.5547122425938023,takeover
0,0.42500000000000004,0.4,2.0,0.32610570650089743,takeover
0,0.45,0.4,2.0,0.5171756807188574,takeover
0,0.47500000000000003,0.4,2.0,0.7759826166036237,absorbed
0,0.5,0.4,2.0,0.8358522137297978,absorbed
0,0.525,0.4,2.0,0.49502841428473326,takeover
0,0.55,0.4,2.0,0.6612051599747272,dual_cluster
0,0.575,0.4,2.0,0.12220802511110691,dual_cluster
0,0.6,0.4,2.0,0.24427773411221748,dual_cluster
0,0.625,0.4,2.0,0.32535697771306127,dual_cluster
0,0.65,0.4,2.0,0.8794642221661144,dual_cluster
0,0.675,0.4,2.0,0.5406682131499609,dual_cluster
0,0.7,0.4,2.0,0.4980911031781094,dual_cluster
0,0.725,0.4,2.0,0.806676906410848,dual_cluster
0,0.75,0.4,2.0,0.22437779763723287,dual_cluster
0,0.7749999999999999,0.4,2.0,0.23959690233246067,dual_cluster
0,0.8,0.4,2.0,0.5186167655253524,dual_cluster
0,0.825,0.4,2.0,0.8634596234148512,dual_cluster
0,0.85,0.4,2.0,0.8651155808956017,dual_cluster
0,0.875,0.4,2.0,0.5695954794166262,dual_cluster
0,0.8999999999999999,0.4,2.0,0.32987038471356445,dual_cluster
0,0.9249999999999999,0.4,2.0,0.6640065407251764,dual_cluster
0,0.95,0.4,2.0,0.3817067311298637,dual_cluster
0,0.975,0.4,2.0,0.6056270616881372,dual_cluster
0,1.0,0.4,2.0,0.45186120672567387,dual_cluster
0,1.025,0.4,2.0,0.47980954982952156,dual_cluster
0,1.0499999999999998,0.4,2.0,0.6333589931181759,dual_cluster
0,1.075,0.4,2.0,0.6539423448627868,dual_cluster
0,1.1,0.4,2.0,0.6746045250664763,dual_cluster
0,1.125,0.4,2.0,0.6962713632575577,dual_cluster
0,1.15,0.4,2.0,0.7220994637001165,dual_cluster
0,1.1749999999999998,0.4,2.0,0.748758564109327,dual_cluster
0,1.2,0.4,2.0,0.7724588692018617,dual_cluster
1,0.4,0.4,2.0,0.2064936252198102,takeover
1,0.42500000000000004,0.4,2.0,0.7765845370363035,absorbed
1,0.45,0.4,2.0,0.5922900080907821,takeover
1,0.47500000000000003,0.4,2.0,0.36881956624796397,dual_cluster
1,0.5,0.4,2.0,0.4351598329878973,dual_cluster
1,0.525,0.4,2.0,0.7443019307427255,dual_cluster
1,0.55,0.4,2.0,0.6238493478206207,dual_cluster
1,0.575,0.4,2.0,0.8167404970422951,dual_cluster
1,0.6,0.4,2.0,0.6699113199063336,dual_cluster
1,0.625,0.4,2.0,0.7887917139761453,dual_cluster
1,0.65,0.4,2.0,0.8007207859799841,dual_cluster
1,0.675,0.4,2.0,0.7646146786861062,dual_cluster
1,0.7,0.4,2.0,0.6537021654498913,dual_cluster
1,0.725,0.4,2.0,0.8460834010971839,dual_cluster
1,0.75,0.4,2.0,0.16232538482216768,dual_cluster
1,0.7749999999999999,0.4,2.0,0.7610391643415466,dual_cluster
1,0.8,0.4,2.0,0.16834293536709072,dual_cluster
1,0.825,0.4,2.0,0.8484844736217475,dual_cluster
1,0.85,0.4,2.0,0.7748991934633536,dual_cluster
1,0.875,0.4,2.0,0.9632463803759298,absorbed
1,0.8999999999999999,0.4,2.0,0.8110067381524515,dual_cluster
1,0.9249999999999999,0.4,2.0,0.9412098609079946,dual_cluster
1,0.95,0.4,2.0,0.669040890686836,dual_cluster
1,0.975,0.4,2.0,0.7254540809010935,dual_cluster
1,1.0,0.4,2.0,0.34386553961501953,dual_cluster
1,1.025,0.4,2.0,0.535085511591505,dual_cluster
1,1.0499999999999998,0.4,2.0,0.5809683043562138,dual_cluster
1,1.075,0.4,2.0,0.6590761609696282,dual_cluster
1,1.1,0.4,2.0,0.6733262530916049,dual_cluster
1,1.125,0.4,2.0,0.6940844971841554,dual_cluster
1,1.15,0.4,2.0,0.7190185724172385,dual_cluster
1,1.1749999999999998,0.4,2.0,0.7453930202475274,dual_cluster
1,1.2,0.4,2.0,0.7693464152143701,dual_cluster
2,0.4,0.4,2.0,0.546075481509463,takeover
2,0.42500000000000004,0.4,2.0,0.7098943198265022,takeover
2,0.45,0.4,2.0,0.6322759770820543,takeover
2,0.47500000000000003,0.4,2.0,0.2790808276524102,takeover
2,0.5,0.4,2.0,0.460170183509636,dual_cluster
2,0.525,0.4,2.0,0.8413580759280651,dual_cluster
2,0.55,0.4,2.0,0.6954993555343385,dual_cluster
2,0.575,0.4,2.0,0.5567784862287727,dual_cluster
2,0.6,0.4,2.0,0.7221630905777633,dual_cluster
2,0.625,0.4,2.0,0.8633634096486082,dual_cluster
2,0.65,0.4,2.0,0.7211338967595864,dual_cluster
2,0.675,0.4,2.0,0.5967774285074338,dual_cluster
2,0.7,0.4,2.0,0.7951230648622657,dual_cluster
2,0.725,0.4,2.0,0.2976501769162263,dual_cluster
2,0.75,0.4,2.0,0.946778865032275,absorbed
2,0.7749999999999999,0.4,2.0,0.6352804148597031,dual_cluster
2,0.8,0.4,2.0,0.6818890928957564,dual_cluster
2,0.825,0.4,2.0,0.5182753799805241,dual_cluster
2,0.85,0.4,2.0,0.7586503682466726,dual_cluster
2,0.875,0.4,2.0,0.3869134271502745,dual_cluster
2,0.8999999999999999,0.4,2.0,0.5199810744060834,dual_cluster
2,0.9249999999999999,0.4,2.0,0.9525119494433459,dual_cluster
2,0.95,0.4,2.0,0.9554552906250929,dual_cluster
2,0.975,0.4,2.0,0.5997812020891541,dual_cluster
2,1.0,0.4,2.0,0.5469698880427246,dual_cluster
2,1.025,0.4,2.0,0.7209978992430489,dual_cluster
2,1.0499999999999998,0.4,2.0,0.5734204399624628,dual_cluster
2,1.075,0.4,2.0,0.6579288356096727,dual_cluster
2,1.1,0.4,2.0,0.6775859380591541,dual_cluster
2,1.125,0.4,2.0,0.701805210444984,dual_cluster
2,1.15,0.4,2.0,0.7297081610909271,dual_cluster
2,1.1749999999999998,0.4,2.0,0.7566110080976834,dual_cluster
2,1.2,0.4,2.0,0.7794724396147596,dual_cluster
3,0.4,0.4,2.0,0.6913137642851528,takeover
3,0.42500000000000004,0.4,2.0,0.27926883092987653,takeover
3,0.45,0.4,2.0,0.05334592865677764,takeover
3,0.47500000000000003,0.4,2.0,0.31260387215109076,dual_cluster
3,0.5,0.4,2.0,0.7632144198349864,dual_cluster
3,0.525,0.4,2.0,0.3490339440410674,dual_cluster
3,0.55,0.4,2.0,0.9010947135963189,dual_cluster
3,0.575,0.4,2.0,0.8422147551496432,dual_cluster
3,0.6,0.4,2.0,0.9267631505445297,dual_cluster
3,0.625,0.4,2.0,0.14980406612743502,dual_cluster
3,0.65,0.4,2.0,0.9267208296733099,dual_cluster
3,0.675,0.4,2.0,0.8419174204978489,dual_cluster
3,0.7,0.4,2.0,0.9533533101398132,absorbed
3,0.725,0.4,2.0,0.4067993423709453,dual_cluster
3,0.75,0.4,2.0,0.380520194514646,dual_cluster
3,0.7749999999999999,0.4,2.0,0.2002517163972614,dual_cluster
3,0.8,0.4,2.0,0.8113475142160161,dual_cluster
3,0.825,0.4,2.0,0.6598337883928089,dual_cluster
3,0.85,0.4,2.0,0.845230743829248,dual_cluster
3,0.875,0.4,2.0,0.5085097870019749,dual_cluster
3,0.8999999999999999,0.4,2.0,0.5734111874645866,dual_cluster
3,0.9249999999999999,0.4,2.0,0.9569396665065085,dual_cluster
3,0.95,0.4,2.0,0.9263424486451894,dual_cluster
3,0.975,0.4,2.0,0.5033443049125602,dual_cluster
3,1.0,0.4,2.0,0.39718788861087523,dual_cluster
3,1.025,0.4,2.0,0.5627887972844937,dual_cluster
3,1.0499999999999998,0.4,2.0,0.7046787535494345,dual_cluster
3,1.075,0.4,2.0,0.6634675110554258,dual_cluster
3,1.1,0.4,2.0,0.6825543714282554,dual_cluster
3,1.125,0.4,2.0,0.7061140043416863,dual_cluster
3,1.15,0.4,2.0,0.7328408978875273,dual_cluster
3,1.1749999999999998,0.4,2.0,0.7586289816707316,dual_cluster
3,1.2,0.4,2.0,0.7807894291754963,dual_cluster
4,0.4,0.4,2.0,0.757590392495413,absorbed
4,0.42500000000000004,0.4,2.0,0.6024501726549681,takeover
4,0.45,0.4,2.0,0.447792409652932,dual_cluster
4,0.47500000000000003,0.4,2.0,0.5800704013915712,dual_cluster
4,0.5,0.4,2.0,0.8694474130948383,dual_cluster
4,0.525,0.4,2.0,0.14918757483161274,dual_cluster
4,0.55,0.4,2.0,0.8350321469748462,dual_cluster
4,0.575,0.4,2.0,0.9237956672458291,absorbed
4,0.6,0.4,2.0,0.6369881253554358,dual_cluster
4,0.625,0.4,2.0,0.5639093457523218,dual_cluster
4,0.65,0.4,2.0,0.41064137262446404,dual_cluster
4,0.675,0.4,2.0,0.6946131311013803,dual_cluster
4,0.7,0.4,2.0,0.23538735895113777,dual_cluster
4,0.725,0.4,2.0,0.8992861444624977,dual_cluster
4,0.75,0.4,2.0,0.7501945384503017,dual_cluster
4,0.7749999999999999,0.4,2.0,0.8946119525951303,dual_cluster
4,0.8,0.4,2.0,0.3623521634124072,dual_cluster
4,0.825,0.4,2.0,0.16659335587634633,dual_cluster
4,0.85,0.4,2.0,0.5983970825858479,dual_cluster
4,0.875,0.4,2.0,0.2110219192745816,dual_cluster
4,0.8999999999999999,0.4,2.0,0.35430572031739516,dual_cluster
4,0.9249999999999999,0.4,2.0,0.8855369144746995,dual_cluster
4,0.95,0.4,2.0,0.8994692951674836,dual_cluster
4,0.975,0.4,2.0,0.5300408892160793,dual_cluster
4,1.0,0.4,2.0,0.45220185726706863,dual_cluster
4,1.025,0.4,2.0,0.6217877410201054,dual_cluster
4,1.0499999999999998,0.4,2.0,0.6837741822462866,dual_cluster
4,1.075,0.4,2.0,0.6662418482732685,dual_cluster
4,1.1,0.4,2.0,0.6857312053548031,dual_cluster
4,1.125,0.4,2.0,0.7096976748278199,dual_cluster
4,1.15,0.4,2.0,0.7365333596968897,dual_cluster
4,1.1749999999999998,0.4,2.0,0.7620098214319835,dual_cluster
4,1.2,0.4,2.0,0.7837377026700257,dual_cluster
5,0.4,0.4,2.0,0.30883498177693103,takeover
5,0.42500000000000004,0.4,2.0,0.2992330477029554,dual_cluster
5,0.45,0.4,2.0,0.8387717303126756,dual_cluster
5,0.47500000000000003,0.4,2.0,0.23891776647438479,dual_cluster
5,0.5,0.4,2.0,0.5540732661586836,dual_cluster
5,0.525,0.4,2.0,0.7183276254346893,dual_cluster
5,0.55,0.4,2.0,0.21045293438621898,dual_cluster
5,0.575,0.4,2.0,0.6871648241834444,dual_cluster
5,0.6,0.4,2.0,0.22354980028999538,dual_cluster
5,0.625,0.4,2.0,0.7321288825213957,dual_cluster
5,0.65,0.4,2.0,0.26047847869257273,dual_cluster
5,0.675,0.4,2.0,0.693133441151841,dual_cluster
5,0.7,0.4,2.0,0.20887742163162493,dual_cluster
5,0.725,0.4,2.0,0.21145621985157223,dual_cluster
5,0.75,0.4,2.0,0.7021371266025676,dual_cluster
5,0.7749999999999999,0.4,2.0,0.21922586201719665,dual_cluster
5,0.8,0.4,2.0,0.29432719690217324,dual_cluster
5,0.825,0.4,2.0,0.7951381720281059,dual_cluster
5,0.85,0.4,2.0,0.6472903899121986,dual_cluster
5,0.875,0.4,2.0,0.8462592502432726,dual_cluster
5,0.8999999999999999,0.4,2.0,0.6145597353834098,dual_cluster
5,0.9249999999999999,0.4,2.0,0.7323871911238169,dual_cluster
5,0.95,0.4,2.0,0.41109626198020066,dual_cluster
5,0.975,0.4,2.0,0.5038462110500753,dual_cluster
5,1.0,0.4,2.0,0.7517067514933103,dual_cluster
5,1.025,0.4,2.0,0.611512950452429,dual_cluster
5,1.0499999999999998,0.4,2.0,0.6592726659961136,dual_cluster
5,1.075,0.4,2.0,0.6784821768343937,dual_cluster
5,1.1,0.4,2.0,0.7030209065318173,dual_cluster
5,1.125,0.4,2.0,0.7313035286688871,dual_cluster
5,1.15,0.4,2.0,0.7584596759568886,dual_cluster
5,1.1749999999999998,0.4,2.0,0.7814396727835919,dual_cluster
5,1.2,0.4,2.0,0.8003327026655395,dual_cluster
6,0.4,0.4,2.0,0.10217592790073442,takeover
6,0.42500000000000004,0.4,2.0,0.49963557415452997,takeover
6,0.45,0.4,2.0,0.5889075292406094,takeover
6,0.47500000000000003,0.4,2.0,0.2130192095050082,dual_cluster
6,0.5,0.4,2.0,0.580895819698669,dual_cluster
6,0.525,0.4,2.0,0.6982024853666586,dual_cluster
6,0.55,0.4,2.0,0.8857106124366964,dual_cluster
6,0.575,0.4,2.0,0.8598153586487455,dual_cluster
6,0.6,0.4,2.0,0.9261002069607434,absorbed
6,0.625,0.4,2.0,0.3737432477571968,dual_cluster
6,0.65,0.4,2.0,0.7387023919682263,dual_cluster
6,0.675,0.4,2.0,0.8590450225822439,dual_cluster
6,0.7,0.4,2.0,0.18152596003755256,dual_cluster
6,0.725,0.4,2.0,0.8986947258605961,dual_cluster
6,0.75,0.4,2.0,0.775445167648148,dual_cluster
6,0.7749999999999999,0.4,2.0,0.9355771932922501,dual_cluster
6,0.8,0.4,2.0,0.49838307120936814,dual_cluster
6,0.825,0.4,2.0,0.3633524159750705,dual_cluster
6,0.85,0.4,2.0,0.726958276225008,dual_cluster
6,0.875,0.4,2.0,0.42943180898096606,dual_cluster
6,0.8999999999999999,0.4,2.0,0.6086480022670187,dual_cluster
6,0.9249999999999999,0.4,2.0,0.7846342459863842,dual_cluster
6,0.95,0.4,2.0,0.17663449618467114,dual_cluster
6,0.975,0.4,2.0,0.7300472346903603,dual_cluster
6,1.0,0.4,2.0,0.6759929612372703,dual_cluster
6,1.025,0.4,2.0,0.7697589830454507,dual_cluster
6,1.0499999999999998,0.4,2.0,0.6213882177617399,dual_cluster
6,1.075,0.4,2.0,0.6668329256293816,dual_cluster
6,1.1,0.4,2.0,0.6865018452819996,dual_cluster
6,1.125,0.4,2.0,0.7107222781156848,dual_cluster
6,1.15,0.4,2.0,0.7376621718562182,dual_cluster
6,1.1749999999999998,0.4,2.0,0.7630494383642643,dual_cluster
6,1.2,0.4,2.0,0.7846309665753307,dual_cluster
7,0.4,0.4,2.0,0.15514240499213486,takeover
7,0.42500000000000004,0.4,2.0,0.7313902143682346,takeover
7,0.45,0.4,2.0,0.41128677520767426,takeover
7,0.47500000000000003,0.4,2.0,0.03650183533715856,takeover
7,0.5,0.4,2.0,0.28184202093332883,takeover
7,0.525,0.4,2.0,0.0851694013190423,dual_cluster
7,0.55,0.4,2.0,0.6788660890653422,dual_cluster
7,0.575,0.4,2.0,0.4286675213722578,dual_cluster
7,0.6,0.4,2.0,0.92070516041038,absorbed
7,0.625,0.4,2.0,0.9273695528920725,absorbed
7,0.65,0.4,2.0,0.2505207503244747,dual_cluster
7,0.675,0.4,2.0,0.8220192650308038,dual_cluster
7,0.7,0.4,2.0,0.6117213659728306,dual_cluster
7,0.725,0.4,2.0,0.7212029063179974,dual_cluster
7,0.75,0.4,2.0,0.8827091722353914,dual_cluster
7,0.7749999999999999,0.4,2.0,0.8442472278669345,dual_cluster
7,0.8,0.4,2.0,0.9010182868221891,dual_cluster
7,0.825,0.4,2.0,0.20932569266070783,dual_cluster
7,0.85,0.4,2.0,0.8291459390359288,dual_cluster
7,0.875,0.4,2.0,0.2679294579713844,dual_cluster
7,0.8999999999999999,0.4,2.0,0.9269183892666928,dual_cluster
7,0.9249999999999999,0.4,2.0,0.96345269126857,dual_cluster
7,0.95,0.4,2.0,0.6076096737569449,dual_cluster
7,0.975,0.4,2.0,0.5866454202321685,dual_cluster
7,1.0,0.4,2.0,0.8592180031154555,dual_cluster
7,1.025,0.4,2.0,0.7494364646264818,dual_cluster
7,1.0499999999999998,0.4,2.0,0.7776785215699022,dual_cluster
7,1.075,0.4,2.0,0.642097308642836,dual_cluster
7,1.1,0.4,2.0,0.6699840855421635,dual_cluster
7,1.125,0.4,2.0,0.6899270772032485,dual_cluster
7,1.15,0.4,2.0,0.7141390031884568,dual_cluster
7,1.1749999999999998,0.4,2.0,0.7404866959456151,dual_cluster
7,1.2,0.4,2.0,0.7649950428254643,dual_cluster
8,0.4,0.4,2.0,0.5509449239534578,takeover
8,0.42500000000000004,0.4,2.0,0.6541679219669849,takeover
8,0.45,0.4,2.0,0.7463752315291754,absorbed
8,0.47500000000000003,0.4,2.0,0.11038961603418446,takeover
8,0.5,0.4,2.0,0.78838325517874,dual_cluster
8,0.525,0.4,2.0,0.3828993202155386,dual_cluster
8,0.55,0.4,2.0,0.17239739399617351,dual_cluster
8,0.575,0.4,2.0,0.42357761730987925,dual_cluster
8,0.6,0.4,2.0,0.8657587606012844,dual_cluster
8,0.625,0.4,2.0,0.34101904284825607,dual_cluster
8,0.65,0.4,2.0,0.17259983724586245,dual_cluster
8,0.675,0.4,2.0,0.31111361331581006,dual_cluster
8,0.7,0.4,2.0,0.8501565211896435,dual_cluster
8,0.725,0.4,2.0,0.5548675237288494,dual_cluster
8,0.75,0.4,2.0,0.6045597949388329,dual_cluster
8,0.7749999999999999,0.4,2.0,0.9426445223129513,dual_cluster
8,0.8,0.4,2.0,0.7276233304322365,dual_cluster
8,0.825,0.4,2.0,0.8238599460264199,dual_cluster
8,0.85,0.4,2.0,0.24307077145954362,dual_cluster
8,0.875,0.4,2.0,0.17160489638457077,dual_cluster
8,0.8999999999999999,0.4,2.0,0.6664046192622722,dual_cluster
8,0.9249999999999999,0.4,2.0,0.5137917082360821,dual_cluster
8,0.95,0.4,2.0,0.7531522447533778,dual_cluster
8,0.975,0.4,2.0,0.5976284027503477,dual_cluster
8,1.0,0.4,2.0,0.7053842494297178,dual_cluster
8,1.025,0.4,2.0,0.5394805925280168,dual_cluster
8,1.0499999999999998,0.4,2.0,0.6590535073615653,dual_cluster
8,1.075,0.4,2.0,0.6655387204556679,dual_cluster
8,1.1,0.4,2.0,0.687291109199152,dual_cluster
8,1.125,0.4,2.0,0.714015934383114,dual_cluster
8,1.15,0.4,2.0,0.7424764972429365,dual_cluster
8,1.1749999999999998,0.4,2.0,0.7679201228178636,dual_cluster
8,1.2,0.4,2.0,0.7889860163281651,dual_cluster
9,0.4,0.4,2.0,0.29104791161978916,takeover
9,0.42500000000000004,0.4,2.0,0.5945792552929712,takeover
9,0.45,0.4,2.0,0.5559273168469652,takeover
9,0.47500000000000003,0.4,2.0,0.06882495805872797,takeover
9,0.5,0.4,2.0,0.6842815966985728,dual_cluster
9,0.525,0.4,2.0,0.3294501123632545,dual_cluster
9,0.55,0.4,2.0,0.8932337945563708,absorbed
9,0.575,0.4,2.0,0.9153630900871905,absorbed
9,0.6,0.4,2.0,0.42828495344336037,dual_cluster
9,0.625,0.4,2.0,0.7028056031350769,dual_cluster
9,0.65,0.4,2.0,0.2510095635371868,dual_cluster
9,0.675,0.4,2.0,0.22225322160378452,dual_cluster
9,0.7,0.4,2.0,0.6633597595003875,dual_cluster
9,0.725,0.4,2.0,0.48032787029589386,dual_cluster
9,0.75,0.4,2.0,0.8986295218397329,dual_cluster
9,0.7749999999999999,0.4,2.0,0.16676006969122723,dual_cluster
9,0.8,0.4,2.0,0.8879451589568577,dual_cluster
9,0.825,0.4,2.0,0.8435391651334772,dual_cluster
9,0.85,0.4,2.0,0.5996240356272363,dual_cluster
9,0.875,0.4,2.0,0.9099972952743112,dual_cluster
9,0.8999999999999999,0.4,2.0,0.8915325141867715,dual_cluster
9,0.9249999999999999,0.4,2.0,0.7731015674735198,dual_cluster
9,0.95,0.4,2.0,0.842373259420114,dual_cluster
9,0.975,0.4,2.0,0.5364746286946976,dual_cluster
9,1.0,0.4,2.0,0.5334436551153043,dual_cluster
9,1.025,0.4,2.0,0.714292481587564,dual_cluster
9,1.0499999999999998,0.4,2.0,0.6054278318810444,dual_cluster
9,1.075,0.4,2.0,0.6642956800670902,dual_cluster
9,1.1,0.4,2.0,0.6843030123006885,dual_cluster
9,1.125,0.4,2.0,0.7090810243557665,dual_cluster
9,1.15,0.4,2.0,0.7366582477759943,dual_cluster
9,1.1749999999999998,0.4,2.0,0.7624772645504898,dual_cluster
9,1.2,0.4,2.0,0.784275369646672,dual_cluster
10,0.4,0.4,2.0,0.7233776344908116,takeover
10,0.42500000000000004,0.4,2.0,0.5727933921330497,dual_cluster
10,0.45,0.4,2.0,0.52442616765659,dual_cluster
10,0.47500000000000003,0.4,2.0,0.6777033087849651,dual_cluster
10,0.5,0.4,2.0,0.8676035589409292,absorbed
10,0.525,0.4,2.0,0.1955149137278228,dual_cluster
10,0.55,0.4,2.0,0.8700419616823006,dual_cluster
10,0.575,0.4,2.0,0.9113736203905767,dual_cluster
10,0.6,0.4,2.0,0.9314827764569652,absorbed
10,0.625,0.4,2.0,0.13847558039520727,dual_cluster
10,0.65,0.4,2.0,0.9210716972153964,dual_cluster
10,0.675,0.4,2.0,0.7936717032752224,dual_cluster
10,0.7,0.4,2.0,0.9075333946411741,dual_cluster
10,0.725,0.4,2.0,0.15701000665970477,dual_cluster
10,0.75,0.4,2.0,0.9504706910558585,absorbed
10,0.7749999999999999,0.4,2.0,0.841253274172744,dual_cluster
10,0.8,0.4,2.0,0.560613761037269,dual_cluster
10,0.825,0.4,2.0,0.18971939189237455,dual_cluster
10,0.85,0.4,2.0,0.4996511637640101,dual_cluster
10,0.875,0.4,2.0,0.9731224955253757,absorbed
10,0.8999999999999999,0.4,2.0,0.9741171714334745,absorbed
10,0.9249999999999999,0.4,2.0,0.5708642882113479,dual_cluster
10,0.95,0.4,2.0,0.4751112438529033,dual_cluster
10,0.975,0.4,2.0,0.759953448773785,dual_cluster
10,1.0,0.4,2.0,0.6307013838431078,dual_cluster
10,1.025,0.4,2.0,0.700149163293991,dual_cluster
10,1.0499999999999998,0.4,2.0,0.6613342750091019,dual_cluster
10,1.075,0.4,2.0,0.6622584750859095,dual_cluster
10,1.1,0.4,2.0,0.6810108434129654,dual_cluster
10,1.125,0.4,2.0,0.7039768750665957,dual_cluster
10,1.15,0.4,2.0,0.7304497689889765,dual_cluster
10,1.1749999999999998,0.4,2.0,0.7564696521712448,dual_cluster
10,1.2,0.4,2.0,0.7790108435230008,dual_cluster
11,0.4,0.4,2.0,0.35304034270210394,takeover
11,0.42500000000000004,0.4,2.0,0.2895874297642518,takeover
11,0.45,0.4,2.0,0.6090331361102347,takeover
11,0.47500000000000003,0.4,2.0,0.6529818063543619,takeover
11,0.5,0.4,2.0,0.30611499215771215,dual_cluster
11,0.525,0.4,2.0,0.5156382098360673,dual_cluster
11,0.55,0.4,2.0,0.8136326459465284,dual_cluster
11,0.575,0.4,2.0,0.8359161686828306,dual_cluster
11,0.6,0.4,2.0,0.7920903606140974,dual_cluster
11,0.625,0.4,2.0,0.9366335426584629,absorbed
11,0.65,0.4,2.0,0.23881498951129138,dual_cluster
11,0.675,0.4,2.0,0.8799299299317198,dual_cluster
11,0.7,0.4,2.0,0.9200307803004908,dual_cluster
11,0.725,0.4,2.0,0.17648483927866412,dual_cluster
11,0.75,0.4,2.0,0.9200447121592669,dual_cluster
11,0.7749999999999999,0.4,2.0,0.8445201220369506,dual_cluster
11,0.8,0.4,2.0,0.93770135530575,dual_cluster
11,0.825,0.4,2.0,0.7238729449721256,dual_cluster
11,0.85,0.4,2.0,0.7183039987712904,dual_cluster
11,0.875,0.4,2.0,0.95567018883028,dual_cluster
11,0.8999999999999999,0.4,2.0,0.886904650507074,dual_cluster
11,0.9249999999999999,0.4,2.0,0.5758775589864934,dual_cluster
11,0.95,0.4,2.0,0.8524166057480337,dual_cluster
11,0.975,0.4,2.0,0.9539744260616735,dual_cluster
11,1.0,0.4,2.0,0.6925091899032241,dual_cluster
11,1.025,0.4,2.0,0.6656362943200704,dual_cluster
11,1.0499999999999998,0.4,2.0,0.7336116974301536,dual_cluster
11,1.075,0.4,2.0,0.6601675961450818,dual_cluster
11,1.1,0.4,2.0,0.6771884519271147,dual_cluster
11,1.125,0.4,2.0,0.6985970463162959,dual_cluster
11,1.15,0.4,2.0,0.7238467660260907,dual_cluster
11,1.1749999999999998,0.4,2.0,0.7498234704449124,dual_cluster
11,1.2,0.4,2.0,0.7730483975391603,dual_cluster
12,0.4,0.4,2.0,0.3905638833469017,takeover
12,0.42500000000000004,0.4,2.0,0.12837607312124302,takeover
12,0.45,0.4,2.0,0.7623068992849641,takeover
12,0.47500000000000003,0.4,2.0,0.4801472624148928,dual_cluster
12,0.5,0.4,2.0,0.2039393022685663,dual_cluster
12,0.525,0.4,2.0,0.3094631202608428,dual_cluster
12,0.55,0.4,2.0,0.726150477805862,dual_cluster
12,0.575,0.4,2.0,0.49926219661814997,dual_cluster
12,0.6,0.4,2.0,0.9172563334475298,dual_cluster
12,0.625,0.4,2.0,0.9118979983882635,dual_cluster
12,0.65,0.4,2.0,0.6836654648358468,dual_cluster
12,0.675,0.4,2.0,0.7054342453942931,dual_cluster
12,0.7,0.4,2.0,0.478376430397488,dual_cluster
12,0.725,0.4,2.0,0.653161021939906,dual_cluster
12,0.75,0.4,2.0,0.9029478148908961,dual_cluster
12,0.7749999999999999,0.4,2.0,0.9064977738703606,dual_cluster
12,0.8,0.4,2.0,0.911731821036895,dual_cluster
12,0.825,0.4,2.0,0.7060736563539081,dual_cluster
12,0.85,0.4,2.0,0.6975150730233125,dual_cluster
12,0.875,0.4,2.0,0.9495440370501964,dual_cluster
12,0.8999999999999999,0.4,2.0,0.9378929703676606,dual_cluster
12,0.9249999999999999,0.4,2.0,0.40397638660808005,dual_cluster
12,0.95,0.4,2.0,0.19373281485639524,dual_cluster
12,0.975,0.4,2.0,0.6087283135409243,dual_cluster
12,1.0,0.4,2.0,0.46705868364437314,dual_cluster
12,1.025,0.4,2.0,0.5715630802617591,dual_cluster
12,1.0499999999999998,0.4,2.0,0.6549601856973821,dual_cluster
12,1.075,0.4,2.0,0.6751824608970591,dual_cluster
12,1.1,0.4,2.0,0.7021860551790338,dual_cluster
12,1.125,0.4,2.0,0.7329435647747478,dual_cluster
12,1.15,0.4,2.0,0.7611525732000064,dual_cluster
12,1.1749999999999998,0.4,2.0,0.7842305169616801,dual_cluster
12,1.2,0.4,2.0,0.8029339235841597,dual_cluster
13,0.4,0.4,2.0,0.16796441133244747,takeover
13,0.42500000000000004,0.4,2.0,0.6515910237540138,dual_cluster
13,0.45,0.4,2.0,0.7435846064909603,takeover
13,0.47500000000000003,0.4,2.0,0.5791850240966563,dual_cluster
13,0.5,0.4,2.0,0.11000745480536218,dual_cluster
13,0.525,0.4,2.0,0.33604909047431664,dual_cluster
13,0.55,0.4,2.0,0.17778689514139265,dual_cluster
13,0.575,0.4,2.0,0.7646764788987502,dual_cluster
13,0.6,0.4,2.0,0.14242342969129598,dual_cluster
13,0.625,0.4,2.0,0.6659066303998235,dual_cluster
13,0.65,0.4,2.0,0.26951029702252755,dual_cluster
13,0.675,0.4,2.0,0.6660714145282274,dual_cluster
13,0.7,0.4,2.0,0.15816348511564174,dual_cluster
13,0.725,0.4,2.0,0.18842179129713285,dual_cluster
13,0.75,0.4,2.0,0.6095328441004398,dual_cluster
13,0.7749999999999999,0.4,2.0,0.3628499765424144,dual_cluster
13,0.8,0.4,2.0,0.297870875300733,dual_cluster
13,0.825,0.4,2.0,0.6689426318511187,dual_cluster
13,0.85,0.4,2.0,0.445504179087399,dual_cluster
13,0.875,0.4,2.0,0.6902961317062447,dual_cluster
13,0.8999999999999999,0.4,2.0,0.3174891101991116,dual_cluster
13,0.9249999999999999,0.4,2.0,0.5336756343134694,dual_cluster
13,0.95,0.4,2.0,0.9616488476303172,dual_cluster
13,0.975,0.4,2.0,0.7826717611386839,dual_cluster
13,1.0,0.4,2.0,0.6416323581452954,dual_cluster
13,1.025,0.4,2.0,0.568802716010323,dual_cluster
13,1.0499999999999998,0.4,2.0,0.6567247045004531,dual_cluster
13,1.075,0.4,2.0,0.6767597695697815,dual_cluster
13,1.1,0.4,2.0,0.701084163915196,dual_cluster
13,1.125,0.4,2.0,0.7294893024045722,dual_cluster
13,1.15,0.4,2.0,0.7570435099452049,dual_cluster
13,1.1749999999999998,0.4,2.0,0.7803873437095774,dual_cluster
13,1.2,0.4,2.0,0.7995340110207635,dual_cluster
14,0.4,0.4,2.0,0.20588571210760198,takeover
14,0.42500000000000004,0.4,2.0,0.7233567841989933,takeover
14,0.45,0.4,2.0,0.3556140545122022,takeover
14,0.47500000000000003,0.4,2.0,0.05957985189268498,takeover
14,0.5,0.4,2.0,0.3087629560619956,takeover
14,0.525,0.4,2.0,0.07967826923791939,dual_cluster
14,0.55,0.4,2.0,0.62131558582797,dual_cluster
14,0.575,0.4,2.0,0.6442687272265424,dual_cluster
14,0.6,0.4,2.0,0.8953507986219644,dual_cluster
14,0.625,0.4,2.0,0.890457684110705,dual_cluster
14,0.65,0.4,2.0,0.7938357928210242,dual_cluster
14,0.675,0.4,2.0,0.6117228902213762,dual_cluster
14,0.7,0.4,2.0,0.21034199721816427,dual_cluster
14,0.725,0.4,2.0,0.33508990733371957,dual_cluster
14,0.75,0.4,2.0,0.8048240304666904,dual_cluster
14,0.7749999999999999,0.4,2.0,0.44502106789435425,dual_cluster
14,0.8,0.4,2.0,0.48603384897223245,dual_cluster
14,0.825,0.4,2.0,0.8713507634408711,dual_cluster
14,0.85,0.4,2.0,0.6668056427157416,dual_cluster
14,0.875,0.4,2.0,0.800175308260056,dual_cluster
14,0.8999999999999999,0.4,2.0,0.350304426559046,dual_cluster
14,0.9249999999999999,0.4,2.0,0.38135610463221237,dual_cluster
14,0.95,0.4,2.0,0.8145981230128336,dual_cluster
14,0.975,0.4,2.0,0.7595819928058993,dual_cluster
14,1.0,0.4,2.0,0.8221495178263506,dual_cluster
14,1.025,0.4,2.0,0.8326629039561405,dual_cluster
14,1.0499999999999998,0.4,2.0,0.740601683799695,dual_cluster
14,1.075,0.4,2.0,0.6464238565907959,dual_cluster
14,1.1,0.4,2.0,0.6683213402115789,dual_cluster
14,1.125,0.4,2.0,0.6879349745241213,dual_cluster
14,1.15,0.4,2.0,0.7117755888117935,dual_cluster
14,1.1749999999999998,0.4,2.0,0.7379907203657939,dual_cluster
14,1.2,0.4,2.0,0.7626670162648043,dual_cluster
15,0.4,0.4,2.0,0.34380859259706975,takeover
15,0.42500000000000004,0.4,2.0,0.10788346132034506,takeover
15,0.45,0.4,2.0,0.291140891373961,takeover
15,0.47500000000000003,0.4,2.0,0.1369692003858496,takeover
15,0.5,0.4,2.0,0.46610146697507937,dual_cluster
15,0.525,0.4,2.0,0.883115743433389,absorbed
15,0.55,0.4,2.0,0.6574516276361275,dual_cluster
15,0.575,0.4,2.0,0.47378099936207163,dual_cluster
15,0.6,0.4,2.0,0.6349935035378969,dual_cluster
15,0.625,0.4,2.0,0.9387549500578948,absorbed
15,0.65,0.4,2.0,0.5721208574635422,dual_cluster
15,0.675,0.4,2.0,0.3515411692530917,dual_cluster
15,0.7,0.4,2.0,0.5895540107127342,dual_cluster
15,0.725,0.4,2.0,0.9563529505736337,absorbed
15,0.75,0.4,2.0,0.8087181557345174,dual_cluster
15,0.7749999999999999,0.4,2.0,0.8852572104033622,dual_cluster
15,0.8,0.4,2.0,0.17868432364891226,dual_cluster
15,0.825,0.4,2.0,0.8713521049420822,dual_cluster
15,0.85,0.4,2.0,0.20520942706549114,dual_cluster
15,0.875,0.4,2.0,0.8959470922337941,dual_cluster
15,0.8999999999999999,0.4,2.0,0.9199391531462745,dual_cluster
15,0.9249999999999999,0.4,2.0,0.4900260911016148,dual_cluster
15,0.95,0.4,2.0,0.41927974765570075,dual_cluster
15,0.975,0.4,2.0,0.7547183108210181,dual_cluster
15,1.0,0.4,2.0,0.6473497056990268,dual_cluster
15,1.025,0.4,2.0,0.730290316440676,dual_cluster
15,1.0499999999999998,0.4,2.0,0.5974100010389033,dual_cluster
15,1.075,0.4,2.0,0.6612787636224912,dual_cluster
15,1.1,0.4,2.0,0.6804619859139633,dual_cluster
15,1.125,0.4,2.0,0.7038183961536585,dual_cluster
15,1.15,0.4,2.0,0.7306491842413417,dual_cluster
15,1.1749999999999998,0.4,2.0,0.7568179876802444,dual_cluster
15,1.2,0.4,2.0,0.7793600959692343,dual_cluster
16,0.4,0.4,2.0,0.5293739632349317,takeover
16,0.42500000000000004,0.4,2.0,0.25764444889251065,takeover
16,0.45,0.4,2.0,0.736943566230844,takeover
16,0.47500000000000003,0.4,2.0,0.7734563455586894,dual_cluster
16,0.5,0.4,2.0,0.747706656562284,dual_cluster
16,0.525,0.4,2.0,0.8908039064116762,dual_cluster
16,0.55,0.4,2.0,0.22220411342240037,dual_cluster
16,0.575,0.4,2.0,0.8963297054772968,dual_cluster
16,0.6,0.4,2.0,0.7585771221331656,dual_cluster
16,0.625,0.4,2.0,0.8545398186260641,dual_cluster
16,0.65,0.4,2.0,0.5532257061654992,dual_cluster
16,0.675,0.4,2.0,0.8592547892023249,dual_cluster
16,0.7,0.4,2.0,0.8071757433146173,dual_cluster
16,0.725,0.4,2.0,0.9562504749484676,absorbed
16,0.75,0.4,2.0,0.6584506515942056,dual_cluster
16,0.7749999999999999,0.4,2.0,0.5935322154891371,dual_cluster
16,0.8,0.4,2.0,0.8776170682079437,dual_cluster
16,0.825,0.4,2.0,0.6272074696090921,dual_cluster
16,0.85,0.4,2.0,0.7361699906508076,dual_cluster
16,0.875,0.4,2.0,0.1863553529346944,dual_cluster
16,0.8999999999999999,0.4,2.0,0.27701885966979745,dual_cluster
16,0.9249999999999999,0.4,2.0,0.8018907025061631,dual_cluster
16,0.95,0.4,2.0,0.7978647487767832,dual_cluster
16,0.975,0.4,2.0,0.4148548146324521,dual_cluster
16,1.0,0.4,2.0,0.6895308964280537,dual_cluster
16,1.025,0.4,2.0,0.5933637042985054,dual_cluster
16,1.0499999999999998,0.4,2.0,0.6584732139465789,dual_cluster
16,1.075,0.4,2.0,0.6806238894564756,dual_cluster
16,1.1,0.4,2.0,0.7089885716727994,dual_cluster
16,1.125,0.4,2.0,0.7399290567740574,dual_cluster
16,1.15,0.4,2.0,0.7672131366631111,dual_cluster
16,1.1749999999999998,0.4,2.0,0.7893036096349421,dual_cluster
16,1.2,0.4,2.0,0.8072376003093711,dual_cluster
17,0.4,0.4,2.0,0.2566651740702763,takeover
17,0.42500000000000004,0.4,2.0,0.5167383418003628,takeover
17,0.45,0.4,2.0,0.8329871444354614,dual_cluster
17,0.47500000000000003,0.4,2.0,0.18396172305590772,takeover
17,0.5,0.4,2.0,0.832366814549062,dual_cluster
17,0.525,0.4,2.0,0.5815688045109646,dual_cluster
17,0.55,0.4,2.0,0.5344373613144611,dual_cluster
17,0.575,0.4,2.0,0.7808855507192276,dual_cluster
17,0.6,0.4,2.0,0.5814526835039749,dual_cluster
17,0.625,0.4,2.0,0.8687904877186623,dual_cluster
17,0.65,0.4,2.0,0.8048469368922034,dual_cluster
17,0.675,0.4,2.0,0.9471807889314503,absorbed
17,0.7,0.4,2.0,0.4248762881802722,dual_cluster
17,0.725,0.4,2.0,0.26615379271049844,dual_cluster
17,0.75,0.4,2.0,0.25151739116241356,dual_cluster
17,0.7749999999999999,0.4,2.0,0.8338836181230467,dual_cluster
17,0.8,0.4,2.0,0.6663764284939789,dual_cluster
17,0.825,0.4,2.0,0.8342285910775477,dual_cluster
17,0.85,0.4,2.0,0.4264315592919833,dual_cluster
17,0.875,0.4,2.0,0.455777484971704,dual_cluster
17,0.8999999999999999,0.4,2.0,0.8664899382747919,dual_cluster
17,0.9249999999999999,0.4,2.0,0.8096200777029393,dual_cluster
17,0.95,0.4,2.0,0.1984331412258975,dual_cluster
17,0.975,0.4,2.0,0.9456130021294537,dual_cluster
17,1.0,0.4,2.0,0.5215761557661472,dual_cluster
17,1.025,0.4,2.0,0.779851238867267,dual_cluster
17,1.0499999999999998,0.4,2.0,0.6659219851430355,dual_cluster
17,1.075,0.4,2.0,0.6670158598920696,dual_cluster
17,1.1,0.4,2.0,0.6894320692150296,dual_cluster
17,1.125,0.4,2.0,0.7168929355560854,dual_cluster
17,1.15,0.4,2.0,0.7455812850268363,dual_cluster
17,1.1749999999999998,0.4,2.0,0.7707727504619437,dual_cluster
17,1.2,0.4,2.0,0.7914869155098121,dual_cluster
18,0.4,0.4,2.0,0.5207853735342045,absorbed
18,0.42500000000000004,0.4,2.0,0.5437794018341672,takeover
18,0.45,0.4,2.0,0.420667619170414,takeover
18,0.47500000000000003,0.4,2.0,0.4906126756686462,takeover
18,0.5,0.4,2.0,0.7406565755827463,takeover
18,0.525,0.4,2.0,0.587831299481655,takeover
18,0.55,0.4,2.0,0.7546603395375813,dual_cluster
18,0.575,0.4,2.0,0.5196452310846615,dual_cluster
18,0.6,0.4,2.0,0.5983050865715857,dual_cluster
18,0.625,0.4,2.0,0.9031219266277,dual_cluster
18,0.65,0.4,2.0,0.3570555822553935,dual_cluster
18,0.675,0.4,2.0,0.26558740131469877,dual_cluster
18,0.7,0.4,2.0,0.19538410670274725,dual_cluster
18,0.725,0.4,2.0,0.7803369221792991,dual_cluster
18,0.75,0.4,2.0,0.43677905243855886,dual_cluster
18,0.7749999999999999,0.4,2.0,0.5052924366159843,dual_cluster
18,0.8,0.4,2.0,0.8948049426824553,dual_cluster
18,0.825,0.4,2.0,0.6916148092451955,dual_cluster
18,0.85,0.4,2.0,0.8190870743680995,dual_cluster
18,0.875,0.4,2.0,0.3489391303019663,dual_cluster
18,0.8999999999999999,0.4,2.0,0.34071419444765577,dual_cluster
18,0.9249999999999999,0.4,2.0,0.7909086851272088,dual_cluster
18,0.95,0.4,2.0,0.7233847539744702,dual_cluster
18,0.975,0.4,2.0,0.9592162191774161,dual_cluster
18,1.0,0.4,2.0,0.8323368730377045,dual_cluster
18,1.025,0.4,2.0,0.7080434275556153,dual_cluster
18,1.0499999999999998,0.4,2.0,0.6609325056635854,dual_cluster
18,1.075,0.4,2.0,0.6578990344766751,dual_cluster
18,1.1,0.4,2.0,0.6763726022900006,dual_cluster
18,1.125,0.4,2.0,0.699616006554811,dual_cluster
18,1.15,0.4,2.0,0.7267532160324748,dual_cluster
18,1.1749999999999998,0.4,2.0,0.7535936791212829,dual_cluster
18,1.2,0.4,2.0,0.7767684832238263,dual_cluster
19,0.4,0.4,2.0,0.17619264795799214,takeover
19,0.42500000000000004,0.4,2.0,0.48551158670685635,takeover
19,0.45,0.4,2.0,0.8139909952084431,takeover
19,0.47500000000000003,0.4,2.0,0.10580582370613528,dual_cluster
19,0.5,0.4,2.0,0.8902951928997604,absorbed
19,0.525,0.4,2.0,0.7986163453664912,dual_cluster
19,0.55,0.4,2.0,0.8409474808443153,dual_cluster
19,0.575,0.4,2.0,0.8545772286428824,dual_cluster
19,0.6,0.4,2.0,0.5595957478448729,dual_cluster
19,0.625,0.4,2.0,0.15886717768182307,dual_cluster
19,0.65,0.4,2.0,0.16609550526128167,dual_cluster
19,0.675,0.4,2.0,0.5761843990958077,dual_cluster
19,0.7,0.4,2.0,0.7989691992698005,dual_cluster
19,0.725,0.4,2.0,0.9618913560576065,absorbed
19,0.75,0.4,2.0,0.5576824893269423,dual_cluster
19,0.7749999999999999,0.4,2.0,0.7502398053849457,dual_cluster
19,0.8,0.4,2.0,0.6476549531018044,dual_cluster
19,0.825,0.4,2.0,0.8819096412443245,dual_cluster
19,0.85,0.4,2.0,0.6045569344118434,dual_cluster
19,0.875,0.4,2.0,0.6910894525755081,dual_cluster
19,0.8999999999999999,0.4,2.0,0.37820295874045085,dual_cluster
19,0.9249999999999999,0.4,2.0,0.24576835755075668,dual_cluster
19,0.95,0.4,2.0,0.7008400621860945,dual_cluster
19,0.975,0.4,2.0,0.6447417822937901,dual_cluster
19,1.0,0.4,2.0,0.7964874233909589,dual_cluster
19,1.025,0.4,2.0,0.6053094418082486,dual_cluster
19,1.0499999999999998,0.4,2.0,0.6517563463464898,dual_cluster
19,1.075,0.4,2.0,0.6729816551299406,dual_cluster
19,1.1,0.4,2.0,0.6960757784178463,dual_cluster
19,1.125,0.4,2.0,0.7236533800157807,dual_cluster
19,1.15,0.4,2.0,0.7514717393013638,dual_cluster
19,1.1749999999999998,0.4,2.0,0.7755579164544382,dual_cluster
19,1.2,0.4,2.0,0.7954031544022202,dual_cluster
0,0.4,0.4,3.0,0.6113294187664342,absorbed
0,0.42500000000000004,0.4,3.0,0.24501733307212123,takeover
0,0.45,0.4,3.0,0.5964739251529898,takeover
0,0.47500000000000003,0.4,3.0,0.7662189392483645,takeover
0,0.5,0.4,3.0,0.8308457335415462,dual_cluster
0,0.525,0.4,3.0,0.654656745809075,takeover
0,0.55,0.4,3.0,0.5861532753287712,dual_cluster
0,0.575,0.4,3.0,0.1742417978411196,dual_cluster
0,0.6,0.4,3.0,0.4321849279013769,dual_cluster
0,0.625,0.4,3.0,0.21307169128065537,dual_cluster
0,0.65,0.4,3.0,0.8348414835777925,dual_cluster
0,0.675,0.4,3.0,0.45739716724402274,dual_cluster
0,0.7,0.4,3.0,0.40635302807341495,dual_cluster
0,0.725,0.4,3.0,0.7527654340620465,dual_cluster
0,0.75,0.4,3.0,0.15513132693691883,dual_cluster
0,0.7749999999999999,0.4,3.0,0.5075223166727959,dual_cluster
0,0.8,0.4,3.0,0.4300513167653921,dual_cluster
0,0.825,0.4,3.0,0.9591860159480314,absorbed
0,0.85,0.4,3.0,0.9623466161279104,absorbed
0,0.875,0.4,3.0,0.49738779011934886,dual_cluster
0,0.8999999999999999,0.4,3.0,0.20015466040097096,dual_cluster
0,0.9249999999999999,0.4,3.0,0.6156919657573099,dual_cluster
0,0.95,0.4,3.0,0.27747912548697934,dual_cluster
0,0.975,0.4,3.0,0.5701343048429827,dual_cluster
0,1.0,0.4,3.0,0.7523092706031174,dual_cluster
0,1.025,0.4,3.0,0.4611521765068688,dual_cluster
0,1.0499999999999998,0.4,3.0,0.6529590076742334,dual_cluster
0,1.075,0.4,3.0,0.6497183607266319,dual_cluster
0,1.1,0.4,3.0,0.673276826447258,dual_cluster
0,1.125,0.4,3.0,0.694825800768425,dual_cluster
0,1.15,0.4,3.0,0.7207635808182125,dual_cluster
0,1.1749999999999998,0.4,3.0,0.7477680768603372,dual_cluster
0,1.2,0.4,3.0,0.7718035126536057,dual_cluster
1,0.4,0.4,3.0,0.46985899783121043,takeover
1,0.42500000000000004,0.4,3.0,0.5584372118354961,takeover
1,0.45,0.4,3.0,0.7620423549216608,takeover
1,0.47500000000000003,0.4,3.0,0.6176321446707158,dual_cluster
1,0.5,0.4,3.0,0.6827417266441334,dual_cluster
1,0.525,0.4,3.0,0.8731917437828385,dual_cluster
1,0.55,0.4,3.0,0.10465498531725131,dual_cluster
1,0.575,0.4,3.0,0.9170978008682927,absorbed
1,0.6,0.4,3.0,0.8571987874887869,dual_cluster
1,0.625,0.4,3.0,0.9290213982276819,dual_cluster
1,0.65,0.4,3.0,0.17375373243901027,dual_cluster
1,0.675,0.4,3.0,0.9208486276639156,dual_cluster
1,0.7,0.4,3.0,0.8416418848048628,dual_cluster
1,0.725,0.4,3.0,0.9569785250299263,absorbed
1,0.75,0.4,3.0,0.5043124910221947,dual_cluster
1,0.7749999999999999,0.4,3.0,0.1787795082350423,dual_cluster
1,0.8,0.4,3.0,0.4943093362595824,dual_cluster
1,0.825,0.4,3.0,0.9664235562725706,absorbed
1,0.85,0.4,3.0,0.9180499864846339,dual_cluster
1,0.875,0.4,3.0,0.2054567041123244,dual_cluster
1,0.8999999999999999,0.4,3.0,0.9430787942651353,dual_cluster
1,0.9249999999999999,0.4,3.0,0.6693928078115967,dual_cluster
1,0.95,0.4,3.0,0.7933918095917577,dual_cluster
1,0.975,0.4,3.0,0.8577786700201057,dual_cluster
1,1.0,0.4,3.0,0.5571960680763126,dual_cluster
1,1.025,0.4,3.0,0.5334031469912667,dual_cluster
1,1.0499999999999998,0.4,3.0,0.6821328423536782,dual_cluster
1,1.075,0.4,3.0,0.6452698348450268,dual_cluster
1,1.1,0.4,3.0,0.6721144339001983,dual_cluster
1,1.125,0.4,3.0,0.6927569429484093,dual_cluster
1,1.15,0.4,3.0,0.7177600107112406,dual_cluster
1,1.1749999999999998,0.4,3.0,0.7444308643909516,dual_cluster
1,1.2,0.4,3.0,0.7687016162898491,dual_cluster
2,0.4,0.4,3.0,0.48968928646906057,takeover
2,0.42500000000000004,0.4,3.0,0.6612927819521581,takeover
2,0.45,0.4,3.0,0.5612098216667896,takeover
2,0.47500000000000003,0.4,3.0,0.10993973542826241,takeover
2,0.5,0.4,3.0,0.5584070639115762,dual_cluster
2,0.525,0.4,3.0,0.7644292115980925,takeover
2,0.55,0.4,3.0,0.7640374827048483,dual_cluster
2,0.575,0.4,3.0,0.6420597677115565,dual_cluster
2,0.6,0.4,3.0,0.7876216504524225,dual_cluster
2,0.625,0.4,3.0,0.7377355476218644,dual_cluster
2,0.65,0.4,3.0,0.7812229867761998,dual_cluster
2,0.675,0.4,3.0,0.6658823971696753,dual_cluster
2,0.7,0.4,3.0,0.8456462552571997,dual_cluster
2,0.725,0.4,3.0,0.15067398887604153,dual_cluster
2,0.75,0.4,3.0,0.896306811267451,dual_cluster
2,0.7749999999999999,0.4,3.0,0.43116929856924385,dual_cluster
2,0.8,0.4,3.0,0.7178134710321401,dual_cluster
2,0.825,0.4,3.0,0.5617086481128571,dual_cluster
2,0.85,0.4,3.0,0.7853967357500846,dual_cluster
2,0.875,0.4,3.0,0.4340165553516972,dual_cluster
2,0.8999999999999999,0.4,3.0,0.5502685725811891,dual_cluster
2,0.9249999999999999,0.4,3.0,0.9657734340361149,absorbed
2,0.95,0.4,3.0,0.9683533258478622,absorbed
2,0.975,0.4,3.0,0.6293893947219829,dual_cluster
2,1.0,0.4,3.0,0.5935824001215585,dual_cluster
2,1.025,0.4,3.0,0.771886717815714,dual_cluster
2,1.0499999999999998,0.4,3.0,0.6120239922392544,dual_cluster
2,1.075,0.4,3.0,0.6570415068813878,dual_cluster
2,1.1,0.4,3.0,0.6759053808872619,dual_cluster
2,1.125,0.4,3.0,0.7000241511119413,dual_cluster
2,1.15,0.4,3.0,0.7281906327268945,dual_cluster
2,1.1749999999999998,0.4,3.0,0.7555636039624086,dual_cluster
2,1.2,0.4,3.0,0.7787949457198264,dual_cluster
3,0.4,0.4,3.0,0.6720956393336991,takeover
3,0.42500000000000004,0.4,3.0,0.404724404759244,takeover
3,0.45,0.4,3.0,0.22094024569564327,dual_cluster
3,0.47500000000000003,0.4,3.0,0.4603596233678156,dual_cluster
3,0.5,0.4,3.0,0.8316070446971408,dual_cluster
3,0.525,0.4,3.0,0.11523041279446261,dual_cluster
3,0.55,0.4,3.0,0.8994590396464042,absorbed
3,0.575,0.4,3.0,0.903269257418378,dual_cluster
3,0.6,0.4,3.0,0.9132562465121145,absorbed
3,0.625,0.4,3.0,0.23469894223181795,dual_cluster
3,0.65,0.4,3.0,0.943237915709942,absorbed
3,0.675,0.4,3.0,0.9102567559284696,dual_cluster
3,0.7,0.4,3.0,0.9176946256300068,dual_cluster
3,0.725,0.4,3.0,0.5338378191719773,dual_cluster
3,0.75,0.4,3.0,0.15444025990304708,dual_cluster
3,0.7749999999999999,0.4,3.0,0.35421436725109245,dual_cluster
3,0.8,0.4,3.0,0.8736926729176769,dual_cluster
3,0.825,0.4,3.0,0.7276915368920295,dual_cluster
3,0.85,0.4,3.0,0.9054583674937727,dual_cluster
3,0.875,0.4,3.0,0.592665253697311,dual_cluster
3,0.8999999999999999,0.4,3.0,0.6458005166100039,dual_cluster
3,0.9249999999999999,0.4,3.0,0.9552054435082786,dual_cluster
3,0.95,0.4,3.0,0.973470494500778,absorbed
3,0.975,0.4,3.0,0.5957861448097201,dual_cluster
3,1.0,0.4,3.0,0.4916560045269575,dual_cluster
3,1.025,0.4,3.0,0.653352829062456,dual_cluster
3,1.0499999999999998,0.4,3.0,0.6757943608579857,dual_cluster
3,1.075,0.4,3.0,0.6614268148759469,dual_cluster
3,1.1,0.4,3.0,0.6806163527986704,dual_cluster
3,1.125,0.4,3.0,0.7041121601770921,dual_cluster
3,1.15,0.4,3.0,0.7311533587112061,dual_cluster
3,1.1749999999999998,0.4,3.0,0.7574537313844982,dual_cluster
3,1.2,0.4,3.0,0.7800222237336736,dual_cluster
4,0.4,0.4,3.0,0.7413827656839268,absorbed
4,0.42500000000000004,0.4,3.0,0.6634107962344984,takeover
4,0.45,0.4,3.0,0.5378446631428859,dual_cluster
4,0.47500000000000003,0.4,3.0,0.660021307904648,dual_cluster
4,0.5,0.4,3.0,0.8835813805063548,absorbed
4,0.525,0.4,3.0,0.27982206464613113,dual_cluster
4,0.55,0.4,3.0,0.7006704498385077,dual_cluster
4,0.575,0.4,3.0,0.8692202036078926,dual_cluster
4,0.6,0.4,3.0,0.41309671418382937,dual_cluster
4,0.625,0.4,3.0,0.6475463179835969,dual_cluster
4,0.65,0.4,3.0,0.19369035237761092,dual_cluster
4,0.675,0.4,3.0,0.45087804135989845,dual_cluster
4,0.7,0.4,3.0,0.3557679944302763,dual_cluster
4,0.725,0.4,3.0,0.9402873673705796,dual_cluster
4,0.75,0.4,3.0,0.8036627240232034,dual_cluster
4,0.7749999999999999,0.4,3.0,0.9373026698256758,dual_cluster
4,0.8,0.4,3.0,0.4564803415580079,dual_cluster
4,0.825,0.4,3.0,0.2426030301469342,dual_cluster
4,0.85,0.4,3.0,0.64931220945433,dual_cluster
4,0.875,0.4,3.0,0.19400626341090915,dual_cluster
4,0.8999999999999999,0.4,3.0,0.43574280138849025,dual_cluster
4,0.9249999999999999,0.4,3.0,0.9272190452764175,dual_cluster
4,0.95,0.4,3.0,0.9453839242936859,dual_cluster
4,0.975,0.4,3.0,0.5960920276414432,dual_cluster
4,1.0,0.4,3.0,0.536572506697656,dual_cluster
4,1.025,0.4,3.0,0.6924227693855352,dual_cluster
4,1.0499999999999998,0.4,3.0,0.615461728029281,dual_cluster
4,1.075,0.4,3.0,0.6646280558181298,dual_cluster
4,1.1,0.4,3.0,0.6839925280686193,dual_cluster
4,1.125,0.4,3.0,0.707930765524588,dual_cluster
4,1.15,0.4,3.0,0.7350811324539144,dual_cluster
4,1.1749999999999998,0.4,3.0,0.7610130609746947,dual_cluster
4,1.2,0.4,3.0,0.7830889383658265,dual_cluster
5,0.4,0.4,3.0,0.42321592925548845,takeover
5,0.42500000000000004,0.4,3.0,0.05549426290564473,takeover
5,0.45,0.4,3.0,0.7201623188296976,dual_cluster
5,0.47500000000000003,0.4,3.0,0.17356833791383827,dual_cluster
5,0.5,0.4,3.0,0.8514942864672482,dual_cluster
5,0.525,0.4,3.0,0.9094395106293853,absorbed
5,0.55,0.4,3.0,0.6404438787959507,dual_cluster
5,0.575,0.4,3.0,0.5107236284867173,dual_cluster
5,0.6,0.4,3.0,0.6837677471238975,dual_cluster
5,0.625,0.4,3.0,0.9450524491215023,absorbed
5,0.65,0.4,3.0,0.7380504334815399,dual_cluster
5,0.675,0.4,3.0,0.5406182054878013,dual_cluster
5,0.7,0.4,3.0,0.395478404818674,dual_cluster
5,0.725,0.4,3.0,0.40781681259687996,dual_cluster
5,0.75,0.4,3.0,0.5622677739494487,dual_cluster
5,0.7749999999999999,0.4,3.0,0.47421907187129836,dual_cluster
5,0.8,0.4,3.0,0.31001952637436664,dual_cluster
5,0.825,0.4,3.0,0.6843025545799352,dual_cluster
5,0.85,0.4,3.0,0.49666198058356514,dual_cluster
5,0.875,0.4,3.0,0.7354016628877467,dual_cluster
5,0.8999999999999999,0.4,3.0,0.45037512005321967,dual_cluster
5,0.9249999999999999,0.4,3.0,0.6260363462548706,dual_cluster
5,0.95,0.4,3.0,0.18493059734210715,dual_cluster
5,0.975,0.4,3.0,0.40131943559723343,dual_cluster
5,1.0,0.4,3.0,0.7354341233916936,dual_cluster
5,1.025,0.4,3.0,0.6136407834744664,dual_cluster
5,1.0499999999999998,0.4,3.0,0.6580997954336208,dual_cluster
5,1.075,0.4,3.0,0.6765031445914452,dual_cluster
5,1.1,0.4,3.0,0.700935428016498,dual_cluster
5,1.125,0.4,3.0,0.7295477982691804,dual_cluster
5,1.15,0.4,3.0,0.757265374097251,dual_cluster
5,1.1749999999999998,0.4,3.0,0.7806766652440996,dual_cluster
5,1.2,0.4,3.0,0.7998393133635975,dual_cluster
6,0.4,0.4,3.0,0.08466775418076633,takeover
6,0.42500000000000004,0.4,3.0,0.5052178363393536,takeover
6,0.45,0.4,3.0,0.5736459793981012,takeover
6,0.47500000000000003,0.4,3.0,0.17347026852103903,dual_cluster
6,0.5,0.4,3.0,0.6112009088343735,dual_cluster
6,0.525,0.4,3.0,0.6283657544612801,dual_cluster
6,0.55,0.4,3.0,0.9049421028877455,dual_cluster
6,0.575,0.4,3.0,0.88926913961047,dual_cluster
6,0.6,0.4,3.0,0.8874449495687404,dual_cluster
6,0.625,0.4,3.0,0.45520614549765975,dual_cluster
6,0.65,0.4,3.0,0.5661069427068459,dual_cluster
6,0.675,0.4,3.0,0.7200846496934024,dual_cluster
6,0.7,0.4,3.0,0.28368811029402496,dual_cluster
6,0.725,0.4,3.0,0.9372674265833844,dual_cluster
6,0.75,0.4,3.0,0.8265620990930592,dual_cluster
6,0.7749999999999999,0.4,3.0,0.9651927848941693,absorbed
6,0.8,0.4,3.0,0.5752743863322545,dual_cluster
6,0.825,0.4,3.0,0.46625641969509846,dual_cluster
6,0.85,0.4,3.0,0.7805714456139632,dual_cluster
6,0.875,0.4,3.0,0.5235748687400623,dual_cluster
6,0.8999999999999999,0.4,3.0,0.6728434109058196,dual_cluster
6,0.9249999999999999,0.4,3.0,0.17414359299867685,dual_cluster
6,0.95,0.4,3.0,0.31971690853737006,dual_cluster
6,0.975,0.4,3.0,0.7969125404720907,dual_cluster
6,1.0,0.4,3.0,0.7598550506276184,dual_cluster
6,1.025,0.4,3.0,0.7470066328537307,dual_cluster
6,1.0499999999999998,0.4,3.0,0.6731556388499429,dual_cluster
6,1.075,0.4,3.0,0.6653444226262871,dual_cluster
6,1.1,0.4,3.0,0.6848082794428221,dual_cluster
6,1.125,0.4,3.0,0.7090357134833201,dual_cluster
6,1.15,0.4,3.0,0.7363098600840995,dual_cluster
6,1.1749999999999998,0.4,3.0,0.7621393392081672,dual_cluster
6,1.2,0.4,3.0,0.784047427003787,dual_cluster
7,0.4,0.4,3.0,0.14065388677463686,takeover
7,0.42500000000000004,0.4,3.0,0.7437563638175041,takeover
7,0.45,0.4,3.0,0.4190065787273342,takeover
7,0.47500000000000003,0.4,3.0,0.014705165847105784,takeover
7,0.5,0.4,3.0,0.23410318110098094,takeover
7,0.525,0.4,3.0,0.11364374486592763,dual_cluster
7,0.55,0.4,3.0,0.702161122201932,dual_cluster
7,0.575,0.4,3.0,0.3600029670672166,dual_cluster
7,0.6,0.4,3.0,0.913642408871499,absorbed
7,0.625,0.4,3.0,0.9171607969549179,absorbed
7,0.65,0.4,3.0,0.18573027056143254,dual_cluster
7,0.675,0.4,3.0,0.8423378559661235,dual_cluster
7,0.7,0.4,3.0,0.6392657784139476,dual_cluster
7,0.725,0.4,3.0,0.7445527908959191,dual_cluster
7,0.75,0.4,3.0,0.8307617577622253,dual_cluster
7,0.7749999999999999,0.4,3.0,0.862771291952909,dual_cluster
7,0.8,0.4,3.0,0.9170223918391011,dual_cluster
7,0.825,0.4,3.0,0.24937907797614903,dual_cluster
7,0.85,0.4,3.0,0.7547690614463368,dual_cluster
7,0.875,0.4,3.0,0.30175022534322166,dual_cluster
7,0.8999999999999999,0.4,3.0,0.9390905187066783,dual_cluster
7,0.9249999999999999,0.4,3.0,0.9699400472031933,absorbed
7,0.95,0.4,3.0,0.6255362069261245,dual_cluster
7,0.975,0.4,3.0,0.611362335205039,dual_cluster
7,1.0,0.4,3.0,0.8917279559861914,dual_cluster
7,1.025,0.4,3.0,0.790280994063088,dual_cluster
7,1.0499999999999998,0.4,3.0,0.7580397399011479,dual_cluster
7,1.075,0.4,3.0,0.6544530220353437,dual_cluster
7,1.1,0.4,3.0,0.6688384395249344,dual_cluster
7,1.125,0.4,3.0,0.6886515195701932,dual_cluster
7,1.15,0.4,3.0,0.7128864349962141,dual_cluster
7,1.1749999999999998,0.4,3.0,0.7394906535712094,dual_cluster
7,1.2,0.4,3.0,0.7643159397030418,dual_cluster
8,0.4,0.4,3.0,0.5463404675408869,takeover
8,0.42500000000000004,0.4,3.0,0.6366390548554267,takeover
8,0.45,0.4,3.0,0.7481328518105675,absorbed
8,0.47500000000000003,0.4,3.0,0.08782685621218235,takeover
8,0.5,0.4,3.0,0.7971971873829597,dual_cluster
8,0.525,0.4,3.0,0.4023055617069316,dual_cluster
8,0.55,0.4,3.0,0.19367555291175115,dual_cluster
8,0.575,0.4,3.0,0.4414297878493035,dual_cluster
8,0.6,0.4,3.0,0.8737990086753951,dual_cluster
8,0.625,0.4,3.0,0.35741404902076557,dual_cluster
8,0.65,0.4,3.0,0.15709503366451408,dual_cluster
8,0.675,0.4,3.0,0.321091509928033,dual_cluster
8,0.7,0.4,3.0,0.853435929934495,dual_cluster
8,0.725,0.4,3.0,0.5558345777661327,dual_cluster
8,0.75,0.4,3.0,0.6020876295161675,dual_cluster
8,0.7749999999999999,0.4,3.0,0.940011110360251,dual_cluster
8,0.8,0.4,3.0,0.7197534765080676,dual_cluster
8,0.825,0.4,3.0,0.8135841776153078,dual_cluster
8,0.85,0.4,3.0,0.20449044266583702,dual_cluster
8,0.875,0.4,3.0,0.22544114305692123,dual_cluster
8,0.8999999999999999,0.4,3.0,0.6510198480175946,dual_cluster
8,0.9249999999999999,0.4,3.0,0.49184154237595124,dual_cluster
8,0.95,0.4,3.0,0.7475618756645955,dual_cluster
8,0.975,0.4,3.0,0.6032225456927821,dual_cluster
8,1.0,0.4,3.0,0.7305089820876773,dual_cluster
8,1.025,0.4,3.0,0.511991225884695,dual_cluster
8,1.0499999999999998,0.4,3.0,0.6306655151987489,dual_cluster
8,1.075,0.4,3.0,0.6637606369053811,dual_cluster
8,1.1,0.4,3.0,0.685259107343634,dual_cluster
8,1.125,0.4,3.0,0.7120480424683474,dual_cluster
8,1.15,0.4,3.0,0.7409926604702312,dual_cluster
8,1.1749999999999998,0.4,3.0,0.7669526415963343,dual_cluster
8,1.2,0.4,3.0,0.7883653396898556,dual_cluster
9,0.4,0.4,3.0,0.13597686936122577,takeover
9,0.42500000000000004,0.4,3.0,0.3530053160669735,takeover
9,0.45,0.4,3.0,0.2764241162547264,takeover
9,0.47500000000000003,0.4,3.0,0.23789272546153223,dual_cluster
9,0.5,0.4,3.0,0.8054709395599463,dual_cluster
9,0.525,0.4,3.0,0.10239613464075957,dual_cluster
9,0.55,0.4,3.0,0.7148847197827329,dual_cluster
9,0.575,0.4,3.0,0.7630188117869965,dual_cluster
9,0.6,0.4,3.0,0.1266893538631663,dual_cluster
9,0.625,0.4,3.0,0.820452366375042,dual_cluster
9,0.65,0.4,3.0,0.4686099976400061,dual_cluster
9,0.675,0.4,3.0,0.44436378493401957,dual_cluster
9,0.7,0.4,3.0,0.7819025447314251,dual_cluster
9,0.725,0.4,3.0,0.15490951879126538,dual_cluster
9,0.75,0.4,3.0,0.5078178119302833,dual_cluster
9,0.7749999999999999,0.4,3.0,0.3675158968258948,dual_cluster
9,0.8,0.4,3.0,0.9567331055641293,dual_cluster
9,0.825,0.4,3.0,0.9220604494239713,dual_cluster
9,0.85,0.4,3.0,0.16479725112881446,dual_cluster
9,0.875,0.4,3.0,0.967465166339964,absorbed
9,0.8999999999999999,0.4,3.0,0.2914690052300376,dual_cluster
9,0.9249999999999999,0.4,3.0,0.8381130464230563,dual_cluster
9,0.95,0.4,3.0,0.9168327611297807,dual_cluster
9,0.975,0.4,3.0,0.6281608219279113,dual_cluster
9,1.0,0.4,3.0,0.6326991242226452,dual_cluster
9,1.025,0.4,3.0,0.7961589034613034,dual_cluster
9,1.0499999999999998,0.4,3.0,0.6463828101522032,dual_cluster
9,1.075,0.4,3.0,0.6629143857079459,dual_cluster
9,1.1,0.4,3.0,0.6826294907562511,dual_cluster
9,1.125,0.4,3.0,0.7073877638670226,dual_cluster
9,1.15,0.4,3.0,0.7352915082607768,dual_cluster
9,1.1749999999999998,0.4,3.0,0.7615545662629618,dual_cluster
9,1.2,0.4,3.0,0.7836794382350492,dual_cluster
10,0.4,0.4,3.0,0.6275876865497134,takeover
10,0.42500000000000004,0.4,3.0,0.4470737555822897,takeover
10,0.45,0.4,3.0,0.4017502717746469,dual_cluster
10,0.47500000000000003,0.4,3.0,0.6000144931280953,dual_cluster
10,0.5,0.4,3.0,0.8552854399580969,dual_cluster
10,0.525,0.4,3.0,0.10516741314979434,dual_cluster
10,0.55,0.4,3.0,0.9150051123808051,absorbed
10,0.575,0.4,3.0,0.8630930417539024,dual_cluster
10,0.6,0.4,3.0,0.9267363380325098,dual_cluster
10,0.625,0.4,3.0,0.28395299597338897,dual_cluster
10,0.65,0.4,3.0,0.8692144156016781,dual_cluster
10,0.675,0.4,3.0,0.7210981346158023,dual_cluster
10,0.7,0.4,3.0,0.8475344315153946,dual_cluster
10,0.725,0.4,3.0,0.3168197954775281,dual_cluster
10,0.75,0.4,3.0,0.9579017496081481,absorbed
10,0.7749999999999999,0.4,3.0,0.95852015963232,absorbed
10,0.8,0.4,3.0,0.4612064158405935,dual_cluster
10,0.825,0.4,3.0,0.28363536433868747,dual_cluster
10,0.85,0.4,3.0,0.3866273782458344,dual_cluster
10,0.875,0.4,3.0,0.9429652770872529,dual_cluster
10,0.8999999999999999,0.4,3.0,0.9452820401550515,dual_cluster
10,0.9249999999999999,0.4,3.0,0.49647783988800664,dual_cluster
10,0.95,0.4,3.0,0.38748726795731053,dual_cluster
10,0.975,0.4,3.0,0.7306071845177043,dual_cluster
10,1.0,0.4,3.0,0.6114446527637905,dual_cluster
10,1.025,0.4,3.0,0.7043286800102364,dual_cluster
10,1.0499999999999998,0.4,3.0,0.6286683544093041,dual_cluster
10,1.075,0.4,3.0,0.6607615691046484,dual_cluster
10,1.1,0.4,3.0,0.6796787437546312,dual_cluster
10,1.125,0.4,3.0,0.7025807619597286,dual_cluster
10,1.15,0.4,3.0,0.729243929502584,dual_cluster
10,1.1749999999999998,0.4,3.0,0.7556171324266113,dual_cluster
10,1.2,0.4,3.0,0.7784526048307211,dual_cluster
11,0.4,0.4,3.0,0.33676459707932693,takeover
11,0.42500000000000004,0.4,3.0,0.31681718890757393,takeover
11,0.45,0.4,3.0,0.6112580118249822,takeover
11,0.47500000000000003,0.4,3.0,0.6640627897499695,takeover
11,0.5,0.4,3.0,0.3070872808399811,dual_cluster
11,0.525,0.4,3.0,0.5176986337731763,dual_cluster
11,0.55,0.4,3.0,0.8116939922135182,dual_cluster
11,0.575,0.4,3.0,0.8388060582215622,dual_cluster
11,0.6,0.4,3.0,0.7956010314835934,dual_cluster
11,0.625,0.4,3.0,0.9381689745310124,absorbed
11,0.65,0.4,3.0,0.24385555760894637,dual_cluster
11,0.675,0.4,3.0,0.8766389817860145,dual_cluster
11,0.7,0.4,3.0,0.9189090335122851,dual_cluster
11,0.725,0.4,3.0,0.1754419037304211,dual_cluster
11,0.75,0.4,3.0,0.9198123475215223,dual_cluster
11,0.7749999999999999,0.4,3.0,0.8427311105427551,dual_cluster
11,0.8,0.4,3.0,0.9431598748529995,dual_cluster
11,0.825,0.4,3.0,0.7188027062803954,dual_cluster
11,0.85,0.4,3.0,0.7117948003914403,dual_cluster
11,0.875,0.4,3.0,0.9634540856123487,absorbed
11,0.8999999999999999,0.4,3.0,0.880424303666777,dual_cluster
11,0.9249999999999999,0.4,3.0,0.6604244662798066,dual_cluster
11,0.95,0.4,3.0,0.8522854865214555,dual_cluster
11,0.975,0.4,3.0,0.9614367631970969,dual_cluster
11,1.0,0.4,3.0,0.7115309216427752,dual_cluster
11,1.025,0.4,3.0,0.7021949055670696,dual_cluster
11,1.0499999999999998,0.4,3.0,0.7536798308303636,dual_cluster
11,1.075,0.4,3.0,0.6614666740853828,dual_cluster
11,1.1,0.4,3.0,0.6758015377943667,dual_cluster
11,1.125,0.4,3.0,0.69710217652665,dual_cluster
11,1.15,0.4,3.0,0.7224717616170481,dual_cluster
11,1.1749999999999998,0.4,3.0,0.7487949683510675,dual_cluster
11,1.2,0.4,3.0,0.7723591760945979,dual_cluster
12,0.4,0.4,3.0,0.4481213332807839,absorbed
12,0.42500000000000004,0.4,3.0,0.1531428802057233,takeover
12,0.45,0.4,3.0,0.7226255148045022,takeover
12,0.47500000000000003,0.4,3.0,0.3306737873928247,dual_cluster
12,0.5,0.4,3.0,0.06500312427754816,dual_cluster
12,0.525,0.4,3.0,0.13310497680575334,dual_cluster
12,0.55,0.4,3.0,0.6281738434373931,dual_cluster
12,0.575,0.4,3.0,0.7484521544872473,dual_cluster
12,0.6,0.4,3.0,0.8671914070595095,dual_cluster
12,0.625,0.4,3.0,0.8526495800062012,dual_cluster
12,0.65,0.4,3.0,0.8868052271135711,dual_cluster
12,0.675,0.4,3.0,0.6120147006172157,dual_cluster
12,0.7,0.4,3.0,0.32641720654713335,dual_cluster
12,0.725,0.4,3.0,0.547333312290591,dual_cluster
12,0.75,0.4,3.0,0.9593382073385884,absorbed
12,0.7749999999999999,0.4,3.0,0.831050934210961,dual_cluster
12,0.8,0.4,3.0,0.9609670348325243,absorbed
12,0.825,0.4,3.0,0.614476360319097,dual_cluster
12,0.85,0.4,3.0,0.6014867610363454,dual_cluster
12,0.875,0.4,3.0,0.9417243694028526,dual_cluster
12,0.8999999999999999,0.4,3.0,0.8557743888154559,dual_cluster
12,0.9249999999999999,0.4,3.0,0.2002876919779269,dual_cluster
12,0.95,0.4,3.0,0.9694340589394721,absorbed
12,0.975,0.4,3.0,0.5616819509532832,dual_cluster
12,1.0,0.4,3.0,0.47166552139583323,dual_cluster
12,1.025,0.4,3.0,0.551390414452367,dual_cluster
12,1.0499999999999998,0.4,3.0,0.6545560275221869,dual_cluster
12,1.075,0.4,3.0,0.6734200714439392,dual_cluster
12,1.1,0.4,3.0,0.700344731071466,dual_cluster
12,1.125,0.4,3.0,0.7314887558933169,dual_cluster
12,1.15,0.4,3.0,0.760222638511581,dual_cluster
12,1.1749999999999998,0.4,3.0,0.7836540462250999,dual_cluster
12,1.2,0.4,3.0,0.8025667581883574,dual_cluster
13,0.4,0.4,3.0,0.16459979542045408,takeover
13,0.42500000000000004,0.4,3.0,0.6593966020590482,dual_cluster
13,0.45,0.4,3.0,0.7384603833883289,takeover
13,0.47500000000000003,0.4,3.0,0.5886740381087308,dual_cluster
13,0.5,0.4,3.0,0.10042073991166187,dual_cluster
13,0.525,0.4,3.0,0.3025366375854813,dual_cluster
13,0.55,0.4,3.0,0.2002747975003819,dual_cluster
13,0.575,0.4,3.0,0.7791697431598417,dual_cluster
13,0.6,0.4,3.0,0.1423257190002775,dual_cluster
13,0.625,0.4,3.0,0.6160719656221704,dual_cluster
13,0.65,0.4,3.0,0.22476395404503402,dual_cluster
13,0.675,0.4,3.0,0.6819261793941281,dual_cluster
13,0.7,0.4,3.0,0.15855417191121982,dual_cluster
13,0.725,0.4,3.0,0.16724924387853324,dual_cluster
13,0.75,0.4,3.0,0.6218846485223838,dual_cluster
13,0.7749999999999999,0.4,3.0,0.32219723155087704,dual_cluster
13,0.8,0.4,3.0,0.2695363805036845,dual_cluster
13,0.825,0.4,3.0,0.6742151534922286,dual_cluster
13,0.85,0.4,3.0,0.45108722742746665,dual_cluster
13,0.875,0.4,3.0,0.6938455215667481,dual_cluster
13,0.8999999999999999,0.4,3.0,0.32463676414799364,dual_cluster
13,0.9249999999999999,0.4,3.0,0.5434561837387996,dual_cluster
13,0.95,0.4,3.0,0.9726221611782968,absorbed
13,0.975,0.4,3.0,0.3759616248718804,dual_cluster
13,1.0,0.4,3.0,0.6842614443411371,dual_cluster
13,1.025,0.4,3.0,0.5714730658691082,dual_cluster
13,1.0499999999999998,0.4,3.0,0.6557883898748168,dual_cluster
13,1.075,0.4,3.0,0.6751465483548263,dual_cluster
13,1.1,0.4,3.0,0.6993709315494704,dual_cluster
13,1.125,0.4,3.0,0.728033012683367,dual_cluster
13,1.15,0.4,3.0,0.7560542499980443,dual_cluster
13,1.1749999999999998,0.4,3.0,0.7797603182352666,dual_cluster
13,1.2,0.4,3.0,0.7991319920453993,dual_cluster
14,0.4,0.4,3.0,0.295986855453254,takeover
14,0.42500000000000004,0.4,3.0,0.707125399741538,takeover
14,0.45,0.4,3.0,0.2769750175600157,takeover
14,0.47500000000000003,0.4,3.0,0.17344599951166395,takeover
14,0.5,0.4,3.0,0.43033699485308935,takeover
14,0.525,0.4,3.0,0.16131708227785832,dual_cluster
14,0.55,0.4,3.0,0.5696065187559491,dual_cluster
14,0.575,0.4,3.0,0.7388083682351135,dual_cluster
14,0.6,0.4,3.0,0.8746119948522658,dual_cluster
14,0.625,0.4,3.0,0.8662870507189165,dual_cluster
14,0.65,0.4,3.0,0.8624423422148925,dual_cluster
14,0.675,0.4,3.0,0.5680426274405868,dual_cluster
14,0.7,0.4,3.0,0.14907095817970206,dual_cluster
14,0.725,0.4,3.0,0.2632883957238852,dual_cluster
14,0.75,0.4,3.0,0.7726426771757057,dual_cluster
14,0.7749999999999999,0.4,3.0,0.3803036299594059,dual_cluster
14,0.8,0.4,3.0,0.42512668805106923,dual_cluster
14,0.825,0.4,3.0,0.8382082077072311,dual_cluster
14,0.85,0.4,3.0,0.625018243952343,dual_cluster
14,0.875,0.4,3.0,0.7635783658598662,dual_cluster
14,0.8999999999999999,0.4,3.0,0.2510316732513748,dual_cluster
14,0.9249999999999999,0.4,3.0,0.29517504204794576,dual_cluster
14,0.95,0.4,3.0,0.7869959080662186,dual_cluster
14,0.975,0.4,3.0,0.7386861758515976,dual_cluster
14,1.0,0.4,3.0,0.9411376282263366,dual_cluster
14,1.025,0.4,3.0,0.8421760314138778,dual_cluster
14,1.0499999999999998,0.4,3.0,0.670930556798522,dual_cluster
14,1.075,0.4,3.0,0.6561304881432971,dual_cluster
14,1.1,0.4,3.0,0.667011905943539,dual_cluster
14,1.125,0.4,3.0,0.6864610329404893,dual_cluster
14,1.15,0.4,3.0,0.7103062986712225,dual_cluster
14,1.1749999999999998,0.4,3.0,0.7367980667398515,dual_cluster
14,1.2,0.4,3.0,0.7618439182557191,dual_cluster
15,0.4,0.4,3.0,0.344675740950511,takeover
15,0.42500000000000004,0.4,3.0,0.09362864001890223,takeover
15,0.45,0.4,3.0,0.27599415034238767,takeover
15,0.47500000000000003,0.4,3.0,0.1215239458386849,takeover
15,0.5,0.4,3.0,0.4764368439009304,dual_cluster
15,0.525,0.4,3.0,0.881285696866069,absorbed
15,0.55,0.4,3.0,0.6664593568946845,dual_cluster
15,0.575,0.4,3.0,0.4852962321523006,dual_cluster
15,0.6,0.4,3.0,0.644007779546426,dual_cluster
15,0.625,0.4,3.0,0.9397763950552793,absorbed
15,0.65,0.4,3.0,0.5797371112909473,dual_cluster
15,0.675,0.4,3.0,0.3593780497397165,dual_cluster
15,0.7,0.4,3.0,0.5934540109138611,dual_cluster
15,0.725,0.4,3.0,0.9566516862437257,absorbed
15,0.75,0.4,3.0,0.8082534698954466,dual_cluster
15,0.7749999999999999,0.4,3.0,0.8829849969876105,dual_cluster
15,0.8,0.4,3.0,0.16861173352644798,dual_cluster
15,0.825,0.4,3.0,0.8928594043062797,dual_cluster
15,0.85,0.4,3.0,0.1838383126257924,dual_cluster
15,0.875,0.4,3.0,0.8873148711272211,dual_cluster
15,0.8999999999999999,0.4,3.0,0.9112777378735726,dual_cluster
15,0.9249999999999999,0.4,3.0,0.4752552920606194,dual_cluster
15,0.95,0.4,3.0,0.409290146222241,dual_cluster
15,0.975,0.4,3.0,0.7609523249429331,dual_cluster
15,1.0,0.4,3.0,0.6682294505539359,dual_cluster
15,1.025,0.4,3.0,0.7690330169731638,dual_cluster
15,1.0499999999999998,0.4,3.0,0.5778996858188542,dual_cluster
15,1.075,0.4,3.0,0.659548132333753,dual_cluster
15,1.1,0.4,3.0,0.6789029742706478,dual_cluster
15,1.125,0.4,3.0,0.7021818948017368,dual_cluster
15,1.15,0.4,3.0,0.7292430402758112,dual_cluster
15,1.1749999999999998,0.4,3.0,0.7558294636551505,dual_cluster
15,1.2,0.4,3.0,0.7787134444309328,dual_cluster
16,0.4,0.4,3.0,0.5639315568495333,takeover
16,0.42500000000000004,0.4,3.0,0.07893786436535553,takeover
16,0.45,0.4,3.0,0.7850604571962609,absorbed
16,0.47500000000000003,0.4,3.0,0.7197077180551436,dual_cluster
16,0.5,0.4,3.0,0.6781408574315695,dual_cluster
16,0.525,0.4,3.0,0.8542118261087814,dual_cluster
16,0.55,0.4,3.0,0.42980794939623584,dual_cluster
16,0.575,0.4,3.0,0.8498570799587422,dual_cluster
16,0.6,0.4,3.0,0.6885669238620135,dual_cluster
16,0.625,0.4,3.0,0.7940023891620677,dual_cluster
16,0.65,0.4,3.0,0.7883846656865229,dual_cluster
16,0.675,0.4,3.0,0.7986343744447775,dual_cluster
16,0.7,0.4,3.0,0.7400172428536349,dual_cluster
16,0.725,0.4,3.0,0.9494964962706643,dual_cluster
16,0.75,0.4,3.0,0.5726020513690674,dual_cluster
16,0.7749999999999999,0.4,3.0,0.4896638274457593,dual_cluster
16,0.8,0.4,3.0,0.8069586186357537,dual_cluster
16,0.825,0.4,3.0,0.5265344226172589,dual_cluster
16,0.85,0.4,3.0,0.6550087350402382,dual_cluster
16,0.875,0.4,3.0,0.5839379292481942,dual_cluster
16,0.8999999999999999,0.4,3.0,0.2706415721460201,dual_cluster
16,0.9249999999999999,0.4,3.0,0.7413229952899003,dual_cluster
16,0.95,0.4,3.0,0.7437218835404331,dual_cluster
16,0.975,0.4,3.0,0.3536184973689793,dual_cluster
16,1.0,0.4,3.0,0.76924232298014,dual_cluster
16,1.025,0.4,3.0,0.578841958253397,dual_cluster
16,1.0499999999999998,0.4,3.0,0.6572419861539593,dual_cluster
16,1.075,0.4,3.0,0.6790755734250961,dual_cluster
16,1.1,0.4,3.0,0.7074431097026948,dual_cluster
16,1.125,0.4,3.0,0.7387837882675881,dual_cluster
16,1.15,0.4,3.0,0.7664963057683088,dual_cluster
16,1.1749999999999998,0.4,3.0,0.7888579517170189,dual_cluster
16,1.2,0.4,3.0,0.8069520340786175,dual_cluster
17,0.4,0.4,3.0,0.2728824219465848,takeover
17,0.42500000000000004,0.4,3.0,0.5423421997153872,takeover
17,0.45,0.4,3.0,0.8435874277081449,dual_cluster
17,0.47500000000000003,0.4,3.0,0.13696996014027077,takeover
17,0.5,0.4,3.0,0.8448297113073278,dual_cluster
17,0.525,0.4,3.0,0.6117908068206394,dual_cluster
17,0.55,0.4,3.0,0.5687724742461543,dual_cluster
17,0.575,0.4,3.0,0.8053049418325567,dual_cluster
17,0.6,0.4,3.0,0.4939437726877123,dual_cluster
17,0.625,0.4,3.0,0.8886154425063578,dual_cluster
17,0.65,0.4,3.0,0.8288850169874746,dual_cluster
17,0.675,0.4,3.0,0.9486376415271237,absorbed
17,0.7,0.4,3.0,0.46471652450492246,dual_cluster
17,0.725,0.4,3.0,0.19305199959201058,dual_cluster
17,0.75,0.4,3.0,0.2945853443981048,dual_cluster
17,0.7749999999999999,0.4,3.0,0.8504824961498305,dual_cluster
17,0.8,0.4,3.0,0.6836164785045317,dual_cluster
17,0.825,0.4,3.0,0.8479227833731338,dual_cluster
17,0.85,0.4,3.0,0.4481337706571894,dual_cluster
17,0.875,0.4,3.0,0.47365120205401207,dual_cluster
17,0.8999999999999999,0.4,3.0,0.8776105736519434,dual_cluster
17,0.9249999999999999,0.4,3.0,0.8221713770800698,dual_cluster
17,0.95,0.4,3.0,0.2336190257659851,dual_cluster
17,0.975,0.4,3.0,0.9201083953968396,dual_cluster
17,1.0,0.4,3.0,0.5682699131014227,dual_cluster
17,1.025,0.4,3.0,0.7036186713013245,dual_cluster
17,1.0499999999999998,0.4,3.0,0.6558230715955566,dual_cluster
17,1.075,0.4,3.0,0.6654942570026736,dual_cluster
17,1.1,0.4,3.0,0.6877261002217443,dual_cluster
17,1.125,0.4,3.0,0.7152884155049647,dual_cluster
17,1.15,0.4,3.0,0.7444141923583829,dual_cluster
17,1.1749999999999998,0.4,3.0,0.7700258739982754,dual_cluster
17,1.2,0.4,3.0,0.7910117261932543,dual_cluster
18,0.4,0.4,3.0,0.5428999751689563,takeover
18,0.42500000000000004,0.4,3.0,0.44339860179277457,takeover
18,0.45,0.4,3.0,0.29890291760378007,takeover
18,0.47500000000000003,0.4,3.0,0.36752742839860925,takeover
18,0.5,0.4,3.0,0.6442138608229502,takeover
18,0.525,0.4,3.0,0.7708678603869128,takeover
18,0.55,0.4,3.0,0.655826657481275,dual_cluster
18,0.575,0.4,3.0,0.3645534563687927,dual_cluster
18,0.6,0.4,3.0,0.45996142259734,dual_cluster
18,0.625,0.4,3.0,0.831437433839245,dual_cluster
18,0.65,0.4,3.0,0.15938677325157155,dual_cluster
18,0.675,0.4,3.0,0.6437712399705773,dual_cluster
18,0.7,0.4,3.0,0.2513963153793706,dual_cluster
18,0.725,0.4,3.0,0.6829087165988144,dual_cluster
18,0.75,0.4,3.0,0.23629702759781546,dual_cluster
18,0.7749999999999999,0.4,3.0,0.32596364023002167,dual_cluster
18,0.8,0.4,3.0,0.8043440219712064,dual_cluster
18,0.825,0.4,3.0,0.5737304528188859,dual_cluster
18,0.85,0.4,3.0,0.7174432015601312,dual_cluster
18,0.875,0.4,3.0,0.20560569750346705,dual_cluster
18,0.8999999999999999,0.4,3.0,0.22082562364583297,dual_cluster
18,0.9249999999999999,0.4,3.0,0.7026886352497743,dual_cluster
18,0.95,0.4,3.0,0.6332059416061503,dual_cluster
18,0.975,0.4,3.0,0.8892617808822237,dual_cluster
18,1.0,0.4,3.0,0.7751536973381862,dual_cluster
18,1.025,0.4,3.0,0.8346876024529872,dual_cluster
18,1.0499999999999998,0.4,3.0,0.6553833132074628,dual_cluster
18,1.075,0.4,3.0,0.6562526025982737,dual_cluster
18,1.1,0.4,3.0,0.6747520162120749,dual_cluster
18,1.125,0.4,3.0,0.6978785153985856,dual_cluster
18,1.15,0.4,3.0,0.7252230462210669,dual_cluster
18,1.1749999999999998,0.4,3.0,0.7525082978916232,dual_cluster
18,1.2,0.4,3.0,0.7760599759500922,dual_cluster
19,0.4,0.4,3.0,0.22108210536244075,takeover
19,0.42500000000000004,0.4,3.0,0.5287693923226262,takeover
19,0.45,0.4,3.0,0.8252194850775539,absorbed
19,0.47500000000000003,0.4,3.0,0.069129576201981,dual_cluster
19,0.5,0.4,3.0,0.8858309803571024,absorbed
19,0.525,0.4,3.0,0.8405101218462214,dual_cluster
19,0.55,0.4,3.0,0.8799014855114915,dual_cluster
19,0.575,0.4,3.0,0.7519704805010334,dual_cluster
19,0.6,0.4,3.0,0.6294323487732812,dual_cluster
19,0.625,0.4,3.0,0.1717821090941519,dual_cluster
19,0.65,0.4,3.0,0.17415700420450295,dual_cluster
19,0.675,0.4,3.0,0.6420092866109307,dual_cluster
19,0.7,0.4,3.0,0.6064651901939853,dual_cluster
19,0.725,0.4,3.0,0.9523032959883992,absorbed
19,0.75,0.4,3.0,0.32852802372082224,dual_cluster
19,0.7749999999999999,0.4,3.0,0.7920768266134237,dual_cluster
19,0.8,0.4,3.0,0.6932786538563214,dual_cluster
19,0.825,0.4,3.0,0.9194030489950545,dual_cluster
19,0.85,0.4,3.0,0.6497101379143774,dual_cluster
19,0.875,0.4,3.0,0.7305065820831663,dual_cluster
19,0.8999999999999999,0.4,3.0,0.17069396815929844,dual_cluster
19,0.9249999999999999,0.4,3.0,0.19421224889164326,dual_cluster
19,0.95,0.4,3.0,0.7425772023371802,dual_cluster
19,0.975,0.4,3.0,0.7018872912715589,dual_cluster
19,1.0,0.4,3.0,0.8592970158004397,dual_cluster
19,1.025,0.4,3.0,0.6881494221940136,dual_cluster
19,1.0499999999999998,0.4,3.0,0.657032356725546,dual_cluster
19,1.075,0.4,3.0,0.6713049654802096,dual_cluster
19,1.1,0.4,3.0,0.694256752239848,dual_cluster
19,1.125,0.4,3.0,0.7220252705060181,dual_cluster
19,1.15,0.4,3.0,0.7503229295823265,dual_cluster
19,1.1749999999999998,0.4,3.0,0.7748237277480622,dual_cluster
19,1.2,0.4,3.0,0.7949335172955067,dual_cluster
