replication,N,dt,omega_std,K,seed,actual_seed,R_mean,R_std,cluster_mean,cluster_std,dominant_cluster,dominant_fraction,switching_rate,memory_score,reorganization_score
baseline_shifted_seeds,400,0.03,0.4,0.4,0,1000,0.14858701054310147,0.06625852034390647,0.0755,0.27531754393790453,0,0.9275,0.0535,0.521,0.0010678879435096693
baseline_shifted_seeds,400,0.03,0.4,0.4,1,1001,0.12212321609018137,0.03742897628563599,0.0745,0.2644801504839257,0,0.926,0.043,0.3975,0.0008415758584113821
baseline_shifted_seeds,400,0.03,0.4,0.4,2,1002,0.11018714885780122,0.05194019928809795,0.064,0.25279240494919936,0,0.938,0.044,0.4935,0.0006896176963745455
baseline_shifted_seeds,400,0.03,0.4,0.4,3,1003,0.06879274097788574,0.031656216466515605,0.041,0.20813216954618047,0,0.961,0.0275,0.7,0.00022322175995543334
baseline_shifted_seeds,400,0.03,0.4,0.4,4,1004,0.12576897937965661,0.0421409395890318,0.075,0.26716100014785094,0,0.926,0.045,0.3705,0.000889646150262257
baseline_shifted_seeds,400,0.03,0.4,0.4,5,1005,0.08652838629977118,0.05557074285877033,0.0545,0.24398719228680832,0,0.9495,0.0405,0.8195,0.0004990148173459479
baseline_shifted_seeds,400,0.03,0.4,0.4,6,1006,0.07681964385068389,0.03383651024623707,0.0255,0.15763803475050048,0,0.9745,0.023,0.8585,9.24547114009383e-05
baseline_shifted_seeds,400,0.03,0.4,0.4,7,1007,0.100183315730477,0.056267081099079484,0.082,0.2868379333351849,0,0.9215,0.0485,0.528,0.0010920637442071608
baseline_shifted_seeds,400,0.03,0.4,0.4,8,1008,0.1046156226421914,0.056968227981658036,0.052,0.2308592644881292,0,0.95,0.033,0.5815,0.0003809177979483768
baseline_shifted_seeds,400,0.03,0.4,0.4,9,1009,0.10041545874362208,0.039856633182898005,0.051,0.21999772726098782,0,0.949,0.032,0.5755,0.0003590363021098165
baseline_shifted_seeds,400,0.03,0.4,0.425,0,1000,0.1643019533967812,0.06623707309571557,0.1475,0.3629652187193699,0,0.8555,0.0735,0.128,0.0038549628991622203
baseline_shifted_seeds,400,0.03,0.4,0.425,1,1001,0.1347644613962795,0.045470198858240614,0.0615,0.24024518725668578,0,0.9385,0.035,0.4705,0.0005171277803450952
baseline_shifted_seeds,400,0.03,0.4,0.425,2,1002,0.12579611980793648,0.05822064707049336,0.083,0.29001896489712536,0,0.921,0.047,0.437,0.001076840439574524
baseline_shifted_seeds,400,0.03,0.4,0.425,3,1003,0.07167319011031506,0.0341545258981763,0.0265,0.16672657256718257,0,0.9745,0.02,0.837,8.503055626079061e-05
baseline_shifted_seeds,400,0.03,0.4,0.425,4,1004,0.1513929102239589,0.05565381959374182,0.11,0.33151168908501555,0,0.8955,0.062,0.328,0.002147864268224788
baseline_shifted_seeds,400,0.03,0.4,0.425,5,1005,0.10148292693212657,0.06182408047143396,0.0535,0.23159825128873487,0,0.948,0.0355,0.513,0.00042753038392211396
baseline_shifted_seeds,400,0.03,0.4,0.425,6,1006,0.08958431458540436,0.04156929529874676,0.0525,0.2318269828988852,0,0.9495,0.0385,0.4125,0.0004507296232084201
baseline_shifted_seeds,400,0.03,0.4,0.425,7,1007,0.10354323324505206,0.06282352659252621,0.0585,0.23890950169467937,0,0.9425,0.0395,0.7035,0.0005426232194613368
baseline_shifted_seeds,400,0.03,0.4,0.425,8,1008,0.12334392387663497,0.06577330753723958,0.0645,0.2708131274513848,0,0.942,0.037,0.615,0.0005811649872178337
baseline_shifted_seeds,400,0.03,0.4,0.425,9,1009,0.10355267681132294,0.04189544753726216,0.0505,0.21897431356211622,0,0.9495,0.032,0.6105,0.00035386250177458253
baseline_shifted_seeds,400,0.03,0.4,0.45,0,1000,0.16417549776990123,0.07566755782000395,0.1365,0.4010832207908977,0,0.8805,0.067,0.379,0.0032112728551917692
baseline_shifted_seeds,400,0.03,0.4,0.45,1,1001,0.14509727423125832,0.05259189514210309,0.088,0.2970791140420343,0,0.916,0.0465,0.37,0.001160391044402831
baseline_shifted_seeds,400,0.03,0.4,0.45,2,1002,0.15262901013991,0.08467334120493014,0.1215,0.3431293487884708,0,0.884,0.0695,0.305,0.0027663088497356563
baseline_shifted_seeds,400,0.03,0.4,0.45,3,1003,0.07351509761822649,0.035812791272305265,0.0285,0.16639636414297038,0,0.9715,0.024,0.777,0.00011381511781608799
baseline_shifted_seeds,400,0.03,0.4,0.45,4,1004,0.1698714052273143,0.07787413788692867,0.171,0.4251576178313167,0,0.8475,0.087,0.246,0.00564077875941353
baseline_shifted_seeds,400,0.03,0.4,0.45,5,1005,0.11338735821223299,0.06566308224301139,0.0675,0.2567951518233941,0,0.934,0.0505,0.469,0.0008558982579758518
baseline_shifted_seeds,400,0.03,0.4,0.45,6,1006,0.10939977364956087,0.04285082520203297,0.0515,0.22101527096560544,0,0.9485,0.037,0.4945,0.00042114461020724756
baseline_shifted_seeds,400,0.03,0.4,0.45,7,1007,0.1011988144802987,0.06516968960112296,0.08,0.2803569153775238,0,0.9225,0.045,0.5935,0.0009777447641067753
baseline_shifted_seeds,400,0.03,0.4,0.45,8,1008,0.1366238200459275,0.0702180081185693,0.0725,0.2867817114113102,0,0.935,0.0455,0.533,0.0008481569301397605
baseline_shifted_seeds,400,0.03,0.4,0.45,9,1009,0.09238301051853179,0.04252877453435095,0.064,0.25476263462289755,0,0.9385,0.0435,0.5915,0.0006815537539428087
baseline_shifted_seeds,400,0.03,0.4,0.475,0,1000,0.18896554328913684,0.06327686169056503,0.1705,0.4212241089966243,0,0.8465,0.084,0.1395,0.005431263726060374
baseline_shifted_seeds,400,0.03,0.4,0.475,1,1001,0.14754953921131045,0.055187952033580824,0.0995,0.32031195731661344,0,0.907,0.057,0.3355,0.0016979737155243793
baseline_shifted_seeds,400,0.03,0.4,0.475,2,1002,0.15918253510133856,0.07690844270933196,0.133,0.36920319608584107,0,0.8775,0.063,0.632,0.0028493257110198712
baseline_shifted_seeds,400,0.03,0.4,0.475,3,1003,0.08091274330376359,0.035491883171020464,0.0485,0.21942595562056916,0,0.9525,0.0375,0.556,0.0003908524938718716
baseline_shifted_seeds,400,0.03,0.4,0.475,4,1004,0.16290765522455566,0.09714146884975808,0.1625,0.4371427112511428,0,0.86,0.0815,0.3075,0.00498779839657552
baseline_shifted_seeds,400,0.03,0.4,0.475,5,1005,0.12111217947004357,0.06578951721705475,0.0925,0.2948622559772614,0,0.909,0.0515,0.368,0.0013818719894699003
baseline_shifted_seeds,400,0.03,0.4,0.475,6,1006,0.16231679705701407,0.05189650310909394,0.148,0.37026477013078085,0,0.8575,0.084,0.1975,0.004432069351228175
baseline_shifted_seeds,400,0.03,0.4,0.475,7,1007,0.11989989693978569,0.07529764434793747,0.102,0.33999411759617254,0,0.9095,0.057,0.604,0.0017538596863893243
baseline_shifted_seeds,400,0.03,0.4,0.475,8,1008,0.15270640941829708,0.05548805695808149,0.092,0.31390444405901613,0,0.915,0.0575,0.472,0.0015342079970203186
baseline_shifted_seeds,400,0.03,0.4,0.475,9,1009,0.08189675790959051,0.05157334282842845,0.041,0.22653697269982223,0,0.9645,0.0225,0.77,0.00018094641498604542
baseline_shifted_seeds,400,0.03,0.4,0.5,0,1000,0.20961054693864226,0.055507552345393465,0.21,0.46141087980237316,0,0.8125,0.1095,0.1875,0.009473342212457015
baseline_shifted_seeds,400,0.03,0.4,0.5,1,1001,0.13905670596018524,0.08002631391055526,0.128,0.4044947465666272,0,0.8955,0.0595,0.613,0.002515047252734348
baseline_shifted_seeds,400,0.03,0.4,0.5,2,1002,0.2534292156387033,0.08089584188999306,0.4345,0.703356062034017,0,0.669,0.1775,0.1475,0.041323927267464436
baseline_shifted_seeds,400,0.03,0.4,0.5,3,1003,0.11918151807330542,0.05374419045249912,0.0445,0.21099703789390029,0,0.9565,0.032,0.5915,0.0002937078859266802
baseline_shifted_seeds,400,0.03,0.4,0.5,4,1004,0.18064724137343774,0.09385625756727474,0.187,0.43362541438435087,0,0.8305,0.0895,0.158,0.0065782060160637056
baseline_shifted_seeds,400,0.03,0.4,0.5,5,1005,0.1344195071462508,0.05731053683517133,0.1,0.31464265445104544,0,0.9045,0.0665,0.3375,0.001998216867803351
baseline_shifted_seeds,400,0.03,0.4,0.5,6,1006,0.2148417111388073,0.052219218796396856,0.2475,0.5120974028444198,0,0.787,0.122,0.246,0.013307363219391839
baseline_shifted_seeds,400,0.03,0.4,0.5,7,1007,0.13779812323992638,0.07178946282578104,0.1325,0.3754247594392251,0,0.8805,0.0725,0.3425,0.0032525863044548463
baseline_shifted_seeds,400,0.03,0.4,0.5,8,1008,0.2134587009284744,0.05434297390002892,0.1405,0.37116000592736276,0,0.8675,0.0865,0.293,0.0042539576671136855
baseline_shifted_seeds,400,0.03,0.4,0.5,9,1009,0.1781229141893167,0.06390891339927048,0.182,0.4887494245520909,0,0.856,0.091,0.401,0.006404572529710517
baseline_shifted_seeds,400,0.03,0.4,0.525,0,1000,0.24817464545597004,0.0539839681540536,0.3645,0.6313792441948025,0,0.709,0.153,0.0995,0.028110898273016556
baseline_shifted_seeds,400,0.03,0.4,0.525,1,1001,0.21424198609198147,0.07029011729136594,0.2305,0.4768330420597969,0,0.792,0.1345,0.0995,0.013339881283846148
baseline_shifted_seeds,400,0.03,0.4,0.525,2,1002,0.31190099501431146,0.07318507920125608,0.7245,1.014691948327176,0,0.552,0.228,0.0995,0.10364469482451304
baseline_shifted_seeds,400,0.03,0.4,0.525,3,1003,0.13651275377675087,0.04825248848507667,0.0845,0.2887208859781363,0,0.9185,0.0505,0.2455,0.001188303009995267
baseline_shifted_seeds,400,0.03,0.4,0.525,4,1004,0.19678119468778335,0.07855252654236662,0.21,0.47000000000000003,0,0.817,0.0955,0.0995,0.008213955086010003
baseline_shifted_seeds,400,0.03,0.4,0.525,5,1005,0.17526337800382322,0.07180980720887946,0.156,0.38296736153359073,0,0.8515,0.088,0.228,0.005004617537391616
baseline_shifted_seeds,400,0.03,0.4,0.525,6,1006,0.23932259146362003,0.045773846101836366,0.305,0.5495225200116917,0,0.733,0.138,0.0995,0.020247706919073308
baseline_shifted_seeds,400,0.03,0.4,0.525,7,1007,0.15500952114520994,0.07413859357318825,0.134,0.371542729709518,0,0.8765,0.068,0.2445,0.003120215889986061
baseline_shifted_seeds,400,0.03,0.4,0.525,8,1008,0.2614818875949723,0.090955951748884,0.4585,0.7295736768826026,0,0.6615,0.185,0.174,0.04568772782754147
baseline_shifted_seeds,400,0.03,0.4,0.525,9,1009,0.23978785909202588,0.0967332130043036,0.434,0.7613435492601222,0,0.696,0.169,0.13,0.03911478641823648
baseline_shifted_seeds,400,0.03,0.4,0.55,0,1000,0.32193238809043473,0.07558490767886714,1.0555,1.163795407277413,0,0.4135,0.288,0.0995,0.1965790105166084
baseline_shifted_seeds,400,0.03,0.4,0.55,1,1001,0.26393257271787657,0.07250141019059951,0.555,0.8677413209015692,0,0.625,0.206,0.0995,0.06703301736504921
baseline_shifted_seeds,400,0.03,0.4,0.55,2,1002,0.37493742686082154,0.08312227372068154,1.716,1.4150420488451925,1,0.2765,0.3695,0.0995,0.378287790828227
baseline_shifted_seeds,400,0.03,0.4,0.55,3,1003,0.21893137768088197,0.11494124913583569,0.537,0.9917817300192618,0,0.7025,0.1405,0.241,0.04145523688269769
baseline_shifted_seeds,400,0.03,0.4,0.55,4,1004,0.22875115272498528,0.05955691056342998,0.2305,0.47473123975571696,0,0.793,0.13,0.0995,0.012775017760095708
baseline_shifted_seeds,400,0.03,0.4,0.55,5,1005,0.16914063024229034,0.10845059876268776,0.2505,0.5354901959886849,0,0.7945,0.1225,0.292,0.013480296431313392
baseline_shifted_seeds,400,0.03,0.4,0.55,6,1006,0.2839639946164186,0.08083387966915331,0.6495,0.9755253712743713,0,0.575,0.2275,0.0995,0.09432110974968907
baseline_shifted_seeds,400,0.03,0.4,0.55,7,1007,0.2175262755841278,0.11859272919335459,0.423,0.8361046585206903,0,0.743,0.144,0.208,0.0309425614174126
baseline_shifted_seeds,400,0.03,0.4,0.55,8,1008,0.25965771683716954,0.08082783765726516,0.497,0.7956073152001557,0,0.644,0.1915,0.0995,0.05423973338969161
baseline_shifted_seeds,400,0.03,0.4,0.55,9,1009,0.2624390445886799,0.08899651190117386,0.5805,0.8896739571326117,0,0.62,0.228,0.0995,0.07708135198404557
baseline_shifted_seeds,400,0.03,0.4,0.575,0,1000,0.3892037149068685,0.08242806089062606,1.9895,1.6686490793453248,0,0.2345,0.402,0.0995,0.5134950511133671
baseline_shifted_seeds,400,0.03,0.4,0.575,1,1001,0.2870898296397024,0.10992259175058787,1.0645,1.3965456490927892,0,0.4615,0.254,0.0995,0.19101811808930247
baseline_shifted_seeds,400,0.03,0.4,0.575,2,1002,0.42768903522786333,0.07590019942201778,2.546,1.8854400016972166,1,0.2345,0.4355,0.0995,0.6285590333691143
baseline_shifted_seeds,400,0.03,0.4,0.575,3,1003,0.29210467170669996,0.13106989894307158,1.023,1.4844093101297904,0,0.5385,0.242,0.2935,0.16578328566828027
baseline_shifted_seeds,400,0.03,0.4,0.575,4,1004,0.2646232921233217,0.05732193061931658,0.4485,0.6598088738415087,0,0.6405,0.2035,0.0995,0.048270462781916844
baseline_shifted_seeds,400,0.03,0.4,0.575,5,1005,0.19536013198514887,0.1379254163682585,0.6685,1.3793504812048316,0,0.7325,0.1655,0.279,0.061065570360015656
baseline_shifted_seeds,400,0.03,0.4,0.575,6,1006,0.3380330357779411,0.10044701951760825,1.431,1.4602188192185444,0,0.3665,0.3395,0.0995,0.31405400808554346
baseline_shifted_seeds,400,0.03,0.4,0.575,7,1007,0.25367169266738143,0.08726824280755317,0.605,0.8774821935515272,0,0.6005,0.198,0.2055,0.06940971934267348
baseline_shifted_seeds,400,0.03,0.4,0.575,8,1008,0.27408333841271654,0.11338626641821573,0.7455,0.9806782092001434,0,0.536,0.227,0.0995,0.1032928748736674
baseline_shifted_seeds,400,0.03,0.4,0.575,9,1009,0.31982855755190587,0.10819825915126048,1.214,1.3405983738614635,0,0.415,0.301,0.1405,0.23605926544564584
baseline_shifted_seeds,400,0.03,0.4,0.6,0,1000,0.4318560130704382,0.07961718040637941,2.9505,2.103104788164394,1,0.1995,0.4305,0.0995,0.7247619840330051
baseline_shifted_seeds,400,0.03,0.4,0.6,1,1001,0.38932136719782306,0.10335697543179784,2.3905,2.1201438040849965,0,0.263,0.384,0.0995,0.6000176592690327
baseline_shifted_seeds,400,0.03,0.4,0.6,2,1002,0.4432946136449163,0.06321749687908082,3.446,1.8617421948272,4,0.216,0.44,0.0995,0.6422265889871969
baseline_shifted_seeds,400,0.03,0.4,0.6,3,1003,0.3752362590038823,0.09189887938842137,2.1445,1.8228054613699183,1,0.271,0.3835,0.0995,0.5096044583722054
baseline_shifted_seeds,400,0.03,0.4,0.6,4,1004,0.33481109157668215,0.12562609073109782,1.875,1.8437394067492292,0,0.352,0.3465,0.105,0.41397849767096107
baseline_shifted_seeds,400,0.03,0.4,0.6,5,1005,0.2744434704179208,0.11408649850541695,0.9385,1.2616329696072466,0,0.538,0.2525,0.159,0.14717579465240777
baseline_shifted_seeds,400,0.03,0.4,0.6,6,1006,0.40069704951174334,0.07892629780031693,2.57,1.7762601160866052,2,0.2085,0.477,0.0995,0.6706190150638852
baseline_shifted_seeds,400,0.03,0.4,0.6,7,1007,0.29318122164707333,0.11449331658581723,1.068,1.4749155908051146,0,0.501,0.257,0.163,0.1891476008476032
baseline_shifted_seeds,400,0.03,0.4,0.6,8,1008,0.33793171838752367,0.1415389251960206,2.0165,1.8224235923626537,0,0.2925,0.331,0.0995,0.4267797142078319
baseline_shifted_seeds,400,0.03,0.4,0.6,9,1009,0.3340991486043392,0.0990048399779215,1.7055,1.6975776123641595,0,0.3045,0.345,0.0995,0.4073295053234144
baseline_shifted_seeds,400,0.03,0.4,0.625,0,1000,0.45835008640813646,0.0418407476606689,4.3515,1.5956026291028729,5,0.2415,0.4485,0.0995,0.5428036716975408
baseline_shifted_seeds,400,0.03,0.4,0.625,1,1001,0.44066730253171194,0.13067118791229795,3.65,2.1928292227166257,5,0.194,0.3935,0.0995,0.6954799108734482
baseline_shifted_seeds,400,0.03,0.4,0.625,2,1002,0.4884064442963976,0.07825551096158255,4.683,1.6104381391410225,5,0.2885,0.422,0.0995,0.4835388837373362
baseline_shifted_seeds,400,0.03,0.4,0.625,3,1003,0.38290339792775846,0.06499109360360467,2.605,1.7924773359794537,1,0.251,0.439,0.0995,0.5893862666633057
baseline_shifted_seeds,400,0.03,0.4,0.625,4,1004,0.35944227697317727,0.13139532245265478,2.5065,2.1412514448331375,0,0.2755,0.365,0.101,0.5662378867516236
baseline_shifted_seeds,400,0.03,0.4,0.625,5,1005,0.33241354293145176,0.10629044853153753,2.0005,1.98783795868778,0,0.3165,0.3585,0.0995,0.48708937860625773
baseline_shifted_seeds,400,0.03,0.4,0.625,6,1006,0.43088117337388926,0.05971543668236615,4.067,1.8315324184955066,5,0.2105,0.5525,0.0995,0.7989121529782116
baseline_shifted_seeds,400,0.03,0.4,0.625,7,1007,0.34454160410906476,0.1155667375452413,2.0375,1.8517812370795854,0,0.2575,0.388,0.0995,0.5334796579652054
baseline_shifted_seeds,400,0.03,0.4,0.625,8,1008,0.37177729702529033,0.11726435785420133,2.5165,2.0670577519750144,0,0.219,0.388,0.0995,0.6263763780798569
baseline_shifted_seeds,400,0.03,0.4,0.625,9,1009,0.3693193640868979,0.14065562529589115,2.3705,2.244377363546514,0,0.2995,0.352,0.141,0.5534095943660315
baseline_shifted_seeds,400,0.03,0.4,0.65,0,1000,0.5987890752096412,0.0066945053251428275,4.825,1.2009891756381488,4,0.2975,0.2525,0.0995,0.2130329620548593
baseline_shifted_seeds,400,0.03,0.4,0.65,1,1001,0.4228040619568064,0.054007102078031444,4.0775,1.4981634590390998,4,0.304,0.415,0.0995,0.43272953455157526
baseline_shifted_seeds,400,0.03,0.4,0.65,2,1002,0.6137631914884648,0.010919085603222394,4.8215,1.3151569297996344,4,0.264,0.279,0.0995,0.2700595855607317
baseline_shifted_seeds,400,0.03,0.4,0.65,3,1003,0.45710844338578843,0.041122407039527825,4.8485,1.7625401413868564,4,0.238,0.4515,0.0995,0.6063895992062139
baseline_shifted_seeds,400,0.03,0.4,0.65,4,1004,0.4508178475565692,0.10322830488619647,4.628,2.153048071920365,6,0.221,0.436,0.0995,0.731269861016545
baseline_shifted_seeds,400,0.03,0.4,0.65,5,1005,0.39286902039585764,0.11432741555784455,3.5085,2.035418323097245,5,0.2245,0.429,0.0995,0.6771623057805277
baseline_shifted_seeds,400,0.03,0.4,0.65,6,1006,0.54817589870376,0.010090243399412962,5.8525,1.3862697248371254,6,0.287,0.441,0.0995,0.4358889493781223
baseline_shifted_seeds,400,0.03,0.4,0.65,7,1007,0.4140478905846551,0.0759630896390044,3.7005,1.8654221372118431,4,0.1925,0.466,0.0995,0.701949024628459
baseline_shifted_seeds,400,0.03,0.4,0.65,8,1008,0.43007554951894383,0.1551769941706769,3.615,2.491741358969666,0,0.1665,0.3535,0.0995,0.7341722825017467
baseline_shifted_seeds,400,0.03,0.4,0.65,9,1009,0.4043326278102785,0.07156101545727547,4.0305,1.8680390119052654,4,0.231,0.5115,0.0995,0.7347810045158807
baseline_shifted_seeds,400,0.03,0.4,0.675,0,1000,0.6900448887510846,0.002165657353984115,1.7655,0.6367964745505427,2,0.5395,0.0275,0.0995,0.008064231647834211
baseline_shifted_seeds,400,0.03,0.4,0.675,1,1001,0.6425758094513161,0.005169783193813918,3.583,1.1580634697632077,4,0.375,0.121,0.0995,0.08757855062463225
baseline_shifted_seeds,400,0.03,0.4,0.675,2,1002,0.6938303058662388,0.0031434963215519578,3.21,0.9554580053565933,3,0.4325,0.1265,0.0995,0.06859113642426555
baseline_shifted_seeds,400,0.03,0.4,0.675,3,1003,0.5984863875747632,0.005599777722493776,2.3055,0.9665245728898981,2,0.4465,0.069,0.0995,0.0369130237604959
baseline_shifted_seeds,400,0.03,0.4,0.675,4,1004,0.602441234627488,0.008264311204889695,4.7115,1.4605710355884782,5,0.278,0.261,0.0995,0.27523292814289635
baseline_shifted_seeds,400,0.03,0.4,0.675,5,1005,0.5380366358215917,0.014598001055054221,5.6415,1.4383941566900222,5,0.2555,0.395,0.0995,0.42299935868489447
baseline_shifted_seeds,400,0.03,0.4,0.675,6,1006,0.6477947362046875,0.003905182416507107,3.4615,1.1997990456738996,4,0.309,0.1395,0.0995,0.11565402993727388
baseline_shifted_seeds,400,0.03,0.4,0.675,7,1007,0.5295336576869966,0.012762633998411408,4.8725,1.35175580265076,5,0.2805,0.3235,0.0995,0.3146323160249246
baseline_shifted_seeds,400,0.03,0.4,0.675,8,1008,0.4693941381131369,0.17377681823802818,3.7535,1.7606072105952537,4,0.264,0.2655,0.0995,0.3440367351038043
baseline_shifted_seeds,400,0.03,0.4,0.675,9,1009,0.579834091062097,0.009272758871967924,4.583,1.3953891930210724,4,0.286,0.272,0.0995,0.27099574539454435
baseline_shifted_seeds,400,0.03,0.4,0.7,0,1000,0.7428089291705369,0.0017698633577371773,1.438,0.49815258706544935,1,0.563,0.0155,0.0995,0.003374236766180502
baseline_shifted_seeds,400,0.03,0.4,0.7,1,1001,0.7134457224922007,0.0016325839360901947,1.7535,0.8577515665972287,1,0.462,0.0325,0.0995,0.014997786603422889
baseline_shifted_seeds,400,0.03,0.4,0.7,2,1002,0.7413375038072427,0.0014146227948454737,1.4185,0.5013559115039933,1,0.5855,0.0125,0.0995,0.00259765052429209
baseline_shifted_seeds,400,0.03,0.4,0.7,3,1003,0.6918915598159081,0.00047436720051574643,1.249,0.43243380996402214,1,0.751,0.0095,0.0995,0.001022922285145913
baseline_shifted_seeds,400,0.03,0.4,0.7,4,1004,0.6769427330943244,0.001935977816844705,2.0095,0.7787231536303515,2,0.413,0.043,0.0995,0.01965575157789419
baseline_shifted_seeds,400,0.03,0.4,0.7,5,1005,0.6524830125859494,0.0029374631039570808,2.6535,1.0012181330759047,3,0.4025,0.096,0.0995,0.05742987271146172
baseline_shifted_seeds,400,0.03,0.4,0.7,6,1006,0.70764838605356,0.0018958943358296288,2.084,0.6985298848295612,2,0.5545,0.0495,0.0995,0.015404155963927755
baseline_shifted_seeds,400,0.03,0.4,0.7,7,1007,0.6445192095834181,0.00422141552630788,3.107,1.0892892177929605,3,0.3315,0.111,0.0995,0.08082907320068979
baseline_shifted_seeds,400,0.03,0.4,0.7,8,1008,0.6651717931137933,0.0029389410481649334,2.5415,0.8951411899806644,2,0.3985,0.099,0.0995,0.053304315689991014
baseline_shifted_seeds,400,0.03,0.4,0.7,9,1009,0.6771395812080583,0.003226970001895683,2.3765,1.0008734935045487,3,0.337,0.0535,0.0995,0.03550148391493222
baseline_shifted_seeds,400,0.03,0.4,0.725,0,1000,0.7781220518605128,0.0017837190752314801,1.4425,0.4966827458247367,1,0.5575,0.0145,0.0995,0.003186840887680082
baseline_shifted_seeds,400,0.03,0.4,0.725,1,1001,0.7565842533850482,0.0002460417305119078,1.0885,0.2840206858663643,1,0.9115,0.0045,0.635,0.00011311126328211031
baseline_shifted_seeds,400,0.03,0.4,0.725,2,1002,0.7750718465868026,0.0004631573800560298,1.326,0.46874726665869754,1,0.674,0.0115,0.0995,0.0017573336555150654
baseline_shifted_seeds,400,0.03,0.4,0.725,3,1003,0.7431424099795118,4.8156052495016076e-05,1.0,0.0,1,1.0,0.0,1.0,0.0
baseline_shifted_seeds,400,0.03,0.4,0.725,4,1004,0.7264168444079858,0.00020851587950979368,1.0,0.0,1,1.0,0.0,1.0,0.0
baseline_shifted_seeds,400,0.03,0.4,0.725,5,1005,0.7137570986743137,0.0015066491067446462,1.4285,0.49486134421674116,1,0.5715,0.012,0.0995,0.002544577244010569
baseline_shifted_seeds,400,0.03,0.4,0.725,6,1006,0.7486643044451889,0.0017681218904810952,1.4455,0.5157807189106627,1,0.564,0.016,0.0995,0.0035980865200011766
baseline_shifted_seeds,400,0.03,0.4,0.725,7,1007,0.706915708955608,0.0003833413626096512,1.014,0.11749042514179615,1,0.986,0.0015,0.906,2.4673005728436732e-06
baseline_shifted_seeds,400,0.03,0.4,0.725,8,1008,0.7268297466624631,0.0019303070372032082,1.784,0.6658408218185484,2,0.51,0.0305,0.0995,0.009950991408340208
baseline_shifted_seeds,400,0.03,0.4,0.725,9,1009,0.7295200279270646,0.001229537991844185,1.794,0.7794639183438834,2,0.47,0.028,0.0995,0.011567244961339108
baseline_shifted_seeds,400,0.03,0.4,0.75,0,1000,0.8042884139262909,0.0012558417066606594,1.4495,0.4974432128394155,1,0.5505,0.0145,0.0995,0.003242210724084825
baseline_shifted_seeds,400,0.03,0.4,0.75,1,1001,0.787261006080759,2.1530256385406936e-05,1.0,0.0,1,1.0,0.0,1.0,0.0
baseline_shifted_seeds,400,0.03,0.4,0.75,2,1002,0.8007374326002128,7.313979348393054e-05,1.014,0.1174904251417961,1,0.986,0.001,0.9885,1.6448675968510988e-06
baseline_shifted_seeds,400,0.03,0.4,0.75,3,1003,0.7780841875248935,8.011335968723221e-06,1.0,0.0,1,1.0,0.0,1.0,0.0
baseline_shifted_seeds,400,0.03,0.4,0.75,4,1004,0.7616120467756589,1.748174548751462e-05,1.0,0.0,1,1.0,0.0,1.0,0.0
baseline_shifted_seeds,400,0.03,0.4,0.75,5,1005,0.7537328422520674,0.0005012420582224055,1.3845,0.4864768750927428,1,0.6155,0.012,0.0995,0.0022446044887282734
baseline_shifted_seeds,400,0.03,0.4,0.75,6,1006,0.778958733959571,0.0015713551159068828,1.4525,0.4977386362339175,1,0.5475,0.015,0.0995,0.003378401218664448
baseline_shifted_seeds,400,0.03,0.4,0.75,7,1007,0.74888907629819,3.455591418225219e-05,1.0,0.0,1,1.0,0.0,1.0,0.0
baseline_shifted_seeds,400,0.03,0.4,0.75,8,1008,0.7647126708064347,0.0014896577281851005,1.444,0.4968541033341679,1,0.556,0.0145,0.0995,0.0031987469378685946
baseline_shifted_seeds,400,0.03,0.4,0.75,9,1009,0.7655538919823909,0.00018127943457119485,1.0285,0.1663963641429704,1,0.9715,0.0015,0.9085,7.113449309408355e-06
baseline_shifted_seeds,400,0.03,0.4,0.775,0,1000,0.8248192525343009,0.0004601540568374719,1.453,0.49778609864077156,1,0.547,0.015,0.0995,0.003382456765761145
baseline_shifted_seeds,400,0.03,0.4,0.775,1,1001,0.8107483049697389,1.983318626354966e-06,1.0,0.0,1,1.0,0.0,1.0,0.0
baseline_shifted_seeds,400,0.03,0.4,0.775,2,1002,0.8211782164541003,1.1796431108840326e-05,1.0,0.0,1,1.0,0.0,1.0,0.0
baseline_shifted_seeds,400,0.03,0.4,0.775,3,1003,0.8042567591237164,1.5930295549317262e-06,1.0,0.0,1,1.0,0.0,1.0,0.0
baseline_shifted_seeds,400,0.03,0.4,0.775,4,1004,0.7885012430375945,1.929781805732308e-06,1.0,0.0,1,1.0,0.0,1.0,0.0
baseline_shifted_seeds,400,0.03,0.4,0.775,5,1005,0.7832664889525983,7.094308445935784e-05,1.039,0.19359493795035032,1,0.961,0.002,0.8665,1.5100412710329919e-05
baseline_shifted_seeds,400,0.03,0.4,0.775,6,1006,0.802566979552955,0.000819695996107443,1.4425,0.4966827458247367,1,0.5575,0.015,0.0995,0.0032967319451938045
baseline_shifted_seeds,400,0.03,0.4,0.775,7,1007,0.779518808811973,5.2651686564133595e-06,1.0,0.0,1,1.0,0.0,1.0,0.0
baseline_shifted_seeds,400,0.03,0.4,0.775,8,1008,0.7922078264715594,0.0006473085448320001,1.4,0.4898979485566357,1,0.6,0.0145,0.0995,0.0028414082975876664
baseline_shifted_seeds,400,0.03,0.4,0.775,9,1009,0.7927527632419619,1.9731760927272074e-05,1.0,0.0,1,1.0,0.0,1.0,0.0
baseline_shifted_seeds,400,0.03,0.4,0.8,0,1000,0.8416380466590683,8.401869451088864e-05,1.641,0.4797072023641087,2,0.641,0.013,0.1585,0.002238793685648181
baseline_shifted_seeds,400,0.03,0.4,0.8,1,1001,0.8295848598446324,1.8162412976742279e-07,1.0,0.0,1,1.0,0.0,1.0,0.0
baseline_shifted_seeds,400,0.03,0.4,0.8,2,1002,0.8379733355893547,1.4198026527016057e-06,1.0,0.0,1,1.0,0.0,1.0,0.0
baseline_shifted_seeds,400,0.03,0.4,0.8,3,1003,0.8248796269572352,3.5224077009563544e-07,2.0,0.0,2,1.0,0.0,1.0,0.0
baseline_shifted_seeds,400,0.03,0.4,0.8,4,1004,0.810046086108911,3.0632323834558383e-07,1.0,0.0,1,1.0,0.0,1.0,0.0
baseline_shifted_seeds,400,0.03,0.4,0.8,5,1005,0.8063922210539854,1.0695312449306879e-05,1.0,0.0,1,1.0,0.0,1.0,0.0
baseline_shifted_seeds,400,0.03,0.4,0.8,6,1006,0.8217849843087894,0.00018212288133324467,1.2165,0.4118588957397909,1,0.7835,0.01,0.3785,0.0008916745984440984
baseline_shifted_seeds,400,0.03,0.4,0.8,7,1007,0.8033395331720901,1.0077720140415133e-06,1.0,0.0,1,1.0,0.0,1.0,0.0
baseline_shifted_seeds,400,0.03,0.4,0.8,8,1008,0.8137686637456885,0.00010802632634230625,1.0325,0.1773238562630533,1,0.9675,0.0025,0.861,1.4407569084398398e-05
baseline_shifted_seeds,400,0.03,0.4,0.8,9,1009,0.8142490736534276,2.399346821488342e-06,1.0,0.0,1,1.0,0.0,1.0,0.0
baseline_shifted_seeds,400,0.03,0.4,0.825,0,1000,0.855690507906202,1.6301726080715207e-05,2.0,0.0,2,1.0,0.0,1.0,0.0
baseline_shifted_seeds,400,0.03,0.4,0.825,1,1001,0.8451514858595063,1.8977479329772898e-08,1.0,0.0,1,1.0,0.0,1.0,0.0
baseline_shifted_seeds,400,0.03,0.4,0.825,2,1002,0.8520885848605131,1.6734679513630446e-07,1.0,0.0,1,1.0,0.0,1.0,0.0
baseline_shifted_seeds,400,0.03,0.4,0.825,3,1003,0.8416743707172187,8.463135960863877e-08,2.0,0.0,2,1.0,0.0,1.0,0.0
baseline_shifted_seeds,400,0.03,0.4,0.825,4,1004,0.8278223447362971,7.590754889769553e-08,1.0,0.0,1,1.0,0.0,1.0,0.0
baseline_shifted_seeds,400,0.03,0.4,0.825,5,1005,0.8251563872148397,1.4014480534710799e-06,1.0,0.0,1,1.0,0.0,1.0,0.0
baseline_shifted_seeds,400,0.03,0.4,0.825,6,1006,0.8378459689856463,3.678922644681053e-05,1.0535,0.2250283315496073,1,0.9465,0.003,0.851,3.6117059252727704e-05
baseline_shifted_seeds,400,0.03,0.4,0.825,7,1007,0.8225974638091678,2.251503947816876e-07,1.0,0.0,1,1.0,0.0,1.0,0.0
baseline_shifted_seeds,400,0.03,0.4,0.825,8,1008,0.8313430505117687,1.8622894331052532e-05,1.0,0.0,1,1.0,0.0,1.0,0.0
baseline_shifted_seeds,400,0.03,0.4,0.825,9,1009,0.8318175606845791,3.1230137083774995e-07,1.0,0.0,1,1.0,0.0,1.0,0.0
baseline_shifted_seeds,400,0.03,0.4,0.85,0,1000,0.8676244061777365,3.145650892444661e-06,2.0,0.0,2,1.0,0.0,1.0,0.0
baseline_shifted_seeds,400,0.03,0.4,0.85,1,1001,0.8582901365199307,4.720842166467389e-09,1.0,0.0,1,1.0,0.0,1.0,0.0
baseline_shifted_seeds,400,0.03,0.4,0.85,2,1002,0.8641507653733129,2.156699491991605e-08,1.0,0.0,1,1.0,0.0,1.0,0.0
baseline_shifted_seeds,400,0.03,0.4,0.85,3,1003,0.8556793688926816,2.1814022047694205e-08,2.0,0.0,2,1.0,0.0,1.0,0.0
baseline_shifted_seeds,400,0.03,0.4,0.85,4,1004,0.8427914258814672,2.151939216383505e-08,1.0,0.0,1,1.0,0.0,1.0,0.0
baseline_shifted_seeds,400,0.03,0.4,0.85,5,1005,0.8407712693627408,1.7392931535877669e-07,2.0,0.0,2,1.0,0.0,1.0,0.0
baseline_shifted_seeds,400,0.03,0.4,0.85,6,1006,0.8514635771356109,7.392042470851398e-06,1.0425,0.20172691937369186,1,0.9575,0.0015,0.916,1.2860099683466924e-05
baseline_shifted_seeds,400,0.03,0.4,0.85,7,1007,0.8385831204916572,5.603614646304018e-08,1.0,0.0,1,1.0,0.0,1.0,0.0
baseline_shifted_seeds,400,0.03,0.4,0.85,8,1008,0.846023147235795,3.236799172250745e-06,1.0,0.0,1,1.0,0.0,1.0,0.0
baseline_shifted_seeds,400,0.03,0.4,0.85,9,1009,0.8465179421643372,4.173772166808642e-08,1.0,0.0,1,1.0,0.0,1.0,0.0
baseline_shifted_seeds,400,0.03,0.4,0.875,0,1000,0.8779027839659845,5.949703583803319e-07,2.0,0.0,2,1.0,0.0,1.0,0.0
baseline_shifted_seeds,400,0.03,0.4,0.875,1,1001,0.8695563755937156,1.6169897158925267e-09,1.0,0.0,1,1.0,0.0,1.0,0.0
baseline_shifted_seeds,400,0.03,0.4,0.875,2,1002,0.8745923236775534,2.901626609215936e-09,1.0,0.0,1,1.0,0.0,1.0,0.0
baseline_shifted_seeds,400,0.03,0.4,0.875,3,1003,0.8675702018343024,5.966108854583516e-09,2.0,0.0,2,1.0,0.0,1.0,0.0
baseline_shifted_seeds,400,0.03,0.4,0.875,4,1004,0.8555919524158844,6.29158357327953e-09,1.0,0.0,1,1.0,0.0,1.0,0.0
baseline_shifted_seeds,400,0.03,0.4,0.875,5,1005,0.854009967273703,2.3028187856324677e-08,2.0,0.0,2,1.0,0.0,1.0,0.0
baseline_shifted_seeds,400,0.03,0.4,0.875,6,1006,0.863172745374768,1.4201816739314714e-06,2.0,0.0,2,1.0,0.0,1.0,0.0
baseline_shifted_seeds,400,0.03,0.4,0.875,7,1007,0.8521115664326163,1.5093933790293017e-08,1.0,0.0,1,1.0,0.0,1.0,0.0
baseline_shifted_seeds,400,0.03,0.4,0.875,8,1008,0.8585184960571228,5.512374520098452e-07,1.0,0.0,1,1.0,0.0,1.0,0.0
baseline_shifted_seeds,400,0.03,0.4,0.875,9,1009,0.8590368550140655,5.57932680460045e-09,1.0,0.0,1,1.0,0.0,1.0,0.0
baseline_shifted_seeds,400,0.03,0.4,0.9,0,1000,0.8868573420944483,1.1039686550099592e-07,2.0,0.0,2,1.0,0.0,1.0,0.0
baseline_shifted_seeds,400,0.03,0.4,0.9,1,1001,0.8793378067235141,5.332977283369382e-10,1.0,0.0,1,1.0,0.0,1.0,0.0
baseline_shifted_seeds,400,0.03,0.4,0.9,2,1002,0.8837254567385519,5.851310230535574e-10,1.0,0.0,1,1.0,0.0,1.0,0.0
baseline_shifted_seeds,400,0.03,0.4,0.9,3,1003,0.8778105860388946,1.715206493729233e-09,2.0,0.0,2,1.0,0.0,1.0,0.0
baseline_shifted_seeds,400,0.03,0.4,0.9,4,1004,0.8666726738254167,1.905044397205835e-09,1.0,0.0,1,1.0,0.0,1.0,0.0
baseline_shifted_seeds,400,0.03,0.4,0.9,5,1005,0.8653978173779244,3.5053751332674773e-09,2.0,0.0,2,1.0,0.0,1.0,0.0
baseline_shifted_seeds,400,0.03,0.4,0.9,6,1006,0.8733575820084586,2.6356828311565916e-07,2.0,0.0,2,1.0,0.0,1.0,0.0
baseline_shifted_seeds,400,0.03,0.4,0.9,7,1007,0.8637323508993859,4.328746158241004e-09,1.0,0.0,1,1.0,0.0,1.0,0.0
baseline_shifted_seeds,400,0.03,0.4,0.9,8,1008,0.8693076897702096,9.19427561915828e-08,1.0,0.0,1,1.0,0.0,1.0,0.0
baseline_shifted_seeds,400,0.03,0.4,0.9,9,1009,0.8698458330690887,8.622826018541936e-10,1.0,0.0,1,1.0,0.0,1.0,0.0
lower_noise,400,0.03,0.35,0.4,0,2000,0.13318399018863022,0.05982472227866823,0.086,0.2821418083163145,0,0.9145,0.0455,0.506,0.0010976021939256674
lower_noise,400,0.03,0.35,0.4,1,2001,0.1035525513630681,0.05655918683111015,0.0485,0.2171353264671596,0,0.952,0.029,0.4325,0.0003022523848647821
lower_noise,400,0.03,0.35,0.4,2,2002,0.09172090084956645,0.05183747580518226,0.0365,0.18753066415922492,0,0.9635,0.019,0.7425,0.00013005252243929164
lower_noise,400,0.03,0.35,0.4,3,2003,0.13966509305813055,0.06053872612811393,0.0795,0.27600679339465545,0,0.922,0.048,0.3965,0.0010333694559981194
lower_noise,400,0.03,0.35,0.4,4,2004,0.12438272599100728,0.06700458353848017,0.095,0.31776563690871296,0,0.9125,0.0515,0.64,0.0014319314291243812
lower_noise,400,0.03,0.35,0.4,5,2005,0.13250779991948305,0.07812290995908147,0.084,0.2931620712165883,0,0.9205,0.0525,0.535,0.0012235852180466204
lower_noise,400,0.03,0.35,0.4,6,2006,0.07711670810056234,0.031728457176064546,0.0255,0.15763803475050048,0,0.9745,0.018,0.7795,7.235586197024951e-05
lower_noise,400,0.03,0.35,0.4,7,2007,0.32993977566979077,0.03088872238593971,0.4295,0.6188939731488747,0,0.636,0.196,0.0995,0.044154371845610725
lower_noise,400,0.03,0.35,0.4,8,2008,0.13314221955507702,0.05855716199173859,0.1065,0.32734958377856543,0,0.8995,0.0575,0.384,0.001891671440159019
lower_noise,400,0.03,0.35,0.4,9,2009,0.187196185616531,0.05365576186436712,0.1965,0.44708807857065475,0,0.8225,0.0935,0.1945,0.007419985603336362
lower_noise,400,0.03,0.35,0.425,0,2000,0.15853835348811077,0.06875171020202642,0.109,0.3242206039103622,0,0.895,0.0555,0.36,0.001889395603330799
lower_noise,400,0.03,0.35,0.425,1,2001,0.121731121753592,0.054449648780467215,0.0335,0.18541237822756065,0,0.9675,0.0235,0.6155,0.00014160870989720164
lower_noise,400,0.03,0.35,0.425,2,2002,0.09426579150766257,0.05989857159628612,0.05,0.21794494717703364,0,0.95,0.036,0.436,0.00039230091581590824
lower_noise,400,0.03,0.35,0.425,3,2003,0.20111881254374436,0.06630493454621712,0.223,0.5198759467411432,0,0.821,0.088,0.2575,0.008189086006124285
lower_noise,400,0.03,0.35,0.425,4,2004,0.1287673165692851,0.08115361895771354,0.1145,0.34984246454654416,0,0.8955,0.065,0.559,0.0023763049769909396
lower_noise,400,0.03,0.35,0.425,5,2005,0.1377354211098485,0.07796333223571697,0.0965,0.31174949879671016,0,0.9085,0.0635,0.3855,0.0018113425539086649
lower_noise,400,0.03,0.35,0.425,6,2006,0.10438228105237084,0.05200533789223171,0.038,0.19119623427254,0,0.962,0.027,0.6725,0.00019616734362908314
lower_noise,400,0.03,0.35,0.425,7,2007,0.40438564166594415,0.03538444269272268,1.116,0.9729049285516032,1,0.4015,0.325,0.0995,0.18924217049717734
lower_noise,400,0.03,0.35,0.425,8,2008,0.18799036461656968,0.056540217063890424,0.159,0.3933433614540863,0,0.851,0.0785,0.279,0.004600740685855882
lower_noise,400,0.03,0.35,0.425,9,2009,0.2098014833788041,0.046496799192104164,0.189,0.4350620645379231,0,0.8285,0.0865,0.213,0.0064540370365170985
lower_noise,400,0.03,0.35,0.45,0,2000,0.1998310522925421,0.06960248053280418,0.142,0.3630922747732317,0,0.863,0.0665,0.2925,0.0033079522190651695
lower_noise,400,0.03,0.35,0.45,1,2001,0.10679856126879272,0.04042091693685106,0.0535,0.22942918297374462,0,0.9475,0.037,0.577,0.000445666199971531
lower_noise,400,0.03,0.35,0.45,2,2002,0.11006252759356741,0.06103172698339355,0.0675,0.26257141885589913,0,0.9355,0.042,0.491,0.0007113059906164874
lower_noise,400,0.03,0.35,0.45,3,2003,0.2911200637123161,0.030264899458010162,0.444,0.6211795231654051,0,0.6225,0.206,0.0995,0.04830602585345299
lower_noise,400,0.03,0.35,0.45,4,2004,0.17490039098515217,0.08649847264082622,0.161,0.4196176831354942,0,0.858,0.076,0.474,0.004528514095983965
lower_noise,400,0.03,0.35,0.45,5,2005,0.14886551137518558,0.0851418107056207,0.143,0.40317614016704906,0,0.876,0.072,0.4255,0.003599556629405255
lower_noise,400,0.03,0.35,0.45,6,2006,0.13740122311608471,0.07101324491011776,0.0835,0.27843805415208606,0,0.917,0.048,0.4165,0.001109297230852269
lower_noise,400,0.03,0.35,0.45,7,2007,0.46699969792567403,0.03824435845516299,1.9105,1.2134618865048874,2,0.308,0.4245,0.0995,0.3564592838480723
lower_noise,400,0.03,0.35,0.45,8,2008,0.19911153786134017,0.060749478360707716,0.145,0.3646573734342965,0,0.8595,0.075,0.1635,0.0038425771237982588
lower_noise,400,0.03,0.35,0.45,9,2009,0.2544311304006513,0.08056410818620938,0.418,0.6405279072764902,0,0.6545,0.1655,0.0995,0.03662554609134893
lower_noise,400,0.03,0.35,0.475,0,2000,0.1964122967651327,0.07161344889687687,0.1265,0.3442350214606294,0,0.8775,0.069,0.2905,0.0029096465610647616
lower_noise,400,0.03,0.35,0.475,1,2001,0.20665836252059774,0.06428820853308642,0.2265,0.4911188756299232,0,0.801,0.0965,0.2515,0.009431201425891884
lower_noise,400,0.03,0.35,0.475,2,2002,0.16411497253967838,0.0561368354958461,0.084,0.2773878151613729,0,0.916,0.055,0.21,0.0012815317293461187
lower_noise,400,0.03,0.35,0.475,3,2003,0.3279136829112578,0.05347874096965834,0.6665,0.8793621267714457,0,0.544,0.213,0.0995,0.08541068505004609
lower_noise,400,0.03,0.35,0.475,4,2004,0.200374633250806,0.10081279621200699,0.2515,0.5322102498073482,0,0.7885,0.1095,0.281,0.012325590340413299
lower_noise,400,0.03,0.35,0.475,5,2005,0.14342327371123187,0.061234420159612564,0.0745,0.27919482445059757,0,0.93,0.0525,0.467,0.001026040999399583
lower_noise,400,0.03,0.35,0.475,6,2006,0.29212597051402384,0.04212483222781721,0.4705,0.6950753556269997,0,0.624,0.1695,0.0995,0.04429854282616828
lower_noise,400,0.03,0.35,0.475,7,2007,0.4906017348973247,0.04183097305388543,2.4325,1.3850789688678404,3,0.2655,0.437,0.0995,0.4445778006681489
lower_noise,400,0.03,0.35,0.475,8,2008,0.24300661541393204,0.07493871810178954,0.318,0.5548657495286585,0,0.7245,0.136,0.1415,0.020789710056205293
lower_noise,400,0.03,0.35,0.475,9,2009,0.30674853911628885,0.04854102068991126,0.6085,0.767611718253441,0,0.539,0.23,0.0995,0.08138987084028135
lower_noise,400,0.03,0.35,0.5,0,2000,0.2260235907667416,0.10887567958386374,0.411,0.7987984727076035,0,0.724,0.141,0.3115,0.031086041584357474
lower_noise,400,0.03,0.35,0.5,1,2001,0.2584492758044755,0.08058334445588562,0.4775,0.7599300954693137,0,0.658,0.1685,0.133,0.043792491871506224
lower_noise,400,0.03,0.35,0.5,2,2002,0.1731786519376164,0.06735877447305194,0.133,0.37055498917164775,0,0.8775,0.071,0.287,0.0032229020637133936
lower_noise,400,0.03,0.35,0.5,3,2003,0.3936435265099676,0.0618613640430199,1.438,1.1756513088496945,1,0.3055,0.352,0.0995,0.2874044223831216
lower_noise,400,0.03,0.35,0.5,4,2004,0.24479221952413727,0.07218357341959444,0.362,0.6663002326279047,0,0.725,0.143,0.1335,0.02620225683132492
lower_noise,400,0.03,0.35,0.5,5,2005,0.22074113699176268,0.06973365865022252,0.286,0.5021991636791123,0,0.738,0.1295,0.102,0.017039115556044787
lower_noise,400,0.03,0.35,0.5,6,2006,0.340716501759181,0.05685301791156391,0.767,0.9443045059725174,0,0.4895,0.249,0.0995,0.120034795606511
lower_noise,400,0.03,0.35,0.5,7,2007,0.529114756898424,0.05837368978442519,3.6605,1.8207799839629168,4,0.2025,0.4585,0.0995,0.6657750305130524
lower_noise,400,0.03,0.35,0.5,8,2008,0.3863581910559174,0.06842396467740286,1.47,1.3583445807305303,0,0.299,0.348,0.0995,0.331365444732251
lower_noise,400,0.03,0.35,0.5,9,2009,0.37985906147286164,0.045078896308192895,1.183,1.0763414885620641,1,0.35,0.3465,0.0995,0.24241901246101286
lower_noise,400,0.03,0.35,0.525,0,2000,0.24846144038438453,0.1619699936907019,1.1495,1.5713528407076498,0,0.529,0.2285,0.262,0.16911449319200691
lower_noise,400,0.03,0.35,0.525,1,2001,0.296713130924648,0.058300041143216054,0.563,0.8124229194206672,0,0.5985,0.194,0.0995,0.063280433942783
lower_noise,400,0.03,0.35,0.525,2,2002,0.22662839878662128,0.08057210335648551,0.345,0.6164211222857309,0,0.7235,0.134,0.2375,0.022839019172249054
lower_noise,400,0.03,0.35,0.525,3,2003,0.44930025463895873,0.06611617719576017,2.586,1.606425846405616,3,0.2335,0.4375,0.0995,0.5387048686619087
lower_noise,400,0.03,0.35,0.525,4,2004,0.3218297472093466,0.05725960023728485,0.835,0.9448677156089099,0,0.4565,0.2715,0.0995,0.13942491684571526
lower_noise,400,0.03,0.35,0.525,5,2005,0.23937893614108166,0.09860769673879927,0.4685,0.7816698471861377,0,0.676,0.1555,0.2015,0.03938209049419302
lower_noise,400,0.03,0.35,0.525,6,2006,0.4162685930693684,0.051373830956269656,1.8415,1.435053222009553,1,0.3145,0.3845,0.0995,0.3782437952115915
lower_noise,400,0.03,0.35,0.525,7,2007,0.5291252733802319,0.025654759798835945,4.6255,1.3233479323292117,4,0.2765,0.4725,0.0995,0.4523914541789295
lower_noise,400,0.03,0.35,0.525,8,2008,0.4366748353371606,0.05279850242562616,2.5565,1.6086664508219222,2,0.2275,0.416,0.0995,0.5169610518788277
lower_noise,400,0.03,0.35,0.525,9,2009,0.4572776968974386,0.058858691333071485,2.564,1.545284439836239,3,0.225,0.4525,0.0995,0.5419119381926666
lower_noise,400,0.03,0.35,0.55,0,2000,0.29210669548610996,0.13100480005150714,1.362,1.7117114242768845,0,0.473,0.2475,0.13,0.22326280124906667
lower_noise,400,0.03,0.35,0.55,1,2001,0.3577096987392721,0.1340207825313532,1.7605,1.8815259099996469,0,0.3365,0.293,0.149,0.36577898654482877
lower_noise,400,0.03,0.35,0.55,2,2002,0.26583317088632874,0.0943486347254125,0.607,0.9276588812704808,0,0.619,0.187,0.201,0.06609291266731598
lower_noise,400,0.03,0.35,0.55,3,2003,0.4813133339961074,0.03916762734135069,3.4575,1.8215909941586776,2,0.206,0.508,0.0995,0.7347423721222341
lower_noise,400,0.03,0.35,0.55,4,2004,0.39758560472346344,0.06854272548325681,1.8725,1.4785951947710365,1,0.2705,0.372,0.0995,0.40125229346443053
lower_noise,400,0.03,0.35,0.55,5,2005,0.2865901029300155,0.08336835528853093,0.719,1.0079875991300686,0,0.5755,0.203,0.0995,0.08686181980152571
lower_noise,400,0.03,0.35,0.55,6,2006,0.46707196004807294,0.04610733943983739,3.153,1.612634800567072,3,0.2525,0.4645,0.0995,0.5599289776908398
lower_noise,400,0.03,0.35,0.55,7,2007,0.6050046067063978,0.01079053020665474,4.882,1.4025248660897247,4,0.265,0.3415,0.0995,0.35203724873154196
lower_noise,400,0.03,0.35,0.55,8,2008,0.4811059999266506,0.0442175696265581,3.729,1.6246719668905474,4,0.254,0.449,0.0995,0.5441903752098618
lower_noise,400,0.03,0.35,0.55,9,2009,0.46943794128783883,0.04662100704408454,3.3755,1.790390948927077,3,0.228,0.4875,0.0995,0.6738136350108873
lower_noise,400,0.03,0.35,0.575,0,2000,0.4168572438556363,0.11135934814262108,3.003,2.15707927531651,1,0.175,0.3405,0.0995,0.6059505337069395
lower_noise,400,0.03,0.35,0.575,1,2001,0.41575117339420375,0.10288116443403734,2.658,1.8160495587951337,1,0.194,0.3915,0.0995,0.5730526236919817
lower_noise,400,0.03,0.35,0.575,2,2002,0.33204813590247445,0.11843572632741976,1.673,1.9063239493853086,0,0.422,0.2905,0.1215,0.3200889491191931
lower_noise,400,0.03,0.35,0.575,3,2003,0.5234938927165713,0.01896258306454718,4.762,1.4065404366743246,5,0.278,0.4825,0.0995,0.4899894602375732
lower_noise,400,0.03,0.35,0.575,4,2004,0.4516740005929422,0.07694328559372907,3.484,1.8096253755957334,2,0.212,0.4275,0.0995,0.6096085017029196
lower_noise,400,0.03,0.35,0.575,5,2005,0.38997363136525975,0.10990536315256863,2.6725,2.0936197720694176,0,0.214,0.382,0.0995,0.628613525448972
lower_noise,400,0.03,0.35,0.575,6,2006,0.5072569584031925,0.03772553341798694,4.2605,1.8356578521064322,4,0.2025,0.4045,0.0995,0.592162573402636
lower_noise,400,0.03,0.35,0.575,7,2007,0.6891948479725334,0.006216142359828556,3.647,1.238301659532119,3,0.3075,0.142,0.0995,0.1217683945476148
lower_noise,400,0.03,0.35,0.575,8,2008,0.6044929105307875,0.010683397424821633,4.8905,1.4844223624022916,5,0.2715,0.3,0.0995,0.32442050838442255
lower_noise,400,0.03,0.35,0.575,9,2009,0.535515495479784,0.01864240543498128,5.0135,1.3532618926135473,5,0.29,0.487,0.0995,0.4679173655698022
lower_noise,400,0.03,0.35,0.6,0,2000,0.6395604200580113,0.008716768299694502,3.99,1.092657311328671,4,0.368,0.212,0.0995,0.14639859789162007
lower_noise,400,0.03,0.35,0.6,1,2001,0.4202795071420363,0.09839569684079279,3.621,1.9913209183855825,4,0.222,0.3655,0.0995,0.5662500265804535
lower_noise,400,0.03,0.35,0.6,2,2002,0.3611941922661802,0.149060801759144,1.6855,1.8065408243380496,0,0.319,0.2895,0.114,0.3561586214780887
lower_noise,400,0.03,0.35,0.6,3,2003,0.6042618842497635,0.007536308270902149,5.096,1.4211910497888733,5,0.2845,0.309,0.0995,0.3142104196191593
lower_noise,400,0.03,0.35,0.6,4,2004,0.48931660432660296,0.033255132983085106,4.802,1.3037622482646136,5,0.3055,0.3725,0.0995,0.33728492423432876
lower_noise,400,0.03,0.35,0.6,5,2005,0.41870719696304776,0.11430462365584425,3.4925,2.0119502354680643,4,0.2055,0.3415,0.0995,0.5458858603986018
lower_noise,400,0.03,0.35,0.6,6,2006,0.5647525223491591,0.011601823198761553,4.692,1.1274466727965453,5,0.315,0.2705,0.0995,0.2089074133914549
lower_noise,400,0.03,0.35,0.6,7,2007,0.7448558499702842,0.002059867693162231,2.7215,0.6891572752282311,3,0.47,0.074,0.0995,0.02702874869970458
lower_noise,400,0.03,0.35,0.6,8,2008,0.695481758469728,0.004284507609952193,3.913,1.2963143908790027,4,0.311,0.16,0.0995,0.1429056993436619
lower_noise,400,0.03,0.35,0.6,9,2009,0.6173833796429321,0.00949780649696778,4.8745,1.4672251872156503,4,0.248,0.2995,0.0995,0.330454326668811
lower_noise,400,0.03,0.35,0.625,0,2000,0.7235802782056744,0.0026543642046237604,2.1795,0.6657925728032718,2,0.571,0.0375,0.0995,0.010710938300597649
lower_noise,400,0.03,0.35,0.625,1,2001,0.6128532372934447,0.006278338438100872,4.325,1.0988061703503489,4,0.345,0.1915,0.0995,0.13782600568218817
lower_noise,400,0.03,0.35,0.625,2,2002,0.4230008655089821,0.14010885619676436,3.1965,1.9864258732708855,4,0.2095,0.272,0.0995,0.42711334713748245
lower_noise,400,0.03,0.35,0.625,3,2003,0.6835232395763882,0.004274063961264124,3.7305,1.341219501051189,4,0.2645,0.146,0.0995,0.14402417466784675
lower_noise,400,0.03,0.35,0.625,4,2004,0.6410697490568057,0.0054991712853514185,3.5505,1.020514453596812,3,0.4035,0.114,0.0995,0.06939600396777369
lower_noise,400,0.03,0.35,0.625,5,2005,0.5928811491600452,0.014032209132048184,4.4325,1.5976369268391364,5,0.2325,0.2185,0.0995,0.26792171681095095
lower_noise,400,0.03,0.35,0.625,6,2006,0.6775667429935315,0.0023843476736228244,3.1215,0.861822342481326,3,0.4355,0.0795,0.0995,0.038676648116790044
lower_noise,400,0.03,0.35,0.625,7,2007,0.7837318384334522,0.0017675940963333388,1.4035,0.4905993783118768,1,0.5965,0.014,0.0995,0.002771396086040641
lower_noise,400,0.03,0.35,0.625,8,2008,0.7461570976942549,0.0027287522634067848,2.1225,0.8605194652069179,2,0.4365,0.0355,0.0995,0.017214046996768203
lower_noise,400,0.03,0.35,0.625,9,2009,0.6870713105865877,0.00456522479257407,2.703,0.931553004396422,2,0.384,0.0845,0.0995,0.048489197558679205
lower_noise,400,0.03,0.35,0.65,0,2000,0.7699293433039955,0.002427155615000379,2.2935,0.9971748843608126,3,0.3045,0.033,0.0995,0.02288666005194232
lower_noise,400,0.03,0.35,0.65,1,2001,0.7083258225045856,0.0010197544148495418,1.3935,0.5307143770428685,1,0.628,0.012,0.0995,0.002369109176545113
lower_noise,400,0.03,0.35,0.65,2,2002,0.6322690676261179,0.009286054086436039,2.309,0.9846415591472869,2,0.3825,0.0565,0.0995,0.03435291380471606
lower_noise,400,0.03,0.35,0.65,3,2003,0.7358660357396559,0.002152750534626268,2.8405,0.8056424455054488,3,0.471,0.0705,0.0995,0.030046032610087814
lower_noise,400,0.03,0.35,0.65,4,2004,0.7212616130713364,0.001092030630615023,1.669,0.520037498647934,2,0.62,0.0265,0.0995,0.005236777808998945
lower_noise,400,0.03,0.35,0.65,5,2005,0.7068197075986019,0.0037813185413624636,3.0765,1.3984447611543331,2,0.252,0.0805,0.0995,0.0842059538941837
lower_noise,400,0.03,0.35,0.65,6,2006,0.7395947650207387,0.0007573900651238756,1.65,0.5490901565316938,2,0.576,0.027,0.0995,0.006285984344789057
lower_noise,400,0.03,0.35,0.65,7,2007,0.8125426725188672,0.0017683282372499478,1.4335,0.49555801880304595,1,0.5665,0.014,0.0995,0.003007541830940087
lower_noise,400,0.03,0.35,0.65,8,2008,0.7826187760618399,0.0018574504382334696,2.616,0.8582214166519033,2,0.3805,0.0635,0.0995,0.033760929175274894
lower_noise,400,0.03,0.35,0.65,9,2009,0.737571823690529,0.002146646458292102,2.376,0.8835292864415983,2,0.3925,0.048,0.0995,0.025763714529381046
lower_noise,400,0.03,0.35,0.675,0,2000,0.8011720630560737,0.000964897705681329,2.2895,0.7698634619203589,2,0.475,0.0235,0.0995,0.009498190865620745
lower_noise,400,0.03,0.35,0.675,1,2001,0.7590864560224551,5.0182959940063394e-05,1.0,0.0,1,1.0,0.0,1.0,0.0
lower_noise,400,0.03,0.35,0.675,2,2002,0.7309518124219497,0.0021896689963239496,1.802,0.6802911141562853,2,0.498,0.0265,0.0995,0.009049913033127202
lower_noise,400,0.03,0.35,0.675,3,2003,0.7723319436796453,0.0009876798287477887,2.004,0.6148040338189071,2,0.622,0.036,0.0995,0.008366253524603613
lower_noise,400,0.03,0.35,0.675,4,2004,0.7677793479575725,7.417530772208967e-05,1.0,0.0,1,1.0,0.0,1.0,0.0
lower_noise,400,0.03,0.35,0.675,5,2005,0.7574631627294742,0.0016107098360091177,1.978,0.8640115739965525,2,0.373,0.0395,0.0995,0.021398543189120874
lower_noise,400,0.03,0.35,0.675,6,2006,0.7799240740375641,7.04737438827779e-05,1.9835,0.12738818626544615,2,0.9835,0.001,0.912,2.1019071752849296e-06
lower_noise,400,0.03,0.35,0.675,7,2007,0.8345529936442437,0.0017727998822410415,1.468,0.49897494927100305,1,0.532,0.014,0.0995,0.0032692841011438883
lower_noise,400,0.03,0.35,0.675,8,2008,0.809464511230632,0.0005578552888010781,2.1735,0.6763118733247258,2,0.586,0.024,0.0995,0.006719835053347591
lower_noise,400,0.03,0.35,0.675,9,2009,0.7736213549695533,0.00045420246067391895,1.4025,0.6248949911785179,1,0.6725,0.017,0.196,0.0034791030680395084
lower_noise,400,0.03,0.35,0.7,0,2000,0.8249590669178706,0.0001934069453850088,2.588,0.553404011550332,3,0.524,0.0145,0.137,0.003819594751140701
lower_noise,400,0.03,0.35,0.7,1,2001,0.7928452470556581,3.2736683039707023e-06,1.0,0.0,1,1.0,0.0,1.0,0.0
lower_noise,400,0.03,0.35,0.7,2,2002,0.7756359281011953,0.001026849025606326,1.441,0.5152853578358306,1,0.5685,0.015,0.0995,0.003335184700938045
lower_noise,400,0.03,0.35,0.7,3,2003,0.8001876991099939,0.00018011116077187495,1.05,0.21794494717703372,1,0.95,0.003,0.7775,3.2691752973802446e-05
lower_noise,400,0.03,0.35,0.7,4,2004,0.7996641596592158,8.828961450650193e-06,1.0,0.0,1,1.0,0.0,1.0,0.0
lower_noise,400,0.03,0.35,0.7,5,2005,0.7912010654059061,0.00016580911545754264,1.003,0.054690035655501276,1,0.997,0.001,1.0,1.6407027103661092e-07
lower_noise,400,0.03,0.35,0.7,6,2006,0.8087113834106268,5.94409398454927e-06,2.0,0.0,2,1.0,0.0,1.0,0.0
lower_noise,400,0.03,0.35,0.7,7,2007,0.8520504617741037,0.0012902863375667236,1.4995,0.49999974999993746,1,0.5005,0.014,0.0995,0.003496498501499438
lower_noise,400,0.03,0.35,0.7,8,2008,0.830778583654457,7.002350007773613e-05,2.0,0.0,2,1.0,0.0,1.0,0.0
lower_noise,400,0.03,0.35,0.7,9,2009,0.8014449009102752,4.4838405884149966e-05,1.0215,0.14504395885385918,1,0.9785,0.001,0.9735,3.118448233803082e-06
lower_noise,400,0.03,0.35,0.725,0,2000,0.8437800137524573,2.827180058566693e-05,3.0,0.0,3,1.0,0.0,1.0,0.0
lower_noise,400,0.03,0.35,0.725,1,2001,0.8178808674053822,5.026946993103506e-07,1.0,0.0,1,1.0,0.0,1.0,0.0
lower_noise,400,0.03,0.35,0.725,2,2002,0.8056356594798645,0.000155741974083945,1.0395,0.19478128760227456,1,0.9605,0.002,0.895,1.5387729414440544e-05
lower_noise,400,0.03,0.35,0.725,3,2003,0.8222361209185872,2.1875620885340628e-05,1.0,0.0,1,1.0,0.0,1.0,0.0
lower_noise,400,0.03,0.35,0.725,4,2004,0.8235057851562527,1.9134929629016565e-06,2.0,0.0,2,1.0,0.0,1.0,0.0
lower_noise,400,0.03,0.35,0.725,5,2005,0.8163217231304343,1.6411331586559103e-05,1.0,0.0,1,1.0,0.0,1.0,0.0
lower_noise,400,0.03,0.35,0.725,6,2006,0.8306758529444291,7.71959686932495e-07,2.0,0.0,2,1.0,0.0,1.0,0.0
lower_noise,400,0.03,0.35,0.725,7,2007,0.8663734034625207,0.0005847269903116214,1.578,0.4938785275753544,2,0.578,0.014,0.0995,0.0029178345493319326
lower_noise,400,0.03,0.35,0.725,8,2008,0.8480494221766431,9.635170807822642e-06,2.0,0.0,2,1.0,0.0,1.0,0.0
lower_noise,400,0.03,0.35,0.725,9,2009,0.8233297494416222,4.154551123824026e-06,2.0,0.0,2,1.0,0.0,1.0,0.0
lower_noise,400,0.03,0.35,0.75,0,2000,0.8590989982111102,4.613121989041933e-06,3.0,0.0,3,1.0,0.0,1.0,0.0
lower_noise,400,0.03,0.35,0.75,1,2001,0.837535325307836,1.0634115614250907e-07,1.0,0.0,1,1.0,0.0,1.0,0.0
lower_noise,400,0.03,0.35,0.75,2,2002,0.8281170503578621,1.9234306981892396e-05,1.0,0.0,1,1.0,0.0,1.0,0.0
lower_noise,400,0.03,0.35,0.75,3,2003,0.8400620907789892,3.0106419635207185e-06,1.0,0.0,1,1.0,0.0,1.0,0.0
lower_noise,400,0.03,0.35,0.75,4,2004,0.8423044263794157,4.7218906985978636e-07,2.0,0.0,2,1.0,0.0,1.0,0.0
lower_noise,400,0.03,0.35,0.75,5,2005,0.8359536465610335,1.9482028439889094e-06,1.0,0.0,1,1.0,0.0,1.0,0.0
lower_noise,400,0.03,0.35,0.75,6,2006,0.8482025606172099,1.7211366909590495e-07,2.0,0.0,2,1.0,0.0,1.0,0.0
lower_noise,400,0.03,0.35,0.75,7,2007,0.8784604798226313,0.00010985506397140677,1.9865,0.11540255629751014,2,0.9865,0.001,0.977,1.557936067950892e-06
lower_noise,400,0.03,0.35,0.75,8,2008,0.8623695473904243,1.393162192695763e-06,2.0,0.0,2,1.0,0.0,1.0,0.0
lower_noise,400,0.03,0.35,0.75,9,2009,0.8410981244516165,3.077211779365863e-07,2.0,0.0,2,1.0,0.0,1.0,0.0
lower_noise,400,0.03,0.35,0.775,0,2000,0.8718676620499456,7.560645365378309e-07,3.0,0.0,3,1.0,0.0,1.0,0.0
lower_noise,400,0.03,0.35,0.775,1,2001,0.8535103081006554,2.548009451560287e-08,1.0,0.0,1,1.0,0.0,1.0,0.0
lower_noise,400,0.03,0.35,0.775,2,2002,0.8458366759400386,2.676311813513341e-06,2.0,0.0,2,1.0,0.0,1.0,0.0
lower_noise,400,0.03,0.35,0.775,3,2003,0.8548473598086718,4.3652518829112546e-07,1.0,0.0,1,1.0,0.0,1.0,0.0
lower_noise,400,0.03,0.35,0.775,4,2004,0.8576320116342142,1.23527403243554e-07,2.0,0.0,2,1.0,0.0,1.0,0.0
lower_noise,400,0.03,0.35,0.775,5,2005,0.8518909732513102,2.693259570019342e-07,1.0,0.0,1,1.0,0.0,1.0,0.0
lower_noise,400,0.03,0.35,0.775,6,2006,0.8626108555096232,4.421681237958611e-08,2.0,0.0,2,1.0,0.0,1.0,0.0
lower_noise,400,0.03,0.35,0.775,7,2007,0.8887798750627064,2.0350798634864783e-05,2.0,0.0,2,1.0,0.0,1.0,0.0
lower_noise,400,0.03,0.35,0.775,8,2008,0.874464170131547,2.0653754633462872e-07,3.0,0.0,3,1.0,0.0,1.0,0.0
lower_noise,400,0.03,0.35,0.775,9,2009,0.8558688562489437,2.8594953459993425e-08,2.0,0.0,2,1.0,0.0,1.0,0.0
lower_noise,400,0.03,0.35,0.8,0,2000,0.882705067268907,1.0128825077391776e-07,3.0,0.0,3,1.0,0.0,1.0,0.0
lower_noise,400,0.03,0.35,0.8,1,2001,0.8668105011624996,6.7213842119214415e-09,1.0,0.0,1,1.0,0.0,1.0,0.0
lower_noise,400,0.03,0.35,0.8,2,2002,0.8603096706790336,3.7350434071112346e-07,2.0,0.0,2,1.0,0.0,1.0,0.0
lower_noise,400,0.03,0.35,0.8,3,2003,0.867349223511152,6.73897751660514e-08,1.0,0.0,1,1.0,0.0,1.0,0.0
lower_noise,400,0.03,0.35,0.8,4,2004,0.8704259493730262,3.321959256905207e-08,1.0,0.0,1,1.0,0.0,1.0,0.0
lower_noise,400,0.03,0.35,0.8,5,2005,0.8651689659282429,4.451728396894557e-08,1.0,0.0,1,1.0,0.0,1.0,0.0
lower_noise,400,0.03,0.35,0.8,6,2006,0.8747111457988258,1.2073124148959298e-08,2.0,0.0,2,1.0,0.0,1.0,0.0
lower_noise,400,0.03,0.35,0.8,7,2007,0.8976738907250388,3.816431295095039e-06,2.0,0.0,2,1.0,0.0,1.0,0.0
lower_noise,400,0.03,0.35,0.8,8,2008,0.8848267761468902,3.1530727791618955e-08,3.0,0.0,3,1.0,0.0,1.0,0.0
lower_noise,400,0.03,0.35,0.8,9,2009,0.8683676001801186,1.0914833902843702e-08,2.0,0.0,2,1.0,0.0,1.0,0.0
lower_noise,400,0.03,0.35,0.825,0,2000,0.8920343138308483,1.194705119486292e-08,3.0,0.0,3,1.0,0.0,1.0,0.0
lower_noise,400,0.03,0.35,0.825,1,2001,0.87808442179277,1.908149065235004e-09,1.0,0.0,1,1.0,0.0,1.0,0.0
lower_noise,400,0.03,0.35,0.825,2,2002,0.8724266518460961,4.959261532786994e-08,2.0,0.0,2,1.0,0.0,1.0,0.0
lower_noise,400,0.03,0.35,0.825,3,2003,0.878078551656344,1.1804698352506398e-08,1.0,0.0,1,1.0,0.0,1.0,0.0
lower_noise,400,0.03,0.35,0.825,4,2004,0.8812941145585274,9.21403288371158e-09,1.0,0.0,1,1.0,0.0,1.0,0.0
lower_noise,400,0.03,0.35,0.825,5,2005,0.8764422694554903,9.029697491791692e-09,2.0,0.0,2,1.0,0.0,1.0,0.0
lower_noise,400,0.03,0.35,0.825,6,2006,0.8850390427895736,3.485460320438847e-09,2.0,0.0,2,1.0,0.0,1.0,0.0
lower_noise,400,0.03,0.35,0.825,7,2007,0.9054188717221514,7.184705199368581e-07,2.0,0.0,2,1.0,0.0,1.0,0.0
lower_noise,400,0.03,0.35,0.825,8,2008,0.8938087704179356,5.260351792468819e-09,3.0,0.0,3,1.0,0.0,1.0,0.0
lower_noise,400,0.03,0.35,0.825,9,2009,0.8790925423164845,3.775260998289643e-09,2.0,0.0,2,1.0,0.0,1.0,0.0
lower_noise,400,0.03,0.35,0.85,0,2000,0.9001570813094186,1.4249570664981278e-09,3.0,0.0,3,1.0,0.0,1.0,0.0
lower_noise,400,0.03,0.35,0.85,1,2001,0.887776391111865,5.727573394464133e-10,1.0,0.0,1,1.0,0.0,1.0,0.0
lower_noise,400,0.03,0.35,0.85,2,2002,0.8827572583704032,5.929240888305161e-09,2.0,0.0,2,1.0,0.0,1.0,0.0
lower_noise,400,0.03,0.35,0.85,3,2003,0.8873962535945596,2.52779308044647e-09,1.0,0.0,1,1.0,0.0,1.0,0.0
lower_noise,400,0.03,0.35,0.85,4,2004,0.8906543099477474,2.659201010593758e-09,1.0,0.0,1,1.0,0.0,1.0,0.0
lower_noise,400,0.03,0.35,0.85,5,2005,0.8861528633663229,2.2118097244454572e-09,2.0,0.0,2,1.0,0.0,1.0,0.0
lower_noise,400,0.03,0.35,0.85,6,2006,0.8939677993260204,1.0555366535395493e-09,2.0,0.0,2,1.0,0.0,1.0,0.0
lower_noise,400,0.03,0.35,0.85,7,2007,0.912223578653545,1.3572072341079505e-07,2.0,0.0,2,1.0,0.0,1.0,0.0
lower_noise,400,0.03,0.35,0.85,8,2008,0.9016692053985556,1.0627860273185231e-09,3.0,0.0,3,1.0,0.0,1.0,0.0
lower_noise,400,0.03,0.35,0.85,9,2009,0.8884003884546692,1.2491967592755106e-09,2.0,0.0,2,1.0,0.0,1.0,0.0
lower_noise,400,0.03,0.35,0.875,0,2000,0.9072959269773984,1.5948030983077008e-10,3.0,0.0,3,1.0,0.0,1.0,0.0
lower_noise,400,0.03,0.35,0.875,1,2001,0.8962042149041569,1.795803576233649e-10,1.0,0.0,1,1.0,0.0,1.0,0.0
lower_noise,400,0.03,0.35,0.875,2,2002,0.8916891537112059,8.876308746345341e-10,2.0,0.0,2,1.0,0.0,1.0,0.0
lower_noise,400,0.03,0.35,0.875,3,2003,0.8955668042266559,6.588095749786635e-10,1.0,0.0,1,1.0,0.0,1.0,0.0
lower_noise,400,0.03,0.35,0.875,4,2004,0.8988062458155631,8.012371523696418e-10,1.0,0.0,1,1.0,0.0,1.0,0.0
lower_noise,400,0.03,0.35,0.875,5,2005,0.8946139759222177,6.235640016095515e-10,2.0,0.0,2,1.0,0.0,1.0,0.0
lower_noise,400,0.03,0.35,0.875,6,2006,0.9017680955802775,3.325727751901872e-10,2.0,0.0,2,1.0,0.0,1.0,0.0
lower_noise,400,0.03,0.35,0.875,7,2007,0.9182482514129361,2.5700479718136187e-08,2.0,0.0,2,1.0,0.0,1.0,0.0
lower_noise,400,0.03,0.35,0.875,8,2008,0.9086042983459067,2.715305774678175e-10,3.0,0.0,3,1.0,0.0,1.0,0.0
lower_noise,400,0.03,0.35,0.875,9,2009,0.8965550289356704,4.1993368399493843e-10,2.0,0.0,2,1.0,0.0,1.0,0.0
lower_noise,400,0.03,0.35,0.9,0,2000,0.9136196409347151,8.599284942221894e-12,3.0,0.0,3,1.0,0.0,1.0,0.0
lower_noise,400,0.03,0.35,0.9,1,2001,0.9036028113610741,5.832722008111058e-11,1.0,0.0,1,1.0,0.0,1.0,0.0
lower_noise,400,0.03,0.35,0.9,2,2002,0.8994985971631188,3.385442866246182e-10,2.0,0.0,2,1.0,0.0,1.0,0.0
lower_noise,400,0.03,0.35,0.9,3,2003,0.9027897977827685,1.9574719689615267e-10,1.0,0.0,1,1.0,0.0,1.0,0.0
lower_noise,400,0.03,0.35,0.9,4,2004,0.905972098877553,2.5197032718350123e-10,1.0,0.0,1,1.0,0.0,1.0,0.0
lower_noise,400,0.03,0.35,0.9,5,2005,0.9020560145823465,1.9286066438794017e-10,2.0,0.0,2,1.0,0.0,1.0,0.0
lower_noise,400,0.03,0.35,0.9,6,2006,0.9086424004688515,1.083050805479741e-10,2.0,0.0,2,1.0,0.0,1.0,0.0
lower_noise,400,0.03,0.35,0.9,7,2007,0.9236180768385024,4.877180722482849e-09,2.0,0.0,2,1.0,0.0,1.0,0.0
lower_noise,400,0.03,0.35,0.9,8,2008,0.9147659756218652,8.269072986360286e-11,2.0,0.0,2,1.0,0.0,1.0,0.0
lower_noise,400,0.03,0.35,0.9,9,2009,0.9037568828771357,1.4505279943309228e-10,2.0,0.0,2,1.0,0.0,1.0,0.0
higher_noise,400,0.03,0.45,0.4,0,3000,0.06828723721690676,0.03314233040781465,0.0615,0.2443721547148938,0,0.9395,0.04,0.475,0.0005913806291945583
higher_noise,400,0.03,0.45,0.4,1,3001,0.06219563425479899,0.0263282996917268,0.028,0.1679761887887685,0,0.9725,0.027,0.8325,0.00012472232479500566
higher_noise,400,0.03,0.45,0.4,2,3002,0.07873957809265585,0.035244967607113244,0.0475,0.21270578271405785,0,0.9525,0.035,0.555,0.0003536233738656458
higher_noise,400,0.03,0.45,0.4,3,3003,0.09329968594642986,0.03274341049528113,0.044,0.214625254804741,0,0.958,0.0315,0.493,0.00028394922112093333
higher_noise,400,0.03,0.45,0.4,4,3004,0.08136591617652016,0.030347968452309804,0.041,0.2032707553978191,0,0.96,0.031,0.5725,0.00025205574482412615
higher_noise,400,0.03,0.45,0.4,5,3005,0.09259826515549367,0.03419111261531857,0.041,0.20813216954618044,0,0.961,0.029,0.6985,0.00023539749187388492
higher_noise,400,0.03,0.45,0.4,6,3006,0.09470243237464873,0.035005105582906364,0.034,0.18666547618668003,0,0.967,0.032,0.695,0.00019711874901309502
higher_noise,400,0.03,0.45,0.4,7,3007,0.06982702370683512,0.03137106871378062,0.0285,0.16639636414297038,0,0.9715,0.024,0.654,0.00011381511781608799
higher_noise,400,0.03,0.45,0.4,8,3008,0.054866832256959285,0.024935448089669267,0.0285,0.16639636414297038,0,0.9715,0.022,0.703,0.00010433052505993868
higher_noise,400,0.03,0.45,0.4,9,3009,0.08919509501157184,0.03420673140422016,0.0475,0.21270578271405785,0,0.9525,0.034,0.566,0.00034351984918672807
higher_noise,400,0.03,0.45,0.425,0,3000,0.07250887559622615,0.033924424640478235,0.046,0.21185844330590178,0,0.9545,0.033,0.581,0.0003181054622633706
higher_noise,400,0.03,0.45,0.425,1,3001,0.06452241973586274,0.030379678713192255,0.036,0.18629009635512025,0,0.964,0.026,0.706,0.00017436753689483619
higher_noise,400,0.03,0.45,0.425,2,3002,0.08211457207713019,0.038613290980572444,0.046,0.21185844330590178,0,0.9545,0.035,0.615,0.00033738458060420765
higher_noise,400,0.03,0.45,0.425,3,3003,0.09877234488642606,0.04145227240834899,0.0615,0.2484305738028232,0,0.9405,0.039,0.4555,0.0005764831612910704
higher_noise,400,0.03,0.45,0.425,4,3004,0.0845233962142725,0.03186029888190736,0.0265,0.16061677994530957,0,0.9735,0.025,0.739,0.00010640862097011214
higher_noise,400,0.03,0.45,0.425,5,3005,0.10181481971941733,0.035757128726386304,0.0465,0.2198584772074982,0,0.9555,0.035,0.66,0.0003424295880343806
higher_noise,400,0.03,0.45,0.425,6,3006,0.10589226019718802,0.03984151678562864,0.0645,0.2536528139012063,0,0.9375,0.0425,0.4015,0.0006737653027783802
higher_noise,400,0.03,0.45,0.425,7,3007,0.07821785468424887,0.03756386352214999,0.0235,0.1579485675781835,0,0.9775,0.015,0.764,5.330764511147961e-05
higher_noise,400,0.03,0.45,0.425,8,3008,0.05961601685076348,0.029765292262797855,0.032,0.18701871564097536,0,0.97,0.0285,0.7995,0.00015990100748359556
higher_noise,400,0.03,0.45,0.425,9,3009,0.08669648529950992,0.037096242395102216,0.024,0.15304901175767194,0,0.976,0.018,0.883,6.61171767524906e-05
higher_noise,400,0.03,0.45,0.45,0,3000,0.07862478451015494,0.03655148274610739,0.0615,0.25043512133884094,0,0.941,0.0485,0.5165,0.0007166201144867662
higher_noise,400,0.03,0.45,0.45,1,3001,0.06787107387190038,0.03438694565869098,0.0455,0.21314255792778694,0,0.9555,0.038,0.7345,0.00036042407494073144
higher_noise,400,0.03,0.45,0.45,2,3002,0.08178720550833975,0.044333093281723523,0.033,0.1786365024288149,0,0.967,0.026,0.79,0.00015327012497892787
higher_noise,400,0.03,0.45,0.45,3,3003,0.10926407526059442,0.04794939307039913,0.081,0.2888580966495487,0,0.923,0.0545,0.396,0.001212193024831904
higher_noise,400,0.03,0.45,0.45,4,3004,0.08339066146767113,0.038885297968718625,0.0455,0.2083980566128197,0,0.9545,0.034,0.692,0.0003223918030621436
higher_noise,400,0.03,0.45,0.45,5,3005,0.11196776796715081,0.037692799142409736,0.068,0.2537242597782088,0,0.9325,0.045,0.4215,0.0007706874562026968
higher_noise,400,0.03,0.45,0.45,6,3006,0.11885831862184984,0.04760430730243418,0.064,0.25671774383552065,0,0.939,0.0435,0.5155,0.000681200548927337
higher_noise,400,0.03,0.45,0.45,7,3007,0.11363496108656955,0.05193254129543663,0.0405,0.19712876502428558,0,0.9595,0.028,0.645,0.00022354402752125475
higher_noise,400,0.03,0.45,0.45,8,3008,0.07198083481624885,0.04044581147333513,0.048,0.2137662274541982,0,0.952,0.033,0.5545,0.0003386057145482292
higher_noise,400,0.03,0.45,0.45,9,3009,0.09229667525918225,0.04015103256033834,0.0355,0.18503986057063487,0,0.9645,0.022,0.7515,0.00014451613767458077
higher_noise,400,0.03,0.45,0.475,0,3000,0.08838991527591791,0.04075170718754136,0.0285,0.16639636414297038,0,0.9715,0.022,0.7985,0.00010433052505993868
higher_noise,400,0.03,0.45,0.475,1,3001,0.07289862171284199,0.0413620989998106,0.0345,0.18522891242999834,0,0.966,0.025,0.766,0.00015744458186328175
higher_noise,400,0.03,0.45,0.475,2,3002,0.09369814955657728,0.04733012232840043,0.05,0.23130067012440755,0,0.953,0.033,0.517,0.00035874735023408796
higher_noise,400,0.03,0.45,0.475,3,3003,0.11627344660884367,0.05051219971038043,0.0705,0.2559877926776978,0,0.9295,0.047,0.31,0.000848215569084691
higher_noise,400,0.03,0.45,0.475,4,3004,0.08567534924523225,0.04385719238443543,0.0385,0.1949814093702269,0,0.962,0.031,0.6415,0.00022968810764742103
higher_noise,400,0.03,0.45,0.475,5,3005,0.12864950139815598,0.04059573373430699,0.056,0.22992172581119863,0,0.944,0.046,0.5135,0.0005922783785652649
higher_noise,400,0.03,0.45,0.475,6,3006,0.1334357677433728,0.058672190071183065,0.073,0.28402640722299044,0,0.9335,0.0495,0.554,0.0009349439448640348
higher_noise,400,0.03,0.45,0.475,7,3007,0.13727435912968855,0.04251976599419637,0.0825,0.2978149593287751,0,0.924,0.0515,0.311,0.001165647773446762
higher_noise,400,0.03,0.45,0.475,8,3008,0.09521561217166351,0.05398713798559748,0.0485,0.21942595562056916,0,0.9525,0.032,0.6005,0.0003335274629659979
higher_noise,400,0.03,0.45,0.475,9,3009,0.1090254924430076,0.06637448198258201,0.065,0.250549396327351,0,0.936,0.047,0.5065,0.0007536526001878325
higher_noise,400,0.03,0.45,0.5,0,3000,0.10117028456898765,0.044513143970491095,0.0465,0.21757240174250042,0,0.955,0.0365,0.521,0.0003573626796528153
higher_noise,400,0.03,0.45,0.5,1,3001,0.08978628010942262,0.04224946269941332,0.0475,0.22415117666432177,0,0.955,0.033,0.5965,0.0003328645074333211
higher_noise,400,0.03,0.45,0.5,2,3002,0.10990499695586065,0.04870012093521601,0.04,0.19595917942265426,0,0.96,0.032,0.6255,0.00025082775749936485
higher_noise,400,0.03,0.45,0.5,3,3003,0.13511656042051573,0.05053925289974567,0.074,0.2855240795449659,0,0.9325,0.0465,0.352,0.0008961887239446371
higher_noise,400,0.03,0.45,0.5,4,3004,0.08604599364737846,0.04344088770091362,0.027,0.16513933510826545,0,0.9735,0.025,0.9095,0.00010940481388541811
higher_noise,400,0.03,0.45,0.5,5,3005,0.12679037915080635,0.05756649755632417,0.0835,0.28377411791775514,0,0.9185,0.061,0.3015,0.0014107830503557106
higher_noise,400,0.03,0.45,0.5,6,3006,0.1517745611673166,0.07323644209269947,0.134,0.3742245315315392,0,0.878,0.077,0.264,0.0035154652948626713
higher_noise,400,0.03,0.45,0.5,7,3007,0.20373138346871883,0.03465722747263561,0.1375,0.37362246988102843,0,0.8725,0.0865,0.234,0.004120588862337255
higher_noise,400,0.03,0.45,0.5,8,3008,0.12730448421313686,0.0645387342362958,0.0915,0.29176660192695114,0,0.9095,0.059,0.2985,0.0015578877973938335
higher_noise,400,0.03,0.45,0.5,9,3009,0.12100889730937398,0.06444530630828328,0.0995,0.30919209239564976,0,0.9035,0.063,0.467,0.0018797333555563903
higher_noise,400,0.03,0.45,0.525,0,3000,0.13635045321439285,0.05335246294330236,0.087,0.2853611746541565,0,0.914,0.0725,0.2615,0.001779226948509726
higher_noise,400,0.03,0.45,0.525,1,3001,0.10856873711640617,0.062354812880393726,0.083,0.2830388665890252,0,0.919,0.0625,0.485,0.0014328842850330876
higher_noise,400,0.03,0.45,0.525,2,3002,0.1355582658558702,0.04151824153246032,0.0655,0.2611699638166686,0,0.938,0.0465,0.5415,0.000752953021875994
higher_noise,400,0.03,0.45,0.525,3,3003,0.1926396278855538,0.06050582900045188,0.1465,0.41717831918737097,0,0.8745,0.0885,0.1825,0.004633495348990209
higher_noise,400,0.03,0.45,0.525,4,3004,0.0929440650253882,0.04740947700290296,0.032,0.17600000000000002,0,0.968,0.032,0.7735,0.0001802240056320002
higher_noise,400,0.03,0.45,0.525,5,3005,0.20586364998245324,0.08305157635032559,0.277,0.5265652856009405,0,0.759,0.1475,0.128,0.018718079616801664
higher_noise,400,0.03,0.45,0.525,6,3006,0.1768684271343674,0.08115264915418624,0.168,0.40715598976313727,0,0.845,0.102,0.319,0.006437136261264379
higher_noise,400,0.03,0.45,0.525,7,3007,0.21987840601972442,0.042120352664964,0.219,0.4785801918174216,0,0.8055,0.1245,0.0995,0.011588939082990666
higher_noise,400,0.03,0.45,0.525,8,3008,0.12637426183412595,0.04422504054533012,0.0715,0.26151051604094244,0,0.9295,0.0465,0.3965,0.000857296867647711
higher_noise,400,0.03,0.45,0.525,9,3009,0.1873447753399292,0.06347667312154334,0.125,0.3665719574653795,0,0.8865,0.0835,0.352,0.003474094125494687
higher_noise,400,0.03,0.45,0.55,0,3000,0.1668953882648455,0.06017585693880747,0.115,0.3313231051405863,0,0.889,0.077,0.3425,0.0028318186164134557
higher_noise,400,0.03,0.45,0.55,1,3001,0.1291914828895383,0.08192097835724753,0.074,0.2711530932886439,0,0.928,0.0565,0.43,0.0011030508030212252
higher_noise,400,0.03,0.45,0.55,2,3002,0.1777851172044724,0.05747649234965437,0.141,0.37432472533884265,0,0.8685,0.096,0.395,0.004725475381901249
higher_noise,400,0.03,0.45,0.55,3,3003,0.22045000338688225,0.05558173994948235,0.2415,0.4880345786929446,0,0.785,0.135,0.1495,0.014165203751490149
higher_noise,400,0.03,0.45,0.55,4,3004,0.12023840460922432,0.0832587327008001,0.106,0.3503769398804665,0,0.907,0.0645,0.617,0.002101736106458033
higher_noise,400,0.03,0.45,0.55,5,3005,0.28524243960965995,0.06579283644168776,0.4585,0.6821127106277965,0,0.639,0.2155,0.1585,0.053065299625887435
higher_noise,400,0.03,0.45,0.55,6,3006,0.19314177861650972,0.08798301804494728,0.2425,0.5400867985796357,0,0.8045,0.129,0.2615,0.013620719122366093
higher_noise,400,0.03,0.45,0.55,7,3007,0.3085433025983743,0.054623962173401576,0.599,0.7451167693724253,0,0.5365,0.2665,0.0995,0.0920388727693594
higher_noise,400,0.03,0.45,0.55,8,3008,0.16939347608503716,0.053947388405331774,0.1295,0.3684151869833816,0,0.881,0.09,0.1925,0.003945726696433424
higher_noise,400,0.03,0.45,0.55,9,3009,0.2368132867742018,0.06869144100561325,0.2535,0.49319139286893476,0,0.773,0.148,0.207,0.016569258146779176
higher_noise,400,0.03,0.45,0.575,0,3000,0.15155727132750588,0.06697980537091813,0.121,0.3497985134330905,0,0.887,0.0825,0.377,0.003260996681007218
higher_noise,400,0.03,0.45,0.575,1,3001,0.11649809961417139,0.052636833697679734,0.068,0.25568730903195014,0,0.933,0.0425,0.574,0.0007280696295995272
higher_noise,400,0.03,0.45,0.575,2,3002,0.22449649781532527,0.06501771023885661,0.255,0.5118349343294184,0,0.778,0.152,0.1025,0.017271358137639248
higher_noise,400,0.03,0.45,0.575,3,3003,0.21598183842627328,0.1009504022851781,0.3535,0.6599528392241373,0,0.7285,0.157,0.174,0.028130819927525655
higher_noise,400,0.03,0.45,0.575,4,3004,0.2126732688270723,0.0752691341187751,0.262,0.5092700658786062,0,0.7695,0.159,0.112,0.018664493396804732
higher_noise,400,0.03,0.45,0.575,5,3005,0.37042503674986044,0.08360839285060431,1.51,1.381267533825363,1,0.3005,0.413,0.0995,0.3990392132493742
higher_noise,400,0.03,0.45,0.575,6,3006,0.19728390910224286,0.11805465803983323,0.432,0.9956786630233672,0,0.7675,0.1455,0.411,0.03368256480324702
higher_noise,400,0.03,0.45,0.575,7,3007,0.3632873093125993,0.06578491558431916,1.2235,1.1906081429252868,0,0.3415,0.371,0.0995,0.29086973722916326
higher_noise,400,0.03,0.45,0.575,8,3008,0.21329743124041653,0.07617857733957357,0.367,0.6688131278615873,0,0.717,0.167,0.1115,0.0316087774251406
higher_noise,400,0.03,0.45,0.575,9,3009,0.3067462289119692,0.07395650575278376,0.793,0.9592450156242669,0,0.476,0.2735,0.0995,0.1374732406718206
higher_noise,400,0.03,0.45,0.6,0,3000,0.17259143615118672,0.059253043166537525,0.1795,0.4292781732163889,0,0.8375,0.1095,0.251,0.007638468564426823
higher_noise,400,0.03,0.45,0.6,1,3001,0.21454646265669744,0.055281351704938586,0.2985,0.591944042963522,0,0.7605,0.1505,0.1015,0.021336475184380012
higher_noise,400,0.03,0.45,0.6,2,3002,0.28716846554725267,0.1010244802028338,0.892,1.2487337586531406,0,0.5575,0.2655,0.0995,0.14670592527073062
higher_noise,400,0.03,0.45,0.6,3,3003,0.2971188940512811,0.11056024114630832,1.2075,1.3734787038756735,0,0.407,0.3265,0.108,0.2659253933260095
higher_noise,400,0.03,0.45,0.6,4,3004,0.24718340825018972,0.08975908170309886,0.3825,0.6664786193119776,0,0.698,0.1915,0.1495,0.03854445819194615
higher_noise,400,0.03,0.45,0.6,5,3005,0.37465782731438696,0.06603442893775638,1.5825,1.4419409661979925,1,0.307,0.4515,0.0995,0.45116818894247196
higher_noise,400,0.03,0.45,0.6,6,3006,0.20874066020925716,0.09667124669693246,0.391,0.8337379684289303,0,0.753,0.1585,0.245,0.03264042480094169
higher_noise,400,0.03,0.45,0.6,7,3007,0.3859932674675139,0.0678535195548027,1.882,1.6121650039620634,1,0.294,0.448,0.0995,0.5099084459113417
higher_noise,400,0.03,0.45,0.6,8,3008,0.27009562543552873,0.10286817079159731,0.9025,1.199163771133868,0,0.542,0.2645,0.1485,0.14526789894814493
higher_noise,400,0.03,0.45,0.6,9,3009,0.3444530833251614,0.1228919726654786,1.879,1.8879510057202227,0,0.31,0.3745,0.0995,0.48785598093582033
higher_noise,400,0.03,0.45,0.625,0,3000,0.2442773536073779,0.08820617083594191,0.6755,0.9456213565693194,0,0.5735,0.2465,0.0995,0.09941530126749235
higher_noise,400,0.03,0.45,0.625,1,3001,0.28520346946026653,0.09719309727377766,0.9455,1.2310685399278143,0,0.511,0.261,0.0995,0.15712004728443954
higher_noise,400,0.03,0.45,0.625,2,3002,0.386271925621161,0.11783696621761235,1.9995,1.8746999093188221,0,0.284,0.395,0.0995,0.5302026296958344
higher_noise,400,0.03,0.45,0.625,3,3003,0.3551441847073461,0.12869097921674086,2.328,2.1408914031309485,0,0.277,0.383,0.0995,0.5928320990974524
higher_noise,400,0.03,0.45,0.625,4,3004,0.2758409863485123,0.1115388086519841,0.858,1.0971946044344183,0,0.5175,0.2685,0.0995,0.14214293302713088
higher_noise,400,0.03,0.45,0.625,5,3005,0.41095829628194874,0.06533853901213207,2.481,1.7764118328811032,1,0.22,0.4975,0.0995,0.6893366131351133
higher_noise,400,0.03,0.45,0.625,6,3006,0.2798740395797187,0.13251427682329364,1.2035,1.6858492666902343,0,0.5285,0.281,0.1225,0.22336069891256718
higher_noise,400,0.03,0.45,0.625,7,3007,0.4127302982837062,0.07940555961692966,3.0275,1.771932208071178,3,0.2075,0.533,0.0995,0.748468595924042
higher_noise,400,0.03,0.45,0.625,8,3008,0.3549500578938689,0.10948558920905453,2.0405,1.806892290647121,0,0.2735,0.4005,0.0995,0.5257392545993382
higher_noise,400,0.03,0.45,0.625,9,3009,0.3600746013953681,0.13510949605926403,2.309,2.1296757969230904,0,0.274,0.3865,0.0995,0.5975849004869669
higher_noise,400,0.03,0.45,0.65,0,3000,0.30820649289939966,0.13939666524008373,1.791,1.954051944038336,0,0.39,0.3505,0.118,0.4177860770870881
higher_noise,400,0.03,0.45,0.65,1,3001,0.3247872575753076,0.1173580984845618,1.822,1.7582138663996483,0,0.3215,0.393,0.0995,0.46882860777534757
higher_noise,400,0.03,0.45,0.65,2,3002,0.40892247458830117,0.11187779663205343,2.8135,2.2822615428561206,0,0.234,0.4005,0.0995,0.7001590446502417
higher_noise,400,0.03,0.45,0.65,3,3003,0.37597888776252275,0.10324871241323955,2.341,1.799644131488223,1,0.2185,0.4155,0.0995,0.5843682961853901
higher_noise,400,0.03,0.45,0.65,4,3004,0.2957705471610827,0.15930270604749072,1.817,1.9681237257855513,0,0.401,0.3485,0.1345,0.41084878112222867
higher_noise,400,0.03,0.45,0.65,5,3005,0.437821181359301,0.05087007493270062,4.2715,1.7172034678511454,4,0.2255,0.575,0.0995,0.7647351006941334
higher_noise,400,0.03,0.45,0.65,6,3006,0.23764947587779095,0.12948831826751303,0.9655,1.4917472138402001,0,0.598,0.235,0.1255,0.14092535989116609
higher_noise,400,0.03,0.45,0.65,7,3007,0.4372025975163449,0.03444045005509071,4.014,1.4955948649283335,4,0.2715,0.573,0.0995,0.6243069133540075
higher_noise,400,0.03,0.45,0.65,8,3008,0.37517320510025703,0.0937715454390419,2.8695,1.976985015117717,4,0.174,0.4645,0.0995,0.7585236812783102
higher_noise,400,0.03,0.45,0.65,9,3009,0.40755051268189946,0.12537552793461781,3.116,2.2639664308465353,0,0.1665,0.415,0.0995,0.7831116502329097
higher_noise,400,0.03,0.45,0.675,0,3000,0.3424341134078441,0.14373080576883268,2.458,2.3826951126822755,0,0.3695,0.3735,0.0995,0.5611050433042856
higher_noise,400,0.03,0.45,0.675,1,3001,0.30845016147333826,0.14613169541080445,1.7755,1.982447918609717,0,0.358,0.349,0.0995,0.44418331702058755
higher_noise,400,0.03,0.45,0.675,2,3002,0.39838167201106534,0.10040831270441142,2.9445,2.010825638885679,2,0.1825,0.455,0.0995,0.7479517333478644
higher_noise,400,0.03,0.45,0.675,3,3003,0.3830716893986445,0.10426198889953214,3.769,2.06558442093273,5,0.1695,0.433,0.0995,0.7427975857816136
higher_noise,400,0.03,0.45,0.675,4,3004,0.3334324668349901,0.15848746692213886,2.4795,2.3840259541372446,0,0.3655,0.3505,0.146,0.5301888975116431
higher_noise,400,0.03,0.45,0.675,5,3005,0.5211081592917262,0.010240844463485348,5.9145,1.3484026661201765,6,0.2805,0.547,0.0995,0.5306861188657622
higher_noise,400,0.03,0.45,0.675,6,3006,0.3519983147487489,0.15796506554969897,2.682,2.417824642111168,0,0.3245,0.3965,0.116,0.6475798780215669
higher_noise,400,0.03,0.45,0.675,7,3007,0.5248010243100433,0.008973314447646876,5.784,1.3097114185957148,6,0.2955,0.5275,0.0995,0.4867198697190509
higher_noise,400,0.03,0.45,0.675,8,3008,0.45188442197477535,0.039871124467868134,4.747,1.5562747186791923,5,0.2435,0.542,0.0995,0.6381084301543202
higher_noise,400,0.03,0.45,0.675,9,3009,0.42808346454564156,0.12760957644113646,4.3365,2.1863823430498153,5,0.2215,0.47,0.0995,0.7999863691123108
higher_noise,400,0.03,0.45,0.7,0,3000,0.3756514118336729,0.18656437781364274,3.141,2.327255679980178,0,0.2335,0.3645,0.0995,0.6502102207717434
higher_noise,400,0.03,0.45,0.7,1,3001,0.3368623599883398,0.14547854880488553,2.631,2.374202813577644,1,0.2225,0.402,0.0995,0.7420689622437032
higher_noise,400,0.03,0.45,0.7,2,3002,0.4061072239286045,0.05956686927084142,4.2765,1.4311001886660486,4,0.2585,0.5285,0.0995,0.5608234785211307
higher_noise,400,0.03,0.45,0.7,3,3003,0.6218433974467352,0.006787341839276724,4.7445,1.2195161950544158,5,0.3415,0.25,0.0995,0.2007628544138846
higher_noise,400,0.03,0.45,0.7,4,3004,0.3855328874680433,0.1522889957631273,3.0795,2.4300575610466515,0,0.234,0.4125,0.0995,0.7678374397131398
higher_noise,400,0.03,0.45,0.7,5,3005,0.6165950012484426,0.005949354412093301,5.2745,1.2685226643619734,5,0.344,0.335,0.0995,0.27877054155233816
higher_noise,400,0.03,0.45,0.7,6,3006,0.3880095789615616,0.1670185109496796,4.173,2.43681575011325,5,0.222,0.432,0.1365,0.8190040282459056
higher_noise,400,0.03,0.45,0.7,7,3007,0.6093284206373359,0.005320469073249639,5.024,1.3165956098969798,5,0.273,0.2925,0.0995,0.279970765912733
higher_noise,400,0.03,0.45,0.7,8,3008,0.582697283489068,0.008912346223080818,5.4135,1.3869094238630004,5,0.3,0.373,0.0995,0.36212205154146604
higher_noise,400,0.03,0.45,0.7,9,3009,0.5177201961353596,0.025916688883762824,5.3415,1.5899301085267867,5,0.2375,0.392,0.0995,0.47523011065097825
higher_noise,400,0.03,0.45,0.725,0,3000,0.38796889182346495,0.14897207778001706,3.879,2.3346003940717566,5,0.184,0.4445,0.0995,0.8467875800395891
higher_noise,400,0.03,0.45,0.725,1,3001,0.38774696346411386,0.0758348244153173,4.7155,1.6265176758953466,5,0.252,0.524,0.0995,0.6375168573191681
higher_noise,400,0.03,0.45,0.725,2,3002,0.4718282668822095,0.020316321333981393,5.6775,1.433001657361219,6,0.264,0.476,0.0995,0.5020320696879893
higher_noise,400,0.03,0.45,0.725,3,3003,0.7012007438324802,0.003122798171178042,2.926,0.8868618832715722,3,0.434,0.1265,0.0995,0.06349842448232514
higher_noise,400,0.03,0.45,0.725,4,3004,0.39611602967749227,0.16430692549672932,4.082,2.3713447661611755,5,0.205,0.444,0.0995,0.837037277444791
higher_noise,400,0.03,0.45,0.725,5,3005,0.6766348180696281,0.0049933973756970205,3.604,1.1979916527255103,4,0.319,0.1655,0.0995,0.13502024903208734
higher_noise,400,0.03,0.45,0.725,6,3006,0.5662243492340978,0.008448763796737325,5.917,1.2988883708771897,6,0.324,0.449,0.0995,0.3942437947601767
higher_noise,400,0.03,0.45,0.725,7,3007,0.668301171926182,0.003560124638751594,2.7145,1.0305288690764562,2,0.358,0.1005,0.0995,0.06649075382328157
higher_noise,400,0.03,0.45,0.725,8,3008,0.6580785061529916,0.004904193548159975,3.9785,1.203344402072823,4,0.2905,0.196,0.0995,0.16733948009482377
higher_noise,400,0.03,0.45,0.725,9,3009,0.6574704483525888,0.004173572004379587,2.934,1.253253366243235,3,0.269,0.0825,0.0995,0.07558057830084211
higher_noise,400,0.03,0.45,0.75,0,3000,0.5511635159315463,0.007789777137822008,5.027,1.5087315864659296,5,0.268,0.311,0.0995,0.34346576422653335
higher_noise,400,0.03,0.45,0.75,1,3001,0.605959224629883,0.005857566373537921,4.234,1.5428039408816663,4,0.253,0.242,0.0995,0.2788988407614169
higher_noise,400,0.03,0.45,0.75,2,3002,0.6111194666854145,0.004922430867554472,3.9955,1.318893380831066,3,0.3015,0.1885,0.0995,0.17365506541847622
higher_noise,400,0.03,0.45,0.75,3,3003,0.7445959168270168,0.0004966634588919825,1.5905,0.5251759229058393,2,0.5565,0.027,0.0995,0.006288719321751493
higher_noise,400,0.03,0.45,0.75,4,3004,0.43622359247382586,0.14758416358062587,5.0805,1.9416538697718497,6,0.234,0.478,0.0995,0.7109326825965301
higher_noise,400,0.03,0.45,0.75,5,3005,0.7188385713847711,0.0038417100005441736,2.9195,0.9555206695828196,3,0.447,0.11,0.0995,0.05812432285912584
higher_noise,400,0.03,0.45,0.75,6,3006,0.6590959942647014,0.004445483450100117,4.564,1.2421368684649852,5,0.314,0.2545,0.0995,0.21686095030680225
higher_noise,400,0.03,0.45,0.75,7,3007,0.7120112242302228,0.0009345946120477818,1.527,0.6018895247468592,1,0.5295,0.0335,0.0995,0.00948683249986783
higher_noise,400,0.03,0.45,0.75,8,3008,0.7067426611812686,0.0016278735087342034,1.8155,0.8182052004234635,1,0.417,0.067,0.0995,0.03195991381075454
higher_noise,400,0.03,0.45,0.75,9,3009,0.7141607019458204,0.0016722741379286386,2.0695,0.9244835044499171,2,0.337,0.047,0.0995,0.028807831095096433
higher_noise,400,0.03,0.45,0.775,0,3000,0.6522947258186103,0.0030540750347981976,2.3045,0.9761043745419851,2,0.39,0.0625,0.0995,0.03721397987483685
higher_noise,400,0.03,0.45,0.775,1,3001,0.6782857146525989,0.0027183492857162533,2.5855,1.1660573527918772,2,0.3315,0.0775,0.0995,0.060411974655965504
higher_noise,400,0.03,0.45,0.775,2,3002,0.6774761771194895,0.002392383633977338,1.696,0.7717408891590493,1,0.484,0.039,0.0995,0.015530514051655005
higher_noise,400,0.03,0.45,0.775,3,3003,0.7757828133969397,3.321767024453716e-05,1.0,0.0,1,1.0,0.0,1.0,0.0
higher_noise,400,0.03,0.45,0.775,4,3004,0.6281892283791939,0.00578490336916666,4.3335,1.4897240516283545,4,0.25,0.2245,0.0995,0.2508322883102172
higher_noise,400,0.03,0.45,0.775,5,3005,0.7502267335665799,0.0016224653147801065,1.7165,0.7524146130957319,1,0.456,0.0465,0.0995,0.019033080462183185
higher_noise,400,0.03,0.45,0.775,6,3006,0.707682009302131,0.0027443617894878005,2.348,0.9038229915199104,2,0.4035,0.0975,0.0995,0.052565215947189006
higher_noise,400,0.03,0.45,0.775,7,3007,0.7459097667916998,9.438787013666002e-05,1.0,0.0,1,1.0,0.0,1.0,0.0
higher_noise,400,0.03,0.45,0.775,8,3008,0.7429879300216392,0.00018894996677763613,1.008,0.08908422980528036,1,0.992,0.001,0.9545,7.126745511160819e-07
higher_noise,400,0.03,0.45,0.775,9,3009,0.7517920025650539,0.00014946949423106794,1.0255,0.15763803475050048,1,0.9745,0.002,0.886,8.0395437920454e-06
higher_noise,400,0.03,0.45,0.8,0,3000,0.7053118366091671,0.0004945573504478715,1.3525,0.4942102285465165,1,0.6555,0.015,0.0995,0.0025538315262695474
higher_noise,400,0.03,0.45,0.8,1,3001,0.7224482227387825,0.0011278671763959125,1.6695,0.614222882999323,2,0.5135,0.033,0.0995,0.009861041573932066
higher_noise,400,0.03,0.45,0.8,2,3002,0.7211802653117667,0.0004565851046816349,1.042,0.20058913230780973,1,0.958,0.003,0.792,2.5274239095527606e-05
higher_noise,400,0.03,0.45,0.8,3,3003,0.7995802480023418,3.0175498165669723e-06,1.0,0.0,1,1.0,0.0,1.0,0.0
higher_noise,400,0.03,0.45,0.8,4,3004,0.6900738331272858,0.0033145264286444567,2.66,1.2220474622534103,3,0.27,0.0855,0.0995,0.07627409324864126
higher_noise,400,0.03,0.45,0.8,5,3005,0.7757213747893861,0.0002784108766912629,1.011,0.10430244484191156,1,0.989,0.001,0.9405,1.1473280405879214e-06
higher_noise,400,0.03,0.45,0.8,6,3006,0.7427606288804608,0.001190371338160617,1.5865,0.62810647982647,1,0.4895,0.0425,0.0995,0.01362755553358341
higher_noise,400,0.03,0.45,0.8,7,3007,0.7726945991020009,1.0624849007392508e-05,1.0,0.0,1,1.0,0.0,1.0,0.0
higher_noise,400,0.03,0.45,0.8,8,3008,0.7710036918381605,2.914944928106617e-05,1.0,0.0,1,1.0,0.0,1.0,0.0
higher_noise,400,0.03,0.45,0.8,9,3009,0.7800025044586896,1.756743160227068e-05,1.0,0.0,1,1.0,0.0,1.0,0.0
higher_noise,400,0.03,0.45,0.825,0,3000,0.7420235638913681,4.4961138105536656e-05,1.0,0.0,1,1.0,0.0,1.0,0.0
higher_noise,400,0.03,0.45,0.825,1,3001,0.7544709883679359,0.00020783292453879386,1.0855,0.27962430151902035,1,0.9145,0.0045,0.713,0.00010758547391732088
higher_noise,400,0.03,0.45,0.825,2,3002,0.7534175424740484,5.868407130069511e-05,1.0,0.0,1,1.0,0.0,1.0,0.0
higher_noise,400,0.03,0.45,0.825,3,3003,0.8186647557050133,1.952502106734299e-07,1.0,0.0,1,1.0,0.0,1.0,0.0
higher_noise,400,0.03,0.45,0.825,4,3004,0.7294829546725832,0.0008130296559308419,1.4035,0.4936473944021178,1,0.598,0.0235,0.0995,0.004663487133363059
higher_noise,400,0.03,0.45,0.825,5,3005,0.7967129911879163,4.3575645036224956e-05,1.0,0.0,1,1.0,0.0,1.0,0.0
higher_noise,400,0.03,0.45,0.825,6,3006,0.7697127805024152,0.000253248724324348,1.0,0.0,1,1.0,0.0,1.0,0.0
higher_noise,400,0.03,0.45,0.825,7,3007,0.7945647007442141,1.206707137480677e-06,1.0,0.0,1,1.0,0.0,1.0,0.0
higher_noise,400,0.03,0.45,0.825,8,3008,0.7934868488580267,4.947878525279259e-06,1.0,0.0,1,1.0,0.0,1.0,0.0
higher_noise,400,0.03,0.45,0.825,9,3009,0.8022816186383168,2.480760556530413e-06,1.0,0.0,1,1.0,0.0,1.0,0.0
higher_noise,400,0.03,0.45,0.85,0,3000,0.7698548102645891,5.437798264470459e-06,1.0,0.0,1,1.0,0.0,1.0,0.0
higher_noise,400,0.03,0.45,0.85,1,3001,0.7795003552355558,3.2684036570916747e-05,1.0,0.0,1,1.0,0.0,1.0,0.0
higher_noise,400,0.03,0.45,0.85,2,3002,0.7786267657496513,8.269485472292263e-06,1.0,0.0,1,1.0,0.0,1.0,0.0
higher_noise,400,0.03,0.45,0.85,3,3003,0.8344886862417888,2.807868847865543e-08,1.0,0.0,1,1.0,0.0,1.0,0.0
higher_noise,400,0.03,0.45,0.85,4,3004,0.7588671376194722,7.217070379070774e-05,1.0075,0.08627716963368699,1,0.9925,0.001,0.9465,6.470794193314205e-07
higher_noise,400,0.03,0.45,0.85,5,3005,0.8142844256450918,7.191195423491726e-06,1.0,0.0,1,1.0,0.0,1.0,0.0
higher_noise,400,0.03,0.45,0.85,6,3006,0.7913752175239014,4.238146582071782e-05,1.0,0.0,1,1.0,0.0,1.0,0.0
higher_noise,400,0.03,0.45,0.85,7,3007,0.8128584237142166,1.311794013544556e-07,1.0,0.0,1,1.0,0.0,1.0,0.0
higher_noise,400,0.03,0.45,0.85,8,3008,0.8120946792224177,7.781620276545301e-07,1.0,0.0,1,1.0,0.0,1.0,0.0
higher_noise,400,0.03,0.45,0.85,9,3009,0.8205312842380375,3.482421872819664e-07,1.0,0.0,1,1.0,0.0,1.0,0.0
higher_noise,400,0.03,0.45,0.875,0,3000,0.7921058738245829,6.989729109265526e-07,1.0,0.0,1,1.0,0.0,1.0,0.0
higher_noise,400,0.03,0.45,0.875,1,3001,0.7998510137658382,6.229056784746149e-06,1.0,0.0,1,1.0,0.0,1.0,0.0
higher_noise,400,0.03,0.45,0.875,2,3002,0.7991559941142898,1.275509742430258e-06,1.0,0.0,1,1.0,0.0,1.0,0.0
higher_noise,400,0.03,0.45,0.875,3,3003,0.8479103157091396,7.467624093049236e-09,1.0,0.0,1,1.0,0.0,1.0,0.0
higher_noise,400,0.03,0.45,0.875,4,3004,0.7820930621226214,8.567210049392374e-06,1.0,0.0,1,1.0,0.0,1.0,0.0
higher_noise,400,0.03,0.45,0.875,5,3005,0.8292625145110994,1.1819330364811194e-06,1.0,0.0,1,1.0,0.0,1.0,0.0
higher_noise,400,0.03,0.45,0.875,6,3006,0.8093083220022678,7.030270183700828e-06,1.0,0.0,1,1.0,0.0,1.0,0.0
higher_noise,400,0.03,0.45,0.875,7,3007,0.8284297870504838,1.2867978283148664e-08,1.0,0.0,1,1.0,0.0,1.0,0.0
higher_noise,400,0.03,0.45,0.875,8,3008,0.8278305052130485,1.153504641822687e-07,1.0,0.0,1,1.0,0.0,1.0,0.0
higher_noise,400,0.03,0.45,0.875,9,3009,0.8358497045661097,4.894844916576137e-08,1.0,0.0,1,1.0,0.0,1.0,0.0
higher_noise,400,0.03,0.45,0.9,0,3000,0.8104933800731977,9.600088586224132e-08,1.0,0.0,1,1.0,0.0,1.0,0.0
higher_noise,400,0.03,0.45,0.9,1,3001,0.8168651185411236,1.2076780544430113e-06,1.0,0.0,1,1.0,0.0,1.0,0.0
higher_noise,400,0.03,0.45,0.9,2,3002,0.8163290669090453,2.1689671607159786e-07,1.0,0.0,1,1.0,0.0,1.0,0.0
higher_noise,400,0.03,0.45,0.9,3,3003,0.859483419067968,1.8788145281696687e-09,1.0,0.0,1,1.0,0.0,1.0,0.0
higher_noise,400,0.03,0.45,0.9,4,3004,0.8011656382810267,1.5256210465586538e-06,1.0,0.0,1,1.0,0.0,1.0,0.0
higher_noise,400,0.03,0.45,0.9,5,3005,0.842212091021816,1.925389135996786e-07,1.0,0.0,1,1.0,0.0,1.0,0.0
higher_noise,400,0.03,0.45,0.9,6,3006,0.824508416157495,1.1499523408745542e-06,1.0,0.0,1,1.0,0.0,1.0,0.0
higher_noise,400,0.03,0.45,0.9,7,3007,0.8418627274734831,1.7164825455349997e-09,1.0,0.0,1,1.0,0.0,1.0,0.0
higher_noise,400,0.03,0.45,0.9,8,3008,0.8413512674387155,1.761709528524273e-08,1.0,0.0,1,1.0,0.0,1.0,0.0
higher_noise,400,0.03,0.45,0.9,9,3009,0.8489372730453443,1.0208446376295318e-08,1.0,0.0,1,1.0,0.0,1.0,0.0
smaller_dt,400,0.025,0.4,0.4,0,4000,0.08929042142988139,0.04096837727956429,0.0595,0.2428162885804822,0,0.942,0.028,0.714,0.0003943336667380482
smaller_dt,400,0.025,0.4,0.4,1,4001,0.06330223982280085,0.03791135809997089,0.0275,0.1635351644142629,0,0.9725,0.021,0.768,9.444156194645375e-05
smaller_dt,400,0.025,0.4,0.4,2,4002,0.12214962676703126,0.0776500178954105,0.0745,0.27193703315289736,0,0.928,0.041,0.4965,0.0008027581414468189
smaller_dt,400,0.025,0.4,0.4,3,4003,0.09250273141666511,0.04083864250525429,0.0245,0.15459543977750442,0,0.9755,0.0175,0.8315,6.62827985921932e-05
smaller_dt,400,0.025,0.4,0.4,4,4004,0.08208710662119757,0.04055276491014861,0.0325,0.18012148678045048,0,0.968,0.017,0.7715,9.798609457245273e-05
smaller_dt,400,0.025,0.4,0.4,5,4005,0.06644567405944528,0.035526278148205734,0.0195,0.13827418414150922,0,0.9805,0.014,0.799,3.774885496697853e-05
smaller_dt,400,0.025,0.4,0.4,6,4006,0.075479173748981,0.04804964245174355,0.038,0.21576839434912612,0,0.966,0.0215,0.594,0.00015772670360533671
smaller_dt,400,0.025,0.4,0.4,7,4007,0.07995362140639892,0.028111158930792593,0.0525,0.22966007489330836,0,0.949,0.027,0.4895,0.0003162419348407497
smaller_dt,400,0.025,0.4,0.4,8,4008,0.08386364377251518,0.02828499581703215,0.0455,0.21314255792778697,0,0.9555,0.022,0.756,0.00020866657369614716
smaller_dt,400,0.025,0.4,0.4,9,4009,0.09074532265593017,0.03415373290576272,0.0335,0.179938183829892,0,0.9665,0.02,0.744,0.00012055858919395669
smaller_dt,400,0.025,0.4,0.425,0,4000,0.10349704642518068,0.05213794843251989,0.077,0.2950779558015136,0,0.931,0.034,0.5715,0.0006922529046707294
smaller_dt,400,0.025,0.4,0.425,1,4001,0.06928363963643214,0.04852391263957595,0.044,0.214625254804741,0,0.958,0.027,0.5985,0.00024338504796283722
smaller_dt,400,0.025,0.4,0.425,2,4002,0.1716682681258507,0.0747491003433023,0.138,0.3794153397004396,0,0.874,0.067,0.251,0.0032030243455574443
smaller_dt,400,0.025,0.4,0.425,3,4003,0.10265121178016047,0.04266020235367925,0.033,0.1786365024288149,0,0.967,0.0205,0.618,0.00012084759978809796
smaller_dt,400,0.025,0.4,0.425,4,4004,0.09956419779529918,0.05391602090494639,0.054,0.23039965277751615,0,0.947,0.028,0.59,0.0003419130969330158
smaller_dt,400,0.025,0.4,0.425,5,4005,0.0802170277322017,0.03709863744991625,0.0205,0.14170303454760594,0,0.9795,0.013,0.9005,3.776386161184912e-05
smaller_dt,400,0.025,0.4,0.425,6,4006,0.0785411728474545,0.05023253601179591,0.042,0.20551398979144947,0,0.959,0.024,0.65,0.00020222577438086005
smaller_dt,400,0.025,0.4,0.425,7,4007,0.09729047973712773,0.02714959556493842,0.0425,0.20172691937369192,0,0.9575,0.027,0.553,0.00023148164855470545
smaller_dt,400,0.025,0.4,0.425,8,4008,0.10117015742301243,0.028463383432601855,0.0485,0.22393693308608115,0,0.9535,0.033,0.541,0.0003436312342336588
smaller_dt,400,0.025,0.4,0.425,9,4009,0.09911393045397976,0.04366542870976653,0.0555,0.22895359791887965,0,0.9445,0.027,0.5815,0.0003430869791883658
smaller_dt,400,0.025,0.4,0.45,0,4000,0.13432103565548062,0.062021109595944195,0.119,0.3519076583423555,0,0.8905,0.0565,0.459,0.0021771647437834572
smaller_dt,400,0.025,0.4,0.45,1,4001,0.08398042758148365,0.058854192220502505,0.0645,0.26521642106023524,0,0.9405,0.0405,0.71,0.000639105286430279
smaller_dt,400,0.025,0.4,0.45,2,4002,0.25469025538845025,0.06504916807906204,0.373,0.6759223328164264,0,0.717,0.1415,0.1275,0.02706697204775341
smaller_dt,400,0.025,0.4,0.45,3,4003,0.11705925576184728,0.044689931872795546,0.0485,0.22169291824503548,0,0.953,0.0285,0.583,0.0002969576744087924
smaller_dt,400,0.025,0.4,0.45,4,4004,0.1386122962400081,0.04832732509088212,0.083,0.27948345210405573,0,0.918,0.04,0.3865,0.0009167057458189454
smaller_dt,400,0.025,0.4,0.45,5,4005,0.10369679695718756,0.04232208635409347,0.0265,0.16061677994530957,0,0.9735,0.016,0.811,6.810151895315584e-05
smaller_dt,400,0.025,0.4,0.45,6,4006,0.08129945386640461,0.05063851452242807,0.042,0.20058913230780973,0,0.958,0.027,0.641,0.00022746808446179998
smaller_dt,400,0.025,0.4,0.45,7,4007,0.13021947752773308,0.032599471648282904,0.058,0.23374344910606584,0,0.942,0.032,0.432,0.0004338278550979786
smaller_dt,400,0.025,0.4,0.45,8,4008,0.12981497075492007,0.03892947492303733,0.0635,0.24386010333795888,0,0.9365,0.037,0.4385,0.0005729493282776508
smaller_dt,400,0.025,0.4,0.45,9,4009,0.11568106870246403,0.04832549499178188,0.0705,0.2617818748500361,0,0.931,0.0415,0.515,0.0007496124166960273
smaller_dt,400,0.025,0.4,0.475,0,4000,0.16837007428682604,0.08009268608137232,0.1995,0.47927001783963075,0,0.834,0.0765,0.3495,0.006086250036104295
smaller_dt,400,0.025,0.4,0.475,1,4001,0.10029301364721334,0.06350530670592562,0.0515,0.2298863849817992,0,0.9505,0.0305,0.739,0.0003470709811056473
smaller_dt,400,0.025,0.4,0.475,2,4002,0.301164322132125,0.045759044032938685,0.449,0.6894918418661674,0,0.6495,0.1735,0.0995,0.0419292057562718
smaller_dt,400,0.025,0.4,0.475,3,4003,0.12609498774907854,0.055975177146821375,0.084,0.2931620712165883,0,0.9205,0.0435,0.303,0.0010138277560911514
smaller_dt,400,0.025,0.4,0.475,4,4004,0.17551022759719623,0.06601363550285312,0.154,0.3940609089975812,0,0.8585,0.068,0.2515,0.0037916541221343445
smaller_dt,400,0.025,0.4,0.475,5,4005,0.16001907675193858,0.046763573095254925,0.0925,0.30322227820527964,0,0.9105,0.051,0.365,0.0013840581160063932
smaller_dt,400,0.025,0.4,0.475,6,4006,0.08964034747084178,0.0563565317379841,0.052,0.2308592644881292,0,0.95,0.0375,0.5465,0.00043286113245820585
smaller_dt,400,0.025,0.4,0.475,7,4007,0.17465178199810594,0.05726144507487952,0.148,0.36755407765388753,0,0.8565,0.0665,0.1745,0.0035074767272756445
smaller_dt,400,0.025,0.4,0.475,8,4008,0.2056775041534524,0.05394641069744778,0.1775,0.4135139054493815,0,0.835,0.0785,0.2615,0.005356038928562909
smaller_dt,400,0.025,0.4,0.475,9,4009,0.12324860409317688,0.05722594411670141,0.0815,0.2861079341786941,0,0.922,0.045,0.3965,0.0010042388712836348
smaller_dt,400,0.025,0.4,0.5,0,4000,0.1368927213759178,0.05468911051653381,0.0685,0.2660972566562835,0,0.935,0.031,0.6795,0.0005361859894587324
smaller_dt,400,0.025,0.4,0.5,1,4001,0.11461007864021933,0.0632222348259492,0.0925,0.30812943708772783,0,0.913,0.0485,0.4405,0.001300152186598928
smaller_dt,400,0.025,0.4,0.5,2,4002,0.32147891928377464,0.06090808633498728,0.6945,0.8503938793288672,0,0.5095,0.233,0.0995,0.0971885405070368
smaller_dt,400,0.025,0.4,0.5,3,4003,0.12377864788443188,0.06726930812286326,0.1015,0.33196046451347183,0,0.9065,0.0475,0.361,0.0014743194440587607
smaller_dt,400,0.025,0.4,0.5,4,4004,0.1822242226118478,0.07672062499889579,0.174,0.4446616691373342,0,0.8475,0.0825,0.3265,0.005594399692644989
smaller_dt,400,0.025,0.4,0.5,5,4005,0.19171725046447632,0.04297628422582141,0.0775,0.27293543192484193,0,0.924,0.0465,0.4055,0.0009645538371654836
smaller_dt,400,0.025,0.4,0.5,6,4006,0.10484043812831861,0.07252731357439701,0.133,0.3953618595666507,0,0.885,0.055,0.431,0.0025006638072256797
smaller_dt,400,0.025,0.4,0.5,7,4007,0.27158397452975896,0.05254322346198304,0.4255,0.6689168483451438,0,0.661,0.165,0.0995,0.03741586413894843
smaller_dt,400,0.025,0.4,0.5,8,4008,0.27635431794491216,0.06934556959786707,0.4485,0.7115811619204094,0,0.6635,0.1665,0.2075,0.039867935893652326
smaller_dt,400,0.025,0.4,0.5,9,4009,0.15862284698880375,0.06407015184538706,0.0825,0.28052406313897565,0,0.919,0.048,0.4245,0.0010906775802067858
smaller_dt,400,0.025,0.4,0.525,0,4000,0.30172245949577986,0.06695362721537014,0.7935,1.0624771762254475,0,0.5205,0.2185,0.0995,0.11131653112048011
smaller_dt,400,0.025,0.4,0.525,1,4001,0.1491681285758046,0.08289164669060674,0.1625,0.42555111326373,0,0.859,0.0715,0.3135,0.0042901936083710015
smaller_dt,400,0.025,0.4,0.525,2,4002,0.36275749172138316,0.04043265662174378,0.8975,0.8467548346481407,1,0.412,0.2825,0.0995,0.14065444608129452
smaller_dt,400,0.025,0.4,0.525,3,4003,0.162032245327067,0.11667972045993366,0.289,0.7031920079181788,0,0.8135,0.0905,0.536,0.011868650638790312
smaller_dt,400,0.025,0.4,0.525,4,4004,0.30858655933726803,0.07852978935472128,0.7495,0.8681876237311841,0,0.4835,0.236,0.1115,0.10582686265550784
smaller_dt,400,0.025,0.4,0.525,5,4005,0.2360540887024577,0.03303262466270886,0.216,0.46834175555890806,0,0.8065,0.1095,0.0995,0.009923342292845165
smaller_dt,400,0.025,0.4,0.525,6,4006,0.10551190037087299,0.04651629977915842,0.073,0.26771440006096053,0,0.929,0.046,0.488,0.000874355249606819
smaller_dt,400,0.025,0.4,0.525,7,4007,0.3348401921630143,0.06256852053319506,0.938,1.0621468824978963,0,0.431,0.243,0.0995,0.14685986360669817
smaller_dt,400,0.025,0.4,0.525,8,4008,0.33372777042742785,0.07770390879178053,0.872,1.0042987603298135,0,0.4555,0.2655,0.1075,0.1451861997592301
smaller_dt,400,0.025,0.4,0.525,9,4009,0.2465655908147175,0.0864807454267312,0.3975,0.6545943400305262,0,0.689,0.136,0.2825,0.027686722409509982
smaller_dt,400,0.025,0.4,0.55,0,4000,0.3367978151786183,0.07764348341863919,1.087,1.0873964318499487,0,0.365,0.2905,0.0995,0.20058930198277716
smaller_dt,400,0.025,0.4,0.55,1,4001,0.123999483975111,0.09721580331467908,0.1805,0.48365250955618955,0,0.857,0.066,0.599,0.004564712454353626
smaller_dt,400,0.025,0.4,0.55,2,4002,0.42293167962981915,0.05889730544668835,2.0565,1.5557338300621992,1,0.2455,0.3905,0.0995,0.4583693599261446
smaller_dt,400,0.025,0.4,0.55,3,4003,0.223632685082198,0.10632792923018229,0.372,0.635307799416944,0,0.7005,0.1255,0.238,0.023879473273909213
smaller_dt,400,0.025,0.4,0.55,4,4004,0.33205261473647285,0.06551827282445251,0.831,0.9063327203626712,0,0.431,0.276,0.0995,0.1423341162523387
smaller_dt,400,0.025,0.4,0.55,5,4005,0.29722908827331046,0.054097892573358286,0.5365,0.7264074269994767,0,0.5795,0.203,0.0995,0.06200722788527016
smaller_dt,400,0.025,0.4,0.55,6,4006,0.16107574151925058,0.05193292879534467,0.156,0.3932734417679383,0,0.8555,0.073,0.192,0.004148444957317109
smaller_dt,400,0.025,0.4,0.55,7,4007,0.3838974525234944,0.07615684742292736,1.5815,1.3904523544516008,1,0.298,0.358,0.0995,0.34944292488745604
smaller_dt,400,0.025,0.4,0.55,8,4008,0.3465372291134333,0.08856837449528385,1.1635,1.2983711911468152,0,0.417,0.274,0.0995,0.20740441157312497
smaller_dt,400,0.025,0.4,0.55,9,4009,0.33365580556954744,0.06827935570192316,0.951,1.0346975403469365,0,0.4235,0.284,0.0995,0.16940689008734566
smaller_dt,400,0.025,0.4,0.575,0,4000,0.43005014264570635,0.10070039476315379,2.815,2.1269167825751905,1,0.178,0.4335,0.0995,0.7578991473008213
smaller_dt,400,0.025,0.4,0.575,1,4001,0.15374648372081837,0.0804657690077054,0.2565,0.6653628709208231,0,0.83,0.092,0.363,0.010406275414313364
smaller_dt,400,0.025,0.4,0.575,2,4002,0.44308325321328107,0.043545119145394925,2.941,1.6671889514988996,2,0.233,0.4435,0.0995,0.5671184973708814
smaller_dt,400,0.025,0.4,0.575,3,4003,0.2587700256162396,0.13764035382563852,0.964,1.3336806214382813,0,0.5395,0.2115,0.1375,0.1298948249996074
smaller_dt,400,0.025,0.4,0.575,4,4004,0.39750673840507605,0.06150311136884912,2.1075,1.6872888756819326,1,0.2855,0.3985,0.0995,0.4804188100229522
smaller_dt,400,0.025,0.4,0.575,5,4005,0.3668185162356963,0.08457289785472144,1.467,1.39172949957957,0,0.3285,0.3165,0.123,0.2957839235478175
smaller_dt,400,0.025,0.4,0.575,6,4006,0.2088145857643145,0.1019872910822015,0.499,0.7300678050701865,0,0.622,0.171,0.1895,0.04719012306009235
smaller_dt,400,0.025,0.4,0.575,7,4007,0.4372358031486831,0.058237671259197495,2.649,1.757497937409885,1,0.2005,0.42,0.0995,0.5901502338079849
smaller_dt,400,0.025,0.4,0.575,8,4008,0.38952618791232463,0.07194722111315295,1.749,1.6226518418933866,1,0.2685,0.3325,0.0995,0.39466746711668654
smaller_dt,400,0.025,0.4,0.575,9,4009,0.41281077079974393,0.10162831003861077,2.52,2.0951372270092476,0,0.2285,0.378,0.0995,0.6109985857174243
smaller_dt,400,0.025,0.4,0.6,0,4000,0.48389804506401196,0.03125643317892673,4.545,1.5760631332532338,5,0.258,0.546,0.0995,0.638513610470588
smaller_dt,400,0.025,0.4,0.6,1,4001,0.23698881141052577,0.11932302820897117,0.7,1.0578279633286312,0,0.62,0.1825,0.334,0.07336036965881519
smaller_dt,400,0.025,0.4,0.6,2,4002,0.4808229513780933,0.03485280640058972,4.468,1.5283900025844188,4,0.256,0.471,0.0995,0.5355845394027645
smaller_dt,400,0.025,0.4,0.6,3,4003,0.3180045454866497,0.11004045781733406,1.473,1.7830510368466743,0,0.441,0.276,0.0995,0.27509624716557785
smaller_dt,400,0.025,0.4,0.6,4,4004,0.4389018095220663,0.08753101089196029,3.385,1.6940410266578552,3,0.2695,0.404,0.0995,0.49994877710681657
smaller_dt,400,0.025,0.4,0.6,5,4005,0.39476595909371376,0.11379583140823905,2.5115,2.1032992535538066,1,0.2175,0.3805,0.0995,0.626238950523009
smaller_dt,400,0.025,0.4,0.6,6,4006,0.2293740559427153,0.09516913207454109,0.5305,0.8210175089484998,0,0.6225,0.172,0.0995,0.05330866716596019
smaller_dt,400,0.025,0.4,0.6,7,4007,0.472451784150944,0.06416212781293411,3.37,1.9786611635143598,3,0.1605,0.3895,0.0995,0.6469930168781199
smaller_dt,400,0.025,0.4,0.6,8,4008,0.42883623559950057,0.07514842525464825,2.8345,1.8346960919999804,2,0.198,0.454,0.0995,0.6680275261373552
smaller_dt,400,0.025,0.4,0.6,9,4009,0.4172057901464952,0.07326268601824606,2.6655,1.7602868374216742,2,0.2105,0.3725,0.0995,0.5176805570485399
smaller_dt,400,0.025,0.4,0.625,0,4000,0.584784148627383,0.010011600019399557,5.5735,1.366234880977645,5,0.2965,0.427,0.0995,0.41040944491498543
smaller_dt,400,0.025,0.4,0.625,1,4001,0.31602388034330275,0.181164697816132,2.109,2.366457056445352,0,0.4195,0.2545,0.327,0.3496138591360594
smaller_dt,400,0.025,0.4,0.625,2,4002,0.5626283224811428,0.010745301782043054,5.709,1.4399024272498466,6,0.2605,0.392,0.0995,0.4174046762857025
smaller_dt,400,0.025,0.4,0.625,3,4003,0.38141038515829156,0.09977425151357192,2.7605,1.9932736264747999,1,0.172,0.3585,0.0995,0.5916793583859573
smaller_dt,400,0.025,0.4,0.625,4,4004,0.4675474958690675,0.0331817383703876,4.7945,1.3785027203455202,5,0.275,0.4175,0.0995,0.41725554316399915
smaller_dt,400,0.025,0.4,0.625,5,4005,0.40394357185533725,0.10735810037225206,3.019,1.8618912427958836,3,0.2085,0.385,0.0995,0.5673694651627695
smaller_dt,400,0.025,0.4,0.625,6,4006,0.30047108806660333,0.14006233636946042,1.7035,1.8586521325950158,0,0.346,0.31,0.0995,0.3768231345778721
smaller_dt,400,0.025,0.4,0.625,7,4007,0.48666191450806434,0.03168500695704548,4.529,1.5106816342300584,4,0.2895,0.392,0.0995,0.42074900711255836
smaller_dt,400,0.025,0.4,0.625,8,4008,0.460049390560711,0.071473173362984,4.246,1.7794617163625632,5,0.2415,0.428,0.0995,0.5776808940262315
smaller_dt,400,0.025,0.4,0.625,9,4009,0.44998530425728744,0.05348030794190915,4.555,1.5540189831530375,4,0.2405,0.4655,0.0995,0.5494191391218303
smaller_dt,400,0.025,0.4,0.65,0,4000,0.6490190141115315,0.005620641626338264,4.8835,1.2489706761970034,5,0.312,0.2555,0.0995,0.21954906220390588
smaller_dt,400,0.025,0.4,0.65,1,4001,0.41811904133551697,0.09015488526378683,4.2805,2.0685308192047804,5,0.234,0.446,0.0995,0.7066845965343391
smaller_dt,400,0.025,0.4,0.65,2,4002,0.6426123012242446,0.005939124625031691,4.5235,1.3425526991518806,5,0.298,0.2005,0.0995,0.18896563590079832
smaller_dt,400,0.025,0.4,0.65,3,4003,0.4445780890114056,0.10260718180213889,4.3375,1.895413873010325,5,0.259,0.3005,0.0995,0.4220527562146472
smaller_dt,400,0.025,0.4,0.65,4,4004,0.6054983833179336,0.008800017918972867,5.161,1.267706196245802,5,0.2905,0.224,0.0995,0.2014740112563904
smaller_dt,400,0.025,0.4,0.65,5,4005,0.4438521893707966,0.09641592214932528,4.455,1.7972131203616337,5,0.2275,0.4125,0.0995,0.5726931947735839
smaller_dt,400,0.025,0.4,0.65,6,4006,0.3786769971898048,0.10123994879167383,3.014,2.2695382790338656,0,0.209,0.375,0.0995,0.6732017938136253
smaller_dt,400,0.025,0.4,0.65,7,4007,0.5846324004481469,0.016056994505501136,3.999,1.5006661853990046,4,0.2415,0.1635,0.0995,0.1861047429539665
smaller_dt,400,0.025,0.4,0.65,8,4008,0.5255998704467133,0.02763929964133676,4.8915,1.4985752400196661,5,0.2555,0.328,0.0995,0.3659460804275317
smaller_dt,400,0.025,0.4,0.65,9,4009,0.6122532797364647,0.00793176660060234,5.1225,1.2579720783864798,5,0.3215,0.285,0.0995,0.2432572065813236
smaller_dt,400,0.025,0.4,0.675,0,4000,0.6985054483916388,0.004140320827514219,3.445,1.2288104003466116,4,0.2975,0.1325,0.0995,0.11437920894050235
smaller_dt,400,0.025,0.4,0.675,1,4001,0.5857214988392166,0.011981862580553192,5.4945,1.388153359683288,6,0.274,0.3175,0.0995,0.31997629118159565
smaller_dt,400,0.025,0.4,0.675,2,4002,0.6966290362404973,0.0028724101483460283,2.8985,0.9493143578393829,3,0.4005,0.0755,0.0995,0.04296810436222956
smaller_dt,400,0.025,0.4,0.675,3,4003,0.6657067741698129,0.0039921663874558895,3.3105,1.111795732137878,3,0.3365,0.083,0.0995,0.061227147604375476
smaller_dt,400,0.025,0.4,0.675,4,4004,0.6888452568278228,0.0035818026376248755,2.8335,0.9595716492268829,3,0.344,0.0895,0.0995,0.05633837129888775
smaller_dt,400,0.025,0.4,0.675,5,4005,0.5545856150468179,0.021894988062443173,4.6695,1.6906418159976997,4,0.236,0.2755,0.0995,0.3558496720064782
smaller_dt,400,0.025,0.4,0.675,6,4006,0.45835304657689424,0.06211330894044465,5.0325,1.31318077582639,5,0.303,0.413,0.0995,0.3780135322254475
smaller_dt,400,0.025,0.4,0.675,7,4007,0.6755534819517287,0.004166274266207076,1.9585,0.8687794599321511,2,0.389,0.042,0.0995,0.02229461903160311
smaller_dt,400,0.025,0.4,0.675,8,4008,0.6220742878014437,0.008734806012525423,3.9115,1.064738348140049,4,0.343,0.1415,0.0995,0.0989839336035468
smaller_dt,400,0.025,0.4,0.675,9,4009,0.6884102539476731,0.0036188190301766937,3.526,1.116388821155067,3,0.351,0.119,0.0995,0.08621982577116331
smaller_dt,400,0.025,0.4,0.7,0,4000,0.7371152468759278,0.0026185275290974207,2.44,1.02975725294848,3,0.3715,0.0475,0.0995,0.030742116237413117
smaller_dt,400,0.025,0.4,0.7,1,4001,0.6763285231457423,0.0038718522951224185,3.351,1.0197053495985984,3,0.358,0.13,0.0995,0.08510460913214986
smaller_dt,400,0.025,0.4,0.7,2,4002,0.7378155691405907,0.0011168339190688408,1.7875,0.6710765604608762,2,0.5045,0.0255,0.0995,0.008479220443081721
smaller_dt,400,0.025,0.4,0.7,3,4003,0.7283741386583082,0.001630013592431256,1.8905,0.6599316252461311,2,0.5585,0.0335,0.0995,0.009760554011656404
smaller_dt,400,0.025,0.4,0.7,4,4004,0.7386325987018949,0.000982399539838824,1.3945,0.4887430306408471,1,0.6055,0.0095,0.0995,0.00183168688589336
smaller_dt,400,0.025,0.4,0.7,5,4005,0.6536344691368826,0.004183701586978708,2.822,0.7472054603654874,3,0.4895,0.061,0.0995,0.023268352019959845
smaller_dt,400,0.025,0.4,0.7,6,4006,0.6432667654566038,0.005589394380883651,3.552,1.1693143289979815,3,0.306,0.131,0.0995,0.10630704371802663
smaller_dt,400,0.025,0.4,0.7,7,4007,0.7315991653100041,0.0018838008883579355,1.4115,0.4921054256965676,1,0.5885,0.011,0.0995,0.0022275154119168958
smaller_dt,400,0.025,0.4,0.7,8,4008,0.6888048743721723,0.002350126456606239,1.826,0.9464269649582053,1,0.49,0.026,0.0995,0.012549622038023555
smaller_dt,400,0.025,0.4,0.7,9,4009,0.7355699277856961,0.002058006051633112,2.6215,0.8912001739227837,3,0.3775,0.068,0.0995,0.03772450391692355
smaller_dt,400,0.025,0.4,0.725,0,4000,0.7674736401132257,0.0012935794140798908,1.752,0.7158882594371834,2,0.426,0.021,0.0995,0.008629317490175672
smaller_dt,400,0.025,0.4,0.725,1,4001,0.7262837482450061,0.0023586752786054336,2.1995,0.874471125881238,2,0.43,0.0465,0.0995,0.023177857689930755
smaller_dt,400,0.025,0.4,0.725,2,4002,0.7696078228678563,0.00018362162198710757,1.1015,0.301989652140599,1,0.8985,0.004,0.6535,0.00012260782942103294
smaller_dt,400,0.025,0.4,0.725,3,4003,0.7678814043686052,0.00018322673194209145,1.0255,0.15763803475050045,1,0.9745,0.001,0.9735,4.019773905907642e-06
smaller_dt,400,0.025,0.4,0.725,4,4004,0.7736408669896099,0.00015893422419851097,1.0665,0.2491540688008125,1,0.9335,0.003,0.7015,4.970625329450767e-05
smaller_dt,400,0.025,0.4,0.725,5,4005,0.7111536028309969,0.0008932183069907328,1.71,0.6228161847608008,2,0.528,0.0295,0.0995,0.008672092850578628
smaller_dt,400,0.025,0.4,0.725,6,4006,0.707025777343737,0.002914916884519325,1.997,0.9549821987869721,1,0.4055,0.034,0.0995,0.01930305575181799
smaller_dt,400,0.025,0.4,0.725,7,4007,0.7693742161810466,0.0015431083502118424,1.434,0.4956248581336493,1,0.566,0.011,0.0995,0.00236611328783123
smaller_dt,400,0.025,0.4,0.725,8,4008,0.7354477218776974,0.00038090642010848183,1.036,0.18629009635512025,1,0.964,0.002,0.8495,1.3412893644012139e-05
smaller_dt,400,0.025,0.4,0.725,9,4009,0.76932537090679,0.0016885533269348043,1.5035,0.5059523198879515,1,0.4995,0.0155,0.0995,0.003925051862839892
smaller_dt,400,0.025,0.4,0.75,0,4000,0.7919834359484837,0.0003554521467814685,1.283,0.45045643518546835,1,0.717,0.011,0.0995,0.0014022710102115342
smaller_dt,400,0.025,0.4,0.75,1,4001,0.7610123979199798,0.0008198530311345249,1.558,0.5662472957992825,2,0.484,0.021,0.0995,0.00613585598946463
smaller_dt,400,0.025,0.4,0.75,2,4002,0.7947630637452853,2.477632566802541e-05,1.0,0.0,1,1.0,0.0,1.0,0.0
smaller_dt,400,0.025,0.4,0.75,3,4003,0.7965550021210523,2.556726085331397e-05,1.0,0.0,1,1.0,0.0,1.0,0.0
smaller_dt,400,0.025,0.4,0.75,4,4004,0.7999738217159603,3.057198473799037e-05,1.0,0.0,1,1.0,0.0,1.0,0.0
smaller_dt,400,0.025,0.4,0.75,5,4005,0.7506537330948078,0.0001464981775966173,1.026,0.15913516267626085,1,0.974,0.001,0.95,4.137518367097015e-06
smaller_dt,400,0.025,0.4,0.75,6,4006,0.7475921906051749,0.0005246777887109583,1.104,0.33791123094682723,1,0.9065,0.0085,0.6925,0.00026855498238969114
smaller_dt,400,0.025,0.4,0.75,7,4007,0.7971260817903498,0.0007631333123586288,1.4315,0.49528552371334256,1,0.5685,0.0115,0.0995,0.0024577308037622373
smaller_dt,400,0.025,0.4,0.75,8,4008,0.7694283307330045,7.600601315813598e-05,1.0,0.0,1,1.0,0.0,1.0,0.0
smaller_dt,400,0.025,0.4,0.75,9,4009,0.7952305152763434,0.000982979853785908,1.433,0.495490665906029,1,0.567,0.012,0.0995,0.002574569714595185
smaller_dt,400,0.025,0.4,0.775,0,4000,0.812251274158374,7.436459892166023e-05,1.0235,0.1514851477868375,1,0.9765,0.001,0.9745,3.5599045328916486e-06
smaller_dt,400,0.025,0.4,0.775,1,4001,0.7876512055846102,0.00016068166741511826,1.081,0.2728351150420341,1,0.919,0.0035,0.724,7.734877721406095e-05
smaller_dt,400,0.025,0.4,0.775,2,4002,0.8152185629991762,4.30967223537881e-06,1.0,0.0,1,1.0,0.0,1.0,0.0
smaller_dt,400,0.025,0.4,0.775,3,4003,0.8186603373875436,4.440008749166944e-06,1.0,0.0,1,1.0,0.0,1.0,0.0
smaller_dt,400,0.025,0.4,0.775,4,4004,0.8207960445637699,6.9069868083827874e-06,1.0,0.0,1,1.0,0.0,1.0,0.0
smaller_dt,400,0.025,0.4,0.775,5,4005,0.7802144233722876,2.1524321157065113e-05,1.0,0.0,1,1.0,0.0,1.0,0.0
smaller_dt,400,0.025,0.4,0.775,6,4006,0.7777153170225988,6.606429163149602e-05,1.0,0.0,1,1.0,0.0,1.0,0.0
smaller_dt,400,0.025,0.4,0.775,7,4007,0.8188742856480419,0.00019183193425756305,1.3125,0.46351240544347894,1,0.6875,0.01,0.157,0.0014484764118584982
smaller_dt,400,0.025,0.4,0.775,8,4008,0.7955252961837096,1.5879993099787127e-05,1.0,0.0,1,1.0,0.0,1.0,0.0
smaller_dt,400,0.025,0.4,0.775,9,4009,0.815938209647558,0.0002975901995490641,1.242,0.42829429134649927,1,0.758,0.01,0.1935,0.0010364722887057467
smaller_dt,400,0.025,0.4,0.8,0,4000,0.8292460205976251,1.7249360112309256e-05,1.0,0.0,1,1.0,0.0,1.0,0.0
smaller_dt,400,0.025,0.4,0.8,1,4001,0.8089140685522268,3.292643358578937e-05,1.0185,0.13475069573104254,1,0.9815,0.001,0.9165,2.4928903639121526e-06
smaller_dt,400,0.025,0.4,0.8,2,4002,0.8322549175102237,7.849964277908529e-07,1.0,0.0,1,1.0,0.0,1.0,0.0
smaller_dt,400,0.025,0.4,0.8,3,4003,0.8364580597177194,9.009142976542982e-07,1.0,0.0,1,1.0,0.0,1.0,0.0
smaller_dt,400,0.025,0.4,0.8,4,4004,0.8378366176186052,1.7056172723260232e-06,1.0,0.0,1,1.0,0.0,1.0,0.0
smaller_dt,400,0.025,0.4,0.8,5,4005,0.8034668937800964,3.77944874884067e-06,1.0,0.0,1,1.0,0.0,1.0,0.0
smaller_dt,400,0.025,0.4,0.8,6,4006,0.8012312562538256,1.0438952320613133e-05,1.0,0.0,1,1.0,0.0,1.0,0.0
smaller_dt,400,0.025,0.4,0.8,7,4007,0.8365590882088266,4.8816757910556284e-05,1.4485,0.49734067800653503,1,0.5515,0.011,0.0995,0.0024536304580025344
smaller_dt,400,0.025,0.4,0.8,8,4008,0.8164147153052972,3.720242553491289e-06,1.0,0.0,1,1.0,0.0,1.0,0.0
smaller_dt,400,0.025,0.4,0.8,9,4009,0.8330559358819628,7.295310549457827e-05,1.027,0.16208331191088118,1,0.973,0.002,0.8765,8.752503219437014e-06
smaller_dt,400,0.025,0.4,0.825,0,4000,0.8437101849211597,3.71692999657272e-06,1.0,0.0,1,1.0,0.0,1.0,0.0
smaller_dt,400,0.025,0.4,0.825,1,4001,0.8264215657090463,7.021648161353798e-06,1.9305,0.25430247737684347,2,0.9305,0.002,0.8645,3.5348062029403425e-05
smaller_dt,400,0.025,0.4,0.825,2,4002,0.8466962594628764,1.6757589862315054e-07,1.0,0.0,1,1.0,0.0,1.0,0.0
smaller_dt,400,0.025,0.4,0.825,3,4003,0.851206323242377,2.2151238109801596e-07,1.0,0.0,1,1.0,0.0,1.0,0.0
smaller_dt,400,0.025,0.4,0.825,4,4004,0.8521151513132619,4.827235974921882e-07,1.0,0.0,1,1.0,0.0,1.0,0.0
smaller_dt,400,0.025,0.4,0.825,5,4005,0.8224020557782289,7.763782321400624e-07,1.0,0.0,1,1.0,0.0,1.0,0.0
smaller_dt,400,0.025,0.4,0.825,6,4006,0.8203115280223765,1.8453353647930804e-06,1.0,0.0,1,1.0,0.0,1.0,0.0
smaller_dt,400,0.025,0.4,0.825,7,4007,0.8512583604465395,1.3163282869637054e-05,1.987,0.1132740040786058,2,0.987,0.0005,0.991,7.362824990729915e-07
smaller_dt,400,0.025,0.4,0.825,8,4008,0.8336160186798149,1.0978297568362486e-06,1.0,0.0,1,1.0,0.0,1.0,0.0
smaller_dt,400,0.025,0.4,0.825,9,4009,0.847467402805459,1.8225814310791366e-05,1.0,0.0,1,1.0,0.0,1.0,0.0
smaller_dt,400,0.025,0.4,0.85,0,4000,0.8561777224914967,7.257675842944026e-07,1.0,0.0,1,1.0,0.0,1.0,0.0
smaller_dt,400,0.025,0.4,0.85,1,4001,0.8411710591676761,1.528208321609141e-06,2.0,0.0,2,1.0,0.0,1.0,0.0
smaller_dt,400,0.025,0.4,0.85,2,4002,0.8591057441917808,5.6941648580705475e-08,1.0,0.0,1,1.0,0.0,1.0,0.0
smaller_dt,400,0.025,0.4,0.85,3,4003,0.8636817675766859,6.532073866477141e-08,1.0,0.0,1,1.0,0.0,1.0,0.0
smaller_dt,400,0.025,0.4,0.85,4,4004,0.8642877680436812,1.556199796949991e-07,1.0,0.0,1,1.0,0.0,1.0,0.0
smaller_dt,400,0.025,0.4,0.85,5,4005,0.8381979302833454,1.7699242158299819e-07,1.0,0.0,1,1.0,0.0,1.0,0.0
smaller_dt,400,0.025,0.4,0.85,6,4006,0.8362057277109166,3.6604338562406387e-07,1.0,0.0,1,1.0,0.0,1.0,0.0
smaller_dt,400,0.025,0.4,0.85,7,4007,0.8637064234359028,3.6059575818291716e-06,2.0,0.0,2,1.0,0.0,1.0,0.0
smaller_dt,400,0.025,0.4,0.85,8,4008,0.8480768493665047,3.6909256346714636e-07,1.0,0.0,1,1.0,0.0,1.0,0.0
smaller_dt,400,0.025,0.4,0.85,9,4009,0.8597956497416113,4.33829355387574e-06,1.0,0.0,1,1.0,0.0,1.0,0.0
smaller_dt,400,0.025,0.4,0.875,0,4000,0.8670373812190318,1.2871054794856646e-07,1.0,0.0,1,1.0,0.0,1.0,0.0
smaller_dt,400,0.025,0.4,0.875,1,4001,0.8538078265914455,3.3782805259623086e-07,2.0,0.0,2,1.0,0.0,1.0,0.0
smaller_dt,400,0.025,0.4,0.875,2,4002,0.8698870948987005,2.397608520266941e-08,1.0,0.0,1,1.0,0.0,1.0,0.0
smaller_dt,400,0.025,0.4,0.875,3,4003,0.8743999795533122,2.1606980422913687e-08,1.0,0.0,1,1.0,0.0,1.0,0.0
smaller_dt,400,0.025,0.4,0.875,4,4004,0.8748044244943285,5.506313092809497e-08,1.0,0.0,1,1.0,0.0,1.0,0.0
smaller_dt,400,0.025,0.4,0.875,5,4005,0.8516134706511375,4.5670449230788115e-08,1.0,0.0,1,1.0,0.0,1.0,0.0
smaller_dt,400,0.025,0.4,0.875,6,4006,0.8497008591122053,8.384705094384068e-08,1.0,0.0,1,1.0,0.0,1.0,0.0
smaller_dt,400,0.025,0.4,0.875,7,4007,0.8744044637475372,9.84565995964944e-07,2.0,0.0,2,1.0,0.0,1.0,0.0
smaller_dt,400,0.025,0.4,0.875,8,4008,0.8604286212033485,1.323266676080558e-07,1.0,0.0,1,1.0,0.0,1.0,0.0
smaller_dt,400,0.025,0.4,0.875,9,4009,0.8704778023612826,9.8583004390568e-07,1.0,0.0,1,1.0,0.0,1.0,0.0
smaller_dt,400,0.025,0.4,0.9,0,4000,0.8765802241273032,2.164342535286278e-08,1.0,0.0,1,1.0,0.0,1.0,0.0
smaller_dt,400,0.025,0.4,0.9,1,4001,0.864775705573366,7.73870396409005e-08,2.0,0.0,2,1.0,0.0,1.0,0.0
smaller_dt,400,0.025,0.4,0.9,2,4002,0.879340114816998,1.0076473359700827e-08,1.0,0.0,1,1.0,0.0,1.0,0.0
smaller_dt,400,0.025,0.4,0.9,3,4003,0.8837217915055746,7.639794136489235e-09,1.0,0.0,1,1.0,0.0,1.0,0.0
smaller_dt,400,0.025,0.4,0.9,4,4004,0.8839883559240884,2.071055610101439e-08,1.0,0.0,1,1.0,0.0,1.0,0.0
smaller_dt,400,0.025,0.4,0.9,5,4005,0.8631681214433489,1.381775390257125e-08,1.0,0.0,1,1.0,0.0,1.0,0.0
smaller_dt,400,0.025,0.4,0.9,6,4006,0.8613277826199186,2.2616778784386253e-08,1.0,0.0,1,1.0,0.0,1.0,0.0
smaller_dt,400,0.025,0.4,0.9,7,4007,0.8837083164231675,2.652799854501994e-07,2.0,0.0,2,1.0,0.0,1.0,0.0
smaller_dt,400,0.025,0.4,0.9,8,4008,0.8711135036182152,4.970545365728562e-08,1.0,0.0,1,1.0,0.0,1.0,0.0
smaller_dt,400,0.025,0.4,0.9,9,4009,0.8798302966828985,2.1751120639391056e-07,1.0,0.0,1,1.0,0.0,1.0,0.0
smaller_N,300,0.03,0.4,0.4,0,5000,0.11522471824675115,0.05923626509096394,0.3355,0.5458385750384449,0,0.7015,0.1595,0.0995,0.025987784099444456
smaller_N,300,0.03,0.4,0.4,1,5001,0.13734991223575974,0.043653846318976224,0.3405,0.5792751936687778,0,0.7115,0.169,0.0995,0.028243431147232656
smaller_N,300,0.03,0.4,0.4,2,5002,0.10286301654788968,0.053138041696848395,0.291,0.5131461780038901,0,0.736,0.1375,0.0995,0.018627206397011806
smaller_N,300,0.03,0.4,0.4,3,5003,0.11142615155243041,0.05598501952321526,0.372,0.6046618889925178,0,0.6895,0.1585,0.0995,0.029757981558097536
smaller_N,300,0.03,0.4,0.4,4,5004,0.13385067707993262,0.0618026092826638,0.4225,0.6542123126325275,0,0.657,0.1855,0.0995,0.041625239934108334
smaller_N,300,0.03,0.4,0.4,5,5005,0.06767787470964487,0.04152274865055936,0.2765,0.5215819686300516,0,0.7585,0.137,0.0995,0.01725680034907162
smaller_N,300,0.03,0.4,0.4,6,5006,0.09776325890153055,0.037332238853643424,0.306,0.5553053214223685,0,0.7385,0.1605,0.0995,0.023306580964300213
smaller_N,300,0.03,0.4,0.4,7,5007,0.09440683594768398,0.05265461986301268,0.315,0.5475171230199107,0,0.724,0.153,0.103,0.023120553221999518
smaller_N,300,0.03,0.4,0.4,8,5008,0.13334364728338988,0.056236865997780806,0.336,0.6042383635619307,0,0.7245,0.144,0.0995,0.02397134452569658
smaller_N,300,0.03,0.4,0.4,9,5009,0.07629095452429255,0.04355999215779828,0.203,0.46129274869653003,0,0.8215,0.1075,0.1085,0.008851631313891295
smaller_N,300,0.03,0.4,0.425,0,5000,0.13248746135551667,0.054196394896008124,0.385,0.5863232896619407,0,0.6665,0.172,0.0995,0.03363267673712706
smaller_N,300,0.03,0.4,0.425,1,5001,0.19288366161828402,0.06486269338912301,0.665,0.8091816854081659,0,0.514,0.244,0.0995,0.09595600137570424
smaller_N,300,0.03,0.4,0.425,2,5002,0.12680195309549927,0.0618010560763954,0.323,0.5627352841256713,0,0.722,0.146,0.0995,0.022840299868533157
smaller_N,300,0.03,0.4,0.425,3,5003,0.11802011935522984,0.06453757301793027,0.3985,0.6400763626318348,0,0.677,0.1955,0.0995,0.040418582239675815
smaller_N,300,0.03,0.4,0.425,4,5004,0.13820201577694083,0.04303900266096988,0.4235,0.6067518026343226,0,0.6355,0.1815,0.0995,0.04014072754008926
smaller_N,300,0.03,0.4,0.425,5,5005,0.07545026760024705,0.04522651729053014,0.2715,0.5203727029735513,0,0.7645,0.14,0.0995,0.017156688139585763
smaller_N,300,0.03,0.4,0.425,6,5006,0.0984000660283893,0.040762937688936136,0.3175,0.5689409020276184,0,0.728,0.1545,0.0995,0.023909172621560563
smaller_N,300,0.03,0.4,0.425,7,5007,0.11757200225634218,0.05762582766148806,0.374,0.6504798228999882,0,0.7045,0.1835,0.0995,0.03527178072910147
smaller_N,300,0.03,0.4,0.425,8,5008,0.17179502186796974,0.07662572471876232,0.5715,0.75358327343433,0,0.573,0.1965,0.0995,0.06322978167092423
smaller_N,300,0.03,0.4,0.425,9,5009,0.09656658275365168,0.04731039695115219,0.235,0.46235808633568853,0,0.7815,0.1205,0.0995,0.01217354174567917
smaller_N,300,0.03,0.4,0.45,0,5000,0.15365874434166518,0.050478234566559206,0.4275,0.6105274359109508,0,0.6305,0.188,0.0995,0.042410899088580006
smaller_N,300,0.03,0.4,0.45,1,5001,0.23438976487888313,0.06637449663690485,0.84,0.9057593499379403,0,0.4345,0.2915,0.0995,0.1493083154738643
smaller_N,300,0.03,0.4,0.45,2,5002,0.14513358489290548,0.05978044291105244,0.3405,0.5644109761512439,0,0.7035,0.163,0.0995,0.027277700439249396
smaller_N,300,0.03,0.4,0.45,3,5003,0.15370023900076119,0.06683038010209072,0.48,0.6592419889539805,0,0.604,0.212,0.0995,0.0553446837177244
smaller_N,300,0.03,0.4,0.45,4,5004,0.1729639383401772,0.07419054834027897,0.57,0.7232565243397394,0,0.5495,0.203,0.0995,0.06614289436148275
smaller_N,300,0.03,0.4,0.45,5,5005,0.08793092158065013,0.049634372021147434,0.3765,0.5947669711744256,0,0.678,0.1675,0.0995,0.032078756781807605
smaller_N,300,0.03,0.4,0.45,6,5006,0.09779202629279556,0.051874495469226775,0.2825,0.5298053887985663,0,0.754,0.154,0.0995,0.020071147479577015
smaller_N,300,0.03,0.4,0.45,7,5007,0.14005862043849704,0.05641844597935977,0.3415,0.566460722380643,0,0.706,0.1715,0.0995,0.02856151624969386
smaller_N,300,0.03,0.4,0.45,8,5008,0.1885681145823989,0.06529158842872611,0.5305,0.7396416361995855,0,0.5895,0.2115,0.0995,0.06421624188969804
smaller_N,300,0.03,0.4,0.45,9,5009,0.17783724449803284,0.0922805666302051,0.658,0.8538360498362669,0,0.54,0.228,0.0995,0.08955032529959225
smaller_N,300,0.03,0.4,0.475,0,5000,0.14836719696963394,0.10238263696504658,0.4985,0.7596036795592818,0,0.6355,0.18,0.0995,0.04983759769276003
smaller_N,300,0.03,0.4,0.475,1,5001,0.2726230776470302,0.05281312566955648,1.1595,0.9192713146835378,1,0.4375,0.3665,0.0995,0.18951352748481823
smaller_N,300,0.03,0.4,0.475,2,5002,0.1491359001157799,0.0616370655098719,0.4215,0.62356856078542,0,0.6465,0.19,0.0995,0.04188198260558423
smaller_N,300,0.03,0.4,0.475,3,5003,0.14273016242540223,0.08616326578578451,0.517,0.7229875517600562,0,0.6015,0.2115,0.0995,0.06093537936621541
smaller_N,300,0.03,0.4,0.475,4,5004,0.2494954040160893,0.08131581701462261,1.126,1.0724383432160562,1,0.3525,0.305,0.0995,0.21179316800028472
smaller_N,300,0.03,0.4,0.475,5,5005,0.09665099540708724,0.05964600920701397,0.3405,0.5679434390852667,0,0.7065,0.1565,0.0995,0.026087204168335182
smaller_N,300,0.03,0.4,0.475,6,5006,0.09541542443106078,0.058434808691190616,0.2955,0.5377543584202735,0,0.7415,0.157,0.0995,0.02182449189831709
smaller_N,300,0.03,0.4,0.475,7,5007,0.16094071698354476,0.05508267813657359,0.449,0.6636256474850862,0,0.6355,0.194,0.0995,0.04692696065250446
smaller_N,300,0.03,0.4,0.475,8,5008,0.17948774005918106,0.0704272003301987,0.577,0.7778630984948444,0,0.5765,0.2015,0.0995,0.0663791423052572
smaller_N,300,0.03,0.4,0.475,9,5009,0.26444469761188194,0.07225241505963953,1.159,1.0796846761902292,1,0.336,0.334,0.0995,0.2394481494636749
smaller_N,300,0.03,0.4,0.5,0,5000,0.16852840886431386,0.09881190386140414,0.656,0.8727336363404358,0,0.55,0.2395,0.0995,0.09405886804932058
smaller_N,300,0.03,0.4,0.5,1,5001,0.30761115741897094,0.03976627297711332,1.3065,1.0327428285880274,1,0.3765,0.382,0.0995,0.24597558932852576
smaller_N,300,0.03,0.4,0.5,2,5002,0.17672739584007513,0.040338814205696356,0.544,0.6986157742278656,0,0.566,0.2315,0.0995,0.07019062575564713
smaller_N,300,0.03,0.4,0.5,3,5003,0.13365701461054197,0.035355469351919175,0.4245,0.6350588555401775,0,0.65,0.1855,0.0995,0.04123119641821662
smaller_N,300,0.03,0.4,0.5,4,5004,0.33922981784554185,0.05522328735179666,1.878,1.2462407472073764,2,0.305,0.4355,0.0995,0.377202803425262
smaller_N,300,0.03,0.4,0.5,5,5005,0.12924212262840185,0.061127467820833656,0.4565,0.6760974412020799,0,0.6405,0.1955,0.0995,0.04751764962998192
smaller_N,300,0.03,0.4,0.5,6,5006,0.10072648756754957,0.058552687672847596,0.3275,0.5875744633661337,0,0.729,0.1665,0.0995,0.026512241308007688
smaller_N,300,0.03,0.4,0.5,7,5007,0.16931245015218155,0.04730336034165079,0.4385,0.6497828483424289,0,0.6385,0.19,0.0995,0.04463033517329624
smaller_N,300,0.03,0.4,0.5,8,5008,0.2953885590000649,0.0893687998538428,1.579,1.3239180488232647,1,0.3125,0.354,0.0995,0.3222085560425557
smaller_N,300,0.03,0.4,0.5,9,5009,0.32986839167264737,0.0778761993224404,1.79,1.3681739655467795,1,0.2575,0.4205,0.0995,0.4271729867563415
smaller_N,300,0.03,0.4,0.525,0,5000,0.2826486755611847,0.04719697138887332,1.1185,1.0091866774784533,1,0.3795,0.334,0.0995,0.20915091197357738
smaller_N,300,0.03,0.4,0.525,1,5001,0.3879961598484906,0.07197859379015574,2.604,1.6420060901226887,2,0.2805,0.4765,0.0995,0.5629482426297437
smaller_N,300,0.03,0.4,0.525,2,5002,0.17505949684598926,0.06095649967869962,0.5495,0.7839322355918271,0,0.603,0.21,0.0995,0.06535643079251172
smaller_N,300,0.03,0.4,0.525,3,5003,0.25401254338656015,0.04377119400079907,0.9635,0.9716829472621201,0,0.3785,0.3365,0.0995,0.20321267085882766
smaller_N,300,0.03,0.4,0.525,4,5004,0.37991970286691673,0.08017355468960843,2.5845,1.7637629517596747,2,0.2335,0.462,0.0995,0.6245890291179156
smaller_N,300,0.03,0.4,0.525,5,5005,0.18315990359976161,0.09395436439724815,0.7045,0.9252998162757843,0,0.535,0.2315,0.0995,0.0996062124028119
smaller_N,300,0.03,0.4,0.525,6,5006,0.12356836034230756,0.0521195003436884,0.363,0.6068204017664535,0,0.7,0.1695,0.0995,0.030856817611870285
smaller_N,300,0.03,0.4,0.525,7,5007,0.20389927631228594,0.07508459644535558,0.788,0.9985269150103064,0,0.502,0.273,0.0995,0.1357537287005776
smaller_N,300,0.03,0.4,0.525,8,5008,0.3780436222452746,0.10674048312192462,2.7665,2.0122071836667317,1,0.192,0.449,0.0995,0.7300126702026845
smaller_N,300,0.03,0.4,0.525,9,5009,0.37680036703523423,0.07081706523040066,2.3155,1.594352454760239,2,0.2405,0.4675,0.0995,0.5661007485009235
smaller_N,300,0.03,0.4,0.55,0,5000,0.3137647171572906,0.1101562639536145,1.841,1.8424763227786671,1,0.276,0.384,0.0995,0.5122378986875868
smaller_N,300,0.03,0.4,0.55,1,5001,0.4296147136313569,0.07524999496617883,3.785,1.6753432484120976,4,0.2145,0.4795,0.0995,0.6310134286364655
smaller_N,300,0.03,0.4,0.55,2,5002,0.249377212937128,0.06905734176860238,1.104,1.0785100834020978,1,0.3525,0.322,0.0995,0.22486396053725569
smaller_N,300,0.03,0.4,0.55,3,5003,0.33575178455597754,0.07749836659164368,1.9675,1.486083359034748,1,0.278,0.425,0.0995,0.45600467979276466
smaller_N,300,0.03,0.4,0.55,4,5004,0.4295577070245039,0.08908826863376385,3.694,2.0365077952220068,3,0.181,0.4955,0.0995,0.8264443943320209
smaller_N,300,0.03,0.4,0.55,5,5005,0.2541509372020505,0.11405018540489481,1.42,1.2944496900227527,0,0.295,0.37,0.0995,0.33765720255502213
smaller_N,300,0.03,0.4,0.55,6,5006,0.17055453354319983,0.07792898080389711,0.6065,0.8582876848702887,0,0.585,0.217,0.0995,0.07729309781718324
smaller_N,300,0.03,0.4,0.55,7,5007,0.2328646998319618,0.10211429533222488,1.157,1.2398995927090226,0,0.3765,0.3185,0.0995,0.2462251514163005
smaller_N,300,0.03,0.4,0.55,8,5008,0.38768020705676826,0.09776471443903274,3.1505,2.09734349833307,2,0.2065,0.479,0.0995,0.7971719512434144
smaller_N,300,0.03,0.4,0.55,9,5009,0.3878378922638993,0.07428264373575515,2.585,1.6259689418928025,2,0.228,0.4585,0.0995,0.5755312198655083
smaller_N,300,0.03,0.4,0.575,0,5000,0.3664586701552808,0.09382826352366411,2.611,1.8619019845308722,1,0.224,0.4355,0.0995,0.6292260533130752
smaller_N,300,0.03,0.4,0.575,1,5001,0.4337162912310275,0.026206054796799206,4.1375,1.3086610523737612,4,0.3005,0.515,0.0995,0.47143533007516303
smaller_N,300,0.03,0.4,0.575,2,5002,0.34892239765104827,0.09364481585753294,2.426,1.6933765086359263,2,0.2305,0.432,0.0995,0.5629189938098423
smaller_N,300,0.03,0.4,0.575,3,5003,0.376833532388883,0.09312257696644079,2.9085,1.9253902851110474,2,0.215,0.512,0.0995,0.7738528649032635
smaller_N,300,0.03,0.4,0.575,4,5004,0.45633248368264434,0.06422700915712812,4.0985,1.7276567222686339,3,0.2105,0.4765,0.0995,0.6499388453970977
smaller_N,300,0.03,0.4,0.575,5,5005,0.2073425249760407,0.13093715860387692,1.144,1.4530189262359936,0,0.469,0.2695,0.0995,0.20793354770109185
smaller_N,300,0.03,0.4,0.575,6,5006,0.23286667967090996,0.1013128160331106,1.1765,1.2997491104055428,0,0.419,0.3155,0.0995,0.23825116131259744
smaller_N,300,0.03,0.4,0.575,7,5007,0.2776264905585121,0.12950491979769968,1.8375,1.8496198933835026,0,0.299,0.3785,0.0995,0.49075687317818834
smaller_N,300,0.03,0.4,0.575,8,5008,0.42573938031384706,0.1311845726378108,3.4505,1.923161394683244,3,0.232,0.449,0.0995,0.6631675915284004
smaller_N,300,0.03,0.4,0.575,9,5009,0.42456490772823063,0.05363398882672968,3.6045,1.8099944060687039,3,0.213,0.52,0.0995,0.7407221121640221
smaller_N,300,0.03,0.4,0.6,0,5000,0.4082440100513981,0.09749809774001772,3.51,1.9932134858062747,4,0.173,0.478,0.0995,0.7879292518685227
smaller_N,300,0.03,0.4,0.6,1,5001,0.5124202659563246,0.026188473366143508,5.181,1.3878901253341347,5,0.2975,0.4105,0.0995,0.4002345507308806
smaller_N,300,0.03,0.4,0.6,2,5002,0.3874474072176037,0.11770040755994318,3.1855,2.02017072298358,4,0.1635,0.424,0.0995,0.7165060730347971
smaller_N,300,0.03,0.4,0.6,3,5003,0.40642657268232524,0.11158253848038889,3.3495,2.0746926880865995,4,0.1785,0.476,0.0995,0.8112753822976153
smaller_N,300,0.03,0.4,0.6,4,5004,0.4613651086757651,0.04119505716755489,4.956,1.3813268983119094,5,0.284,0.4355,0.0995,0.430722591766853
smaller_N,300,0.03,0.4,0.6,5,5005,0.31843172335334385,0.11866333966628749,2.3805,2.1013614039474504,0,0.2185,0.387,0.0995,0.6355367953327828
smaller_N,300,0.03,0.4,0.6,6,5006,0.27505822190104967,0.13786392229426103,1.836,1.7841255561198601,0,0.3055,0.352,0.0995,0.4361544711903607
smaller_N,300,0.03,0.4,0.6,7,5007,0.3158118167045461,0.12522046416990112,2.5145,2.0166283123074513,2,0.196,0.434,0.0995,0.703674218404682
smaller_N,300,0.03,0.4,0.6,8,5008,0.4390548675217834,0.042384036621960025,4.5915,1.4483189393224132,4,0.255,0.461,0.0995,0.4974178991945839
smaller_N,300,0.03,0.4,0.6,9,5009,0.45485641139879235,0.02638212234626918,4.4425,1.4682280987639489,4,0.2615,0.5475,0.0995,0.5936468329723903
smaller_N,300,0.03,0.4,0.625,0,5000,0.42143727732042097,0.0864166500462159,4.175,1.724057713651141,4,0.2195,0.4525,0.0995,0.6088962394365108
smaller_N,300,0.03,0.4,0.625,1,5001,0.6346071392932435,0.011816729963422893,4.559,1.2097598935325968,4,0.3395,0.2245,0.0995,0.17938591977182033
smaller_N,300,0.03,0.4,0.625,2,5002,0.40087048442069023,0.09835480175391545,3.608,1.709776593593444,3,0.2225,0.444,0.0995,0.5902319792037442
smaller_N,300,0.03,0.4,0.625,3,5003,0.43337044367669264,0.09986824753191294,4.001,1.782974761459062,4,0.2315,0.4645,0.0995,0.6364653817624251
smaller_N,300,0.03,0.4,0.625,4,5004,0.5849370009576942,0.01260051392236891,4.8385,1.3440304126023341,4,0.3005,0.2675,0.0995,0.2514899316322508
smaller_N,300,0.03,0.4,0.625,5,5005,0.397861829983804,0.10120850840506575,3.5805,2.1427831784854017,4,0.1795,0.423,0.0995,0.7436989736898497
smaller_N,300,0.03,0.4,0.625,6,5006,0.25897718483844934,0.08493339122721895,1.5915,1.409477828843008,1,0.342,0.392,0.0995,0.3635550741878866
smaller_N,300,0.03,0.4,0.625,7,5007,0.35091224080908145,0.14904462135798704,3.106,2.0856087840244633,4,0.1715,0.453,0.0995,0.7827508772645403
smaller_N,300,0.03,0.4,0.625,8,5008,0.6188406427087577,0.008221556870254693,4.3475,1.3833812742696787,4,0.283,0.214,0.0995,0.21226325695327536
smaller_N,300,0.03,0.4,0.625,9,5009,0.5191781164466237,0.01576590295838693,4.876,1.2548402288737799,5,0.314,0.35,0.0995,0.30128713981341493
smaller_N,300,0.03,0.4,0.65,0,5000,0.4524884291243163,0.044640515167589545,5.0115,1.2527440879924359,5,0.2805,0.408,0.0995,0.36775054439605687
smaller_N,300,0.03,0.4,0.65,1,5001,0.6949074552063221,0.005911476023723234,3.337,1.1499699996086854,3,0.3275,0.1225,0.0995,0.09473596680361783
smaller_N,300,0.03,0.4,0.65,2,5002,0.44300801347756624,0.14050683316345297,3.8825,1.6067649952622196,4,0.2545,0.2615,0.0995,0.3132360251854714
smaller_N,300,0.03,0.4,0.65,3,5003,0.4426352076039469,0.045660495771986956,4.9485,1.279393508659474,5,0.3055,0.461,0.0995,0.40961638389174504
smaller_N,300,0.03,0.4,0.65,4,5004,0.6910265915576133,0.0040735418343513675,3.59,0.9294622100978608,4,0.3725,0.1325,0.0995,0.07727897421406155
smaller_N,300,0.03,0.4,0.65,5,5005,0.4586235348291575,0.1258846521470829,4.1835,1.8018955990844752,5,0.227,0.31,0.0995,0.4317882438014781
smaller_N,300,0.03,0.4,0.65,6,5006,0.367288363805384,0.12395418845895466,3.4355,2.2682239197222134,1,0.163,0.479,0.0995,0.9093831404652923
smaller_N,300,0.03,0.4,0.65,7,5007,0.4255066576296731,0.10206373016968733,4.8255,1.718734927206636,5,0.261,0.455,0.0995,0.5779160268687404
smaller_N,300,0.03,0.4,0.65,8,5008,0.6961283291319191,0.0045487009112279535,2.5895,1.1278252302551135,2,0.3335,0.073,0.0995,0.05487377341714293
smaller_N,300,0.03,0.4,0.65,9,5009,0.6173841335764286,0.008879024517126003,4.6955,1.4835025278037108,4,0.2565,0.253,0.0995,0.2790549858467651
smaller_N,300,0.03,0.4,0.675,0,5000,0.609172654812834,0.007420219191982948,3.881,1.1295304334102734,4,0.379,0.156,0.0995,0.10942439096849203
smaller_N,300,0.03,0.4,0.675,1,5001,0.7378252362419653,0.004057943401436657,2.346,0.970713139913126,2,0.3525,0.0665,0.0995,0.041797695041771075
smaller_N,300,0.03,0.4,0.675,2,5002,0.6174566572478342,0.009308559838208247,2.628,0.9341391759261571,2,0.3955,0.0635,0.0995,0.03585763343699462
smaller_N,300,0.03,0.4,0.675,3,5003,0.5687472038051512,0.007836396630401875,5.025,1.2113525498384028,5,0.343,0.2745,0.0995,0.2184631934252902
smaller_N,300,0.03,0.4,0.675,4,5004,0.7410860621973948,0.002232082412234356,2.518,0.7153153150883882,2,0.4345,0.0725,0.0995,0.029327034178990862
smaller_N,300,0.03,0.4,0.675,5,5005,0.6180429389366184,0.005360298127002927,2.992,0.8484904242241039,3,0.4405,0.1175,0.0995,0.05578082157625326
smaller_N,300,0.03,0.4,0.675,6,5006,0.4260200303543772,0.1418830370095602,4.0295,1.873667459823114,5,0.191,0.4115,0.0995,0.623750456727021
smaller_N,300,0.03,0.4,0.675,7,5007,0.5861926805981187,0.007699325090263782,4.949,1.2039098803481927,5,0.336,0.2805,0.0995,0.22423062383400777
smaller_N,300,0.03,0.4,0.675,8,5008,0.743966601962618,0.0024361032877624343,1.7425,0.6505334349593417,2,0.5105,0.026,0.0995,0.008279339345163658
smaller_N,300,0.03,0.4,0.675,9,5009,0.6869983752804049,0.005481149768331844,3.248,1.2314609210202327,3,0.2745,0.117,0.0995,0.10453071398284583
smaller_N,300,0.03,0.4,0.7,0,5000,0.6918734471807098,0.002423929361480302,1.6145,0.6796247126171914,1,0.48,0.02,0.0995,0.007068097364623641
smaller_N,300,0.03,0.4,0.7,1,5001,0.7697696432972975,0.0012120366077833671,1.3315,0.533486410323637,1,0.7,0.0245,0.0995,0.003921125275924656
smaller_N,300,0.03,0.4,0.7,2,5002,0.7117571308939945,0.0016679514940042446,2.107,0.6120057189275276,2,0.626,0.0345,0.0995,0.00789671002021203
smaller_N,300,0.03,0.4,0.7,3,5003,0.661891753554061,0.004229178948522808,3.1995,0.8931403865014726,3,0.4235,0.115,0.0995,0.05921297528897682
smaller_N,300,0.03,0.4,0.7,4,5004,0.7749142004928706,0.000410980164439281,1.552,0.50822829515878,2,0.541,0.018,0.0995,0.004198982407878627
smaller_N,300,0.03,0.4,0.7,5,5005,0.7028153670482947,0.0003593832088750542,1.0,0.0,1,1.0,0.0,1.0,0.0
smaller_N,300,0.03,0.4,0.7,6,5006,0.4467085996457774,0.06210804485280926,4.757,1.3935390199057938,5,0.268,0.384,0.0995,0.3917070970473504
smaller_N,300,0.03,0.4,0.7,7,5007,0.6681959890456485,0.00273339024235025,2.776,0.8190384606353965,3,0.387,0.089,0.0995,0.0446842817989559
smaller_N,300,0.03,0.4,0.7,8,5008,0.7780944830158996,0.001877607316558848,1.446,0.4970754469896899,1,0.554,0.0125,0.0995,0.0027711958386631703
smaller_N,300,0.03,0.4,0.7,9,5009,0.7334972084179756,0.003388066644562504,2.452,1.0137534216958284,2,0.4005,0.0615,0.0995,0.03737632895060409
smaller_N,300,0.03,0.4,0.725,0,5000,0.7403116339124642,0.0008167657293309814,1.4,0.4898979485566357,1,0.6,0.0115,0.0995,0.0022535307593197036
smaller_N,300,0.03,0.4,0.725,1,5001,0.7954307570368289,0.00011127085427809563,1.0,0.0,1,1.0,0.0,1.0,0.0
smaller_N,300,0.03,0.4,0.725,2,5002,0.7581328661863879,0.0002440803261850006,1.179,0.3833523183704515,1,0.821,0.009,0.617,0.0006175806535148624
smaller_N,300,0.03,0.4,0.725,3,5003,0.7151429885261247,0.0014443349198121156,1.6155,0.6462660056045034,1,0.475,0.026,0.0995,0.008821531315791125
smaller_N,300,0.03,0.4,0.725,4,5004,0.8011722312883958,5.0490115076980374e-05,1.946,0.22601769842204839,2,0.946,0.0015,0.8885,1.830744577714165e-05
smaller_N,300,0.03,0.4,0.725,5,5005,0.7505843288524249,2.7829704528189668e-05,1.0,0.0,1,1.0,0.0,1.0,0.0
smaller_N,300,0.03,0.4,0.725,6,5006,0.6478935678593896,0.003837559903476964,2.572,0.9321029986004765,2,0.4015,0.079,0.0995,0.04407122848619208
smaller_N,300,0.03,0.4,0.725,7,5007,0.7191687906575099,0.000976474633488756,1.384,0.4863578929142613,1,0.616,0.0115,0.0995,0.002147756641870809
smaller_N,300,0.03,0.4,0.725,8,5008,0.8038078024790147,0.0007760475517531632,1.4055,0.4909885436545338,1,0.5945,0.0125,0.0995,0.0024886983797447726
smaller_N,300,0.03,0.4,0.725,9,5009,0.7670030331889353,0.0014782114719040062,1.676,0.5540974643508126,2,0.588,0.0325,0.0995,0.007419365275945537
smaller_N,300,0.03,0.4,0.75,0,5000,0.7738847376211868,7.486698850020835e-05,1.0045,0.06693093455196933,1,0.9955,0.001,0.9925,3.01189506673064e-07
smaller_N,300,0.03,0.4,0.75,1,5001,0.8162391317983723,1.311507699674548e-05,1.0,0.0,1,1.0,0.0,1.0,0.0
smaller_N,300,0.03,0.4,0.75,2,5002,0.7899969617410818,2.7530347041802223e-05,1.0,0.0,1,1.0,0.0,1.0,0.0
smaller_N,300,0.03,0.4,0.75,3,5003,0.7533174360843728,0.00016452754220255258,1.0,0.0,1,1.0,0.0,1.0,0.0
smaller_N,300,0.03,0.4,0.75,4,5004,0.8218959964637486,6.365024750762405e-06,2.0,0.0,2,1.0,0.0,1.0,0.0
smaller_N,300,0.03,0.4,0.75,5,5005,0.783348639272588,3.7128086326822637e-06,1.0,0.0,1,1.0,0.0,1.0,0.0
smaller_N,300,0.03,0.4,0.75,6,5006,0.7101910379547361,0.002951140650764778,1.9695,0.737271829110539,2,0.4585,0.0355,0.0995,0.014172761088181864
smaller_N,300,0.03,0.4,0.75,7,5007,0.7552842070895117,7.234238273034033e-05,1.0,0.0,1,1.0,0.0,1.0,0.0
smaller_N,300,0.03,0.4,0.75,8,5008,0.8243808867650911,0.00011931038137881486,1.047,0.21163884331568245,1,0.953,0.0025,0.8325,2.4867574036618347e-05
smaller_N,300,0.03,0.4,0.75,9,5009,0.7930208216172133,0.0001703068816353114,1.049,0.21586801523152982,1,0.951,0.003,0.8135,3.1732608816567656e-05
smaller_N,300,0.03,0.4,0.775,0,5000,0.799393694042989,7.816830841376827e-06,1.0,0.0,1,1.0,0.0,1.0,0.0
smaller_N,300,0.03,0.4,0.775,1,5001,0.8334698763818225,1.8280348480474212e-06,2.0,0.0,2,1.0,0.0,1.0,0.0
smaller_N,300,0.03,0.4,0.775,2,5002,0.813841480678956,4.418177016789736e-06,1.0,0.0,1,1.0,0.0,1.0,0.0
smaller_N,300,0.03,0.4,0.775,3,5003,0.7819330498789411,1.6825111976678414e-05,1.0,0.0,1,1.0,0.0,1.0,0.0
smaller_N,300,0.03,0.4,0.775,4,5004,0.8388104171452558,9.62607398758948e-07,2.0,0.0,2,1.0,0.0,1.0,0.0
smaller_N,300,0.03,0.4,0.775,5,5005,0.8081189097809777,6.726624941252789e-07,1.0,0.0,1,1.0,0.0,1.0,0.0
smaller_N,300,0.03,0.4,0.775,6,5006,0.7496885862368335,0.001405686609039404,1.8015,0.6819807548604286,2,0.4955,0.026,0.0995,0.008945541905563532
smaller_N,300,0.03,0.4,0.775,7,5007,0.7828643042726117,6.6154433608670415e-06,1.0,0.0,1,1.0,0.0,1.0,0.0
smaller_N,300,0.03,0.4,0.775,8,5008,0.8412887890828783,1.858900360777263e-05,1.0,0.0,1,1.0,0.0,1.0,0.0
smaller_N,300,0.03,0.4,0.775,9,5009,0.8139998533700543,1.8488027753199837e-05,1.0,0.0,1,1.0,0.0,1.0,0.0
smaller_N,300,0.03,0.4,0.8,0,5000,0.8197396279885233,8.53012878510445e-07,1.0,0.0,1,1.0,0.0,1.0,0.0
smaller_N,300,0.03,0.4,0.8,1,5001,0.8480213942741797,2.752690205995562e-07,2.0,0.0,2,1.0,0.0,1.0,0.0
smaller_N,300,0.03,0.4,0.8,2,5002,0.8327045525182447,8.646395103996832e-07,2.0,0.0,2,1.0,0.0,1.0,0.0
smaller_N,300,0.03,0.4,0.8,3,5003,0.8044850907377131,1.8222342492609064e-06,1.0,0.0,1,1.0,0.0,1.0,0.0
smaller_N,300,0.03,0.4,0.8,4,5004,0.8529759380888424,1.670581234409592e-07,2.0,0.0,2,1.0,0.0,1.0,0.0
smaller_N,300,0.03,0.4,0.8,5,5005,0.8278123819080803,1.45645842104955e-07,1.0,0.0,1,1.0,0.0,1.0,0.0
smaller_N,300,0.03,0.4,0.8,6,5006,0.7787829859728583,0.0002441041829140899,1.153,0.35998749978297856,1,0.847,0.0075,0.555,0.00041308571107905544
smaller_N,300,0.03,0.4,0.8,7,5007,0.8049383963933162,6.635413964417209e-07,1.0,0.0,1,1.0,0.0,1.0,0.0
smaller_N,300,0.03,0.4,0.8,8,5008,0.8554454466421294,2.7390081383962204e-06,1.0,0.0,1,1.0,0.0,1.0,0.0
smaller_N,300,0.03,0.4,0.8,9,5009,0.8312695181736238,2.2031618832016974e-06,1.0,0.0,1,1.0,0.0,1.0,0.0
smaller_N,300,0.03,0.4,0.825,0,5000,0.8364889504191088,9.270358775009113e-08,1.0,0.0,1,1.0,0.0,1.0,0.0
smaller_N,300,0.03,0.4,0.825,1,5001,0.8604940388934275,4.483581038401539e-08,2.0,0.0,2,1.0,0.0,1.0,0.0
smaller_N,300,0.03,0.4,0.825,2,5002,0.8481603205175859,2.7223145340344177e-07,3.0,0.0,3,1.0,0.0,1.0,0.0
smaller_N,300,0.03,0.4,0.825,3,5003,0.8229103590469677,2.0260114156461788e-07,2.0,0.0,2,1.0,0.0,1.0,0.0
smaller_N,300,0.03,0.4,0.825,4,5004,0.8650603013587616,3.2424621737025254e-08,2.0,0.0,2,1.0,0.0,1.0,0.0
smaller_N,300,0.03,0.4,0.825,5,5005,0.8439720205112828,3.537252352945101e-08,1.0,0.0,1,1.0,0.0,1.0,0.0
smaller_N,300,0.03,0.4,0.825,6,5006,0.8016597573006838,3.889234283917609e-05,2.0,0.0,2,1.0,0.0,1.0,0.0
smaller_N,300,0.03,0.4,0.825,7,5007,0.8231551792098283,9.483299979241971e-08,1.0,0.0,1,1.0,0.0,1.0,0.0
smaller_N,300,0.03,0.4,0.825,8,5008,0.8674986638955632,3.889584613841259e-07,1.0,0.0,1,1.0,0.0,1.0,0.0
smaller_N,300,0.03,0.4,0.825,9,5009,0.8458031751047271,2.456453119776365e-07,1.0,0.0,1,1.0,0.0,1.0,0.0
smaller_N,300,0.03,0.4,0.85,0,5000,0.8505810699670489,9.895735980340307e-09,1.0,0.0,1,1.0,0.0,1.0,0.0
smaller_N,300,0.03,0.4,0.85,1,5001,0.8713111234708911,8.578769481861284e-09,1.0,0.0,1,1.0,0.0,1.0,0.0
smaller_N,300,0.03,0.4,0.85,2,5002,0.8611339435238872,1.2390008683329027e-07,3.0,0.0,3,1.0,0.0,1.0,0.0
smaller_N,300,0.03,0.4,0.85,3,5003,0.8383388288319259,2.2175449193702644e-08,2.0,0.0,2,1.0,0.0,1.0,0.0
smaller_N,300,0.03,0.4,0.85,4,5004,0.8755135139797746,7.33350253305972e-09,2.0,0.0,2,1.0,0.0,1.0,0.0
smaller_N,300,0.03,0.4,0.85,5,5005,0.8575292281759532,9.33740825450403e-09,1.0,0.0,1,1.0,0.0,1.0,0.0
smaller_N,300,0.03,0.4,0.85,6,5006,0.8202410811710793,7.080740871238624e-06,2.0,0.0,2,1.0,0.0,1.0,0.0
smaller_N,300,0.03,0.4,0.85,7,5007,0.8385039467174095,2.5251903075917865e-08,1.0,0.0,1,1.0,0.0,1.0,0.0
smaller_N,300,0.03,0.4,0.85,8,5008,0.8778976101111619,5.483562485633234e-08,1.0,0.0,1,1.0,0.0,1.0,0.0
smaller_N,300,0.03,0.4,0.85,9,5009,0.8582398710524191,2.4487855386183494e-08,1.0,0.0,1,1.0,0.0,1.0,0.0
smaller_N,300,0.03,0.4,0.875,0,5000,0.8626314456601527,1.8239436817554235e-09,1.0,0.0,1,1.0,0.0,1.0,0.0
smaller_N,300,0.03,0.4,0.875,1,5001,0.8807831273602689,2.062109513053524e-09,1.0,0.0,1,1.0,0.0,1.0,0.0
smaller_N,300,0.03,0.4,0.875,2,5002,0.8722191352350295,7.069784017983845e-08,3.0,0.0,3,1.0,0.0,1.0,0.0
smaller_N,300,0.03,0.4,0.875,3,5003,0.8514921117545093,2.36535260677385e-09,2.0,0.0,2,1.0,0.0,1.0,0.0
smaller_N,300,0.03,0.4,0.875,4,5004,0.8846548227020282,1.9485418410744935e-09,2.0,0.0,2,1.0,0.0,1.0,0.0
smaller_N,300,0.03,0.4,0.875,5,5005,0.8690946892840884,2.6309663658169826e-09,1.0,0.0,1,1.0,0.0,1.0,0.0
smaller_N,300,0.03,0.4,0.875,6,5006,0.8357386488956495,1.3043687978902983e-06,3.0,0.0,3,1.0,0.0,1.0,0.0
smaller_N,300,0.03,0.4,0.875,7,5007,0.8516370826906966,7.686236173500279e-09,1.0,0.0,1,1.0,0.0,1.0,0.0
smaller_N,300,0.03,0.4,0.875,8,5008,0.8869664040715883,7.776721032545298e-09,2.0,0.0,2,1.0,0.0,1.0,0.0
smaller_N,300,0.03,0.4,0.875,9,5009,0.8690208669492389,2.19373716739423e-09,1.0,0.0,1,1.0,0.0,1.0,0.0
smaller_N,300,0.03,0.4,0.9,0,5000,0.8730679997041368,6.509168973379695e-10,1.0,0.0,1,1.0,0.0,1.0,0.0
smaller_N,300,0.03,0.4,0.9,1,5001,0.8891446664882199,5.906245313052059e-10,1.0,0.0,1,1.0,0.0,1.0,0.0
smaller_N,300,0.03,0.4,0.9,2,5002,0.8818212318054975,3.177411484500596e-08,3.0,0.0,3,1.0,0.0,1.0,0.0
smaller_N,300,0.03,0.4,0.9,3,5003,0.8628614656490715,4.5242221654232247e-10,2.0,0.0,2,1.0,0.0,1.0,0.0
smaller_N,300,0.03,0.4,0.9,4,5004,0.8927198311729382,5.843512334358276e-10,2.0,0.0,2,1.0,0.0,1.0,0.0
smaller_N,300,0.03,0.4,0.9,5,5005,0.8790919859384025,7.818248900788959e-10,1.0,0.0,1,1.0,0.0,1.0,0.0
smaller_N,300,0.03,0.4,0.9,6,5006,0.8489185059654287,2.3857884052090836e-07,3.0,0.0,3,1.0,0.0,1.0,0.0
smaller_N,300,0.03,0.4,0.9,7,5007,0.863011843488935,2.3350095801175866e-09,1.0,0.0,1,1.0,0.0,1.0,0.0
smaller_N,300,0.03,0.4,0.9,8,5008,0.8949466027223586,1.1076450104747062e-09,2.0,0.0,2,1.0,0.0,1.0,0.0
smaller_N,300,0.03,0.4,0.9,9,5009,0.878464481342188,5.681256596337644e-10,1.0,0.0,1,1.0,0.0,1.0,0.0
