replication,N,dt,omega_std,K,seed,actual_seed,R_mean,R_std,cluster_mean,cluster_std,dominant_cluster,dominant_fraction,switching_rate,memory_score,reorganization_score
baseline_shifted_seeds,400,0.03,0.4,0.45,0,1000,0.12584355119751045,0.07210296924625618,0.0808695652173913,0.2926329210205652,0,0.9247826086956522,0.05391304347826087,0.3517391304347826,0.0011866846007886202
baseline_shifted_seeds,400,0.03,0.4,0.45,1,1001,0.08469706686969158,0.04436329533616652,0.04565217391304348,0.21080232007131233,0,0.9547826086956521,0.028695652173913042,0.558695652173913,0.0002735249858966738
baseline_shifted_seeds,400,0.03,0.4,0.45,2,1002,0.11282960497720568,0.05182909641266114,0.05608695652173913,0.23569027447487434,0,0.9452173913043478,0.03608695652173913,0.42391304347826086,0.0004659449827526047
baseline_shifted_seeds,400,0.03,0.4,0.45,3,1003,0.07508524511801554,0.041680091606813505,0.04173913043478261,0.20215474429931674,0,0.9586956521739131,0.024782608695652172,0.5673913043478261,0.00020693156607780932
baseline_shifted_seeds,400,0.03,0.4,0.45,4,1004,0.1007114665993846,0.038980127246971086,0.04782608695652174,0.22335303546158822,0,0.9543478260869566,0.035652173913043476,0.5604347826086956,0.00036352924182684893
baseline_shifted_seeds,400,0.03,0.4,0.45,5,1005,0.08310281246103238,0.03666484937131512,0.0408695652173913,0.20658534489623875,0,0.9608695652173913,0.030434782608695653,0.6221739130434782,0.0002460279235556655
baseline_shifted_seeds,400,0.03,0.4,0.45,6,1006,0.09310583885017415,0.04747262753388435,0.04565217391304348,0.2148877581022954,0,0.9556521739130435,0.02782608695652174,0.5473913043478261,0.0002651771900386489
baseline_shifted_seeds,400,0.03,0.4,0.45,7,1007,0.07396945581873839,0.03410929708041291,0.04173913043478261,0.2042941650172942,0,0.9591304347826087,0.02826086956521739,0.672608695652174,0.00023596169989112756
baseline_shifted_seeds,400,0.03,0.4,0.45,8,1008,0.12606030356165354,0.057728900940565125,0.07217391304347825,0.26211442111080674,0,0.928695652173913,0.049565217391304345,0.29347826086956524,0.0009263688688009835
baseline_shifted_seeds,400,0.03,0.4,0.45,9,1009,0.08371936903663381,0.046276297117770815,0.0391304347826087,0.19390524453024138,0,0.9608695652173913,0.03130434782608696,0.621304347826087,0.000237524768373223
baseline_shifted_seeds,400,0.03,0.4,0.475,0,1000,0.1311422362553928,0.0752899610771552,0.08782608695652173,0.2980072441742654,0,0.9165217391304348,0.05478260869565217,0.29695652173913045,0.0013628339097663188
baseline_shifted_seeds,400,0.03,0.4,0.475,1,1001,0.09055201896826494,0.050085480998536845,0.06260869565217392,0.25958524429331575,0,0.941304347826087,0.04521739130434783,0.5456521739130434,0.0006889559377087658
baseline_shifted_seeds,400,0.03,0.4,0.475,2,1002,0.12248413133205274,0.05440347924166064,0.06217391304347826,0.25716610300905135,0,0.9417391304347826,0.035217391304347825,0.5021739130434782,0.0005276523556368308
baseline_shifted_seeds,400,0.03,0.4,0.475,3,1003,0.07994040944166077,0.040095105007687364,0.03217391304347826,0.17646175892512508,0,0.9678260869565217,0.018260869565217393,0.6460869565217391,0.00010367545874727419
baseline_shifted_seeds,400,0.03,0.4,0.475,4,1004,0.10359089527934523,0.04168124339304647,0.04391304347826087,0.20490165468033011,0,0.9560869565217391,0.029565217391304348,0.6095652173913043,0.00026602355613292275
baseline_shifted_seeds,400,0.03,0.4,0.475,5,1005,0.08743465853221445,0.03917906584712378,0.049565217391304345,0.23251887741727018,0,0.9539130434782609,0.03391304347826087,0.6534782608695652,0.0003634151484261042
baseline_shifted_seeds,400,0.03,0.4,0.475,6,1006,0.09806186646304273,0.05350333917124204,0.03826086956521739,0.1940786970347908,0,0.9621739130434782,0.021739130434782608,0.7291304347826087,0.00015959213061181253
baseline_shifted_seeds,400,0.03,0.4,0.475,7,1007,0.0780044979223672,0.03477286498465255,0.03391304347826087,0.1810053837881693,0,0.9660869565217391,0.020869565217391306,0.7395652173913043,0.0001281066520558169
baseline_shifted_seeds,400,0.03,0.4,0.475,8,1008,0.13282708957805667,0.05282058529860305,0.08826086956521739,0.3000601703993941,0,0.9165217391304348,0.05217391304347826,0.3508695652173913,0.0013068783475441608
baseline_shifted_seeds,400,0.03,0.4,0.475,9,1009,0.09298209999749597,0.050015959139402474,0.0408695652173913,0.1979879891719008,0,0.9591304347826087,0.02434782608695652,0.6352173913043478,0.00019701489939619814
baseline_shifted_seeds,400,0.03,0.4,0.5,0,1000,0.13420202640748774,0.06615629996218045,0.09478260869565218,0.3031267429743509,0,0.9082608695652173,0.06260869565217392,0.32869565217391306,0.0017410591882117375
baseline_shifted_seeds,400,0.03,0.4,0.5,1,1001,0.10208859098647279,0.0648361102531715,0.06565217391304348,0.25630019910349566,0,0.9365217391304348,0.043043478260869565,0.4782608695652174,0.0007002954941224069
baseline_shifted_seeds,400,0.03,0.4,0.5,2,1002,0.1299321475964401,0.06018916770738224,0.06956521739130435,0.2561161126090981,0,0.9308695652173913,0.04608695652173913,0.40869565217391307,0.0008159888573866546
baseline_shifted_seeds,400,0.03,0.4,0.5,3,1003,0.08690453999673808,0.038658162614326655,0.042608695652173914,0.20197325245436418,0,0.957391304347826,0.02608695652173913,0.6369565217391304,0.00022449957844166985
baseline_shifted_seeds,400,0.03,0.4,0.5,4,1004,0.10558110121068255,0.04395374304661568,0.07,0.2618745135929902,0,0.9317391304347826,0.04739130434782609,0.40869565217391307,0.0008471566437957896
baseline_shifted_seeds,400,0.03,0.4,0.5,5,1005,0.09178788040901996,0.0405777139444357,0.0408695652173913,0.20233233624686717,0,0.96,0.030434782608695653,0.5734782608695652,0.0002463176348286102
baseline_shifted_seeds,400,0.03,0.4,0.5,6,1006,0.09898211164985876,0.05584865212179193,0.06304347826086956,0.2483499421417584,0,0.9382608695652174,0.03826086956521739,0.5356521739130434,0.0005866504646719291
baseline_shifted_seeds,400,0.03,0.4,0.5,7,1007,0.08495439836572463,0.04639448134360443,0.041304347826086954,0.20116625933326865,0,0.9591304347826087,0.03173913043478261,0.5313043478260869,0.0002609457306308192
baseline_shifted_seeds,400,0.03,0.4,0.5,8,1008,0.15058204478880072,0.047866798935831074,0.06173913043478261,0.24604086217560167,0,0.9395652173913044,0.04434782608695652,0.678695652173913,0.0006594267339480041
baseline_shifted_seeds,400,0.03,0.4,0.5,9,1009,0.10290926510471483,0.05365844723654189,0.05347826086956522,0.23629584801320522,0,0.9491304347826087,0.029130434782608697,0.6230434782608696,0.0003501556174220657
baseline_shifted_seeds,400,0.03,0.4,0.525,0,1000,0.14483224696536753,0.06570247686620166,0.0817391304347826,0.2786871734449257,0,0.9195652173913044,0.05391304347826087,0.4230434782608696,0.0012085224720998085
baseline_shifted_seeds,400,0.03,0.4,0.525,1,1001,0.13536227878822105,0.07228763873102363,0.09478260869565218,0.3088107562501724,0,0.91,0.058695652173913045,0.5143478260869565,0.0016313264140710522
baseline_shifted_seeds,400,0.03,0.4,0.525,2,1002,0.13163370826019974,0.062195456357657226,0.06782608695652174,0.2665554273339972,0,0.9360869565217391,0.03826086956521739,0.4482608695652174,0.0006518262945396934
baseline_shifted_seeds,400,0.03,0.4,0.525,3,1003,0.0943158369430069,0.03510300275274539,0.050434782608695654,0.2247216299426541,0,0.9508695652173913,0.03391304347826087,0.5382608695652173,0.0003744227797201711
baseline_shifted_seeds,400,0.03,0.4,0.525,4,1004,0.12943081888576774,0.044069150588218114,0.07782608695652174,0.2695157738666681,0,0.922608695652174,0.04826086956521739,0.358695652173913,0.0010066337940259702
baseline_shifted_seeds,400,0.03,0.4,0.525,5,1005,0.09715173262673668,0.0425159871893172,0.043043478260869565,0.21135041544705047,0,0.9586956521739131,0.029565217391304348,0.49391304347826087,0.00025809522305633487
baseline_shifted_seeds,400,0.03,0.4,0.525,6,1006,0.10566594832812622,0.05398314968340912,0.05956521739130435,0.25609064734920595,0,0.9447826086956522,0.033478260869565214,0.5895652173913043,0.00047340463425934976
baseline_shifted_seeds,400,0.03,0.4,0.525,7,1007,0.1058485008647671,0.0553646375290008,0.07869565217391304,0.2756463447470341,0,0.9230434782608695,0.04391304347826087,0.5556521739130434,0.0009315179238673644
baseline_shifted_seeds,400,0.03,0.4,0.525,8,1008,0.16455592063279015,0.04985146449871921,0.10608695652173913,0.3190439404170281,0,0.8969565217391304,0.059130434782608696,0.43521739130434783,0.001943936571159263
baseline_shifted_seeds,400,0.03,0.4,0.525,9,1009,0.10876738108444463,0.05212244242481736,0.058260869565217394,0.23791946342723777,0,0.9426086956521739,0.04173913043478261,0.3843478260869565,0.0005699273181062965
baseline_shifted_seeds,400,0.03,0.4,0.55,0,1000,0.13318748900811395,0.07302139480688302,0.11043478260869566,0.33228429761627926,0,0.8956521739130435,0.06565217391304348,0.38956521739130434,0.002276367321178618
baseline_shifted_seeds,400,0.03,0.4,0.55,1,1001,0.16824251660871625,0.07046047713399335,0.13434782608695653,0.3656361470922856,0,0.8743478260869565,0.08130434782608696,0.2569565217391304,0.003735363807248912
baseline_shifted_seeds,400,0.03,0.4,0.55,2,1002,0.17367307537875445,0.08073100517691068,0.12434782608695652,0.3602152265685001,0,0.8860869565217391,0.07043478260869565,0.5156521739130435,0.002890165461916658
baseline_shifted_seeds,400,0.03,0.4,0.55,3,1003,0.09984389386788137,0.03565874265106389,0.03782608695652174,0.19749422714158837,0,0.9634782608695652,0.02434782608695652,0.638695652173913,0.00017561680200943593
baseline_shifted_seeds,400,0.03,0.4,0.55,4,1004,0.1465812090159835,0.057881645224930535,0.1265217391304348,0.3612671984249954,0,0.8817391304347826,0.07130434782608695,0.3143478260869565,0.0030463908153782523
baseline_shifted_seeds,400,0.03,0.4,0.55,5,1005,0.10369766639847885,0.04956190616754038,0.043043478260869565,0.20719524047346796,0,0.9578260869565217,0.03826086956521739,0.6817391304347826,0.0003343324421373878
baseline_shifted_seeds,400,0.03,0.4,0.55,6,1006,0.15954855917230573,0.05634642355923292,0.12608695652173912,0.3864187763287815,0,0.8895652173913043,0.07478260869565218,0.20478260869565218,0.003191278587145115
baseline_shifted_seeds,400,0.03,0.4,0.55,7,1007,0.1181736588998568,0.0773172681269407,0.07608695652173914,0.271617364022559,0,0.9256521739130434,0.049565217391304345,0.53,0.0010009279775203925
baseline_shifted_seeds,400,0.03,0.4,0.55,8,1008,0.16536298891573256,0.05833529482313285,0.12130434782608696,0.3408149357288777,0,0.8834782608695653,0.07217391304347825,0.31217391304347825,0.0028661956655547504
baseline_shifted_seeds,400,0.03,0.4,0.55,9,1009,0.1038047320715361,0.04628407326661598,0.06869565217391305,0.26633265155711616,0,0.9347826086956522,0.04173913043478261,0.45869565217391306,0.0007249887096989103
baseline_shifted_seeds,400,0.03,0.4,0.575,0,1000,0.16308054081165269,0.08464072633374557,0.12739130434782608,0.36811762523864866,0,0.8847826086956522,0.06956521739130435,0.40608695652173915,0.0029505080405456325
baseline_shifted_seeds,400,0.03,0.4,0.575,1,1001,0.1665031333629656,0.06405517957688374,0.12521739130434784,0.3335822636982732,0,0.8756521739130435,0.06478260869565218,0.22608695652173913,0.002687197505608436
baseline_shifted_seeds,400,0.03,0.4,0.575,2,1002,0.15425445725013912,0.04788897355839992,0.10956521739130434,0.32862663181488533,0,0.8956521739130435,0.06652173913043478,0.45260869565217393,0.002281128563637899
baseline_shifted_seeds,400,0.03,0.4,0.575,3,1003,0.12353931976981002,0.03311741047070469,0.05608695652173913,0.23008956914616466,0,0.9439130434782609,0.03739130434782609,0.4230434782608696,0.00048253568022214085
baseline_shifted_seeds,400,0.03,0.4,0.575,4,1004,0.15993668529259752,0.06272338552901463,0.14304347826086958,0.3867021635923856,0,0.87,0.07739130434782608,0.35782608695652174,0.0038905600787616295
baseline_shifted_seeds,400,0.03,0.4,0.575,5,1005,0.1096191887171483,0.05824960178526791,0.07347826086956522,0.27233465179974525,0,0.9295652173913044,0.043043478260869565,0.43,0.0008256527877195093
baseline_shifted_seeds,400,0.03,0.4,0.575,6,1006,0.20680545746896312,0.06590498067621614,0.1917391304347826,0.4664589284675232,0,0.8365217391304348,0.10739130434782608,0.1991304347826087,0.008189220039325045
baseline_shifted_seeds,400,0.03,0.4,0.575,7,1007,0.12663214760863403,0.08904376749140411,0.11869565217391305,0.3825521203231072,0,0.9013043478260869,0.05304347826086957,0.6356521739130435,0.0020027218563248763
baseline_shifted_seeds,400,0.03,0.4,0.575,8,1008,0.20106883575433357,0.05749930711338087,0.15739130434782608,0.379372678891882,0,0.8482608695652174,0.09347826086956522,0.12,0.005381139747670097
baseline_shifted_seeds,400,0.03,0.4,0.575,9,1009,0.09855883333474998,0.045318069491293626,0.06217391304347826,0.2503120925310976,0,0.94,0.03434782608695652,0.4817391304347826,0.0005158605883219446
baseline_shifted_seeds,400,0.03,0.4,0.6,0,1000,0.25300814792433723,0.075302314581739,0.3091304347826087,0.5529400709997443,0,0.7308695652173913,0.14391304347826087,0.11739130434782609,0.021416132135025967
baseline_shifted_seeds,400,0.03,0.4,0.6,1,1001,0.20427268364783344,0.08068144575833373,0.19217391304347825,0.45733591993992423,0,0.8317391304347826,0.11043478260869566,0.19391304347826088,0.00849814870800177
baseline_shifted_seeds,400,0.03,0.4,0.6,2,1002,0.24446549716152474,0.04191562140196061,0.25478260869565217,0.4928609431297635,0,0.77,0.12608695652173912,0.10565217391304348,0.014292967464121157
baseline_shifted_seeds,400,0.03,0.4,0.6,3,1003,0.14328910251288954,0.04382519881415082,0.06391304347826086,0.24636909621338082,0,0.9365217391304348,0.041304347826086954,0.5269565217391304,0.0006459620883195338
baseline_shifted_seeds,400,0.03,0.4,0.6,4,1004,0.15838301166647298,0.05973430524659321,0.12304347826086956,0.34902267003247417,0,0.8839130434782608,0.07217391304347825,0.2534782608695652,0.0029242689972616533
baseline_shifted_seeds,400,0.03,0.4,0.6,5,1005,0.11901585459884223,0.05744899677961987,0.08608695652173913,0.2835756034523173,0,0.9147826086956522,0.05434782608695652,0.30130434782608695,0.0013133463917613711
baseline_shifted_seeds,400,0.03,0.4,0.6,6,1006,0.23859767368505522,0.05369783530485422,0.25478260869565217,0.5343412813127335,0,0.7878260869565218,0.12043478260869565,0.09043478260869565,0.013654086510864784
baseline_shifted_seeds,400,0.03,0.4,0.6,7,1007,0.13167364478500337,0.09132929557639674,0.11782608695652173,0.36657588954776,0,0.8956521739130435,0.05782608695652174,0.40956521739130436,0.0022119286572238914
baseline_shifted_seeds,400,0.03,0.4,0.6,8,1008,0.232690562605132,0.057565343534564904,0.2382608695652174,0.48339067082715,0,0.7869565217391304,0.10739130434782608,0.12304347826086956,0.011059503484875471
baseline_shifted_seeds,400,0.03,0.4,0.6,9,1009,0.10719509412609425,0.050648946079029124,0.05304347826086957,0.22412020809123445,0,0.9469565217391305,0.035652173913043476,0.44782608695652176,0.00042383716911773874
baseline_shifted_seeds,400,0.03,0.4,0.625,0,1000,0.22177331256198685,0.04520081465688523,0.20217391304347826,0.43787487315083745,0,0.8130434782608695,0.10260869565217391,0.10956521739130434,0.008399913527486813
baseline_shifted_seeds,400,0.03,0.4,0.625,1,1001,0.2385961777619564,0.06810052375336564,0.26608695652173914,0.5052570515002608,0,0.7626086956521739,0.12782608695652173,0.09260869565217392,0.015331925060402582
baseline_shifted_seeds,400,0.03,0.4,0.625,2,1002,0.33609369143095835,0.04376766939396384,0.6582608695652173,0.7699218039002292,0,0.5056521739130435,0.25521739130434784,0.08652173913043479,0.09713807985835722
baseline_shifted_seeds,400,0.03,0.4,0.625,3,1003,0.16747860783094226,0.07448532016292231,0.16478260869565217,0.4110153870516221,0,0.8486956521739131,0.08391304347826087,0.2308695652173913,0.005218419241004132
baseline_shifted_seeds,400,0.03,0.4,0.625,4,1004,0.19510090231209007,0.07789733755579736,0.19695652173913045,0.479935999198885,0,0.8352173913043478,0.09391304347826086,0.13956521739130434,0.007427123073114885
baseline_shifted_seeds,400,0.03,0.4,0.625,5,1005,0.13991770444605003,0.08217289439212455,0.08043478260869565,0.30368717114920235,0,0.9282608695652174,0.04869565217391304,0.5304347826086957,0.0010608958484095545
baseline_shifted_seeds,400,0.03,0.4,0.625,6,1006,0.278923159417682,0.04251540960294907,0.35478260869565215,0.5869958118894916,0,0.7004347826086956,0.17347826086956522,0.08652173913043479,0.03050502959783824
baseline_shifted_seeds,400,0.03,0.4,0.625,7,1007,0.14544813423163147,0.09086415583172718,0.12695652173913044,0.3723770270620274,0,0.8869565217391304,0.06304347826086956,0.40347826086956523,0.0026538022954479957
baseline_shifted_seeds,400,0.03,0.4,0.625,8,1008,0.23895460812615674,0.05140903031634664,0.2634782608695652,0.4810912296711931,0,0.7552173913043478,0.12956521739130436,0.08652173913043479,0.015257958523595424
baseline_shifted_seeds,400,0.03,0.4,0.625,9,1009,0.2114726451835632,0.047265543819597376,0.18782608695652173,0.43281642379971563,0,0.8291304347826087,0.10260869565217391,0.1373913043478261,0.0075884419784118685
baseline_shifted_seeds,400,0.03,0.4,0.65,0,1000,0.40461232511525397,0.03713753677890995,1.2143478260869565,1.0289983567272827,1,0.3739130434782609,0.3843478260869565,0.08652173913043479,0.2476131855553127
baseline_shifted_seeds,400,0.03,0.4,0.65,1,1001,0.24602659708338093,0.07108615121462605,0.3373913043478261,0.5971615278625778,0,0.7226086956521739,0.16043478260869565,0.09130434782608696,0.026575607200139628
baseline_shifted_seeds,400,0.03,0.4,0.65,2,1002,0.4637249793790125,0.03780696942490789,1.9908695652173913,1.3633093146218116,2,0.26956521739130435,0.46391304347826084,0.08652173913043479,0.4619685728329493
baseline_shifted_seeds,400,0.03,0.4,0.65,3,1003,0.1927892168880835,0.10520898143292819,0.2426086956521739,0.5152560983442188,0,0.7947826086956522,0.11652173913043479,0.3060869565217391,0.012320951980248074
baseline_shifted_seeds,400,0.03,0.4,0.65,4,1004,0.22959478337851214,0.08115094264642632,0.3239130434782609,0.5799867999280133,0,0.7304347826086957,0.14956521739130435,0.1108695652173913,0.023383664558734942
baseline_shifted_seeds,400,0.03,0.4,0.65,5,1005,0.15622758890500893,0.08885645607205024,0.19086956521739132,0.4526291604612002,0,0.8326086956521739,0.09478260869565218,0.22130434782608696,0.007181316793631694
baseline_shifted_seeds,400,0.03,0.4,0.65,6,1006,0.34035389502956626,0.04148990614649359,0.6882608695652174,0.7850458428813765,0,0.4826086956521739,0.27304347826086955,0.08652173913043479,0.11090367891319108
baseline_shifted_seeds,400,0.03,0.4,0.65,7,1007,0.16036277901100818,0.05897663528989497,0.12173913043478261,0.3348672958951253,0,0.8808695652173913,0.07,0.18478260869565216,0.002792502098705279
baseline_shifted_seeds,400,0.03,0.4,0.65,8,1008,0.2591656632888531,0.07379230189970779,0.32304347826086954,0.5759599531867283,0,0.7291304347826087,0.15739130434782608,0.09130434782608696,0.024554621026027047
baseline_shifted_seeds,400,0.03,0.4,0.65,9,1009,0.22251196733952908,0.060358340521108375,0.2182608695652174,0.5014904062883395,0,0.8143478260869565,0.10782608695652174,0.22,0.010038908989947772
baseline_shifted_seeds,400,0.03,0.4,0.675,0,1000,0.4761925538164026,0.028808823450014977,2.0569565217391306,1.240886551177121,2,0.3339130434782609,0.4647826086956522,0.08652173913043479,0.38416064958933244
baseline_shifted_seeds,400,0.03,0.4,0.675,1,1001,0.3188478558945334,0.060377385810088176,0.5743478260869566,0.8006210963287056,0,0.5808695652173913,0.22391304347826088,0.08652173913043479,0.07513730647608437
baseline_shifted_seeds,400,0.03,0.4,0.675,2,1002,0.5297764284849227,0.032942271549427304,2.933478260869565,1.4474598701222658,3,0.27260869565217394,0.5078260869565218,0.08652173913043479,0.5346747125180106
baseline_shifted_seeds,400,0.03,0.4,0.675,3,1003,0.3804728199120247,0.04135721450066822,1.06,1.021022505394342,1,0.3556521739130435,0.3491304347826087,0.08652173913043479,0.2296906903468379
baseline_shifted_seeds,400,0.03,0.4,0.675,4,1004,0.26233182869170163,0.07972832332253747,0.2891304347826087,0.5302699316179184,0,0.7452173913043478,0.14347826086956522,0.1191304347826087,0.01938442345765045
baseline_shifted_seeds,400,0.03,0.4,0.675,5,1005,0.17761469241607897,0.11367084128879408,0.24391304347826087,0.5365610231548674,0,0.8034782608695652,0.10478260869565217,0.3834782608695652,0.011048897151628519
baseline_shifted_seeds,400,0.03,0.4,0.675,6,1006,0.4556487314410485,0.05846174003206822,1.8756521739130434,1.2759372551254287,2,0.28130434782608693,0.4508695652173913,0.08652173913043479,0.4134521523693849
baseline_shifted_seeds,400,0.03,0.4,0.675,7,1007,0.18606244431791313,0.08681282714669807,0.20565217391304347,0.4633181467458076,0,0.8191304347826087,0.11,0.21739130434782608,0.00921801677731674
baseline_shifted_seeds,400,0.03,0.4,0.675,8,1008,0.29408257103269386,0.07857284246243425,0.6169565217391304,0.9752454976662731,0,0.6143478260869565,0.2108695652173913,0.08826086956521739,0.0793092133947336
baseline_shifted_seeds,400,0.03,0.4,0.675,9,1009,0.2711931722269694,0.08424184392788528,0.46217391304347827,0.7064021303437961,0,0.6452173913043479,0.17956521739130435,0.09260869565217392,0.04500248969162147
baseline_shifted_seeds,400,0.03,0.4,0.7,0,1000,0.582268236704616,0.0298835701015697,4.301304347826087,1.5180359288519636,5,0.26304347826086955,0.5617391304347826,0.08652173913043479,0.6284324400658096
baseline_shifted_seeds,400,0.03,0.4,0.7,1,1001,0.4825533045856806,0.035016548638204366,2.2182608695652175,1.3049126313379493,2,0.3108695652173913,0.5,0.08652173913043479,0.4496275053928745
baseline_shifted_seeds,400,0.03,0.4,0.7,2,1002,0.5719726181460573,0.026914016083598655,3.5443478260869563,1.3721573812857668,3,0.2908695652173913,0.5482608695652174,0.08652173913043479,0.5334789682082001
baseline_shifted_seeds,400,0.03,0.4,0.7,3,1003,0.472068135497956,0.034767805280470965,2.143913043478261,1.321620346493141,2,0.2852173913043478,0.4656521739130435,0.08652173913043479,0.4398882170049339
baseline_shifted_seeds,400,0.03,0.4,0.7,4,1004,0.3456502988948182,0.08905629916952262,0.9008695652173913,1.0769114978915932,0,0.4678260869565217,0.29391304347826086,0.08652173913043479,0.1684428019401087
baseline_shifted_seeds,400,0.03,0.4,0.7,5,1005,0.23478580314973047,0.08483691748260962,0.3630434782608696,0.6613092073114197,0,0.7226086956521739,0.15565217391304348,0.12782608695652173,0.02855305655144852
baseline_shifted_seeds,400,0.03,0.4,0.7,6,1006,0.5437286126138472,0.01795585324789539,3.3404347826086958,1.2528991710042805,3,0.30869565217391304,0.5517391304347826,0.08652173913043479,0.47788037635328906
baseline_shifted_seeds,400,0.03,0.4,0.7,7,1007,0.23476557121780586,0.08058251595028239,0.35043478260869565,0.5903387256178296,0,0.7039130434782609,0.15,0.12478260869565218,0.02621873966255738
baseline_shifted_seeds,400,0.03,0.4,0.7,8,1008,0.29373787473760915,0.07077091962904307,0.6308695652173913,0.8417394673014058,0,0.5604347826086956,0.22826086956521738,0.12173913043478261,0.08445638331081294
baseline_shifted_seeds,400,0.03,0.4,0.7,9,1009,0.3869288625521379,0.049529834358873454,1.11,1.0204794269702673,1,0.37434782608695655,0.3456521739130435,0.08652173913043479,0.22068687527950875
baseline_shifted_seeds,400,0.03,0.4,0.725,0,1000,0.6348932633422788,0.020172999858629272,5.2095652173913045,1.5060731498513655,5,0.25608695652173913,0.5639130434782609,0.08652173913043479,0.6318011039060595
baseline_shifted_seeds,400,0.03,0.4,0.725,1,1001,0.5610524354886554,0.02891164598697703,3.681304347826087,1.4887105723551393,4,0.25043478260869567,0.551304347826087,0.08652173913043479,0.6151926192456871
baseline_shifted_seeds,400,0.03,0.4,0.725,2,1002,0.6184445488606644,0.019753416369247496,5.030869565217391,1.4883326330041373,5,0.2534782608695652,0.58,0.08652173913043479,0.6444221471560727
baseline_shifted_seeds,400,0.03,0.4,0.725,3,1003,0.517496910815444,0.088309769618915,3.2991304347826085,1.849817647989351,3,0.20565217391304347,0.49956521739130433,0.08652173913043479,0.734060446169805
baseline_shifted_seeds,400,0.03,0.4,0.725,4,1004,0.5372867704116758,0.030572465536997974,3.4991304347826087,1.4483871481109099,4,0.2573913043478261,0.5552173913043478,0.08652173913043479,0.5971834383041434
baseline_shifted_seeds,400,0.03,0.4,0.725,5,1005,0.2723056128433931,0.08376489624917699,0.4230434782608696,0.6397617408583938,0,0.6508695652173913,0.1891304347826087,0.11782608695652173,0.042244229881307604
baseline_shifted_seeds,400,0.03,0.4,0.725,6,1006,0.6001456948067304,0.02224869472609629,4.478695652173913,1.3663591874435985,4,0.2791304347826087,0.5791304347826087,0.08652173913043479,0.5704242251182257
baseline_shifted_seeds,400,0.03,0.4,0.725,7,1007,0.5151545886717932,0.03919696038278213,2.8482608695652174,1.4661459449683274,3,0.25217391304347825,0.51,0.08652173913043479,0.5591753154121686
baseline_shifted_seeds,400,0.03,0.4,0.725,8,1008,0.3881705670012892,0.049789470606157425,1.1482608695652174,1.1276067467984265,1,0.34304347826086956,0.3517391304347826,0.08652173913043479,0.26056434094488123
baseline_shifted_seeds,400,0.03,0.4,0.725,9,1009,0.5049539105402601,0.034878689832661895,2.800869565217391,1.3277634448935032,3,0.29130434782608694,0.5330434782608696,0.08652173913043479,0.5015833493353619
baseline_shifted_seeds,400,0.03,0.4,0.75,0,1000,0.6769030763781353,0.012424500705238357,6.351739130434782,1.438665299849325,6,0.2634782608695652,0.5726086956521739,0.08652173913043479,0.6067409096859304
baseline_shifted_seeds,400,0.03,0.4,0.75,1,1001,0.6214973590491305,0.01979622089891674,4.808260869565218,1.4280486904800733,5,0.2647826086956522,0.5682608695652174,0.08652173913043479,0.596631995120164
baseline_shifted_seeds,400,0.03,0.4,0.75,2,1002,0.6589682510879882,0.017181072414834075,5.664782608695652,1.4274555336566908,6,0.26,0.5391304347826087,0.08652173913043479,0.5694926957012646
baseline_shifted_seeds,400,0.03,0.4,0.75,3,1003,0.616499408824644,0.019951697120667404,4.706521739130435,1.4453677392626845,5,0.2604347826086956,0.5378260869565218,0.08652173913043479,0.5749058118040982
baseline_shifted_seeds,400,0.03,0.4,0.75,4,1004,0.6060898682788708,0.020391393279938795,4.804347826086956,1.4212603900792835,5,0.2665217391304348,0.5739130434782609,0.08652173913043479,0.5982834579506208
baseline_shifted_seeds,400,0.03,0.4,0.75,5,1005,0.5879755284663603,0.025120642825751695,4.553478260869565,1.465905592474887,4,0.26608695652173914,0.5726086956521739,0.08652173913043479,0.6160394829300156
baseline_shifted_seeds,400,0.03,0.4,0.75,6,1006,0.6488331578835582,0.019920749526466653,5.568695652173913,1.413313419031985,6,0.2778260869565217,0.5843478260869566,0.08652173913043479,0.5964193325201476
baseline_shifted_seeds,400,0.03,0.4,0.75,7,1007,0.5859085345632545,0.02362995977258744,4.018695652173913,1.4059185589247063,4,0.29,0.5739130434782609,0.08652173913043479,0.5728812503130868
baseline_shifted_seeds,400,0.03,0.4,0.75,8,1008,0.48207751715908187,0.026427288307803973,2.253913043478261,1.2947577887655275,2,0.3056521739130435,0.48869565217391303,0.08652173913043479,0.43934338162721776
baseline_shifted_seeds,400,0.03,0.4,0.75,9,1009,0.6013159292539487,0.016009717656497797,4.762173913043478,1.3326843017065682,5,0.288695652173913,0.5647826086956522,0.08652173913043479,0.5353823641524692
baseline_shifted_seeds,400,0.03,0.4,0.775,0,1000,0.7142636626802535,0.010117979101389821,7.0004347826086954,1.5321198110173726,7,0.2882608695652174,0.5339130434782609,0.08652173913043479,0.5822159558013049
baseline_shifted_seeds,400,0.03,0.4,0.775,1,1001,0.687171401742095,0.016152030867341412,6.655652173913044,1.5666742012716162,6,0.25217391304347825,0.5369565217391304,0.08652173913043479,0.6290981747710642
baseline_shifted_seeds,400,0.03,0.4,0.775,2,1002,0.7108641677888756,0.01939939711194903,7.025217391304348,1.5543120093167389,7,0.2673913043478261,0.5417391304347826,0.08652173913043479,0.6168796999441063
baseline_shifted_seeds,400,0.03,0.4,0.775,3,1003,0.6642541596559334,0.01841948147416537,6.0773913043478265,1.2611630842764852,6,0.32217391304347825,0.5356521739130434,0.08652173913043479,0.45790185378733195
baseline_shifted_seeds,400,0.03,0.4,0.775,4,1004,0.67548897536318,0.014307893712214546,6.323913043478261,1.3758293597758307,6,0.2826086956521739,0.5856521739130435,0.08652173913043479,0.5780433929661711
baseline_shifted_seeds,400,0.03,0.4,0.775,5,1005,0.6383477197557813,0.028091570760630298,5.463913043478261,1.6105636041067568,5,0.24565217391304348,0.5782608695652174,0.08652173913043479,0.7025436769534027
baseline_shifted_seeds,400,0.03,0.4,0.775,6,1006,0.6844811955134622,0.01633008264137006,6.450434782608696,1.4994708581504155,7,0.2582608695652174,0.5856521739130435,0.08652173913043479,0.6513718426158472
baseline_shifted_seeds,400,0.03,0.4,0.775,7,1007,0.6281914621619211,0.022670882955249314,4.845217391304348,1.5146957495188882,5,0.25130434782608696,0.5747826086956521,0.08652173913043479,0.6518299895362685
baseline_shifted_seeds,400,0.03,0.4,0.775,8,1008,0.5976544170789782,0.027904312861317594,4.923478260869565,1.5858795630998734,5,0.23173913043478261,0.5591304347826087,0.08652173913043479,0.6812273085463001
baseline_shifted_seeds,400,0.03,0.4,0.775,9,1009,0.661780854824608,0.018294845398017855,5.944347826086957,1.5005617095722537,6,0.2526086956521739,0.5639130434782609,0.08652173913043479,0.6324322989749758
baseline_shifted_seeds,400,0.03,0.4,0.8,0,1000,0.7424101265181364,0.007619917793100577,7.172173913043478,1.516262442930382,7,0.26,0.4860869565217391,0.08652173913043479,0.5454061942894967
baseline_shifted_seeds,400,0.03,0.4,0.8,1,1001,0.7248968106117475,0.011029781735641968,7.071739130434783,1.5440155219255634,7,0.2565217391304348,0.5165217391304348,0.08652173913043479,0.5929369864941315
baseline_shifted_seeds,400,0.03,0.4,0.8,2,1002,0.755928067010744,0.010084188036601813,7.614347826086957,1.548761991109018,8,0.2608695652173913,0.5195652173913043,0.08652173913043479,0.5947655937606104
baseline_shifted_seeds,400,0.03,0.4,0.8,3,1003,0.7030757114688552,0.017567644910824094,6.6326086956521735,1.5140723013903363,7,0.25478260869565217,0.5252173913043479,0.08652173913043479,0.5926096171767645
baseline_shifted_seeds,400,0.03,0.4,0.8,4,1004,0.710777101827031,0.012750888793997585,7.02,1.468669909934777,7,0.2617391304347826,0.5660869565217391,0.08652173913043479,0.6137863077391132
baseline_shifted_seeds,400,0.03,0.4,0.8,5,1005,0.6759879996580224,0.0237643724697858,6.126086956521739,1.5256409604702708,6,0.25478260869565217,0.5756521739130435,0.08652173913043479,0.65447863150929
baseline_shifted_seeds,400,0.03,0.4,0.8,6,1006,0.7194380496607163,0.015488066270157929,7.008695652173913,1.4983797172070963,7,0.2569565217391304,0.548695652173913,0.08652173913043479,0.6108964930082843
baseline_shifted_seeds,400,0.03,0.4,0.8,7,1007,0.6755931827658084,0.01852915537980897,6.180434782608696,1.497261204770867,6,0.26608695652173914,0.5721739130434783,0.08652173913043479,0.6287387569339526
baseline_shifted_seeds,400,0.03,0.4,0.8,8,1008,0.6861579083837418,0.02346246621928832,7.066521739130435,1.552952611879964,7,0.2569565217391304,0.5617391304347826,0.08652173913043479,0.6481971372038344
baseline_shifted_seeds,400,0.03,0.4,0.8,9,1009,0.7001409098339133,0.017548753964692885,6.742173913043478,1.4759093188879662,7,0.28,0.5682608695652174,0.08652173913043479,0.6038650903871466
baseline_shifted_seeds,400,0.03,0.4,0.825,0,1000,0.7737536837144832,0.010828248605605592,6.944347826086957,1.4125026389723914,7,0.2634782608695652,0.4026086956521739,0.08652173913043479,0.41884948867894156
baseline_shifted_seeds,400,0.03,0.4,0.825,1,1001,0.7612852773323919,0.012627021695211797,7.466521739130434,1.621918104123612,8,0.23217391304347826,0.4752173913043478,0.08652173913043479,0.5918124695756635
baseline_shifted_seeds,400,0.03,0.4,0.825,2,1002,0.783160359251332,0.00787357239822189,7.594347826086956,1.565181823267373,8,0.24347826086956523,0.4717391304347826,0.08652173913043479,0.5585835104745428
baseline_shifted_seeds,400,0.03,0.4,0.825,3,1003,0.7353275989199868,0.015240519454911661,6.748695652173913,1.6474942880360866,7,0.22478260869565217,0.4256521739130435,0.08652173913043479,0.543628581039247
baseline_shifted_seeds,400,0.03,0.4,0.825,4,1004,0.7357132748071571,0.011941777884847814,7.360434782608696,1.5918542053102989,8,0.24869565217391304,0.5730434782608695,0.08652173913043479,0.6853410824834957
baseline_shifted_seeds,400,0.03,0.4,0.825,5,1005,0.7016126231576596,0.0136446612182274,6.266086956521739,1.4140836305458364,6,0.2569565217391304,0.5104347826086957,0.08652173913043479,0.5363269041667422
baseline_shifted_seeds,400,0.03,0.4,0.825,6,1006,0.7481763243888934,0.01540661416497124,7.403478260869565,1.5772254358887214,8,0.23782608695652174,0.5178260869565218,0.08652173913043479,0.6224891394315148
baseline_shifted_seeds,400,0.03,0.4,0.825,7,1007,0.7047683242085833,0.02111363710880716,6.470434782608696,1.5680214014202452,6,0.23347826086956522,0.5313043478260869,0.08652173913043479,0.6385866467444851
baseline_shifted_seeds,400,0.03,0.4,0.825,8,1008,0.7436134116291349,0.014641023124077992,7.598695652173913,1.6036095273064614,8,0.2465217391304348,0.4973913043478261,0.08652173913043479,0.6009904124711355
baseline_shifted_seeds,400,0.03,0.4,0.825,9,1009,0.7322200289420587,0.014987513707596017,7.1460869565217395,1.5408798704140627,7,0.2665217391304348,0.5313043478260869,0.08652173913043479,0.600481177912201
baseline_shifted_seeds,400,0.03,0.4,0.85,0,1000,0.8033778867390742,0.008011062930959472,6.935652173913043,1.4170509060444374,7,0.2752173913043478,0.3626086956521739,0.08652173913043479,0.37241865878766794
baseline_shifted_seeds,400,0.03,0.4,0.85,1,1001,0.7877969929296227,0.0109580204458365,7.239565217391305,1.7772719159256403,8,0.22391304347826088,0.4056521739130435,0.08652173913043479,0.5595231649222553
baseline_shifted_seeds,400,0.03,0.4,0.85,2,1002,0.8056107953661793,0.006538179219243492,7.967826086956522,1.5876725007866872,8,0.2391304347826087,0.4221739130434783,0.08652173913043479,0.5099910214276295
baseline_shifted_seeds,400,0.03,0.4,0.85,3,1003,0.7642396391811206,0.01638988439333649,6.88304347826087,1.5420960743278829,7,0.24608695652173912,0.3947826086956522,0.08652173913043479,0.45897676682218486
baseline_shifted_seeds,400,0.03,0.4,0.85,4,1004,0.7603479509242218,0.011732701468332812,7.657826086956522,1.615106555972564,8,0.24043478260869566,0.532608695652174,0.08652173913043479,0.6533930376677967
baseline_shifted_seeds,400,0.03,0.4,0.85,5,1005,0.7427291551300795,0.013432649351619731,7.308695652173913,1.537760382611323,7,0.24869565217391304,0.48391304347826086,0.08652173913043479,0.5590773517229224
baseline_shifted_seeds,400,0.03,0.4,0.85,6,1006,0.7715069759515124,0.012690703548353697,7.157391304347826,1.637472116964875,7,0.25608695652173913,0.45521739130434785,0.08652173913043479,0.5545170876750113
baseline_shifted_seeds,400,0.03,0.4,0.85,7,1007,0.7284784692954008,0.01796018878508616,6.697391304347826,1.5015042237161471,7,0.2665217391304348,0.5069565217391304,0.08652173913043479,0.5583217158890441
baseline_shifted_seeds,400,0.03,0.4,0.85,8,1008,0.775184625892267,0.010590031723949112,7.879565217391304,1.6964976153210973,8,0.21565217391304348,0.4860869565217391,0.08652173913043479,0.6468087987612477
baseline_shifted_seeds,400,0.03,0.4,0.85,9,1009,0.7620011976580712,0.014581155993680211,7.608260869565218,1.583892157544092,8,0.2417391304347826,0.5047826086956522,0.08652173913043479,0.6062456530574792
baseline_shifted_seeds,400,0.03,0.4,0.875,0,1000,0.8244897038644556,0.0063349379002966034,6.852173913043479,1.5717255997974333,7,0.24521739130434783,0.2982608695652174,0.08652173913043479,0.3538301958737146
baseline_shifted_seeds,400,0.03,0.4,0.875,1,1001,0.8076588362367229,0.010349080813643718,6.879565217391304,1.9180650990014811,6,0.18130434782608695,0.33869565217391306,0.08652173913043479,0.5318576985317512
baseline_shifted_seeds,400,0.03,0.4,0.875,2,1002,0.8220292329234583,0.006481125704130973,7.639565217391304,1.5074019638203011,8,0.2995652173913044,0.37782608695652176,0.08652173913043479,0.3989226751329455
baseline_shifted_seeds,400,0.03,0.4,0.875,3,1003,0.7880205426267961,0.01032962116532755,6.856521739130435,1.5467570807721276,7,0.27608695652173915,0.3447826086956522,0.08652173913043479,0.3860591651673689
baseline_shifted_seeds,400,0.03,0.4,0.875,4,1004,0.7779110794280083,0.01112221248615728,7.514347826086957,1.7580283573093949,8,0.22086956521739132,0.48130434782608694,0.08652173913043479,0.6592586413777425
baseline_shifted_seeds,400,0.03,0.4,0.875,5,1005,0.7684760507104373,0.010873438455692592,6.871739130434783,1.5032086035744054,7,0.27652173913043476,0.41782608695652174,0.08652173913043479,0.45440205984183857
baseline_shifted_seeds,400,0.03,0.4,0.875,6,1006,0.795482865026043,0.010058541232238061,7.819565217391304,1.532278718717208,8,0.2604347826086956,0.43869565217391304,0.08652173913043479,0.49713870726607684
baseline_shifted_seeds,400,0.03,0.4,0.875,7,1007,0.7535353578327421,0.014451695426070832,6.547826086956522,1.5139552475200129,6,0.2665217391304348,0.43478260869565216,0.08652173913043479,0.482805767191032
baseline_shifted_seeds,400,0.03,0.4,0.875,8,1008,0.7969793068183704,0.007379872322184462,7.820434782608696,1.768177588614087,7,0.21521739130434783,0.4260869565217391,0.08652173913043479,0.5912531840907462
baseline_shifted_seeds,400,0.03,0.4,0.875,9,1009,0.7807722158098819,0.012554589621269055,7.504782608695653,1.6141961778442877,8,0.24130434782608695,0.43043478260869567,0.08652173913043479,0.5271464297757044
baseline_shifted_seeds,400,0.03,0.4,0.9,0,1000,0.8407487560090117,0.006780546722965995,6.956521739130435,1.5148040731270145,7,0.2752173913043478,0.2752173913043478,0.08652173913043479,0.30216217894448777
baseline_shifted_seeds,400,0.03,0.4,0.9,1,1001,0.8276693863937918,0.008555136958776969,6.583913043478261,1.8757960376989977,7,0.25130434782608696,0.27695652173913043,0.08652173913043479,0.3889578340880598
baseline_shifted_seeds,400,0.03,0.4,0.9,2,1002,0.8362033095426552,0.007492728587176768,7.276521739130435,1.6423911748625966,8,0.22608695652173913,0.331304347826087,0.08652173913043479,0.42111034038952383
baseline_shifted_seeds,400,0.03,0.4,0.9,3,1003,0.8099294813922836,0.01270487979836226,6.299130434782609,1.9140440071345375,7,0.22217391304347825,0.25,0.08652173913043479,0.372198341571803
baseline_shifted_seeds,400,0.03,0.4,0.9,4,1004,0.7952630153366815,0.009684793577607109,7.399565217391304,1.564803024861678,8,0.25956521739130434,0.4191304347826087,0.08652173913043479,0.4856190195879764
baseline_shifted_seeds,400,0.03,0.4,0.9,5,1005,0.7925604434792156,0.007666229574744096,7.31695652173913,1.6092043261584381,7,0.24739130434782608,0.3804347826086957,0.08652173913043479,0.46074501113694705
baseline_shifted_seeds,400,0.03,0.4,0.9,6,1006,0.8125352575136662,0.008517161538323848,7.24695652173913,1.6888031130452654,7,0.24217391304347827,0.39956521739130435,0.08652173913043479,0.5113711801321495
baseline_shifted_seeds,400,0.03,0.4,0.9,7,1007,0.7816105840313415,0.01105562891010614,7.143478260869565,1.6084899986056385,7,0.2534782608695652,0.40608695652173915,0.08652173913043479,0.4876181531826052
baseline_shifted_seeds,400,0.03,0.4,0.9,8,1008,0.8150782998521998,0.0073981410210931155,7.684782608695652,1.398518997913017,8,0.2856521739130435,0.3691304347826087,0.08652173913043479,0.3687720123075078
baseline_shifted_seeds,400,0.03,0.4,0.9,9,1009,0.7987449207580349,0.010324126666596042,7.31391304347826,1.8327165371333456,8,0.2165217391304348,0.4082608695652174,0.08652173913043479,0.5862191569594318
baseline_shifted_seeds,400,0.03,0.4,0.925,0,1000,0.8534362802142642,0.00715526315542706,6.943043478260869,1.462805329800329,7,0.2847826086956522,0.2391304347826087,0.08652173913043479,0.2501839560815447
baseline_shifted_seeds,400,0.03,0.4,0.925,1,1001,0.843266271269716,0.007208184126658766,5.8908695652173915,1.4048995416460217,6,0.3034782608695652,0.2126086956521739,0.08652173913043479,0.20804676716674292
baseline_shifted_seeds,400,0.03,0.4,0.925,2,1002,0.8491128492651224,0.0066574636527804085,7.1439130434782605,1.633795897876116,7,0.2465217391304348,0.3130434782608696,0.08652173913043479,0.38536581777808127
baseline_shifted_seeds,400,0.03,0.4,0.925,3,1003,0.8273810165498761,0.007676550360517635,5.750869565217391,1.7555190314956113,6,0.2117391304347826,0.18217391304347827,0.08652173913043479,0.2520935298750256
baseline_shifted_seeds,400,0.03,0.4,0.925,4,1004,0.8122967453523023,0.008327335203681611,7.374782608695652,1.6755190488847937,8,0.24521739130434783,0.3782608695652174,0.08652173913043479,0.4783686080532504
baseline_shifted_seeds,400,0.03,0.4,0.925,5,1005,0.8100228705919454,0.009448786469480434,7.346521739130435,1.5246984269047015,7,0.24869565217391304,0.3591304347826087,0.08652173913043479,0.41138842388219193
baseline_shifted_seeds,400,0.03,0.4,0.925,6,1006,0.827868014099715,0.007809493588363455,7.1808695652173915,1.4889094726575476,7,0.25173913043478263,0.3339130434782609,0.08652173913043479,0.3720100841909764
baseline_shifted_seeds,400,0.03,0.4,0.925,7,1007,0.8031327095592802,0.00915995098977147,6.592608695652174,1.5081336504933747,7,0.2773913043478261,0.31130434782608696,0.08652173913043479,0.33925651886255265
baseline_shifted_seeds,400,0.03,0.4,0.925,8,1008,0.8308361426494703,0.006451894341703654,7.832173913043478,1.5468367624782693,8,0.2743478260869565,0.36434782608695654,0.08652173913043479,0.408967851105619
baseline_shifted_seeds,400,0.03,0.4,0.925,9,1009,0.8178141383208472,0.008837050293818129,6.525652173913043,1.6481196824601863,7,0.2534782608695652,0.29434782608695653,0.08652173913043479,0.3621529600146413
baseline_shifted_seeds,400,0.03,0.4,0.95,0,1000,0.8664363021212652,0.004801556921303675,5.691739130434782,1.3065791783655418,6,0.27956521739130435,0.1565217391304348,0.08652173913043479,0.14733471010550414
baseline_shifted_seeds,400,0.03,0.4,0.95,1,1001,0.8571065706619785,0.0066609341376984215,5.822608695652174,1.506453414599724,5,0.2447826086956522,0.1808695652173913,0.08652173913043479,0.20577527254836972
baseline_shifted_seeds,400,0.03,0.4,0.95,2,1002,0.8610538478441498,0.006514429355772469,6.436521739130435,1.4052281532088975,6,0.288695652173913,0.21956521739130436,0.08652173913043479,0.2194652931768846
baseline_shifted_seeds,400,0.03,0.4,0.95,3,1003,0.8491168255253657,0.005808093596368827,4.6326086956521735,1.4973243306741308,5,0.26608695652173914,0.09391304347826086,0.08652173913043479,0.10320159458821275
baseline_shifted_seeds,400,0.03,0.4,0.95,4,1004,0.8268691139222982,0.008347248512556306,7.053478260869565,1.8065607697348025,7,0.23608695652173914,0.3234782608695652,0.08652173913043479,0.4464179013202239
baseline_shifted_seeds,400,0.03,0.4,0.95,5,1005,0.8271056030387174,0.007939523273672713,6.917826086956522,1.540393672217082,6,0.25956521739130434,0.30391304347826087,0.08652173913043479,0.3466313822797289
baseline_shifted_seeds,400,0.03,0.4,0.95,6,1006,0.8414780129175631,0.0072196235360404495,7.059565217391304,1.7964747563198649,7,0.19826086956521738,0.32,0.08652173913043479,0.46089731631388065
baseline_shifted_seeds,400,0.03,0.4,0.95,7,1007,0.8232412873956327,0.007239153878468644,6.417391304347826,1.5788416705908008,6,0.2582608695652174,0.2634782608695652,0.08652173913043479,0.30855640142759366
baseline_shifted_seeds,400,0.03,0.4,0.95,8,1008,0.8445416174899298,0.005874344763720134,7.2504347826086954,1.3896745889372792,7,0.26956521739130435,0.2921739130434783,0.08652173913043479,0.29657599797662265
baseline_shifted_seeds,400,0.03,0.4,0.95,9,1009,0.8360852496406223,0.008909575473185534,6.183478260869565,1.9994099318584888,5,0.18608695652173912,0.23304347826086957,0.08652173913043479,0.3792423325058624
baseline_shifted_seeds,400,0.03,0.4,0.975,0,1000,0.8775244462684646,0.004331358467386396,5.2013043478260865,1.3230064719281251,6,0.31478260869565217,0.1317391304347826,0.08652173913043479,0.11942772009877649
baseline_shifted_seeds,400,0.03,0.4,0.975,1,1001,0.8691189072836992,0.005764362478862321,5.752173913043478,1.5607605629857657,6,0.2417391304347826,0.15956521739130436,0.08652173913043479,0.1888396376329747
baseline_shifted_seeds,400,0.03,0.4,0.975,2,1002,0.8716859288748742,0.004537407804031558,6.605652173913043,1.3268672686377603,6,0.28695652173913044,0.22217391304347825,0.08652173913043479,0.21020186215768089
baseline_shifted_seeds,400,0.03,0.4,0.975,3,1003,0.866612974646459,0.002966545218695538,2.710434782608696,0.9067739196728509,3,0.40304347826086956,0.020869565217391306,0.09913043478260869,0.011296792299739305
baseline_shifted_seeds,400,0.03,0.4,0.975,4,1004,0.8395644403846476,0.007204437634684394,6.435652173913043,1.6677864165386784,7,0.2408695652173913,0.23217391304347826,0.08652173913043479,0.29394783008831094
baseline_shifted_seeds,400,0.03,0.4,0.975,5,1005,0.8427479022387607,0.007235592075730186,5.7495652173913046,1.6207552674759504,5,0.25217391304347825,0.2,0.08652173913043479,0.24240861513018522
baseline_shifted_seeds,400,0.03,0.4,0.975,6,1006,0.8538112072041053,0.006566559431524183,6.7443478260869565,1.4861207923489248,7,0.28347826086956524,0.25782608695652176,0.08652173913043479,0.2745429783831895
baseline_shifted_seeds,400,0.03,0.4,0.975,7,1007,0.8425466768003956,0.005086822733681183,5.264782608695652,1.214361057852226,5,0.32,0.15565217391304348,0.08652173913043479,0.12853219905339416
baseline_shifted_seeds,400,0.03,0.4,0.975,8,1008,0.8554424432596376,0.004817214890705272,7.183478260869565,1.2522279577708932,7,0.30869565217391304,0.2608695652173913,0.08652173913043479,0.22582712217255763
baseline_shifted_seeds,400,0.03,0.4,0.975,9,1009,0.8496158055555509,0.006265354265066838,5.723478260869565,1.509409929901063,6,0.2604347826086956,0.2026086956521739,0.08652173913043479,0.2261735231380379
baseline_shifted_seeds,400,0.03,0.4,1.0,0,1000,0.8869111547733531,0.0036655368896938334,4.314782608695652,1.2014660232045407,4,0.3208695652173913,0.07652173913043478,0.08652173913043479,0.06243807782374168
baseline_shifted_seeds,400,0.03,0.4,1.0,1,1001,0.8790277341279928,0.005114626862312251,5.350869565217391,1.604321373647839,6,0.25521739130434784,0.12043478260869565,0.08652173913043479,0.14390398911874083
baseline_shifted_seeds,400,0.03,0.4,1.0,2,1002,0.8814222291367518,0.0050896083180438844,5.984782608695652,1.3365216684110757,6,0.2617391304347826,0.18434782608695652,0.08652173913043479,0.181896304997267
baseline_shifted_seeds,400,0.03,0.4,1.0,3,1003,0.881452805344001,0.0023124046581038363,2.106086956521739,0.6922285318192615,2,0.5095652173913043,0.009565217391304347,0.19695652173913045,0.0032473242044507547
baseline_shifted_seeds,400,0.03,0.4,1.0,4,1004,0.8533798256654949,0.006457568234546561,6.042608695652174,1.4928560820331997,6,0.24869565217391304,0.19217391304347825,0.08652173913043479,0.21554019902536795
baseline_shifted_seeds,400,0.03,0.4,1.0,5,1005,0.8566047907218557,0.007625319354884843,5.2156521739130435,1.4534870397321014,5,0.2669565217391304,0.14652173913043479,0.08652173913043479,0.1561144005378822
baseline_shifted_seeds,400,0.03,0.4,1.0,6,1006,0.864495820178149,0.0060332805994479126,6.331304347826087,1.7322448475086385,6,0.2108695652173913,0.22826086956521738,0.08652173913043479,0.3120251070512382
baseline_shifted_seeds,400,0.03,0.4,1.0,7,1007,0.858315871689501,0.004432083044557359,5.464347826086956,1.2618269229037868,5,0.33260869565217394,0.14608695652173914,0.08652173913043479,0.12302454786611287
baseline_shifted_seeds,400,0.03,0.4,1.0,8,1008,0.8641707138556712,0.004810989355001947,7.033478260869566,1.2653272774632764,7,0.3169565217391304,0.22565217391304349,0.08652173913043479,0.19502520508968094
baseline_shifted_seeds,400,0.03,0.4,1.0,9,1009,0.8650638472923167,0.005595326752378785,5.048260869565217,1.3946548651249295,5,0.2465217391304348,0.13217391304347825,0.08652173913043479,0.13889391634450882
baseline_shifted_seeds,400,0.03,0.4,1.025,0,1000,0.8981397275673068,0.0023032781153408052,2.042608695652174,0.6965206535300664,2,0.5221739130434783,0.02043478260869565,0.08652173913043479,0.006801017594968577
baseline_shifted_seeds,400,0.03,0.4,1.025,1,1001,0.8889035606521228,0.004176531653189878,4.6439130434782605,1.2630819420918673,5,0.2965217391304348,0.09173913043478261,0.08652173913043479,0.081514868349095
baseline_shifted_seeds,400,0.03,0.4,1.025,2,1002,0.8892089273530009,0.004147841493501157,5.762173913043478,1.2695273222456327,6,0.28347826086956524,0.12347826086956522,0.08652173913043479,0.1123212507556303
baseline_shifted_seeds,400,0.03,0.4,1.025,3,1003,0.8923048624192049,0.0015615616785287746,2.6543478260869566,0.47922333984458215,3,0.6560869565217391,0.007391304347826087,0.33608695652173914,0.0012181695884198713
baseline_shifted_seeds,400,0.03,0.4,1.025,4,1004,0.8654036035467104,0.006929900455664021,5.251739130434783,1.4834218731319153,5,0.3217391304347826,0.12739130434782608,0.08652173913043479,0.1281743809250763
baseline_shifted_seeds,400,0.03,0.4,1.025,5,1005,0.8693796167437764,0.006461469954226953,5.18608695652174,1.484756572437073,6,0.22086956521739132,0.1126086956521739,0.08652173913043479,0.13026788366193695
baseline_shifted_seeds,400,0.03,0.4,1.025,6,1006,0.8741338109696675,0.00531861807286412,5.4369565217391305,1.378382589605307,6,0.3008695652173913,0.1408695652173913,0.08652173913043479,0.13575166488118304
baseline_shifted_seeds,400,0.03,0.4,1.025,7,1007,0.8692190990111434,0.0032986055045564865,6.174347826086956,1.053995817527204,6,0.33695652173913043,0.14869565217391303,0.08652173913043479,0.10391522161213677
baseline_shifted_seeds,400,0.03,0.4,1.025,8,1008,0.8740778446407484,0.00473645884155772,6.740434782608696,1.5044917624028376,7,0.2956521739130435,0.19782608695652174,0.08652173913043479,0.20963343736727177
baseline_shifted_seeds,400,0.03,0.4,1.025,9,1009,0.877485939433423,0.005402210899755667,4.170869565217392,1.3210417925899907,4,0.3356521739130435,0.09782608695652174,0.08652173913043479,0.08585523117865937
baseline_shifted_seeds,400,0.03,0.4,1.05,0,1000,0.906358813233236,0.0022613713740585756,2.128260869565217,0.6994292839532941,2,0.49434782608695654,0.020869565217391306,0.08652173913043479,0.007380896449586405
baseline_shifted_seeds,400,0.03,0.4,1.05,1,1001,0.8955572622539627,0.0038366910899849975,4.645652173913043,0.9948140577272697,4,0.4056521739130435,0.06956521739130435,0.08652173913043479,0.04113151868315753
baseline_shifted_seeds,400,0.03,0.4,1.05,2,1002,0.8961780901120117,0.003917901282705463,6.025652173913043,1.16758511871803,6,0.3630434782608696,0.13217391304347825,0.08652173913043479,0.09829786623940262
baseline_shifted_seeds,400,0.03,0.4,1.05,3,1003,0.9010248641148165,0.0015070616519026476,1.7282608695652173,0.4448561289061114,2,0.7282608695652174,0.0034782608695652175,0.4121739130434783,0.0004204690517979664
baseline_shifted_seeds,400,0.03,0.4,1.05,4,1004,0.8746606031866025,0.0052593654411991824,4.709130434782609,1.567940807011258,4,0.27869565217391307,0.08782608695652173,0.08652173913043479,0.0993280138651778
baseline_shifted_seeds,400,0.03,0.4,1.05,5,1005,0.8806310314765737,0.004742211889363019,4.312608695652174,1.3749678807040782,4,0.3352173913043478,0.08304347826086957,0.08652173913043479,0.07590628539665176
baseline_shifted_seeds,400,0.03,0.4,1.05,6,1006,0.8858161997708397,0.003904896806612914,5.062608695652174,0.9706529285746127,5,0.4078260869565217,0.1108695652173913,0.08652173913043479,0.06372731033344349
baseline_shifted_seeds,400,0.03,0.4,1.05,7,1007,0.8790046979521074,0.004006725791800903,6.567826086956522,1.3972673844569967,7,0.31130434782608696,0.13260869565217392,0.08652173913043479,0.1276082842853287
baseline_shifted_seeds,400,0.03,0.4,1.05,8,1008,0.8850218241527231,0.004228977916875012,5.419130434782609,1.3940803826973358,5,0.2634782608695652,0.12217391304347826,0.08652173913043479,0.12544457178088952
baseline_shifted_seeds,400,0.03,0.4,1.05,9,1009,0.8872819376181282,0.004493910168572851,3.9521739130434783,1.1543375910460854,4,0.32521739130434785,0.07,0.08652173913043479,0.0545248859490342
baseline_shifted_seeds,400,0.03,0.4,1.075,0,1000,0.9129097096397525,0.0022595716563350125,2.2504347826086954,0.6658598772876125,2,0.49391304347826087,0.01956521739130435,0.08652173913043479,0.006593145965021779
baseline_shifted_seeds,400,0.03,0.4,1.075,1,1001,0.9026436808835957,0.003225585575956312,4.97,1.1051126245969134,5,0.3617391304347826,0.06695652173913043,0.08652173913043479,0.047227793005515245
baseline_shifted_seeds,400,0.03,0.4,1.075,2,1002,0.9020248019235424,0.00349792679358675,6.2156521739130435,1.0448708099338386,6,0.39,0.11130434782608696,0.08652173913043479,0.07094218571531391
baseline_shifted_seeds,400,0.03,0.4,1.075,3,1003,0.9081296303477213,0.0013530282839277878,1.8047826086956522,0.3963679621723645,2,0.8047826086956522,0.0026086956521739132,0.6073913043478261,0.00020185551973942237
baseline_shifted_seeds,400,0.03,0.4,1.075,4,1004,0.8854351393561608,0.0033962319675816966,4.193913043478261,1.3399407486265458,4,0.33652173913043476,0.05391304347826087,0.08652173913043479,0.04792985877524264
baseline_shifted_seeds,400,0.03,0.4,1.075,5,1005,0.8887440214430176,0.003306029882885078,4.237391304347826,1.1120651270860478,4,0.36782608695652175,0.05521739130434783,0.08652173913043479,0.038818851787603706
baseline_shifted_seeds,400,0.03,0.4,1.075,6,1006,0.8942646865408634,0.002994394323914873,5.858260869565218,0.9150417057442889,6,0.4908695652173913,0.11434782608695652,0.08652173913043479,0.05327186043623208
baseline_shifted_seeds,400,0.03,0.4,1.075,7,1007,0.886828353153554,0.0031551969917395562,5.620434782608696,1.1111372093133256,6,0.4,0.07869565217391304,0.08652173913043479,0.052465001071650655
baseline_shifted_seeds,400,0.03,0.4,1.075,8,1008,0.8930742923569474,0.004026740838298105,5.067826086956522,1.2818836565323268,5,0.3017391304347826,0.10130434782608695,0.08652173913043479,0.09067642821211823
baseline_shifted_seeds,400,0.03,0.4,1.075,9,1009,0.895859441487665,0.0031676139650748656,4.587826086956522,1.1087123613404135,4,0.33260869565217394,0.07782608695652174,0.08652173913043479,0.057587023795464605
baseline_shifted_seeds,400,0.03,0.4,1.1,0,1000,0.9184646130718082,0.0023598647963169795,2.312173913043478,0.6317192312614502,2,0.5034782608695653,0.020869565217391306,0.08652173913043479,0.006545996793970017
baseline_shifted_seeds,400,0.03,0.4,1.1,1,1001,0.9088914934981609,0.0030164104559873865,4.402608695652174,1.1544214338277452,4,0.3273913043478261,0.04695652173913043,0.08652173913043479,0.03646051409938587
baseline_shifted_seeds,400,0.03,0.4,1.1,2,1002,0.9092159868970829,0.0034290999483651296,5.758260869565217,1.3666196066712837,5,0.2926086956521739,0.07739130434782608,0.08652173913043479,0.07481687011789623
baseline_shifted_seeds,400,0.03,0.4,1.1,3,1003,0.9141176297467852,0.0008577440756712927,1.9373913043478261,0.24225781077378572,2,0.9373913043478261,0.0008695652173913044,0.8578260869565217,1.3189098249269785e-05
baseline_shifted_seeds,400,0.03,0.4,1.1,4,1004,0.8956397245784394,0.002948483389616525,2.987391304347826,1.0555514420817715,3,0.37478260869565216,0.02,0.10608695652173913,0.01319898304006727
baseline_shifted_seeds,400,0.03,0.4,1.1,5,1005,0.89803439278824,0.0018453605914882524,3.077826086956522,0.6590735033345914,3,0.5621739130434783,0.01652173913043478,0.08652173913043479,0.004767506276953045
baseline_shifted_seeds,400,0.03,0.4,1.1,6,1006,0.9017713078497995,0.003809855706186966,5.30304347826087,1.240227660667006,5,0.29478260869565215,0.08608695652173913,0.08652173913043479,0.07529424559848134
baseline_shifted_seeds,400,0.03,0.4,1.1,7,1007,0.8954186510811384,0.0030445736475430175,5.446521739130435,1.0177601523877222,5,0.4043478260869565,0.06782608695652174,0.08652173913043479,0.041118280335589084
baseline_shifted_seeds,400,0.03,0.4,1.1,8,1008,0.9016395364323779,0.0028486165080846004,3.8434782608695652,0.9375389090854573,4,0.3834782608695652,0.051304347826086956,0.08652173913043479,0.02965458666947154
baseline_shifted_seeds,400,0.03,0.4,1.1,9,1009,0.9028539604215061,0.0029852906967345987,4.223478260869565,1.0264188851479106,4,0.3730434782608696,0.058695652173913045,0.08652173913043479,0.03777182755689312
baseline_shifted_seeds,400,0.03,0.4,1.125,0,1000,0.923301868549965,0.0018291855491424022,2.4869565217391303,0.5574041916708642,3,0.5173913043478261,0.020869565217391306,0.08652173913043479,0.00561408256243413
baseline_shifted_seeds,400,0.03,0.4,1.125,1,1001,0.9144369530217813,0.0020495834898199474,4.3334782608695654,0.8385344808738439,5,0.4147826086956522,0.02608695652173913,0.0891304347826087,0.012801521223309388
baseline_shifted_seeds,400,0.03,0.4,1.125,2,1002,0.9155765512786733,0.0026790189607226295,4.207826086956522,1.0963693305107947,4,0.3660869565217391,0.041304347826086954,0.08652173913043479,0.02870663887440739
baseline_shifted_seeds,400,0.03,0.4,1.125,3,1003,0.9201470220504303,7.064760354311793e-07,2.0,0.0,2,1.0,0.0,1.0,0.0
baseline_shifted_seeds,400,0.03,0.4,1.125,4,1004,0.903187973893987,0.002061954312398256,3.77,0.7721595915240635,4,0.4217391304347826,0.017826086956521738,0.12391304347826088,0.00795952077274922
baseline_shifted_seeds,400,0.03,0.4,1.125,5,1005,0.9068738912733446,0.0016973016048746205,2.555217391304348,0.507332063156113,3,0.5604347826086956,0.015217391304347827,0.08652173913043479,0.0033935626152132906
baseline_shifted_seeds,400,0.03,0.4,1.125,6,1006,0.9087508360788639,0.002462575346618463,5.392173913043478,0.8925437829803432,6,0.38869565217391305,0.07434782608695652,0.08652173913043479,0.04056535622932704
baseline_shifted_seeds,400,0.03,0.4,1.125,7,1007,0.9025091383329452,0.0022510798880369517,4.144782608695652,0.7427292184042955,4,0.45217391304347826,0.020869565217391306,0.13869565217391305,0.008491543531478463
baseline_shifted_seeds,400,0.03,0.4,1.125,8,1008,0.9079601500744257,0.002600285615747744,4.239130434782608,0.8326172096283959,4,0.5065217391304347,0.05521739130434783,0.08652173913043479,0.022687638914070392
baseline_shifted_seeds,400,0.03,0.4,1.125,9,1009,0.9094397887611728,0.0029980731220392272,3.661304347826087,0.9764968636732558,4,0.3873913043478261,0.043043478260869565,0.08652173913043479,0.025749059957500854
baseline_shifted_seeds,400,0.03,0.4,1.15,0,1000,0.9282078359749864,0.0016852695514604265,2.570869565217391,0.49495202265057764,3,0.5708695652173913,0.015217391304347827,0.08652173913043479,0.0032321585531294504
baseline_shifted_seeds,400,0.03,0.4,1.15,1,1001,0.9210167087471473,0.0014967358796057221,3.5634782608695654,0.5371956869234426,4,0.5847826086956521,0.013043478260869565,0.1791304347826087,0.002909387071891674
baseline_shifted_seeds,400,0.03,0.4,1.15,2,1002,0.9210808241921326,0.002168519107808331,4.033478260869566,0.7752761566645963,4,0.45,0.02782608695652174,0.08652173913043479,0.011865096389268753
baseline_shifted_seeds,400,0.03,0.4,1.15,3,1003,0.9251345927873201,7.487374625103249e-08,2.0,0.0,2,1.0,0.0,1.0,0.0
baseline_shifted_seeds,400,0.03,0.4,1.15,4,1004,0.9103043597716366,0.0014440187454775226,2.7704347826086955,0.6456508563886425,3,0.5943478260869566,0.008695652173913044,0.19608695652173913,0.0022774756834998563
baseline_shifted_seeds,400,0.03,0.4,1.15,5,1005,0.9133503499819906,0.0016368879533550037,2.6069565217391304,0.5024672585708723,3,0.6139130434782609,0.01391304347826087,0.08652173913043479,0.0026990757364440516
baseline_shifted_seeds,400,0.03,0.4,1.15,6,1006,0.9146857955054126,0.0022323816739711713,5.550869565217392,0.8804762201735578,6,0.45521739130434785,0.07260869565217391,0.08652173913043479,0.0348280778988623
baseline_shifted_seeds,400,0.03,0.4,1.15,7,1007,0.9108352176494815,0.00129239947313554,1.6282608695652174,0.48326923069690075,2,0.6282608695652174,0.003043478260869565,0.5082608695652174,0.0005467613036048947
baseline_shifted_seeds,400,0.03,0.4,1.15,8,1008,0.9143332965769828,0.0026185338163813585,4.702173913043478,0.8912592777576208,5,0.3708695652173913,0.058695652173913045,0.08652173913043479,0.032911729032091205
baseline_shifted_seeds,400,0.03,0.4,1.15,9,1009,0.9151231487474741,0.0025975778457726375,2.865217391304348,0.7824758341328442,3,0.5,0.028695652173913042,0.09304347826086956,0.011226827576622201
lower_noise,400,0.03,0.35,0.45,0,2000,0.13146424056620895,0.06334175722761119,0.09869565217391305,0.3096955636669816,0,0.9047826086956522,0.05652173913043478,0.5217391304347826,0.0016667358891479433
lower_noise,400,0.03,0.35,0.45,1,2001,0.11081599550811878,0.04334996316123061,0.07869565217391304,0.2740644853953344,0,0.922608695652174,0.04217391304347826,0.3343478260869565,0.0008945174890430702
lower_noise,400,0.03,0.35,0.45,2,2002,0.10046094093144886,0.047143182629911726,0.05652173913043478,0.23650735250363736,0,0.9447826086956522,0.035652173913043476,0.5847826086956521,0.00046559312628670596
lower_noise,400,0.03,0.35,0.45,3,2003,0.18922908592533372,0.05273404202847512,0.1108695652173913,0.3353961064236715,0,0.8960869565217391,0.06782608695652174,0.3417391304347826,0.0023638768650789065
lower_noise,400,0.03,0.35,0.45,4,2004,0.0675564713715014,0.02762495922727269,0.01956521739130435,0.138500612488665,0,0.9804347826086957,0.01652173913043478,0.8478260869565217,4.477052205868251e-05
lower_noise,400,0.03,0.35,0.45,5,2005,0.10953233118505233,0.04552759489897854,0.06043478260869565,0.24724531491353255,0,0.9417391304347826,0.0408695652173913,0.4678260869565217,0.0005887149457186882
lower_noise,400,0.03,0.35,0.45,6,2006,0.09802711811593208,0.044892466140788415,0.06086956521739131,0.2583208830871817,0,0.9439130434782609,0.03217391304347826,0.42043478260869566,0.0004661495702446204
lower_noise,400,0.03,0.35,0.45,7,2007,0.30114373038765707,0.07906338506770781,0.39695652173913043,0.6292088530196762,0,0.6752173913043479,0.15304347826086956,0.17217391304347826,0.031275367434678535
lower_noise,400,0.03,0.35,0.45,8,2008,0.08850950009011917,0.03390972788308362,0.04826086956521739,0.22807611570650183,0,0.9547826086956521,0.03130434782608696,0.48782608695652174,0.0003228419676684489
lower_noise,400,0.03,0.35,0.45,9,2009,0.09576806009674134,0.0423170285581899,0.04521739130434783,0.20778060262685089,0,0.9547826086956521,0.026956521739130435,0.5573913043478261,0.0002532645322191032
lower_noise,400,0.03,0.35,0.475,0,2000,0.13350094859460127,0.06727639146364038,0.0908695652173913,0.29636072384670237,0,0.9117391304347826,0.05434782608695652,0.39043478260869563,0.001421579112661795
lower_noise,400,0.03,0.35,0.475,1,2001,0.12499733067091431,0.04111874717118692,0.07652173913043478,0.28478227680033763,0,0.928695652173913,0.04391304347826087,0.3617391304347826,0.0008917077013876499
lower_noise,400,0.03,0.35,0.475,2,2002,0.11103560421531672,0.04641671008685383,0.06347826086956522,0.2542954238103558,0,0.9391304347826087,0.03608695652173913,0.6260869565217392,0.0005585846704271191
lower_noise,400,0.03,0.35,0.475,3,2003,0.20498998101680369,0.046383187915868124,0.1591304347826087,0.39768802546149556,0,0.8526086956521739,0.08130434782608696,0.1826086956521739,0.004765715937269933
lower_noise,400,0.03,0.35,0.475,4,2004,0.09811999115014905,0.035231667883217646,0.026521739130434784,0.16068085288525186,0,0.9734782608695652,0.019130434782608695,0.8378260869565217,8.152503434547056e-05
lower_noise,400,0.03,0.35,0.475,5,2005,0.10725887391421432,0.04928003243991966,0.05521739130434783,0.23218001946048883,0,0.9456521739130435,0.030869565217391304,0.45608695652173914,0.0003895269828853676
lower_noise,400,0.03,0.35,0.475,6,2006,0.1048768986561482,0.057936397948435504,0.06086956521739131,0.24976359332774034,0,0.9417391304347826,0.03826086956521739,0.528695652173913,0.000556750920509991
lower_noise,400,0.03,0.35,0.475,7,2007,0.31982087984112895,0.09449872970933038,0.6430434782608696,0.8747518146537768,0,0.5604347826086956,0.19086956521739132,0.08652173913043479,0.0733913469149398
lower_noise,400,0.03,0.35,0.475,8,2008,0.08434790587936718,0.04064525985919342,0.03826086956521739,0.19630615339340085,0,0.9626086956521739,0.02782608695652174,0.6465217391304348,0.00020424746826212407
lower_noise,400,0.03,0.35,0.475,9,2009,0.12967694878345898,0.05843689439774863,0.06956521739130435,0.2693547565518877,0,0.9343478260869565,0.0408695652173913,0.3660869565217391,0.0007227261829951605
lower_noise,400,0.03,0.35,0.5,0,2000,0.13201994974233067,0.07298219886597464,0.09956521739130435,0.32181520839666283,0,0.9073913043478261,0.058260869565217394,0.34608695652173915,0.001736342123953652
lower_noise,400,0.03,0.35,0.5,1,2001,0.13362373831297975,0.05147369258686254,0.06521739130434782,0.25040609739099007,0,0.9356521739130435,0.0408695652173913,0.39652173913043476,0.000658534917229053
lower_noise,400,0.03,0.35,0.5,2,2002,0.12491986713024353,0.04629333463190091,0.09782608695652174,0.3169070158749646,0,0.9078260869565218,0.04869565217391304,0.41695652173913045,0.0014224272853419692
lower_noise,400,0.03,0.35,0.5,3,2003,0.23032892414371586,0.04006409341975556,0.1726086956521739,0.4056526399177154,0,0.837391304347826,0.09913043478260869,0.14739130434782607,0.006538905909263862
lower_noise,400,0.03,0.35,0.5,4,2004,0.11773948848832899,0.04599007992502753,0.03260869565217391,0.17761015911269773,0,0.967391304347826,0.025217391304347827,0.7117391304347827,0.00014604994759508287
lower_noise,400,0.03,0.35,0.5,5,2005,0.10524073740812032,0.051649566080876654,0.04826086956521739,0.2222836451554448,0,0.9534782608695652,0.03739130434782609,0.5330434782608696,0.0003866643019705875
lower_noise,400,0.03,0.35,0.5,6,2006,0.14148936610768903,0.05663804689860131,0.07478260869565218,0.2679531037037993,0,0.9265217391304348,0.04782608695652174,0.3973913043478261,0.0009416348396988659
lower_noise,400,0.03,0.35,0.5,7,2007,0.429122341367415,0.07453461492228106,1.4834782608695651,1.2532344542636453,1,0.2960869565217391,0.35391304347826086,0.08652173913043479,0.3122107905423974
lower_noise,400,0.03,0.35,0.5,8,2008,0.10285612543101398,0.05832965431584012,0.052608695652173916,0.24194353260185297,0,0.9517391304347826,0.033478260869565214,0.6282608695652174,0.000390905753292291
lower_noise,400,0.03,0.35,0.5,9,2009,0.21594231750096707,0.06046231209577217,0.19,0.4201293796584261,0,0.821304347826087,0.09521739130434782,0.24913043478260868,0.007148473673123549
lower_noise,400,0.03,0.35,0.525,0,2000,0.12101551918134906,0.07956261779892243,0.10739130434782608,0.3638408322724835,0,0.9091304347826087,0.05478260869565217,0.568695652173913,0.0018112258321288978
lower_noise,400,0.03,0.35,0.525,1,2001,0.17897322374879507,0.05409399440345402,0.10652173913043478,0.32631151688095433,0,0.8991304347826087,0.058260869565217394,0.30391304347826087,0.0019176507771105737
lower_noise,400,0.03,0.35,0.525,2,2002,0.1422460361773187,0.05064673138908691,0.1091304347826087,0.3173314416447458,0,0.8926086956521739,0.057391304347826085,0.1865217391304348,0.00195581748651442
lower_noise,400,0.03,0.35,0.525,3,2003,0.3179665342776689,0.045054586124979305,0.47043478260869565,0.6721120394493606,0,0.62,0.1882608695652174,0.08652173913043479,0.04808231111235814
lower_noise,400,0.03,0.35,0.525,4,2004,0.11166806517790395,0.04728699725540035,0.0391304347826087,0.19613467075895583,0,0.961304347826087,0.025217391304347827,0.6991304347826087,0.00019138888669309952
lower_noise,400,0.03,0.35,0.525,5,2005,0.11191183074128498,0.047620476351876655,0.06521739130434782,0.2521364289982257,0,0.9360869565217391,0.03869565217391304,0.46043478260869564,0.0006235729651854657
lower_noise,400,0.03,0.35,0.525,6,2006,0.1594292272069182,0.05625779572214767,0.10130434782608695,0.31581233210805937,0,0.9030434782608696,0.05173913043478261,0.24782608695652175,0.0015842555801761269
lower_noise,400,0.03,0.35,0.525,7,2007,0.5057271896082889,0.040087341861775753,2.037826086956522,1.3034584649133447,2,0.27869565217391307,0.45869565217391306,0.08652173913043479,0.43126118447936934
lower_noise,400,0.03,0.35,0.525,8,2008,0.20373672819190197,0.050171279046339286,0.1591304347826087,0.391073361776426,0,0.85,0.08217391304347826,0.2182608695652174,0.004820404322296517
lower_noise,400,0.03,0.35,0.525,9,2009,0.2527342943567624,0.06317009473467414,0.27956521739130435,0.5684607612237098,0,0.7713043478260869,0.11695652173913043,0.2234782608695652,0.01520487478947286
lower_noise,400,0.03,0.35,0.55,0,2000,0.11040333693624754,0.04737912648552047,0.06869565217391305,0.2646951379758475,0,0.9343478260869565,0.0391304347826087,0.581304347826087,0.0006800013264688824
lower_noise,400,0.03,0.35,0.55,1,2001,0.20416961436797953,0.06491815750703803,0.17565217391304347,0.4080902083454686,0,0.8352173913043478,0.08478260869565217,0.20434782608695654,0.005701305709547088
lower_noise,400,0.03,0.35,0.55,2,2002,0.1624497679177026,0.057865460805028,0.12521739130434784,0.34258441759047276,0,0.878695652173913,0.06652173913043478,0.27391304347826084,0.0027644425810058482
lower_noise,400,0.03,0.35,0.55,3,2003,0.36175611438607785,0.07302837153817986,0.7952173913043479,0.8783748311770827,0,0.4504347826086956,0.27304347826086955,0.08652173913043479,0.13180471012161252
lower_noise,400,0.03,0.35,0.55,4,2004,0.13381464400050433,0.043250818146713346,0.07304347826086957,0.27324833079737904,0,0.9304347826086956,0.03869565217391304,0.39217391304347826,0.0007355494009659858
lower_noise,400,0.03,0.35,0.55,5,2005,0.13042483246314518,0.05748618048538733,0.07782608695652174,0.274312682927937,0,0.9239130434782609,0.04434782608695652,0.3908695652173913,0.0009256108696927277
lower_noise,400,0.03,0.35,0.55,6,2006,0.26827883225291566,0.03954968039952554,0.3243478260869565,0.5461471858228609,0,0.711304347826087,0.14043478260869566,0.08739130434782609,0.022142396989012592
lower_noise,400,0.03,0.35,0.55,7,2007,0.5610609664779049,0.025888991717326535,3.226086956521739,1.3686608470244532,3,0.2808695652173913,0.5239130434782608,0.08652173913043479,0.5156591454793358
lower_noise,400,0.03,0.35,0.55,8,2008,0.27737742088915107,0.0524464818216662,0.34391304347826085,0.5930630814049378,0,0.717391304347826,0.14869565217391303,0.08652173913043479,0.024922102813411527
lower_noise,400,0.03,0.35,0.55,9,2009,0.3359704486512822,0.0502567768986105,0.6139130434782609,0.8057280754503954,0,0.5595652173913044,0.21869565217391304,0.08652173913043479,0.07760867291383455
lower_noise,400,0.03,0.35,0.575,0,2000,0.11777654236124671,0.05169319776368133,0.07739130434782608,0.2704459664959913,0,0.9234782608695652,0.04652173913043478,0.3673913043478261,0.0009627672118202338
lower_noise,400,0.03,0.35,0.575,1,2001,0.27062086533942015,0.06640682226097029,0.3243478260869565,0.5823626995263536,0,0.7269565217391304,0.15217391304347827,0.12565217391304348,0.024197225368063745
lower_noise,400,0.03,0.35,0.575,2,2002,0.18993066819080404,0.07318619379983773,0.2217391304347826,0.4591641950697228,0,0.7973913043478261,0.09478260869565218,0.18739130434782608,0.00881768860886109
lower_noise,400,0.03,0.35,0.575,3,2003,0.424290576588012,0.04148039892821286,1.2843478260869565,1.0206640041912889,1,0.38130434782608696,0.3660869565217391,0.08652173913043479,0.2311767316798471
lower_noise,400,0.03,0.35,0.575,4,2004,0.21793003166536445,0.03985135039088537,0.1708695652173913,0.41380958699758913,0,0.8434782608695652,0.08304347826086957,0.10739130434782608,0.005378742446992167
lower_noise,400,0.03,0.35,0.575,5,2005,0.13201365559803094,0.08027552653096987,0.07217391304347825,0.30646592152897056,0,0.9391304347826087,0.043478260869565216,0.7,0.0008110629489768645
lower_noise,400,0.03,0.35,0.575,6,2006,0.36300829479124985,0.03975996827587192,0.7782608695652173,0.864998879988785,0,0.4573913043478261,0.25043478260869567,0.08652173913043479,0.11754304676088298
lower_noise,400,0.03,0.35,0.575,7,2007,0.5986744505750765,0.028297264747632986,4.0691304347826085,1.5589863290905135,4,0.2773913043478261,0.5265217391304348,0.08652173913043479,0.5931462625266416
lower_noise,400,0.03,0.35,0.575,8,2008,0.4422095685917793,0.03687173823128505,1.7252173913043478,1.166253270894215,1,0.32565217391304346,0.41739130434782606,0.08652173913043479,0.32826171538582716
lower_noise,400,0.03,0.35,0.575,9,2009,0.4318819393524522,0.0597975449775452,1.5617391304347825,1.2173086928491887,1,0.2960869565217391,0.41347826086956524,0.08652173913043479,0.35430103257907564
lower_noise,400,0.03,0.35,0.6,0,2000,0.1862139675032575,0.07833978439591252,0.16652173913043478,0.4238653261884033,0,0.8526086956521739,0.08260869565217391,0.1817391304347826,0.005160900943342694
lower_noise,400,0.03,0.35,0.6,1,2001,0.29465900865864414,0.06383492687059666,0.44478260869565217,0.6909311270352771,0,0.6534782608695652,0.19652173913043477,0.08652173913043479,0.04705175693652973
lower_noise,400,0.03,0.35,0.6,2,2002,0.20607611359151504,0.1010517521735427,0.3773913043478261,0.7373349035034118,0,0.7330434782608696,0.1391304347826087,0.09521739130434782,0.027385928711080282
lower_noise,400,0.03,0.35,0.6,3,2003,0.4930329063372626,0.03301655941635059,2.0721739130434784,1.2371107873545666,2,0.2956521739130435,0.45956521739130435,0.08652173913043479,0.40044504541175674
lower_noise,400,0.03,0.35,0.6,4,2004,0.2830282933510918,0.03025571582066687,0.3408695652173913,0.5636674400626379,0,0.7052173913043478,0.16652173913043478,0.08652173913043479,0.02766914550279933
lower_noise,400,0.03,0.35,0.6,5,2005,0.20261726642602074,0.0667915585447988,0.13695652173913042,0.37408363146097706,0,0.8739130434782608,0.07652173913043478,0.3208695652173913,0.003609306011206438
lower_noise,400,0.03,0.35,0.6,6,2006,0.48230218989681856,0.042506463362900926,2.1869565217391305,1.3663039154646337,2,0.3165217391304348,0.45217391304347826,0.08652173913043479,0.42225764655100734
lower_noise,400,0.03,0.35,0.6,7,2007,0.6402576994505317,0.024410481032839517,5.045217391304348,1.532729504951776,5,0.24782608695652175,0.548695652173913,0.08652173913043479,0.6325797778978723
lower_noise,400,0.03,0.35,0.6,8,2008,0.5696235679261852,0.028021351460421413,4.002173913043478,1.4801570319798742,4,0.26869565217391306,0.5456521739130434,0.08652173913043479,0.5906386174107319
lower_noise,400,0.03,0.35,0.6,9,2009,0.49010149794404057,0.04802271008879703,2.1191304347826088,1.3942986800086,1,0.2482608695652174,0.4491304347826087,0.08652173913043479,0.4707555620160355
lower_noise,400,0.03,0.35,0.625,0,2000,0.1767247671025528,0.06066717996549899,0.10130434782608695,0.3130467994992899,0,0.9021739130434783,0.06391304347826086,0.3565217391304348,0.001957282241104108
lower_noise,400,0.03,0.35,0.625,1,2001,0.3479614345797919,0.039993458819449296,0.691304347826087,0.7674990686742748,0,0.4682608695652174,0.24347826086956523,0.08652173913043479,0.09936573994565888
lower_noise,400,0.03,0.35,0.625,2,2002,0.20450987246361246,0.044269226573366946,0.22260869565217392,0.45493637769524714,0,0.7934782608695652,0.1082608695652174,0.11130434782608696,0.01017156910565659
lower_noise,400,0.03,0.35,0.625,3,2003,0.580691936657583,0.027381232312010607,3.8239130434782607,1.522253018820501,4,0.26260869565217393,0.5508695652173913,0.08652173913043479,0.6183489612242153
lower_noise,400,0.03,0.35,0.625,4,2004,0.46257997662353123,0.05088534024660241,1.9056521739130434,1.381638366096276,1,0.28782608695652173,0.401304347826087,0.08652173913043479,0.39487015658008057
lower_noise,400,0.03,0.35,0.625,5,2005,0.2620057556892965,0.03920201223618732,0.31521739130434784,0.5415225682014144,0,0.7208695652173913,0.13782608695652174,0.08652173913043479,0.020833161577420583
lower_noise,400,0.03,0.35,0.625,6,2006,0.5537608124610569,0.0370284352234759,3.3204347826086957,1.555752238743492,3,0.2382608695652174,0.5226086956521739,0.08652173913043479,0.6193317332415755
lower_noise,400,0.03,0.35,0.625,7,2007,0.6833457380238075,0.019007829138793706,6.373913043478261,1.3718338698077137,6,0.28,0.5552173913043478,0.08652173913043479,0.548399537185983
lower_noise,400,0.03,0.35,0.625,8,2008,0.6332369632260337,0.019507532073642038,5.266086956521739,1.4552983830620134,5,0.27217391304347827,0.55,0.08652173913043479,0.5825622711832024
lower_noise,400,0.03,0.35,0.625,9,2009,0.5874193219586217,0.023970234235286908,4.033913043478261,1.3389409803872248,4,0.29478260869565215,0.5660869565217391,0.08652173913043479,0.5345244765179454
lower_noise,400,0.03,0.35,0.65,0,2000,0.6086600784639009,0.04208927449045596,5.214347826086956,1.610742000464535,5,0.24695652173913044,0.5443478260869565,0.08652173913043479,0.6602714645958184
lower_noise,400,0.03,0.35,0.65,1,2001,0.4443440347044721,0.03516431354531479,1.6682608695652175,1.203957792752586,1,0.3417391304347826,0.401304347826087,0.08652173913043479,0.31804104174977815
lower_noise,400,0.03,0.35,0.65,2,2002,0.26013051757042227,0.03987602111876107,0.331304347826087,0.5467477309376274,0,0.7056521739130435,0.14652173913043479,0.08652173913043479,0.02358033060813415
lower_noise,400,0.03,0.35,0.65,3,2003,0.6291618096291955,0.01959292788227743,4.81391304347826,1.474471870462909,5,0.2582608695652174,0.5630434782608695,0.08652173913043479,0.6157857230705337
lower_noise,400,0.03,0.35,0.65,4,2004,0.5604944143285928,0.029579746393536523,3.6121739130434785,1.5262997498119406,4,0.25217391304347825,0.5095652173913043,0.08652173913043479,0.5816211897351501
lower_noise,400,0.03,0.35,0.65,5,2005,0.3761439533155451,0.05153587253404604,0.9891304347826086,1.0096767155596336,1,0.3934782608695652,0.31869565217391305,0.08652173913043479,0.19516631069646836
lower_noise,400,0.03,0.35,0.65,6,2006,0.6137589464691443,0.031096204958978493,4.710869565217391,1.6144359980136778,5,0.24913043478260868,0.5539130434782609,0.08652173913043479,0.6714704840019659
lower_noise,400,0.03,0.35,0.65,7,2007,0.7308436967830705,0.017230276665399186,7.368260869565217,1.6074666868518221,7,0.24739130434782608,0.5478260869565217,0.08652173913043479,0.6627563891162271
lower_noise,400,0.03,0.35,0.65,8,2008,0.6960352901292798,0.01417429404237925,6.759565217391304,1.5237310565527022,7,0.2634782608695652,0.548695652173913,0.08652173913043479,0.6157797586209284
lower_noise,400,0.03,0.35,0.65,9,2009,0.6337123147158547,0.01883739578338238,4.981739130434782,1.4600823448306608,5,0.26,0.5734782608695652,0.08652173913043479,0.6196208591219456
lower_noise,400,0.03,0.35,0.675,0,2000,0.706986953559043,0.013501601717056704,6.980434782608696,1.4905673803327073,7,0.27217391304347827,0.4969565217391304,0.08652173913043479,0.5391351230727295
lower_noise,400,0.03,0.35,0.675,1,2001,0.5506803453968542,0.030683823798644757,3.6469565217391304,1.4577124270063597,4,0.2573913043478261,0.5195652173913043,0.08652173913043479,0.5624345051024723
lower_noise,400,0.03,0.35,0.675,2,2002,0.27105648052265646,0.1184340638020352,0.581304347826087,0.8551115073375498,0,0.6034782608695652,0.18695652173913044,0.15608695652173912,0.06339140463349252
lower_noise,400,0.03,0.35,0.675,3,2003,0.664028042471397,0.016824798458315693,5.692608695652174,1.4843640634857285,6,0.2752173913043478,0.5573913043478261,0.08652173913043479,0.5996645632480472
lower_noise,400,0.03,0.35,0.675,4,2004,0.6148997247992855,0.031100692576909027,4.7013043478260865,1.6018733716111109,4,0.2482608695652174,0.5273913043478261,0.08652173913043479,0.6350798082348971
lower_noise,400,0.03,0.35,0.675,5,2005,0.5869432674745351,0.020120014051228055,4.329130434782608,1.3567621721150762,4,0.29304347826086957,0.5360869565217391,0.08652173913043479,0.5141995273981677
lower_noise,400,0.03,0.35,0.675,6,2006,0.6591931929613518,0.02078857081595045,5.592173913043478,1.5443387680893783,5,0.2530434782608696,0.5456521739130434,0.08652173913043479,0.6294392023803643
lower_noise,400,0.03,0.35,0.675,7,2007,0.7593732153289826,0.013519550580514529,7.428260869565217,1.5826728964522205,8,0.25478260869565217,0.5069565217391304,0.08652173913043479,0.5979224525422477
lower_noise,400,0.03,0.35,0.675,8,2008,0.7312909726902721,0.012935117009098714,7.426956521739131,1.4721662086652199,8,0.2604347826086956,0.5330434782608696,0.08652173913043479,0.5803579761118016
lower_noise,400,0.03,0.35,0.675,9,2009,0.6790969033726414,0.014713832198472592,5.980869565217391,1.4189950915853407,6,0.27956521739130435,0.5643478260869565,0.08652173913043479,0.5769290704080152
lower_noise,400,0.03,0.35,0.7,0,2000,0.7504287594327889,0.010402134259869925,7.495217391304347,1.4786814619060114,8,0.2639130434782609,0.4582608695652174,0.08652173913043479,0.4987886081994493
lower_noise,400,0.03,0.35,0.7,1,2001,0.6536808258247974,0.02887158776138868,6.039130434782609,1.697373708034238,6,0.21913043478260869,0.5421739130434783,0.08652173913043479,0.718612198867578
lower_noise,400,0.03,0.35,0.7,2,2002,0.468944753016662,0.09337820625420562,2.4830434782608695,2.0121736781781836,1,0.21695652173913044,0.40608695652173915,0.08652173913043479,0.6398385191500204
lower_noise,400,0.03,0.35,0.7,3,2003,0.7002564646409517,0.013291293739418359,6.656521739130435,1.4815755676207976,6,0.2643478260869565,0.5817391304347826,0.08652173913043479,0.6340516081285733
lower_noise,400,0.03,0.35,0.7,4,2004,0.6575620488166207,0.025790567189461197,5.757826086956522,1.5932069286757262,6,0.2534782608695652,0.5369565217391304,0.08652173913043479,0.6386365467890298
lower_noise,400,0.03,0.35,0.7,5,2005,0.661753958281713,0.019994428968975627,6.122173913043478,1.4850953900609687,6,0.2647826086956522,0.551304347826087,0.08652173913043479,0.6019515538752419
lower_noise,400,0.03,0.35,0.7,6,2006,0.6940828302738606,0.012417885910021745,6.307391304347826,1.4080011036041387,6,0.29,0.552608695652174,0.08652173913043479,0.552432294870729
lower_noise,400,0.03,0.35,0.7,7,2007,0.7866970090702821,0.013221577045248182,7.366521739130435,1.4080548059233815,7,0.2717391304347826,0.4326086956521739,0.08652173913043479,0.44361046244736996
lower_noise,400,0.03,0.35,0.7,8,2008,0.7579206693501847,0.012074965693898923,7.397826086956521,1.50376182353728,7,0.26608695652173914,0.47739130434782606,0.08652173913043479,0.5268635651920538
lower_noise,400,0.03,0.35,0.7,9,2009,0.7079021929951655,0.01647239338818492,6.375217391304348,1.4402879228012389,6,0.27,0.5339130434782609,0.08652173913043479,0.5613616121452982
lower_noise,400,0.03,0.35,0.725,0,2000,0.7816602712985027,0.010387996545794843,7.443043478260869,1.6462788996706923,7,0.2382608695652174,0.3973913043478261,0.08652173913043479,0.49834262844720534
lower_noise,400,0.03,0.35,0.725,1,2001,0.7053556963541991,0.02304031673905599,6.68,1.3863433290808436,7,0.2817391304347826,0.4791304347826087,0.08652173913043479,0.47709708529915734
lower_noise,400,0.03,0.35,0.725,2,2002,0.6395993450994207,0.017263135760143468,5.7034782608695656,1.4622454700715615,6,0.26,0.518695652173913,0.08652173913043479,0.5612606732075294
lower_noise,400,0.03,0.35,0.725,3,2003,0.730856711722471,0.011427315638384214,6.958695652173913,1.4345240214935289,7,0.2808695652173913,0.5204347826086957,0.08652173913043479,0.5368856663748434
lower_noise,400,0.03,0.35,0.725,4,2004,0.7143391650980359,0.01586759113524397,6.481739130434782,1.5495066597045684,7,0.24608695652173912,0.46043478260869564,0.08652173913043479,0.5378768208762192
lower_noise,400,0.03,0.35,0.725,5,2005,0.7024931158060965,0.016575420151465948,6.356521739130435,1.4166175535428294,6,0.2791304347826087,0.49217391304347824,0.08652173913043479,0.5026062685206635
lower_noise,400,0.03,0.35,0.725,6,2006,0.7222513590377428,0.018674100093247315,6.425652173913043,1.4826953308870991,6,0.25608695652173913,0.4643478260869565,0.08652173913043479,0.512173979837567
lower_noise,400,0.03,0.35,0.725,7,2007,0.8112777483240954,0.010750389790556708,7.010434782608695,1.6872603939674042,7,0.24521739130434783,0.35478260869565215,0.08652173913043479,0.45182090483585313
lower_noise,400,0.03,0.35,0.725,8,2008,0.7843317402429986,0.012344659561527175,7.157391304347826,1.7263966429010564,7,0.2408695652173913,0.42695652173913046,0.08652173913043479,0.5595522404054847
lower_noise,400,0.03,0.35,0.725,9,2009,0.7356832192693126,0.012878681068183696,7.048260869565217,1.5055900249574643,7,0.25173913043478263,0.5065217391304347,0.08652173913043479,0.570634274167943
lower_noise,400,0.03,0.35,0.75,0,2000,0.8053612550523253,0.009483102763920703,7.613043478260869,1.6836307422860008,8,0.23652173913043478,0.3760869565217391,0.08652173913043479,0.4834279936649803
lower_noise,400,0.03,0.35,0.75,1,2001,0.7479196745712476,0.01768462154534919,7.303478260869565,1.4301371436080563,7,0.26565217391304347,0.45565217391304347,0.08652173913043479,0.4785341624983465
lower_noise,400,0.03,0.35,0.75,2,2002,0.7113016441017291,0.013313206641293653,6.8273913043478265,1.5039765186398482,7,0.2482608695652174,0.44478260869565217,0.08652173913043479,0.5028703290975258
lower_noise,400,0.03,0.35,0.75,3,2003,0.7607739061957556,0.01039336813579045,7.467391304347826,1.527224585264862,8,0.24739130434782608,0.5152173913043478,0.08652173913043479,0.5921921603470905
lower_noise,400,0.03,0.35,0.75,4,2004,0.754726495398414,0.014395147074163069,7.351304347826087,1.6038196373381675,7,0.27608695652173915,0.42782608695652175,0.08652173913043479,0.496717192281888
lower_noise,400,0.03,0.35,0.75,5,2005,0.7505174327737573,0.008563768923894164,7.222608695652174,1.5142833500610815,7,0.27217391304347827,0.44782608695652176,0.08652173913043479,0.4935647719607962
lower_noise,400,0.03,0.35,0.75,6,2006,0.7561020336184038,0.011317887407447333,6.953913043478261,1.4226605178187461,7,0.2991304347826087,0.4230434782608696,0.08652173913043479,0.42181642412493986
lower_noise,400,0.03,0.35,0.75,7,2007,0.8312299375208341,0.008984396310903335,7.223913043478261,1.8438717279030834,8,0.19695652173913045,0.3130434782608696,0.08652173913043479,0.4635263490486934
lower_noise,400,0.03,0.35,0.75,8,2008,0.8088455253302554,0.008400872896470034,7.145652173913043,1.5803420820848622,7,0.23565217391304347,0.3773913043478261,0.08652173913043479,0.45586267003683517
lower_noise,400,0.03,0.35,0.75,9,2009,0.7621017013290676,0.01163405417065397,7.904782608695652,1.6095026765384701,8,0.25173913043478263,0.5034782608695653,0.08652173913043479,0.6063529038738353
lower_noise,400,0.03,0.35,0.775,0,2000,0.8247052858396136,0.007100927841171299,7.219565217391304,1.6290994531812313,7,0.25608695652173913,0.30826086956521737,0.08652173913043479,0.3735839175738551
lower_noise,400,0.03,0.35,0.775,1,2001,0.7823726540242977,0.011237047081058221,7.895217391304348,1.6959987940039225,8,0.25478260869565217,0.40956521739130436,0.08652173913043479,0.5176444815688416
lower_noise,400,0.03,0.35,0.775,2,2002,0.7626110051213371,0.008753720856057063,7.43608695652174,1.474656154853483,8,0.27869565217391307,0.40608695652173915,0.08652173913043479,0.4319449084138463
lower_noise,400,0.03,0.35,0.775,3,2003,0.779739104722797,0.013046796694703646,6.8826086956521735,1.472103544891088,7,0.27391304347826084,0.44130434782608696,0.08652173913043479,0.47169926643137783
lower_noise,400,0.03,0.35,0.775,4,2004,0.7852210052384169,0.012266063360834467,7.249130434782609,1.532013205311115,7,0.26869565217391306,0.3417391304347826,0.08652173913043479,0.3828735591748047
lower_noise,400,0.03,0.35,0.775,5,2005,0.7833867912860577,0.008953754611341161,7.479130434782609,1.438598088851656,7,0.2608695652173913,0.40217391304347827,0.08652173913043479,0.42763620044312817
lower_noise,400,0.03,0.35,0.775,6,2006,0.7882530612278046,0.006654028806895347,6.881739130434783,1.326950253560898,7,0.28608695652173916,0.34304347826086956,0.08652173913043479,0.3249743823457729
lower_noise,400,0.03,0.35,0.775,7,2007,0.8469795816056153,0.008327633239221192,6.96,1.6038432103788265,7,0.271304347826087,0.2743478260869565,0.08652173913043479,0.3206340295610368
lower_noise,400,0.03,0.35,0.775,8,2008,0.8272344587436353,0.006968204361011954,7.322173913043478,1.4870848533485241,7,0.2843478260869565,0.34043478260869564,0.08652173913043479,0.36230278490600076
lower_noise,400,0.03,0.35,0.775,9,2009,0.7839153289935494,0.010518255153119613,7.531304347826087,1.66534316700617,8,0.24608695652173912,0.45608695652173914,0.08652173913043479,0.5726280918257592
lower_noise,400,0.03,0.35,0.8,0,2000,0.8428102988309064,0.006699900658354277,7.331304347826087,1.3739100165073976,7,0.2826086956521739,0.2778260869565217,0.08652173913043479,0.27383403234755455
lower_noise,400,0.03,0.35,0.8,1,2001,0.8046919272460237,0.008823463541901824,7.283913043478261,1.6067256445287694,7,0.2382608695652174,0.3347826086956522,0.08652173913043479,0.4097423761757189
lower_noise,400,0.03,0.35,0.8,2,2002,0.7935769611980922,0.007692674151655815,6.800434782608695,1.4863728195813357,6,0.2426086956521739,0.28739130434782606,0.08652173913043479,0.32353531673649627
lower_noise,400,0.03,0.35,0.8,3,2003,0.7989957465993242,0.011505245778266258,6.211304347826087,1.6459840570516024,6,0.2373913043478261,0.35478260869565215,0.08652173913043479,0.4453379455712918
lower_noise,400,0.03,0.35,0.8,4,2004,0.8117675799220954,0.007593053644203925,7.02,1.5710810457051263,7,0.26956521739130435,0.2617391304347826,0.08652173913043479,0.30036456190075494
lower_noise,400,0.03,0.35,0.8,5,2005,0.8056379141054074,0.007224520122980455,7.6839130434782605,1.575519897989328,8,0.2543478260869565,0.37434782608695655,0.08652173913043479,0.4397800227569282
lower_noise,400,0.03,0.35,0.8,6,2006,0.812859899029388,0.006274230552383944,6.964782608695653,1.3972251057790515,7,0.27217391304347827,0.28391304347826085,0.08652173913043479,0.2887216460224961
lower_noise,400,0.03,0.35,0.8,7,2007,0.8613477375805534,0.005727974764215913,6.841304347826087,1.4692612883552596,7,0.2465217391304348,0.23565217391304347,0.08652173913043479,0.26088025791122627
lower_noise,400,0.03,0.35,0.8,8,2008,0.8440237024674626,0.007153178549457449,6.642608695652174,1.4587404256719572,7,0.2608695652173913,0.2882608695652174,0.08652173913043479,0.3108027106764722
lower_noise,400,0.03,0.35,0.8,9,2009,0.8087202973668844,0.009673049616971473,7.3652173913043475,1.4517182310304704,7,0.28304347826086956,0.39304347826086955,0.08652173913043479,0.4090870634461493
lower_noise,400,0.03,0.35,0.825,0,2000,0.8564730319276423,0.007087628828767278,7.2382608695652175,1.530761822764739,7,0.2373913043478261,0.2273913043478261,0.08652173913043479,0.26545030589679597
lower_noise,400,0.03,0.35,0.825,1,2001,0.8274931463283851,0.006740952182685,7.464347826086956,1.4142253251590997,7,0.2843478260869565,0.2617391304347826,0.08652173913043479,0.26490445486796316
lower_noise,400,0.03,0.35,0.825,2,2002,0.8195095390636785,0.006297882526198203,6.132173913043478,1.3749022305848866,7,0.2756521739130435,0.21869565217391304,0.08652173913043479,0.21780062848658302
lower_noise,400,0.03,0.35,0.825,3,2003,0.824365105859839,0.0089727534651035,6.517826086956521,1.5918637054442744,6,0.2165217391304348,0.3091304347826087,0.08652173913043479,0.38554457599515357
lower_noise,400,0.03,0.35,0.825,4,2004,0.833286286656095,0.005523813017467959,5.9308695652173915,1.363819486472612,6,0.2608695652173913,0.17739130434782607,0.08652173913043479,0.17881761836482757
lower_noise,400,0.03,0.35,0.825,5,2005,0.8266652081689441,0.006869113152263652,6.909565217391305,1.6300426195038171,6,0.2665217391304348,0.30043478260869566,0.08652173913043479,0.3592000753506351
lower_noise,400,0.03,0.35,0.825,6,2006,0.8376467126408446,0.0063893277497419874,6.157826086956522,1.564512582860287,6,0.2817391304347826,0.20304347826086958,0.08652173913043479,0.22816567701699583
lower_noise,400,0.03,0.35,0.825,7,2007,0.875422121750576,0.005218059728230871,5.1634782608695655,1.2273216108599783,5,0.37478260869565216,0.13260869565217392,0.08652173913043479,0.10175633069306643
lower_noise,400,0.03,0.35,0.825,8,2008,0.8592601851872602,0.007028221978754136,5.806521739130435,1.550722436677295,6,0.2539130434782609,0.2073913043478261,0.08652173913043479,0.2399463031490985
lower_noise,400,0.03,0.35,0.825,9,2009,0.8237504300622521,0.008205536386930778,7.584782608695652,1.7624670692334439,7,0.24,0.36086956521739133,0.08652173913043479,0.4833757523274996
lower_noise,400,0.03,0.35,0.85,0,2000,0.8678998146303648,0.005746981005671657,7.482173913043479,1.6389642978888384,7,0.2617391304347826,0.23130434782608697,0.08652173913043479,0.27987437795813286
lower_noise,400,0.03,0.35,0.85,1,2001,0.8436729951162074,0.005746265405939415,7.163913043478261,1.5052379246583802,6,0.24130434782608695,0.22956521739130434,0.08652173913043479,0.2621674896605893
lower_noise,400,0.03,0.35,0.85,2,2002,0.8411748166777485,0.005153885741713414,5.539565217391305,1.2743966287956912,6,0.2565217391304348,0.1491304347826087,0.08652173913043479,0.14129902829862734
lower_noise,400,0.03,0.35,0.85,3,2003,0.8414744247901075,0.007460755531761848,7.028695652173913,1.6081458519939802,6,0.24782608695652175,0.3026086956521739,0.08652173913043479,0.3660371009201747
lower_noise,400,0.03,0.35,0.85,4,2004,0.8498794457586967,0.00546839717213607,6.1552173913043475,1.480538590499556,6,0.2543478260869565,0.17173913043478262,0.08652173913043479,0.18959430255371384
lower_noise,400,0.03,0.35,0.85,5,2005,0.8466531418889193,0.0066755049745065515,6.211304347826087,1.6204274914967618,6,0.2291304347826087,0.2082608695652174,0.08652173913043479,0.26014661645159204
lower_noise,400,0.03,0.35,0.85,6,2006,0.85654114120428,0.00527669032611135,5.439130434782609,1.3286930912791164,6,0.3630434782608696,0.14565217391304347,0.08652173913043479,0.12326830932883547
lower_noise,400,0.03,0.35,0.85,7,2007,0.8852656140906493,0.005363821997426328,5.446521739130435,1.3552510073804303,5,0.37869565217391304,0.14,0.08652173913043479,0.11788326890138372
lower_noise,400,0.03,0.35,0.85,8,2008,0.8702958088752997,0.007270467339401491,6.38304347826087,1.6383367355275917,6,0.2647826086956522,0.21869565217391304,0.08652173913043479,0.26342627571264526
lower_noise,400,0.03,0.35,0.85,9,2009,0.8408442695825828,0.00703672692048866,7.451739130434783,1.7677845436638016,8,0.22086956521739132,0.29739130434782607,0.08652173913043479,0.40960737626125615
lower_noise,400,0.03,0.35,0.875,0,2000,0.8785935108792334,0.004369510545545519,5.5169565217391305,1.3533113488053268,5,0.27608695652173915,0.1282608695652174,0.08652173913043479,0.12565457597957697
lower_noise,400,0.03,0.35,0.875,1,2001,0.8572763374880062,0.005284144209647718,5.539130434782609,1.3080816124102876,6,0.27956521739130435,0.11956521739130435,0.08652173913043479,0.11267676629873112
lower_noise,400,0.03,0.35,0.875,2,2002,0.8594601070842417,0.0049069875642052925,4.074347826086957,1.2371577738016615,4,0.36,0.08,0.08652173913043479,0.06334247881042604
lower_noise,400,0.03,0.35,0.875,3,2003,0.8569501374951529,0.007619215993231802,5.781304347826087,1.5287101819559779,6,0.26217391304347826,0.22434782608695653,0.08652173913043479,0.2530469062791729
lower_noise,400,0.03,0.35,0.875,4,2004,0.8664167416454734,0.005232174498303269,5.219565217391304,1.4572337649624687,5,0.30695652173913046,0.11043478260869566,0.08652173913043479,0.1115309987080255
lower_noise,400,0.03,0.35,0.875,5,2005,0.8599993198780858,0.005838800131039799,6.674347826086956,1.6809788196347069,6,0.24521739130434783,0.21565217391304348,0.08652173913043479,0.2736137817072201
lower_noise,400,0.03,0.35,0.875,6,2006,0.8717895994424973,0.004639999084036196,4.982608695652174,1.3770327816226875,5,0.25521739130434784,0.10739130434782608,0.08652173913043479,0.11013945608516605
lower_noise,400,0.03,0.35,0.875,7,2007,0.8943391519482686,0.003295812874224325,6.162608695652174,1.1304451504541277,6,0.3617391304347826,0.15260869565217391,0.08652173913043479,0.11011005965993054
lower_noise,400,0.03,0.35,0.875,8,2008,0.879550138677445,0.005317527747980066,6.3591304347826085,1.4523381838876481,6,0.2891304347826087,0.19782608695652174,0.08652173913043479,0.20424020584312597
lower_noise,400,0.03,0.35,0.875,9,2009,0.8538359427927632,0.007510362650801576,6.498260869565217,1.641181049212699,7,0.23869565217391303,0.24304347826086956,0.08652173913043479,0.3036678238579133
lower_noise,400,0.03,0.35,0.9,0,2000,0.891086407059284,0.0035438996282806385,4.52,1.2420319956671284,4,0.3065217391304348,0.08391304347826087,0.08652173913043479,0.07227616709689695
lower_noise,400,0.03,0.35,0.9,1,2001,0.8700241704171535,0.004421967696069829,5.166086956521739,1.1836852516810619,5,0.3278260869565217,0.09,0.08652173913043479,0.07160781206473059
lower_noise,400,0.03,0.35,0.9,2,2002,0.8741998061163855,0.0033569461356882557,4.312173913043479,1.1119624505770795,5,0.34347826086956523,0.07043478260869565,0.08652173913043479,0.05141933053346139
lower_noise,400,0.03,0.35,0.9,3,2003,0.8698713302680486,0.005439691792974695,5.380434782608695,1.4258665656848806,5,0.32956521739130434,0.16608695652173913,0.08652173913043479,0.15877091689494577
lower_noise,400,0.03,0.35,0.9,4,2004,0.8784752741299832,0.005043234019119948,5.2556521739130435,1.4312774047862966,5,0.29043478260869565,0.09608695652173913,0.08652173913043479,0.09758444036134707
lower_noise,400,0.03,0.35,0.9,5,2005,0.872844100174966,0.004541239050281617,5.595652173913043,1.3084934120781029,5,0.2856521739130435,0.13956521739130434,0.08652173913043479,0.13045432059638815
lower_noise,400,0.03,0.35,0.9,6,2006,0.8819937296892688,0.003980329147663736,5.514347826086957,1.363264388172922,5,0.33217391304347826,0.09782608695652174,0.08652173913043479,0.08906317152527454
lower_noise,400,0.03,0.35,0.9,7,2007,0.9036144901774937,0.003303384779154309,5.622173913043478,1.02292613750834,6,0.33260869565217394,0.12695652173913044,0.08652173913043479,0.08667220358514725
lower_noise,400,0.03,0.35,0.9,8,2008,0.8870997041022801,0.005575886037189302,6.003478260869565,1.4518312535063589,6,0.28391304347826085,0.16130434782608696,0.08652173913043479,0.16769803764620927
lower_noise,400,0.03,0.35,0.9,9,2009,0.8649027280705759,0.006964732769036699,5.647391304347826,1.4918669872848829,5,0.2908695652173913,0.16782608695652174,0.08652173913043479,0.1775479654656777
lower_noise,400,0.03,0.35,0.925,0,2000,0.901494056726665,0.002934299810425273,2.495217391304348,0.81265731354782,2,0.4165217391304348,0.03304347826086956,0.08652173913043479,0.01566815637650611
lower_noise,400,0.03,0.35,0.925,1,2001,0.8823578680382549,0.003838997663157659,3.916086956521739,1.2512263171730322,4,0.39869565217391306,0.04869565217391304,0.13652173913043478,0.03663704264742151
lower_noise,400,0.03,0.35,0.925,2,2002,0.8852380122222989,0.003049174433004361,4.182173913043478,0.8147203122210454,4,0.4765217391304348,0.04869565217391304,0.08652173913043479,0.020768129852269755
lower_noise,400,0.03,0.35,0.925,3,2003,0.8815818217859877,0.005944582539990066,4.961304347826087,1.3496466666367553,5,0.3234782608695652,0.14956521739130435,0.08652173913043479,0.13656281251432356
lower_noise,400,0.03,0.35,0.925,4,2004,0.8876413645782466,0.005243453706585935,4.7126086956521736,1.422036865514009,5,0.2617391304347826,0.06608695652173913,0.08652173913043479,0.06938034638853051
lower_noise,400,0.03,0.35,0.925,5,2005,0.8854589432410749,0.004327897981566107,4.9708695652173915,1.162652189359118,5,0.3560869565217391,0.1117391304347826,0.08652173913043479,0.0836531554475693
lower_noise,400,0.03,0.35,0.925,6,2006,0.8919641055191523,0.0035039670235410326,5.045217391304348,1.209257298349109,5,0.38565217391304346,0.07434782608695652,0.08652173913043479,0.055233342179389806
lower_noise,400,0.03,0.35,0.925,7,2007,0.9110716897638446,0.0033617589579635243,4.343913043478261,0.9224176132902757,5,0.3939130434782609,0.07652173913043478,0.08652173913043479,0.04278064836910108
lower_noise,400,0.03,0.35,0.925,8,2008,0.8961960700324163,0.004179321168389532,5.641739130434782,1.4121819447190747,5,0.24217391304347827,0.12739130434782608,0.08652173913043479,0.13633268670082851
lower_noise,400,0.03,0.35,0.925,9,2009,0.8777773949689663,0.0049387105969911785,5.337826086956522,1.5737671683540218,6,0.23695652173913043,0.12739130434782608,0.08652173913043479,0.1529782024248912
lower_noise,400,0.03,0.35,0.95,0,2000,0.9094555466361125,0.0027512830231595604,2.7534782608695654,0.8148678670997881,3,0.41347826086956524,0.03260869565217391,0.08652173913043479,0.015584926083574967
lower_noise,400,0.03,0.35,0.95,1,2001,0.8922635418735552,0.0038165538131836366,4.273478260869565,1.268169199709813,4,0.34347826086956523,0.05,0.08652173913043479,0.04162903325783756
lower_noise,400,0.03,0.35,0.95,2,2002,0.8950824257710321,0.0028983816047149515,4.458260869565217,0.928063210805933,5,0.4317391304347826,0.052608695652173916,0.08652173913043479,0.027744880035761192
lower_noise,400,0.03,0.35,0.95,3,2003,0.8899553136133187,0.005093467115715052,4.976521739130435,1.292912481303363,5,0.2921739130434783,0.12782608695652173,0.08652173913043479,0.11698096249383226
lower_noise,400,0.03,0.35,0.95,4,2004,0.8965665736864453,0.003611153287785773,5.156521739130435,1.0825999650424984,6,0.3334782608695652,0.044782608695652176,0.09043478260869565,0.032314074801017896
lower_noise,400,0.03,0.35,0.95,5,2005,0.8941502054338731,0.004001473179038629,5.263913043478261,0.9710605548235474,5,0.38,0.10739130434782608,0.08652173913043479,0.06465574554365669
lower_noise,400,0.03,0.35,0.95,6,2006,0.9002048456748913,0.0028965590076348554,5.576086956521739,0.8636839152618517,6,0.39043478260869563,0.04826086956521739,0.08652173913043479,0.025407981294123833
lower_noise,400,0.03,0.35,0.95,7,2007,0.9170987994445909,0.00310408020508666,4.73,1.0085137579626764,5,0.39956521739130435,0.07086956521739131,0.08652173913043479,0.042914834718717314
lower_noise,400,0.03,0.35,0.95,8,2008,0.9039684834712022,0.0037563240492302914,5.657391304347826,1.0982247231478088,6,0.3765217391304348,0.10391304347826087,0.08652173913043479,0.07115126088614758
lower_noise,400,0.03,0.35,0.95,9,2009,0.8883688866127106,0.004211444186098998,3.9395652173913045,1.1711383472311832,4,0.35782608695652174,0.07217391304347825,0.08652173913043479,0.05428015996773346
lower_noise,400,0.03,0.35,0.975,0,2000,0.9158307707623484,0.0027030402782763506,2.864782608695652,0.8290768547015955,3,0.3934782608695652,0.035217391304347825,0.08652173913043479,0.01770917615446122
lower_noise,400,0.03,0.35,0.975,1,2001,0.9010553897894819,0.002771207008667473,4.098260869565217,1.0358346862141958,5,0.3165217391304348,0.02,0.10391304347826087,0.014159410505611496
lower_noise,400,0.03,0.35,0.975,2,2002,0.9031586443887408,0.0023920543874596865,3.8469565217391306,0.7673015097113344,4,0.5017391304347826,0.043478260869565216,0.08652173913043479,0.01662244896698908
lower_noise,400,0.03,0.35,0.975,3,2003,0.8972824981762952,0.0048108235587442545,5.401304347826087,1.1524258133166263,6,0.36130434782608695,0.12608695652173912,0.08652173913043479,0.0928062239366195
lower_noise,400,0.03,0.35,0.975,4,2004,0.9057298089885333,0.002320300580516623,4.780434782608696,0.8693124632663276,5,0.3873913043478261,0.027391304347826086,0.08652173913043479,0.01458719513118015
lower_noise,400,0.03,0.35,0.975,5,2005,0.9012036332111217,0.0037416948062818727,5.528260869565218,0.99633306886853,6,0.36130434782608695,0.10173913043478261,0.08652173913043479,0.06474206246835393
lower_noise,400,0.03,0.35,0.975,6,2006,0.9080748029925035,0.0023751963635853363,3.6421739130434783,0.698603927855493,4,0.4491304347826087,0.01956521739130435,0.08652173913043479,0.0075294716413010655
lower_noise,400,0.03,0.35,0.975,7,2007,0.9227110215269061,0.002466431070621726,4.327826086956522,0.8368728360194855,4,0.4426086956521739,0.05173913043478261,0.08652173913043479,0.024134527142734192
lower_noise,400,0.03,0.35,0.975,8,2008,0.9105310493572109,0.003453607286213764,5.152608695652174,1.116172487026065,5,0.30217391304347824,0.07869565217391304,0.08652173913043479,0.06129559403853644
lower_noise,400,0.03,0.35,0.975,9,2009,0.8977580939504467,0.003679246350430585,4.139130434782609,1.145402579857095,4,0.36826086956521736,0.06,0.08652173913043479,0.043415738511396296
lower_noise,400,0.03,0.35,1.0,0,2000,0.9215602765912749,0.0027605288125657533,2.893913043478261,0.8241239835514133,3,0.39695652173913043,0.033478260869565214,0.08652173913043479,0.0166381134117855
lower_noise,400,0.03,0.35,1.0,1,2001,0.9101367388654594,0.0013843039993676296,2.504782608695652,0.5051678116808435,3,0.5073913043478261,0.005652173913043478,0.43782608695652175,0.0014065440481406321
lower_noise,400,0.03,0.35,1.0,2,2002,0.9105182088158065,0.00242274976438474,2.9982608695652173,0.7383863262071412,3,0.5134782608695653,0.028695652173913042,0.08652173913043479,0.0103086551296951
lower_noise,400,0.03,0.35,1.0,3,2003,0.904466584970835,0.003724788132118641,4.8765217391304345,1.0840608385608823,5,0.30826086956521737,0.09869565217391305,0.08652173913043479,0.07401061705841898
lower_noise,400,0.03,0.35,1.0,4,2004,0.9131246915543104,0.0025105241858539625,2.9095652173913042,0.7670353898125906,3,0.40869565217391307,0.013043478260869565,0.2608695652173913,0.0059158877700643455
lower_noise,400,0.03,0.35,1.0,5,2005,0.9078164284910116,0.003929922249165938,5.008695652173913,1.0774014808095735,5,0.3717391304347826,0.08,0.08652173913043479,0.05415113597323124
lower_noise,400,0.03,0.35,1.0,6,2006,0.9140442124665127,0.0025137550584028666,3.3669565217391306,0.7547786014720314,3,0.4678260869565217,0.019130434782608695,0.08652173913043479,0.007684188749665489
lower_noise,400,0.03,0.35,1.0,7,2007,0.9289261261129369,0.001716434706243709,3.509130434782609,0.5644575159696198,4,0.5434782608695652,0.028695652173913042,0.08652173913043479,0.007394500419633186
lower_noise,400,0.03,0.35,1.0,8,2008,0.9177697712587487,0.002609456234570905,4.863043478260869,1.099379013580369,5,0.3708695652173913,0.06173913043478261,0.08652173913043479,0.04270204292915993
lower_noise,400,0.03,0.35,1.0,9,2009,0.9052692889419288,0.00318526242768384,4.231739130434782,1.0111300272205697,4,0.3517391304347826,0.06043478260869565,0.08652173913043479,0.03961355207540719
lower_noise,400,0.03,0.35,1.025,0,2000,0.9260661590012379,0.002779258414375146,3.029130434782609,0.7942861878467727,3,0.38521739130434784,0.03217391304347826,0.08652173913043479,0.01571095125419895
lower_noise,400,0.03,0.35,1.025,1,2001,0.9170345077290356,0.0013496615700877225,2.635217391304348,0.4876507086128205,3,0.6382608695652174,0.0052173913043478265,0.5621739130434783,0.0009203602283475985
lower_noise,400,0.03,0.35,1.025,2,2002,0.916442128701334,0.00225830097519325,3.1095652173913044,0.7730204916619614,3,0.4856521739130435,0.02826086956521739,0.08652173913043479,0.011236561967799239
lower_noise,400,0.03,0.35,1.025,3,2003,0.9106768195041474,0.0035579470680598925,5.2873913043478264,0.9729011630005712,6,0.38173913043478264,0.09043478260869565,0.08652173913043479,0.05439712997535491
lower_noise,400,0.03,0.35,1.025,4,2004,0.9191563387987323,0.0017971840779752752,3.1273913043478263,0.6391823403945166,3,0.5791304347826087,0.008695652173913044,0.37434782608695655,0.002339238475068696
lower_noise,400,0.03,0.35,1.025,5,2005,0.9137594707022293,0.003270959320610015,5.229565217391304,0.9561675233468314,5,0.42782608695652175,0.06391304347826086,0.08652173913043479,0.034966450400873164
lower_noise,400,0.03,0.35,1.025,6,2006,0.9202935801152329,0.002048150748281517,3.185217391304348,0.6040074111639864,3,0.6008695652173913,0.013043478260869565,0.11652173913043479,0.0031444925101620854
lower_noise,400,0.03,0.35,1.025,7,2007,0.9340215790590649,0.0017312948312492526,3.546086956521739,0.5778952750804444,4,0.5891304347826087,0.025652173913043478,0.08652173913043479,0.006090841648046418
lower_noise,400,0.03,0.35,1.025,8,2008,0.9235337978984223,0.002278539933922219,4.804782608695652,0.9096935440275306,5,0.4917391304347826,0.04652173913043478,0.08652173913043479,0.021509867677408055
lower_noise,400,0.03,0.35,1.025,9,2009,0.9119988475105754,0.00306309291437541,4.248695652173913,0.8386702951065692,4,0.46304347826086956,0.05173913043478261,0.08652173913043479,0.023299656389901686
lower_noise,400,0.03,0.35,1.05,0,2000,0.9301076805558952,0.0023236914361024607,3.1595652173913042,0.6595253778343646,3,0.5395652173913044,0.03217391304347826,0.08652173913043479,0.009770201770467633
lower_noise,400,0.03,0.35,1.05,1,2001,0.9227286971828906,0.0008410662745837778,2.8791304347826085,0.329952737636353,3,0.8804347826086957,0.0017391304347826088,0.8378260869565217,6.861024954538653e-05
lower_noise,400,0.03,0.35,1.05,2,2002,0.9216822382170621,0.0021895674559635906,3.1769565217391302,0.7250123524141634,3,0.49391304347826087,0.026956521739130435,0.08652173913043479,0.009890868315695354
lower_noise,400,0.03,0.35,1.05,3,2003,0.9164637398375346,0.003069430663826073,5.467826086956522,1.0431180537705593,5,0.33304347826086955,0.09565217391304348,0.08652173913043479,0.06654659441716777
lower_noise,400,0.03,0.35,1.05,4,2004,0.9242957297921982,0.00047259865433283137,3.5056521739130435,0.4999680519093762,4,0.5056521739130435,0.0004347826086956522,0.9204347826086956,0.00010746029914695903
lower_noise,400,0.03,0.35,1.05,5,2005,0.9194742226640554,0.0030380789509587697,5.600434782608696,1.068887996983088,6,0.3095652173913043,0.06130434782608696,0.08652173913043479,0.04524245321975346
lower_noise,400,0.03,0.35,1.05,6,2006,0.9258518271066406,0.0013223421419743505,3.4017391304347826,0.5261810911109617,3,0.5617391304347826,0.01,0.1791304347826087,0.002306046055995232
lower_noise,400,0.03,0.35,1.05,7,2007,0.9382431517475375,0.0017063375999438945,2.621739130434783,0.49559496237318496,3,0.6269565217391304,0.020869565217391306,0.08652173913043479,0.0038583334420386295
lower_noise,400,0.03,0.35,1.05,8,2008,0.929008563340013,0.0021919549010504602,5.023913043478261,0.8339754929692754,5,0.4543478260869565,0.04565217391304348,0.08652173913043479,0.020774503401379308
lower_noise,400,0.03,0.35,1.05,9,2009,0.9169751159927233,0.0020577492337495295,4.568695652173913,0.8653087126811829,4,0.4260869565217391,0.043043478260869565,0.08652173913043479,0.021375906465076415
lower_noise,400,0.03,0.35,1.075,0,2000,0.9339232084826062,0.0025172744716879026,3.2695652173913046,0.7159273600562606,4,0.4273913043478261,0.02826086956521739,0.09173913043478261,0.011585437396263089
lower_noise,400,0.03,0.35,1.075,1,2001,0.9282824197698163,2.8455467130350196e-07,2.0,0.0,2,1.0,0.0,1.0,0.0
lower_noise,400,0.03,0.35,1.075,2,2002,0.9261661898149146,0.0021616495508186583,3.242608695652174,0.740923145643644,3,0.46391304347826084,0.025217391304347827,0.08652173913043479,0.010016328910915598
lower_noise,400,0.03,0.35,1.075,3,2003,0.9213808418270661,0.003393582352384137,5.7495652173913046,1.069691049508626,6,0.3356521739130435,0.08565217391304347,0.08652173913043479,0.06086845457811167
lower_noise,400,0.03,0.35,1.075,4,2004,0.9301037679041233,4.694016537390738e-07,3.0,0.0,3,1.0,0.0,1.0,0.0
lower_noise,400,0.03,0.35,1.075,5,2005,0.9244082396321143,0.002922237085078317,5.757391304347826,1.1264844019117497,7,0.3247826086956522,0.06043478260869565,0.09521739130434782,0.04596801746903086
lower_noise,400,0.03,0.35,1.075,6,2006,0.9308038729199285,0.001287581826296695,3.532608695652174,0.6401611033054533,4,0.6130434782608696,0.007391304347826087,0.4504347826086956,0.0018309336112327574
lower_noise,400,0.03,0.35,1.075,7,2007,0.9419583063721925,0.0016992390934809209,2.6365217391304347,0.4943736370455762,3,0.6430434782608696,0.020869565217391306,0.08652173913043479,0.0036828501365251047
lower_noise,400,0.03,0.35,1.075,8,2008,0.9333617795411022,0.0020928446998065044,4.13304347826087,0.8106059718432265,4,0.4504347826086956,0.03304347826086956,0.08652173913043479,0.01472023713341047
lower_noise,400,0.03,0.35,1.075,9,2009,0.9228621491151501,0.001998721182460999,3.745217391304348,0.7427028756081889,4,0.5608695652173913,0.02826086956521739,0.08652173913043479,0.009217097449711982
lower_noise,400,0.03,0.35,1.1,0,2000,0.9371673194928318,0.002376350673081371,3.3260869565217392,0.635005916647785,3,0.5217391304347826,0.025652173913043478,0.08652173913043479,0.007790526577883973
lower_noise,400,0.03,0.35,1.1,1,2001,0.9328635736457095,2.4559917033777414e-08,2.0,0.0,2,1.0,0.0,1.0,0.0
lower_noise,400,0.03,0.35,1.1,2,2002,0.930215409336952,0.002435615387060652,3.3530434782608696,0.8009040260725414,4,0.53,0.021304347826086957,0.09347826086956522,0.008019487211403425
lower_noise,400,0.03,0.35,1.1,3,2003,0.9253122276410083,0.002382687767775732,6.306086956521739,0.8793561831171651,6,0.4291304347826087,0.07652173913043478,0.08652173913043479,0.038413736162523096
lower_noise,400,0.03,0.35,1.1,4,2004,0.9345642286491361,1.040652001980454e-08,3.0,0.0,3,1.0,0.0,1.0,0.0
lower_noise,400,0.03,0.35,1.1,5,2005,0.9287136324426588,0.0024631760346360346,5.047826086956522,0.8975181069833349,5,0.3773913043478261,0.03956521739130435,0.14956521739130435,0.02210914603275576
lower_noise,400,0.03,0.35,1.1,6,2006,0.9349916808506058,0.000805389688261782,2.8604347826086958,0.3465353769614616,3,0.8604347826086957,0.0017391304347826088,0.8404347826086956,8.411184874585736e-05
lower_noise,400,0.03,0.35,1.1,7,2007,0.9451744121938894,0.001673596058538184,2.677391304347826,0.4839261297500068,3,0.6852173913043478,0.01956521739130435,0.08652173913043479,0.0029803996433060524
lower_noise,400,0.03,0.35,1.1,8,2008,0.9372201609106129,0.0019972565911017207,3.2730434782608695,0.6796830129623962,3,0.5143478260869565,0.020869565217391306,0.10565217391304348,0.006888825362791203
lower_noise,400,0.03,0.35,1.1,9,2009,0.9275671409191455,0.0019218095218373407,3.9408695652173913,0.7762670598474205,4,0.5126086956521739,0.023478260869565216,0.09478260869565218,0.008882902117628187
lower_noise,400,0.03,0.35,1.125,0,2000,0.9407669251198922,0.0020373406394097932,3.4921739130434784,0.5706057538055433,4,0.53,0.021739130434782608,0.12695652173913044,0.005830102535328298
lower_noise,400,0.03,0.35,1.125,1,2001,0.9368861016645702,2.4745800202774898e-09,2.0,0.0,2,1.0,0.0,1.0,0.0
lower_noise,400,0.03,0.35,1.125,2,2002,0.9339880395497822,0.002005219643863169,2.446086956521739,0.5611768622274379,2,0.4860869565217391,0.012608695652173913,0.08652173913043479,0.0036362990565307245
lower_noise,400,0.03,0.35,1.125,3,2003,0.9302101207856662,0.002451452757874954,6.41695652173913,0.9110764525864264,7,0.41391304347826086,0.06608695652173913,0.08652173913043479,0.03528845437690924
lower_noise,400,0.03,0.35,1.125,4,2004,0.938468357446896,6.470853580054227e-09,3.0,0.0,3,1.0,0.0,1.0,0.0
lower_noise,400,0.03,0.35,1.125,5,2005,0.9325560055375025,0.0022497059871596538,5.19,0.8150673485109655,5,0.41347826086956524,0.03782608695652174,0.19521739130434781,0.018082939839735707
lower_noise,400,0.03,0.35,1.125,6,2006,0.9392780200076603,1.1344867593815151e-07,3.0,0.0,3,1.0,0.0,1.0,0.0
lower_noise,400,0.03,0.35,1.125,7,2007,0.9481874503016056,0.0016528868163095671,2.6808695652173915,0.48353690604596733,3,0.6891304347826087,0.01956521739130435,0.08652173913043479,0.0029409831280161514
lower_noise,400,0.03,0.35,1.125,8,2008,0.9405725868186129,0.0020392250666604215,3.3517391304347828,0.7066279518826385,4,0.47739130434782606,0.018695652173913044,0.15043478260869564,0.006904116119952682
lower_noise,400,0.03,0.35,1.125,9,2009,0.9318476925636314,0.0014798452306359045,4.303913043478261,0.6529414324253698,4,0.48391304347826086,0.014782608695652174,0.2382608695652174,0.004981363348283267
lower_noise,400,0.03,0.35,1.15,0,2000,0.9439355165355771,0.001794565376482337,3.537826086956522,0.5777426576339205,4,0.5804347826086956,0.01956521739130435,0.2273913043478261,0.004742623098308663
lower_noise,400,0.03,0.35,1.15,1,2001,0.9404776443814293,1.3010566224857935e-10,1.0,0.0,1,1.0,0.0,1.0,0.0
lower_noise,400,0.03,0.35,1.15,2,2002,0.9373016793203193,0.0019221951940751021,2.5169565217391305,0.5414709015635796,3,0.538695652173913,0.01217391304347826,0.08869565217391304,0.003040835324197025
lower_noise,400,0.03,0.35,1.15,3,2003,0.9341345221687807,0.002186500683895254,6.031304347826087,1.1842712099332435,6,0.33652173913043476,0.06391304347826086,0.08652173913043479,0.050218920701550124
lower_noise,400,0.03,0.35,1.15,4,2004,0.9419516197610358,2.639489330044886e-09,3.0,0.0,3,1.0,0.0,1.0,0.0
lower_noise,400,0.03,0.35,1.15,5,2005,0.9361235424670615,0.0017005240223741038,5.566521739130435,0.59007080412035,6,0.6169565217391304,0.017391304347826087,0.36391304347826087,0.0039308310648131575
lower_noise,400,0.03,0.35,1.15,6,2006,0.9428165685232583,2.239453524265211e-08,2.0,0.0,2,1.0,0.0,1.0,0.0
lower_noise,400,0.03,0.35,1.15,7,2007,0.9508313688680842,0.0016590712527157396,2.695217391304348,0.48064602871024936,3,0.7047826086956521,0.019130434782608695,0.08652173913043479,0.002714514462074162
lower_noise,400,0.03,0.35,1.15,8,2008,0.943504765598604,0.00192297718929032,3.4343478260869564,0.6708484315756041,4,0.5265217391304348,0.014782608695652174,0.17347826086956522,0.004695432080868126
lower_noise,400,0.03,0.35,1.15,9,2009,0.9361489219187613,0.0010688530350709525,3.6256521739130436,0.5558724133167416,4,0.6630434782608695,0.0052173913043478265,0.6017391304347826,0.0009772428042888988
higher_noise,400,0.03,0.45,0.45,0,3000,0.06770893854513894,0.03991594811460959,0.03304347826086956,0.17875012393084658,0,0.9669565217391304,0.028695652173913042,0.7460869565217392,0.00016949161680201313
higher_noise,400,0.03,0.45,0.45,1,3001,0.060465321588923225,0.02012518380968727,0.025652173913043478,0.1580953506165771,0,0.9743478260869565,0.023478260869565216,0.8926086956521739,9.521584282002922e-05
higher_noise,400,0.03,0.45,0.45,2,3002,0.08148575496095142,0.03589935326394737,0.03739130434782609,0.1964736378224016,0,0.9639130434782609,0.03217391304347826,0.798695652173913,0.0002281174141799635
higher_noise,400,0.03,0.45,0.45,3,3003,0.08308905422157256,0.03667327031698079,0.022608695652173914,0.14865242188770852,0,0.9773913043478261,0.01565217391304348,0.8734782608695653,5.260441428215886e-05
higher_noise,400,0.03,0.45,0.45,4,3004,0.080798312850437,0.03213500208181749,0.028695652173913042,0.1669497281226503,0,0.971304347826087,0.02608695652173913,0.7778260869565218,0.0001249756046708248
higher_noise,400,0.03,0.45,0.45,5,3005,0.09002097676295903,0.045937689527642336,0.056956521739130433,0.2391458493055558,0,0.9447826086956522,0.035217391304347825,0.49869565217391304,0.00046504601543681523
higher_noise,400,0.03,0.45,0.45,6,3006,0.08898860330434749,0.04183811672901044,0.04521739130434783,0.2119243007839354,0,0.9556521739130435,0.03391304347826087,0.6091304347826086,0.0003187277479687016
higher_noise,400,0.03,0.45,0.45,7,3007,0.1017965049092986,0.050092193967783735,0.04173913043478261,0.20215474429931674,0,0.9586956521739131,0.03,0.65,0.0002504961045468492
higher_noise,400,0.03,0.45,0.45,8,3008,0.08014299086081417,0.04274057483467832,0.05434782608695652,0.22670275668058923,0,0.9456521739130435,0.035652173913043476,0.5965217391304348,0.0004392633877416036
higher_noise,400,0.03,0.45,0.45,9,3009,0.08214205147422657,0.03657652088343182,0.04,0.20034752415436186,0,0.9608695652173913,0.025217391304347827,0.7147826086956521,0.00019769643054020911
higher_noise,400,0.03,0.45,0.475,0,3000,0.06998251009501966,0.04109309874159598,0.02043478260869565,0.1414821623683742,0,0.9795652173913043,0.020869565217391306,0.9317391304347826,6.033719727736758e-05
higher_noise,400,0.03,0.45,0.475,1,3001,0.061912454967221704,0.02012000116174629,0.022608695652173914,0.15439129822585176,0,0.9782608695652174,0.020869565217391306,0.9013043478260869,7.004520481985695e-05
higher_noise,400,0.03,0.45,0.475,2,3002,0.09052754271221726,0.03671872636460837,0.036521739130434785,0.18988803785050432,0,0.9639130434782609,0.03434782608695652,0.6356521739130435,0.00023536784507285108
higher_noise,400,0.03,0.45,0.475,3,3003,0.085499045960571,0.03673992577295951,0.01956521739130435,0.13850061248866502,0,0.9804347826086957,0.02,0.8517391304347826,5.419589455318525e-05
higher_noise,400,0.03,0.45,0.475,4,3004,0.0852096905393001,0.03430292812639781,0.03695652173913044,0.1886550747795447,0,0.9630434782608696,0.034782608695652174,0.6939130434782609,0.00024250558513855792
higher_noise,400,0.03,0.45,0.475,5,3005,0.09305840644941893,0.04661455780229962,0.04391304347826087,0.20701268876116882,0,0.9565217391304348,0.035652173913043476,0.4934782608695652,0.00032088924299707026
higher_noise,400,0.03,0.45,0.475,6,3006,0.09268829262941816,0.04315305079993743,0.04434782608695652,0.205866695723999,0,0.9556521739130435,0.030434782608695653,0.5943478260869566,0.0002778616740577845
higher_noise,400,0.03,0.45,0.475,7,3007,0.10600551546245263,0.051213336031214786,0.050869565217391305,0.21973131900570042,0,0.9491304347826087,0.043478260869565216,0.5234782608695652,0.00048598421389345776
higher_noise,400,0.03,0.45,0.475,8,3008,0.0859101028529604,0.04416818102109733,0.04217391304347826,0.2094601035320202,0,0.9595652173913043,0.030869565217391304,0.64,0.0002614489807987613
higher_noise,400,0.03,0.45,0.475,9,3009,0.08436080039865806,0.03538931827792228,0.03391304347826087,0.1810053837881693,0,0.9660869565217391,0.02782608695652174,0.6469565217391304,0.00017080886736160804
higher_noise,400,0.03,0.45,0.5,0,3000,0.07250501288672487,0.04221125688412327,0.042608695652173914,0.20197325245436418,0,0.957391304347826,0.03173913043478261,0.4743478260869565,0.0002731411519061047
higher_noise,400,0.03,0.45,0.5,1,3001,0.06331809575846614,0.020682300438152227,0.021304347826086957,0.14439692721727865,0,0.9786956521739131,0.01956521739130435,0.9721739130434782,6.018813625475097e-05
higher_noise,400,0.03,0.45,0.5,2,3002,0.1014512967081288,0.034490373622596625,0.05521739130434783,0.22840409585182653,0,0.9447826086956522,0.036521739130434785,0.43826086956521737,0.00046060774315011716
higher_noise,400,0.03,0.45,0.5,3,3003,0.08539312225250675,0.038176671396146694,0.04173913043478261,0.19999243842038333,0,0.9582608695652174,0.028695652173913042,0.5969565217391304,0.00023953726540451405
higher_noise,400,0.03,0.45,0.5,4,3004,0.08946312454996355,0.03610630050560635,0.03434782608695652,0.18449286747039303,0,0.9660869565217391,0.034782608695652174,0.7365217391304347,0.00021762486315940878
higher_noise,400,0.03,0.45,0.5,5,3005,0.09694695248976153,0.048570490839032594,0.059130434782608696,0.24491192815374443,0,0.9430434782608695,0.041304347826086954,0.46956521739130436,0.0005761680566475075
higher_noise,400,0.03,0.45,0.5,6,3006,0.09562031800711657,0.04403670645580907,0.03695652173913044,0.1886550747795447,0,0.9630434782608696,0.03130434782608696,0.6882608695652174,0.0002182550273219057
higher_noise,400,0.03,0.45,0.5,7,3007,0.10812877996119542,0.04953775277454173,0.05565217391304348,0.23301102953847153,0,0.9452173913043478,0.04521739130434783,0.45304347826086955,0.0005771978447256577
higher_noise,400,0.03,0.45,0.5,8,3008,0.093324012515424,0.0452742150950769,0.05217391304347826,0.2534450720311247,0,0.9539130434782609,0.03391304347826087,0.5195652173913043,0.00039612172350533966
higher_noise,400,0.03,0.45,0.5,9,3009,0.09135134846094518,0.03188080044147071,0.04391304347826087,0.20910241157270246,0,0.9569565217391305,0.029565217391304348,0.5678260869565217,0.0002661016034631475
higher_noise,400,0.03,0.45,0.525,0,3000,0.0751915078081185,0.04290649394856674,0.03869565217391304,0.19286860469435813,0,0.961304347826087,0.02608695652173913,0.6313043478260869,0.00019469156683328453
higher_noise,400,0.03,0.45,0.525,1,3001,0.06534333609442253,0.024792508169034076,0.02826086956521739,0.16571720736433848,0,0.9717391304347827,0.020869565217391306,0.8169565217391305,9.773869787362147e-05
higher_noise,400,0.03,0.45,0.525,2,3002,0.11428331626262607,0.04200100851379164,0.04782608695652174,0.22335303546158822,0,0.9543478260869566,0.03608695652173913,0.5039130434782608,0.0003679625251394135
higher_noise,400,0.03,0.45,0.525,3,3003,0.09016118519249317,0.04030376786094093,0.03739130434782609,0.19199677060926215,0,0.9630434782608696,0.02434782608695652,0.697391304347826,0.0001727608063583094
higher_noise,400,0.03,0.45,0.525,4,3004,0.09311696746748163,0.037258034156802046,0.043043478260869565,0.20295501284786147,0,0.9569565217391305,0.03304347826086956,0.7504347826086957,0.0002886641895803713
higher_noise,400,0.03,0.45,0.525,5,3005,0.10300829944779746,0.050383005695253356,0.056956521739130433,0.23175952271807598,0,0.9430434782608695,0.043478260869565216,0.45565217391304347,0.0005739224607629378
higher_noise,400,0.03,0.45,0.525,6,3006,0.09711990008320748,0.0439458503111519,0.043478260869565216,0.20605209758387455,0,0.9569565217391305,0.03304347826086956,0.5065217391304347,0.0002930691926539004
higher_noise,400,0.03,0.45,0.525,7,3007,0.10831628849551164,0.051444504322868616,0.050869565217391305,0.22558933530678882,0,0.9504347826086956,0.03695652173913044,0.48782608695652174,0.00041322508852028515
higher_noise,400,0.03,0.45,0.525,8,3008,0.103628399355716,0.0453172796321063,0.049130434782608694,0.22209306790815067,0,0.9521739130434783,0.036521739130434785,0.4891304347826087,0.00038792816704364015
higher_noise,400,0.03,0.45,0.525,9,3009,0.10393197911494667,0.03785629463747364,0.05521739130434783,0.23773148106392408,0,0.9469565217391305,0.03956521739130435,0.47391304347826085,0.0004989215443249786
higher_noise,400,0.03,0.45,0.55,0,3000,0.07991612674131192,0.04282874890306373,0.04869565217391304,0.2172416876445716,0,0.9517391304347826,0.03826086956521739,0.6034782608695652,0.00040113740271719784
higher_noise,400,0.03,0.45,0.55,1,3001,0.06917052857813394,0.031570443655969484,0.030434782608695653,0.1717804023055514,0,0.9695652173913043,0.02608695652173913,0.7226086956521739,0.00013638520176558822
higher_noise,400,0.03,0.45,0.55,2,3002,0.1291069556749524,0.04973794201729524,0.050869565217391305,0.22365371221325053,0,0.95,0.04391304347826087,0.53,0.0004910657706074318
higher_noise,400,0.03,0.45,0.55,3,3003,0.1024237922866209,0.04160132190946427,0.04217391304347826,0.20737398523983983,0,0.9591304347826087,0.026956521739130435,0.7108695652173913,0.00022846420242193593
higher_noise,400,0.03,0.45,0.55,4,3004,0.09543629213528153,0.03814985739970924,0.050869565217391305,0.21973131900570042,0,0.9491304347826087,0.036521739130434785,0.47347826086956524,0.0004082267414589264
higher_noise,400,0.03,0.45,0.55,5,3005,0.1048674330971689,0.04819144434328926,0.04869565217391304,0.2172416876445716,0,0.9517391304347826,0.03217391304347826,0.5969565217391304,0.0003373200903165052
higher_noise,400,0.03,0.45,0.55,6,3006,0.09768606652049894,0.04299511957466196,0.06826086956521739,0.26398537795331944,0,0.9347826086956522,0.0408695652173913,0.4043478260869565,0.0007036283403056251
higher_noise,400,0.03,0.45,0.55,7,3007,0.13520127135149784,0.053904750463427305,0.06913043478260869,0.2637589980905372,0,0.9334782608695652,0.04782608695652174,0.42,0.0008391425388810084
higher_noise,400,0.03,0.45,0.55,8,3008,0.11582332989415561,0.04648314564670171,0.06956521739130435,0.2644679360999226,0,0.9330434782608695,0.050869565217391305,0.3556521739130435,0.0009007908064882705
higher_noise,400,0.03,0.45,0.55,9,3009,0.10951065021158457,0.04671129642950152,0.03608695652173913,0.19781939788022246,0,0.9660869565217391,0.023043478260869565,0.7221739130434782,0.00015459081783093367
higher_noise,400,0.03,0.45,0.575,0,3000,0.08560370233316494,0.04307380343076766,0.06260869565217392,0.25451091018391825,0,0.9404347826086956,0.04652173913043478,0.47130434782608693,0.0007052694730779673
higher_noise,400,0.03,0.45,0.575,1,3001,0.07662575049621245,0.03689586503995727,0.03,0.17058722109231983,0,0.97,0.02608695652173913,0.7143478260869566,0.00013350304771160616
higher_noise,400,0.03,0.45,0.575,2,3002,0.13710726738483198,0.05594771365631764,0.10086956521739131,0.3180089285522364,0,0.9043478260869565,0.06434782608695652,0.22782608695652173,0.0019573479914127287
higher_noise,400,0.03,0.45,0.575,3,3003,0.10872504621984196,0.05838196933352621,0.04521739130434783,0.21997765825720836,0,0.957391304347826,0.03782608695652174,0.65,0.0003545424506396833
higher_noise,400,0.03,0.45,0.575,4,3004,0.09693370653987397,0.04129491508346058,0.033478260869565214,0.17988181375201484,0,0.9665217391304348,0.03,0.691304347826087,0.00018066391461654498
higher_noise,400,0.03,0.45,0.575,5,3005,0.09244782110438378,0.04703167945908329,0.044782608695652176,0.2068263200225355,0,0.9552173913043478,0.030434782608695653,0.6260869565217392,0.0002818937271001205
higher_noise,400,0.03,0.45,0.575,6,3006,0.10243540770194338,0.04404426350770211,0.059130434782608696,0.24668080137979156,0,0.9434782608695652,0.04,0.4678260869565217,0.000557713130105835
higher_noise,400,0.03,0.45,0.575,7,3007,0.16519603714505482,0.05567202501415592,0.09217391304347826,0.29077043868853464,0,0.9082608695652173,0.06173913043478261,0.28,0.001646893010415269
higher_noise,400,0.03,0.45,0.575,8,3008,0.1281557423128516,0.04923191319240556,0.058260869565217394,0.24154668598903883,0,0.9434782608695652,0.04043478260869565,0.47956521739130437,0.0005520414944858108
higher_noise,400,0.03,0.45,0.575,9,3009,0.10120710459260365,0.06104453100170966,0.04521739130434783,0.21598851751318293,0,0.9565217391304348,0.030869565217391304,0.6795652173913044,0.0002898900801551903
higher_noise,400,0.03,0.45,0.6,0,3000,0.08950997423845138,0.04450726337443759,0.050869565217391305,0.22558933530678882,0,0.9504347826086956,0.03869565217391304,0.5947826086956521,0.000432670974512704
higher_noise,400,0.03,0.45,0.6,1,3001,0.08292905019732102,0.034863545109590416,0.025217391304347827,0.1567848030905777,0,0.9747826086956521,0.023043478260869565,0.84,9.110708990841763e-05
higher_noise,400,0.03,0.45,0.6,2,3002,0.12542731956697278,0.06858880412870323,0.07739130434782608,0.27364237834943156,0,0.9243478260869565,0.05478260869565217,0.3660869565217391,0.001134089907834521
higher_noise,400,0.03,0.45,0.6,3,3003,0.1354423933185503,0.06805598565283988,0.06391304347826086,0.24812758167198867,0,0.9369565217391305,0.0408695652173913,0.5291304347826087,0.0006393155049035449
higher_noise,400,0.03,0.45,0.6,4,3004,0.09974106741586727,0.046129693190377186,0.025652173913043478,0.16082196710639302,0,0.9747826086956521,0.02391304347826087,0.8134782608695652,9.697960236730525e-05
higher_noise,400,0.03,0.45,0.6,5,3005,0.10994331913728206,0.04080417242887512,0.05652173913043478,0.23466180466980233,0,0.9443478260869566,0.04521739130434783,0.45869565217391306,0.0005905138020508208
higher_noise,400,0.03,0.45,0.6,6,3006,0.11877597107108404,0.04563749122043368,0.058695652173913045,0.238724952664305,0,0.9421739130434783,0.04739130434782609,0.4117391304347826,0.0006542146903214347
higher_noise,400,0.03,0.45,0.6,7,3007,0.1770196780284821,0.050172429099798764,0.10869565217391304,0.3289152705462118,0,0.8969565217391304,0.06826086956521739,0.36391304347826087,0.0023135365748668635
higher_noise,400,0.03,0.45,0.6,8,3008,0.1355848222738685,0.06061226947364054,0.07391304347826087,0.2761810863157782,0,0.93,0.05434782608695652,0.4008695652173913,0.0010506889346644402
higher_noise,400,0.03,0.45,0.6,9,3009,0.125510316915019,0.05438570267118511,0.09130434782608696,0.2910446603683402,0,0.9095652173913044,0.05608695652173913,0.3717391304347826,0.0014762401637502965
higher_noise,400,0.03,0.45,0.625,0,3000,0.09381405329198966,0.047346533003798874,0.03956521739130435,0.19934628513936692,0,0.961304347826087,0.02826086956521739,0.6408695652173914,0.00021799967870272618
higher_noise,400,0.03,0.45,0.625,1,3001,0.08252332856423894,0.0361327651447104,0.035217391304347825,0.18432885464317375,0,0.9647826086956521,0.02826086956521739,0.7,0.0001834577417838897
higher_noise,400,0.03,0.45,0.625,2,3002,0.12195092777739099,0.0683547385825104,0.06913043478260869,0.2604413151536088,0,0.9326086956521739,0.049565217391304345,0.38608695652173913,0.0008699429360324385
higher_noise,400,0.03,0.45,0.625,3,3003,0.1738582090337498,0.05307882902119195,0.11434782608695652,0.3276573778779944,0,0.888695652173913,0.06913043478260869,0.17043478260869566,0.0025211656147581386
higher_noise,400,0.03,0.45,0.625,4,3004,0.10009793258032954,0.0520239378573182,0.05391304347826087,0.2334195537883175,0,0.9478260869565217,0.034782608695652174,0.6143478260869565,0.0004235969339870787
higher_noise,400,0.03,0.45,0.625,5,3005,0.12889294916530572,0.061873179334045125,0.1117391304347826,0.3478399453760937,0,0.8969565217391304,0.06086956521739131,0.5091304347826087,0.002181725817993638
higher_noise,400,0.03,0.45,0.625,6,3006,0.1364484870913289,0.06093117289998414,0.09869565217391305,0.3138790177874006,0,0.9060869565217391,0.06565217391304348,0.21565217391304348,0.0019352510775215424
higher_noise,400,0.03,0.45,0.625,7,3007,0.27335069110371496,0.05886636396252726,0.29739130434782607,0.5581741772048388,0,0.7460869565217392,0.15782608695652173,0.09260869565217392,0.022368329097116765
higher_noise,400,0.03,0.45,0.625,8,3008,0.14379116420085913,0.05651147254936758,0.09304347826086956,0.29788288890257725,0,0.9091304347826087,0.06347826086956522,0.23391304347826086,0.001718260607781767
higher_noise,400,0.03,0.45,0.625,9,3009,0.1676055100085463,0.06031443815334323,0.1634782608695652,0.4152171636694118,0,0.8530434782608696,0.08217391304347826,0.25130434782608696,0.005014159389852398
higher_noise,400,0.03,0.45,0.65,0,3000,0.10474623322529565,0.04968023455783799,0.056956521739130433,0.24631077546392652,0,0.9465217391304348,0.04217391304347826,0.5956521739130435,0.0005555262630891161
higher_noise,400,0.03,0.45,0.65,1,3001,0.08084519729184755,0.04003928505136666,0.02,0.13999999999999999,0,0.98,0.02,0.9030434782608696,5.6000002800000045e-05
higher_noise,400,0.03,0.45,0.65,2,3002,0.17678738206830927,0.06575858200085108,0.14869565217391303,0.39405698493035335,0,0.8639130434782609,0.09043478260869565,0.23173913043478261,0.00484965713243617
higher_noise,400,0.03,0.45,0.65,3,3003,0.20395177568644499,0.06432558169792973,0.17565217391304347,0.4016468932322273,0,0.8326086956521739,0.09695652173913044,0.19086956521739132,0.006518600070720455
higher_noise,400,0.03,0.45,0.65,4,3004,0.09722367514324273,0.0419221896752896,0.043043478260869565,0.21135041544705047,0,0.9586956521739131,0.03,0.6452173913043479,0.0002618907409140796
higher_noise,400,0.03,0.45,0.65,5,3005,0.2928052804051896,0.06651749775056298,0.5056521739130435,0.7480195654669476,0,0.6278260869565218,0.21347826086956523,0.08652173913043479,0.05943093246884634
higher_noise,400,0.03,0.45,0.65,6,3006,0.16050753687795793,0.06892844782757228,0.14347826086956522,0.38030432545816883,0,0.8669565217391304,0.08695652173913043,0.12260869565217392,0.004399740072910798
higher_noise,400,0.03,0.45,0.65,7,3007,0.32720323856478967,0.041728250501303674,0.5143478260869565,0.6809604859056355,0,0.5804347826086956,0.24956521739130436,0.08652173913043479,0.07130261328154677
higher_noise,400,0.03,0.45,0.65,8,3008,0.17170186707714205,0.06317917648979153,0.1334782608695652,0.3718474289234436,0,0.8778260869565218,0.07739130434782608,0.4082608695652174,0.0035158912930468413
higher_noise,400,0.03,0.45,0.65,9,3009,0.25032223608964754,0.0441938776370935,0.31173913043478263,0.5379037587582005,0,0.7247826086956521,0.16304347826086957,0.08652173913043479,0.02413703317927447
higher_noise,400,0.03,0.45,0.675,0,3000,0.11480905836370282,0.05210751364865164,0.05217391304347826,0.22432423199155532,0,0.9482608695652174,0.043043478260869565,0.4965217391304348,0.0004995772851588008
higher_noise,400,0.03,0.45,0.675,1,3001,0.09256291766572687,0.043679666340544245,0.036521739130434785,0.18988803785050432,0,0.9639130434782609,0.030434782608695653,0.6613043478260869,0.0002085537875540748
higher_noise,400,0.03,0.45,0.675,2,3002,0.1718737133605463,0.04711700541806555,0.1,0.3113784220833718,0,0.9034782608695652,0.06695652173913043,0.2217391304347826,0.002012364017613637
higher_noise,400,0.03,0.45,0.675,3,3003,0.22954837611822262,0.06100825083042569,0.29304347826086957,0.5463271418625728,0,0.7473913043478261,0.13260869565217392,0.12695652173913044,0.018300926635881697
higher_noise,400,0.03,0.45,0.675,4,3004,0.09192131269572826,0.0368709570985055,0.05173913043478261,0.22539148886197494,0,0.9491304347826087,0.035217391304347825,0.5704347826086956,0.000403787372513759
higher_noise,400,0.03,0.45,0.675,5,3005,0.4087526517022724,0.05557181340895852,1.2734782608695652,1.1745456427566852,1,0.36043478260869566,0.38565217391304346,0.08652173913043479,0.28970135049016627
higher_noise,400,0.03,0.45,0.675,6,3006,0.18194814760273656,0.0693092251030657,0.17782608695652175,0.44343968289153934,0,0.8456521739130435,0.10695652173913044,0.1308695652173913,0.007320527007369874
higher_noise,400,0.03,0.45,0.675,7,3007,0.40970612894675273,0.03141177436707819,1.112608695652174,0.9735266120000068,1,0.39695652173913043,0.3760869565217391,0.08652173913043479,0.22079270765325432
higher_noise,400,0.03,0.45,0.675,8,3008,0.11097761907584594,0.03779648896081123,0.049130434782608694,0.2201267035038301,0,0.9517391304347826,0.03739130434782609,0.5165217391304348,0.00039722676140754404
higher_noise,400,0.03,0.45,0.675,9,3009,0.30620437402675554,0.04147321328978014,0.551304347826087,0.7520829299082363,0,0.5826086956521739,0.2326086956521739,0.08652173913043479,0.07301886473751783
higher_noise,400,0.03,0.45,0.7,0,3000,0.12944366814352015,0.05427939221287049,0.06608695652173913,0.2570355943957751,0,0.9360869565217391,0.05391304347826087,0.38956521739130434,0.0008856795655103827
higher_noise,400,0.03,0.45,0.7,1,3001,0.09605197714198208,0.03268972365006913,0.04652173913043478,0.21266648098867358,0,0.9539130434782609,0.03304347826086956,0.4865217391304348,0.00032386412527274887
higher_noise,400,0.03,0.45,0.7,2,3002,0.30502391107346144,0.04674618469134621,0.47391304347826085,0.6812503793724338,0,0.6226086956521739,0.2291304347826087,0.08652173913043479,0.05890896973509582
higher_noise,400,0.03,0.45,0.7,3,3003,0.3022304663602761,0.05592769029264401,0.5826086956521739,0.7487102962765189,0,0.5543478260869565,0.23130434782608697,0.08652173913043479,0.07717802009918152
higher_noise,400,0.03,0.45,0.7,4,3004,0.1811056564901378,0.06324598669885247,0.17,0.4173050182550763,0,0.8452173913043478,0.10260869565217391,0.2639130434782609,0.006627655719358761
higher_noise,400,0.03,0.45,0.7,5,3005,0.4421295606487899,0.03875242847386322,1.4634782608695651,1.0709467923926501,1,0.348695652173913,0.4469565217391304,0.08652173913043479,0.311757673148232
higher_noise,400,0.03,0.45,0.7,6,3006,0.18574981937760499,0.06594446881038235,0.1334782608695652,0.3695015290390458,0,0.8739130434782608,0.08695652173913043,0.27304347826086955,0.004051245544559959
higher_noise,400,0.03,0.45,0.7,7,3007,0.4527417341307943,0.04320524243007265,1.6204347826086956,1.2129087505047689,1,0.3204347826086957,0.4373913043478261,0.08652173913043479,0.3605200453046263
higher_noise,400,0.03,0.45,0.7,8,3008,0.19979280410161426,0.070898840526564,0.1691304347826087,0.4319864434615901,0,0.8539130434782609,0.09304347826086956,0.43826086956521737,0.0058717492560493925
higher_noise,400,0.03,0.45,0.7,9,3009,0.31346970521570516,0.06147775451150692,0.6565217391304348,0.8088242067059425,0,0.5247826086956522,0.26217391304347826,0.08652173913043479,0.10077108721452724
higher_noise,400,0.03,0.45,0.725,0,3000,0.1466641008283101,0.05363023986773995,0.07565217391304348,0.2693280864437425,0,0.9256521739130434,0.05217391304347826,0.3060869565217391,0.0010447282494805926
higher_noise,400,0.03,0.45,0.725,1,3001,0.13421715568616463,0.031899805387848416,0.057391304347826085,0.232588784194512,0,0.9426086956521739,0.04652173913043478,0.4082608695652174,0.0006209988768577022
higher_noise,400,0.03,0.45,0.725,2,3002,0.3390171906082043,0.03752036215250373,0.6230434782608696,0.751282583219371,0,0.5260869565217391,0.29695652173913045,0.08652173913043479,0.1057291770534576
higher_noise,400,0.03,0.45,0.725,3,3003,0.37347389133803577,0.03319177955656196,0.9921739130434782,0.9334040390897373,1,0.401304347826087,0.31782608695652176,0.08652173913043479,0.1776091445087723
higher_noise,400,0.03,0.45,0.725,4,3004,0.25793166647747356,0.04699893588083084,0.271304347826087,0.5203285278913873,0,0.7626086956521739,0.15521739130434783,0.08652173913043479,0.019172680145004454
higher_noise,400,0.03,0.45,0.725,5,3005,0.5198114505283953,0.028147837013271556,2.7334782608695654,1.3729723664708724,3,0.2717391304347826,0.5552173913043478,0.08652173913043479,0.5551519041325916
higher_noise,400,0.03,0.45,0.725,6,3006,0.18721149807427626,0.06901457316682859,0.13130434782608696,0.35773811587013454,0,0.8756521739130435,0.08565217391304347,0.1865217391304348,0.0038101476672353965
higher_noise,400,0.03,0.45,0.725,7,3007,0.4892803771870463,0.03173490845282975,2.195217391304348,1.3356886175961085,2,0.28956521739130436,0.4965217391304348,0.08652173913043479,0.47115923719005975
higher_noise,400,0.03,0.45,0.725,8,3008,0.3582216304385919,0.029439863375358144,0.8295652173913044,0.8307119956156498,1,0.41043478260869565,0.3334782608695652,0.08652173913043479,0.1633239461351366
higher_noise,400,0.03,0.45,0.725,9,3009,0.3664414639841616,0.06211889675461893,1.0730434782608695,0.9806228490213168,1,0.3652173913043478,0.3382608695652174,0.08652173913043479,0.2105614149412599
higher_noise,400,0.03,0.45,0.75,0,3000,0.22233022956096807,0.10215713423175893,0.3165217391304348,0.5693521008521892,0,0.7352173913043478,0.15869565217391304,0.23043478260869565,0.023924089326166423
higher_noise,400,0.03,0.45,0.75,1,3001,0.22103808945954023,0.04902604853225431,0.20391304347826086,0.46220867798406895,0,0.8195652173913044,0.12521739130434784,0.09391304347826086,0.010442945488437447
higher_noise,400,0.03,0.45,0.75,2,3002,0.4214065435843622,0.04857512478653439,1.2934782608695652,1.184116286503227,1,0.34,0.4147826086956522,0.08652173913043479,0.3241595567092958
higher_noise,400,0.03,0.45,0.75,3,3003,0.4643260455799796,0.04402965554972839,2.166086956521739,1.4967435350887164,2,0.27260869565217394,0.4482608695652174,0.08652173913043479,0.488029782594149
higher_noise,400,0.03,0.45,0.75,4,3004,0.257102846137657,0.05467738010433159,0.3017391304347826,0.5495425146659091,0,0.7417391304347826,0.16956521739130434,0.08652173913043479,0.02406559918682221
higher_noise,400,0.03,0.45,0.75,5,3005,0.5610810424059254,0.027404700911782452,3.426521739130435,1.4800972608924465,3,0.27391304347826084,0.5895652173913043,0.08652173913043479,0.6335935453537271
higher_noise,400,0.03,0.45,0.75,6,3006,0.2698926676110237,0.07788102723955932,0.42782608695652175,0.6734141210651181,0,0.6643478260869565,0.19782608695652174,0.18,0.044715207062579865
higher_noise,400,0.03,0.45,0.75,7,3007,0.5576168682847973,0.026886150000041693,3.4556521739130437,1.3485058594348254,4,0.2791304347826087,0.6030434782608696,0.08652173913043479,0.5862166560998583
higher_noise,400,0.03,0.45,0.75,8,3008,0.524638434142165,0.02888732197324251,2.9078260869565216,1.3568600470002636,3,0.2808695652173913,0.5473913043478261,0.08652173913043479,0.5341221873335459
higher_noise,400,0.03,0.45,0.75,9,3009,0.44280663127791864,0.044916135754469955,2.0386956521739132,1.2600131274258393,2,0.3265217391304348,0.4856521739130435,0.08652173913043479,0.4121202831747526
higher_noise,400,0.03,0.45,0.775,0,3000,0.19961319732557273,0.07139772124980462,0.1517391304347826,0.3945515029356866,0,0.8617391304347826,0.09391304347826086,0.17652173913043478,0.005123053671497432
higher_noise,400,0.03,0.45,0.775,1,3001,0.3147076919349239,0.02985606490903533,0.41782608695652174,0.6077288906550864,0,0.6408695652173914,0.22304347826086957,0.08652173913043479,0.048680118303018584
higher_noise,400,0.03,0.45,0.775,2,3002,0.4460237912322653,0.03544652183043608,1.413913043478261,1.1037396476660009,1,0.3865217391304348,0.43043478260869567,0.08652173913043479,0.29145612098490103
higher_noise,400,0.03,0.45,0.775,3,3003,0.5442489499493909,0.05577680080340317,3.526521739130435,1.6414974835977802,3,0.2308695652173913,0.5478260869565217,0.08652173913043479,0.6916445005234776
higher_noise,400,0.03,0.45,0.775,4,3004,0.27757480150417463,0.061317340643023036,0.3108695652173913,0.5278044190094451,0,0.7195652173913043,0.1826086956521739,0.08652173913043479,0.02702877464889538
higher_noise,400,0.03,0.45,0.775,5,3005,0.5890933536572212,0.028136710501277834,4.0865217391304345,1.4436942609474583,4,0.2669565217391304,0.591304347826087,0.08652173913043479,0.6257718711116148
higher_noise,400,0.03,0.45,0.775,6,3006,0.3909904397436669,0.07991987420106283,1.3130434782608695,1.151295809767369,1,0.34043478260869564,0.4008695652173913,0.08652173913043479,0.3044021775893292
higher_noise,400,0.03,0.45,0.775,7,3007,0.5965358142813618,0.02718180654653395,4.186521739130435,1.4775099755291943,4,0.26521739130434785,0.6017391304347826,0.08652173913043479,0.6532772661827685
higher_noise,400,0.03,0.45,0.775,8,3008,0.5833123795519162,0.02235800704360903,4.153043478260869,1.5322800140926924,4,0.24217391304347827,0.5973913043478261,0.08652173913043479,0.6936918394807359
higher_noise,400,0.03,0.45,0.775,9,3009,0.5478391397620056,0.04090334015085856,3.7217391304347824,1.6048720717645002,3,0.23217391304347826,0.5734782608695652,0.08652173913043479,0.7066758386335719
higher_noise,400,0.03,0.45,0.8,0,3000,0.3270357047452699,0.05695504460616475,0.6117391304347826,0.7489944109265728,0,0.5282608695652173,0.27,0.08652173913043479,0.0953990928233037
higher_noise,400,0.03,0.45,0.8,1,3001,0.3810895103613419,0.05113411853173472,1.0556521739130436,0.9525427119806482,1,0.4,0.39043478260869563,0.08652173913043479,0.22314348457812272
higher_noise,400,0.03,0.45,0.8,2,3002,0.48518468539230497,0.043160622648236655,2.212173913043478,1.5598856048406358,2,0.2582608695652174,0.508695652173913,0.08652173913043479,0.5885752119271617
higher_noise,400,0.03,0.45,0.8,3,3003,0.6282668345962551,0.03256495945669256,5.407391304347826,1.7163249854198825,6,0.22565217391304349,0.5921739130434782,0.08652173913043479,0.7870183900403157
higher_noise,400,0.03,0.45,0.8,4,3004,0.33108796302687127,0.03671693206825139,0.5856521739130435,0.7472053794085085,0,0.5530434782608695,0.28695652173913044,0.08652173913043479,0.09583438706763278
higher_noise,400,0.03,0.45,0.8,5,3005,0.629401371976881,0.01904809577151299,5.136086956521739,1.4338159457725412,5,0.2791304347826087,0.6160869565217392,0.08652173913043479,0.6367839536942308
higher_noise,400,0.03,0.45,0.8,6,3006,0.42604835451646944,0.1720003460055631,2.187391304347826,1.7552696247518669,0,0.26304347826086955,0.45521739130434785,0.1591304347826087,0.5888498252274463
higher_noise,400,0.03,0.45,0.8,7,3007,0.6379125000296944,0.01909511566893379,5.285217391304347,1.5123976632722809,5,0.26304347826086955,0.6256521739130435,0.08652173913043479,0.697333971336828
higher_noise,400,0.03,0.45,0.8,8,3008,0.6305385338060174,0.02325852565136054,5.0456521739130435,1.5354090974096504,5,0.25782608695652176,0.6221739130434782,0.08652173913043479,0.7089924215926992
higher_noise,400,0.03,0.45,0.8,9,3009,0.5989650161481916,0.02993394316885771,4.749130434782609,1.569027428040469,5,0.24130434782608695,0.5821739130434782,0.08652173913043479,0.6930281452594308
higher_noise,400,0.03,0.45,0.825,0,3000,0.44109304578831426,0.05358055918800241,1.6839130434782608,1.3719558844803659,1,0.2821739130434783,0.46,0.08652173913043479,0.45301983404024254
higher_noise,400,0.03,0.45,0.825,1,3001,0.5360782656499229,0.023730377636417378,3.1908695652173913,1.3732234785777595,3,0.2852173913043478,0.5973913043478261,0.08652173913043479,0.5863731756368007
higher_noise,400,0.03,0.45,0.825,2,3002,0.5149777428221873,0.03730161091102894,2.482173913043478,1.409018951092164,2,0.26304347826086955,0.5321739130434783,0.08652173913043479,0.5526017850557564
higher_noise,400,0.03,0.45,0.825,3,3003,0.6939693280179308,0.021310797250942804,6.7382608695652175,1.3696132496753235,6,0.2717391304347826,0.5726086956521739,0.08652173913043479,0.5711403768863812
higher_noise,400,0.03,0.45,0.825,4,3004,0.37272136844673237,0.04077882698199146,0.9330434782608695,0.8726991352799294,1,0.39652173913043476,0.36,0.08652173913043479,0.18959578483825287
higher_noise,400,0.03,0.45,0.825,5,3005,0.6718984570351182,0.015795361802229634,6.216956521739131,1.458817075228833,6,0.2691304347826087,0.6326086956521739,0.08652173913043479,0.6744905563656033
higher_noise,400,0.03,0.45,0.825,6,3006,0.5586699685129332,0.06378410846695348,3.7934782608695654,1.768922808293602,4,0.20956521739130435,0.5830434782608696,0.08652173913043479,0.8152219547830362
higher_noise,400,0.03,0.45,0.825,7,3007,0.6744014100951877,0.015026971985607993,5.9595652173913045,1.5406435082976644,6,0.25,0.6047826086956521,0.08652173913043479,0.6988158011691948
higher_noise,400,0.03,0.45,0.825,8,3008,0.6609208230562169,0.022069753660434097,5.743043478260869,1.5005996910876163,6,0.2591304347826087,0.6282608695652174,0.08652173913043479,0.6984681688567801
higher_noise,400,0.03,0.45,0.825,9,3009,0.6670776067387882,0.017029136964831503,6.417391304347826,1.3955370398128468,6,0.2743478260869565,0.5743478260869566,0.08652173913043479,0.5816273909919437
higher_noise,400,0.03,0.45,0.85,0,3000,0.5306602307109638,0.03583345838788962,3.327826086956522,1.524697992965903,3,0.2639130434782609,0.5734782608695652,0.08652173913043479,0.6436205631371288
higher_noise,400,0.03,0.45,0.85,1,3001,0.5733822173374566,0.017895211397020425,3.924782608695652,1.3953318743931649,4,0.2843478260869565,0.6173913043478261,0.08652173913043479,0.6165098491378221
higher_noise,400,0.03,0.45,0.85,2,3002,0.5543857036629755,0.03237833547011677,3.5669565217391304,1.5198238879171342,4,0.2508695652173913,0.577391304347826,0.08652173913043479,0.6573867516478586
higher_noise,400,0.03,0.45,0.85,3,3003,0.7445267995285761,0.01286903204109612,7.601739130434782,1.487219910565298,8,0.2617391304347826,0.5052173913043478,0.08652173913043479,0.554706600768757
higher_noise,400,0.03,0.45,0.85,4,3004,0.4141795407368712,0.035066765920221225,1.3121739130434782,1.075792757324,1,0.3665217391304348,0.4291304347826087,0.08652173913043479,0.29244866926459046
higher_noise,400,0.03,0.45,0.85,5,3005,0.7046404451945721,0.013844712189978677,6.972173913043478,1.4952416018875085,7,0.28608695652173916,0.6308695652173913,0.08652173913043479,0.6734359021344418
higher_noise,400,0.03,0.45,0.85,6,3006,0.6290801378538777,0.020770040884977838,5.218260869565217,1.424694176714589,5,0.2856521739130435,0.6108695652173913,0.08652173913043479,0.6216985658458194
higher_noise,400,0.03,0.45,0.85,7,3007,0.7028912251234006,0.013050344664875672,6.801304347826087,1.578689066359163,7,0.24913043478260868,0.628695652173913,0.08652173913043479,0.7452492717813988
higher_noise,400,0.03,0.45,0.85,8,3008,0.6879990751028661,0.016918463652629497,6.2095652173913045,1.4501858299538255,6,0.27391304347826084,0.5843478260869566,0.08652173913043479,0.6152954815094378
higher_noise,400,0.03,0.45,0.85,9,3009,0.7136627444937536,0.012169673426521681,7.397826086956521,1.4525822779113338,7,0.26521739130434785,0.5808695652173913,0.08652173913043479,0.6199807894150309
higher_noise,400,0.03,0.45,0.875,0,3000,0.630760884412351,0.025575818545274114,5.649130434782609,1.5617504478141304,6,0.23434782608695653,0.5926086956521739,0.08652173913043479,0.7086163679467467
higher_noise,400,0.03,0.45,0.875,1,3001,0.6396899250212809,0.014340681664072315,5.613478260869565,1.4051740065407718,6,0.27217391304347827,0.6147826086956522,0.08652173913043479,0.6287518837724845
higher_noise,400,0.03,0.45,0.875,2,3002,0.6275628241355091,0.01891766249702015,5.381304347826087,1.4192153507203291,5,0.2817391304347826,0.6156521739130435,0.08652173913043479,0.6275754194118464
higher_noise,400,0.03,0.45,0.875,3,3003,0.7739778402144153,0.012373969713906557,7.582608695652174,1.5104425420941585,8,0.2530434782608696,0.4791304347826087,0.08652173913043479,0.5405716829097427
higher_noise,400,0.03,0.45,0.875,4,3004,0.5308902209178371,0.034385874272134645,3.217391304347826,1.5075612825997988,3,0.26869565217391306,0.5834782608695652,0.08652173913043479,0.6432766853710495
higher_noise,400,0.03,0.45,0.875,5,3005,0.7330719245956377,0.009292122340903857,7.439565217391304,1.4573053699890308,7,0.2647826086956522,0.5978260869565217,0.08652173913043479,0.6405325433012556
higher_noise,400,0.03,0.45,0.875,6,3006,0.6771596503792467,0.015969245373751068,6.436521739130435,1.4132497508307096,6,0.27304347826086955,0.6369565217391304,0.08652173913043479,0.6543907382040831
higher_noise,400,0.03,0.45,0.875,7,3007,0.7225857291609119,0.015187874966167874,6.6552173913043475,1.4027283029408992,6,0.25869565217391305,0.5808695652173913,0.08652173913043479,0.6040163992823846
higher_noise,400,0.03,0.45,0.875,8,3008,0.7178793956398382,0.014235917389184671,7.045217391304348,1.4898639259873407,7,0.25521739130434784,0.5708695652173913,0.08652173913043479,0.6334509947861883
higher_noise,400,0.03,0.45,0.875,9,3009,0.743624618128036,0.012449235198164231,7.3252173913043475,1.6184718223365961,7,0.2373913043478261,0.5308695652173913,0.08652173913043479,0.6552314346478737
higher_noise,400,0.03,0.45,0.9,0,3000,0.6670179212433597,0.024481851350250185,6.0834782608695654,1.4637611134859052,6,0.2734782608695652,0.5917391304347827,0.08652173913043479,0.629287505956491
higher_noise,400,0.03,0.45,0.9,1,3001,0.6946680192603084,0.014520875588815757,7.120869565217391,1.4416775043209311,7,0.27608695652173915,0.6039130434782609,0.08652173913043479,0.6302733354633944
higher_noise,400,0.03,0.45,0.9,2,3002,0.6787615664129873,0.012956600437429869,6.514347826086957,1.4317102150528151,6,0.27043478260869563,0.6034782608695652,0.08652173913043479,0.6303487194399456
higher_noise,400,0.03,0.45,0.9,3,3003,0.7976698054264285,0.008808014716876427,7.73695652173913,1.5407308677394935,8,0.2582608695652174,0.42043478260869566,0.08652173913043479,0.4804814366762
higher_noise,400,0.03,0.45,0.9,4,3004,0.636940471126002,0.014456844055556861,5.723478260869565,1.4304350469142084,6,0.2843478260869565,0.62,0.08652173913043479,0.6346902506223409
higher_noise,400,0.03,0.45,0.9,5,3005,0.7554370908730574,0.011000703072576307,7.860869565217391,1.5173601591421808,8,0.2534782608695652,0.5978260869565217,0.08652173913043479,0.6771829247083182
higher_noise,400,0.03,0.45,0.9,6,3006,0.7177080990363692,0.016611775253068835,6.884347826086956,1.4790179646936605,7,0.2691304347826087,0.5769565217391305,0.08652173913043479,0.6236722405154886
higher_noise,400,0.03,0.45,0.9,7,3007,0.7417967725834628,0.015161392224238556,6.727826086956521,1.4878667440382969,7,0.25521739130434784,0.5626086956521739,0.08652173913043479,0.6234476680086396
higher_noise,400,0.03,0.45,0.9,8,3008,0.7520415405313614,0.01155232896865234,7.549130434782609,1.640976414115212,8,0.22,0.5360869565217391,0.08652173913043479,0.6861707215022067
higher_noise,400,0.03,0.45,0.9,9,3009,0.7672131925811337,0.010515488191222623,7.721739130434782,1.676683196266582,8,0.23391304347826086,0.5004347826086957,0.08652173913043479,0.6428010365182841
higher_noise,400,0.03,0.45,0.925,0,3000,0.6919747857480621,0.01841673484931468,6.571739130434783,1.4532068052770712,6,0.26130434782608697,0.59,0.08652173913043479,0.6333517548464291
higher_noise,400,0.03,0.45,0.925,1,3001,0.7292210721934271,0.012697297576667013,7.696521739130435,1.511718310244144,8,0.25782608695652176,0.5843478260869566,0.08652173913043479,0.655613657286154
higher_noise,400,0.03,0.45,0.925,2,3002,0.7117938518712045,0.015647856439559713,7.121739130434783,1.5311139797231268,7,0.27,0.6134782608695653,0.08652173913043479,0.6856927543934578
higher_noise,400,0.03,0.45,0.925,3,3003,0.8190911685555077,0.00820099241326659,6.88304347826087,1.6641408144395575,7,0.21304347826086956,0.35434782608695653,0.08652173913043479,0.46405620592596064
higher_noise,400,0.03,0.45,0.925,4,3004,0.6899022566666483,0.01409159912684546,6.814347826086957,1.4640216382546682,6,0.2539130434782609,0.6317391304347826,0.08652173913043479,0.6900407239087337
higher_noise,400,0.03,0.45,0.925,5,3005,0.7730521654503236,0.009637075933181317,7.551304347826087,1.6227922912116262,8,0.24782608695652175,0.552608695652174,0.08652173913043479,0.6745263478529206
higher_noise,400,0.03,0.45,0.925,6,3006,0.751205658236208,0.012893060516012524,7.027391304347826,1.4094825365338695,7,0.26869565217391306,0.5517391304347826,0.08652173913043479,0.5687110172812352
higher_noise,400,0.03,0.45,0.925,7,3007,0.7645879783366615,0.012964005393420202,7.29,1.4445655281839558,7,0.28304347826086956,0.5308695652173913,0.08652173913043479,0.549816660174801
higher_noise,400,0.03,0.45,0.925,8,3008,0.7741642946755942,0.010641813660214066,7.927826086956522,1.6492447718820697,7,0.23217391304347826,0.5291304347826087,0.08652173913043479,0.6700554165997784
higher_noise,400,0.03,0.45,0.925,9,3009,0.7855322642279273,0.010881910277105637,7.1521739130434785,1.6149759899190832,7,0.26217391304347826,0.43130434782608695,0.08652173913043479,0.5139299332999916
higher_noise,400,0.03,0.45,0.95,0,3000,0.7250345881116743,0.01485287508210019,7.206521739130435,1.445969236234335,7,0.2717391304347826,0.5643478260869565,0.08652173913043479,0.5942824235405437
higher_noise,400,0.03,0.45,0.95,1,3001,0.7542371305846574,0.010489418307880034,8.061304347826088,1.6325967694811314,8,0.26521739130434785,0.5465217391304348,0.08652173913043479,0.6556095088199915
higher_noise,400,0.03,0.45,0.95,2,3002,0.7362287070998439,0.01519684044423725,6.971739130434782,1.4757699601988552,7,0.27260869565217394,0.5482608695652174,0.08652173913043479,0.588537340174293
higher_noise,400,0.03,0.45,0.95,3,3003,0.8372400688587158,0.007135200196988952,6.766086956521739,1.492030245440128,7,0.2643478260869565,0.28956521739130436,0.08652173913043479,0.317831212201511
higher_noise,400,0.03,0.45,0.95,4,3004,0.7334695331615747,0.013399469052808973,7.3908695652173915,1.4535725495825143,7,0.2734782608695652,0.577391304347826,0.08652173913043479,0.6097552755188048
higher_noise,400,0.03,0.45,0.95,5,3005,0.7908242230401615,0.00914195080020848,7.233478260869565,1.5750254896368094,7,0.2373913043478261,0.47739130434782606,0.08652173913043479,0.5734081279095617
higher_noise,400,0.03,0.45,0.95,6,3006,0.774545548630486,0.013613456958153195,8.241739130434782,1.738764309287322,8,0.22869565217391305,0.5639130434782609,0.08652173913043479,0.756273072498847
higher_noise,400,0.03,0.45,0.95,7,3007,0.7846913051863338,0.011364679340332398,7.84,1.600423856901393,8,0.25956521739130434,0.48695652173913045,0.08652173913043479,0.5770481009391573
higher_noise,400,0.03,0.45,0.95,8,3008,0.7886680754233162,0.010673536631145314,8.050869565217392,1.5400519839997449,8,0.26956521739130435,0.48782608695652174,0.08652173913043479,0.5487592426674707
higher_noise,400,0.03,0.45,0.95,9,3009,0.8065165590124815,0.009073720371899453,7.614347826086957,1.6624924349928085,8,0.24782608695652175,0.4121739130434783,0.08652173913043479,0.5154166540076869
higher_noise,400,0.03,0.45,0.975,0,3000,0.7540462133347828,0.012247110410495168,7.277391304347826,1.3901867794161749,7,0.2856521739130435,0.5047826086956522,0.08652173913043479,0.5012879510936968
higher_noise,400,0.03,0.45,0.975,1,3001,0.7734495170570468,0.011155119984051911,7.903478260869565,1.6999452899013676,8,0.2273913043478261,0.532608695652174,0.08652173913043479,0.699524274600641
higher_noise,400,0.03,0.45,0.975,2,3002,0.7669516024292016,0.010704189527752525,7.52695652173913,1.6083111173785853,8,0.2465217391304348,0.49130434782608695,0.08652173913043479,0.5953761029228501
higher_noise,400,0.03,0.45,0.975,3,3003,0.8501652374487908,0.0072846399980704595,7.133913043478261,1.5668793109385482,7,0.2308695652173913,0.3139130434782609,0.08652173913043479,0.3783074605167245
higher_noise,400,0.03,0.45,0.975,4,3004,0.7605597764659842,0.012193512891637679,7.168695652173913,1.5094695421494098,7,0.2508695652173913,0.5226086956521739,0.08652173913043479,0.5909604656658305
higher_noise,400,0.03,0.45,0.975,5,3005,0.805260582324588,0.00889347534161768,7.716086956521739,1.7003330597790816,8,0.23869565217391303,0.49478260869565216,0.08652173913043479,0.6404817153912705
higher_noise,400,0.03,0.45,0.975,6,3006,0.7930987470815147,0.01141148409255887,7.846521739130435,1.7461538073986003,8,0.22565217391304349,0.5365217391304348,0.08652173913043479,0.7254473576518473
higher_noise,400,0.03,0.45,0.975,7,3007,0.7999433004277741,0.010887763249310154,7.501304347826087,1.654111621142445,8,0.2234782608695652,0.4465217391304348,0.08652173913043479,0.5735364712192623
higher_noise,400,0.03,0.45,0.975,8,3008,0.8060245476560258,0.011043688826662639,7.990869565217391,1.7801817519408767,8,0.21521739130434783,0.46304347826086956,0.08652173913043479,0.6468975224367052
higher_noise,400,0.03,0.45,0.975,9,3009,0.8188740235260974,0.008693034310500614,7.562173913043479,1.94624601090706,8,0.2165217391304348,0.38608695652173913,0.08652173913043479,0.5887213922146743
higher_noise,400,0.03,0.45,1.0,0,3000,0.7813895298346017,0.011843126969625296,7.543913043478261,1.6027916925882375,8,0.23565217391304347,0.4539130434782609,0.08652173913043479,0.5560844886684188
higher_noise,400,0.03,0.45,1.0,1,3001,0.7903794975618613,0.011074052811437392,7.6039130434782605,1.6394809335789784,7,0.22956521739130434,0.5082608695652174,0.08652173913043479,0.6419909824576272
higher_noise,400,0.03,0.45,1.0,2,3002,0.7901649883826457,0.00984662848510561,7.369565217391305,1.5827699392297356,7,0.23217391304347826,0.45608695652173914,0.08652173913043479,0.5542788531247475
higher_noise,400,0.03,0.45,1.0,3,3003,0.8600456645004776,0.0072970239589192085,7.846521739130435,1.820274964168761,8,0.21217391304347827,0.3347826086956522,0.08652173913043479,0.4800983834769377
higher_noise,400,0.03,0.45,1.0,4,3004,0.7790603845428618,0.01332817087699078,7.338695652173913,1.4886755255648825,7,0.27,0.48739130434782607,0.08652173913043479,0.5296642805804332
higher_noise,400,0.03,0.45,1.0,5,3005,0.8221210291077532,0.007960445071423784,7.262173913043478,1.6302719338962763,7,0.22608695652173913,0.4147826086956522,0.08652173913043479,0.5233265374408844
higher_noise,400,0.03,0.45,1.0,6,3006,0.8092979060104176,0.009782764635866498,7.860434782608696,1.74532911624357,8,0.23217391304347826,0.49826086956521737,0.08652173913043479,0.6677239894879206
higher_noise,400,0.03,0.45,1.0,7,3007,0.8135688926112484,0.012544863293363512,6.910869565217391,1.7838317649362183,6,0.20391304347826086,0.3708695652173913,0.08652173913043479,0.5266663823734459
higher_noise,400,0.03,0.45,1.0,8,3008,0.8216254277058057,0.010400881639331398,6.856521739130435,1.8302592087643053,6,0.18739130434782608,0.36130434782608695,0.08652173913043479,0.5373623752568468
higher_noise,400,0.03,0.45,1.0,9,3009,0.8364047815859006,0.007350785996781683,6.707826086956522,1.6576121026337045,6,0.2534782608695652,0.29434782608695653,0.08652173913043479,0.36423879643788626
higher_noise,400,0.03,0.45,1.025,0,3000,0.8032105092123009,0.010018519599320071,7.134347826086956,1.6879993975039018,7,0.22391304347826088,0.3934782608695652,0.08652173913043479,0.5154700252632934
higher_noise,400,0.03,0.45,1.025,1,3001,0.8070637714054367,0.009552573378852616,7.043913043478261,1.532909252058731,7,0.27652173913043476,0.40391304347826085,0.08652173913043479,0.4479502779994806
higher_noise,400,0.03,0.45,1.025,2,3002,0.8069926231014061,0.007904228804611658,7.419130434782609,1.5940048361813013,8,0.25782608695652176,0.4191304347826087,0.08652173913043479,0.495843379286709
higher_noise,400,0.03,0.45,1.025,3,3003,0.8688623646963469,0.007312634559365688,7.35,1.7112479555042253,8,0.21913043478260869,0.2982608695652174,0.08652173913043479,0.3985545024830883
higher_noise,400,0.03,0.45,1.025,4,3004,0.7937450981514348,0.00993426731982721,7.701739130434783,1.650743316559077,7,0.2373913043478261,0.49826086956521737,0.08652173913043479,0.6272462637772712
higher_noise,400,0.03,0.45,1.025,5,3005,0.8336469174921318,0.007759907538334099,6.982608695652174,1.6385710035996086,7,0.25173913043478263,0.3834782608695652,0.08652173913043479,0.4701744766374066
higher_noise,400,0.03,0.45,1.025,6,3006,0.8252660872880588,0.009389562847474706,7.533478260869566,1.5693285983271352,8,0.2604347826086956,0.4543478260869565,0.08652173913043479,0.5273255594429286
higher_noise,400,0.03,0.45,1.025,7,3007,0.8271434339129045,0.011853986555031767,6.858695652173913,1.9488096798409962,7,0.19478260869565217,0.36043478260869566,0.08652173913043479,0.5655998299127544
higher_noise,400,0.03,0.45,1.025,8,3008,0.8359679157401467,0.009259336969741747,6.3334782608695654,1.6494033405938624,6,0.22782608695652173,0.30391304347826087,0.08652173913043479,0.3870716256013002
higher_noise,400,0.03,0.45,1.025,9,3009,0.8498435229588865,0.0071250792441303265,6.047391304347826,1.7090340963635222,6,0.2539130434782609,0.2526086956521739,0.08652173913043479,0.32209832980780007
higher_noise,400,0.03,0.45,1.05,0,3000,0.8169447280769053,0.0069973057525955454,7.502173913043478,1.5453983770106972,8,0.2582608695652174,0.39043478260869563,0.08652173913043479,0.4475485396717766
higher_noise,400,0.03,0.45,1.05,1,3001,0.8231245449860468,0.007124885160607343,7.007826086956522,1.477933211769025,7,0.2543478260869565,0.3708695652173913,0.08652173913043479,0.40870720447269476
higher_noise,400,0.03,0.45,1.05,2,3002,0.8236598228380044,0.00650005017755977,7.310869565217391,1.507478208202082,7,0.27043478260869563,0.37869565217391304,0.08652173913043479,0.4164908679162979
higher_noise,400,0.03,0.45,1.05,3,3003,0.8763636503018445,0.006600950567186736,6.838695652173913,1.5440145424743903,7,0.2952173913043478,0.24956521739130436,0.08652173913043479,0.2715755222797761
higher_noise,400,0.03,0.45,1.05,4,3004,0.8108569694252808,0.008908089090328348,7.935652173913043,1.5648970686721706,8,0.2778260869565217,0.4608695652173913,0.08652173913043479,0.5208415272035389
higher_noise,400,0.03,0.45,1.05,5,3005,0.847273828687205,0.0073315923578269136,6.453913043478261,1.533979590393207,7,0.24043478260869566,0.32521739130434785,0.08652173913043479,0.3789294971243004
higher_noise,400,0.03,0.45,1.05,6,3006,0.8381210488036837,0.009024468030430277,7.70695652173913,1.776720072352689,8,0.23869565217391303,0.4143478260869565,0.08652173913043479,0.5604571119188155
higher_noise,400,0.03,0.45,1.05,7,3007,0.8416958224089576,0.00918854998825647,5.872608695652174,1.7005976376385383,6,0.27391304347826084,0.2643478260869565,0.08652173913043479,0.3264118759706355
higher_noise,400,0.03,0.45,1.05,8,3008,0.8477216028894325,0.007458918691326211,7.096956521739131,1.7843984122840433,8,0.19608695652173913,0.29130434782608694,0.08652173913043479,0.4178764258371177
higher_noise,400,0.03,0.45,1.05,9,3009,0.8604957350616896,0.007142597857007894,6.4021739130434785,1.5031834523747871,6,0.27391304347826084,0.2273913043478261,0.08652173913043479,0.24818439790404356
higher_noise,400,0.03,0.45,1.075,0,3000,0.8299854770657175,0.007331853404925622,7.059565217391304,1.6527762631951957,8,0.22478260869565217,0.34652173913043477,0.08652173913043479,0.44398475772545676
higher_noise,400,0.03,0.45,1.075,1,3001,0.8367464845981464,0.007096401468778846,7.007826086956522,1.6911353441883203,7,0.2091304347826087,0.3417391304347826,0.08652173913043479,0.4570649730175703
higher_noise,400,0.03,0.45,1.075,2,3002,0.8355603541580144,0.00773784841784902,6.971739130434782,1.6161095318398413,7,0.23434782608695653,0.32956521739130434,0.08652173913043479,0.4077966770903136
higher_noise,400,0.03,0.45,1.075,3,3003,0.8828379108867411,0.006376369501199366,6.9226086956521735,1.7338351995085404,7,0.23217391304347826,0.2482608695652174,0.08652173913043479,0.33050569915578654
higher_noise,400,0.03,0.45,1.075,4,3004,0.8228956825387646,0.008955373368041268,8.216086956521739,1.7395157725279027,8,0.21956521739130436,0.47391304347826085,0.08652173913043479,0.6433742139737352
higher_noise,400,0.03,0.45,1.075,5,3005,0.8581273404693334,0.006723142634326419,6.546086956521739,1.488231337587572,6,0.2582608695652174,0.29869565217391303,0.08652173913043479,0.32972398385285134
higher_noise,400,0.03,0.45,1.075,6,3006,0.847105777851439,0.007652428474607761,8.274347826086956,1.6043265581246138,8,0.24869565217391304,0.43782608695652175,0.08652173913043479,0.5277282103710101
higher_noise,400,0.03,0.45,1.075,7,3007,0.8538889464828469,0.008327077940258014,5.695217391304348,1.706426139665097,6,0.21913043478260869,0.2091304347826087,0.08652173913043479,0.2786655188805729
higher_noise,400,0.03,0.45,1.075,8,3008,0.858905782903602,0.007136855106337196,7.191304347826087,1.6939567890074927,7,0.22391304347826088,0.29304347826086957,0.08652173913043479,0.38525188662411425
higher_noise,400,0.03,0.45,1.075,9,3009,0.8693420631779724,0.004331532213045912,6.21304347826087,1.3282235104687068,6,0.29695652173913045,0.18782608695652173,0.08652173913043479,0.17539178995021706
higher_noise,400,0.03,0.45,1.1,0,3000,0.8426475189175356,0.005765926605789557,6.283913043478261,1.4945705770654887,6,0.2582608695652174,0.26521739130434785,0.08652173913043479,0.2940150893371206
higher_noise,400,0.03,0.45,1.1,1,3001,0.8474307928617193,0.008040036013853145,6.538695652173913,1.5468841173758918,6,0.25565217391304346,0.30130434782608695,0.08652173913043479,0.3469278020967197
higher_noise,400,0.03,0.45,1.1,2,3002,0.845197817688578,0.00694664330931937,6.937826086956521,1.7582240459740077,7,0.21739130434782608,0.2991304347826087,0.08652173913043479,0.41160390658095636
higher_noise,400,0.03,0.45,1.1,3,3003,0.8901566758089281,0.006429806534532194,6.8,1.644225732942276,6,0.22869565217391305,0.24043478260869566,0.08652173913043479,0.30491902149173294
higher_noise,400,0.03,0.45,1.1,4,3004,0.8336848894982256,0.0077723276819874525,8.244347826086956,1.9337591821809632,8,0.20304347826086958,0.44478260869565217,0.08652173913043479,0.685464261333045
higher_noise,400,0.03,0.45,1.1,5,3005,0.8665259702659858,0.006572157190837702,7.306956521739131,1.5471275903164343,8,0.24956521739130436,0.3273913043478261,0.08652173913043479,0.38010731540058035
higher_noise,400,0.03,0.45,1.1,6,3006,0.8564900287449376,0.007166693987460921,7.269565217391304,1.671613327092097,7,0.23478260869565218,0.3882608695652174,0.08652173913043479,0.4966429566523247
higher_noise,400,0.03,0.45,1.1,7,3007,0.8646671653858549,0.007072174573505097,6.514347826086957,1.883397314491662,6,0.2082608695652174,0.22956521739130434,0.08652173913043479,0.34231832230703063
higher_noise,400,0.03,0.45,1.1,8,3008,0.8665901265643973,0.006941054585223794,6.9595652173913045,1.7319553620637786,7,0.24956521739130436,0.27043478260869563,0.08652173913043479,0.3514893740712763
higher_noise,400,0.03,0.45,1.1,9,3009,0.8803704157817746,0.0035914666382162535,5.0456521739130435,1.2254912984167918,5,0.31043478260869567,0.13260869565217392,0.08652173913043479,0.11206179777948996
higher_noise,400,0.03,0.45,1.125,0,3000,0.8554692343479323,0.006013685493615548,6.022608695652174,1.4274977115379641,6,0.288695652173913,0.22086956521739132,0.08652173913043479,0.22426771709982077
higher_noise,400,0.03,0.45,1.125,1,3001,0.8574648501799496,0.007117753738425201,6.2013043478260865,1.8055224568404042,6,0.27043478260869563,0.24695652173913044,0.08652173913043479,0.32530258651656896
higher_noise,400,0.03,0.45,1.125,2,3002,0.8561701312540301,0.006658432859490915,6.278260869565218,1.5758935413555704,7,0.29130434782608694,0.24782608695652175,0.08652173913043479,0.27677933746341876
higher_noise,400,0.03,0.45,1.125,3,3003,0.8950108670546747,0.006385139942794826,7.233913043478261,1.7335756943643208,7,0.23391304347826086,0.23,0.08652173913043479,0.3054560386750631
higher_noise,400,0.03,0.45,1.125,4,3004,0.8457104401005279,0.00751218648785628,6.843913043478261,1.8272056097398155,6,0.2408695652173913,0.34652173913043477,0.08652173913043479,0.48065593573505655
higher_noise,400,0.03,0.45,1.125,5,3005,0.8753785817954775,0.0061175933066405196,6.617826086956522,1.4624382752392282,7,0.2691304347826087,0.26869565217391306,0.08652173913043479,0.28719578589654055
higher_noise,400,0.03,0.45,1.125,6,3006,0.8651964943069854,0.00772296947056181,7.724782608695652,1.8169237488851202,7,0.22,0.3769565217391304,0.08652173913043479,0.5342229816002664
higher_noise,400,0.03,0.45,1.125,7,3007,0.8731751391486456,0.006791196575489182,5.618260869565217,1.7703884422055223,5,0.2526086956521739,0.1608695652173913,0.08652173913043479,0.21285825480067352
higher_noise,400,0.03,0.45,1.125,8,3008,0.876087630103337,0.005511170846475152,6.799565217391304,1.7233182810846652,6,0.22217391304347825,0.2426086956521739,0.08652173913043479,0.3252028659741168
higher_noise,400,0.03,0.45,1.125,9,3009,0.8904259959146832,0.0036286234318116746,5.0373913043478264,1.1464092045479275,5,0.3191304347826087,0.11608695652173913,0.08652173913043479,0.09061227099302933
higher_noise,400,0.03,0.45,1.15,0,3000,0.8652294072762742,0.005528665059210092,5.605652173913043,1.49917753128886,6,0.24521739130434783,0.18434782608695652,0.08652173913043479,0.2085993603736332
higher_noise,400,0.03,0.45,1.15,1,3001,0.8663998199184789,0.006293175593380305,5.8,1.5142798546704865,6,0.26608695652173914,0.21043478260869566,0.08652173913043479,0.23386664138109456
higher_noise,400,0.03,0.45,1.15,2,3002,0.8675302998106077,0.00696133728750503,5.707391304347826,1.5268715312585612,6,0.24347826086956523,0.17304347826086958,0.08652173913043479,0.19988451397688445
higher_noise,400,0.03,0.45,1.15,3,3003,0.9008589380668831,0.005245334870660114,6.399130434782609,1.7497326827969,6,0.2543478260869565,0.17739130434782607,0.08652173913043479,0.23144101317740404
higher_noise,400,0.03,0.45,1.15,4,3004,0.8554540588563142,0.006331377675684796,6.204782608695652,1.5068751702871666,6,0.2634782608695652,0.2908695652173913,0.08652173913043479,0.3228205179782891
higher_noise,400,0.03,0.45,1.15,5,3005,0.8817061188314059,0.0053943474248141785,6.209130434782609,1.4721188900578066,7,0.2643478260869565,0.22869565217391305,0.08652173913043479,0.24766995102631856
higher_noise,400,0.03,0.45,1.15,6,3006,0.8725523937141881,0.0067311640675180905,7.648260869565218,1.7818460192437773,8,0.23956521739130435,0.35434782608695653,0.08652173913043479,0.4801334003040805
higher_noise,400,0.03,0.45,1.15,7,3007,0.881649699010172,0.005126999152979281,5.185217391304348,1.4603599007428076,5,0.25043478260869567,0.12260869565217392,0.08652173913043479,0.1342117690009354
higher_noise,400,0.03,0.45,1.15,8,3008,0.8828227663350878,0.005656504733536719,6.85,1.4707658460519961,7,0.30521739130434783,0.20217391304347826,0.08652173913043479,0.20659394756739308
higher_noise,400,0.03,0.45,1.15,9,3009,0.8978153682663722,0.0032794907151601238,4.579565217391305,1.1050161449179376,5,0.36782608695652175,0.08782608695652173,0.08652173913043479,0.061352001056134704
smaller_dt,400,0.025,0.4,0.45,0,4000,0.10229078982660682,0.057577773099092414,0.059130434782608696,0.24133528982973518,0,0.9421739130434783,0.035217391304347825,0.48739130434782607,0.0004914754539055198
smaller_dt,400,0.025,0.4,0.45,1,4001,0.06928906214136846,0.036476794117675605,0.03217391304347826,0.17646175892512508,0,0.9678260869565217,0.018260869565217393,0.6952173913043478,0.00010367545874727419
smaller_dt,400,0.025,0.4,0.45,2,4002,0.061787710826106276,0.03569699882502741,0.03695652173913044,0.1909458102642394,0,0.9634782608695652,0.02434782608695652,0.5656521739130435,0.00016979378608198721
smaller_dt,400,0.025,0.4,0.45,3,4003,0.09373917512563987,0.05188384554581728,0.04739130434782609,0.21247439521042955,0,0.9526086956521739,0.03130434782608696,0.6047826086956521,0.00031521722247235983
smaller_dt,400,0.025,0.4,0.45,4,4004,0.08224415116203403,0.03856661737738351,0.043478260869565216,0.20393111999232305,0,0.9565217391304348,0.022608695652173914,0.6582608695652173,0.0002004616012975873
smaller_dt,400,0.025,0.4,0.45,5,4005,0.08731008342021108,0.05925663681848009,0.050869565217391305,0.2217011902750551,0,0.9495652173913044,0.03304347826086956,0.5608695652173913,0.0003694740553146997
smaller_dt,400,0.025,0.4,0.45,6,4006,0.08515822250119498,0.03890167729881322,0.050434782608695654,0.22664813297592917,0,0.951304347826087,0.02608695652173913,0.551304347826087,0.0002879159758001517
smaller_dt,400,0.025,0.4,0.45,7,4007,0.09624522224138994,0.03533666455634352,0.029565217391304348,0.16938451910345662,0,0.9704347826086956,0.01956521739130435,0.7560869565217392,9.79804640734057e-05
smaller_dt,400,0.025,0.4,0.45,8,4008,0.11928969508696485,0.04226592239438893,0.06347826086956522,0.2525798831132384,0,0.938695652173913,0.03826086956521739,0.4191304347826087,0.0005924406940606273
smaller_dt,400,0.025,0.4,0.45,9,4009,0.09942622817259877,0.046558568177194316,0.036521739130434785,0.18758438554774023,0,0.9634782608695652,0.02434782608695652,0.6478260869565218,0.00016680472322455067
smaller_dt,400,0.025,0.4,0.475,0,4000,0.1190845579459819,0.05869312937886333,0.08130434782608696,0.29912632706987496,0,0.9252173913043479,0.04173913043478261,0.47695652173913045,0.0009336812912877405
smaller_dt,400,0.025,0.4,0.475,1,4001,0.07513552814910932,0.03999749448464802,0.033478260869565214,0.17988181375201484,0,0.9665217391304348,0.021739130434782608,0.7052173913043478,0.0001309158818151844
smaller_dt,400,0.025,0.4,0.475,2,4002,0.07410142608497607,0.03586912117673038,0.043478260869565216,0.20393111999232305,0,0.9565217391304348,0.025217391304347827,0.6373913043478261,0.0002235917850396277
smaller_dt,400,0.025,0.4,0.475,3,4003,0.10201111987551752,0.05630006740757762,0.051304347826086956,0.2302608038880768,0,0.9508695652173913,0.02782608695652174,0.47347826086956524,0.00031479134093825227
smaller_dt,400,0.025,0.4,0.475,4,4004,0.08248718942449629,0.0419732065699607,0.03217391304347826,0.17646175892512508,0,0.9678260869565217,0.018260869565217393,0.7656521739130435,0.00010367545874727419
smaller_dt,400,0.025,0.4,0.475,5,4005,0.09571125223893105,0.060987014692159155,0.05608695652173913,0.23008956914616466,0,0.9439130434782609,0.030434782608695653,0.5013043478260869,0.00039276160258174697
smaller_dt,400,0.025,0.4,0.475,6,4006,0.08972432876985342,0.03868537659309228,0.04217391304347826,0.21152564900984447,0,0.96,0.021304347826086957,0.5952173913043478,0.0001802566484868066
smaller_dt,400,0.025,0.4,0.475,7,4007,0.11077505551944779,0.03728192731224459,0.05521739130434783,0.23404513806969857,0,0.9460869565217391,0.033478260869565214,0.47130434782608693,0.0004224315775121276
smaller_dt,400,0.025,0.4,0.475,8,4008,0.14019017582529106,0.03891978425536199,0.0791304347826087,0.2855949251083377,0,0.9252173913043479,0.04608695652173913,0.38217391304347825,0.0009843037405588963
smaller_dt,400,0.025,0.4,0.475,9,4009,0.10316476300573417,0.04982355174065094,0.043478260869565216,0.21432621815419547,0,0.9586956521739131,0.02391304347826087,0.5795652173913044,0.0002116927290521644
smaller_dt,400,0.025,0.4,0.5,0,4000,0.1384858732493182,0.05930037941762306,0.08652173913043479,0.2917579207322723,0,0.9165217391304348,0.04652173913043478,0.3834782608695652,0.0011330576280461438
smaller_dt,400,0.025,0.4,0.5,1,4001,0.08236766779280118,0.043009799535249256,0.03304347826086956,0.18822823293772437,0,0.9686956521739131,0.023043478260869565,0.7021739130434783,0.00013578052326293968
smaller_dt,400,0.025,0.4,0.5,2,4002,0.08729631845153377,0.036990926925036874,0.04173913043478261,0.19999243842038333,0,0.9582608695652174,0.022608695652173914,0.6056521739130435,0.00018872633208939207
smaller_dt,400,0.025,0.4,0.5,3,4003,0.11286550081762298,0.05654115752241361,0.058260869565217394,0.239739934710294,0,0.9430434782608695,0.03130434782608696,0.5791304347826087,0.00042745314488112224
smaller_dt,400,0.025,0.4,0.5,4,4004,0.07712154313042222,0.04334025638215564,0.05217391304347826,0.2300653313969209,0,0.9495652173913044,0.025217391304347827,0.64,0.00029260484140263004
smaller_dt,400,0.025,0.4,0.5,5,4005,0.11213911821943118,0.0566809207906407,0.05478260869565217,0.24235922969691429,0,0.948695652173913,0.03173913043478261,0.6360869565217391,0.0003946469698271294
smaller_dt,400,0.025,0.4,0.5,6,4006,0.09462549961458576,0.03879141696173934,0.03608695652173913,0.19560917401876235,0,0.9656521739130435,0.023478260869565216,0.6173913043478261,0.00015774456935845502
smaller_dt,400,0.025,0.4,0.5,7,4007,0.13927224836851884,0.05404823450559889,0.07652173913043478,0.2893261841447435,0,0.93,0.03956521739130435,0.4508695652173913,0.0008013077563406654
smaller_dt,400,0.025,0.4,0.5,8,4008,0.1554844171579859,0.03413628593965151,0.07652173913043478,0.265831079016146,0,0.9234782608695652,0.05217391304347826,0.3417391304347826,0.0010613142715367534
smaller_dt,400,0.025,0.4,0.5,9,4009,0.10523383157880027,0.05111748716555037,0.05217391304347826,0.2375043527608289,0,0.951304347826087,0.028695652173913042,0.5986956521739131,0.00033187754948755535
smaller_dt,400,0.025,0.4,0.525,0,4000,0.1408474207365272,0.06295307130355618,0.0908695652173913,0.3007297362934289,0,0.9130434782608695,0.04,0.3526086956521739,0.0010460165002145131
smaller_dt,400,0.025,0.4,0.525,1,4001,0.09081172280159536,0.044922617846110534,0.04608695652173913,0.21173689847944258,0,0.9543478260869566,0.026956521739130435,0.53,0.0002605684801957714
smaller_dt,400,0.025,0.4,0.525,2,4002,0.09217989021675722,0.04603777723924271,0.050434782608695654,0.2304528294819942,0,0.9521739130434783,0.03,0.6147826086956522,0.0003306497228871266
smaller_dt,400,0.025,0.4,0.525,3,4003,0.12198806596560016,0.055972972861346976,0.05565217391304348,0.22924879378482202,0,0.9443478260869566,0.03130434782608696,0.44869565217391305,0.0003993869472612029
smaller_dt,400,0.025,0.4,0.525,4,4004,0.07575753327735198,0.03452311567230277,0.04391304347826087,0.21117145579578495,0,0.957391304347826,0.023043478260869565,0.5439130434782609,0.0002073392417771936
smaller_dt,400,0.025,0.4,0.525,5,4005,0.12673565784910515,0.06407711155021419,0.0791304347826087,0.2886236159471703,0,0.9260869565217391,0.044782608695652176,0.49391304347826087,0.0009553496461411695
smaller_dt,400,0.025,0.4,0.525,6,4006,0.09995703177205129,0.04093099365893015,0.034782608695652174,0.19248646627111873,0,0.9669565217391304,0.021739130434782608,0.7643478260869565,0.00013827005774610335
smaller_dt,400,0.025,0.4,0.525,7,4007,0.17670600312481305,0.05198543704525595,0.10565217391304348,0.3357836530054864,0,0.9034782608695652,0.056956521739130433,0.2917391304347826,0.0018459849467214922
smaller_dt,400,0.025,0.4,0.525,8,4008,0.14718190769986148,0.037405897567327435,0.06,0.23748684174075838,0,0.94,0.0391304347826087,0.49130434782608695,0.0005575778165970785
smaller_dt,400,0.025,0.4,0.525,9,4009,0.10514818748580544,0.049377096564675683,0.04434782608695652,0.21004815362935278,0,0.9565217391304348,0.026956521739130435,0.6517391304347826,0.0002461812099835655
smaller_dt,400,0.025,0.4,0.55,0,4000,0.18981995643071845,0.05280647892852111,0.12173913043478261,0.35010125459473734,0,0.8860869565217391,0.06478260869565218,0.19521739130434781,0.0025836016990246464
smaller_dt,400,0.025,0.4,0.55,1,4001,0.10042032398966542,0.04562292986743475,0.057391304347826085,0.24354657426748813,0,0.9452173913043478,0.03173913043478261,0.38,0.0004234671948378365
smaller_dt,400,0.025,0.4,0.55,2,4002,0.10223201170259283,0.04604817864434534,0.052608695652173916,0.22711263995809094,0,0.9482608695652174,0.03173913043478261,0.5256521739130435,0.0003729541711676117
smaller_dt,400,0.025,0.4,0.55,3,4003,0.13213107802975865,0.05509012820910044,0.07260869565217391,0.2725677800236014,0,0.9308695652173913,0.036521739130434785,0.2756521739130435,0.000688169257027081
smaller_dt,400,0.025,0.4,0.55,4,4004,0.12636162644438242,0.030918895449154295,0.049130434782608694,0.2220930679081507,0,0.9521739130434783,0.03173913043478261,0.5421739130434783,0.00033712805132173805
smaller_dt,400,0.025,0.4,0.55,5,4005,0.17210128112742046,0.06408039580992228,0.11652173913043479,0.330199000546932,0,0.8865217391304347,0.05173913043478261,0.30782608695652175,0.0019386863811352785
smaller_dt,400,0.025,0.4,0.55,6,4006,0.10603952700996895,0.04627061146677654,0.04652173913043478,0.21266648098867358,0,0.9539130434782609,0.029130434782608697,0.5278260869565218,0.00028551179580900703
smaller_dt,400,0.025,0.4,0.55,7,4007,0.2074484216238412,0.03849485598018655,0.15695652173913044,0.39471436874308174,0,0.8547826086956521,0.07304347826086957,0.10869565217391304,0.004186807743314062
smaller_dt,400,0.025,0.4,0.55,8,4008,0.19953063635023816,0.059250845284854574,0.17521739130434782,0.4365812795008348,0,0.8469565217391304,0.08434782608695653,0.15260869565217391,0.005635777460871309
smaller_dt,400,0.025,0.4,0.55,9,4009,0.11788802639235071,0.05520866648934503,0.09478260869565218,0.32792986478709385,0,0.9160869565217391,0.04565217391304348,0.5126086956521739,0.0012562379688995323
smaller_dt,400,0.025,0.4,0.575,0,4000,0.21422024466692274,0.07324610605674362,0.21391304347826087,0.44367770451313143,0,0.8,0.09521739130434782,0.20043478260869566,0.008449166809463868
smaller_dt,400,0.025,0.4,0.575,1,4001,0.11050381502402501,0.04524400737906163,0.06173913043478261,0.24068113803939747,0,0.9382608695652174,0.04,0.4369565217391304,0.0005943777818436956
smaller_dt,400,0.025,0.4,0.575,2,4002,0.28673941751367,0.06010050929691671,0.37565217391304345,0.6127048093208012,0,0.6856521739130435,0.15217391304347827,0.08652173913043479,0.029309064842626766
smaller_dt,400,0.025,0.4,0.575,3,4003,0.14246047626184205,0.05839537723365169,0.06869565217391305,0.2646951379758475,0,0.9343478260869565,0.03782608695652174,0.38217391304347825,0.0006573346161658466
smaller_dt,400,0.025,0.4,0.575,4,4004,0.1478162412705466,0.03523639297792483,0.10565217391304348,0.317138374502725,0,0.8973913043478261,0.058695652173913045,0.29478260869565215,0.0019100243447636156
smaller_dt,400,0.025,0.4,0.575,5,4005,0.182540653522185,0.0636000668461331,0.10086956521739131,0.3124922683353561,0,0.9026086956521739,0.06130434782608696,0.2991304347826087,0.001865738367504707
smaller_dt,400,0.025,0.4,0.575,6,4006,0.11219009961856619,0.0564550974662407,0.052608695652173916,0.2232510264118641,0,0.947391304347826,0.029565217391304348,0.5278260869565218,0.00034724187286343667
smaller_dt,400,0.025,0.4,0.575,7,4007,0.19782039618939048,0.05474583157448593,0.11478260869565217,0.3398832224675614,0,0.8917391304347826,0.06217391304347826,0.1691304347826087,0.002287754649726575
smaller_dt,400,0.025,0.4,0.575,8,4008,0.2024239318142087,0.05841073859229957,0.14652173913043479,0.39099770593847394,0,0.8673913043478261,0.07391304347826087,0.20173913043478262,0.003832368870925287
smaller_dt,400,0.025,0.4,0.575,9,4009,0.13264502225718755,0.08274920595369475,0.08565217391304347,0.284472449754255,0,0.9156521739130434,0.043478260869565216,0.548695652173913,0.0010432449247947367
smaller_dt,400,0.025,0.4,0.6,0,4000,0.1652957669027078,0.0581560582028033,0.10565217391304348,0.317138374502725,0,0.8973913043478261,0.05782608695652174,0.31565217391304345,0.0018817276882862458
smaller_dt,400,0.025,0.4,0.6,1,4001,0.112629141580663,0.041723636413509756,0.05,0.23148856671926393,0,0.9530434782608695,0.03217391304347826,0.4717391304347826,0.0003497271611951074
smaller_dt,400,0.025,0.4,0.6,2,4002,0.3499823679347092,0.05377864322147417,0.6478260869565218,0.8072333670535975,0,0.5230434782608696,0.22043478260869565,0.08652173913043479,0.08487074648227472
smaller_dt,400,0.025,0.4,0.6,3,4003,0.13553169593609785,0.05684217695281619,0.07,0.25514701644346144,0,0.93,0.0391304347826087,0.4482608695652174,0.0006988809759445546
smaller_dt,400,0.025,0.4,0.6,4,4004,0.23713119360660634,0.06936857231147343,0.2956521739130435,0.5536269823073585,0,0.7491304347826087,0.12565217391304348,0.1408695652173913,0.01745159941690309
smaller_dt,400,0.025,0.4,0.6,5,4005,0.2226142347267637,0.06387377491662906,0.20869565217391303,0.4808624891373388,0,0.8226086956521739,0.09478260869565218,0.24565217391304348,0.00808503472307615
smaller_dt,400,0.025,0.4,0.6,6,4006,0.1129157271607998,0.06652873427620476,0.07347826086956522,0.26912270832485663,0,0.928695652173913,0.04782608695652174,0.3708695652173913,0.0009177644158210775
smaller_dt,400,0.025,0.4,0.6,7,4007,0.30363099281865863,0.03019916875540814,0.36826086956521736,0.5812591442864664,0,0.6826086956521739,0.1565217391304348,0.08652173913043479,0.028876163344880437
smaller_dt,400,0.025,0.4,0.6,8,4008,0.26919390271699045,0.03931140791496833,0.2465217391304348,0.5078608907073067,0,0.7813043478260869,0.11608695652173913,0.08782608695652173,0.01289342647834145
smaller_dt,400,0.025,0.4,0.6,9,4009,0.1837923203908711,0.07020283972428168,0.14782608695652175,0.40418416510233385,0,0.8691304347826087,0.06652173913043478,0.31043478260869567,0.00351869444901219
smaller_dt,400,0.025,0.4,0.625,0,4000,0.31776549194413956,0.09448916347599162,0.7704347826086957,0.9611563608979123,0,0.5060869565217392,0.2373913043478261,0.09347826086956522,0.1126962197157665
smaller_dt,400,0.025,0.4,0.625,1,4001,0.11134835081389467,0.044372278735609956,0.058260869565217394,0.23423607886643363,0,0.9417391304347826,0.030434782608695653,0.5869565217391305,0.00041533733307347944
smaller_dt,400,0.025,0.4,0.625,2,4002,0.45071997886072357,0.06876139512148852,1.6817391304347826,1.3395380520226499,1,0.27956521739130435,0.37478260869565216,0.08652173913043479,0.361683884518494
smaller_dt,400,0.025,0.4,0.625,3,4003,0.12429356283438213,0.07211518314606145,0.09347826086956522,0.29701571757052175,0,0.9082608695652173,0.04608695652173913,0.3417391304347826,0.0012557757435395123
smaller_dt,400,0.025,0.4,0.625,4,4004,0.40389543970049624,0.04658777315491689,1.0556521739130436,0.9844169587030847,1,0.3691304347826087,0.3143478260869565,0.08652173913043479,0.19522216548257385
smaller_dt,400,0.025,0.4,0.625,5,4005,0.2636830943347743,0.06050005169319332,0.26869565217391306,0.5299491718681191,0,0.7695652173913043,0.1308695652173913,0.12956521739130436,0.015981624203048973
smaller_dt,400,0.025,0.4,0.625,6,4006,0.10142279920611941,0.058532385901921585,0.050434782608695654,0.22277846787042024,0,0.9504347826086956,0.026956521739130435,0.4682608695652174,0.0002976556274708214
smaller_dt,400,0.025,0.4,0.625,7,4007,0.4145586346472238,0.040497154700978505,1.278695652173913,1.0438965647070515,1,0.37434782608695655,0.33217391304347826,0.08652173913043479,0.21694814954776143
smaller_dt,400,0.025,0.4,0.625,8,4008,0.32553128215247973,0.03521122103921328,0.4752173913043478,0.6768171647351677,0,0.6217391304347826,0.19130434782608696,0.08652173913043479,0.04897648620320102
smaller_dt,400,0.025,0.4,0.625,9,4009,0.3203092933751928,0.055279440754912035,0.5830434782608696,0.7298417623770518,0,0.54,0.21608695652173912,0.08652173913043479,0.07254627151600615
smaller_dt,400,0.025,0.4,0.65,0,4000,0.4390578894881628,0.06355649292280166,1.69,1.2179758689692108,1,0.3108695652173913,0.41,0.08652173913043479,0.34413113929571015
smaller_dt,400,0.025,0.4,0.65,1,4001,0.11396517530033821,0.05348122493251112,0.05,0.21794494717703364,0,0.95,0.030434782608695653,0.5656521739130435,0.00033165536529708147
smaller_dt,400,0.025,0.4,0.65,2,4002,0.4838215496053234,0.054150126919213906,1.9995652173913043,1.379823486697608,2,0.25,0.4282608695652174,0.08652173913043479,0.4431933057295885
smaller_dt,400,0.025,0.4,0.65,3,4003,0.163415409388216,0.08990738098986602,0.17217391304347826,0.4353005610493806,0,0.8504347826086956,0.07173913043478261,0.29391304347826086,0.004670635196516568
smaller_dt,400,0.025,0.4,0.65,4,4004,0.4455980175981213,0.03624755494734213,1.654782608695652,1.159440905613816,1,0.35043478260869565,0.3865217391304348,0.08652173913043479,0.2911020782286485
smaller_dt,400,0.025,0.4,0.65,5,4005,0.32907592126184126,0.03927142019834953,0.6226086956521739,0.7841983854551555,0,0.5330434782608696,0.23043478260869565,0.08652173913043479,0.08438211850773354
smaller_dt,400,0.025,0.4,0.65,6,4006,0.11479147703830128,0.06856859208825594,0.06478260869565218,0.25821072562536457,0,0.9382608695652174,0.03782608695652174,0.63,0.000603012360814249
smaller_dt,400,0.025,0.4,0.65,7,4007,0.4776654226750794,0.028143414344966925,1.904782608695652,1.145909054609777,2,0.32304347826086954,0.41782608695652174,0.08652173913043479,0.32412048518109043
smaller_dt,400,0.025,0.4,0.65,8,4008,0.38860600447996857,0.0333678041556312,0.9534782608695652,0.9198350924777209,1,0.37521739130434784,0.3130434782608696,0.08652173913043479,0.17990513858625637
smaller_dt,400,0.025,0.4,0.65,9,4009,0.41689031559804063,0.05147138808184528,1.2847826086956522,1.1229749680326706,1,0.3473913043478261,0.3352173913043478,0.08652173913043479,0.24566850058733142
smaller_dt,400,0.025,0.4,0.675,0,4000,0.5499686354073303,0.050950180512267,3.4095652173913042,1.6553194313061559,3,0.23608695652173914,0.5008695652173913,0.08652173913043479,0.6333596363131521
smaller_dt,400,0.025,0.4,0.675,1,4001,0.12474737325581556,0.04212148332125464,0.06521739130434782,0.2538549665564348,0,0.9365217391304348,0.03869565217391304,0.4017391304347826,0.0006235522723400398
smaller_dt,400,0.025,0.4,0.675,2,4002,0.5354180794685826,0.055416426704152824,2.6917391304347826,1.4838907500331775,3,0.2565217391304348,0.4691304347826087,0.08652173913043479,0.517563703178612
smaller_dt,400,0.025,0.4,0.675,3,4003,0.2272633759889102,0.0921132030582017,0.3091304347826087,0.5887378765924557,0,0.7473913043478261,0.1126086956521739,0.28652173913043477,0.01674719994678385
smaller_dt,400,0.025,0.4,0.675,4,4004,0.5288263822230079,0.026066117232807162,2.867391304347826,1.3712188085035701,3,0.27869565217391307,0.4865217391304348,0.08652173913043479,0.48120215442971004
smaller_dt,400,0.025,0.4,0.675,5,4005,0.38031111449747135,0.04987198309576924,0.8934782608695652,0.9589174543776012,0,0.4152173913043478,0.2782608695652174,0.08652173913043479,0.1560370789592912
smaller_dt,400,0.025,0.4,0.675,6,4006,0.13448067752665843,0.05121062725158169,0.08826086956521739,0.291236526822728,0,0.9139130434782609,0.04608695652173913,0.3726086956521739,0.0011554768161785502
smaller_dt,400,0.025,0.4,0.675,7,4007,0.5250118904780654,0.020156302061872213,2.696086956521739,1.2901912198363896,2,0.28347826086956524,0.4591304347826087,0.08652173913043479,0.4244431573680476
smaller_dt,400,0.025,0.4,0.675,8,4008,0.4657514565815011,0.03546023809269579,1.7095652173913043,1.2161931992576693,1,0.2991304347826087,0.40652173913043477,0.08652173913043479,0.346516203836352
smaller_dt,400,0.025,0.4,0.675,9,4009,0.49285768912258043,0.04865185814471964,2.2782608695652176,1.5379140366486626,2,0.2782608695652174,0.42782608695652175,0.08652173913043479,0.4748752948762094
smaller_dt,400,0.025,0.4,0.7,0,4000,0.6163329852854763,0.05109151803437389,4.747391304347826,1.7565076947350717,5,0.24869565217391304,0.5517391304347826,0.08652173913043479,0.7281146102537545
smaller_dt,400,0.025,0.4,0.7,1,4001,0.13593558278678827,0.07922368185552954,0.12956521739130436,0.3795819011224525,0,0.8856521739130435,0.05956521739130435,0.5121739130434783,0.002585390493185666
smaller_dt,400,0.025,0.4,0.7,2,4002,0.5924376573840929,0.03996985775064812,4.241304347826087,1.5527081652721595,4,0.25608695652173913,0.5334782608695652,0.08652173913043479,0.616209994358837
smaller_dt,400,0.025,0.4,0.7,3,4003,0.3492125543898187,0.04506293848639846,0.8534782608695652,0.8621565917267262,0,0.3991304347826087,0.27608695652173915,0.08652173913043479,0.14302509696447527
smaller_dt,400,0.025,0.4,0.7,4,4004,0.556132057955197,0.04054544920961228,3.7134782608695653,1.5171744581569822,4,0.24913043478260868,0.5,0.08652173913043479,0.5696000640168323
smaller_dt,400,0.025,0.4,0.7,5,4005,0.437083870602059,0.03890723792421137,1.4082608695652175,1.0902020242533952,1,0.3508695652173913,0.3617391304347826,0.08652173913043479,0.2559967473388715
smaller_dt,400,0.025,0.4,0.7,6,4006,0.15329188732077978,0.07947508283317331,0.14391304347826087,0.4166975665921037,0,0.8773913043478261,0.06347826086956522,0.3630434782608696,0.0032431516979206307
smaller_dt,400,0.025,0.4,0.7,7,4007,0.5706983962313377,0.020152936553263688,3.3156521739130436,1.3404795575593105,3,0.2882608695652174,0.4930434782608696,0.08652173913043479,0.4703988573835022
smaller_dt,400,0.025,0.4,0.7,8,4008,0.5180082424367085,0.03538876807172209,2.5469565217391303,1.4002994548763603,2,0.28347826086956524,0.47608695652173916,0.08652173913043479,0.4776794687333422
smaller_dt,400,0.025,0.4,0.7,9,4009,0.5392121681350068,0.027462616596541846,3.2469565217391305,1.4172429903731452,3,0.2708695652173913,0.5221739130434783,0.08652173913043479,0.5395910237784917
smaller_dt,400,0.025,0.4,0.725,0,4000,0.6746796540390434,0.015899421105502,6.008695652173913,1.4811608383668302,6,0.28043478260869564,0.578695652173913,0.08652173913043479,0.616769093798995
smaller_dt,400,0.025,0.4,0.725,1,4001,0.39472229024609445,0.030020025496575127,1.2708695652173914,0.9736190355909381,1,0.41,0.3456521739130435,0.08652173913043479,0.19855478694136117
smaller_dt,400,0.025,0.4,0.725,2,4002,0.6401621280338136,0.030441557625238494,5.153043478260869,1.5756473749806947,5,0.26608695652173914,0.5495652173913044,0.08652173913043479,0.6355107119266735
smaller_dt,400,0.025,0.4,0.725,3,4003,0.5215870459264368,0.07731619601863539,3.2582608695652175,1.8392570621429518,3,0.21217391304347827,0.46260869565217394,0.08652173913043479,0.6703267991022515
smaller_dt,400,0.025,0.4,0.725,4,4004,0.6264994481055124,0.020834127604211508,5.126086956521739,1.5675284870317203,5,0.2417391304347826,0.5152173913043478,0.08652173913043479,0.6123850810447836
smaller_dt,400,0.025,0.4,0.725,5,4005,0.5051619264493098,0.03475087692690409,2.507391304347826,1.4453635540592018,2,0.2682608695652174,0.4721739130434783,0.08652173913043479,0.4993848576869406
smaller_dt,400,0.025,0.4,0.725,6,4006,0.32523211041684214,0.06562119877581289,0.8234782608695652,1.0022436078755554,0,0.47782608695652173,0.2665217391304348,0.08652173913043479,0.13948294443353193
smaller_dt,400,0.025,0.4,0.725,7,4007,0.613240640673249,0.02292420038166759,4.48,1.4770829066249052,4,0.2743478260869565,0.5226086956521739,0.08652173913043479,0.5601573069566639
smaller_dt,400,0.025,0.4,0.725,8,4008,0.5832623896440249,0.020343327574089964,3.8591304347826085,1.3806674915116972,4,0.29869565217391303,0.5330434782608696,0.08652173913043479,0.5161290047166724
smaller_dt,400,0.025,0.4,0.725,9,4009,0.6329128678161523,0.021919293606772895,5.514782608695652,1.3854048837330752,5,0.28130434782608693,0.55,0.08652173913043479,0.5476264575373911
smaller_dt,400,0.025,0.4,0.75,0,4000,0.7018544778936201,0.019486025625117982,6.484347826086957,1.5065706121691727,6,0.26130434782608697,0.5547826086956522,0.08652173913043479,0.6174159912482925
smaller_dt,400,0.025,0.4,0.75,1,4001,0.5369467405023326,0.07217259912498417,3.364782608695652,1.913220298152505,2,0.20130434782608694,0.5069565217391304,0.08652173913043479,0.774670495264446
smaller_dt,400,0.025,0.4,0.75,2,4002,0.684278020174098,0.021582285857316693,6.268260869565218,1.5190791036846691,6,0.25217391304347825,0.5408695652173913,0.08652173913043479,0.6144316035125689
smaller_dt,400,0.025,0.4,0.75,3,4003,0.6211979672619128,0.09164149624760945,5.54,2.305128497785828,6,0.20043478260869566,0.5169565217391304,0.08652173913043479,0.9528028609228841
smaller_dt,400,0.025,0.4,0.75,4,4004,0.6764206043267159,0.016758841881939622,6.126956521739131,1.451974472115422,6,0.2408695652173913,0.5217391304347826,0.08652173913043479,0.57508070317714
smaller_dt,400,0.025,0.4,0.75,5,4005,0.5517519512622435,0.025089836886451174,3.5343478260869565,1.4791722893651398,3,0.25565217391304346,0.5047826086956522,0.08652173913043479,0.5557750816029868
smaller_dt,400,0.025,0.4,0.75,6,4006,0.5502958886322585,0.029145096701289137,3.6478260869565218,1.526966178042162,3,0.24391304347826087,0.52,0.08652173913043479,0.600349990493635
smaller_dt,400,0.025,0.4,0.75,7,4007,0.648880125451894,0.017181324616779698,5.364782608695652,1.5124048502308798,5,0.25782608695652176,0.5273913043478261,0.08652173913043479,0.5919795609040189
smaller_dt,400,0.025,0.4,0.75,8,4008,0.6298154196447961,0.0197242704874712,4.790869565217391,1.5246394100943523,5,0.2408695652173913,0.5465217391304348,0.08652173913043479,0.6325443594562843
smaller_dt,400,0.025,0.4,0.75,9,4009,0.6911175687368215,0.017323493771209012,6.677391304347826,1.4605871880300159,6,0.2682608695652174,0.551304347826087,0.08652173913043479,0.5892168867194922
smaller_dt,400,0.025,0.4,0.775,0,4000,0.7312135647096435,0.01691026638552758,7.346086956521739,1.5195129057363854,7,0.2678260869565217,0.5421739130434783,0.08652173913043479,0.6031943465521151
smaller_dt,400,0.025,0.4,0.775,1,4001,0.6227796966874346,0.048669376712299046,4.968260869565217,1.720804039001165,5,0.22,0.5239130434782608,0.08652173913043479,0.7032103127583988
smaller_dt,400,0.025,0.4,0.775,2,4002,0.718798792243493,0.016409227380775333,6.8334782608695654,1.4520184113566585,7,0.2643478260869565,0.5152173913043478,0.08652173913043479,0.5503451721718341
smaller_dt,400,0.025,0.4,0.775,3,4003,0.687891276364956,0.045379483515840625,6.687391304347826,1.7123889170987552,7,0.23478260869565218,0.5073913043478261,0.08652173913043479,0.6648600853571315
smaller_dt,400,0.025,0.4,0.775,4,4004,0.7079580861158998,0.017444129609122772,6.707391304347826,1.6189199765149507,7,0.26,0.48478260869565215,0.08652173913043479,0.5807699458164729
smaller_dt,400,0.025,0.4,0.775,5,4005,0.6251398128358847,0.019471666544692876,5.177826086956522,1.392256399804911,5,0.28130434782608693,0.55,0.08652173913043479,0.5503347426887107
smaller_dt,400,0.025,0.4,0.775,6,4006,0.613354579309769,0.03310049500274538,4.78695652173913,1.6351583749451057,4,0.22217391304347825,0.5147826086956522,0.08652173913043479,0.6547359608196428
smaller_dt,400,0.025,0.4,0.775,7,4007,0.6849667688896711,0.017598269704641893,6.019565217391304,1.5208864070462318,6,0.2569565217391304,0.48695652173913045,0.08652173913043479,0.5503021285401134
smaller_dt,400,0.025,0.4,0.775,8,4008,0.6583943978298715,0.02024742094734568,5.434347826086957,1.4933310477410722,5,0.2634782608695652,0.5378260869565218,0.08652173913043479,0.5915391990693163
smaller_dt,400,0.025,0.4,0.775,9,4009,0.7212118145653115,0.015659665142860112,7.2013043478260865,1.581385755396956,7,0.25869565217391305,0.53,0.08652173913043479,0.6213127132872704
smaller_dt,400,0.025,0.4,0.8,0,4000,0.7522622859267172,0.016399779318479857,7.561739130434782,1.5579017443313132,8,0.24782608695652175,0.5260869565217391,0.08652173913043479,0.616475562874788
smaller_dt,400,0.025,0.4,0.8,1,4001,0.677084410597594,0.04699192815696489,6.31,1.7817883053879862,7,0.2273913043478261,0.5382608695652173,0.08652173913043479,0.7409834455200978
smaller_dt,400,0.025,0.4,0.8,2,4002,0.7447895428747748,0.01620689020996648,7.4308695652173915,1.6162232224312019,7,0.23217391304347826,0.5130434782608696,0.08652173913043479,0.636675851668187
smaller_dt,400,0.025,0.4,0.8,3,4003,0.7408455977098742,0.01273535623976149,6.883478260869565,1.3565897418852466,7,0.28956521739130436,0.4330434782608696,0.08652173913043479,0.41735368105592946
smaller_dt,400,0.025,0.4,0.8,4,4004,0.7461924689688426,0.013870609837993087,6.9656521739130435,1.5545566293318562,7,0.26869565217391306,0.43782608695652175,0.08652173913043479,0.4977443490177493
smaller_dt,400,0.025,0.4,0.8,5,4005,0.6836858040661493,0.014295283325216877,6.767391304347826,1.4295871018106998,7,0.2808695652173913,0.5617391304347826,0.08652173913043479,0.5775013034443558
smaller_dt,400,0.025,0.4,0.8,6,4006,0.661509288641661,0.03706591489055695,6.0,1.6761757716275774,6,0.22391304347826088,0.5143478260869565,0.08652173913043479,0.6690935644457034
smaller_dt,400,0.025,0.4,0.8,7,4007,0.7281959455955344,0.012969399446654631,7.008260869565217,1.499977252505526,7,0.2639130434782609,0.461304347826087,0.08652173913043479,0.5093324470946352
smaller_dt,400,0.025,0.4,0.8,8,4008,0.691909294576294,0.015921601402313815,6.3621739130434785,1.4968530947108865,6,0.2543478260869565,0.5134782608695653,0.08652173913043479,0.5731093982472945
smaller_dt,400,0.025,0.4,0.8,9,4009,0.7471323911743867,0.013082432632443707,7.58304347826087,1.6107166506075559,7,0.24130434782608695,0.49521739130434783,0.08652173913043479,0.6051773041517793
smaller_dt,400,0.025,0.4,0.825,0,4000,0.7688287706751403,0.01207792375457322,7.8304347826086955,1.7562149968930083,8,0.2447826086956522,0.5108695652173914,0.08652173913043479,0.67757862198487
smaller_dt,400,0.025,0.4,0.825,1,4001,0.7213930496744033,0.03481596113767551,7.118260869565217,1.5586829785428606,7,0.2465217391304348,0.5082608695652174,0.08652173913043479,0.5969187150726332
smaller_dt,400,0.025,0.4,0.825,2,4002,0.7693046534495513,0.01342246331204359,7.489130434782608,1.6548647995307344,7,0.23391304347826086,0.48043478260869565,0.08652173913043479,0.6090809678716145
smaller_dt,400,0.025,0.4,0.825,3,4003,0.76976503509626,0.00850583463569043,7.017391304347826,1.3864725883281124,7,0.2817391304347826,0.3695652173913043,0.08652173913043479,0.3680311557274814
smaller_dt,400,0.025,0.4,0.825,4,4004,0.7750182127157895,0.010555728885711943,7.416086956521739,1.5106584775907572,7,0.27695652173913043,0.38913043478260867,0.08652173913043479,0.42503618600133025
smaller_dt,400,0.025,0.4,0.825,5,4005,0.7131459859839352,0.01286877109801905,7.4339130434782605,1.6179636668421118,7,0.22956521739130434,0.5334782608695652,0.08652173913043479,0.6649995843938815
smaller_dt,400,0.025,0.4,0.825,6,4006,0.7107539931500932,0.023079514007403962,6.9339130434782605,1.6215873573927355,7,0.2647826086956522,0.4934782608695652,0.08652173913043479,0.5883342717467591
smaller_dt,400,0.025,0.4,0.825,7,4007,0.7571055713075857,0.011198106574669775,7.274782608695652,1.4422713655451445,7,0.26,0.4160869565217391,0.08652173913043479,0.4440816252636984
smaller_dt,400,0.025,0.4,0.825,8,4008,0.7226360688261954,0.01471475487661506,6.517391304347826,1.4283320080225665,6,0.27956521739130435,0.49043478260869566,0.08652173913043479,0.5046672303044354
smaller_dt,400,0.025,0.4,0.825,9,4009,0.7750450342275043,0.01188702623291153,7.713478260869565,1.4762146323728667,8,0.2582608695652174,0.47347826086956524,0.08652173913043479,0.5184426731781066
smaller_dt,400,0.025,0.4,0.85,0,4000,0.7851297504070246,0.01026359093310009,7.464347826086956,1.565952484389242,8,0.24913043478260868,0.478695652173913,0.08652173913043479,0.5628628243393012
smaller_dt,400,0.025,0.4,0.85,1,4001,0.7602542336211443,0.011735980460748687,7.906521739130435,1.75163304846761,9,0.20608695652173914,0.5165217391304348,0.08652173913043479,0.718298026427356
smaller_dt,400,0.025,0.4,0.85,2,4002,0.7888674117712229,0.009762156604527327,7.478695652173913,1.3638111699837336,8,0.2756521739130435,0.4308695652173913,0.08652173913043479,0.4256446937119122
smaller_dt,400,0.025,0.4,0.85,3,4003,0.7954335690197588,0.009377155918945957,6.9195652173913045,1.5972965700530424,7,0.25217391304347825,0.3339130434782609,0.08652173913043479,0.39885914621855817
smaller_dt,400,0.025,0.4,0.85,4,4004,0.7995182227040343,0.009449156750643797,6.960434782608695,1.6833454740121312,8,0.22869565217391305,0.3247826086956522,0.08652173913043479,0.42168854355932595
smaller_dt,400,0.025,0.4,0.85,5,4005,0.74099491753366,0.011963399781162728,7.2208695652173915,1.4779242583507284,8,0.2382608695652174,0.4678260869565217,0.08652173913043479,0.5266752131254888
smaller_dt,400,0.025,0.4,0.85,6,4006,0.7515594032965313,0.011734199924252424,7.53695652173913,1.6287977288748599,7,0.2326086956521739,0.45217391304347826,0.08652173913043479,0.5651835761313417
smaller_dt,400,0.025,0.4,0.85,7,4007,0.7893066338783704,0.009716297132868047,6.973913043478261,1.5732042602956795,7,0.26,0.31956521739130433,0.08652173913043479,0.37202860863148424
smaller_dt,400,0.025,0.4,0.85,8,4008,0.7508192829764787,0.010917386394223124,7.159130434782608,1.4073963412087005,7,0.288695652173913,0.4356521739130435,0.08652173913043479,0.4361257883443516
smaller_dt,400,0.025,0.4,0.85,9,4009,0.7950257922356748,0.008782702863244462,7.466956521739131,1.6930148944685186,7,0.23130434782608697,0.42130434782608694,0.08652173913043479,0.5482910359109237
smaller_dt,400,0.025,0.4,0.875,0,4000,0.8002561409996459,0.009533673093776469,7.990434782608696,1.6434044151801614,8,0.26,0.46695652173913044,0.08652173913043479,0.5678748242633302
smaller_dt,400,0.025,0.4,0.875,1,4001,0.786072017217887,0.008178404128781463,7.559130434782609,1.5403215729853812,7,0.25521739130434784,0.42086956521739133,0.08652173913043479,0.4828235525988478
smaller_dt,400,0.025,0.4,0.875,2,4002,0.8074447007955532,0.010950453696350658,7.925217391304348,1.4153102888096962,8,0.2826086956521739,0.4152173913043478,0.08652173913043479,0.42158321228033685
smaller_dt,400,0.025,0.4,0.875,3,4003,0.8189044067965968,0.008013316911180138,7.086956521739131,1.6958528309368703,7,0.24739130434782608,0.27695652173913043,0.08652173913043479,0.35348337301053806
smaller_dt,400,0.025,0.4,0.875,4,4004,0.8228379279869814,0.008131881211979906,7.898260869565218,1.7255362170336779,8,0.23782608695652174,0.3217391304347826,0.08652173913043479,0.42313801482374613
smaller_dt,400,0.025,0.4,0.875,5,4005,0.7682078033977328,0.01208742821221173,7.469130434782609,1.4721779578259238,8,0.24521739130434783,0.4365217391304348,0.08652173913043479,0.48505174752420777
smaller_dt,400,0.025,0.4,0.875,6,4006,0.7728876832432877,0.011232207444401862,7.654347826086957,1.5562226455412074,8,0.27869565217391307,0.4221739130434783,0.08652173913043479,0.47389450797567284
smaller_dt,400,0.025,0.4,0.875,7,4007,0.8120491845635639,0.008082443732262802,6.788260869565217,1.4876130638036371,7,0.2665217391304348,0.27391304347826084,0.08652173913043479,0.2988752450119529
smaller_dt,400,0.025,0.4,0.875,8,4008,0.7775629499290079,0.012646424608555536,7.059130434782609,1.409279535462615,7,0.26217391304347826,0.3560869565217391,0.08652173913043479,0.3702603597176798
smaller_dt,400,0.025,0.4,0.875,9,4009,0.813736764047738,0.007872311290011645,7.704782608695652,1.4976136657601171,8,0.25565217391304346,0.3804347826086957,0.08652173913043479,0.4240879541031492
smaller_dt,400,0.025,0.4,0.9,0,4000,0.8140940512004645,0.008516382559437274,7.885217391304348,1.6043009301499986,8,0.22956521739130434,0.41739130434782606,0.08652173913043479,0.515899509420653
smaller_dt,400,0.025,0.4,0.9,1,4001,0.8009148559535425,0.009233102025166558,7.898260869565218,1.6127471894765346,8,0.2447826086956522,0.4156521739130435,0.08652173913043479,0.5062538435475452
smaller_dt,400,0.025,0.4,0.9,2,4002,0.8212801113727918,0.010537369734153682,7.7269565217391305,1.6803892788709476,8,0.2565217391304348,0.3760869565217391,0.08652173913043479,0.4698578087808947
smaller_dt,400,0.025,0.4,0.9,3,4003,0.837569043581869,0.006131360397133839,6.590434782608695,1.6431927518278966,6,0.23652173913043478,0.23043478260869565,0.08652173913043479,0.2890901014948419
smaller_dt,400,0.025,0.4,0.9,4,4004,0.836677323113236,0.007579216693738405,7.556956521739131,1.500078069802017,8,0.2665217391304348,0.2817391304347826,0.08652173913043479,0.3099904253032784
smaller_dt,400,0.025,0.4,0.9,5,4005,0.786460559030286,0.014586994482386713,7.539565217391305,1.84619462505251,8,0.21043478260869566,0.43782608695652175,0.08652173913043479,0.638215174457507
smaller_dt,400,0.025,0.4,0.9,6,4006,0.7906150948510923,0.010949027479829577,7.2043478260869565,1.5136992581865145,7,0.25043478260869567,0.3847826086956522,0.08652173913043479,0.4365806261224221
smaller_dt,400,0.025,0.4,0.9,7,4007,0.8319894421019224,0.006674556564076159,6.647826086956521,1.5801402153571802,7,0.23956521739130435,0.22260869565217392,0.08652173913043479,0.26748518100684326
smaller_dt,400,0.025,0.4,0.9,8,4008,0.7966021119788503,0.00820392164934455,7.1173913043478265,1.6432079372805433,7,0.27217391304347827,0.3343478260869565,0.08652173913043479,0.399869838040746
smaller_dt,400,0.025,0.4,0.9,9,4009,0.8293069897371906,0.007006303871593463,6.994782608695652,1.4791209773999214,7,0.28391304347826085,0.3173913043478261,0.08652173913043479,0.3361742812742453
smaller_dt,400,0.025,0.4,0.925,0,4000,0.82872206694859,0.006982653112070621,7.147826086956521,1.5288158433237575,7,0.23347826086956522,0.3473913043478261,0.08652173913043479,0.4070976501495734
smaller_dt,400,0.025,0.4,0.925,1,4001,0.8195845303589933,0.00882303907600177,7.673913043478261,1.493963910659025,8,0.27304347826086955,0.35434782608695653,0.08652173913043479,0.3848383265637105
smaller_dt,400,0.025,0.4,0.925,2,4002,0.8321829564582289,0.008545908299478572,7.533913043478261,1.7428555756734276,8,0.22478260869565217,0.3408695652173913,0.08652173913043479,0.46054612786862803
smaller_dt,400,0.025,0.4,0.925,3,4003,0.8538606640841759,0.005626944572863476,5.699130434782608,1.3535457880611472,5,0.32217391304347825,0.1656521739130435,0.08652173913043479,0.15198067646506264
smaller_dt,400,0.025,0.4,0.925,4,4004,0.8511523118817288,0.005910100451989026,6.93304347826087,1.635700713515953,7,0.25956521739130434,0.21565217391304348,0.08652173913043479,0.2611827543866237
smaller_dt,400,0.025,0.4,0.925,5,4005,0.8050387612569125,0.01051078897745354,7.523913043478261,1.8360738810806032,7,0.2373913043478261,0.34695652173913044,0.08652173913043479,0.48581057280993595
smaller_dt,400,0.025,0.4,0.925,6,4006,0.8059316341202699,0.00796797176372079,7.297826086956522,1.6369363125953873,7,0.2647826086956522,0.35347826086956524,0.08652173913043479,0.4254125181484614
smaller_dt,400,0.025,0.4,0.925,7,4007,0.8493689173611174,0.005931762133538945,6.3304347826086955,1.6039176989101176,5,0.23652173913043478,0.16695652173913045,0.08652173913043479,0.20444766096858047
smaller_dt,400,0.025,0.4,0.925,8,4008,0.8189552029830967,0.008510254739473309,6.101739130434782,1.6197413968953918,7,0.21956521739130436,0.23565217391304347,0.08652173913043479,0.2978885093218639
smaller_dt,400,0.025,0.4,0.925,9,4009,0.8434058832595973,0.006753714904313228,6.608695652173913,1.5539327509029863,6,0.2543478260869565,0.28608695652173916,0.08652173913043479,0.33148705057485467
smaller_dt,400,0.025,0.4,0.95,0,4000,0.840565409013249,0.006208091627542392,7.000869565217391,1.4975339527064173,7,0.26217391304347826,0.31,0.08652173913043479,0.3425250821919914
smaller_dt,400,0.025,0.4,0.95,1,4001,0.83449986182257,0.007094505581309978,8.341739130434783,1.559179416772233,9,0.24956521739130436,0.3617391304347826,0.08652173913043479,0.42325738041888356
smaller_dt,400,0.025,0.4,0.95,2,4002,0.8459406347258678,0.007912724656806657,6.769130434782609,1.5458792715206457,6,0.24043478260869566,0.26608695652173914,0.08652173913043479,0.3124382744173152
smaller_dt,400,0.025,0.4,0.95,3,4003,0.866811523151546,0.004041800744255111,5.344347826086956,1.3043866660883907,5,0.2982608695652174,0.14,0.08652173913043479,0.1281474839889621
smaller_dt,400,0.025,0.4,0.95,4,4004,0.8620756366048192,0.005288438984370712,6.7669565217391305,1.3304279624718627,6,0.3,0.20652173913043478,0.08652173913043479,0.19233360854951448
smaller_dt,400,0.025,0.4,0.95,5,4005,0.821894436498629,0.009571777101950686,6.85,1.888091974546745,7,0.25173913043478263,0.27869565217391307,0.08652173913043479,0.39373713387648324
smaller_dt,400,0.025,0.4,0.95,6,4006,0.8228808191470989,0.0069791623162682205,7.157826086956522,1.5572703446338378,7,0.26565217391304347,0.28782608695652173,0.08652173913043479,0.3291516085540313
smaller_dt,400,0.025,0.4,0.95,7,4007,0.8628306066404553,0.005696203395472149,5.486521739130435,1.7634677021380154,6,0.24521739130434783,0.11434782608695652,0.08652173913043479,0.1522009317336339
smaller_dt,400,0.025,0.4,0.95,8,4008,0.8362978544554607,0.007803399369876291,6.592173913043478,1.6412427860611396,6,0.2373913043478261,0.21956521739130436,0.08652173913043479,0.2748135404972547
smaller_dt,400,0.025,0.4,0.95,9,4009,0.8531142217489976,0.008305436931166123,7.125652173913044,1.5949221763403476,7,0.25043478260869567,0.2882608695652174,0.08652173913043479,0.3446153483832361
smaller_dt,400,0.025,0.4,0.975,0,4000,0.8516188911752015,0.005614602057698963,6.721739130434782,1.4919950232284203,6,0.23695652173913043,0.2582608695652174,0.08652173913043479,0.2940189145344744
smaller_dt,400,0.025,0.4,0.975,1,4001,0.8467443730853191,0.007677356805717623,6.677826086956522,1.5231930321638536,7,0.2756521739130435,0.2573913043478261,0.08652173913043479,0.2839853769479923
smaller_dt,400,0.025,0.4,0.975,2,4002,0.8584198644668858,0.006465603979094808,6.675217391304348,1.7705792949477137,6,0.2408695652173913,0.22782608695652173,0.08652173913043479,0.3062211883506872
smaller_dt,400,0.025,0.4,0.975,3,4003,0.8787104807618717,0.004926294617179037,4.268260869565218,1.3595848220941602,4,0.28782608695652173,0.08478260869565217,0.08652173913043479,0.08209168112423357
smaller_dt,400,0.025,0.4,0.975,4,4004,0.8730806133501171,0.005392209025019057,6.098695652173913,1.4537202779430558,6,0.26,0.15260869565217391,0.08652173913043479,0.16416926411615704
smaller_dt,400,0.025,0.4,0.975,5,4005,0.835076323539028,0.00795072543190413,6.427391304347826,1.7132316714106082,7,0.26304347826086955,0.23434782608695653,0.08652173913043479,0.2958822358862236
smaller_dt,400,0.025,0.4,0.975,6,4006,0.8384314065342401,0.006017199159001973,6.1378260869565215,1.418711774882071,6,0.2826086956521739,0.23565217391304347,0.08652173913043479,0.239840065342353
smaller_dt,400,0.025,0.4,0.975,7,4007,0.8743947853290037,0.005174078138022374,5.406521739130435,1.513547829484125,5,0.2734782608695652,0.09304347826086956,0.08652173913043479,0.10231297322373621
smaller_dt,400,0.025,0.4,0.975,8,4008,0.8500732811257742,0.007207820190168173,6.751304347826087,1.470839169961876,7,0.288695652173913,0.17652173913043478,0.08652173913043479,0.18467956817577905
smaller_dt,400,0.025,0.4,0.975,9,4009,0.8646288894884147,0.006264831508709734,6.854347826086957,1.428621488455876,7,0.27217391304347827,0.23782608695652174,0.08652173913043479,0.24728870941526995
smaller_dt,400,0.025,0.4,1.0,0,4000,0.8641230405607393,0.0041628727149135335,6.428695652173913,1.5296072367365252,7,0.2291304347826087,0.2252173913043478,0.08652173913043479,0.2655600580260349
smaller_dt,400,0.025,0.4,1.0,1,4001,0.857202944806403,0.006555326325864804,6.491739130434783,1.5512747974374048,7,0.2526086956521739,0.23652173913043478,0.08652173913043479,0.2742255038014556
smaller_dt,400,0.025,0.4,1.0,2,4002,0.8670381754519789,0.005967084739271669,6.7556521739130435,1.5773776424316088,6,0.28608695652173916,0.20130434782608694,0.08652173913043479,0.22669093555863612
smaller_dt,400,0.025,0.4,1.0,3,4003,0.8883288864292452,0.0042711908387884695,4.545217391304348,1.2294037776065252,5,0.30695652173913046,0.0808695652173913,0.08652173913043479,0.06890331835673594
smaller_dt,400,0.025,0.4,1.0,4,4004,0.8820338153232862,0.004176412630669588,6.219565217391304,1.2632118424041827,6,0.3382608695652174,0.13478260869565217,0.08652173913043479,0.11266703514274874
smaller_dt,400,0.025,0.4,1.0,5,4005,0.8511550662962416,0.006657882677046729,5.95,1.6263121792410662,6,0.25173913043478263,0.1673913043478261,0.08652173913043479,0.20369944455952235
smaller_dt,400,0.025,0.4,1.0,6,4006,0.8516839715742416,0.006979675832249853,5.358695652173913,1.542594664413419,6,0.23521739130434782,0.17173913043478262,0.08652173913043479,0.20260916673887353
smaller_dt,400,0.025,0.4,1.0,7,4007,0.8832872118662337,0.004441799754599254,5.387391304347826,1.0966023312796047,5,0.3826086956521739,0.0782608695652174,0.08652173913043479,0.05298517191995655
smaller_dt,400,0.025,0.4,1.0,8,4008,0.8633099691970336,0.004905966696257267,5.177826086956522,1.2201691134455204,6,0.30782608695652175,0.11565217391304349,0.08652173913043479,0.09767626829428595
smaller_dt,400,0.025,0.4,1.0,9,4009,0.8751674703688865,0.006887090877132469,6.730434782608696,1.2494989544017392,7,0.29391304347826086,0.20956521739130435,0.08652173913043479,0.18488994370628906
smaller_dt,400,0.025,0.4,1.025,0,4000,0.8734434709922285,0.004909533059471531,6.055652173913043,1.4603270214071216,6,0.2482608695652174,0.18739130434782608,0.08652173913043479,0.2057153576243569
smaller_dt,400,0.025,0.4,1.025,1,4001,0.8671164563327833,0.004654029316131174,6.062608695652174,1.3199117802908165,6,0.29347826086956524,0.19391304347826088,0.08652173913043479,0.18083290504705854
smaller_dt,400,0.025,0.4,1.025,2,4002,0.8766586336687295,0.005110886514014491,5.711739130434783,1.4058701534881552,6,0.2908695652173913,0.13608695652173913,0.08652173913043479,0.1356712544877135
smaller_dt,400,0.025,0.4,1.025,3,4003,0.8953557227142194,0.0035751297373058212,5.0291304347826085,1.0868879108780511,5,0.3447826086956522,0.08304347826086957,0.08652173913043479,0.05913923617592963
smaller_dt,400,0.025,0.4,1.025,4,4004,0.889641179682838,0.004563752374582052,5.098695652173913,1.0935773142101153,5,0.38130434782608696,0.09434782608695652,0.08652173913043479,0.06383494064488184
smaller_dt,400,0.025,0.4,1.025,5,4005,0.8636880519453636,0.004635449470035412,6.513478260869565,1.5240937683570528,6,0.2508695652173913,0.1491304347826087,0.08652173913043479,0.17026893347965927
smaller_dt,400,0.025,0.4,1.025,6,4006,0.8657164333141784,0.006512584701015169,4.874782608695652,1.5706461411047072,5,0.22217391304347825,0.1191304347826087,0.08652173913043479,0.14554040752103775
smaller_dt,400,0.025,0.4,1.025,7,4007,0.8934301984299688,0.0029052787346958275,5.541739130434783,1.2109990563810384,6,0.31173913043478263,0.07,0.08652173913043479,0.058343829284606255
smaller_dt,400,0.025,0.4,1.025,8,4008,0.8760182166614854,0.00518766736054556,4.472173913043478,1.2865895481490697,5,0.3234782608695652,0.0808695652173913,0.08652173913043479,0.07038933937080488
smaller_dt,400,0.025,0.4,1.025,9,4009,0.8838116971729317,0.006622166671918391,6.429130434782609,1.5969329654153446,7,0.22260869565217392,0.18,0.08652173913043479,0.22345952541069158
smaller_dt,400,0.025,0.4,1.05,0,4000,0.8829442891129562,0.004026050606728706,5.802173913043478,1.1540079742085243,6,0.32869565217391306,0.15608695652173912,0.08652173913043479,0.12091909417202293
smaller_dt,400,0.025,0.4,1.05,1,4001,0.8765081416274504,0.0051591345024868404,6.334782608695652,1.390686003897599,6,0.28391304347826085,0.17,0.08652173913043479,0.16929485935728203
smaller_dt,400,0.025,0.4,1.05,2,4002,0.8862419331692148,0.005536344766011599,5.193913043478261,1.3522147344600033,5,0.34043478260869564,0.09826086956521739,0.08652173913043479,0.08763629654248561
smaller_dt,400,0.025,0.4,1.05,3,4003,0.9027309179159914,0.00383782970270365,5.29,1.5466049775303774,5,0.21608695652173912,0.07869565217391304,0.08652173913043479,0.09541091013153348
smaller_dt,400,0.025,0.4,1.05,4,4004,0.8969812321900257,0.003250029612565704,5.523478260869565,1.0878243492148911,6,0.3352173913043478,0.08695652173913043,0.08652173913043479,0.06288406234696892
smaller_dt,400,0.025,0.4,1.05,5,4005,0.8763426628384305,0.004058299280290605,4.075652173913044,1.421700837138869,5,0.2565217391304348,0.06608695652173913,0.08652173913043479,0.06985415636685902
smaller_dt,400,0.025,0.4,1.05,6,4006,0.8770268730133169,0.005552580465043717,5.1982608695652175,1.2607094351091204,5,0.3660869565217391,0.11652173913043479,0.08652173913043479,0.09312186233269211
smaller_dt,400,0.025,0.4,1.05,7,4007,0.9013219570929363,0.003024257686054911,4.642608695652174,1.0224064425840778,5,0.3943478260869565,0.051304347826086956,0.08652173913043479,0.03176881661039758
smaller_dt,400,0.025,0.4,1.05,8,4008,0.8839920747522755,0.004368740346300313,4.855652173913043,1.1545894285772023,5,0.34695652173913044,0.07478260869565218,0.08652173913043479,0.056385870571832405
smaller_dt,400,0.025,0.4,1.05,9,4009,0.8910495187622176,0.004690408907025697,7.068260869565218,1.466774491940714,7,0.2747826086956522,0.18043478260869567,0.08652173913043479,0.191933959251103
smaller_dt,400,0.025,0.4,1.075,0,4000,0.8916835599754385,0.003448298884868759,5.723913043478261,1.072519338552456,5,0.3456521739130435,0.13521739130434782,0.08652173913043479,0.09489566024928081
smaller_dt,400,0.025,0.4,1.075,1,4001,0.883766954656419,0.003959954025798824,6.426956521739131,1.3368894292108557,6,0.2821739130434783,0.15521739130434783,0.08652173913043479,0.14895500810575674
smaller_dt,400,0.025,0.4,1.075,2,4002,0.8954413390351649,0.004836165901751237,5.0404347826086955,1.209606397573624,5,0.3491304347826087,0.07869565217391304,0.08652173913043479,0.06195677217999096
smaller_dt,400,0.025,0.4,1.075,3,4003,0.9084650987961623,0.003728856778987602,5.645652173913043,1.3403773838702764,6,0.28304347826086956,0.06695652173913043,0.08652173913043479,0.06434470325292448
smaller_dt,400,0.025,0.4,1.075,4,4004,0.9045587707517052,0.003506019340075757,5.01,1.2935912263422187,5,0.26521739130434785,0.06217391304347826,0.08652173913043479,0.05909682357245993
smaller_dt,400,0.025,0.4,1.075,5,4005,0.8875009161013859,0.0038328455938264508,3.6830434782608696,1.2247339898670764,4,0.271304347826087,0.04391304347826087,0.08652173913043479,0.03919056249335421
smaller_dt,400,0.025,0.4,1.075,6,4006,0.8857378662712709,0.0049481504965614145,4.624782608695652,1.2235350408628605,4,0.3169565217391304,0.08260869565217391,0.08652173913043479,0.06903837027753391
smaller_dt,400,0.025,0.4,1.075,7,4007,0.9091896825472727,0.0021557992255080488,2.0969565217391306,0.6919973283600646,2,0.5117391304347826,0.014347826086956521,0.08652173913043479,0.004847775194528455
smaller_dt,400,0.025,0.4,1.075,8,4008,0.8925470394858694,0.00291471095158261,4.042173913043478,0.924288005753802,4,0.47695652173913045,0.03391304347826087,0.08652173913043479,0.01639501763503114
smaller_dt,400,0.025,0.4,1.075,9,4009,0.8992658877800636,0.004159620295193306,5.112608695652174,1.255567487810243,5,0.2882608695652174,0.10304347826086957,0.08652173913043479,0.09208341538858023
smaller_dt,400,0.025,0.4,1.1,0,4000,0.8990097607555843,0.004130674453726014,4.711739130434783,1.3554853203506856,5,0.27043478260869563,0.09304347826086956,0.08652173913043479,0.09201208693510933
smaller_dt,400,0.025,0.4,1.1,1,4001,0.8908441984409052,0.003945343671890056,6.284782608695652,1.206948612303366,6,0.358695652173913,0.12739130434782608,0.08652173913043479,0.09860359557973163
smaller_dt,400,0.025,0.4,1.1,2,4002,0.9028038482373305,0.004031221286673915,4.259565217391304,1.2894285160180865,4,0.3026086956521739,0.05521739130434783,0.08652173913043479,0.04965347994290587
smaller_dt,400,0.025,0.4,1.1,3,4003,0.9138234249383083,0.0034246330819226443,5.283913043478261,1.1335984993179704,6,0.3421739130434783,0.05608695652173913,0.08652173913043479,0.04182464239058468
smaller_dt,400,0.025,0.4,1.1,4,4004,0.9102036589223992,0.0027049753979813003,5.145652173913043,1.1256315177710785,5,0.44608695652173913,0.04217391304347826,0.08652173913043479,0.02629551890386386
smaller_dt,400,0.025,0.4,1.1,5,4005,0.8954907405840317,0.003035911305736977,4.098695652173913,1.031797942588045,4,0.3834782608695652,0.041304347826086954,0.08652173913043479,0.02627476450116093
smaller_dt,400,0.025,0.4,1.1,6,4006,0.8935271442817668,0.004329312447041537,4.904782608695652,1.1564840628057222,5,0.33869565217391306,0.08826086956521739,0.08652173913043479,0.06750084928729894
smaller_dt,400,0.025,0.4,1.1,7,4007,0.9155236354606903,0.001861885472252962,2.267391304347826,0.604531564186932,2,0.5630434782608695,0.01565217391304348,0.08652173913043479,0.004134584761750078
smaller_dt,400,0.025,0.4,1.1,8,4008,0.9014184433909209,0.002783439892725407,4.381304347826087,1.0859970547955342,5,0.35695652173913045,0.029130434782608697,0.09391304347826086,0.020343045339336497
smaller_dt,400,0.025,0.4,1.1,9,4009,0.9064236719423384,0.0039062017685463097,4.024782608695652,1.2785160200836696,4,0.29130434782608694,0.06695652173913043,0.08652173913043479,0.06066788207080516
smaller_dt,400,0.025,0.4,1.125,0,4000,0.9049896473844147,0.003840172170637239,4.4830434782608695,1.1065690602335503,5,0.32608695652173914,0.07260869565217391,0.08652173913043479,0.0541465794303163
smaller_dt,400,0.025,0.4,1.125,1,4001,0.8983051866284365,0.0032511669404393703,4.5373913043478264,1.0154853942875506,4,0.37130434782608696,0.08130434782608696,0.08652173913043479,0.05190723723316514
smaller_dt,400,0.025,0.4,1.125,2,4002,0.9099771036690317,0.00281279115174877,4.785217391304347,1.1894275918353676,5,0.34391304347826085,0.04782608695652174,0.08652173913043479,0.03732194519790151
smaller_dt,400,0.025,0.4,1.125,3,4003,0.9197906403866728,0.002935332565178161,5.422173913043478,1.1476003565919215,5,0.31782608695652176,0.04434782608695652,0.08652173913043479,0.03471827410389477
smaller_dt,400,0.025,0.4,1.125,4,4004,0.9172973876760014,0.0017089359850061756,3.7356521739130435,0.7202887469737489,4,0.5691304347826087,0.021739130434782608,0.20304347826086958,0.006746750293819168
smaller_dt,400,0.025,0.4,1.125,5,4005,0.9027983766523345,0.002220413189922867,4.383913043478261,0.7840820671911437,4,0.4895652173913044,0.035652173913043476,0.09521739130434782,0.014268811826377206
smaller_dt,400,0.025,0.4,1.125,6,4006,0.9002745855797663,0.0043169386947325234,5.244782608695652,1.2013013580034866,5,0.3417391304347826,0.07956521739130434,0.08652173913043479,0.06291776201027101
smaller_dt,400,0.025,0.4,1.125,7,4007,0.9212004967271099,0.0016992387369115824,2.502608695652174,0.5614361816015621,3,0.5352173913043479,0.01565217391304348,0.08652173913043479,0.004084368883394641
smaller_dt,400,0.025,0.4,1.125,8,4008,0.909138855095515,0.002382640176846068,3.9947826086956524,1.0008555886154407,5,0.42043478260869566,0.01956521739130435,0.2682608695652174,0.011349021843406496
smaller_dt,400,0.025,0.4,1.125,9,4009,0.9122437000298418,0.003983251877112696,3.8282608695652174,1.0444809494127696,4,0.3673913043478261,0.06695652173913043,0.08652173913043479,0.04424137047831281
smaller_dt,400,0.025,0.4,1.15,0,4000,0.9122362022182434,0.0030096352540486676,4.870434782608696,1.0889543379290603,5,0.36,0.07,0.08652173913043479,0.04878515503615268
smaller_dt,400,0.025,0.4,1.15,1,4001,0.9054692877534207,0.0031815451241264526,4.577826086956522,1.0916818158903068,5,0.35956521739130437,0.0782608695652174,0.08652173913043479,0.054716166420352506
smaller_dt,400,0.025,0.4,1.15,2,4002,0.9159702494445877,0.002993873055318379,4.49695652173913,0.9980369200394416,5,0.45565217391304347,0.035652173913043476,0.08652173913043479,0.019369086055364144
smaller_dt,400,0.025,0.4,1.15,3,4003,0.9243508675663911,0.002564491904695704,4.600869565217391,0.9361341089519648,4,0.37434782608695655,0.03434782608695652,0.12869565217391304,0.020117327927805552
smaller_dt,400,0.025,0.4,1.15,4,4004,0.9233168993258484,0.0014944481956966642,2.5721739130434784,0.5691408973695363,3,0.6117391304347826,0.008695652173913044,0.2965217391304348,0.0019215231750431773
smaller_dt,400,0.025,0.4,1.15,5,4005,0.9093269132918308,0.002337399820097473,4.653043478260869,0.8431639934489442,5,0.4673913043478261,0.03608695652173913,0.08652173913043479,0.016205803669099423
smaller_dt,400,0.025,0.4,1.15,6,4006,0.9063078072389145,0.003571476812778881,5.550869565217392,1.1555251508691256,5,0.42043478260869566,0.07043478260869565,0.08652173913043479,0.04717032850138162
smaller_dt,400,0.025,0.4,1.15,7,4007,0.9260449228466021,0.0016692423087945215,2.5321739130434784,0.5899959949881688,3,0.5817391304347826,0.01565217391304348,0.08652173913043479,0.0038625222313526278
smaller_dt,400,0.025,0.4,1.15,8,4008,0.9149549094824648,0.0018708876442805617,3.396521739130435,0.7662364755634725,4,0.5556521739130434,0.01,0.42695652173913046,0.0034047554623271165
smaller_dt,400,0.025,0.4,1.15,9,4009,0.917078222728639,0.0036313226261531235,3.59,1.0742783219647867,4,0.30782608695652175,0.044782608695652176,0.08652173913043479,0.03329978564387059
smaller_N,300,0.03,0.4,0.45,0,5000,0.11174718150172519,0.053430870495931086,0.3034782608695652,0.5406003803795745,0,0.7330434782608696,0.1265217391304348,0.08652173913043479,0.018259212311413222
smaller_N,300,0.03,0.4,0.45,1,5001,0.1141538819382625,0.053934513752112744,0.31869565217391305,0.5569310655011326,0,0.7269565217391304,0.15869565217391304,0.08652173913043479,0.024132275924121146
smaller_N,300,0.03,0.4,0.45,2,5002,0.10664797479237328,0.0647901707283988,0.4082608695652174,0.6295764771993329,0,0.6604347826086957,0.1708695652173913,0.08652173913043479,0.03652888431136692
smaller_N,300,0.03,0.4,0.45,3,5003,0.08940230011190974,0.040863682251308715,0.2273913043478261,0.45781824180899705,0,0.7891304347826087,0.12869565217391304,0.08652173913043479,0.012424269811870673
smaller_N,300,0.03,0.4,0.45,4,5004,0.10449099157912795,0.059773275775983306,0.31,0.5216903962746653,0,0.7169565217391304,0.15130434782608695,0.08652173913043479,0.022341761186457452
smaller_N,300,0.03,0.4,0.45,5,5005,0.10335455317414463,0.0473634049339549,0.2591304347826087,0.5019779403041382,0,0.77,0.13608695652173913,0.08652173913043479,0.015711909646974453
smaller_N,300,0.03,0.4,0.45,6,5006,0.06635675827327155,0.0414224193291679,0.22695652173913045,0.473437336036269,0,0.7969565217391305,0.13043478260869565,0.08652173913043479,0.012538482284914994
smaller_N,300,0.03,0.4,0.45,7,5007,0.11066359681209781,0.03538311483490205,0.2847826086956522,0.5252193708571966,0,0.7495652173913043,0.15217391304347827,0.08652173913043479,0.020015921712782884
smaller_N,300,0.03,0.4,0.45,8,5008,0.09602001083958965,0.057514668759920826,0.29043478260869565,0.5183542372855741,0,0.7382608695652174,0.13,0.08652173913043479,0.017637566487834034
smaller_N,300,0.03,0.4,0.45,9,5009,0.1287084836830813,0.04757502261135516,0.3091304347826087,0.5255259315446745,0,0.72,0.15043478260869564,0.08652173913043479,0.022136066341950766
smaller_N,300,0.03,0.4,0.475,0,5000,0.10845230350772214,0.06891939913694768,0.34,0.5657315387293194,0,0.7056521739130435,0.16608695652173913,0.08652173913043479,0.02765710719051886
smaller_N,300,0.03,0.4,0.475,1,5001,0.15503000722354407,0.050918738267953366,0.3978260869565217,0.6244960160818317,0,0.67,0.18347826086956523,0.08652173913043479,0.037811876379803634
smaller_N,300,0.03,0.4,0.475,2,5002,0.1065271190836429,0.07297002629293994,0.418695652173913,0.677526218634835,0,0.6752173913043479,0.17521739130434782,0.08652173913043479,0.038556365131967314
smaller_N,300,0.03,0.4,0.475,3,5003,0.09269298388876632,0.044375222015899905,0.2617391304347826,0.5134847034164913,0,0.7695652173913043,0.14391304347826087,0.08652173913043479,0.01702847299551851
smaller_N,300,0.03,0.4,0.475,4,5004,0.11856329301311408,0.06720455824111161,0.391304347826087,0.6392339460691863,0,0.6834782608695652,0.15782608695652173,0.08652173913043479,0.031933179696476514
smaller_N,300,0.03,0.4,0.475,5,5005,0.1115101684653696,0.0480247096879264,0.2995652173913044,0.5542717765396602,0,0.7447826086956522,0.15043478260869564,0.08652173913043479,0.021280473933285516
smaller_N,300,0.03,0.4,0.475,6,5006,0.07136263431837783,0.041725361949379786,0.25130434782608696,0.5007585927789616,0,0.7782608695652173,0.14130434782608695,0.08652173913043479,0.015690120480246265
smaller_N,300,0.03,0.4,0.475,7,5007,0.11189138178678223,0.03345014624081026,0.29869565217391303,0.5396440400681697,0,0.7404347826086957,0.14652173913043479,0.08652173913043479,0.020523713708555807
smaller_N,300,0.03,0.4,0.475,8,5008,0.12439450987792008,0.05521469717015982,0.33869565217391306,0.5729997674164949,0,0.7108695652173913,0.1482608695652174,0.08652173913043479,0.024562626301437546
smaller_N,300,0.03,0.4,0.475,9,5009,0.1309749928997852,0.06065835726852901,0.32521739130434785,0.5796315888803657,0,0.7260869565217392,0.1426086956521739,0.08652173913043479,0.02264179061741492
smaller_N,300,0.03,0.4,0.5,0,5000,0.12274820570584102,0.07661292960743701,0.38608695652173913,0.6224617266420608,0,0.6808695652173913,0.17956521739130435,0.08652173913043479,0.03566999882581616
smaller_N,300,0.03,0.4,0.5,1,5001,0.20339281910523968,0.06718913653033862,0.6186956521739131,0.8284600924388,0,0.5569565217391305,0.2252173913043478,0.08652173913043479,0.08266465672112343
smaller_N,300,0.03,0.4,0.5,2,5002,0.11149949770511516,0.08320874825336794,0.39304347826086955,0.6790942483261369,0,0.6991304347826087,0.17565217391304347,0.08652173913043479,0.03588904005612246
smaller_N,300,0.03,0.4,0.5,3,5003,0.09458816065403186,0.051331790259510554,0.288695652173913,0.5159651517371918,0,0.741304347826087,0.14608695652173914,0.08652173913043479,0.019499386359432453
smaller_N,300,0.03,0.4,0.5,4,5004,0.11988138347953484,0.04996471582630863,0.31869565217391305,0.5522271456709449,0,0.7217391304347827,0.14869565217391303,0.08652173913043479,0.022849050748078404
smaller_N,300,0.03,0.4,0.5,5,5005,0.120165736087954,0.04815052993431932,0.2917391304347826,0.5505898195012093,0,0.75,0.14347826086956522,0.09434782608695652,0.01974941757627779
smaller_N,300,0.03,0.4,0.5,6,5006,0.07856430276805451,0.042135507627594174,0.2608695652173913,0.5130803229216417,0,0.7717391304347826,0.14608695652173914,0.08652173913043479,0.017109143588454084
smaller_N,300,0.03,0.4,0.5,7,5007,0.11771690105635346,0.03716284995270461,0.3126086956521739,0.538207309268903,0,0.7195652173913043,0.14782608695652175,0.08652173913043479,0.022311694465236485
smaller_N,300,0.03,0.4,0.5,8,5008,0.14660337273949586,0.058941371689515104,0.3947826086956522,0.5969259626745462,0,0.6560869565217391,0.16956521739130434,0.08652173913043479,0.03481014958628699
smaller_N,300,0.03,0.4,0.5,9,5009,0.15720318868399052,0.08120842530892995,0.5060869565217392,0.7392460267669602,0,0.6204347826086957,0.19130434782608696,0.08652173913043479,0.05367848493120167
smaller_N,300,0.03,0.4,0.525,0,5000,0.15125749377137623,0.08225873765199447,0.5252173913043479,0.8079865989268441,0,0.6273913043478261,0.20173913043478262,0.08652173913043479,0.06073615438235994
smaller_N,300,0.03,0.4,0.525,1,5001,0.24101015480431678,0.0886405238297729,0.8269565217391305,1.012772495945868,0,0.4747826086956522,0.2591304347826087,0.08652173913043479,0.1378381457797811
smaller_N,300,0.03,0.4,0.525,2,5002,0.12761414855959555,0.0882966952489786,0.47956521739130437,0.7199153226829168,0,0.6256521739130435,0.19608695652173913,0.08652173913043479,0.0528451872007513
smaller_N,300,0.03,0.4,0.525,3,5003,0.09784515762136113,0.055483991715201235,0.24130434782608695,0.4850262596909491,0,0.7843478260869565,0.13695652173913042,0.08652173913043479,0.014325236931461595
smaller_N,300,0.03,0.4,0.525,4,5004,0.13468478110142487,0.06321547967794512,0.38304347826086954,0.5836685687182759,0,0.6639130434782609,0.17478260869565218,0.08652173913043479,0.034285949733957224
smaller_N,300,0.03,0.4,0.525,5,5005,0.12987679975390293,0.052814559994203036,0.3626086956521739,0.5932901437804224,0,0.6930434782608695,0.16521739130434782,0.08652173913043479,0.030088446264044662
smaller_N,300,0.03,0.4,0.525,6,5006,0.08711410575758674,0.04277330251177656,0.29043478260869565,0.5316052659541383,0,0.7434782608695653,0.14478260869565218,0.08652173913043479,0.019743759418411697
smaller_N,300,0.03,0.4,0.525,7,5007,0.1325439322574903,0.04917221217793347,0.3408695652173913,0.5416393236276433,0,0.6930434782608695,0.16434782608695653,0.08652173913043479,0.027324424177197708
smaller_N,300,0.03,0.4,0.525,8,5008,0.1660541384694842,0.05798512975501367,0.3617391304347826,0.59235456607261,0,0.691304347826087,0.15695652173913044,0.14347826086956522,0.02870064268381582
smaller_N,300,0.03,0.4,0.525,9,5009,0.18422829740049376,0.06548176376837889,0.5986956521739131,0.7444274388550081,0,0.5395652173913044,0.2391304347826087,0.08652173913043479,0.08196441655468835
smaller_N,300,0.03,0.4,0.55,0,5000,0.1708579949006761,0.08646099590609369,0.5860869565217391,0.767252235212491,0,0.552608695652174,0.21956521739130436,0.08652173913043479,0.07536839122549163
smaller_N,300,0.03,0.4,0.55,1,5001,0.31715984953603676,0.05645973516270254,1.4960869565217392,1.1338592778664294,1,0.3491304347826087,0.39608695652173914,0.08652173913043479,0.2923099942726007
smaller_N,300,0.03,0.4,0.55,2,5002,0.16384558432319274,0.07288186173044552,0.5160869565217391,0.7200255981586908,0,0.6,0.21,0.08652173913043479,0.06048215053334027
smaller_N,300,0.03,0.4,0.55,3,5003,0.11288550096311353,0.05790566668630788,0.29695652173913045,0.5341302135866896,0,0.7378260869565217,0.1482608695652174,0.08652173913043479,0.02076171222100587
smaller_N,300,0.03,0.4,0.55,4,5004,0.250462523771099,0.06412431285565867,1.0008695652173913,0.9627854203276363,1,0.37565217391304345,0.3095652173913043,0.08652173913043479,0.18608367222236552
smaller_N,300,0.03,0.4,0.55,5,5005,0.1475702568506429,0.05377672635660025,0.4160869565217391,0.6216404603979544,0,0.6491304347826087,0.17956521739130435,0.08652173913043479,0.03916581698304754
smaller_N,300,0.03,0.4,0.55,6,5006,0.09753637216861465,0.042003942928225686,0.2891304347826087,0.524499040853587,0,0.7430434782608696,0.15217391304347827,0.08652173913043479,0.020509003272876372
smaller_N,300,0.03,0.4,0.55,7,5007,0.14540888124126156,0.06429709960856511,0.35478260869565215,0.5987295939354127,0,0.7060869565217391,0.1565217391304348,0.08652173913043479,0.02754382512495781
smaller_N,300,0.03,0.4,0.55,8,5008,0.18445600939469114,0.07827242635431286,0.5091304347826087,0.7030394450154536,0,0.5965217391304348,0.20565217391304347,0.08652173913043479,0.05833552885698121
smaller_N,300,0.03,0.4,0.55,9,5009,0.22896739157845925,0.04508704449256407,0.7095652173913043,0.8021681394867047,0,0.478695652173913,0.2691304347826087,0.08652173913043479,0.11254328055662026
smaller_N,300,0.03,0.4,0.575,0,5000,0.1879956700404388,0.09040558452741908,0.7634782608695653,0.8844876123971054,0,0.46956521739130436,0.2647826086956522,0.08652173913043479,0.12422620203037311
smaller_N,300,0.03,0.4,0.575,1,5001,0.35151288607044484,0.06412006617460798,1.7634782608695652,1.2630763297381522,1,0.28956521739130436,0.42782608695652175,0.08652173913043479,0.38390262003296033
smaller_N,300,0.03,0.4,0.575,2,5002,0.16664983146404796,0.05700335640957048,0.5234782608695652,0.7180081669370341,0,0.5921739130434782,0.22217391304347825,0.08652173913043479,0.06505751230793122
smaller_N,300,0.03,0.4,0.575,3,5003,0.1525875569848795,0.06397303496620664,0.46695652173913044,0.6602004621958045,0,0.6165217391304347,0.20478260869565218,0.08652173913043479,0.05184533038668965
smaller_N,300,0.03,0.4,0.575,4,5004,0.3486766517937972,0.05610626121058336,1.828695652173913,1.262245426241685,1,0.30391304347826087,0.4404347826086957,0.08652173913043479,0.38698034898247113
smaller_N,300,0.03,0.4,0.575,5,5005,0.1451392599880379,0.06018007811381263,0.44782608695652176,0.6661828742381226,0,0.6421739130434783,0.17956521739130435,0.08652173913043479,0.04280432779426866
smaller_N,300,0.03,0.4,0.575,6,5006,0.1059913861328515,0.04849511210904084,0.33956521739130435,0.574001804730306,0,0.7108695652173913,0.1608695652173913,0.08652173913043479,0.026698137038152655
smaller_N,300,0.03,0.4,0.575,7,5007,0.17836223279382693,0.053376990324251444,0.528695652173913,0.7262488754631784,0,0.5878260869565217,0.22086956521739132,0.08652173913043479,0.06611528166816114
smaller_N,300,0.03,0.4,0.575,8,5008,0.2755895996887945,0.06147561283156694,1.087391304347826,1.1095307170593784,0,0.36,0.3139130434782609,0.08652173913043479,0.22290954581392472
smaller_N,300,0.03,0.4,0.575,9,5009,0.3349372851674689,0.051480199090034554,1.53,1.1979928866740983,1,0.3273913043478261,0.4126086956521739,0.08652173913043479,0.33247201420935396
smaller_N,300,0.03,0.4,0.6,0,5000,0.2843092792736319,0.055000858795349446,1.2173913043478262,1.0744673802534601,1,0.3708695652173913,0.36391304347826087,0.08652173913043479,0.24599798715098878
smaller_N,300,0.03,0.4,0.6,1,5001,0.3971273117021998,0.042941194856656845,2.2991304347826085,1.2735090619280471,2,0.28956521739130436,0.48869565217391303,0.08652173913043479,0.44214501400153955
smaller_N,300,0.03,0.4,0.6,2,5002,0.17292779035861788,0.07428042707776357,0.5556521739130434,0.8053831175121161,0,0.6026086956521739,0.21608695652173912,0.08652173913043479,0.06915911642493293
smaller_N,300,0.03,0.4,0.6,3,5003,0.2354242680903883,0.04423444467974993,0.7704347826086957,0.8142186345675998,0,0.43478260869565216,0.29739130434782607,0.08652173913043479,0.13686261101928612
smaller_N,300,0.03,0.4,0.6,4,5004,0.39624668370252897,0.051976824933800875,2.405217391304348,1.4328957289811164,2,0.26608695652173914,0.4917391304347826,0.08652173913043479,0.5171231309718971
smaller_N,300,0.03,0.4,0.6,5,5005,0.14485652388392603,0.0782154124129462,0.4369565217391304,0.663278646819745,0,0.6495652173913044,0.17347826086956522,0.08652173913043479,0.040322577386566166
smaller_N,300,0.03,0.4,0.6,6,5006,0.11194578208737457,0.05637087669982969,0.36478260869565216,0.5789598586762403,0,0.6865217391304348,0.17565217391304347,0.08652173913043479,0.03187934677405276
smaller_N,300,0.03,0.4,0.6,7,5007,0.19698615945345144,0.07032680058099396,0.6430434782608696,0.822493212778174,0,0.5369565217391304,0.24608695652173912,0.08652173913043479,0.09372224683275097
smaller_N,300,0.03,0.4,0.6,8,5008,0.3774477825266862,0.039277519083306234,2.077826086956522,1.3401929015005691,2,0.2643478260869565,0.4673913043478261,0.08652173913043479,0.46080848275139513
smaller_N,300,0.03,0.4,0.6,9,5009,0.39320132267793745,0.035403443618690446,2.1078260869565217,1.2599618921833522,2,0.30478260869565216,0.48043478260869565,0.08652173913043479,0.4208356090969879
smaller_N,300,0.03,0.4,0.625,0,5000,0.32807515023555234,0.05678799040405143,1.4360869565217391,1.1548771405781082,1,0.33,0.41347826086956524,0.08652173913043479,0.3199361171486169
smaller_N,300,0.03,0.4,0.625,1,5001,0.5056645751712362,0.03458140593972248,3.985217391304348,1.6075227216332302,4,0.24913043478260868,0.5717391304347826,0.08652173913043479,0.6901119366404376
smaller_N,300,0.03,0.4,0.625,2,5002,0.2278610950897476,0.06213951566040926,0.8091304347826087,0.9234171559248467,0,0.461304347826087,0.271304347826087,0.08652173913043479,0.1349578542333789
smaller_N,300,0.03,0.4,0.625,3,5003,0.3117162629844897,0.0479195722347536,1.3817391304347826,1.0767973939415174,1,0.38173913043478264,0.4073913043478261,0.08652173913043479,0.2712173773861941
smaller_N,300,0.03,0.4,0.625,4,5004,0.45354951041509733,0.04945099362123418,3.482173913043478,1.5385296665880852,4,0.24565217391304348,0.5456521739130434,0.08652173913043479,0.6332765530075735
smaller_N,300,0.03,0.4,0.625,5,5005,0.16798463564629623,0.07393315419133058,0.5026086956521739,0.7208040039416392,0,0.6078260869565217,0.19217391304347825,0.08652173913043479,0.054323823251956234
smaller_N,300,0.03,0.4,0.625,6,5006,0.12601272168272576,0.07155384853793471,0.41347826086956524,0.6364924856665779,0,0.658695652173913,0.18043478260869567,0.08652173913043479,0.03919722885958726
smaller_N,300,0.03,0.4,0.625,7,5007,0.23339538512715238,0.07949687182383494,0.8460869565217392,0.9025362289750347,0,0.4273913043478261,0.29782608695652174,0.08652173913043479,0.1539165499097458
smaller_N,300,0.03,0.4,0.625,8,5008,0.40990507457296366,0.035618160562782344,2.302608695652174,1.2488924393805005,2,0.3273913043478261,0.45565217391304347,0.08652173913043479,0.38275507847711854
smaller_N,300,0.03,0.4,0.625,9,5009,0.42795986587913554,0.05078439119547802,2.7443478260869565,1.4776121338658017,3,0.25565217391304346,0.5278260869565218,0.08652173913043479,0.580533418006927
smaller_N,300,0.03,0.4,0.65,0,5000,0.36563154996524044,0.0468400381454414,1.932608695652174,1.2718617555150311,1,0.29478260869565215,0.4291304347826087,0.08652173913043479,0.38490383652427185
smaller_N,300,0.03,0.4,0.65,1,5001,0.5660294806962827,0.03762505949840349,5.360869565217391,1.6479866848435247,5,0.23217391304347826,0.6043478260869565,0.08652173913043479,0.7647218981940617
smaller_N,300,0.03,0.4,0.65,2,5002,0.3090772426214329,0.05375266469945788,1.4578260869565218,1.1376767192750057,1,0.33956521739130435,0.391304347826087,0.08652173913043479,0.2940109351409379
smaller_N,300,0.03,0.4,0.65,3,5003,0.3899514314528992,0.04907666282212766,2.301304347826087,1.371796043744576,2,0.2778260869565217,0.49130434782608695,0.08652173913043479,0.4867230914227183
smaller_N,300,0.03,0.4,0.65,4,5004,0.5371940629927612,0.03559795828148284,4.717391304347826,1.589681995520144,5,0.24347826086956523,0.57,0.08652173913043479,0.6854985243143153
smaller_N,300,0.03,0.4,0.65,5,5005,0.17577722297663434,0.07392405124431009,0.6039130434782609,0.7863412199406145,0,0.5491304347826087,0.22217391304347825,0.08652173913043479,0.07876894493583622
smaller_N,300,0.03,0.4,0.65,6,5006,0.14465673070414967,0.07240275770855463,0.44217391304347825,0.6741529727174823,0,0.6456521739130435,0.18347826086956523,0.08652173913043479,0.04383013859554318
smaller_N,300,0.03,0.4,0.65,7,5007,0.24648091257795346,0.08623424852059787,0.9647826086956521,1.0910998422621547,0,0.4334782608695652,0.30869565217391304,0.08652173913043479,0.19081459363741105
smaller_N,300,0.03,0.4,0.65,8,5008,0.4815078129267077,0.03405256545216808,3.6913043478260867,1.4748361864755075,3,0.27304347826086955,0.5473913043478261,0.08652173913043479,0.5868810908014224
smaller_N,300,0.03,0.4,0.65,9,5009,0.4640568599763567,0.035963215171429676,3.278695652173913,1.3950776956634416,3,0.2639130434782609,0.5560869565217391,0.08652173913043479,0.5710448598306314
smaller_N,300,0.03,0.4,0.675,0,5000,0.40433019013601895,0.04809659673187829,2.371304347826087,1.4474724728112496,2,0.2647826086956522,0.49826086956521737,0.08652173913043479,0.5302526741164378
smaller_N,300,0.03,0.4,0.675,1,5001,0.6226873563204933,0.02149929397515532,6.450434782608696,1.442423920865784,6,0.26608695652173914,0.5952173913043478,0.08652173913043479,0.6301053036784542
smaller_N,300,0.03,0.4,0.675,2,5002,0.3941221946525696,0.04676302919157101,2.4417391304347826,1.3077017748504702,2,0.2752173913043478,0.5017391304347826,0.08652173913043479,0.4755480997969104
smaller_N,300,0.03,0.4,0.675,3,5003,0.4138517323425852,0.03307751154975214,2.437826086956522,1.2444850743134832,2,0.30869565217391304,0.5065217391304347,0.08652173913043479,0.43576974139048436
smaller_N,300,0.03,0.4,0.675,4,5004,0.5855568205661892,0.04539786529836357,5.413043478260869,1.6717094473533702,5,0.22826086956521738,0.5460869565217391,0.08652173913043479,0.7045196689516743
smaller_N,300,0.03,0.4,0.675,5,5005,0.2012535254655153,0.06617887916601754,0.5591304347826087,0.7232049023705899,0,0.5608695652173913,0.23130434782608697,0.08652173913043479,0.07345793191337814
smaller_N,300,0.03,0.4,0.675,6,5006,0.13471459407465386,0.059052866126666805,0.3734782608695652,0.6207226412444589,0,0.698695652173913,0.1726086956521739,0.08652173913043479,0.032282388425555114
smaller_N,300,0.03,0.4,0.675,7,5007,0.2473885826588049,0.08512409251976637,1.0295652173913044,1.010378655928255,0,0.3617391304347826,0.32217391304347825,0.08652173913043479,0.20776517595204677
smaller_N,300,0.03,0.4,0.675,8,5008,0.6052553691133847,0.02465260796539144,6.407391304347826,1.5330098765707665,6,0.2530434782608696,0.5834782608695652,0.08652173913043479,0.6681361294980199
smaller_N,300,0.03,0.4,0.675,9,5009,0.5428728437604268,0.026513616081972873,4.921304347826087,1.495319667286029,5,0.2743478260869565,0.5947826086956521,0.08652173913043479,0.6453878842212111
smaller_N,300,0.03,0.4,0.7,0,5000,0.4820875769402967,0.04652237524944881,3.7330434782608695,1.6248195479274097,4,0.2591304347826087,0.5239130434782608,0.08652173913043479,0.6306757052019474
smaller_N,300,0.03,0.4,0.7,1,5001,0.6539056465117673,0.025778358289480562,6.740869565217391,1.4734694728207276,7,0.24869565217391304,0.577391304347826,0.08652173913043479,0.6391860447209069
smaller_N,300,0.03,0.4,0.7,2,5002,0.4330954316772342,0.04746379334244353,2.9730434782608697,1.5576359868964438,3,0.24391304347826087,0.5013043478260869,0.08652173913043479,0.5903902687275177
smaller_N,300,0.03,0.4,0.7,3,5003,0.4898146008569911,0.03714005953605002,3.8108695652173914,1.5166794767388,4,0.24608695652173912,0.5582608695652174,0.08652173913043479,0.6383402886787868
smaller_N,300,0.03,0.4,0.7,4,5004,0.626798836071143,0.02849474899145649,6.2730434782608695,1.5817613594059128,6,0.24869565217391304,0.5421739130434783,0.08652173913043479,0.6443109058064581
smaller_N,300,0.03,0.4,0.7,5,5005,0.25707251825394406,0.14277627036227264,1.387391304347826,1.6565855858972836,0,0.42434782608695654,0.3008695652173913,0.08652173913043479,0.28691436134752607
smaller_N,300,0.03,0.4,0.7,6,5006,0.16465834933765192,0.08156839419573857,0.5152173913043478,0.7719166972696144,0,0.6247826086956522,0.20869565217391303,0.08652173913043479,0.060445893045206534
smaller_N,300,0.03,0.4,0.7,7,5007,0.3333312422531137,0.11624445843001356,1.9343478260869564,1.5218819187667574,1,0.22826086956521738,0.43217391304347824,0.08652173913043479,0.507586459279624
smaller_N,300,0.03,0.4,0.7,8,5008,0.666184386236233,0.02094358729145549,7.076521739130435,1.488292306187815,7,0.28695652173913044,0.5382608695652173,0.08652173913043479,0.5712116523087113
smaller_N,300,0.03,0.4,0.7,9,5009,0.5975448276908689,0.025186584287577286,6.062608695652174,1.5660785070867833,6,0.2565217391304348,0.5852173913043478,0.08652173913043479,0.681395134741163
smaller_N,300,0.03,0.4,0.725,0,5000,0.5503518476608051,0.040746182133757226,5.171739130434783,1.604499521519332,5,0.26521739130434785,0.5656521739130435,0.08652173913043479,0.6668803514567164
smaller_N,300,0.03,0.4,0.725,1,5001,0.6978458110457368,0.01594414826974947,7.608695652173913,1.556169501072442,7,0.26260869565217393,0.5621739130434783,0.08652173913043479,0.6450978596820593
smaller_N,300,0.03,0.4,0.725,2,5002,0.5146577846810534,0.04775905199281885,4.543478260869565,1.6658529834805016,5,0.22304347826086957,0.5495652173913044,0.08652173913043479,0.7112997010656158
smaller_N,300,0.03,0.4,0.725,3,5003,0.5240191026774086,0.02512574453571469,4.34304347826087,1.3312855336187968,4,0.2926086956521739,0.57,0.08652173913043479,0.5367916926907554
smaller_N,300,0.03,0.4,0.725,4,5004,0.6738375312601134,0.01993547686022109,7.059565217391304,1.4540557320246184,7,0.2773913043478261,0.5134782608695653,0.08652173913043479,0.5395184471837995
smaller_N,300,0.03,0.4,0.725,5,5005,0.5372143914960701,0.03191139178244461,4.834782608695652,1.545711794850845,5,0.25869565217391305,0.591304347826087,0.08652173913043479,0.6775418744729015
smaller_N,300,0.03,0.4,0.725,6,5006,0.12624057225990462,0.06197530438099636,0.3347826086956522,0.6000787597960888,0,0.7239130434782609,0.14304347826086958,0.08652173913043479,0.023698573720078435
smaller_N,300,0.03,0.4,0.725,7,5007,0.5027069154097127,0.030066429302883828,4.399565217391304,1.4928524731587705,4,0.2591304347826087,0.5921739130434782,0.08652173913043479,0.6549496564227548
smaller_N,300,0.03,0.4,0.725,8,5008,0.7094501882542098,0.017155164393743653,7.785652173913044,1.4884083301560371,8,0.25608695652173913,0.528695652173913,0.08652173913043479,0.5853963432476484
smaller_N,300,0.03,0.4,0.725,9,5009,0.6435641521965368,0.023512594545335535,6.55,1.526754158621998,7,0.2543478260869565,0.581304347826087,0.08652173913043479,0.6617728899443072
smaller_N,300,0.03,0.4,0.75,0,5000,0.6020505623048581,0.039921167757364644,5.711304347826087,1.5629273101899583,6,0.24565217391304348,0.5734782608695652,0.08652173913043479,0.6761256055105339
smaller_N,300,0.03,0.4,0.75,1,5001,0.737196311330287,0.011796803154011506,7.955652173913044,1.6056255074958672,8,0.24869565217391304,0.5226086956521739,0.08652173913043479,0.630429886668948
smaller_N,300,0.03,0.4,0.75,2,5002,0.612126985619629,0.02537230797061564,6.434347826086957,1.367493187605499,6,0.2817391304347826,0.5452173913043479,0.08652173913043479,0.535521707482983
smaller_N,300,0.03,0.4,0.75,3,5003,0.5876089340756414,0.019900166989141023,5.785652173913044,1.449036639759271,6,0.27,0.5865217391304348,0.08652173913043479,0.620420788768987
smaller_N,300,0.03,0.4,0.75,4,5004,0.7272938628099005,0.012000002382222964,7.739130434782608,1.7038930182876437,7,0.23565217391304347,0.49043478260869566,0.08652173913043479,0.6387260407535648
smaller_N,300,0.03,0.4,0.75,5,5005,0.6153142513147708,0.02372642965493842,6.206521739130435,1.4591394387450856,6,0.26217391304347826,0.54,0.08652173913043479,0.5813592179797309
smaller_N,300,0.03,0.4,0.75,6,5006,0.3962324412541728,0.05291077554934085,2.6717391304347826,1.5361107075533698,3,0.23565217391304347,0.4991304347826087,0.08652173913043479,0.5860404647304348
smaller_N,300,0.03,0.4,0.75,7,5007,0.5896747670133863,0.02841654883121354,6.0865217391304345,1.4878905660309605,6,0.24956521739130436,0.5878260869565217,0.08652173913043479,0.6563459380055402
smaller_N,300,0.03,0.4,0.75,8,5008,0.746515283953354,0.012212159502009686,8.21391304347826,1.5419855611189857,8,0.25565217391304346,0.4969565217391304,0.08652173913043479,0.5703935772851287
smaller_N,300,0.03,0.4,0.75,9,5009,0.6666198552688866,0.022499947637582677,6.889565217391304,1.4911258607854716,7,0.26869565217391306,0.5595652173913044,0.08652173913043479,0.6101873071625986
smaller_N,300,0.03,0.4,0.775,0,5000,0.641493572309358,0.022089632994755894,6.339130434782609,1.6641329196584975,6,0.23217391304347826,0.5365217391304348,0.08652173913043479,0.6855485230865099
smaller_N,300,0.03,0.4,0.775,1,5001,0.765294829509203,0.010722839337307784,8.195217391304348,1.573882956714594,8,0.2543478260869565,0.4965217391304348,0.08652173913043479,0.5827026452594358
smaller_N,300,0.03,0.4,0.775,2,5002,0.6657883247996449,0.021280324231818786,7.1265217391304345,1.451563201444663,7,0.2426086956521739,0.5,0.08652173913043479,0.5497006743421412
smaller_N,300,0.03,0.4,0.775,3,5003,0.6393427733576369,0.023362659869651886,6.61695652173913,1.4595321906353917,6,0.2608695652173913,0.577391304347826,0.08652173913043479,0.6228808845529737
smaller_N,300,0.03,0.4,0.775,4,5004,0.7618039829729873,0.014217976418539542,7.110869565217391,1.6371672593723223,7,0.22608695652173913,0.4073913043478261,0.08652173913043479,0.5161750079242504
smaller_N,300,0.03,0.4,0.775,5,5005,0.6702960830963388,0.025013738357380792,7.211739130434783,1.5262746694909402,7,0.26260869565217393,0.5269565217391304,0.08652173913043479,0.5930693677457718
smaller_N,300,0.03,0.4,0.775,6,5006,0.5147996480250877,0.038158610397483014,4.4995652173913046,1.5941468435467825,4,0.26869565217391306,0.5843478260869566,0.08652173913043479,0.6812365054562801
smaller_N,300,0.03,0.4,0.775,7,5007,0.6545046762437705,0.02468129353227755,7.228695652173913,1.48261022567816,7,0.2669565217391304,0.5743478260869566,0.08652173913043479,0.6242114170209864
smaller_N,300,0.03,0.4,0.775,8,5008,0.7689422309568963,0.010870091646907996,8.11304347826087,1.5160888891647386,8,0.2608695652173913,0.4717391304347826,0.08652173913043479,0.5286249455561943
smaller_N,300,0.03,0.4,0.775,9,5009,0.7003601476489777,0.019203445789045023,7.028695652173913,1.5761960382042144,7,0.21913043478260869,0.5082608695652174,0.08652173913043479,0.6255692660539917
smaller_N,300,0.03,0.4,0.8,0,5000,0.6925568254749729,0.019326281397275307,7.13,1.5828057091896903,7,0.2691304347826087,0.49956521739130433,0.08652173913043479,0.5779092942235357
smaller_N,300,0.03,0.4,0.8,1,5001,0.7878223598229201,0.011138118580126416,8.132608695652173,1.479211650762146,8,0.26217391304347826,0.4482608695652174,0.08652173913043479,0.4892323373210807
smaller_N,300,0.03,0.4,0.8,2,5002,0.7073493816716296,0.020065565120483363,7.268695652173913,1.7176761458886856,7,0.23173913043478261,0.4508695652173913,0.08652173913043479,0.5949780161641155
smaller_N,300,0.03,0.4,0.8,3,5003,0.6760033651176398,0.02199741415919625,6.828695652173913,1.5615636097746386,7,0.24869565217391304,0.5447826086956522,0.08652173913043479,0.6391441491630566
smaller_N,300,0.03,0.4,0.8,4,5004,0.792014701202149,0.012988258004621576,7.3621739130434785,1.7196194132063036,7,0.2417391304347826,0.3726086956521739,0.08652173913043479,0.4858519733140236
smaller_N,300,0.03,0.4,0.8,5,5005,0.7170058330284672,0.013315255116086,7.403478260869565,1.6113149064625074,7,0.24043478260869566,0.4443478260869565,0.08652173913043479,0.5438367533420425
smaller_N,300,0.03,0.4,0.8,6,5006,0.6123156022825462,0.027392926137575435,6.334347826086956,1.4687892857634601,6,0.2708695652173913,0.5778260869565217,0.08652173913043479,0.6188164757831229
smaller_N,300,0.03,0.4,0.8,7,5007,0.6970471115938979,0.018025613768341376,7.477391304347826,1.6279921412888634,8,0.24391304347826087,0.532608695652174,0.08652173913043479,0.6555899745360328
smaller_N,300,0.03,0.4,0.8,8,5008,0.790522567900654,0.011084419161687762,7.54304347826087,1.4365929948639764,7,0.27043478260869563,0.39565217391304347,0.08652173913043479,0.41467840772056364
smaller_N,300,0.03,0.4,0.8,9,5009,0.7310514280430331,0.016908049039462237,7.687826086956521,1.6397055847123476,8,0.24347826086956523,0.5108695652173914,0.08652173913043479,0.6337198628556704
smaller_N,300,0.03,0.4,0.825,0,5000,0.7450176794781287,0.015092348342992178,7.3191304347826085,1.6043091782784598,7,0.2591304347826087,0.40608695652173915,0.08652173913043479,0.4826683967198857
smaller_N,300,0.03,0.4,0.825,1,5001,0.8030989007258765,0.010538436533371576,8.614347826086956,1.6799232024034714,9,0.2526086956521739,0.43956521739130433,0.08652173913043479,0.5519005027235779
smaller_N,300,0.03,0.4,0.825,2,5002,0.7642339917108595,0.013101249850583802,7.137391304347826,1.7195277850045478,7,0.24347826086956523,0.3417391304347826,0.08652173913043479,0.4445548179140208
smaller_N,300,0.03,0.4,0.825,3,5003,0.6985217683564906,0.017030526392714723,7.322608695652174,1.655901744069177,7,0.23217391304347826,0.5465217391304348,0.08652173913043479,0.6948720915158475
smaller_N,300,0.03,0.4,0.825,4,5004,0.8155450118456818,0.01148277080764302,7.007391304347826,1.7299000156865172,6,0.23304347826086957,0.3160869565217391,0.08652173913043479,0.41937093087625316
smaller_N,300,0.03,0.4,0.825,5,5005,0.7508450578061803,0.012666085197455313,7.562173913043479,1.544148721497408,8,0.24043478260869566,0.38913043478260867,0.08652173913043479,0.4564039512159997
smaller_N,300,0.03,0.4,0.825,6,5006,0.661682777177066,0.023768042042470086,7.142608695652174,1.4857620424822096,7,0.2791304347826087,0.5608695652173913,0.08652173913043479,0.6007140978010593
smaller_N,300,0.03,0.4,0.825,7,5007,0.7335293259533007,0.016627680887596488,7.673478260869565,1.515683541295312,8,0.24347826086956523,0.478695652173913,0.08652173913043479,0.548895197252712
smaller_N,300,0.03,0.4,0.825,8,5008,0.8073939223907639,0.010340146923421244,7.435652173913043,1.749220512330033,8,0.21,0.34956521739130436,0.08652173913043479,0.48305865382168595
smaller_N,300,0.03,0.4,0.825,9,5009,0.7619516934104175,0.01314063169065651,7.235217391304348,1.4318955802505364,7,0.25478260869565217,0.4482608695652174,0.08652173913043479,0.47832729110685634
smaller_N,300,0.03,0.4,0.85,0,5000,0.7742238102600584,0.012979784508887931,8.10086956521739,1.7715871367185887,8,0.23608695652173914,0.41782608695652174,0.08652173913043479,0.5654601400764373
smaller_N,300,0.03,0.4,0.85,1,5001,0.8154826767953357,0.012716254085900639,8.174347826086956,1.6977077284358832,8,0.21565217391304348,0.39695652173913043,0.08652173913043479,0.5285846723213435
smaller_N,300,0.03,0.4,0.85,2,5002,0.7944199430677216,0.009262536267396948,6.889130434782609,1.506901263444084,7,0.2408695652173913,0.2926086956521739,0.08652173913043479,0.3347252156656886
smaller_N,300,0.03,0.4,0.85,3,5003,0.7356054285372575,0.01430992608778853,7.4339130434782605,1.468355303319462,7,0.2708695652173913,0.47608695652173916,0.08652173913043479,0.5097094280678017
smaller_N,300,0.03,0.4,0.85,4,5004,0.8302137889276041,0.009345315551284749,7.414347826086956,1.620000875166045,7,0.24130434782608695,0.3204347826086957,0.08652173913043479,0.3938424257130989
smaller_N,300,0.03,0.4,0.85,5,5005,0.7809581732722561,0.011031201399046182,7.592608695652174,1.5832375124389741,8,0.24956521739130436,0.35347826086956524,0.08652173913043479,0.41997335477598824
smaller_N,300,0.03,0.4,0.85,6,5006,0.694093260091031,0.021587880751045882,7.09,1.6022226409910538,7,0.2565217391304348,0.528695652173913,0.08652173913043479,0.6297916213748012
smaller_N,300,0.03,0.4,0.85,7,5007,0.7557827128315283,0.01444171476533925,8.445217391304348,1.6505726794456297,8,0.23304347826086957,0.5130434782608696,0.08652173913043479,0.6494707089633971
smaller_N,300,0.03,0.4,0.85,8,5008,0.8251220393799436,0.00873497268881009,7.305652173913043,1.570118594487736,7,0.24869565217391304,0.3060869565217391,0.08652173913043479,0.3610714778559063
smaller_N,300,0.03,0.4,0.85,9,5009,0.7877501856577592,0.010212982461399171,7.302173913043478,1.4561696524480845,7,0.25521739130434784,0.37130434782608696,0.08652173913043479,0.4026906432216958
smaller_N,300,0.03,0.4,0.875,0,5000,0.7969477116454302,0.015162766636845532,7.904347826086957,2.137954784747729,7,0.17391304347826086,0.3791304347826087,0.08652173913043479,0.6695961241423253
smaller_N,300,0.03,0.4,0.875,1,5001,0.8292044557552459,0.01170212939651147,7.420434782608695,1.801743064877356,7,0.2165217391304348,0.33043478260869563,0.08652173913043479,0.4664505046650928
smaller_N,300,0.03,0.4,0.875,2,5002,0.8174103474472872,0.009557274696692831,6.841304347826087,1.7566118681138665,7,0.2182608695652174,0.25521739130434784,0.08652173913043479,0.3504676455161132
smaller_N,300,0.03,0.4,0.875,3,5003,0.7688506257208877,0.011762086535667909,7.770869565217391,1.6519090748834875,8,0.25521739130434784,0.4252173913043478,0.08652173913043479,0.5231505494116657
smaller_N,300,0.03,0.4,0.875,4,5004,0.8459067799196243,0.009259601935749054,6.672173913043478,1.7481442496488497,6,0.26260869565217393,0.25869565217391305,0.08652173913043479,0.3334758661672606
smaller_N,300,0.03,0.4,0.875,5,5005,0.8020795002900845,0.010476818416730318,7.220434782608696,1.739720063090785,7,0.21478260869565216,0.28043478260869564,0.08652173913043479,0.38309030569357505
smaller_N,300,0.03,0.4,0.875,6,5006,0.7211940038124725,0.016243329581178485,7.311304347826087,1.5201696253974741,7,0.24043478260869566,0.4965217391304348,0.08652173913043479,0.5733177507237115
smaller_N,300,0.03,0.4,0.875,7,5007,0.7743787593975333,0.014004851335581905,8.51086956521739,1.7291274830248882,8,0.21869565217391304,0.46,0.08652173913043479,0.6214484187501197
smaller_N,300,0.03,0.4,0.875,8,5008,0.8399624812564828,0.006777287955252118,7.042173913043478,1.4707154618600613,7,0.2643478260869565,0.2756521739130435,0.08652173913043479,0.298237743231315
smaller_N,300,0.03,0.4,0.875,9,5009,0.8113396441457077,0.008512207561298751,7.517826086956521,1.6381682679450482,8,0.23695652173913043,0.35130434782608694,0.08652173913043479,0.43912819230420846
smaller_N,300,0.03,0.4,0.9,0,5000,0.815996179120413,0.01269878711683037,6.725652173913043,1.9096877188076693,7,0.23782608695652174,0.2773913043478261,0.08652173913043479,0.40374697316488295
smaller_N,300,0.03,0.4,0.9,1,5001,0.8411695964496084,0.009964812225060774,7.690869565217391,1.7660085504827183,8,0.23652173913043478,0.32608695652173914,0.08652173913043479,0.43966602421895945
smaller_N,300,0.03,0.4,0.9,2,5002,0.8371942607462166,0.008367101555181519,5.972173913043478,1.6035584248564712,6,0.23347826086956522,0.17608695652173914,0.08652173913043479,0.21643946601628777
smaller_N,300,0.03,0.4,0.9,3,5003,0.7928610222401289,0.009252370073238234,7.512173913043478,1.5261003343895243,8,0.24434782608695652,0.35347826086956524,0.08652173913043479,0.40763149754079875
smaller_N,300,0.03,0.4,0.9,4,5004,0.8566081886692097,0.007426974624811905,6.838695652173913,1.478123970643123,7,0.26130434782608697,0.2526086956521739,0.08652173913043479,0.2758193311064904
smaller_N,300,0.03,0.4,0.9,5,5005,0.8210681495855491,0.008210608404773837,5.4165217391304346,1.2750059119919275,5,0.3095652173913043,0.18565217391304348,0.08652173913043479,0.16343117456269748
smaller_N,300,0.03,0.4,0.9,6,5006,0.7563358255129047,0.014452121471263459,7.285217391304347,1.6979395942684472,7,0.23173913043478261,0.4308695652173913,0.08652173913043479,0.5620523509650833
smaller_N,300,0.03,0.4,0.9,7,5007,0.7925278440122174,0.00980888625715944,8.007391304347825,1.7043262531908878,8,0.24,0.4073913043478261,0.08652173913043479,0.527689049739764
smaller_N,300,0.03,0.4,0.9,8,5008,0.8547621102441388,0.006812679382523263,6.759130434782609,1.6661017063883723,7,0.23956521739130435,0.22391304347826088,0.08652173913043479,0.2836892489992359
smaller_N,300,0.03,0.4,0.9,9,5009,0.8277109726576078,0.00766010823771386,7.600434782608696,1.654742796934787,8,0.2465217391304348,0.3456521739130435,0.08652173913043479,0.43096353004358945
smaller_N,300,0.03,0.4,0.925,0,5000,0.8301001398046787,0.012280317637993978,7.209130434782609,1.9915482573233412,7,0.20391304347826086,0.28043478260869564,0.08652173913043479,0.44461409121825834
smaller_N,300,0.03,0.4,0.925,1,5001,0.8531008539597331,0.008209963554711578,7.673478260869565,1.5313793404346354,8,0.2826086956521739,0.28608695652173916,0.08652173913043479,0.3142946230097295
smaller_N,300,0.03,0.4,0.925,2,5002,0.851303639547473,0.006352277855104521,5.837826086956522,1.3517314388582264,5,0.29391304347826086,0.16043478260869565,0.08652173913043479,0.15312536487210068
smaller_N,300,0.03,0.4,0.925,3,5003,0.8113474296529283,0.011107978208830301,7.868260869565217,1.5008813415831002,8,0.26956521739130435,0.35478260869565215,0.08652173913043479,0.3889467333362657
smaller_N,300,0.03,0.4,0.925,4,5004,0.8661293875620566,0.0066175717925813496,7.1695652173913045,1.3193986715327344,7,0.28347826086956524,0.23695652173913043,0.08652173913043479,0.2240134434451587
smaller_N,300,0.03,0.4,0.925,5,5005,0.8401618606356396,0.006294101099663599,6.1869565217391305,1.3905908496582016,6,0.27391304347826084,0.1582608695652174,0.08652173913043479,0.1597943990607726
smaller_N,300,0.03,0.4,0.925,6,5006,0.7842489567082199,0.01562951249390173,7.016521739130435,1.7236680016645296,7,0.23521739130434782,0.3734782608695652,0.08652173913043479,0.4923307387138972
smaller_N,300,0.03,0.4,0.925,7,5007,0.8089038736360841,0.011238661230706923,8.123913043478261,1.769756158911103,7,0.22260869565217392,0.3734782608695652,0.08652173913043479,0.5138287965406876
smaller_N,300,0.03,0.4,0.925,8,5008,0.8660381454900503,0.006870967884285936,5.7208695652173915,1.3569143801878882,6,0.3,0.15434782608695652,0.08652173913043479,0.14660575028753145
smaller_N,300,0.03,0.4,0.925,9,5009,0.8414370781204124,0.006698267652823396,7.391739130434782,1.3890946447046255,8,0.2678260869565217,0.3108695652173913,0.08652173913043479,0.31617264712349585
smaller_N,300,0.03,0.4,0.95,0,5000,0.841719152404394,0.010159756743683175,6.399130434782609,1.7264689096622174,6,0.23565217391304347,0.20478260869565218,0.08652173913043479,0.2702357921779763
smaller_N,300,0.03,0.4,0.95,1,5001,0.8617813006684651,0.008112401762462215,7.532608695652174,1.8889327959857314,7,0.24,0.2543478260869565,0.08652173913043479,0.3651389236509177
smaller_N,300,0.03,0.4,0.95,2,5002,0.8664634179227116,0.0055938994240129014,4.380869565217392,1.1876828483244837,5,0.41043478260869565,0.08956521739130435,0.08652173913043479,0.06271504344493635
smaller_N,300,0.03,0.4,0.95,3,5003,0.8271393652568876,0.009399664483733626,7.323913043478261,1.6908558140015697,7,0.23478260869565218,0.2917391304347826,0.08652173913043479,0.37747317371415473
smaller_N,300,0.03,0.4,0.95,4,5004,0.8775933633229503,0.00611423010854886,6.493043478260869,1.4241532489063493,6,0.2634782608695652,0.17173913043478262,0.08652173913043479,0.18014058014924225
smaller_N,300,0.03,0.4,0.95,5,5005,0.853309384042537,0.006161442094277061,5.946521739130435,1.2058592775915011,6,0.30826086956521737,0.12478260869565218,0.08652173913043479,0.10408617205455564
smaller_N,300,0.03,0.4,0.95,6,5006,0.8033101775382435,0.013877887729584216,6.093913043478261,1.5586664844763514,6,0.26869565217391306,0.288695652173913,0.08652173913043479,0.32907250508209857
smaller_N,300,0.03,0.4,0.95,7,5007,0.8235601202149948,0.008073937550544773,6.960434782608695,1.4758048011048355,7,0.28739130434782606,0.2791304347826087,0.08652173913043479,0.2935534778579001
smaller_N,300,0.03,0.4,0.95,8,5008,0.8763123603086749,0.006870303396059469,5.445217391304348,1.1942065569101135,6,0.3447826086956522,0.12173913043478261,0.08652173913043479,0.09525659790038389
smaller_N,300,0.03,0.4,0.95,9,5009,0.8537858273162078,0.007256153431664933,7.621304347826087,1.453504922436217,7,0.2373913043478261,0.27608695652173915,0.08652173913043479,0.3060301046170064
smaller_N,300,0.03,0.4,0.975,0,5000,0.8547377218545995,0.009048013601628007,5.7156521739130435,1.7995212553849511,6,0.23521739130434782,0.15782608695652173,0.08652173913043479,0.21720697933931113
smaller_N,300,0.03,0.4,0.975,1,5001,0.8723239180582527,0.007104420742228215,6.4534782608695656,1.5162915536315456,6,0.25,0.19391304347826088,0.08652173913043479,0.2205215336110239
smaller_N,300,0.03,0.4,0.975,2,5002,0.8783117596102556,0.005370853746057779,3.8643478260869566,1.102502395095324,4,0.3008695652173913,0.06565217391304348,0.08652173913043479,0.050604235468015187
smaller_N,300,0.03,0.4,0.975,3,5003,0.8405278913412956,0.007363781142035454,7.8160869565217395,1.528170941753956,8,0.26521739130434785,0.2956521739130435,0.08652173913043479,0.33197997206118085
smaller_N,300,0.03,0.4,0.975,4,5004,0.8865580256566202,0.006002804916804672,5.336956521739131,1.2050362967025146,5,0.37869565217391304,0.13043478260869565,0.08652173913043479,0.09765577776124021
smaller_N,300,0.03,0.4,0.975,5,5005,0.8651949725912275,0.006444239334575852,5.450434782608696,1.3447724173414415,6,0.2734782608695652,0.09043478260869565,0.08652173913043479,0.08835536195064159
smaller_N,300,0.03,0.4,0.975,6,5006,0.8230350077159556,0.008289414605474377,5.783913043478261,1.3962067840197996,6,0.2852173913043478,0.23217391304347826,0.08652173913043479,0.23170592743727467
smaller_N,300,0.03,0.4,0.975,7,5007,0.8340380946682846,0.009058890376334762,7.548260869565217,1.7016159894128084,8,0.23347826086956522,0.2891304347826087,0.08652173913043479,0.37712024287476603
smaller_N,300,0.03,0.4,0.975,8,5008,0.8842214317474326,0.004712097993860507,5.565652173913043,1.126959457188877,6,0.3234782608695652,0.11869565217391305,0.08652173913043479,0.09049505821049361
smaller_N,300,0.03,0.4,0.975,9,5009,0.8633303486624603,0.006274272336270428,7.229130434782609,1.4252762144000697,7,0.25956521739130434,0.23956521739130435,0.08652173913043479,0.25281894464907617
smaller_N,300,0.03,0.4,1.0,0,5000,0.8650130530867446,0.00857613397108984,5.811304347826087,1.6352245008689072,5,0.2565217391304348,0.15043478260869564,0.08652173913043479,0.18289167005962864
smaller_N,300,0.03,0.4,1.0,1,5001,0.8837670400740568,0.005020852856512247,5.133913043478261,1.069082252216255,5,0.3769565217391304,0.12347826086956522,0.08652173913043479,0.08224698409688884
smaller_N,300,0.03,0.4,1.0,2,5002,0.8885324340630385,0.005349011461338449,4.171739130434783,1.1430628274942913,4,0.32608695652173914,0.07217391304347825,0.08652173913043479,0.05559736665204161
smaller_N,300,0.03,0.4,1.0,3,5003,0.8536506815057601,0.0059153560423627115,6.568260869565218,1.346215798237909,7,0.2634782608695652,0.20434782608695654,0.08652173913043479,0.20261438553614075
smaller_N,300,0.03,0.4,1.0,4,5004,0.8933920621214431,0.005647578851833,4.963913043478261,1.186885728100645,5,0.28695652173913044,0.09782608695652174,0.08652173913043479,0.08279032857203611
smaller_N,300,0.03,0.4,1.0,5,5005,0.8774697548818023,0.0043213441584152995,4.627826086956522,1.1262517925353264,5,0.3243478260869565,0.049130434782608694,0.08652173913043479,0.03738602482008271
smaller_N,300,0.03,0.4,1.0,6,5006,0.8415565430390257,0.008537116566055864,5.415652173913044,1.3228159229361942,6,0.29043478260869565,0.19869565217391305,0.08652173913043479,0.18650054213105594
smaller_N,300,0.03,0.4,1.0,7,5007,0.8453747796777974,0.00898515800520394,7.043478260869565,1.788325932494342,7,0.23434782608695653,0.22782608695652173,0.08652173913043479,0.31194759886870804
smaller_N,300,0.03,0.4,1.0,8,5008,0.8938523330538202,0.004488125131624562,5.043913043478261,0.9232656555398521,5,0.4273913043478261,0.08608695652173913,0.08652173913043479,0.04551158690532496
smaller_N,300,0.03,0.4,1.0,9,5009,0.8725931817786979,0.005140662116046651,7.582608695652174,1.5722186411490482,8,0.27304347826086955,0.24565217391304348,0.08652173913043479,0.28076436899183493
smaller_N,300,0.03,0.4,1.025,0,5000,0.8766434763095986,0.005065484621686269,3.8530434782608696,1.134120746514611,4,0.34,0.06782608695652174,0.08652173913043479,0.05076916251423463
smaller_N,300,0.03,0.4,1.025,1,5001,0.8919478779372954,0.004813956241042975,5.22304347826087,1.0787631193523712,5,0.32521739130434785,0.11391304347826087,0.08652173913043479,0.08292078988549932
smaller_N,300,0.03,0.4,1.025,2,5002,0.8964325117003287,0.004879352081707105,4.334347826086956,1.0553974157178754,4,0.33260869565217394,0.06565217391304348,0.08652173913043479,0.046242966678307816
smaller_N,300,0.03,0.4,1.025,3,5003,0.8665665485758325,0.005424538588669312,6.531739130434783,1.2608973760051352,7,0.27695652173913043,0.17782608695652175,0.08652173913043479,0.16212113239472423
smaller_N,300,0.03,0.4,1.025,4,5004,0.8997877674808245,0.005494286230702146,5.074782608695652,1.2113839357105338,6,0.28,0.09608695652173913,0.08652173913043479,0.08380670167665735
smaller_N,300,0.03,0.4,1.025,5,5005,0.8875762063339471,0.0035269706389434506,4.211304347826087,0.9608207738940253,4,0.39608695652173914,0.033478260869565214,0.08652173913043479,0.0194258350283217
smaller_N,300,0.03,0.4,1.025,6,5006,0.8544470865267068,0.007827756373035837,6.010434782608695,1.567017322566969,5,0.23217391304347826,0.1891304347826087,0.08652173913043479,0.2275611311406583
smaller_N,300,0.03,0.4,1.025,7,5007,0.8564982996113261,0.007526282206100661,5.925652173913043,1.5590251304189688,6,0.2482608695652174,0.16956521739130434,0.08652173913043479,0.1987270778624934
smaller_N,300,0.03,0.4,1.025,8,5008,0.9020669750628831,0.0038807464324724294,5.596086956521739,1.1243867473676283,6,0.3343478260869565,0.08478260869565217,0.08652173913043479,0.06345558515163924
smaller_N,300,0.03,0.4,1.025,9,5009,0.8818427320525031,0.006150910312510103,7.253478260869565,1.6082967190428301,8,0.2417391304347826,0.2091304347826087,0.08652173913043479,0.2550363374998761
smaller_N,300,0.03,0.4,1.05,0,5000,0.8876271768537075,0.004390408523505849,3.6908695652173913,0.9475846321889568,3,0.3517391304347826,0.04565217391304348,0.08652173913043479,0.028043311028713446
smaller_N,300,0.03,0.4,1.05,1,5001,0.8988832843302328,0.0037390390432843566,5.693043478260869,0.9919871790134347,6,0.3991304347826087,0.11478260869565217,0.08652173913043479,0.06841673751263214
smaller_N,300,0.03,0.4,1.05,2,5002,0.9036331638685806,0.0040310266631216176,3.7256521739130433,0.8637346919902245,4,0.3847826086956522,0.034782608695652174,0.08652173913043479,0.018482943278699048
smaller_N,300,0.03,0.4,1.05,3,5003,0.8769517548048229,0.00491912704937326,5.657826086956522,1.1001401354283644,6,0.34608695652173915,0.13869565217391305,0.08652173913043479,0.09977709592077197
smaller_N,300,0.03,0.4,1.05,4,5004,0.904606698548168,0.005478133861140687,5.142173913043478,1.0674042326322346,6,0.33043478260869563,0.09,0.08652173913043479,0.0643227079507088
smaller_N,300,0.03,0.4,1.05,5,5005,0.8969344821224703,0.002043860488021892,4.0834782608695654,0.5656747313618695,4,0.6769565217391305,0.01217391304347826,0.29,0.0022246310166226615
smaller_N,300,0.03,0.4,1.05,6,5006,0.8664431464582285,0.005977998571829044,5.107826086956522,1.3444344423415568,5,0.2843478260869565,0.13608695652173913,0.08652173913043479,0.130935716619139
smaller_N,300,0.03,0.4,1.05,7,5007,0.8707103364473667,0.006494673147337562,5.126956521739131,1.545671191713247,5,0.24043478260869566,0.09782608695652174,0.08652173913043479,0.1148515519647157
smaller_N,300,0.03,0.4,1.05,8,5008,0.9092698817158112,0.003627925973941806,3.6626086956521737,0.893499312139607,4,0.46956521739130436,0.042608695652173914,0.08652173913043479,0.020194098349068147
smaller_N,300,0.03,0.4,1.05,9,5009,0.8901628476304989,0.0046329851376779975,5.832173913043478,1.2074441440740027,6,0.3030434782608696,0.13956521739130434,0.08652173913043479,0.11744916551207503
smaller_N,300,0.03,0.4,1.075,0,5000,0.8956767085178948,0.0039256136288974095,4.062608695652174,0.8353557814868561,4,0.4078260869565217,0.03695652173913044,0.08652173913043479,0.0182815012173098
smaller_N,300,0.03,0.4,1.075,1,5001,0.9052382537253684,0.004151616631610773,5.324347826086957,0.8924895619263276,5,0.4295652173913043,0.09,0.08652173913043479,0.045819638540524815
smaller_N,300,0.03,0.4,1.075,2,5002,0.9094517954476147,0.0038059489041892386,3.865217391304348,0.9055907011218767,4,0.3634782608695652,0.04434782608695652,0.08652173913043479,0.02556333672333319
smaller_N,300,0.03,0.4,1.075,3,5003,0.885036649382738,0.00543158842161639,4.507391304347826,1.1105960694553187,5,0.35130434782608694,0.10130434782608695,0.08652173913043479,0.07298358771498878
smaller_N,300,0.03,0.4,1.075,4,5004,0.9093998049714365,0.005642743547346166,5.432173913043478,1.2584357319678203,5,0.31130434782608696,0.09608695652173913,0.08652173913043479,0.08327656912293309
smaller_N,300,0.03,0.4,1.075,5,5005,0.9066002104776422,3.926203754154266e-07,3.9991304347826087,0.029475567402918776,4,0.9991304347826087,0.0004347826086956522,1.0,1.114390744677699e-08
smaller_N,300,0.03,0.4,1.075,6,5006,0.8751578977841724,0.005611339783837348,4.524347826086957,1.1724438471283762,5,0.3247826086956522,0.09913043478260869,0.08652173913043479,0.07847705318609756
smaller_N,300,0.03,0.4,1.075,7,5007,0.8813958765472414,0.005437506236049061,5.1326086956521735,1.4944177792889175,5,0.30130434782608695,0.09652173913043478,0.08652173913043479,0.1007825190843017
smaller_N,300,0.03,0.4,1.075,8,5008,0.9152002993609187,0.0030635008469214312,3.9521739130434783,0.7566341745533831,4,0.4956521739130435,0.0391304347826087,0.08652173913043479,0.014932440423832358
smaller_N,300,0.03,0.4,1.075,9,5009,0.8966955995142213,0.0041603228668738714,6.221739130434782,1.18228096481892,6,0.29391304347826086,0.1265217391304348,0.08652173913043479,0.10561948428998874
smaller_N,300,0.03,0.4,1.1,0,5000,0.9034682418502119,0.002716716923823299,4.9543478260869565,0.8733261061669149,5,0.38565217391304346,0.033478260869565214,0.08652173913043479,0.017961957753362765
smaller_N,300,0.03,0.4,1.1,1,5001,0.9106541428928214,0.004473656872137426,5.638260869565217,1.1246319288662094,5,0.3017391304347826,0.08565217391304347,0.08652173913043479,0.06726149396459631
smaller_N,300,0.03,0.4,1.1,2,5002,0.9146629527854685,0.0034809979498617773,4.016521739130435,0.8063261218296239,4,0.41347826086956524,0.04391304347826087,0.08652173913043479,0.02076769948486814
smaller_N,300,0.03,0.4,1.1,3,5003,0.8922279761609447,0.003779014686173542,4.773478260869565,0.8799659513949201,5,0.41304347826086957,0.08869565217391304,0.08652173913043479,0.045811460443564316
smaller_N,300,0.03,0.4,1.1,4,5004,0.9155082100178543,0.004739538369946749,5.184782608695652,1.0935517306116018,5,0.3443478260869565,0.08260869565217391,0.08652173913043479,0.05922957384644819
smaller_N,300,0.03,0.4,1.1,5,5005,0.9138175527259702,1.095692030725464e-06,2.0,0.0,2,1.0,0.0,1.0,0.0
smaller_N,300,0.03,0.4,1.1,6,5006,0.884693658596292,0.005735222977138619,4.68304347826087,1.2690185690305809,5,0.29347826086956524,0.10304347826086957,0.08652173913043479,0.09238767129316812
smaller_N,300,0.03,0.4,1.1,7,5007,0.889215622864841,0.0037842763484648555,4.18608695652174,1.065334155091153,4,0.36086956521739133,0.05347826086956522,0.08652173913043479,0.03641267905178188
smaller_N,300,0.03,0.4,1.1,8,5008,0.9211754021720223,0.0024185922883844216,4.160434782608696,0.7204465901265359,4,0.4891304347826087,0.029565217391304348,0.08652173913043479,0.010881603874880364
smaller_N,300,0.03,0.4,1.1,9,5009,0.9037019159387842,0.003875911834221713,4.633478260869565,0.9735685532042825,5,0.35043478260869565,0.0791304347826087,0.08652173913043479,0.050041792345944476
smaller_N,300,0.03,0.4,1.125,0,5000,0.9111720166905082,0.00216889636714691,3.9808695652173913,0.5288043366548996,4,0.72,0.025652173913043478,0.08652173913043479,0.0037981947748212752
smaller_N,300,0.03,0.4,1.125,1,5001,0.9162224996745388,0.003386933504704876,5.8191304347826085,1.0351975784675256,6,0.3356521739130435,0.07304347826086957,0.08652173913043479,0.05023428408715049
smaller_N,300,0.03,0.4,1.125,2,5002,0.9193100544813365,0.0032945388806190855,4.1726086956521735,0.7935814108058225,5,0.4026086956521739,0.035652173913043476,0.08652173913043479,0.016901934385736554
smaller_N,300,0.03,0.4,1.125,3,5003,0.8986702773478751,0.004488661777722926,4.638695652173913,1.1357349826657015,5,0.3182608695652174,0.07347826086956522,0.08652173913043479,0.05689237970178908
smaller_N,300,0.03,0.4,1.125,4,5004,0.9195690930927436,0.004573970802982993,5.5517391304347825,1.103520659068306,6,0.35391304347826086,0.0817391304347826,0.08652173913043479,0.058277573393990055
smaller_N,300,0.03,0.4,1.125,5,5005,0.9197256448052096,4.0888721951471723e-07,2.0,0.0,2,1.0,0.0,1.0,0.0
smaller_N,300,0.03,0.4,1.125,6,5006,0.8919988884010075,0.00408994799017561,5.059565217391304,1.148692936836471,5,0.3173913043478261,0.10608695652173913,0.08652173913043479,0.08318360952575529
smaller_N,300,0.03,0.4,1.125,7,5007,0.8981995110842433,0.0036486069440572404,4.302173913043478,1.0427782978418305,4,0.3804347826086957,0.03956521739130435,0.08652173913043479,0.025561867521804397
smaller_N,300,0.03,0.4,1.125,8,5008,0.9258244038185642,0.0027936311001783027,4.318695652173913,0.7136544307315941,5,0.4469565217391304,0.03217391304347826,0.08652173913043479,0.012698462446837595
smaller_N,300,0.03,0.4,1.125,9,5009,0.9102593970246382,0.0036567257265647255,4.8673913043478265,1.0414359542866318,5,0.37565217391304345,0.08217391304347826,0.08652173913043479,0.05343098056273416
smaller_N,300,0.03,0.4,1.15,0,5000,0.9172290414083618,0.002065877336236873,2.618695652173913,0.49808157484340626,3,0.6247826086956522,0.010869565217391304,0.2117391304347826,0.002031400938731306
smaller_N,300,0.03,0.4,1.15,1,5001,0.9214918505657114,0.00336166908354678,4.716521739130434,0.8395578996821569,5,0.45130434782608697,0.034782608695652174,0.09565217391304348,0.016023018523404785
smaller_N,300,0.03,0.4,1.15,2,5002,0.9242846391301588,0.0028729673916277313,4.262173913043478,0.7804427757856385,5,0.4473913043478261,0.03260869565217391,0.13521739130434782,0.014063461225564148
smaller_N,300,0.03,0.4,1.15,3,5003,0.9037395245715877,0.003741293234453696,4.569565217391304,0.944979770940004,5,0.4108695652173913,0.05652173913043478,0.08652173913043479,0.03146657648319682
smaller_N,300,0.03,0.4,1.15,4,5004,0.9235815806639199,0.0034030350483239945,5.703043478260869,0.9749422938669295,6,0.3452173913043478,0.07130434782608695,0.08652173913043479,0.04551893211444893
smaller_N,300,0.03,0.4,1.15,5,5005,0.9248125839719312,3.74434569860982e-08,2.0,0.0,2,1.0,0.0,1.0,0.0
smaller_N,300,0.03,0.4,1.15,6,5006,0.8998398429129338,0.003625088371082083,2.7769565217391303,0.7508194641022955,3,0.4752173913043478,0.04173913043478261,0.08652173913043479,0.01644592722661836
smaller_N,300,0.03,0.4,1.15,7,5007,0.9060239305247545,0.00294186988232768,3.1517391304347826,0.7052730101907997,3,0.5004347826086957,0.01608695652173913,0.1308695652173913,0.005667915566364168
smaller_N,300,0.03,0.4,1.15,8,5008,0.9305692358815336,0.002198650743305442,3.5386956521739132,0.5088589481492206,4,0.5439130434782609,0.02217391304347826,0.08652173913043479,0.005146209091636888
smaller_N,300,0.03,0.4,1.15,9,5009,0.9152720557515732,0.004862995545311735,3.4413043478260867,0.9906247670594206,4,0.34304347826086956,0.03782608695652174,0.08826086956521739,0.024617119744054537
