control_type,K,seed,R_mean,R_std,cluster_mean,cluster_std,dominant_cluster,dominant_fraction,switching_rate,memory_score,reorganization_score
original,0.4,0,0.08648299896064761,0.048070746687975854,0.034,0.18932511719262185,0,0.9675,0.022,0.6075,0.0001353674649457908
original,0.4,1,0.13641221594154926,0.056823185104891656,0.105,0.31933524703671534,0,0.899,0.052,0.194,0.0016771487496896884
original,0.4,2,0.10333499007978904,0.049973401775231956,0.0535,0.22942918297374462,0,0.9475,0.0305,0.487,0.00036737349128174065
original,0.4,3,0.09700860243418268,0.03918848399744372,0.0405,0.1971287650242856,0,0.9595,0.027,0.5735,0.0002155603125377712
original,0.4,4,0.09243248529395501,0.03822245286283461,0.0295,0.16920328011004987,0,0.9705,0.025,0.7705,0.0001247874240726584
original,0.4,5,0.10910756282335402,0.04200982799423483,0.059,0.23562470159132295,0,0.941,0.039,0.445,0.000542172452263492
original,0.4,6,0.07604572399307136,0.040376761475673706,0.0485,0.21482027371735654,0,0.9515,0.0335,0.546,0.00034902925014105825
original,0.4,7,0.23203076129147882,0.03978303577080506,0.2345,0.48837460007662153,0,0.794,0.12,0.1275,0.01207262021449925
original,0.4,8,0.07891041747369183,0.027110276309010466,0.03,0.1705872210923198,0,0.97,0.021,0.7245,0.0001074699544057782
original,0.4,9,0.07898437617581286,0.04951201722763427,0.0595,0.24891715489294827,0,0.9435,0.042,0.657,0.0005906804226247855
original,0.4,10,0.09247655210525557,0.06024061528413117,0.0605,0.24049896049671401,0,0.94,0.037,0.595,0.0005339077067326432
original,0.4,11,0.14785905532418553,0.04822631597042828,0.068,0.26148804944012255,0,0.9345,0.042,0.374,0.0007193536411372445
original,0.4,12,0.07879696423090325,0.04972641807983079,0.041,0.19829019138626097,0,0.959,0.023,0.628,0.0001869876586071421
original,0.4,13,0.09809163567143964,0.05721917768917533,0.0475,0.2241511766643218,0,0.955,0.0315,0.682,0.0003177343030084794
original,0.4,14,0.08585256033674445,0.05205419636422321,0.042,0.203066491573573,0,0.9585,0.035,0.783,0.0002949540874378741
original,0.4,15,0.08176505401005288,0.053288321118377245,0.0485,0.24929450455234664,0,0.9575,0.025,0.7245,0.00026487542168188464
original,0.4,16,0.09169674981494882,0.041329902664168416,0.043,0.20285709255532572,0,0.957,0.027,0.5515,0.00023551709317958834
original,0.4,17,0.13329335391109512,0.03227624039255509,0.0675,0.2548406364769952,0,0.9335,0.039,0.4845,0.0006609292076499893
original,0.4,18,0.10022628007357824,0.04866064697427489,0.0315,0.17466467874186814,0,0.9685,0.024,0.727,0.00013204650263078959
original,0.4,19,0.11400885686316135,0.060131086601273524,0.0665,0.25115284191105625,0,0.934,0.044,0.374,0.0007293478694857942
original,0.45,0,0.10298565214575245,0.04902022976563661,0.0435,0.20397977840952766,0,0.9565,0.034,0.6275,0.00030168610114081167
original,0.45,1,0.19759532197885107,0.07568295286368718,0.1965,0.47104962583574994,0,0.8345,0.0965,0.3035,0.007523015889775015
original,0.45,2,0.11264058705094541,0.06055546918620138,0.034,0.1945353438324255,0,0.968,0.027,0.8305,0.00016807854329634677
original,0.45,3,0.12556271231966462,0.04555748442497704,0.0945,0.29760670355353225,0,0.907,0.0545,0.2565,0.0015084196046385012
original,0.45,4,0.23433780172508084,0.03929315520430072,0.1915,0.42758361755333896,0,0.822,0.11,0.1095,0.008372087307804263
original,0.45,5,0.18954207932648837,0.05112084652922208,0.1795,0.42341439512609863,0,0.8355,0.083,0.186,0.005781088513505854
original,0.45,6,0.07917068151962384,0.055409984363118954,0.0405,0.19712876502428558,0,0.9595,0.022,0.6145,0.00017564173762035337
original,0.45,7,0.29168243603623245,0.03067614047118748,0.3575,0.5680613963296574,0,0.688,0.1605,0.0995,0.028446242659839083
original,0.45,8,0.10906716443411167,0.046990138466883484,0.039,0.19359493795035035,0,0.961,0.035,0.648,0.0002642570978524311
original,0.45,9,0.11615488261560873,0.07069170800847065,0.075,0.2745450782658469,0,0.928,0.046,0.533,0.0009092933189837299
original,0.45,10,0.18198673845844213,0.04589493011659683,0.0995,0.3187471568500651,0,0.9065,0.061,0.27,0.0018179744388972059
original,0.45,11,0.194098947017589,0.04974133249118647,0.1905,0.44967738435460597,0,0.832,0.095,0.338,0.007176851129845314
original,0.45,12,0.10727849074384971,0.07302933268167633,0.0625,0.24818088161661447,0,0.939,0.039,0.6455,0.0005904223325049601
original,0.45,13,0.0977652580785841,0.05337643535638124,0.0485,0.23053795782907419,0,0.9545,0.032,0.718,0.000335663277088609
original,0.45,14,0.14183915039826303,0.07183286903815088,0.0815,0.2825911357420823,0,0.921,0.047,0.3895,0.0010492609093350508
original,0.45,15,0.14344411697961232,0.06457124086589759,0.1125,0.3253363643984484,0,0.8905,0.0655,0.2995,0.002333393775181104
original,0.45,16,0.15263784502008895,0.05718945829725186,0.0975,0.31143819611601914,0,0.907,0.0585,0.2995,0.001694379534932954
original,0.45,17,0.2009515315865072,0.051201825925194185,0.1345,0.3706882113043251,0,0.8755,0.0805,0.201,0.003715129971895456
original,0.45,18,0.14081557529235975,0.04820765757011852,0.0655,0.25141549276049,0,0.9355,0.039,0.428,0.0006324356882553119
original,0.45,19,0.11709204287814994,0.06594712981185998,0.0485,0.21482027371735654,0,0.9515,0.036,0.4945,0.0003750762083292877
original,0.5,0,0.14160893092948168,0.049229059171968306,0.0785,0.2798888172114063,0,0.9245,0.052,0.566,0.0010988435175035868
original,0.5,1,0.29393250828507184,0.07459175016850318,0.664,0.9955420634006381,0,0.5845,0.1945,0.1015,0.08045448338185444
original,0.5,2,0.11837498708351524,0.05450372348569226,0.0785,0.28519773842020557,0,0.926,0.0485,0.549,0.0010235747042947499
original,0.5,3,0.2263852802796398,0.06101730892332011,0.2385,0.4976120476837353,0,0.7925,0.1255,0.173,0.012958439839998573
original,0.5,4,0.30682859356825476,0.05160979424808655,0.4235,0.6573794566306435,0,0.6595,0.1905,0.0995,0.04264108302304855
original,0.5,5,0.21621019171698294,0.07534729647547139,0.24,0.5023942674832188,0,0.7925,0.1175,0.179,0.012249000338322038
original,0.5,6,0.17611666587065336,0.07865822546257441,0.163,0.39170269337853675,0,0.845,0.0955,0.3345,0.005798179179449708
original,0.5,7,0.38233021887655166,0.0428055489835762,1.073,1.1263529642168124,0,0.3635,0.334,0.0995,0.23945250373274007
original,0.5,8,0.18303704466146303,0.0616708092286448,0.1345,0.36388150543824016,0,0.873,0.079,0.23,0.0036508231902748147
original,0.5,9,0.2030092963278467,0.04970110265902404,0.2355,0.48686728171032395,0,0.7915,0.1075,0.175,0.010912521636946603
original,0.5,10,0.25022933311922074,0.04881556589167021,0.272,0.5366712215127619,0,0.7675,0.147,0.0995,0.01834208079802848
original,0.5,11,0.3326318019981905,0.06594678550232802,0.8815,0.8902009604578058,0,0.4065,0.2975,0.0995,0.15717944586276733
original,0.5,12,0.1523952476274812,0.07534070547145515,0.118,0.34939376067697603,0,0.89,0.061,0.4105,0.0023444321725758226
original,0.5,13,0.20221657097141213,0.09218634285224382,0.274,0.534718617592468,0,0.7665,0.133,0.2915,0.01660595415349969
original,0.5,14,0.2041194877980206,0.08207459535093752,0.233,0.4855007723989736,0,0.795,0.118,0.182,0.011744263783858828
original,0.5,15,0.1980682509498962,0.06909379167805649,0.1655,0.39001249979968583,0,0.841,0.0835,0.2445,0.005178001015602517
original,0.5,16,0.17995690135653403,0.07623575124414644,0.134,0.36884142934328834,0,0.876,0.082,0.2845,0.003750379699298893
original,0.5,17,0.30993390801480236,0.05321038155575312,0.6525,0.784055961012988,0,0.5185,0.266,0.0995,0.10042110380810546
original,0.5,18,0.20657766605195274,0.05568260270475748,0.147,0.3967253457998367,0,0.8675,0.092,0.2385,0.004836082017866116
original,0.5,19,0.1250824966493072,0.0556779114176398,0.0395,0.19984931823751614,0,0.9615,0.031,0.6095,0.00023852016901067412
original,0.55,0,0.2072480123651235,0.08649503870000888,0.302,0.5601749726647915,0,0.7465,0.146,0.137,0.02073263605530095
original,0.55,1,0.42356650702194404,0.05873266487360812,2.4105,1.50731209442504,2,0.244,0.4225,0.0995,0.48145055721983
original,0.55,2,0.1360732354272721,0.06241652172136912,0.1595,0.44951056717278626,0,0.8675,0.0765,0.3785,0.0045563515460653025
original,0.55,3,0.32968090707646397,0.12997966162269844,1.5085,1.787156330598977,0,0.438,0.31,0.157,0.3113583769213357
original,0.55,4,0.349895362635311,0.09569831461550948,1.06,1.47220922426128,0,0.511,0.254,0.104,0.1828572196285069
original,0.55,5,0.29647753402730415,0.040940151582144924,0.5615,0.726785903825879,0,0.562,0.2375,0.0995,0.07560390396381927
original,0.55,6,0.2272334861659976,0.06575285924308595,0.2235,0.48430130084483564,0,0.806,0.12,0.275,0.011274534377622223
original,0.55,7,0.42719381980953697,0.06276470948220679,2.1215,1.6543088435960198,1,0.235,0.424,0.0995,0.5365916177743513
original,0.55,8,0.28992475327397993,0.05967461935004859,0.5915,0.7633005633431696,0,0.55,0.225,0.0995,0.07728418238198118
original,0.55,9,0.2940316625848277,0.06201027476793618,0.6515,0.8677832390637652,0,0.5525,0.2555,0.179,0.09921908175573745
original,0.55,10,0.39381298904618633,0.0772696241893814,1.6605,1.4557608835244888,1,0.2935,0.3905,0.0995,0.4016273236025202
original,0.55,11,0.42339633050643505,0.06979759192432206,2.3065,1.6185047883772232,2,0.2505,0.4385,0.0995,0.531930906315777
original,0.55,12,0.2963317339600553,0.09925646676149827,0.847,1.1758362981299735,0,0.5565,0.256,0.1875,0.1334997504659681
original,0.55,13,0.3386868769534679,0.07568220124757415,0.9725,1.0764496040224085,0,0.433,0.306,0.0995,0.18676615980744285
original,0.55,14,0.3848257923714766,0.06462665147971997,1.3415,1.3597344409847094,0,0.3355,0.362,0.0995,0.3270827609479744
original,0.55,15,0.2795236535519441,0.054734521274680835,0.4065,0.6513507119824158,0,0.6745,0.1745,0.0995,0.036996557814937873
original,0.55,16,0.29342296954923275,0.06953952052257882,0.648,0.841484402707501,0,0.5515,0.24,0.0995,0.09057738148484115
original,0.55,17,0.4190286738603419,0.04480796411796696,2.0755,1.4116655942538232,1,0.2775,0.454,0.0995,0.46304749091909625
original,0.55,18,0.32763300710433485,0.07017678858711046,1.0115,1.0882866120650387,0,0.407,0.3095,0.0995,0.19973705156079277
original,0.55,19,0.23136381015585528,0.07196141157960909,0.2975,0.5366504914746655,0,0.7395,0.14,0.1725,0.019571643563878503
original,0.6,0,0.394802119614129,0.11761344406314113,2.51,2.0944927786936867,0,0.2435,0.3915,0.0995,0.6203254042269983
original,0.6,1,0.6123076655622977,0.01202149797404486,5.3485,1.393932476843839,5,0.3115,0.3425,0.0995,0.3287049607398643
original,0.6,2,0.311539635526813,0.09425392883332895,1.314,1.496129673524324,0,0.424,0.309,0.0995,0.266287144674324
original,0.6,3,0.3757144876262843,0.09489126274752717,2.6715,1.9203092849851036,1,0.21,0.468,0.0995,0.7099767503617369
original,0.6,4,0.3760063386640461,0.07701140103490484,2.106,1.8721014929752073,0,0.2395,0.3815,0.0995,0.5431542116567498
original,0.6,5,0.4125845772303775,0.09098130202713196,3.2385,1.862422548725181,4,0.1935,0.425,0.0995,0.6383686103594587
original,0.6,6,0.370198198244535,0.10742506767553649,1.899,1.7927071707336923,0,0.2885,0.358,0.0995,0.4566329936832851
original,0.6,7,0.485467067842529,0.03186852535965163,4.404,1.3452821265444657,5,0.308,0.4315,0.0995,0.40169855335285953
original,0.6,8,0.3871725667040404,0.11067710140377869,1.931,2.06233823608059,0,0.3715,0.357,0.0995,0.462736111847644
original,0.6,9,0.4061718902804715,0.09392333235745799,2.5405,2.1038915727765057,1,0.2145,0.423,0.0995,0.6990526909185516
original,0.6,10,0.46913231316939913,0.036079147119341994,4.0555,1.7393733785475733,3,0.228,0.5075,0.0995,0.6814690973239499
original,0.6,11,0.5320889882712245,0.02465362824427835,4.7235,1.3849360093520566,4,0.273,0.4655,0.0995,0.46868796788775746
original,0.6,12,0.4099668203888437,0.08073549160798527,2.7985,1.771975662925425,3,0.211,0.4655,0.0995,0.6508103368895075
original,0.6,13,0.4219299786858996,0.12646803648026106,2.89,2.2411827234743713,1,0.1975,0.468,0.0995,0.8417209972538188
original,0.6,14,0.43081793797442175,0.05568770422548549,3.276,1.5635932975041815,3,0.2495,0.481,0.0995,0.56444232743616
original,0.6,15,0.3450033468619853,0.10463430562439564,1.735,1.8225737296471711,0,0.338,0.3355,0.0995,0.40479544913491017
original,0.6,16,0.4193035217658443,0.09206176199505949,2.9635,1.9437509485528233,4,0.168,0.446,0.0995,0.721271553598594
original,0.6,17,0.4805566303012703,0.028474869206281866,4.311,1.6535655414890575,4,0.2155,0.545,0.0995,0.7069860824747225
original,0.6,18,0.39171539491369384,0.07629889531807496,2.228,1.7888588541301969,1,0.232,0.427,0.0995,0.5866312185618838
original,0.6,19,0.3518482324231671,0.14195827926601812,2.247,2.0300224136693665,0,0.2705,0.3515,0.166,0.5205368262771901
original,0.65,0,0.46598799366813787,0.09863348272029461,4.546,1.7854646454074636,5,0.22,0.406,0.0995,0.5654209453002982
original,0.65,1,0.7414466914874711,0.0030727805545362444,2.8405,0.9649143744395147,3,0.4245,0.0765,0.0995,0.042481079575788686
original,0.65,2,0.38523638607674954,0.10569876964382022,3.0745,1.9884541106095457,1,0.1855,0.398,0.0995,0.644599159110003
original,0.65,3,0.6037734502539808,0.008882491350506073,5.6295,1.4202921354425646,6,0.267,0.407,0.0995,0.4237171740997898
original,0.65,4,0.5322384990898396,0.01813876775796617,5.847,1.3170387238042776,6,0.306,0.462,0.0995,0.42227949284994276
original,0.65,5,0.6197365438709113,0.007878943863799216,4.63,1.3546586285850766,5,0.2775,0.225,0.0995,0.22021669428810234
original,0.65,6,0.4169661946558723,0.13023341990035195,3.573,2.167180426268196,5,0.2115,0.375,0.0995,0.640808164000999
original,0.65,7,0.6840687341275576,0.0026387239542492906,2.7945,0.8326282183543866,3,0.4505,0.0655,0.0995,0.029968163449594878
original,0.65,8,0.42554676796716884,0.06733008791685091,3.9025,1.613069666815417,4,0.238,0.4955,0.0995,0.6090483283983229
original,0.65,9,0.47407531478247245,0.055316883497933664,4.931,1.3100530523608576,5,0.304,0.452,0.0995,0.41213221076010387
original,0.65,10,0.6388191886068536,0.005790782414439226,3.998,1.254589972859659,4,0.301,0.2195,0.0995,0.19249236770780231
original,0.65,11,0.6761838750376262,0.004313682644306113,4.3065,1.2035604471733026,4,0.347,0.2175,0.0995,0.1709386821968312
original,0.65,12,0.604433097941733,0.01120015574338283,4.7355,1.4298740329133892,4,0.2875,0.281,0.0995,0.28627865583345724
original,0.65,13,0.49315097765298044,0.01590970933259383,5.477,1.286262414906072,6,0.3005,0.518,0.0995,0.4660656105792215
original,0.65,14,0.6053462755513395,0.005818096047363466,4.443,1.1030643680221022,4,0.344,0.2115,0.0995,0.1530435634004688
original,0.65,15,0.40417344757639706,0.06783181529947234,3.489,1.6863804434349918,4,0.216,0.475,0.0995,0.6280080784573132
original,0.65,16,0.5435276590035877,0.012293422019917741,5.931,1.2892784803912611,6,0.313,0.448,0.0995,0.39680897446663516
original,0.65,17,0.6155365997130107,0.005739691772514564,5.5775,1.3949887992381875,5,0.2725,0.3715,0.0995,0.3770183925769622
original,0.65,18,0.5228060689460298,0.01357816136948498,5.373,1.3931514634094888,5,0.2725,0.5325,0.0995,0.5396981707417073
original,0.65,19,0.3890056802312328,0.09040942427223914,3.711,1.7738317282087384,4,0.207,0.435,0.0995,0.611892125210894
original,0.7,0,0.7217877457970587,0.003305628594109063,2.985,1.110754248247559,3,0.3385,0.085,0.0995,0.06245493522810356
original,0.7,1,0.8022296452747967,0.0008001767364264544,1.374,0.49104378623499556,1,0.6295,0.0155,0.0995,0.002819941885332744
original,0.7,2,0.6626209833716501,0.002977715251145115,2.4985,0.9974957393392716,2,0.4145,0.061,0.0995,0.03562605966240551
original,0.7,3,0.7222358185339038,0.0024665353590148874,2.541,0.8416168962182259,3,0.45,0.0585,0.0995,0.027079024098710713
original,0.7,4,0.7062104412775945,0.0026275117626611503,3.0045,0.9200433413703945,3,0.3655,0.0955,0.0995,0.05574979684327122
original,0.7,5,0.7428730925067453,0.001091353203892699,1.425,0.5834166607151359,1,0.623,0.022,0.0995,0.0048388580039194174
original,0.7,6,0.6367688566313456,0.005162572349954668,3.5835,1.2004281527854967,4,0.344,0.1555,0.0995,0.12245327579682383
original,0.7,7,0.7758084380775901,0.0010542250720404931,1.422,0.4938785275753544,1,0.578,0.0115,0.0995,0.0023967927027399335
original,0.7,8,0.6352986154784552,0.0036468998421906183,3.7405,1.2017319792699204,3,0.3,0.157,0.0995,0.13207034536297663
original,0.7,9,0.70041252218955,0.002698017475347099,2.14,0.8991106717195609,2,0.4505,0.0635,0.0995,0.031372893940039885
original,0.7,10,0.7468358872097063,0.0018589337421060813,1.6335,0.6929485911667618,1,0.477,0.0265,0.0995,0.009603921361687848
original,0.7,11,0.7625005937100395,0.0019469405483961647,1.7985,0.7549157237731905,2,0.466,0.037,0.0995,0.014915625273435694
original,0.7,12,0.7206686323186332,0.0016560710398068718,1.7955,0.7153179363052488,2,0.448,0.0295,0.0995,0.011648237669650173
original,0.7,13,0.6713386865477803,0.0034309955215998666,3.3725,1.1170245073408194,3,0.363,0.1545,0.0995,0.10993364313825235
original,0.7,14,0.7430586664587481,0.0010729083013423276,1.488,0.5411617133537812,1,0.5335,0.014,0.0995,0.003534327402365484
original,0.7,15,0.6583224422107726,0.002475826524078198,2.1255,0.8641468335879037,2,0.434,0.0385,0.0995,0.018830624139821117
original,0.7,16,0.7137853891063837,0.0017464401347645573,1.44,0.4963869458396342,1,0.56,0.012,0.0995,0.0026209232924435245
original,0.7,17,0.7196710932823748,0.0022319810173671846,2.26,0.893532316147547,2,0.477,0.0605,0.0995,0.02827270324870001
original,0.7,18,0.6719542568749712,0.004502234339782556,3.568,1.053269196359601,4,0.359,0.1365,0.0995,0.0921573689144234
original,0.7,19,0.7141529525402779,0.003178906892425713,2.6685,1.1504815296214017,3,0.3325,0.079,0.0995,0.060667768028706985
original,0.75,0,0.7898344442539846,0.0011726317342454068,1.415,0.4927220311697053,1,0.585,0.014,0.0995,0.0028627152055756312
original,0.75,1,0.8405849889497179,1.8181856234998608e-05,1.0,0.0,1,1.0,0.0,1.0,0.0
original,0.75,2,0.7604847035390028,3.606566539767062e-05,1.0,0.0,1,1.0,0.0,1.0,0.0
original,0.75,3,0.7845180064010049,0.00026944175917694585,1.0905,0.2868967584341099,1,0.9095,0.0045,0.6685,0.00011683873083644793
original,0.75,4,0.7769242337682031,0.00019559742108916337,1.0155,0.12353036064061339,1,0.9845,0.002,0.874,3.829443094579594e-06
original,0.75,5,0.8020900324336443,1.0135151274787368e-05,1.0,0.0,1,1.0,0.0,1.0,0.0
original,0.75,6,0.754426342392633,0.00014887692297634863,1.1675,0.373421678535138,1,0.8325,0.0085,0.585,0.0005316591773625339
original,0.75,7,0.8247098390382195,2.8569879513185575e-05,1.0,0.0,1,1.0,0.0,1.0,0.0
original,0.75,8,0.746781490788482,0.0005816242707051597,1.5845,0.4968498264063298,2,0.5805,0.0205,0.0995,0.004272784503066337
original,0.75,9,0.7773729526765689,8.087008201506323e-05,1.0,0.0,1,1.0,0.0,1.0,0.0
original,0.75,10,0.8035693158148981,0.00013757404582773235,1.0295,0.1692032801100499,1,0.9705,0.0025,0.9125,1.247874689961293e-05
original,0.75,11,0.8126943995611827,0.00046108989806252097,2.0615,0.795435572501004,2,0.3635,0.0345,0.0995,0.017467169101737418
original,0.75,12,0.7853680316905074,5.450721199415209e-05,1.0,0.0,1,1.0,0.0,1.0,0.0
original,0.75,13,0.7512102677507397,0.00027438763417388773,1.0755,0.2641964231400569,1,0.9245,0.004,0.721,7.978733973512716e-05
original,0.75,14,0.8037703797980543,1.6195367035042502e-05,1.976,0.15304901175767188,2,0.976,0.0015,0.9185,5.5097680964524745e-06
original,0.75,15,0.7638022655252475,8.911670739745747e-05,1.0305,0.17195857059187253,1,0.9695,0.0015,0.9045,7.867109849314564e-06
original,0.75,16,0.7837140115931396,0.0001799236580116199,1.1755,0.38039420342586716,1,0.8245,0.0075,0.425,0.0005006939370184802
original,0.75,17,0.7817952026490202,0.0007259394519351318,1.4045,0.4907950183121259,1,0.5955,0.013,0.0995,0.0025808458023208985
original,0.75,18,0.7505900981688853,0.0002691342873048844,1.0,0.0,1,1.0,0.0,1.0,0.0
original,0.75,19,0.7888505757433484,1.063311715099701e-05,1.0,0.0,1,1.0,0.0,1.0,0.0
original,0.8,0,0.8300835323668189,6.458143729407145e-05,1.0,0.0,1,1.0,0.0,1.0,0.0
original,0.8,1,0.8673014958060333,5.121361512789466e-07,2.0,0.0,2,1.0,0.0,1.0,0.0
original,0.8,2,0.8114100590141545,2.743110795715127e-07,1.0,0.0,1,1.0,0.0,1.0,0.0
original,0.8,3,0.8246478014832295,7.334009139750433e-06,1.0,0.0,1,1.0,0.0,1.0,0.0
original,0.8,4,0.8201235851990466,5.595796789619957e-06,1.0,0.0,1,1.0,0.0,1.0,0.0
original,0.8,5,0.8392519475901252,5.096484865841709e-08,1.0,0.0,1,1.0,0.0,1.0,0.0
original,0.8,6,0.807904786824865,1.1375216250189802e-06,1.0,0.0,1,1.0,0.0,1.0,0.0
original,0.8,7,0.8565737792463083,6.241800653142083e-07,1.0,0.0,1,1.0,0.0,1.0,0.0
original,0.8,8,0.8019297380662808,7.9523997657901e-06,1.0,0.0,1,1.0,0.0,1.0,0.0
original,0.8,9,0.8218746997826658,9.370696699368129e-07,1.0,0.0,1,1.0,0.0,1.0,0.0
original,0.8,10,0.8398367482223469,3.3905160804014016e-06,1.0,0.0,1,1.0,0.0,1.0,0.0
original,0.8,11,0.8460102220820905,1.1320529003844825e-05,2.0,0.0,2,1.0,0.0,1.0,0.0
original,0.8,12,0.8262822767383461,7.144608598075024e-07,1.0,0.0,1,1.0,0.0,1.0,0.0
original,0.8,13,0.800059466899307,4.033176672560118e-06,1.0,0.0,1,1.0,0.0,1.0,0.0
original,0.8,14,0.8412040101550995,1.9612159568111823e-07,2.0,0.0,2,1.0,0.0,1.0,0.0
original,0.8,15,0.8154461890465439,1.1296308754390344e-06,1.0,0.0,1,1.0,0.0,1.0,0.0
original,0.8,16,0.8260673495377393,2.217763868924895e-06,1.0,0.0,1,1.0,0.0,1.0,0.0
original,0.8,17,0.8222380398385291,2.24371657900293e-05,1.0,0.0,1,1.0,0.0,1.0,0.0
original,0.8,18,0.7999115396347606,4.051931778404906e-06,1.0,0.0,1,1.0,0.0,1.0,0.0
original,0.8,19,0.8306555871380754,1.8478240093921974e-07,1.0,0.0,1,1.0,0.0,1.0,0.0
original,0.85,0,0.8578260861189619,2.5523823617462574e-06,2.0,0.0,2,1.0,0.0,1.0,0.0
original,0.85,1,0.887100436554908,1.4792664808796703e-08,2.0,0.0,2,1.0,0.0,1.0,0.0
original,0.85,2,0.8446692218008475,1.339833173166761e-08,1.0,0.0,1,1.0,0.0,1.0,0.0
original,0.85,3,0.8529649003727231,1.9491573982221467e-07,1.0,0.0,1,1.0,0.0,1.0,0.0
original,0.85,4,0.8498874279873594,1.305390875951884e-07,1.0,0.0,1,1.0,0.0,1.0,0.0
original,0.85,5,0.8653574127618743,3.4811099983108548e-09,1.0,0.0,1,1.0,0.0,1.0,0.0
original,0.85,6,0.8419213089468366,5.2817074232337094e-08,2.0,0.0,2,1.0,0.0,1.0,0.0
original,0.85,7,0.8792822184551943,1.3088374216608273e-08,2.0,0.0,2,1.0,0.0,1.0,0.0
original,0.85,8,0.8373000316282453,1.6807779308547388e-07,1.0,0.0,1,1.0,0.0,1.0,0.0
original,0.85,9,0.8520055690251709,1.2853513630873439e-08,1.0,0.0,1,1.0,0.0,1.0,0.0
original,0.85,10,0.8654625032993738,7.87717785099834e-08,1.0,0.0,1,1.0,0.0,1.0,0.0
original,0.85,11,0.8700077983766009,2.5698558812318613e-07,2.0,0.0,2,1.0,0.0,1.0,0.0
original,0.85,12,0.8549246343062359,1.5957888412984678e-08,1.0,0.0,1,1.0,0.0,1.0,0.0
original,0.85,13,0.833628714065012,5.6062772642007025e-08,1.0,0.0,1,1.0,0.0,1.0,0.0
original,0.85,14,0.8672415972117713,2.4789440751029337e-09,2.0,0.0,2,1.0,0.0,1.0,0.0
original,0.85,15,0.8484822829690588,4.992749495277144e-08,1.0,0.0,1,1.0,0.0,1.0,0.0
original,0.85,16,0.8552401781509227,2.910628633530358e-08,2.0,0.0,2,1.0,0.0,1.0,0.0
original,0.85,17,0.8509695337443852,6.173479688642102e-07,1.0,0.0,1,1.0,0.0,1.0,0.0
original,0.85,18,0.8336667784969874,6.494900267254979e-08,1.0,0.0,1,1.0,0.0,1.0,0.0
original,0.85,19,0.8589279932791519,7.824343684878003e-09,1.0,0.0,1,1.0,0.0,1.0,0.0
original,0.9,0,0.8783607996221097,9.580219179329373e-08,2.0,0.0,2,1.0,0.0,1.0,0.0
original,0.9,1,0.9023850963341286,3.164560238960406e-10,2.0,0.0,2,1.0,0.0,1.0,0.0
original,0.9,2,0.8685533910653818,1.0389996794742732e-09,1.0,0.0,1,1.0,0.0,1.0,0.0
original,0.9,3,0.8741655541251572,4.146591135994488e-09,1.0,0.0,1,1.0,0.0,1.0,0.0
original,0.9,4,0.8719001383980007,3.2438771414902906e-09,1.0,0.0,1,1.0,0.0,1.0,0.0
original,0.9,5,0.8848454483815245,2.8907251624929517e-10,1.0,0.0,1,1.0,0.0,1.0,0.0
original,0.9,6,0.8661930794903407,4.4899120261771554e-09,2.0,0.0,2,1.0,0.0,1.0,0.0
original,0.9,7,0.8963802957549111,2.872822458034047e-10,2.0,0.0,2,1.0,0.0,1.0,0.0
original,0.9,8,0.8624899975003093,4.637883960270159e-09,2.0,0.0,2,1.0,0.0,1.0,0.0
original,0.9,9,0.8740729090014008,1.4789156323643277e-09,1.0,0.0,1,1.0,0.0,1.0,0.0
original,0.9,10,0.8846823541976332,1.6217613712763261e-09,1.0,0.0,1,1.0,0.0,1.0,0.0
original,0.9,11,0.8881983173228583,6.282901693536991e-09,2.0,0.0,2,1.0,0.0,1.0,0.0
original,0.9,12,0.8762160708477353,1.879386980188976e-09,1.0,0.0,1,1.0,0.0,1.0,0.0
original,0.9,13,0.8584233115280718,5.986756373279967e-10,1.0,0.0,1,1.0,0.0,1.0,0.0
original,0.9,14,0.8865697804412773,1.648747742941137e-10,2.0,0.0,2,1.0,0.0,1.0,0.0
original,0.9,15,0.8719688611718477,4.305242777475158e-09,2.0,0.0,2,1.0,0.0,1.0,0.0
original,0.9,16,0.8767257355653665,1.2203838463974445e-09,2.0,0.0,2,1.0,0.0,1.0,0.0
original,0.9,17,0.8725065629448964,1.8112289632461525e-08,1.0,0.0,1,1.0,0.0,1.0,0.0
original,0.9,18,0.8584885605239237,1.2236647534598938e-09,1.0,0.0,1,1.0,0.0,1.0,0.0
original,0.9,19,0.8797010544334086,5.618782644156017e-10,1.0,0.0,1,1.0,0.0,1.0,0.0
original,0.95,0,0.8942603744565218,3.3575559701420048e-09,2.0,0.0,2,1.0,0.0,1.0,0.0
original,0.95,1,0.914530000717239,2.1953630326129347e-11,2.0,0.0,2,1.0,0.0,1.0,0.0
original,0.95,2,0.8866529007391246,9.621358183031343e-11,1.0,0.0,1,1.0,0.0,1.0,0.0
original,0.95,3,0.8906574927662786,6.61176343645788e-11,1.0,0.0,1,1.0,0.0,1.0,0.0
original,0.95,4,0.8889018139269742,1.7320651515586065e-10,1.0,0.0,1,1.0,0.0,1.0,0.0
original,0.95,5,0.8999745519655289,2.6373818941787726e-11,1.0,0.0,1,1.0,0.0,1.0,0.0
original,0.95,6,0.8845644954834291,4.536798124950115e-10,2.0,0.0,2,1.0,0.0,1.0,0.0
original,0.95,7,0.909737561634807,9.431684058795799e-12,2.0,0.0,2,1.0,0.0,1.0,0.0
original,0.95,8,0.8815030387651493,1.9408032252063925e-10,2.0,0.0,2,1.0,0.0,1.0,0.0
original,0.95,9,0.8910060801707747,1.6846304201036423e-10,1.0,0.0,1,1.0,0.0,1.0,0.0
original,0.95,10,0.8996630767697171,3.363804265940458e-11,1.0,0.0,1,1.0,0.0,1.0,0.0
original,0.95,11,0.902477365485189,1.7653651858718172e-10,2.0,0.0,2,1.0,0.0,1.0,0.0
original,0.95,12,0.8926803062297994,2.30266273234243e-10,1.0,0.0,1,1.0,0.0,1.0,0.0
original,0.95,13,0.8775276355223329,8.047175226878854e-11,1.0,0.0,1,1.0,0.0,1.0,0.0
original,0.95,14,0.9015256637352314,1.9471997832311776e-11,2.0,0.0,2,1.0,0.0,1.0,0.0
original,0.95,15,0.8896747342851499,4.182285454684394e-10,2.0,0.0,2,1.0,0.0,1.0,0.0
original,0.95,16,0.8932457901838754,1.3409318749483905e-10,2.0,0.0,2,1.0,0.0,1.0,0.0
original,0.95,17,0.8892571215306366,5.420561266505889e-10,1.0,0.0,1,1.0,0.0,1.0,0.0
original,0.95,18,0.8775712971907155,1.7687731628726707e-10,1.0,0.0,1,1.0,0.0,1.0,0.0
original,0.95,19,0.8956997007740982,5.1815656145647657e-11,1.0,0.0,1,1.0,0.0,1.0,0.0
original,1.0,0,0.9069522144126185,1.0953904913718695e-10,2.0,0.0,2,1.0,0.0,1.0,0.0
original,1.0,1,0.9243933646737068,2.9139018155270753e-12,2.0,0.0,2,1.0,0.0,1.0,0.0
original,1.0,2,0.9008686916664507,1.0404564327516043e-11,1.0,0.0,1,1.0,0.0,1.0,0.0
original,1.0,3,0.9038435865216402,8.552001358549349e-12,1.0,0.0,1,1.0,0.0,1.0,0.0
original,1.0,4,0.9024330793718809,1.733250618036975e-11,1.0,0.0,1,1.0,0.0,1.0,0.0
original,1.0,5,0.912053898870023,2.803438588593842e-12,1.0,0.0,1,1.0,0.0,1.0,0.0
original,1.0,6,0.8989987819900743,5.083152130881972e-11,2.0,0.0,2,1.0,0.0,1.0,0.0
original,1.0,7,0.9204560834921656,5.443188375234037e-13,2.0,0.0,2,1.0,0.0,1.0,0.0
original,1.0,8,0.8964054983799971,1.3552006095664018e-11,2.0,0.0,2,1.0,0.0,1.0,0.0
original,1.0,9,0.9044201620405246,2.041416445555141e-11,1.0,0.0,1,1.0,0.0,1.0,0.0
original,1.0,10,0.9116638007003544,2.109562581422293e-12,1.0,0.0,1,1.0,0.0,1.0,0.0
original,1.0,11,0.9139748150287371,5.402023735160127e-12,3.0,0.0,3,1.0,0.0,1.0,0.0
original,1.0,12,0.9057815519906474,3.108527668420034e-11,1.0,0.0,1,1.0,0.0,1.0,0.0
original,1.0,13,0.8926848368528876,9.615953086032071e-12,1.0,0.0,1,1.0,0.0,1.0,0.0
original,1.0,14,0.9134438001356796,2.4777939673482606e-12,2.0,0.0,2,1.0,0.0,1.0,0.0
original,1.0,15,0.9035429529968657,4.525381080013952e-11,2.0,0.0,2,1.0,0.0,1.0,0.0
original,1.0,16,0.9063448925114514,1.5488201535227178e-11,2.0,0.0,2,1.0,0.0,1.0,0.0
original,1.0,17,0.9026415794120287,1.410434332141911e-11,1.0,0.0,1,1.0,0.0,1.0,0.0
original,1.0,18,0.8927001869262541,2.0907256047657014e-11,1.0,0.0,1,1.0,0.0,1.0,0.0
original,1.0,19,0.9084145710349127,5.582543503730825e-12,1.0,0.0,1,1.0,0.0,1.0,0.0
original,1.05,0,0.9173132609633039,2.8101245079209203e-12,2.0,0.0,2,1.0,0.0,1.0,0.0
original,1.05,1,0.9325440737650401,4.0265370886281215e-13,1.0,0.0,1,1.0,0.0,1.0,0.0
original,1.05,2,0.9123287540554997,1.2595123875007326e-12,1.0,0.0,1,1.0,0.0,1.0,0.0
original,1.05,3,0.9146101194257437,1.3089564502674882e-12,1.0,0.0,1,1.0,0.0,1.0,0.0
original,1.05,4,0.9134462783065882,2.1791512312803575e-12,1.0,0.0,1,1.0,0.0,1.0,0.0
original,1.05,5,0.9219072571414422,3.387148124993206e-13,1.0,0.0,1,1.0,0.0,1.0,0.0
original,1.05,6,0.9106435234699731,6.216297563362172e-12,2.0,0.0,2,1.0,0.0,1.0,0.0
original,1.05,7,0.9292360043626636,4.085210146196629e-14,2.0,0.0,2,1.0,0.0,1.0,0.0
original,1.05,8,0.9084055022711831,1.3478279441855485e-12,2.0,0.0,2,1.0,0.0,1.0,0.0
original,1.05,9,0.9153005065187144,2.6900420686859928e-12,1.0,0.0,1,1.0,0.0,1.0,0.0
original,1.05,10,0.921479605309861,3.042571996000836e-13,1.0,0.0,1,1.0,0.0,1.0,0.0
original,1.05,11,0.9234159836206081,2.689664720479046e-13,3.0,0.0,3,1.0,0.0,1.0,0.0
original,1.05,12,0.9164386225553819,4.5695618386933975e-12,1.0,0.0,1,1.0,0.0,1.0,0.0
original,1.05,13,0.9049806427743401,1.1519748544467547e-12,1.0,0.0,1,1.0,0.0,1.0,0.0
original,1.05,14,0.9231546278663769,3.366300898086935e-13,2.0,0.0,2,1.0,0.0,1.0,0.0
original,1.05,15,0.9147061866489121,5.362181913691505e-12,2.0,0.0,2,1.0,0.0,1.0,0.0
original,1.05,16,0.9169763786736149,1.927163378213439e-12,2.0,0.0,2,1.0,0.0,1.0,0.0
original,1.05,17,0.9135626602913651,4.648433549287413e-13,1.0,0.0,1,1.0,0.0,1.0,0.0
original,1.05,18,0.9049727710879117,2.4882649356793655e-12,1.0,0.0,1,1.0,0.0,1.0,0.0
original,1.05,19,0.9187553506893693,6.695341669285841e-13,1.0,0.0,1,1.0,0.0,1.0,0.0
original,1.1,0,0.9259202626613319,2.1163947855174335e-13,2.0,0.0,2,1.0,0.0,1.0,0.0
original,1.1,1,0.9393761614105206,5.883401408156145e-14,1.0,0.0,1,1.0,0.0,1.0,0.0
original,1.1,2,0.9217543333916075,1.6559008948523385e-13,1.0,0.0,1,1.0,0.0,1.0,0.0
original,1.1,3,0.9235495360255291,1.8802148460661412e-13,1.0,0.0,1,1.0,0.0,1.0,0.0
original,1.1,4,0.9225691832836467,3.04138293268196e-13,1.0,0.0,1,1.0,0.0,1.0,0.0
original,1.1,5,0.9300833563583384,4.521495174701034e-14,1.0,0.0,1,1.0,0.0,1.0,0.0
original,1.1,6,0.9202281861950646,8.193362966517412e-13,2.0,0.0,2,1.0,0.0,1.0,0.0
original,1.1,7,0.9365469950507169,2.8304645563901147e-15,2.0,0.0,2,1.0,0.0,1.0,0.0
original,1.1,8,0.9182685742985961,1.6103350303100466e-13,2.0,0.0,2,1.0,0.0,1.0,0.0
original,1.1,9,0.9242901281021391,3.8126385750242055e-13,1.0,0.0,1,1.0,0.0,1.0,0.0
original,1.1,10,0.9296424139337487,4.5128384508058085e-14,1.0,0.0,1,1.0,0.0,1.0,0.0
original,1.1,11,0.9312917519824712,4.383238740593014e-14,3.0,0.0,3,1.0,0.0,1.0,0.0
original,1.1,12,0.9252610980548557,7.158614889898867e-13,1.0,0.0,1,1.0,0.0,1.0,0.0
original,1.1,13,0.9151338552874798,1.4719715340926714e-13,1.0,0.0,1,1.0,0.0,1.0,0.0
original,1.1,14,0.9312069869365596,4.8293282442855964e-14,2.0,0.0,2,1.0,0.0,1.0,0.0
original,1.1,15,0.9238802736297261,6.855677729238773e-13,2.0,0.0,2,1.0,0.0,1.0,0.0
original,1.1,16,0.9257650018114284,2.5710696053613784e-13,2.0,0.0,2,1.0,0.0,1.0,0.0
original,1.1,17,0.922625042957554,9.800947336704182e-14,1.0,0.0,1,1.0,0.0,1.0,0.0
original,1.1,18,0.9151094767432574,3.1422858820098615e-13,1.0,0.0,1,1.0,0.0,1.0,0.0
original,1.1,19,0.9273176948404689,8.697024022857478e-14,1.0,0.0,1,1.0,0.0,1.0,0.0
original,1.15,0,0.9331715502708742,4.5359628334710905e-14,2.0,0.0,2,1.0,0.0,1.0,0.0
original,1.15,1,0.9451719593070274,9.044793879519873e-15,1.0,0.0,1,1.0,0.0,1.0,0.0
original,1.15,2,0.9296318942463119,2.320264472744525e-14,1.0,0.0,1,1.0,0.0,1.0,0.0
original,1.15,3,0.9310748908932404,2.790160424091685e-14,1.0,0.0,1,1.0,0.0,1.0,0.0
original,1.15,4,0.9302353579078522,4.5390278899130694e-14,1.0,0.0,1,1.0,0.0,1.0,0.0
original,1.15,5,0.9369635580717367,6.524638181704422e-15,1.0,0.0,1,1.0,0.0,1.0,0.0
original,1.15,6,0.9282439403887158,1.1512833559839933e-13,2.0,0.0,2,1.0,0.0,1.0,0.0
original,1.15,7,0.9427174602365862,2.0702012913352237e-16,2.0,0.0,2,1.0,0.0,1.0,0.0
original,1.15,8,0.9265082106254647,2.1299934130613556e-14,2.0,0.0,2,1.0,0.0,1.0,0.0
original,1.15,9,0.9318294811030794,5.741323953402889e-14,1.0,0.0,1,1.0,0.0,1.0,0.0
original,1.15,10,0.9365235998553765,6.939756715599122e-15,1.0,0.0,1,1.0,0.0,1.0,0.0
original,1.15,11,0.9379477951047968,7.452505505784402e-15,2.0,0.0,2,1.0,0.0,1.0,0.0
original,1.15,12,0.9326708501606255,1.177545864877815e-13,1.0,0.0,1,1.0,0.0,1.0,0.0
original,1.15,13,0.923641342245832,2.0030525231077397e-14,1.0,0.0,1,1.0,0.0,1.0,0.0
original,1.15,14,0.9379802725426809,7.258704445814634e-15,2.0,0.0,2,1.0,0.0,1.0,0.0
original,1.15,15,0.9315443988166141,9.358444707276235e-14,2.0,0.0,2,1.0,0.0,1.0,0.0
original,1.15,16,0.9331393139267177,3.637065440145748e-14,2.0,0.0,2,1.0,0.0,1.0,0.0
original,1.15,17,0.9302502995147154,1.580813598460704e-14,1.0,0.0,1,1.0,0.0,1.0,0.0
original,1.15,18,0.9236060578480095,4.212747455159876e-14,1.0,0.0,1,1.0,0.0,1.0,0.0
original,1.15,19,0.9345113429776516,1.202828813444514e-14,1.0,0.0,1,1.0,0.0,1.0,0.0
original,1.2,0,0.9393525878804078,7.680424266775368e-15,2.0,0.0,2,1.0,0.0,1.0,0.0
original,1.2,1,0.9501393278406866,1.4639270465008785e-15,1.0,0.0,1,1.0,0.0,1.0,0.0
original,1.2,2,0.9363030962598841,3.421905661721349e-15,1.0,0.0,1,1.0,0.0,1.0,0.0
original,1.2,3,0.9374837760235842,4.3326764696041006e-15,1.0,0.0,1,1.0,0.0,1.0,0.0
original,1.2,4,0.9367550653588179,7.135967882973796e-15,1.0,0.0,1,1.0,0.0,1.0,0.0
original,1.2,5,0.9428218523983519,1.0369774271435293e-15,1.0,0.0,1,1.0,0.0,1.0,0.0
original,1.2,6,0.9350358121025871,1.710020612729941e-14,2.0,0.0,2,1.0,0.0,1.0,0.0
original,1.2,7,0.9479846588378256,2.158805761671487e-16,2.0,0.0,2,1.0,0.0,1.0,0.0
original,1.2,8,0.9334838754742425,3.026808832459081e-15,2.0,0.0,2,1.0,0.0,1.0,0.0
original,1.2,9,0.9382316280098254,9.099981472373497e-15,1.0,0.0,1,1.0,0.0,1.0,0.0
original,1.2,10,0.9423911487510609,1.1323322413921348e-15,1.0,0.0,1,1.0,0.0,1.0,0.0
original,1.2,11,0.9436352439030886,1.2633806311727493e-15,2.0,0.0,2,1.0,0.0,1.0,0.0
original,1.2,12,0.9389697766881677,2.0147759147930666e-14,1.0,0.0,1,1.0,0.0,1.0,0.0
original,1.2,13,0.9308581462309069,2.8815977087613686e-15,1.0,0.0,1,1.0,0.0,1.0,0.0
original,1.2,14,0.9437460784062587,1.1437883788530042e-15,2.0,0.0,2,1.0,0.0,1.0,0.0
original,1.2,15,0.9380334762520675,1.3536761129056466e-14,2.0,0.0,2,1.0,0.0,1.0,0.0
original,1.2,16,0.9394040757349049,5.40945673080227e-15,2.0,0.0,2,1.0,0.0,1.0,0.0
original,1.2,17,0.9367418758432979,2.4225336065023944e-15,1.0,0.0,1,1.0,0.0,1.0,0.0
original,1.2,18,0.9308160683437213,5.958285221810348e-15,1.0,0.0,1,1.0,0.0,1.0,0.0
original,1.2,19,0.9406287279466584,1.77340361988205e-15,1.0,0.0,1,1.0,0.0,1.0,0.0
omega_shuffled,0.4,0,0.09019646656340337,0.045467836919102125,0.054,0.23469980826579298,0,0.948,0.0335,0.408,0.00040884707820340176
omega_shuffled,0.4,1,0.14082121888375743,0.056410785627929956,0.0615,0.24231745706820215,0,0.939,0.043,0.4435,0.0006355987046712596
omega_shuffled,0.4,2,0.11083828105291611,0.036244774923487225,0.063,0.24296296014001809,0,0.937,0.038,0.4955,0.0005816533418818693
omega_shuffled,0.4,3,0.08179807437443397,0.06117883710662531,0.0545,0.24602794556716517,0,0.95,0.034,0.637,0.00041824751976557846
omega_shuffled,0.4,4,0.18173070101211042,0.029089668214200472,0.0825,0.2875652099959242,0,0.921,0.0525,0.115,0.0011926767311757466
omega_shuffled,0.4,5,0.1412020941357993,0.0659440619779633,0.083,0.2917378960642584,0,0.9215,0.0525,0.3385,0.0012023248270562497
omega_shuffled,0.4,6,0.07841487840167846,0.032809493702753184,0.0325,0.17732385626305333,0,0.9675,0.027,0.731,0.0001556016896338545
omega_shuffled,0.4,7,0.22690721660674656,0.04571008602974996,0.21,0.45265881191025104,0,0.8095,0.105,0.0995,0.009054307971466299
omega_shuffled,0.4,8,0.0990373493023424,0.0395989665881547,0.053,0.23063174109389192,0,0.9485,0.036,0.576,0.00042759125986561016
omega_shuffled,0.4,9,0.0977584499012928,0.04345428471555914,0.05,0.21794494717703364,0,0.95,0.035,0.547,0.00038140366845705663
omega_shuffled,0.4,10,0.11754283923378372,0.06137509586441835,0.073,0.26771440006096053,0,0.929,0.045,0.5135,0.0008553475272024908
omega_shuffled,0.4,11,0.15475430420318617,0.04882461031066579,0.0805,0.28463968451359695,0,0.923,0.055,0.274,0.0012054490858323381
omega_shuffled,0.4,12,0.06469632832823552,0.04319876444009793,0.043,0.20285709255532575,0,0.957,0.028,0.688,0.0002442399481594674
omega_shuffled,0.4,13,0.08884789601764283,0.03363496697142425,0.039,0.2036639388797143,0,0.963,0.0295,0.646,0.00022229919682277406
omega_shuffled,0.4,14,0.07227018976511411,0.028585344001623547,0.0375,0.1951762024428184,0,0.9635,0.02,0.547,0.00014247863490718873
omega_shuffled,0.4,15,0.09308031910297412,0.043221882647203246,0.0375,0.19259737796761411,0,0.963,0.0275,0.647,0.00019596783920815052
omega_shuffled,0.4,16,0.09388111851534582,0.04858362560747863,0.063,0.25304347452562376,0,0.9395,0.038,0.4655,0.0005817469632435391
omega_shuffled,0.4,17,0.13518044782468172,0.055834546652513764,0.082,0.286837933335185,0,0.9215,0.0535,0.398,0.001204647633041221
omega_shuffled,0.4,18,0.09648564816301872,0.0430685294873654,0.0555,0.2332804106649335,0,0.9455,0.0375,0.516,0.00047676685201024013
omega_shuffled,0.4,19,0.08561111384268648,0.046992039783856125,0.0395,0.1947812876022746,0,0.9605,0.034,0.5295,0.0002615912769437155
omega_shuffled,0.45,0,0.10775489374503008,0.05630297244657349,0.042,0.203066491573573,0,0.9585,0.029,0.6385,0.0002443905310360544
omega_shuffled,0.45,1,0.22275033172096034,0.06308832406272274,0.2415,0.48391915647140893,0,0.7825,0.1185,0.1965,0.012472411464357392
omega_shuffled,0.45,2,0.12234334247431712,0.04861166581953789,0.086,0.3187538235064797,0,0.9235,0.0475,0.404,0.0011582717305513382
omega_shuffled,0.45,3,0.1183575740757912,0.07967006320343387,0.1075,0.33308219706252695,0,0.9,0.061,0.446,0.002031801435389634
omega_shuffled,0.45,4,0.24192875613106496,0.041300091080534354,0.243,0.48368481472959224,0,0.78,0.122,0.1015,0.012982100533752913
omega_shuffled,0.45,5,0.17324125242319507,0.08671813624480681,0.158,0.4219431241293073,0,0.8625,0.0935,0.3245,0.005424606347604585
omega_shuffled,0.45,6,0.1244186725431252,0.030565724063376282,0.0425,0.20172691937369192,0,0.9575,0.0325,0.6195,0.0002786353159583059
omega_shuffled,0.45,7,0.3073589237460071,0.03930104634295993,0.4245,0.6366315653500069,0,0.6445,0.178,0.0995,0.04028540905010561
omega_shuffled,0.45,8,0.13292382421459933,0.05250378534119677,0.084,0.2827437001950706,0,0.9175,0.055,0.2525,0.0012829495629614884
omega_shuffled,0.45,9,0.13387572499169154,0.05659364436028917,0.0675,0.2548406364769952,0,0.9335,0.0515,0.4215,0.0008727654867214915
omega_shuffled,0.45,10,0.1689642775629823,0.06854489945110806,0.1235,0.3595104310030517,0,0.8865,0.0755,0.276,0.0030807348016773355
omega_shuffled,0.45,11,0.2035423203897184,0.05962239632575623,0.1645,0.4140528347928558,0,0.852,0.085,0.301,0.0052087847229739465
omega_shuffled,0.45,12,0.08642732664686055,0.0493288635615641,0.037,0.19654770413311876,0,0.9645,0.024,0.636,0.00016745865089886055
omega_shuffled,0.45,13,0.1275409627390549,0.07145001190628664,0.0735,0.2722090189541853,0,0.9295,0.0535,0.541,0.0010267043864311844
omega_shuffled,0.45,14,0.11637901899794596,0.04620685843756284,0.0385,0.1949814093702269,0,0.962,0.0275,0.659,0.00020375558020118084
omega_shuffled,0.45,15,0.12281284274063524,0.039648737908565955,0.0445,0.2109970378939003,0,0.9565,0.0355,0.593,0.00032583218494602656
omega_shuffled,0.45,16,0.11952427248004244,0.059621206278437304,0.068,0.25568730903195014,0,0.933,0.047,0.4495,0.0008051593532726601
omega_shuffled,0.45,17,0.21449200087854067,0.051382935941240014,0.166,0.4055169540228867,0,0.846,0.094,0.1845,0.005870263488884919
omega_shuffled,0.45,18,0.1519352715907026,0.04909486414928159,0.086,0.2821418083163145,0,0.9145,0.0555,0.2995,0.0013388334400361165
omega_shuffled,0.45,19,0.08374252966626543,0.03357293392132557,0.042,0.20058913230780973,0,0.958,0.029,0.663,0.000244317571575656
omega_shuffled,0.5,0,0.12198897822020413,0.06320327141302812,0.072,0.2623280389131135,0,0.929,0.046,0.4645,0.0008567633937155189
omega_shuffled,0.5,1,0.315115168183256,0.054675602410986825,0.581,0.7895815347384968,0,0.5725,0.214,0.0995,0.07223486704309749
omega_shuffled,0.5,2,0.15542132970421707,0.07405801866947404,0.1105,0.32755114104518085,0,0.8935,0.0725,0.2245,0.0025291042826792996
omega_shuffled,0.5,3,0.2415257494894072,0.06379731196955248,0.3275,0.5807269151675337,0,0.7235,0.156,0.1065,0.025049074919407388
omega_shuffled,0.5,4,0.31505446790142794,0.06182472464098685,0.5365,0.7427433944506003,0,0.592,0.209,0.0995,0.0633352150346309
omega_shuffled,0.5,5,0.23782790329398296,0.061755697967668825,0.276,0.5530135622206747,0,0.7715,0.124,0.1845,0.0156690863983242
omega_shuffled,0.5,6,0.1535185287018662,0.06495451406975562,0.1185,0.3556089847008931,0,0.8915,0.067,0.4125,0.0025850995528667185
omega_shuffled,0.5,7,0.37741798383867375,0.04271410910007635,1.0055,0.9901867248150725,1,0.389,0.338,0.0995,0.20449138264036326
omega_shuffled,0.5,8,0.19425546810777014,0.08388187238331299,0.19,0.43806392227619023,0,0.829,0.109,0.294,0.008165073522214843
omega_shuffled,0.5,9,0.1908717169555202,0.0736848122983853,0.1775,0.4347341141433463,0,0.844,0.099,0.406,0.0067140337266483625
omega_shuffled,0.5,10,0.25168720549557444,0.041738736262820576,0.252,0.4863085440335179,0,0.772,0.1185,0.122,0.013139084353575935
omega_shuffled,0.5,11,0.3440227823409808,0.04455599162640854,0.843,0.9583063184598127,0,0.4475,0.317,0.0995,0.167840164910312
omega_shuffled,0.5,12,0.1084794382574455,0.07310393531004038,0.094,0.3117114049886529,0,0.912,0.0515,0.3315,0.001412676114839178
omega_shuffled,0.5,13,0.20156070654286876,0.07660258223632833,0.237,0.5057973902661025,0,0.798,0.1235,0.298,0.012618127597139529
omega_shuffled,0.5,14,0.18375551987039265,0.06847042852984375,0.2195,0.45642058454894424,0,0.7975,0.0955,0.3875,0.008826603671871065
omega_shuffled,0.5,15,0.19553756871826244,0.056684077386686814,0.1725,0.4263141447336694,0,0.844,0.1,0.16,0.006650500724350251
omega_shuffled,0.5,16,0.13593318224113538,0.039717036691260595,0.068,0.2576354012941544,0,0.9335,0.0485,0.287,0.0008309385951567258
omega_shuffled,0.5,17,0.3059053516019051,0.047363441924574874,0.512,0.7020370360600643,0,0.594,0.2285,0.0995,0.06512867815735528
omega_shuffled,0.5,18,0.19740109297932132,0.05838182644033445,0.14,0.38522720568516444,0,0.8725,0.085,0.191,0.004174899890729437
omega_shuffled,0.5,19,0.1276843765578479,0.062468628667923486,0.071,0.2587643715815607,0,0.9295,0.0455,0.509,0.0008300514311836395
omega_shuffled,0.55,0,0.20914809605035758,0.08844827839390286,0.3005,0.5414792239781689,0,0.7395,0.1455,0.173,0.020523551797693877
omega_shuffled,0.55,1,0.4332558499936615,0.07142242363993101,2.7365,1.825942975560847,2,0.231,0.4525,0.0995,0.635377943467497
omega_shuffled,0.55,2,0.14693507305512976,0.08991010475892217,0.114,0.3435171029221107,0,0.8945,0.064,0.541,0.0023194275151711464
omega_shuffled,0.55,3,0.29249048982352316,0.12452163985848962,0.971,1.438109522950182,0,0.534,0.2375,0.0995,0.15916277212267038
omega_shuffled,0.55,4,0.3539573660350113,0.09774888419329378,1.144,1.3413664674502639,0,0.444,0.3155,0.0995,0.2352998237329902
omega_shuffled,0.55,5,0.3361692789553972,0.1097895418286635,1.4095,1.5591054326119194,0,0.3845,0.304,0.1105,0.29172733666651085
omega_shuffled,0.55,6,0.2337156545879738,0.058382828824914704,0.262,0.5332504102201892,0,0.78,0.136,0.163,0.01595485239110315
omega_shuffled,0.55,7,0.44031187397982197,0.07972751794580388,2.3115,1.9360960074335156,1,0.2145,0.4065,0.0995,0.6182065892463677
omega_shuffled,0.55,8,0.26966358159943665,0.1290273250028491,0.732,1.073394615227783,0,0.568,0.2245,0.1995,0.10410210382695778
omega_shuffled,0.55,9,0.32379486392826634,0.08284624868858834,0.894,1.0333266666451613,0,0.454,0.2985,0.0995,0.1684126140206914
omega_shuffled,0.55,10,0.397723724889691,0.06560788712766019,1.8755,1.5244670380168934,1,0.2575,0.42,0.0995,0.4754050469374849
omega_shuffled,0.55,11,0.40237521894571354,0.04764455484494952,1.838,1.3991983419086802,1,0.263,0.4185,0.0995,0.431561042018642
omega_shuffled,0.55,12,0.2882416210415794,0.08507913403413613,0.727,1.0047243403043442,0,0.5515,0.2275,0.0995,0.10251579260814726
omega_shuffled,0.55,13,0.3423171848842433,0.06816469399532557,0.9,0.9721111047611791,0,0.4385,0.307,0.0995,0.16757299884012483
omega_shuffled,0.55,14,0.37788630641516635,0.06121266814884032,1.316,1.2071221976254103,1,0.335,0.353,0.0995,0.28336590108431325
omega_shuffled,0.55,15,0.2830696721783676,0.08689942394145439,0.594,0.815575870167822,0,0.5785,0.2035,0.178,0.06995622450137769
omega_shuffled,0.55,16,0.28311212866479024,0.09201811873635282,0.6715,0.899215074384321,0,0.556,0.243,0.0995,0.09701811320472464
omega_shuffled,0.55,17,0.4159360165758948,0.06195430376977048,1.938,1.5675318178588913,1,0.278,0.4395,0.0995,0.49740763004292354
omega_shuffled,0.55,18,0.329277080836397,0.0908868516293815,1.0295,1.2023434409518772,0,0.4505,0.3215,0.0995,0.2124111028988704
omega_shuffled,0.55,19,0.2071584379087036,0.06939206685531804,0.223,0.4871047115354152,0,0.805,0.1235,0.2305,0.011730699310537052
omega_shuffled,0.6,0,0.39314436373425415,0.10780320945286911,2.5305,1.8240256988321188,1,0.1885,0.4145,0.0995,0.6135415977128355
omega_shuffled,0.6,1,0.6101666373940576,0.008080844796809943,5.5005,1.323631274184771,5,0.3075,0.372,0.0995,0.3409806534593535
omega_shuffled,0.6,2,0.2878953332432136,0.10265252246106768,1.1845,1.386167287884114,0,0.4145,0.2985,0.0995,0.24226288350786138
omega_shuffled,0.6,3,0.3638793399464635,0.07986533528672723,2.2685,1.6432917422052604,3,0.218,0.4275,0.0995,0.5493606471629837
omega_shuffled,0.6,4,0.40090116937699977,0.1002747811835276,2.532,1.7910823543321506,2,0.204,0.4275,0.0995,0.6094874157813891
omega_shuffled,0.6,5,0.43034984630214945,0.12479327490682345,3.133,2.0374766256327947,3,0.1965,0.399,0.0995,0.6532078766467968
omega_shuffled,0.6,6,0.3505143247710771,0.11024644539151617,1.5765,1.6864601240468153,0,0.3895,0.3245,0.0995,0.33409997843915745
omega_shuffled,0.6,7,0.47641543349196347,0.02898242014953098,4.5245,1.567609565548769,4,0.264,0.4625,0.0995,0.5336142972665617
omega_shuffled,0.6,8,0.3954166317972757,0.11842656297314524,2.193,2.061734949017453,0,0.2925,0.3945,0.0995,0.5754482659102526
omega_shuffled,0.6,9,0.41267534421479035,0.11345282495223123,2.8485,2.4146527183013298,0,0.2055,0.4275,0.0995,0.8201337793735903
omega_shuffled,0.6,10,0.4586195327183804,0.020942919909353187,4.1035,1.2561002149510205,4,0.303,0.5375,0.0995,0.4705822451542148
omega_shuffled,0.6,11,0.52937561509148,0.02161727571029274,4.811,1.6453811108676313,5,0.2205,0.468,0.0995,0.6002449028137518
omega_shuffled,0.6,12,0.41963164181254675,0.08274767142400855,2.958,1.9842469604361248,3,0.1815,0.461,0.0995,0.7487129308350285
omega_shuffled,0.6,13,0.4226618186081607,0.13046196025077347,2.8345,2.2674015414125486,2,0.184,0.4275,0.0995,0.7909603555565532
omega_shuffled,0.6,14,0.43371699839006617,0.07743780099865741,3.428,1.9258286528141593,3,0.2055,0.4785,0.0995,0.7321389102702873
omega_shuffled,0.6,15,0.3617225295359802,0.15046849548753038,2.0375,2.26519176892377,0,0.3665,0.308,0.1425,0.4419796890038672
omega_shuffled,0.6,16,0.37009257966950937,0.0722602712112296,1.986,1.4848582423921821,1,0.293,0.412,0.0995,0.43251544932675917
omega_shuffled,0.6,17,0.4706589784593743,0.022485521679332654,4.295,1.2629231963979441,4,0.3035,0.5525,0.0995,0.48599336935549636
omega_shuffled,0.6,18,0.4145185590165512,0.0745616987937265,2.5665,1.8128920955203043,1,0.203,0.472,0.0995,0.6819810015060851
omega_shuffled,0.6,19,0.35203255746038725,0.13346783535612944,2.456,2.0693148624605198,0,0.2505,0.371,0.0995,0.5754030041236048
omega_shuffled,0.65,0,0.48460837574067933,0.12499353094643108,4.561,1.9368218813303406,5,0.2605,0.379,0.0995,0.5428340385236752
omega_shuffled,0.65,1,0.7413420771727008,0.0028114784966549243,2.904,0.9543500406035512,3,0.381,0.0715,0.0995,0.04223810186279495
omega_shuffled,0.65,2,0.37317444214832873,0.15301375564252806,3.0125,1.9990857285269183,4,0.216,0.3465,0.0995,0.5430636342359918
omega_shuffled,0.65,3,0.6039844914160066,0.008637324270108148,5.555,1.4642318805435157,6,0.261,0.3805,0.0995,0.4117266314561583
omega_shuffled,0.65,4,0.5335792544614203,0.01748091654266658,5.6255,1.4297726217829183,6,0.262,0.435,0.0995,0.4589999058261425
omega_shuffled,0.65,5,0.6184420772182109,0.007073659749069966,4.527,1.4850154881347197,5,0.256,0.2305,0.0995,0.2546682771960509
omega_shuffled,0.65,6,0.41808094432630616,0.14937201972978698,3.3565,2.1854994280484266,4,0.186,0.333,0.0995,0.5924058477446592
omega_shuffled,0.65,7,0.6839815255639345,0.0029799807918273772,2.7535,0.9201835414741996,2,0.4005,0.0675,0.0995,0.03723637778683036
omega_shuffled,0.65,8,0.4075470328706483,0.060160848546535035,3.466,1.6525265504674955,3,0.2195,0.5075,0.0995,0.6545719649045361
omega_shuffled,0.65,9,0.4538181859868411,0.04799778425452912,5.0055,1.3425608924737826,5,0.2855,0.5015,0.0995,0.4810687694320273
omega_shuffled,0.65,10,0.6385944499707308,0.004952085994609914,4.098,1.3001522987711862,4,0.2825,0.1975,0.0995,0.1842397076206037
omega_shuffled,0.65,11,0.6761985058425122,0.00466215128154684,4.067,1.0575968040798913,4,0.38,0.1865,0.0995,0.12228991911146785
omega_shuffled,0.65,12,0.6016703026998944,0.008711101249776325,4.5255,1.4877330909810402,5,0.288,0.2675,0.0995,0.2833536455675149
omega_shuffled,0.65,13,0.49276859554341634,0.014674360593820714,5.475,1.2682172526818898,5,0.293,0.528,0.0995,0.47342042845376836
omega_shuffled,0.65,14,0.604930724116683,0.00713135609699604,4.1675,1.3086037406335043,3,0.2875,0.1975,0.0995,0.1841450835596511
omega_shuffled,0.65,15,0.4250762252481477,0.09567532597516891,3.7695,2.093411032262895,5,0.216,0.4225,0.0995,0.6934214719679958
omega_shuffled,0.65,16,0.5442009923394084,0.014735425183315031,5.823,1.297178091088498,6,0.284,0.4415,0.0995,0.410056156015129
omega_shuffled,0.65,17,0.6160157371954861,0.007522738324341645,5.6445,1.3986135098732602,6,0.2605,0.3795,0.0995,0.3925072460984839
omega_shuffled,0.65,18,0.5220663978675739,0.013013080465640713,5.6695,1.455084104098454,6,0.27,0.5375,0.0995,0.5709386264078422
omega_shuffled,0.65,19,0.41641784311874747,0.14166954448551472,3.7985,1.9041790225711448,4,0.2415,0.359,0.0995,0.5185108055589763
omega_shuffled,0.7,0,0.7218110889163379,0.00291256745824384,2.91,0.9720596689504198,3,0.4045,0.089,0.0995,0.051518677003399294
omega_shuffled,0.7,1,0.802234842169318,0.0007523969164184161,1.407,0.5543924602661908,1,0.626,0.017,0.0995,0.0035248274697152215
omega_shuffled,0.7,2,0.6625969239538138,0.0023674722012709155,2.6225,0.8809050743411574,2,0.4045,0.0745,0.0995,0.039081133921455825
omega_shuffled,0.7,3,0.722298378671124,0.0032547291186370334,2.515,1.0638491434409298,3,0.3785,0.056,0.0995,0.037026206249500364
omega_shuffled,0.7,4,0.7061627775164352,0.0032009132376683257,3.0015,1.0712132140708497,3,0.394,0.108,0.0995,0.07010876308366418
omega_shuffled,0.7,5,0.7428697440501235,0.0006278909941723206,1.5775,0.49899273541806194,2,0.5725,0.0255,0.0995,0.005439644770295541
omega_shuffled,0.7,6,0.6369435578871828,0.004814353896708339,3.6145,1.1188787914693887,4,0.3635,0.155,0.0995,0.11038578508155758
omega_shuffled,0.7,7,0.7757939355119945,0.0010396838535012734,1.428,0.49478884385159694,1,0.572,0.012,0.0995,0.002541235713791427
omega_shuffled,0.7,8,0.6353074130503575,0.00323222335909962,3.4555,1.0237283575245926,4,0.3845,0.1495,0.0995,0.0942006688365346
omega_shuffled,0.7,9,0.7003208477203994,0.0022937466707513166,2.114,0.8209774661950229,2,0.4545,0.0645,0.0995,0.02888588735154854
omega_shuffled,0.7,10,0.7468921728577429,0.001758910380224996,1.601,0.6424943579518811,1,0.4855,0.035,0.0995,0.011569717481381846
omega_shuffled,0.7,11,0.762490188883779,0.001781992112996704,1.9355,0.8691028420158341,2,0.398,0.0415,0.0995,0.021712796825281495
omega_shuffled,0.7,12,0.7207014569232454,0.0015323536917168307,1.9015,0.7725268603744467,2,0.4175,0.036,0.0995,0.016199888712049044
omega_shuffled,0.7,13,0.6712691521381969,0.003001983761596403,3.5965,1.0980381368604644,4,0.3315,0.1655,0.0995,0.12148337157233548
omega_shuffled,0.7,14,0.7430662381103,0.0010376021940813513,1.4535,0.49783305434653496,1,0.5465,0.0125,0.0995,0.0028220913525942104
omega_shuffled,0.7,15,0.6582136431271626,0.0024019693400265025,2.052,0.816269563318393,2,0.451,0.0325,0.0995,0.014564290131640414
omega_shuffled,0.7,16,0.7138080438765028,0.0017311284581634162,1.4305,0.49514619053366454,1,0.5695,0.0135,0.0995,0.00287766608599446
omega_shuffled,0.7,17,0.7196798815189855,0.0023061801193600003,2.1625,0.8521113483577132,2,0.453,0.063,0.0995,0.029364609641860058
omega_shuffled,0.7,18,0.6719759819753488,0.002781707680552212,3.9725,0.9358118133471067,4,0.4105,0.15,0.0995,0.08274916014687897
omega_shuffled,0.7,19,0.7143165802713946,0.0014011686257860004,2.9695,0.7082158922249626,3,0.5275,0.089,0.0995,0.02978224914242225
omega_shuffled,0.75,0,0.7898199009905539,0.0011490224317035115,1.4255,0.4944185979511694,1,0.5745,0.0145,0.0995,0.0030504393550843407
omega_shuffled,0.75,1,0.8405872869907324,1.6775991342224254e-05,1.0,0.0,1,1.0,0.0,1.0,0.0
omega_shuffled,0.75,2,0.7604896679398171,4.153455073955032e-05,1.0,0.0,1,1.0,0.0,1.0,0.0
omega_shuffled,0.75,3,0.784534466809639,0.0002551835539829108,1.0655,0.2474060427717965,1,0.9345,0.004,0.698,6.482039941130648e-05
omega_shuffled,0.75,4,0.776917803792259,0.0001237046576450081,1.044,0.2050950998927083,1,0.956,0.003,0.8105,2.7072562210021916e-05
omega_shuffled,0.75,5,0.8020904775700358,3.9845158462237715e-06,1.0,0.0,1,1.0,0.0,1.0,0.0
omega_shuffled,0.75,6,0.7544217107774125,0.00040289821033299685,1.0895,0.28546409581591864,1,0.9105,0.004,0.7015,0.00010219617185113549
omega_shuffled,0.75,7,0.8247119193975592,2.9691457957747724e-05,1.0,0.0,1,1.0,0.0,1.0,0.0
omega_shuffled,0.75,8,0.7467828343363306,0.0006530161305948796,1.58,0.5767148342118487,2,0.491,0.0215,0.0995,0.006311279081745216
omega_shuffled,0.75,9,0.7773746528499151,6.013613755776829e-05,1.0,0.0,1,1.0,0.0,1.0,0.0
omega_shuffled,0.75,10,0.8035737619396908,0.00011982013887948025,1.017,0.12927103310486845,1,0.983,0.001,0.946,2.1976097603903282e-06
omega_shuffled,0.75,11,0.8126753870892671,0.0004591692907277858,2.089,0.7975456099810216,3,0.3665,0.0335,0.0995,0.016925712826664878
omega_shuffled,0.75,12,0.7853723228101605,4.2184501769835176e-05,1.0,0.0,1,1.0,0.0,1.0,0.0
omega_shuffled,0.75,13,0.7512173410923537,0.0002554787816861059,1.0565,0.23088471149038864,1,0.9435,0.0035,0.744,4.565746474221054e-05
omega_shuffled,0.75,14,0.8037706250806769,1.6212340245934177e-05,1.974,0.15913516267626088,2,0.974,0.0015,0.917,6.2062754818884085e-06
omega_shuffled,0.75,15,0.7638036336720863,7.38272725616905e-05,1.0,0.0,1,1.0,0.0,1.0,0.0
omega_shuffled,0.75,16,0.783715338714086,0.00022038235622204384,1.2235,0.4165906263947858,1,0.7765,0.009,0.326,0.0008379721381011166
omega_shuffled,0.75,17,0.7818087154076164,0.000699825961445132,1.392,0.4881966816765555,1,0.608,0.0135,0.0995,0.002583537030805431
omega_shuffled,0.75,18,0.7505948725917793,0.00019342868680526204,1.0045,0.06693093455196934,1,0.9955,0.001,0.925,3.0118950667306405e-07
omega_shuffled,0.75,19,0.7888527622972429,1.9384536188367628e-05,1.0,0.0,1,1.0,0.0,1.0,0.0
omega_shuffled,0.8,0,0.8300877735941306,5.4815024761131096e-05,1.0,0.0,1,1.0,0.0,1.0,0.0
omega_shuffled,0.8,1,0.8673015711154958,3.255604240480208e-07,2.0,0.0,2,1.0,0.0,1.0,0.0
omega_shuffled,0.8,2,0.811410163594395,7.290284158374665e-07,1.0,0.0,1,1.0,0.0,1.0,0.0
omega_shuffled,0.8,3,0.8246485231877086,4.857805287381507e-06,1.0,0.0,1,1.0,0.0,1.0,0.0
omega_shuffled,0.8,4,0.820123259503031,2.5360707730848116e-06,1.0,0.0,1,1.0,0.0,1.0,0.0
omega_shuffled,0.8,5,0.8392519488233029,2.99373122061998e-08,1.0,0.0,1,1.0,0.0,1.0,0.0
omega_shuffled,0.8,6,0.8079044284582573,6.293293522012349e-06,1.0,0.0,1,1.0,0.0,1.0,0.0
omega_shuffled,0.8,7,0.8565738497241004,5.020705854612964e-07,1.0,0.0,1,1.0,0.0,1.0,0.0
omega_shuffled,0.8,8,0.8019299399577574,1.1636719936305148e-05,1.0,0.0,1,1.0,0.0,1.0,0.0
omega_shuffled,0.8,9,0.8218747772476254,1.0471088095865976e-06,1.0,0.0,1,1.0,0.0,1.0,0.0
omega_shuffled,0.8,10,0.8398369331090634,2.6218315675267307e-06,1.0,0.0,1,1.0,0.0,1.0,0.0
omega_shuffled,0.8,11,0.8460092021900544,1.4029391053441325e-05,2.0,0.0,2,1.0,0.0,1.0,0.0
omega_shuffled,0.8,12,0.8262823904689335,6.714250760180119e-07,1.0,0.0,1,1.0,0.0,1.0,0.0
omega_shuffled,0.8,13,0.8000597508702949,3.594076611153306e-06,1.0,0.0,1,1.0,0.0,1.0,0.0
omega_shuffled,0.8,14,0.8412040141771979,2.0261184851763893e-07,2.0,0.0,2,1.0,0.0,1.0,0.0
omega_shuffled,0.8,15,0.8154461531575827,9.513827479990043e-07,1.0,0.0,1,1.0,0.0,1.0,0.0
omega_shuffled,0.8,16,0.8260670346650552,4.484867432856015e-06,1.0,0.0,1,1.0,0.0,1.0,0.0
omega_shuffled,0.8,17,0.8222382784939289,1.839032278889442e-05,1.0,0.0,1,1.0,0.0,1.0,0.0
omega_shuffled,0.8,18,0.7999116287841593,2.5986614328490583e-06,1.0,0.0,1,1.0,0.0,1.0,0.0
omega_shuffled,0.8,19,0.8306556193251693,2.787481320572196e-07,1.0,0.0,1,1.0,0.0,1.0,0.0
omega_shuffled,0.85,0,0.8578263715058517,1.6852704977339075e-06,2.0,0.0,2,1.0,0.0,1.0,0.0
omega_shuffled,0.85,1,0.8871004388671008,7.737993906625051e-09,2.0,0.0,2,1.0,0.0,1.0,0.0
omega_shuffled,0.85,2,0.8446692244254908,2.493409108975437e-08,1.0,0.0,1,1.0,0.0,1.0,0.0
omega_shuffled,0.85,3,0.8529649254090045,1.260406647744545e-07,1.0,0.0,1,1.0,0.0,1.0,0.0
omega_shuffled,0.85,4,0.8498874161958128,7.192411515283784e-08,1.0,0.0,1,1.0,0.0,1.0,0.0
omega_shuffled,0.85,5,0.8653574126752221,3.0873244653764246e-09,1.0,0.0,1,1.0,0.0,1.0,0.0
omega_shuffled,0.85,6,0.8419212986509201,1.3220014793754613e-07,2.0,0.0,2,1.0,0.0,1.0,0.0
omega_shuffled,0.85,7,0.8792822205933613,8.972433987255404e-09,2.0,0.0,2,1.0,0.0,1.0,0.0
omega_shuffled,0.85,8,0.8373000350935138,2.1993292870303241e-07,1.0,0.0,1,1.0,0.0,1.0,0.0
omega_shuffled,0.85,9,0.8520055707095783,3.01298629995731e-08,1.0,0.0,1,1.0,0.0,1.0,0.0
omega_shuffled,0.85,10,0.8654625097372765,7.021552069910227e-08,1.0,0.0,1,1.0,0.0,1.0,0.0
omega_shuffled,0.85,11,0.8700077544336037,4.7007659229806963e-07,2.0,0.0,2,1.0,0.0,1.0,0.0
omega_shuffled,0.85,12,0.8549246354676787,2.019356405360343e-08,1.0,0.0,1,1.0,0.0,1.0,0.0
omega_shuffled,0.85,13,0.8336287199168653,5.402406926176974e-08,1.0,0.0,1,1.0,0.0,1.0,0.0
omega_shuffled,0.85,14,0.8672415973023251,2.8705315213066267e-09,2.0,0.0,2,1.0,0.0,1.0,0.0
omega_shuffled,0.85,15,0.8484822774663416,3.478675930356312e-08,1.0,0.0,1,1.0,0.0,1.0,0.0
omega_shuffled,0.85,16,0.8552401680671268,7.314780485458256e-08,2.0,0.0,2,1.0,0.0,1.0,0.0
omega_shuffled,0.85,17,0.8509695420967847,5.369078694375669e-07,1.0,0.0,1,1.0,0.0,1.0,0.0
omega_shuffled,0.85,18,0.8336667793874294,4.548255675422293e-08,1.0,0.0,1,1.0,0.0,1.0,0.0
omega_shuffled,0.85,19,0.8589279939582846,9.882558108580122e-09,1.0,0.0,1,1.0,0.0,1.0,0.0
omega_shuffled,0.9,0,0.8783608129675013,5.5027448859692044e-08,2.0,0.0,2,1.0,0.0,1.0,0.0
omega_shuffled,0.9,1,0.9023850963908685,3.0468731283827585e-10,2.0,0.0,2,1.0,0.0,1.0,0.0
omega_shuffled,0.9,2,0.8685533911788761,1.5096483241778041e-09,1.0,0.0,1,1.0,0.0,1.0,0.0
omega_shuffled,0.9,3,0.8741655548407927,3.77760351891415e-09,1.0,0.0,1,1.0,0.0,1.0,0.0
omega_shuffled,0.9,4,0.8719001380478185,1.308617785968897e-09,1.0,0.0,1,1.0,0.0,1.0,0.0
omega_shuffled,0.9,5,0.884845448382172,2.890665038809318e-10,1.0,0.0,1,1.0,0.0,1.0,0.0
omega_shuffled,0.9,6,0.8661930791592458,4.828894682881137e-09,2.0,0.0,2,1.0,0.0,1.0,0.0
omega_shuffled,0.9,7,0.8963802958327066,2.5142937074369887e-10,2.0,0.0,2,1.0,0.0,1.0,0.0
omega_shuffled,0.9,8,0.8624899975566002,5.368762338935777e-09,2.0,0.0,2,1.0,0.0,1.0,0.0
omega_shuffled,0.9,9,0.8740729090251061,1.768833602580908e-09,1.0,0.0,1,1.0,0.0,1.0,0.0
omega_shuffled,0.9,10,0.8846823544760112,2.3229357101494574e-09,1.0,0.0,1,1.0,0.0,1.0,0.0
omega_shuffled,0.9,11,0.8881983157282747,1.500631688219096e-08,2.0,0.0,2,1.0,0.0,1.0,0.0
omega_shuffled,0.9,12,0.8762160707929088,1.5966085366200937e-09,1.0,0.0,1,1.0,0.0,1.0,0.0
omega_shuffled,0.9,13,0.8584233116550767,1.0030914696409102e-09,1.0,0.0,1,1.0,0.0,1.0,0.0
omega_shuffled,0.9,14,0.8865697804418646,1.710488223900277e-10,2.0,0.0,2,1.0,0.0,1.0,0.0
omega_shuffled,0.9,15,0.8719688606893987,2.4354517929424504e-09,2.0,0.0,2,1.0,0.0,1.0,0.0
omega_shuffled,0.9,16,0.876725735183958,1.0293671858651409e-09,2.0,0.0,2,1.0,0.0,1.0,0.0
omega_shuffled,0.9,17,0.872506563287531,1.5320223412597527e-08,1.0,0.0,1,1.0,0.0,1.0,0.0
omega_shuffled,0.9,18,0.8584885604451131,1.1062614098357423e-09,1.0,0.0,1,1.0,0.0,1.0,0.0
omega_shuffled,0.9,19,0.8797010544716664,7.073393204029534e-10,1.0,0.0,1,1.0,0.0,1.0,0.0
omega_shuffled,0.95,0,0.8942603749830966,1.8679495695956016e-09,2.0,0.0,2,1.0,0.0,1.0,0.0
omega_shuffled,0.95,1,0.9145300007184387,2.478986534837332e-11,2.0,0.0,2,1.0,0.0,1.0,0.0
omega_shuffled,0.95,2,0.8866529007464685,1.2791468376713764e-10,1.0,0.0,1,1.0,0.0,1.0,0.0
omega_shuffled,0.95,3,0.8906574927837463,1.5367845643461033e-10,1.0,0.0,1,1.0,0.0,1.0,0.0
omega_shuffled,0.95,4,0.8889018139144986,9.077767347633422e-11,1.0,0.0,1,1.0,0.0,1.0,0.0
omega_shuffled,0.95,5,0.8999745519661976,2.927679254543389e-11,1.0,0.0,1,1.0,0.0,1.0,0.0
omega_shuffled,0.95,6,0.8845644954736589,4.4368276767946137e-10,2.0,0.0,2,1.0,0.0,1.0,0.0
omega_shuffled,0.95,7,0.9097375616391182,1.3237277029717301e-11,2.0,0.0,2,1.0,0.0,1.0,0.0
omega_shuffled,0.95,8,0.881503038767004,2.081239590921667e-10,2.0,0.0,2,1.0,0.0,1.0,0.0
omega_shuffled,0.95,9,0.8910060801693742,1.655705929454322e-10,1.0,0.0,1,1.0,0.0,1.0,0.0
omega_shuffled,0.95,10,0.8996630767861737,1.1449124426841916e-10,1.0,0.0,1,1.0,0.0,1.0,0.0
omega_shuffled,0.95,11,0.9024773654320436,4.6291224979242787e-10,2.0,0.0,2,1.0,0.0,1.0,0.0
omega_shuffled,0.95,12,0.8926803062184324,1.772412021682122e-10,1.0,0.0,1,1.0,0.0,1.0,0.0
omega_shuffled,0.95,13,0.8775276355284024,1.0285373209475417e-10,1.0,0.0,1,1.0,0.0,1.0,0.0
omega_shuffled,0.95,14,0.9015256637348577,1.7870465389708082e-11,2.0,0.0,2,1.0,0.0,1.0,0.0
omega_shuffled,0.95,15,0.8896747342400729,2.2407140673060113e-10,2.0,0.0,2,1.0,0.0,1.0,0.0
omega_shuffled,0.95,16,0.89324579015882,3.6094748068457754e-11,2.0,0.0,2,1.0,0.0,1.0,0.0
omega_shuffled,0.95,17,0.8892571215493542,4.0665485092186966e-10,1.0,0.0,1,1.0,0.0,1.0,0.0
omega_shuffled,0.95,18,0.8775712971816872,1.419120347007065e-10,1.0,0.0,1,1.0,0.0,1.0,0.0
omega_shuffled,0.95,19,0.8956997007776808,6.724419236437596e-11,1.0,0.0,1,1.0,0.0,1.0,0.0
omega_shuffled,1.0,0,0.9069522144313003,6.838692956707133e-11,2.0,0.0,2,1.0,0.0,1.0,0.0
omega_shuffled,1.0,1,0.9243933646737332,2.9523344853062964e-12,2.0,0.0,2,1.0,0.0,1.0,0.0
omega_shuffled,1.0,2,0.9008686916670372,1.3083243864927028e-11,1.0,0.0,1,1.0,0.0,1.0,0.0
omega_shuffled,1.0,3,0.9038435865218366,1.0882992517850891e-11,1.0,0.0,1,1.0,0.0,1.0,0.0
omega_shuffled,1.0,4,0.9024330793710424,1.2843142481064053e-11,1.0,0.0,1,1.0,0.0,1.0,0.0
omega_shuffled,1.0,5,0.9120538988701243,3.2763949896570528e-12,1.0,0.0,1,1.0,0.0,1.0,0.0
omega_shuffled,1.0,6,0.8989987819905314,5.393568557278039e-11,2.0,0.0,2,1.0,0.0,1.0,0.0
omega_shuffled,1.0,7,0.9204560834925173,1.1791894413063154e-12,2.0,0.0,2,1.0,0.0,1.0,0.0
omega_shuffled,1.0,8,0.8964054983801694,1.4415178549838707e-11,2.0,0.0,2,1.0,0.0,1.0,0.0
omega_shuffled,1.0,9,0.9044201620402359,1.9141466145917508e-11,1.0,0.0,1,1.0,0.0,1.0,0.0
omega_shuffled,1.0,10,0.9116638007016941,9.172671808015742e-12,1.0,0.0,1,1.0,0.0,1.0,0.0
omega_shuffled,1.0,11,0.9139748150271189,1.3822305866708272e-11,3.0,0.0,3,1.0,0.0,1.0,0.0
omega_shuffled,1.0,12,0.9057815519887574,2.2169053952709577e-11,1.0,0.0,1,1.0,0.0,1.0,0.0
omega_shuffled,1.0,13,0.8926848368534345,1.2007282474604373e-11,1.0,0.0,1,1.0,0.0,1.0,0.0
omega_shuffled,1.0,14,0.9134438001356032,2.1199957321913206e-12,2.0,0.0,2,1.0,0.0,1.0,0.0
omega_shuffled,1.0,15,0.9035429529921882,2.3821683408754796e-11,2.0,0.0,2,1.0,0.0,1.0,0.0
omega_shuffled,1.0,16,0.9063448925091027,4.872914924773189e-12,2.0,0.0,2,1.0,0.0,1.0,0.0
omega_shuffled,1.0,17,0.9026415794130352,9.588047386202222e-12,1.0,0.0,1,1.0,0.0,1.0,0.0
omega_shuffled,1.0,18,0.8927001869254123,1.712011152125346e-11,1.0,0.0,1,1.0,0.0,1.0,0.0
omega_shuffled,1.0,19,0.9084145710353059,7.394891527625863e-12,1.0,0.0,1,1.0,0.0,1.0,0.0
omega_shuffled,1.05,0,0.9173132609638607,3.179168049488295e-12,2.0,0.0,2,1.0,0.0,1.0,0.0
omega_shuffled,1.05,1,0.9325440737650399,3.9831182973999814e-13,1.0,0.0,1,1.0,0.0,1.0,0.0
omega_shuffled,1.05,2,0.9123287540555522,1.5118858955168192e-12,1.0,0.0,1,1.0,0.0,1.0,0.0
omega_shuffled,1.05,3,0.9146101194257112,1.1860124130624863e-12,1.0,0.0,1,1.0,0.0,1.0,0.0
omega_shuffled,1.05,4,0.9134462783064918,1.6972161495184532e-12,1.0,0.0,1,1.0,0.0,1.0,0.0
omega_shuffled,1.05,5,0.9219072571414546,3.992542792169866e-13,1.0,0.0,1,1.0,0.0,1.0,0.0
omega_shuffled,1.05,6,0.9106435234702053,7.368649451193239e-12,2.0,0.0,2,1.0,0.0,1.0,0.0
omega_shuffled,1.05,7,0.9292360043626995,1.3857054872913365e-13,2.0,0.0,2,1.0,0.0,1.0,0.0
omega_shuffled,1.05,8,0.9084055022712032,1.4456424904022653e-12,2.0,0.0,2,1.0,0.0,1.0,0.0
omega_shuffled,1.05,9,0.9153005065186723,2.4880685405361566e-12,1.0,0.0,1,1.0,0.0,1.0,0.0
omega_shuffled,1.05,10,0.9214796053100005,1.0154273066271712e-12,1.0,0.0,1,1.0,0.0,1.0,0.0
omega_shuffled,1.05,11,0.9234159836205729,4.671139196113403e-13,3.0,0.0,3,1.0,0.0,1.0,0.0
omega_shuffled,1.05,12,0.9164386225550611,3.000089822267458e-12,1.0,0.0,1,1.0,0.0,1.0,0.0
omega_shuffled,1.05,13,0.9049806427743996,1.4352080820061138e-12,1.0,0.0,1,1.0,0.0,1.0,0.0
omega_shuffled,1.05,14,0.9231546278663643,2.744356682492363e-13,2.0,0.0,2,1.0,0.0,1.0,0.0
omega_shuffled,1.05,15,0.9147061866483795,2.7990542758626673e-12,2.0,0.0,2,1.0,0.0,1.0,0.0
omega_shuffled,1.05,16,0.9169763786733566,6.809308577901067e-13,2.0,0.0,2,1.0,0.0,1.0,0.0
omega_shuffled,1.05,17,0.9135626602914194,7.554428192376289e-13,1.0,0.0,1,1.0,0.0,1.0,0.0
omega_shuffled,1.05,18,0.904972771087832,2.1065937705044527e-12,1.0,0.0,1,1.0,0.0,1.0,0.0
omega_shuffled,1.05,19,0.9187553506894164,8.975113743627561e-13,1.0,0.0,1,1.0,0.0,1.0,0.0
omega_shuffled,1.1,0,0.925920262661334,2.5722085538442994e-13,2.0,0.0,2,1.0,0.0,1.0,0.0
omega_shuffled,1.1,1,0.9393761614105203,5.711466099398104e-14,1.0,0.0,1,1.0,0.0,1.0,0.0
omega_shuffled,1.1,2,0.9217543333916126,1.909420494267532e-13,1.0,0.0,1,1.0,0.0,1.0,0.0
omega_shuffled,1.1,3,0.9235495360255228,1.566317581267105e-13,1.0,0.0,1,1.0,0.0,1.0,0.0
omega_shuffled,1.1,4,0.9225691832836329,2.3433457070674056e-13,1.0,0.0,1,1.0,0.0,1.0,0.0
omega_shuffled,1.1,5,0.9300833563583397,5.227419101274858e-14,1.0,0.0,1,1.0,0.0,1.0,0.0
omega_shuffled,1.1,6,0.9202281861951215,1.1053141756699806e-12,2.0,0.0,2,1.0,0.0,1.0,0.0
omega_shuffled,1.1,7,0.936546995050721,1.8724912064201433e-14,2.0,0.0,2,1.0,0.0,1.0,0.0
omega_shuffled,1.1,8,0.9182685742985985,1.7286008096553674e-13,2.0,0.0,2,1.0,0.0,1.0,0.0
omega_shuffled,1.1,9,0.9242901281021331,3.509204385391459e-13,1.0,0.0,1,1.0,0.0,1.0,0.0
omega_shuffled,1.1,10,0.9296424139337657,1.3201957441325913e-13,1.0,0.0,1,1.0,0.0,1.0,0.0
omega_shuffled,1.1,11,0.9312917519824727,6.052570199280411e-14,3.0,0.0,3,1.0,0.0,1.0,0.0
omega_shuffled,1.1,12,0.9252610980548001,4.331316130665985e-13,1.0,0.0,1,1.0,0.0,1.0,0.0
omega_shuffled,1.1,13,0.9151338552874868,1.8184253732516733e-13,1.0,0.0,1,1.0,0.0,1.0,0.0
omega_shuffled,1.1,14,0.9312069869365576,3.797315816056211e-14,2.0,0.0,2,1.0,0.0,1.0,0.0
omega_shuffled,1.1,15,0.9238802736296604,3.554335320599807e-13,2.0,0.0,2,1.0,0.0,1.0,0.0
omega_shuffled,1.1,16,0.9257650018113974,1.0011830703033608e-13,2.0,0.0,2,1.0,0.0,1.0,0.0
omega_shuffled,1.1,17,0.9226250429575575,1.1908002258406723e-13,1.0,0.0,1,1.0,0.0,1.0,0.0
omega_shuffled,1.1,18,0.9151094767432496,2.7577469744430683e-13,1.0,0.0,1,1.0,0.0,1.0,0.0
omega_shuffled,1.1,19,0.9273176948404749,1.1745174467148177e-13,1.0,0.0,1,1.0,0.0,1.0,0.0
omega_shuffled,1.15,0,0.9331715502708714,3.2849370145324606e-14,2.0,0.0,2,1.0,0.0,1.0,0.0
omega_shuffled,1.15,1,0.9451719593070272,8.57067331253214e-15,1.0,0.0,1,1.0,0.0,1.0,0.0
omega_shuffled,1.15,2,0.9296318942463123,2.5848956134011842e-14,1.0,0.0,1,1.0,0.0,1.0,0.0
omega_shuffled,1.15,3,0.9310748908932394,2.258543551749757e-14,1.0,0.0,1,1.0,0.0,1.0,0.0
omega_shuffled,1.15,4,0.9302353579078501,3.418248017750032e-14,1.0,0.0,1,1.0,0.0,1.0,0.0
omega_shuffled,1.15,5,0.9369635580717368,7.28095822164377e-15,1.0,0.0,1,1.0,0.0,1.0,0.0
omega_shuffled,1.15,6,0.9282439403887283,1.7944532782506088e-13,2.0,0.0,2,1.0,0.0,1.0,0.0
omega_shuffled,1.15,7,0.9427174602365868,2.770855114196712e-15,2.0,0.0,2,1.0,0.0,1.0,0.0
omega_shuffled,1.15,8,0.926508210625465,2.2732736580771147e-14,2.0,0.0,2,1.0,0.0,1.0,0.0
omega_shuffled,1.15,9,0.9318294811030786,5.282198800581221e-14,1.0,0.0,1,1.0,0.0,1.0,0.0
omega_shuffled,1.15,10,0.9365235998553786,1.8699503904448746e-14,1.0,0.0,1,1.0,0.0,1.0,0.0
omega_shuffled,1.15,11,0.9379477951047973,1.0453803934400652e-14,2.0,0.0,2,1.0,0.0,1.0,0.0
omega_shuffled,1.15,12,0.9326708501606156,6.612827642067967e-14,1.0,0.0,1,1.0,0.0,1.0,0.0
omega_shuffled,1.15,13,0.9236413422458329,2.4390095672257677e-14,1.0,0.0,1,1.0,0.0,1.0,0.0
omega_shuffled,1.15,14,0.9379802725426806,5.5500480962479794e-15,2.0,0.0,2,1.0,0.0,1.0,0.0
omega_shuffled,1.15,15,0.9315443988166056,4.807937046225932e-14,2.0,0.0,2,1.0,0.0,1.0,0.0
omega_shuffled,1.15,16,0.9331393139267137,1.545363791592583e-14,2.0,0.0,2,1.0,0.0,1.0,0.0
omega_shuffled,1.15,17,0.9302502995147157,1.7479657130182115e-14,1.0,0.0,1,1.0,0.0,1.0,0.0
omega_shuffled,1.15,18,0.9236060578480089,3.840831468422594e-14,1.0,0.0,1,1.0,0.0,1.0,0.0
omega_shuffled,1.15,19,0.9345113429776525,1.633484288519638e-14,1.0,0.0,1,1.0,0.0,1.0,0.0
omega_shuffled,1.2,0,0.9393525878804073,4.920596871403639e-15,2.0,0.0,2,1.0,0.0,1.0,0.0
omega_shuffled,1.2,1,0.9501393278406864,1.3439890563845583e-15,1.0,0.0,1,1.0,0.0,1.0,0.0
omega_shuffled,1.2,2,0.9363030962598841,3.704969102223095e-15,1.0,0.0,1,1.0,0.0,1.0,0.0
omega_shuffled,1.2,3,0.9374837760235841,3.4400731144335917e-15,1.0,0.0,1,1.0,0.0,1.0,0.0
omega_shuffled,1.2,4,0.9367550653588176,5.243206753910165e-15,1.0,0.0,1,1.0,0.0,1.0,0.0
omega_shuffled,1.2,5,0.942821852398352,1.0801905204561762e-15,1.0,0.0,1,1.0,0.0,1.0,0.0
omega_shuffled,1.2,6,0.9350358121025896,3.121671235525532e-14,2.0,0.0,2,1.0,0.0,1.0,0.0
omega_shuffled,1.2,7,0.9479846588378257,4.726864980642112e-16,2.0,0.0,2,1.0,0.0,1.0,0.0
omega_shuffled,1.2,8,0.9334838754742426,3.2038697473917767e-15,2.0,0.0,2,1.0,0.0,1.0,0.0
omega_shuffled,1.2,9,0.9382316280098253,8.405606593549982e-15,1.0,0.0,1,1.0,0.0,1.0,0.0
omega_shuffled,1.2,10,0.9423911487510611,2.8153163213923675e-15,1.0,0.0,1,1.0,0.0,1.0,0.0
omega_shuffled,1.2,11,0.9436352439030886,1.7610198592641245e-15,2.0,0.0,2,1.0,0.0,1.0,0.0
omega_shuffled,1.2,12,0.9389697766881661,1.0612896221599074e-14,1.0,0.0,1,1.0,0.0,1.0,0.0
omega_shuffled,1.2,13,0.9308581462309069,3.4364917839657292e-15,1.0,0.0,1,1.0,0.0,1.0,0.0
omega_shuffled,1.2,14,0.9437460784062586,8.532408850411713e-16,2.0,0.0,2,1.0,0.0,1.0,0.0
omega_shuffled,1.2,15,0.938033476252066,6.8618164610963445e-15,2.0,0.0,2,1.0,0.0,1.0,0.0
omega_shuffled,1.2,16,0.9394040757349046,2.50724765535085e-15,2.0,0.0,2,1.0,0.0,1.0,0.0
omega_shuffled,1.2,17,0.9367418758432979,2.600310842671108e-15,1.0,0.0,1,1.0,0.0,1.0,0.0
omega_shuffled,1.2,18,0.9308160683437213,5.652391729422136e-15,1.0,0.0,1,1.0,0.0,1.0,0.0
omega_shuffled,1.2,19,0.9406287279466585,2.4085341139295577e-15,1.0,0.0,1,1.0,0.0,1.0,0.0
phase_reset,0.4,0,0.10170961957660253,0.04686588528976777,0.039,0.19359493795035035,0,0.961,0.0255,0.732,0.00019253017334182616
phase_reset,0.4,1,0.10702290709699233,0.04840047605464993,0.041,0.2032707553978191,0,0.96,0.0285,0.6125,0.00023172866928434423
phase_reset,0.4,2,0.08251207584400574,0.04722615412333094,0.06,0.2537715508089904,0,0.944,0.037,0.46,0.0005258146674874353
phase_reset,0.4,3,0.07846669682247684,0.02923808979693521,0.0395,0.1947812876022746,0,0.9605,0.027,0.549,0.0002077342509216866
phase_reset,0.4,4,0.13746782288217463,0.06337932347737069,0.115,0.3267644411498901,0,0.8875,0.0605,0.3045,0.0022240405143374403
phase_reset,0.4,5,0.1428854757275285,0.04234313533749495,0.058,0.23374344910606584,0,0.942,0.043,0.4615,0.0005829561756276487
phase_reset,0.4,6,0.09143656542149486,0.04264456258162041,0.032,0.1788183435780569,0,0.9685,0.021,0.727,0.00011828833990966236
phase_reset,0.4,7,0.2487162207243751,0.048564187769669566,0.237,0.5028230304988028,0,0.7965,0.1195,0.0995,0.012227776263751999
phase_reset,0.4,8,0.06576568964322932,0.02856936448336956,0.026,0.15913516267626082,0,0.974,0.021,0.804,8.688780295875272e-05
phase_reset,0.4,9,0.07121124021913587,0.03960689787500344,0.041,0.2032707553978191,0,0.96,0.0285,0.775,0.00023172866928434423
phase_reset,0.4,10,0.15249399422536458,0.03880221252143117,0.0595,0.24074831255898763,0,0.9415,0.041,0.5235,0.0005774348417565081
phase_reset,0.4,11,0.1260726958424149,0.05783345017856539,0.092,0.29586483400363756,0,0.91,0.056,0.227,0.001491158790006168
phase_reset,0.4,12,0.09175667276260603,0.04950991778653737,0.0555,0.23112712951966502,0,0.945,0.0325,0.534,0.00041313975672839374
phase_reset,0.4,13,0.10927107727630936,0.05845529004037789,0.0605,0.24462164663005603,0,0.941,0.043,0.4555,0.0006206051319331298
phase_reset,0.4,14,0.0966319073031174,0.04327556250380359,0.059,0.23562470159132295,0,0.941,0.035,0.5145,0.00048656502268793974
phase_reset,0.4,15,0.11670825624505718,0.042205175367390727,0.073,0.2601365026289083,0,0.927,0.042,0.4815,0.0007975785360501971
phase_reset,0.4,16,0.10716655063927001,0.03825277253762938,0.0475,0.21735627435158156,0,0.9535,0.039,0.566,0.0003941756136436598
phase_reset,0.4,17,0.13703228776614565,0.04081049832057328,0.05,0.22248595461286985,0,0.951,0.039,0.4155,0.00042517067016700647
phase_reset,0.4,18,0.1466845022678815,0.07644120595078327,0.0995,0.32031195731661344,0,0.907,0.0625,0.518,0.001861813281691827
phase_reset,0.4,19,0.10078194771494774,0.06933906172755025,0.048,0.22515772249691993,0,0.9545,0.033,0.589,0.0003380743305738015
phase_reset,0.45,0,0.09228020421156058,0.07378952993429765,0.0555,0.2417017790584091,0,0.9475,0.0385,0.595,0.0004885397336111527
phase_reset,0.45,1,0.2095129529164475,0.051299223589529576,0.167,0.4038700285983104,0,0.845,0.078,0.218,0.004882788708353428
phase_reset,0.45,2,0.08249443406875528,0.05125886075672295,0.0495,0.2192025319196838,0,0.951,0.0335,0.5845,0.0003598209668870854
phase_reset,0.45,3,0.10493408708975516,0.03799968740835207,0.0485,0.21482027371735654,0,0.9515,0.027,0.5355,0.0002813071588516616
phase_reset,0.45,4,0.23661777236456152,0.05316811002928099,0.2705,0.5102251953794521,0,0.758,0.143,0.0995,0.017656853234775817
phase_reset,0.45,5,0.18024070646106308,0.08946206589242062,0.155,0.393668642388494,0,0.856,0.0885,0.337,0.005016913235287252
phase_reset,0.45,6,0.13189385059282097,0.04418942384107602,0.066,0.2562108506679606,0,0.936,0.0465,0.474,0.0007624835079853447
phase_reset,0.45,7,0.31769670860785826,0.04908290919553515,0.5475,0.8134763364720575,0,0.598,0.2105,0.0995,0.06883718139561947
phase_reset,0.45,8,0.11285707558682335,0.053263722244811545,0.063,0.264633709115071,0,0.9425,0.044,0.537,0.0006695232992775678
phase_reset,0.45,9,0.07543043691087746,0.043526106010951866,0.0455,0.21547563667384767,0,0.956,0.036,0.542,0.00034131341797230297
phase_reset,0.45,10,0.18904607429827974,0.048908442556535786,0.1425,0.38365837668425795,0,0.869,0.0775,0.1735,0.0038950917195461764
phase_reset,0.45,11,0.20704481260981392,0.033564908587334366,0.178,0.4269847772462152,0,0.839,0.0975,0.125,0.006702593609567014
phase_reset,0.45,12,0.11691664228954955,0.05754009656760412,0.0465,0.23094966984172116,0,0.958,0.0355,0.728,0.0003443459674338927
phase_reset,0.45,13,0.12079162446338834,0.05497839257989219,0.058,0.2502718521927706,0,0.946,0.037,0.5345,0.0005000431741958361
phase_reset,0.45,14,0.12696329574583456,0.04129708926383551,0.073,0.2620515216517546,0,0.9275,0.0485,0.45,0.0009214386820067175
phase_reset,0.45,15,0.16284268171960983,0.04039889809563384,0.097,0.307556498874597,0,0.9065,0.0695,0.2165,0.0019985790475683836
phase_reset,0.45,16,0.14361483820219134,0.05806083156009177,0.078,0.27370787347096903,0,0.9235,0.0475,0.3505,0.000994586006163786
phase_reset,0.45,17,0.1926514745049975,0.07186188998766277,0.172,0.4317591921430278,0,0.848,0.096,0.1215,0.0063002301973784595
phase_reset,0.45,18,0.1920585081249717,0.07412865518256391,0.1365,0.4010832207908977,0,0.8815,0.088,0.296,0.004182495873935844
phase_reset,0.45,19,0.11075552776403241,0.07400577048709234,0.0465,0.21757240174250045,0,0.955,0.0355,0.6295,0.0003475719215744028
phase_reset,0.5,0,0.13175569341401497,0.08190244675745481,0.082,0.29202054722228027,0,0.923,0.057,0.49,0.0012816782042441696
phase_reset,0.5,1,0.303185560599275,0.0773433627843092,0.6245,0.9270920935915697,0,0.5925,0.2125,0.1785,0.08028038135723502
phase_reset,0.5,2,0.12829178278848663,0.06645195309939865,0.0835,0.29073656460789377,0,0.9205,0.0555,0.4245,0.0012828024303047365
phase_reset,0.5,3,0.23187519927142972,0.09641742394827546,0.39,0.6647555941848101,0,0.6975,0.1605,0.1525,0.03227471524325383
phase_reset,0.5,4,0.3141956877306418,0.07180379809776699,0.6725,0.8527858758211231,0,0.5215,0.2485,0.0995,0.10140242374078928
phase_reset,0.5,5,0.24947561110200328,0.05610788855586188,0.292,0.5317292544143118,0,0.744,0.1425,0.1205,0.019397483337156785
phase_reset,0.5,6,0.17507571973525896,0.04973146263000526,0.121,0.35406072925417753,0,0.8885,0.072,0.1955,0.0028423995739303093
phase_reset,0.5,7,0.37921431867184496,0.052443750957513115,1.0455,1.1038250540733345,0,0.393,0.3105,0.0995,0.20804177199891244
phase_reset,0.5,8,0.21016887213383728,0.06796130238195364,0.228,0.48786883483165844,0,0.8,0.115,0.3365,0.011220983298701909
phase_reset,0.5,9,0.22166154459615003,0.03317233758513067,0.202,0.48702771995031247,0,0.8325,0.1035,0.125,0.008443234391565746
phase_reset,0.5,10,0.2589278913318381,0.03262362174729297,0.3535,0.5661605337711204,0,0.692,0.1695,0.122,0.029556977000432565
phase_reset,0.5,11,0.32542102668169626,0.06096610630327637,0.759,0.9766877699654072,0,0.509,0.254,0.1005,0.1218066390230195
phase_reset,0.5,12,0.15423553314117983,0.0541008388389447,0.1205,0.34638093192322233,0,0.8865,0.0705,0.273,0.002771653661330881
phase_reset,0.5,13,0.17817856475799465,0.048492305378280816,0.1245,0.3492846260573173,0,0.882,0.0745,0.18,0.0030705611888854623
phase_reset,0.5,14,0.1714290604639299,0.0891507206247321,0.196,0.48536996198776045,0,0.8385,0.1035,0.404,0.00811308033550316
phase_reset,0.5,15,0.1876075418600895,0.04103713244214882,0.123,0.35759054797351675,0,0.8865,0.073,0.1405,0.002962816525821101
phase_reset,0.5,16,0.21185175802821574,0.05628092909760637,0.1935,0.4472781573025895,0,0.827,0.1145,0.2055,0.008859909456307468
phase_reset,0.5,17,0.3161322856607355,0.03623458703011099,0.495,0.6782145678175897,0,0.596,0.225,0.0995,0.06164970448861759
phase_reset,0.5,18,0.20758560372983628,0.0687669943035619,0.179,0.41226083976046035,0,0.8325,0.103,0.338,0.007112530207021031
phase_reset,0.5,19,0.14025865225017095,0.05190799559143212,0.073,0.2639526472684069,0,0.928,0.046,0.5135,0.0008742111867575536
phase_reset,0.55,0,0.15586764040588807,0.07859816381390423,0.2005,0.46722558791230595,0,0.8255,0.0985,0.2305,0.008030790292964558
phase_reset,0.55,1,0.43432900519900963,0.09084141714041247,2.645,1.900256561625298,3,0.2105,0.416,0.0995,0.6241050645479724
phase_reset,0.55,2,0.16837915465808975,0.06978374075524539,0.1465,0.3795230559531265,0,0.863,0.0865,0.407,0.004497538026567184
phase_reset,0.55,3,0.3164319407048224,0.12305382202942208,1.2355,1.4591229386175792,0,0.4095,0.3225,0.0995,0.2778699015809241
phase_reset,0.55,4,0.34441556619661956,0.06929740008482536,0.9,1.0677078252031311,0,0.4585,0.274,0.0995,0.15841687831137757
phase_reset,0.55,5,0.3613326468666172,0.08872354830780639,1.4505,1.4062537999948659,1,0.3205,0.3045,0.0995,0.2909648106414372
phase_reset,0.55,6,0.23500083447942477,0.060395896608589045,0.3155,0.5982973758926242,0,0.744,0.1385,0.0995,0.021213231912813015
phase_reset,0.55,7,0.44280583618954034,0.07079978496542577,2.426,1.7582730163430251,1,0.244,0.423,0.0995,0.5622746126795578
phase_reset,0.55,8,0.29356758408352046,0.07397309846427616,0.6065,0.8773014020278321,0,0.589,0.228,0.0995,0.08221016014179498
phase_reset,0.55,9,0.31510698187154523,0.08657523048426513,0.932,1.1516839844332298,0,0.488,0.2835,0.0995,0.1671692342981144
phase_reset,0.55,10,0.40551079662476186,0.07002336283695529,2.0325,1.5041421974002327,1,0.2685,0.4405,0.0995,0.48467334876421814
phase_reset,0.55,11,0.4269053302344761,0.0852287602574305,2.6095,1.7756716334953375,1,0.2005,0.459,0.0995,0.6516191085992503
phase_reset,0.55,12,0.3068663146949228,0.11093118648841939,0.92,1.049571341072154,0,0.451,0.2725,0.116,0.1570184971289616
phase_reset,0.55,13,0.3310298844372419,0.07856952372406929,1.0135,1.2920208009161462,0,0.4775,0.3165,0.0995,0.21366309554858512
phase_reset,0.55,14,0.37816333045657313,0.07465913363133818,1.6215,1.4357011353342308,0,0.2745,0.3845,0.0995,0.4004956523234778
phase_reset,0.55,15,0.2823468339914189,0.06291701115925181,0.548,0.7910094816119463,0,0.599,0.1995,0.1285,0.0632803633414097
phase_reset,0.55,16,0.3011476153716527,0.07825860285083976,0.806,1.1812552645385332,0,0.545,0.2425,0.0995,0.13033675328849154
phase_reset,0.55,17,0.4082543487473026,0.03918370704645504,1.8235,1.3154268318686524,1,0.306,0.4195,0.0995,0.3829641607553226
phase_reset,0.55,18,0.3148945135394126,0.03653447579482583,0.639,0.7966674337513742,0,0.5295,0.2865,0.0995,0.1073893762765082
phase_reset,0.55,19,0.21451524578127362,0.046800534910451365,0.227,0.4609457668750197,0,0.791,0.1155,0.17,0.011127000435817203
phase_reset,0.6,0,0.38038814691371947,0.10565033627599349,2.316,1.9900110552456738,0,0.221,0.3985,0.0995,0.617762118446716
phase_reset,0.6,1,0.6113057063511463,0.00926782882838845,5.374,1.3975421281664464,5,0.2845,0.3585,0.0995,0.35847899028400004
phase_reset,0.6,2,0.29881238421623324,0.10757172431487518,1.373,1.4013818180638706,0,0.3725,0.3245,0.0995,0.2853546218553502
phase_reset,0.6,3,0.37632475080953315,0.08051379296391914,2.157,1.663836229921683,1,0.219,0.412,0.0995,0.5353759126738159
phase_reset,0.6,4,0.41500294792655745,0.11561740618154388,2.749,2.080624665815533,0,0.187,0.3995,0.0995,0.6757733690881053
phase_reset,0.6,5,0.42192642350987136,0.11896572203908733,2.979,2.0355733835949024,4,0.177,0.3895,0.0995,0.6525203521603834
phase_reset,0.6,6,0.3779687854821126,0.12144418757231473,2.1725,2.0776774894097496,0,0.339,0.348,0.121,0.47792399890729076
phase_reset,0.6,7,0.48127258656340516,0.026417498384998756,4.6755,1.3286082003359756,5,0.2935,0.481,0.0995,0.45149627553013516
phase_reset,0.6,8,0.38776443332294175,0.10272889647411287,2.079,1.7879482654707881,0,0.2795,0.3855,0.0995,0.49660754888045816
phase_reset,0.6,9,0.4161039911151109,0.09224618286110979,2.6745,2.012349311128662,1,0.1885,0.413,0.0995,0.6744378670831369
phase_reset,0.6,10,0.4660216401957473,0.035080007530914684,4.071,1.6926189766158242,4,0.2255,0.509,0.0995,0.6672651005819119
phase_reset,0.6,11,0.5273955535517145,0.02239117480245939,4.6395,1.4274241661118114,4,0.268,0.4695,0.0995,0.4905685739091852
phase_reset,0.6,12,0.3807751032402645,0.07113827156180885,2.254,1.5602833076079485,2,0.247,0.45,0.0995,0.5287019999578467
phase_reset,0.6,13,0.3881004485368457,0.09976928707223226,2.428,1.7480892425731587,2,0.2105,0.464,0.0995,0.6403740374334566
phase_reset,0.6,14,0.4377434023990432,0.0764778511618164,3.273,1.8103786896668883,3,0.2065,0.453,0.0995,0.6507505785200918
phase_reset,0.6,15,0.36646542035002455,0.10718960242101182,1.997,1.7686127331894905,0,0.2805,0.3625,0.0995,0.4612873635770834
phase_reset,0.6,16,0.39724445416188015,0.09335844442904748,2.667,1.888414943808696,2,0.2305,0.4645,0.0995,0.6749813479597729
phase_reset,0.6,17,0.4783584902933835,0.02817847956738739,4.119,1.5610377958268662,4,0.2455,0.529,0.0995,0.623057797145078
phase_reset,0.6,18,0.38678454006834395,0.06911021231641029,2.213,1.56895857179213,1,0.2305,0.462,0.0995,0.5577788941065619
phase_reset,0.6,19,0.34756688713193,0.13458435161953897,2.447,2.293510627836723,0,0.2875,0.3745,0.0995,0.611980309348084
phase_reset,0.65,0,0.4611740451034449,0.08970335580705052,4.8785,1.7674098986935656,5,0.245,0.4185,0.0995,0.5584440884998536
phase_reset,0.65,1,0.7414231847349795,0.0028753777874990895,2.888,0.9019179563574505,3,0.4155,0.075,0.0995,0.039537828938990785
phase_reset,0.65,2,0.3819609625616282,0.13563502059498828,3.241,1.9692432556695478,3,0.1725,0.386,0.0995,0.6290058361392376
phase_reset,0.65,3,0.6038105168789523,0.009181737717806754,5.624,1.4534868420457063,6,0.2655,0.3915,0.0995,0.4179599535340127
phase_reset,0.65,4,0.5308746345799195,0.013475594964343534,5.565,1.473355014923423,6,0.265,0.427,0.0995,0.4624051057415576
phase_reset,0.65,5,0.6186100175157887,0.0064317158002505535,4.353,1.1842259075024495,4,0.3175,0.218,0.0995,0.17619505245598613
phase_reset,0.65,6,0.42741371650646875,0.15182335476051373,3.413,2.2561983512093966,4,0.216,0.317,0.0995,0.5607284655982285
phase_reset,0.65,7,0.6839768332395725,0.002573596170823948,2.6105,0.7594667537160531,2,0.4385,0.0665,0.0995,0.02835829914350958
phase_reset,0.65,8,0.4015712667716884,0.0414544493076699,3.4335,1.5262954333942036,3,0.24,0.51,0.0995,0.5915921111435778
phase_reset,0.65,9,0.45328496144451697,0.04090905542011833,5.1205,1.4258259886816484,5,0.2735,0.4845,0.0995,0.5018754214224245
phase_reset,0.65,10,0.6389343560559353,0.004189828603639768,4.082,1.0541707641554097,4,0.3625,0.1985,0.0995,0.13339872230862498
phase_reset,0.65,11,0.6762506500960647,0.0047273043146049375,4.1035,1.229954369072284,4,0.3155,0.203,0.0995,0.17090646526478942
phase_reset,0.65,12,0.6021930484357966,0.008162349144141455,4.9375,1.4766833614556643,5,0.2385,0.303,0.0995,0.3407217981882864
phase_reset,0.65,13,0.48819651571396444,0.017201609903159786,5.3165,1.402971043892211,5,0.2575,0.5425,0.0995,0.5651255060905128
phase_reset,0.65,14,0.6053276479878008,0.007174320195236386,4.404,1.2937480434767814,5,0.275,0.2205,0.0995,0.2068217975382743
phase_reset,0.65,15,0.41865087227076836,0.1051539531206853,3.5225,2.0725572971573065,5,0.1725,0.4025,0.0995,0.690304069982604
phase_reset,0.65,16,0.5453442254201549,0.015780916990588152,5.799,1.3746268584601424,6,0.291,0.443,0.0995,0.4317524270677813
phase_reset,0.65,17,0.6162735755594658,0.007749591252897568,5.5375,1.3086610523737612,6,0.291,0.352,0.0995,0.32659992244665553
phase_reset,0.65,18,0.5230675802653265,0.015533636155791918,5.172,1.3658023283037704,5,0.296,0.5005,0.0995,0.48124318294401486
phase_reset,0.65,19,0.41062245833031236,0.16501437587880427,3.769,2.211252812321558,5,0.212,0.321,0.0995,0.5593319781135807
phase_reset,0.7,0,0.721867138978692,0.004120063179202309,2.9185,1.3072328598991076,4,0.254,0.093,0.0995,0.09069320232927601
phase_reset,0.7,1,0.8022294216786761,0.000750277155827934,1.381,0.4856325771609643,1,0.619,0.014,0.0995,0.0025903643516025955
phase_reset,0.7,2,0.6625239879851776,0.0029592924800063507,2.561,1.0776265586927598,2,0.3515,0.075,0.0995,0.052413062447259934
phase_reset,0.7,3,0.7222946273731357,0.0032295265876801124,2.541,1.078108992634789,3,0.335,0.0525,0.0995,0.037639480922304555
phase_reset,0.7,4,0.7060875730561874,0.0036396902529438773,2.804,1.0897632770469006,3,0.3535,0.0925,0.0995,0.06516920687603293
phase_reset,0.7,5,0.7428688981187863,0.0005859782584820315,1.5105,0.4998897378422566,2,0.5105,0.0255,0.0995,0.006239748924877534
phase_reset,0.7,6,0.6368686980468934,0.005757714026506967,3.4125,1.4033330859065498,3,0.2915,0.154,0.0995,0.15311627066443925
phase_reset,0.7,7,0.7757911496656246,0.0010400845932441846,1.428,0.49478884385159694,1,0.572,0.012,0.0995,0.002541235713791427
phase_reset,0.7,8,0.635361529275787,0.003388090071474949,3.7575,1.035709298017547,4,0.3345,0.1645,0.0995,0.11338401716241099
phase_reset,0.7,9,0.7001825522768705,0.0017099287476463668,2.217,0.7917771151024764,2,0.4535,0.0595,0.0995,0.02574601894021464
phase_reset,0.7,10,0.7468684956675322,0.0016609655204174398,1.6845,0.6632946177981547,2,0.4605,0.04,0.0995,0.014313898209931624
phase_reset,0.7,11,0.762518911634804,0.0019333413201590376,1.7925,0.8273111566998236,1,0.43,0.0415,0.0995,0.01957004588330169
phase_reset,0.7,12,0.720653088673595,0.0014526873246202279,1.835,0.6890391861135329,2,0.498,0.029,0.0995,0.010031032817338484
phase_reset,0.7,13,0.671274638114603,0.004251456597393964,3.529,1.1671156755009333,3,0.3325,0.1615,0.0995,0.1258165294926447
phase_reset,0.7,14,0.7430401725707547,0.0011014851946826896,1.4975,0.5647953169069305,1,0.537,0.0135,0.0995,0.0035302533898270007
phase_reset,0.7,15,0.6581483003169395,0.002420114822319479,2.112,0.8714677274575348,2,0.4155,0.0365,0.0995,0.018592110873883797
phase_reset,0.7,16,0.7137811178542742,0.001779627971381667,1.435,0.4957569969249047,1,0.565,0.012,0.0995,0.0025878517396022965
phase_reset,0.7,17,0.7197430701282499,0.0023289519603617976,2.006,0.8086804065884124,2,0.457,0.049,0.0995,0.021516560017211347
phase_reset,0.7,18,0.6719488696273002,0.005326244404760156,3.6665,1.3450939558261348,3,0.2685,0.146,0.0995,0.1436546903722116
phase_reset,0.7,19,0.7142521349266849,0.0016265747805849892,2.964,0.7574325052438666,3,0.5105,0.087,0.0995,0.032256399755331136
phase_reset,0.75,0,0.7898318479030121,0.0011737392189817963,1.425,0.49434299833212975,1,0.575,0.015,0.0995,0.0031514368244631016
phase_reset,0.75,1,0.8405859846447327,1.4581120247893426e-05,1.0,0.0,1,1.0,0.0,1.0,0.0
phase_reset,0.75,2,0.7604883586133997,3.295674500842078e-05,1.0,0.0,1,1.0,0.0,1.0,0.0
phase_reset,0.75,3,0.7845238332490294,0.00026164486689569374,1.0935,0.2911318429852702,1,0.9065,0.0045,0.6705,0.00012249375015687978
phase_reset,0.75,4,0.7769142546845419,0.0001170429373360022,1.0285,0.1663963641429704,1,0.9715,0.002,0.843,9.484597498445681e-06
phase_reset,0.75,5,0.8020908710663164,1.8186370296070122e-06,1.0,0.0,1,1.0,0.0,1.0,0.0
phase_reset,0.75,6,0.7544214462140517,0.0001747927048486286,1.1715,0.37694528780712994,1,0.8285,0.008,0.5915,0.0005171689995174991
phase_reset,0.75,7,0.8247114061805398,2.572060673487061e-05,1.0,0.0,1,1.0,0.0,1.0,0.0
phase_reset,0.75,8,0.7467596629609421,0.0006441897485490241,1.612,0.5361492329566462,2,0.562,0.0215,0.0995,0.0050489175615861005
phase_reset,0.75,9,0.7773705133805042,2.925167920789206e-05,1.0,0.0,1,1.0,0.0,1.0,0.0
phase_reset,0.75,10,0.8035655036315252,0.00012981844638512393,1.0365,0.1875306641592249,1,0.9635,0.002,0.899,1.368974532849265e-05
phase_reset,0.75,11,0.8126892967288853,0.0004551115593810328,2.0685,0.79360427796226,2,0.3655,0.0335,0.0995,0.016868654634838224
phase_reset,0.75,12,0.7853673210321395,3.384971992554386e-05,1.0,0.0,1,1.0,0.0,1.0,0.0
phase_reset,0.75,13,0.7512206921855722,0.0002968015057654781,1.073,0.2601365026289083,1,0.927,0.005,0.616,9.494984244951617e-05
phase_reset,0.75,14,0.8037706177340712,2.3367996882270442e-05,1.959,0.19829019138626097,2,0.959,0.002,0.8595,1.625980382357126e-05
phase_reset,0.75,15,0.7637952499107569,6.762324741115081e-05,1.015,0.12155245781143216,1,0.985,0.001,0.973,1.8232886904583512e-06
phase_reset,0.75,16,0.7837180987581178,0.00019348297579216612,1.187,0.38991152842664195,1,0.813,0.0085,0.3535,0.0006197644473476034
phase_reset,0.75,17,0.7818261877390942,0.0007245031594889865,1.386,0.4868305660083393,1,0.614,0.0135,0.0995,0.0025368742673860544
phase_reset,0.75,18,0.7505957189612802,8.873432456609078e-05,1.0,0.0,1,1.0,0.0,1.0,0.0
phase_reset,0.75,19,0.7888519204112138,1.9428137345424013e-05,1.0,0.0,1,1.0,0.0,1.0,0.0
phase_reset,0.8,0,0.8300833275889214,6.467349216540658e-05,1.001,0.03160696125855822,1,0.999,0.001,1.0,3.1606992865519505e-08
phase_reset,0.8,1,0.8673015242541372,3.671219788488991e-07,2.0,0.0,2,1.0,0.0,1.0,0.0
phase_reset,0.8,2,0.811410130349165,4.916920548010316e-07,1.0,0.0,1,1.0,0.0,1.0,0.0
phase_reset,0.8,3,0.8246480612828981,6.229488044844558e-06,1.0,0.0,1,1.0,0.0,1.0,0.0
phase_reset,0.8,4,0.8201234134234197,2.1126213237141147e-06,1.0,0.0,1,1.0,0.0,1.0,0.0
phase_reset,0.8,5,0.8392519506107483,5.05847357198016e-08,1.0,0.0,1,1.0,0.0,1.0,0.0
phase_reset,0.8,6,0.807904592800107,8.071293365003959e-07,1.0,0.0,1,1.0,0.0,1.0,0.0
phase_reset,0.8,7,0.8565738376201764,4.0532071813669835e-07,1.0,0.0,1,1.0,0.0,1.0,0.0
phase_reset,0.8,8,0.8019290075378838,7.651566659104624e-06,1.0,0.0,1,1.0,0.0,1.0,0.0
phase_reset,0.8,9,0.8218746534469231,3.455439270092924e-07,1.0,0.0,1,1.0,0.0,1.0,0.0
phase_reset,0.8,10,0.8398364708210563,4.06906838565356e-06,1.0,0.0,1,1.0,0.0,1.0,0.0
phase_reset,0.8,11,0.8460101159964892,1.4818090296670692e-05,2.0,0.0,2,1.0,0.0,1.0,0.0
phase_reset,0.8,12,0.826282267402544,3.362734934485847e-07,1.0,0.0,1,1.0,0.0,1.0,0.0
phase_reset,0.8,13,0.8000600021428759,5.466945173738257e-06,1.0,0.0,1,1.0,0.0,1.0,0.0
phase_reset,0.8,14,0.8412040381834138,2.6793984579175586e-07,2.0,0.0,2,1.0,0.0,1.0,0.0
phase_reset,0.8,15,0.8154459789653596,5.638732962076283e-07,1.0,0.0,1,1.0,0.0,1.0,0.0
phase_reset,0.8,16,0.8260673770204681,3.152192042365163e-06,1.0,0.0,1,1.0,0.0,1.0,0.0
phase_reset,0.8,17,0.8222405879778948,2.4416303323827743e-05,1.0,0.0,1,1.0,0.0,1.0,0.0
phase_reset,0.8,18,0.7999118218118915,1.420122731776856e-06,1.0,0.0,1,1.0,0.0,1.0,0.0
phase_reset,0.8,19,0.830655630451154,2.5662859898367825e-07,1.0,0.0,1,1.0,0.0,1.0,0.0
phase_reset,0.85,0,0.8578261117649747,2.4678396414490524e-06,2.0,0.0,2,1.0,0.0,1.0,0.0
phase_reset,0.85,1,0.8871004374026903,1.0348179047240666e-08,2.0,0.0,2,1.0,0.0,1.0,0.0
phase_reset,0.85,2,0.8446692234813342,1.9619171335913464e-08,1.0,0.0,1,1.0,0.0,1.0,0.0
phase_reset,0.85,3,0.8529649094184815,1.573673601122818e-07,1.0,0.0,1,1.0,0.0,1.0,0.0
phase_reset,0.85,4,0.8498874245371283,4.459731354993636e-08,1.0,0.0,1,1.0,0.0,1.0,0.0
phase_reset,0.85,5,0.8653574123814601,2.1912848981936317e-09,1.0,0.0,1,1.0,0.0,1.0,0.0
phase_reset,0.85,6,0.8419212973640156,1.8709360992695808e-08,2.0,0.0,2,1.0,0.0,1.0,0.0
phase_reset,0.85,7,0.879282220355675,7.733870708184977e-09,2.0,0.0,2,1.0,0.0,1.0,0.0
phase_reset,0.85,8,0.837300011529918,1.2192173150204334e-07,1.0,0.0,1,1.0,0.0,1.0,0.0
phase_reset,0.85,9,0.8520055656186897,3.620402740700943e-09,1.0,0.0,1,1.0,0.0,1.0,0.0
phase_reset,0.85,10,0.8654624917767268,1.374334010688257e-07,1.0,0.0,1,1.0,0.0,1.0,0.0
phase_reset,0.85,11,0.8700077977094287,4.92308002421688e-07,2.0,0.0,2,1.0,0.0,1.0,0.0
phase_reset,0.85,12,0.8549246315968986,4.822287692519742e-09,1.0,0.0,1,1.0,0.0,1.0,0.0
phase_reset,0.85,13,0.8336287289726697,1.0946162307489664e-07,1.0,0.0,1,1.0,0.0,1.0,0.0
phase_reset,0.85,14,0.8672416004966808,1.259682314460999e-08,2.0,0.0,2,1.0,0.0,1.0,0.0
phase_reset,0.85,15,0.8484822727505619,1.543781682438738e-08,1.0,0.0,1,1.0,0.0,1.0,0.0
phase_reset,0.85,16,0.8552401772214603,5.915895193616149e-08,2.0,0.0,2,1.0,0.0,1.0,0.0
phase_reset,0.85,17,0.8509696460129795,7.603116040576995e-07,1.0,0.0,1,1.0,0.0,1.0,0.0
phase_reset,0.85,18,0.8336667842547076,3.00566334738493e-08,1.0,0.0,1,1.0,0.0,1.0,0.0
phase_reset,0.85,19,0.8589279956358831,1.5373634694554687e-08,1.0,0.0,1,1.0,0.0,1.0,0.0
phase_reset,0.9,0,0.878360802484664,8.500783101585507e-08,2.0,0.0,2,1.0,0.0,1.0,0.0
phase_reset,0.9,1,0.9023850963572077,2.4592213579529617e-10,2.0,0.0,2,1.0,0.0,1.0,0.0
phase_reset,0.9,2,0.8685533911445809,1.3454002299243385e-09,1.0,0.0,1,1.0,0.0,1.0,0.0
phase_reset,0.9,3,0.8741655543788865,3.459611124611715e-09,1.0,0.0,1,1.0,0.0,1.0,0.0
phase_reset,0.9,4,0.8719001382418305,1.2142735850679032e-09,1.0,0.0,1,1.0,0.0,1.0,0.0
phase_reset,0.9,5,0.8848454483513075,1.6256461235152044e-10,1.0,0.0,1,1.0,0.0,1.0,0.0
phase_reset,0.9,6,0.8661930785027967,7.441123418904363e-10,2.0,0.0,2,1.0,0.0,1.0,0.0
phase_reset,0.9,7,0.8963802958340852,2.5700457044150055e-10,2.0,0.0,2,1.0,0.0,1.0,0.0
phase_reset,0.9,8,0.8624899972865994,2.1020910011668024e-09,2.0,0.0,2,1.0,0.0,1.0,0.0
phase_reset,0.9,9,0.8740729086894427,2.2245463804232597e-10,1.0,0.0,1,1.0,0.0,1.0,0.0
phase_reset,0.9,10,0.8846823538891995,4.172848750524194e-09,1.0,0.0,1,1.0,0.0,1.0,0.0
phase_reset,0.9,11,0.8881983173784761,1.3568636267791116e-08,2.0,0.0,2,1.0,0.0,1.0,0.0
phase_reset,0.9,12,0.8762160705214235,4.81270430009091e-10,1.0,0.0,1,1.0,0.0,1.0,0.0
phase_reset,0.9,13,0.8584233121256268,3.782638755510488e-09,1.0,0.0,1,1.0,0.0,1.0,0.0
phase_reset,0.9,14,0.8865697807865607,1.6038388846856406e-09,2.0,0.0,2,1.0,0.0,1.0,0.0
phase_reset,0.9,15,0.8719688604287548,1.3691088866295124e-09,2.0,0.0,2,1.0,0.0,1.0,0.0
phase_reset,0.9,16,0.8767257354963706,1.2834479278517516e-09,2.0,0.0,2,1.0,0.0,1.0,0.0
phase_reset,0.9,17,0.8725065665664443,1.8000978780280385e-08,1.0,0.0,1,1.0,0.0,1.0,0.0
phase_reset,0.9,18,0.8584885605563279,1.5443135654970494e-09,1.0,0.0,1,1.0,0.0,1.0,0.0
phase_reset,0.9,19,0.8797010546083859,1.2596619944148248e-09,1.0,0.0,1,1.0,0.0,1.0,0.0
phase_reset,0.95,0,0.8942603746095831,2.6179273897592975e-09,2.0,0.0,2,1.0,0.0,1.0,0.0
phase_reset,0.95,1,0.9145300007194884,2.582493969701123e-11,2.0,0.0,2,1.0,0.0,1.0,0.0
phase_reset,0.95,2,0.8866529007441482,1.174698537654666e-10,1.0,0.0,1,1.0,0.0,1.0,0.0
phase_reset,0.95,3,0.8906574927744104,8.832084793960481e-11,1.0,0.0,1,1.0,0.0,1.0,0.0
phase_reset,0.95,4,0.8889018139127092,8.243884625435098e-11,1.0,0.0,1,1.0,0.0,1.0,0.0
phase_reset,0.95,5,0.8999745519633312,1.6553399712634187e-11,1.0,0.0,1,1.0,0.0,1.0,0.0
phase_reset,0.95,6,0.884564495387323,4.5459505779569223e-11,2.0,0.0,2,1.0,0.0,1.0,0.0
phase_reset,0.95,7,0.9097375616401928,1.8226340356047708e-11,2.0,0.0,2,1.0,0.0,1.0,0.0
phase_reset,0.95,8,0.8815030387871722,2.500175345240135e-10,2.0,0.0,2,1.0,0.0,1.0,0.0
phase_reset,0.95,9,0.8910060801381131,2.5373276741923837e-11,1.0,0.0,1,1.0,0.0,1.0,0.0
phase_reset,0.95,10,0.8996630767719488,9.556423790790429e-11,1.0,0.0,1,1.0,0.0,1.0,0.0
phase_reset,0.95,11,0.9024773654931572,3.618180815774229e-10,2.0,0.0,2,1.0,0.0,1.0,0.0
phase_reset,0.95,12,0.8926803061896347,5.0598214635936075e-11,1.0,0.0,1,1.0,0.0,1.0,0.0
phase_reset,0.95,13,0.8775276355679968,2.959028476356915e-10,1.0,0.0,1,1.0,0.0,1.0,0.0
phase_reset,0.95,14,0.9015256637724,1.8552370361258762e-10,2.0,0.0,2,1.0,0.0,1.0,0.0
phase_reset,0.95,15,0.8896747342173298,1.2589583039269444e-10,2.0,0.0,2,1.0,0.0,1.0,0.0
phase_reset,0.95,16,0.8932457901801995,1.1221304863522329e-10,2.0,0.0,2,1.0,0.0,1.0,0.0
phase_reset,0.95,17,0.8892571216357893,4.052525044489581e-10,1.0,0.0,1,1.0,0.0,1.0,0.0
phase_reset,0.95,18,0.8775712971860407,1.637391170490544e-10,1.0,0.0,1,1.0,0.0,1.0,0.0
phase_reset,0.95,19,0.895699700789332,1.1820910315928836e-10,1.0,0.0,1,1.0,0.0,1.0,0.0
phase_reset,1.0,0,0.9069522144176745,7.668316006790146e-11,2.0,0.0,2,1.0,0.0,1.0,0.0
phase_reset,1.0,1,0.9243933646741012,4.59139578447338e-12,2.0,0.0,2,1.0,0.0,1.0,0.0
phase_reset,1.0,2,0.9008686916667774,1.188624935000298e-11,1.0,0.0,1,1.0,0.0,1.0,0.0
phase_reset,1.0,3,0.9038435865221638,1.09381386643966e-11,1.0,0.0,1,1.0,0.0,1.0,0.0
phase_reset,1.0,4,0.9024330793702008,8.843180521639555e-12,1.0,0.0,1,1.0,0.0,1.0,0.0
phase_reset,1.0,5,0.9120538988698488,1.9860217303931706e-12,1.0,0.0,1,1.0,0.0,1.0,0.0
phase_reset,1.0,6,0.8989987819797787,4.039030000801558e-12,2.0,0.0,2,1.0,0.0,1.0,0.0
phase_reset,1.0,7,0.9204560834926963,2.035790944558323e-12,2.0,0.0,2,1.0,0.0,1.0,0.0
phase_reset,1.0,8,0.8964054983835082,2.88282474571666e-11,2.0,0.0,2,1.0,0.0,1.0,0.0
phase_reset,1.0,9,0.9044201620367227,2.8254141519161794e-12,1.0,0.0,1,1.0,0.0,1.0,0.0
phase_reset,1.0,10,0.9116638007020154,8.577871861569052e-12,1.0,0.0,1,1.0,0.0,1.0,0.0
phase_reset,1.0,11,0.9139748150296757,1.2845535238598594e-11,3.0,0.0,3,1.0,0.0,1.0,0.0
phase_reset,1.0,12,0.905781551985224,5.722326894046515e-12,1.0,0.0,1,1.0,0.0,1.0,0.0
phase_reset,1.0,13,0.8926848368579239,3.310140900813605e-11,1.0,0.0,1,1.0,0.0,1.0,0.0
phase_reset,1.0,14,0.9134438001399169,2.2379289316046478e-11,2.0,0.0,2,1.0,0.0,1.0,0.0
phase_reset,1.0,15,0.9035429529897872,1.2835404643312123e-11,2.0,0.0,2,1.0,0.0,1.0,0.0
phase_reset,1.0,16,0.9063448925113284,1.466787455515976e-11,2.0,0.0,2,1.0,0.0,1.0,0.0
phase_reset,1.0,17,0.90264157941501,1.1430129988918373e-11,1.0,0.0,1,1.0,0.0,1.0,0.0
phase_reset,1.0,18,0.8927001869258693,1.9263829935323237e-11,1.0,0.0,1,1.0,0.0,1.0,0.0
phase_reset,1.0,19,0.9084145710364085,1.249709210327092e-11,1.0,0.0,1,1.0,0.0,1.0,0.0
phase_reset,1.05,0,0.9173132609632555,2.1032456825307883e-12,2.0,0.0,2,1.0,0.0,1.0,0.0
phase_reset,1.05,1,0.9325440737651063,7.264035864481269e-13,1.0,0.0,1,1.0,0.0,1.0,0.0
phase_reset,1.05,2,0.9123287540555167,1.3406413351853725e-12,1.0,0.0,1,1.0,0.0,1.0,0.0
phase_reset,1.05,3,0.9146101194258068,1.6076176291422517e-12,1.0,0.0,1,1.0,0.0,1.0,0.0
phase_reset,1.05,4,0.9134462783063629,1.0648791861579473e-12,1.0,0.0,1,1.0,0.0,1.0,0.0
phase_reset,1.05,5,0.9219072571414267,2.6263411193683673e-13,1.0,0.0,1,1.0,0.0,1.0,0.0
phase_reset,1.05,6,0.910643523468768,4.4710312879231364e-13,2.0,0.0,2,1.0,0.0,1.0,0.0
phase_reset,1.05,7,0.9292360043627262,2.712812000874792e-13,2.0,0.0,2,1.0,0.0,1.0,0.0
phase_reset,1.05,8,0.9084055022716235,3.4427902026475194e-12,2.0,0.0,2,1.0,0.0,1.0,0.0
phase_reset,1.05,9,0.9153005065182298,3.4089834830500287e-13,1.0,0.0,1,1.0,0.0,1.0,0.0
phase_reset,1.05,10,0.921479605310143,1.6301550097551049e-12,1.0,0.0,1,1.0,0.0,1.0,0.0
phase_reset,1.05,11,0.9234159836207189,9.778269063641634e-13,3.0,0.0,3,1.0,0.0,1.0,0.0
phase_reset,1.05,12,0.9164386225545897,7.005833717746228e-13,1.0,0.0,1,1.0,0.0,1.0,0.0
phase_reset,1.05,13,0.9049806427749879,4.283156137487729e-12,1.0,0.0,1,1.0,0.0,1.0,0.0
phase_reset,1.05,14,0.9231546278668887,2.8486790385779607e-12,2.0,0.0,2,1.0,0.0,1.0,0.0
phase_reset,1.05,15,0.9147061866480984,1.4461690150733408e-12,2.0,0.0,2,1.0,0.0,1.0,0.0
phase_reset,1.05,16,0.916976378673628,1.9817804125483754e-12,2.0,0.0,2,1.0,0.0,1.0,0.0
phase_reset,1.05,17,0.9135626602914386,7.19862571499178e-13,1.0,0.0,1,1.0,0.0,1.0,0.0
phase_reset,1.05,18,0.904972771087901,2.438764738886363e-12,1.0,0.0,1,1.0,0.0,1.0,0.0
phase_reset,1.05,19,0.9187553506895317,1.4571067802061643e-12,1.0,0.0,1,1.0,0.0,1.0,0.0
phase_reset,1.1,0,0.9259202626612938,6.24554060980328e-14,2.0,0.0,2,1.0,0.0,1.0,0.0
phase_reset,1.1,1,0.9393761614105316,1.161957902763294e-13,1.0,0.0,1,1.0,0.0,1.0,0.0
phase_reset,1.1,2,0.9217543333916073,1.6464143333501742e-13,1.0,0.0,1,1.0,0.0,1.0,0.0
phase_reset,1.1,3,0.9235495360255384,2.340301877709371e-13,1.0,0.0,1,1.0,0.0,1.0,0.0
phase_reset,1.1,4,0.922569183283614,1.38161265767601e-13,1.0,0.0,1,1.0,0.0,1.0,0.0
phase_reset,1.1,5,0.9300833563583369,3.7167148625201654e-14,1.0,0.0,1,1.0,0.0,1.0,0.0
phase_reset,1.1,6,0.9202281861949122,5.6380036772455673e-14,2.0,0.0,2,1.0,0.0,1.0,0.0
phase_reset,1.1,7,0.9365469950507249,3.915247436605574e-14,2.0,0.0,2,1.0,0.0,1.0,0.0
phase_reset,1.1,8,0.918268574298652,4.40312627308805e-13,2.0,0.0,2,1.0,0.0,1.0,0.0
phase_reset,1.1,9,0.9242901281020725,4.4534143779163867e-14,1.0,0.0,1,1.0,0.0,1.0,0.0
phase_reset,1.1,10,0.9296424139337934,2.7142424311587735e-13,1.0,0.0,1,1.0,0.0,1.0,0.0
phase_reset,1.1,11,0.931291751982485,1.22641711354698e-13,3.0,0.0,3,1.0,0.0,1.0,0.0
phase_reset,1.1,12,0.9252610980547329,9.167136150437505e-14,1.0,0.0,1,1.0,0.0,1.0,0.0
phase_reset,1.1,13,0.9151338552875706,6.044374744943147e-13,1.0,0.0,1,1.0,0.0,1.0,0.0
phase_reset,1.1,14,0.931206986936625,3.8234549512253624e-13,2.0,0.0,2,1.0,0.0,1.0,0.0
phase_reset,1.1,15,0.923880273629625,1.769880288889069e-13,2.0,0.0,2,1.0,0.0,1.0,0.0
phase_reset,1.1,16,0.9257650018114332,2.814179877845868e-13,2.0,0.0,2,1.0,0.0,1.0,0.0
phase_reset,1.1,17,0.9226250429575541,9.574973815603888e-14,1.0,0.0,1,1.0,0.0,1.0,0.0
phase_reset,1.1,18,0.9151094767432605,3.3064627577273995e-13,1.0,0.0,1,1.0,0.0,1.0,0.0
phase_reset,1.1,19,0.927317694840488,1.8394818481484456e-13,1.0,0.0,1,1.0,0.0,1.0,0.0
phase_reset,1.15,0,0.9331715502708673,1.1215177136536917e-14,2.0,0.0,2,1.0,0.0,1.0,0.0
phase_reset,1.15,1,0.9451719593070292,1.9334764272830187e-14,1.0,0.0,1,1.0,0.0,1.0,0.0
phase_reset,1.15,2,0.9296318942463115,2.1663595713091108e-14,1.0,0.0,1,1.0,0.0,1.0,0.0
phase_reset,1.15,3,0.9310748908932418,3.520331031110287e-14,1.0,0.0,1,1.0,0.0,1.0,0.0
phase_reset,1.15,4,0.9302353579078472,1.9078245894413943e-14,1.0,0.0,1,1.0,0.0,1.0,0.0
phase_reset,1.15,5,0.9369635580717366,5.545299504117267e-15,1.0,0.0,1,1.0,0.0,1.0,0.0
phase_reset,1.15,6,0.9282439403886953,7.76178545791524e-15,2.0,0.0,2,1.0,0.0,1.0,0.0
phase_reset,1.15,7,0.9427174602365874,5.956442752563436e-15,2.0,0.0,2,1.0,0.0,1.0,0.0
phase_reset,1.15,8,0.9265082106254722,5.999330686167728e-14,2.0,0.0,2,1.0,0.0,1.0,0.0
phase_reset,1.15,9,0.9318294811030696,6.205702801177916e-15,1.0,0.0,1,1.0,0.0,1.0,0.0
phase_reset,1.15,10,0.9365235998553837,4.576015575274868e-14,1.0,0.0,1,1.0,0.0,1.0,0.0
phase_reset,1.15,11,0.9379477951047988,1.767475926923374e-14,2.0,0.0,2,1.0,0.0,1.0,0.0
phase_reset,1.15,12,0.9326708501606056,1.2675994173960985e-14,1.0,0.0,1,1.0,0.0,1.0,0.0
phase_reset,1.15,13,0.9236413422458456,9.108714388116985e-14,1.0,0.0,1,1.0,0.0,1.0,0.0
phase_reset,1.15,14,0.9379802725426898,5.412419281367257e-14,2.0,0.0,2,1.0,0.0,1.0,0.0
phase_reset,1.15,15,0.9315443988166008,2.3182082176690864e-14,2.0,0.0,2,1.0,0.0,1.0,0.0
phase_reset,1.15,16,0.9331393139267189,4.200473184774456e-14,2.0,0.0,2,1.0,0.0,1.0,0.0
phase_reset,1.15,17,0.9302502995147152,1.4268804476722592e-14,1.0,0.0,1,1.0,0.0,1.0,0.0
phase_reset,1.15,18,0.9236060578480105,4.756734204640143e-14,1.0,0.0,1,1.0,0.0,1.0,0.0
phase_reset,1.15,19,0.934511342977654,2.478778540071168e-14,1.0,0.0,1,1.0,0.0,1.0,0.0
phase_reset,1.2,0,0.9393525878804068,2.0247953985761393e-15,2.0,0.0,2,1.0,0.0,1.0,0.0
phase_reset,1.2,1,0.9501393278406868,3.3573280105170053e-15,1.0,0.0,1,1.0,0.0,1.0,0.0
phase_reset,1.2,2,0.9363030962598841,3.023411679524607e-15,1.0,0.0,1,1.0,0.0,1.0,0.0
phase_reset,1.2,3,0.9374837760235845,5.5162880885912584e-15,1.0,0.0,1,1.0,0.0,1.0,0.0
phase_reset,1.2,4,0.9367550653588171,2.7879709619382183e-15,1.0,0.0,1,1.0,0.0,1.0,0.0
phase_reset,1.2,5,0.9428218523983519,8.962807855239984e-16,1.0,0.0,1,1.0,0.0,1.0,0.0
phase_reset,1.2,6,0.9350358121025841,1.150501252575789e-15,2.0,0.0,2,1.0,0.0,1.0,0.0
phase_reset,1.2,7,0.9479846588378257,9.750514356745742e-16,2.0,0.0,2,1.0,0.0,1.0,0.0
phase_reset,1.2,8,0.9334838754742436,8.6386677559435e-15,2.0,0.0,2,1.0,0.0,1.0,0.0
phase_reset,1.2,9,0.938231628009824,9.146479251663238e-16,1.0,0.0,1,1.0,0.0,1.0,0.0
phase_reset,1.2,10,0.9423911487510621,8.027204222592001e-15,1.0,0.0,1,1.0,0.0,1.0,0.0
phase_reset,1.2,11,0.9436352439030888,2.705857457514917e-15,2.0,0.0,2,1.0,0.0,1.0,0.0
phase_reset,1.2,12,0.9389697766881644,1.8469620318936965e-15,1.0,0.0,1,1.0,0.0,1.0,0.0
phase_reset,1.2,13,0.9308581462309089,1.450436592725676e-14,1.0,0.0,1,1.0,0.0,1.0,0.0
phase_reset,1.2,14,0.9437460784062598,8.071732939887618e-15,2.0,0.0,2,1.0,0.0,1.0,0.0
phase_reset,1.2,15,0.9380334762520653,3.2272724382676875e-15,2.0,0.0,2,1.0,0.0,1.0,0.0
phase_reset,1.2,16,0.9394040757349053,6.566095406713805e-15,2.0,0.0,2,1.0,0.0,1.0,0.0
phase_reset,1.2,17,0.9367418758432979,2.210297623858318e-15,1.0,0.0,1,1.0,0.0,1.0,0.0
phase_reset,1.2,18,0.9308160683437215,7.200167378132332e-15,1.0,0.0,1,1.0,0.0,1.0,0.0
phase_reset,1.2,19,0.9406287279466587,3.5373994933430268e-15,1.0,0.0,1,1.0,0.0,1.0,0.0
